Time_s,RF,BF,VM,ST,FX
0.0,-0.0015,0.0,0.0007,0.0,-1.0
0.001,-0.0008,0.0015,0.003,-0.0015,-1.0
0.002,0.0007,0.0015,0.0037,-0.0023,-1.0
0.003,-0.0008,0.0,0.0022,-0.0015,-1.0
0.004,0.0,-0.0008,0.003,-0.0008,-1.0
0.005,-0.0008,0.0007,0.0022,-0.0015,-1.0
0.006,-0.0008,0.0007,0.0007,-0.0023,-1.0
0.007,0.0007,0.0,-0.0015,-0.0023,-1.0
0.008,-0.0008,0.003,-0.0023,-0.0015,-1.0
0.009,0.0007,0.0015,-0.0053,-0.0015,-1.0
0.01,-0.0015,0.0,-0.0068,-0.0008,-1.0
0.011,-0.0015,0.0007,-0.0046,0.0007,-1.0
0.012,-0.0015,0.0015,-0.0046,0.0015,-1.0
0.013,-0.003,0.0,-0.0053,0.0007,-1.0
0.014,-0.0015,-0.0015,-0.006,0.0,-1.0
0.015,-0.0008,0.0,-0.006,0.0,-1.1
0.016,-0.0008,0.0007,-0.0046,-0.0023,-1.1
0.017,-0.0008,-0.0008,-0.0046,-0.0038,-1.1
0.018,-0.0008,-0.0008,-0.0053,-0.0015,-1.1
0.019,0.0007,-0.0008,-0.0038,0.0,-1.1
0.02,0.0,-0.0008,-0.0038,0.0,-1.1
0.021,-0.0008,0.0007,-0.0046,-0.0015,-1.1
0.022,0.0007,0.0007,-0.0053,-0.0038,-1.1
0.023,0.0015,0.0007,-0.0046,-0.0023,-1.1
0.024,0.0007,-0.0008,-0.0015,-0.0015,-1.0
0.025,0.0,-0.0008,-0.0008,-0.0015,-1.0
0.026,-0.0008,0.0007,0.0,-0.003,-1.0
0.027,-0.0008,0.0015,-0.0008,-0.003,-1.0
0.028,0.0007,0.0015,0.0007,-0.0023,-0.9
0.029,0.0015,0.0007,0.0007,-0.0008,-0.9
0.03,0.0007,0.0007,0.0022,-0.0008,-0.9
0.031,0.0007,0.0015,0.0007,-0.003,-0.9
0.032,0.0007,0.0015,0.0007,-0.003,-0.9
0.033,0.0007,0.0,0.003,-0.0015,-0.9
0.034,0.0007,0.0,0.003,-0.0023,-0.9
0.035,-0.0008,-0.0008,0.0015,-0.0046,-0.8
0.036,-0.0008,-0.0008,-0.0008,-0.0023,-0.8
0.037,-0.0008,-0.0008,-0.0015,-0.0015,-0.8
0.038,-0.0015,0.0007,-0.0023,-0.003,-0.8
0.039,0.0,0.0022,-0.0015,-0.003,-0.7
0.04,0.0015,0.0007,-0.003,-0.0008,-0.7
0.041,0.0015,0.0015,-0.0015,-0.0015,-0.7
0.042,0.0015,0.0015,-0.003,-0.003,-0.6
0.043,0.0007,0.0007,-0.003,-0.0015,-0.5
0.044,0.0015,0.0015,-0.0015,-0.0008,-0.5
0.045,0.0007,0.0007,-0.003,-0.003,-0.5
0.046,0.0015,0.0015,-0.0008,-0.003,-0.4
0.047,0.0007,0.0022,-0.0015,-0.0015,-0.4
0.048,-0.0015,0.0015,-0.0046,0.0,-0.3
0.049,0.0,0.0015,-0.0038,0.0007,-0.2
0.05,0.0007,0.0015,0.0,0.0007,-0.2
0.051,0.0007,0.0,0.0007,0.0015,-0.1
0.052,-0.0008,0.0007,0.0007,0.0015,-0.1
0.053,-0.003,0.0007,0.0045,0.003,0.0
0.054,-0.0015,0.0015,0.0067,0.0022,0.0
0.055,-0.0008,0.0015,0.006,0.0015,0.1
0.056,-0.0008,0.0007,0.0052,0.003,0.1
0.057,0.0007,0.0,0.006,0.0022,0.2
0.058,0.0015,-0.0015,0.0052,0.0015,0.3
0.059,0.003,0.0007,0.0045,0.003,0.3
0.06,0.0015,0.0,0.0045,0.003,0.4
0.061,-0.0008,-0.0008,0.0052,0.003,0.4
0.062,-0.0008,0.0007,0.0052,0.0052,0.5
0.063,0.0015,-0.0008,0.0067,0.0052,0.6
0.064,0.0007,0.0007,0.0052,0.0037,0.7
0.065,0.0015,-0.0008,0.0045,0.003,0.8
0.066,0.0,0.0,0.0037,0.0037,0.8
0.067,-0.0008,0.0,0.003,0.003,0.9
0.068,-0.0015,-0.0008,0.0037,0.0015,1.0
0.069,-0.0015,0.0007,0.0022,0.003,1.1
0.07,0.0007,0.0,0.0007,0.0045,1.2
0.071,0.0007,0.0007,0.003,0.0007,1.2
0.072,0.0007,-0.0008,0.003,0.0015,1.3
0.073,0.0007,0.0007,0.0022,0.003,1.4
0.074,0.0007,-0.0008,0.0015,0.0022,1.5
0.075,0.0015,-0.0008,-0.0008,0.003,1.5
0.076,0.0007,-0.0008,-0.0008,0.003,1.6
0.077,-0.0008,-0.0008,-0.003,0.003,1.7
0.078,-0.0008,0.0015,-0.003,0.0015,1.8
0.079,-0.0015,0.0015,0.0,0.0015,1.8
0.08,-0.0015,0.003,-0.0008,0.0015,1.9
0.081,-0.003,0.003,-0.0008,0.0007,2.0
0.082,-0.0038,0.0015,-0.0015,0.0007,2.1
0.083,-0.0008,0.0015,-0.0023,0.0,2.2
0.084,0.0,0.0015,-0.0015,0.0007,2.3
0.085,0.0007,0.0007,-0.003,0.0022,2.4
0.086,0.0007,-0.0008,-0.0046,0.0037,2.5
0.087,0.0,0.0,-0.0046,0.0037,2.6
0.088,0.0,-0.0008,-0.0046,0.0045,2.6
0.089,-0.0008,-0.0015,-0.0046,0.006,2.7
0.09,-0.0008,-0.0023,-0.0046,0.0052,2.8
0.091,0.0,-0.0015,-0.0046,0.003,2.9
0.092,0.0,-0.0008,-0.0038,0.0022,3.0
0.093,0.0007,-0.0008,-0.006,0.0007,3.1
0.094,0.0007,-0.0015,-0.0068,-0.0015,3.2
0.095,0.0007,-0.0023,-0.0068,-0.0015,3.3
0.096,0.0007,-0.0008,-0.0083,0.0007,3.4
0.097,0.0,-0.0015,-0.0083,0.0015,3.5
0.098,0.0,-0.003,-0.0098,0.003,3.6
0.099,0.0,-0.0008,-0.0083,0.0045,3.6
0.1,0.0,0.0,-0.0105,0.0007,3.7
0.101,0.0007,-0.0008,-0.0105,0.0,3.8
0.102,0.0,-0.0008,-0.0105,0.0015,3.9
0.103,-0.0008,0.0015,-0.0105,-0.0008,4.0
0.104,-0.0008,0.0015,-0.0083,-0.0008,4.1
0.105,-0.0008,0.0015,-0.0105,0.0007,4.2
0.106,0.0007,0.0015,-0.0105,0.0015,4.3
0.107,0.0007,0.003,-0.012,0.0015,4.4
0.108,-0.0008,0.0007,-0.0098,0.0,4.5
0.109,-0.0008,0.0,-0.0091,-0.0015,4.6
0.11,-0.0015,0.0007,-0.0083,-0.0023,4.7
0.111,-0.0008,0.0007,-0.0068,-0.0008,4.8
0.112,0.0007,0.0007,-0.0068,0.0,4.9
0.113,0.0007,0.0,-0.006,0.0,4.9
0.114,0.0007,-0.0015,-0.006,0.0015,5.0
0.115,0.0015,-0.0015,-0.0046,0.0007,5.2
0.116,0.0015,0.0,-0.0038,-0.0015,5.3
0.117,0.0022,-0.0008,-0.0038,-0.0008,5.3
0.118,0.0007,0.0007,-0.0046,0.0,5.4
0.119,0.0007,0.0015,-0.0046,-0.0008,5.5
0.12,0.0,0.0,-0.0038,-0.0008,5.6
0.121,-0.0008,-0.0008,-0.0038,-0.0008,5.7
0.122,0.0,-0.0008,-0.0023,-0.0023,5.8
0.123,0.0,-0.0008,-0.0015,-0.0023,6.0
0.124,0.0015,0.0007,-0.0008,-0.003,6.1
0.125,0.0015,0.0022,0.0015,-0.0015,6.2
0.126,-0.0008,0.0015,0.003,-0.0015,6.3
0.127,0.0007,0.0015,0.003,-0.003,6.4
0.128,-0.0008,0.0015,0.0015,0.0,6.5
0.129,-0.0008,0.0,0.0045,-0.0008,6.7
0.13,-0.0015,-0.0008,0.006,-0.0008,6.7
0.131,0.0007,-0.0008,0.0067,0.0,6.8
0.132,0.0022,-0.0008,0.0082,-0.0015,7.0
0.133,0.0015,0.0022,0.009,-0.0008,7.1
0.134,0.0037,0.003,0.012,0.0007,7.2
0.135,0.0045,0.0022,0.012,0.0007,7.3
0.136,0.0045,0.0022,0.012,-0.0008,7.4
0.137,0.003,0.0015,0.0082,-0.0008,7.5
0.138,0.0015,0.0022,0.006,-0.0008,7.6
0.139,0.0015,0.0037,0.006,-0.0015,7.8
0.14,0.0015,0.003,0.006,-0.0023,7.9
0.141,0.0015,0.003,0.0052,-0.003,8.0
0.142,0.0007,0.0022,0.003,-0.003,8.1
0.143,0.0,0.0015,0.0037,-0.0008,8.3
0.144,-0.0015,0.0007,0.003,0.0007,8.4
0.145,-0.0015,0.0015,-0.0008,-0.0008,8.5
0.146,0.0007,0.0015,-0.003,-0.0008,8.7
0.147,0.0015,0.003,-0.0046,-0.003,8.8
0.148,0.0,0.0015,-0.003,-0.0046,9.0
0.149,-0.0015,0.0007,-0.0023,0.0007,9.1
0.15,-0.0015,0.0022,-0.003,0.0015,9.2
0.151,0.0007,0.0015,-0.0038,0.0007,9.3
0.152,0.0015,0.0022,-0.0046,0.0007,9.4
0.153,0.0015,0.0015,-0.0053,0.0,9.6
0.154,-0.0008,0.0015,-0.0098,0.0015,9.7
0.155,-0.0008,0.0007,-0.0091,0.0015,9.9
0.156,-0.0008,0.0007,-0.0068,0.003,10.0
0.157,0.0007,0.0007,-0.0068,0.0045,10.1
0.158,0.0015,0.0007,-0.0053,0.0015,10.3
0.159,0.0007,0.0007,-0.0053,0.0,10.4
0.16,-0.0008,0.0,-0.0053,-0.0008,10.5
0.161,-0.0015,-0.0015,-0.0068,-0.0008,10.7
0.162,-0.003,-0.0023,-0.0083,-0.0015,10.8
0.163,-0.0023,0.0,-0.0068,-0.0038,11.0
0.164,-0.0015,-0.0023,-0.0038,-0.0008,11.2
0.165,-0.0008,-0.003,-0.0053,0.0022,11.3
0.166,-0.0015,-0.0015,-0.0053,0.0045,11.5
0.167,-0.0023,-0.0015,-0.003,0.0067,11.6
0.168,-0.0008,-0.0008,-0.0038,0.0075,11.8
0.169,0.0007,-0.0008,-0.0046,0.009,11.9
0.17,0.0015,-0.0008,-0.0023,0.0067,12.1
0.171,0.003,0.0015,-0.0008,0.0067,12.3
0.172,0.0022,0.0007,0.003,0.0097,12.4
0.173,0.0022,0.0007,0.0075,0.0112,12.6
0.174,0.0052,0.0015,0.0082,0.0082,12.7
0.175,0.0052,0.0007,0.0097,0.0052,12.9
0.176,0.0045,0.0007,0.0075,0.0082,13.0
0.177,0.003,-0.0008,0.0045,0.012,13.2
0.178,0.0015,-0.0015,-0.0008,0.012,13.4
0.179,0.0,-0.0008,-0.003,0.0112,13.5
0.18,-0.0008,0.0,-0.003,0.012,13.7
0.181,0.0007,-0.0008,-0.0053,0.009,13.9
0.182,-0.0008,0.0007,-0.0046,0.0067,14.1
0.183,-0.003,0.0007,-0.0053,0.0052,14.3
0.184,-0.003,-0.0008,-0.0038,0.0052,14.5
0.185,-0.0015,-0.0008,-0.0038,0.0045,14.7
0.186,-0.0015,-0.0008,-0.0015,0.0015,14.9
0.187,-0.0015,0.0,0.0007,-0.0015,15.2
0.188,-0.0023,0.0007,0.0015,-0.0015,15.3
0.189,-0.0015,0.0007,0.003,-0.0023,15.6
0.19,0.0,0.0,0.0022,-0.0068,15.8
0.191,-0.0008,0.0007,0.0015,-0.0091,16.0
0.192,-0.0015,0.0007,0.0015,-0.0113,16.2
0.193,-0.0023,0.0015,0.0007,-0.0165,16.4
0.194,-0.0015,0.0015,0.0015,-0.024,16.6
0.195,-0.0015,0.0,0.003,-0.03,16.8
0.196,0.0007,0.0007,0.003,-0.0203,17.0
0.197,0.0007,0.0007,0.0007,-0.0105,17.2
0.198,0.0007,-0.0008,0.0015,-0.0091,17.5
0.199,-0.0008,0.0,0.0015,-0.0105,17.6
0.2,0.0,0.0015,-0.0008,-0.0128,17.9
0.201,0.0,0.0015,-0.0008,-0.006,18.1
0.202,0.0,0.0015,-0.0015,-0.006,18.4
0.203,0.0,0.0015,-0.0015,-0.0083,18.7
0.204,-0.0008,0.0022,-0.003,-0.0075,19.0
0.205,-0.0008,0.0,-0.0015,-0.0105,19.3
0.206,0.0,0.0,-0.0015,-0.0091,19.6
0.207,-0.0015,0.0007,-0.0015,-0.0091,19.8
0.208,-0.0008,0.0,0.0007,-0.0105,20.1
0.209,0.0,0.0015,0.003,-0.0143,20.4
0.21,0.0007,0.0015,0.003,-0.0098,20.7
0.211,0.0007,0.0007,0.003,-0.0015,21.0
0.212,0.0,0.0,0.0037,-0.0008,21.2
0.213,0.0,-0.0015,0.003,0.0007,21.5
0.214,0.0007,0.0007,0.006,-0.0053,21.8
0.215,0.0007,-0.0008,0.0067,-0.0098,22.1
0.216,0.0015,-0.0008,0.0082,-0.0068,22.4
0.217,0.0015,-0.0008,0.0105,-0.0075,22.6
0.218,0.0015,-0.0008,0.009,-0.0046,22.9
0.219,0.0007,0.0015,0.009,-0.0015,23.2
0.22,0.0015,0.0007,0.009,-0.003,23.5
0.221,0.0007,0.0,0.009,-0.0008,23.8
0.222,0.0015,0.0015,0.009,-0.0008,24.1
0.223,0.0007,0.0015,0.009,0.0015,24.4
0.224,-0.0008,0.003,0.0082,0.0037,24.7
0.225,0.0007,0.0022,0.0075,0.0022,25.0
0.226,0.0,0.0007,0.0082,0.003,25.2
0.227,0.0,0.0015,0.0082,0.003,25.6
0.228,0.0007,0.0015,0.0082,0.003,25.8
0.229,0.0007,0.0007,0.0075,0.003,26.1
0.23,-0.0008,0.0022,0.0075,0.0015,26.5
0.231,-0.0008,0.003,0.009,0.0015,26.7
0.232,0.0,0.0,0.009,0.0007,27.0
0.233,0.0007,-0.0015,0.0082,0.0007,27.3
0.234,0.0007,-0.0015,0.009,0.003,27.6
0.235,0.0015,-0.0015,0.012,0.003,27.9
0.236,0.0045,0.0015,0.012,0.0037,28.2
0.237,0.0052,0.0015,0.0135,0.003,28.5
0.238,0.0037,0.0015,0.0142,0.0037,28.8
0.239,0.0022,0.0,0.012,0.0022,29.1
0.24,0.0015,-0.0008,0.0105,0.0022,29.4
0.241,0.0007,0.0007,0.009,0.003,29.7
0.242,0.0,0.0,0.009,0.0022,29.9
0.243,0.0007,-0.0008,0.0067,0.0022,30.1
0.244,0.0015,0.0,0.0067,0.0015,30.4
0.245,0.0007,0.0007,0.0082,0.0015,30.7
0.246,0.0007,0.0007,0.0045,0.003,31.0
0.247,0.0,0.0007,0.0015,0.0015,31.2
0.248,-0.0008,0.0015,-0.0023,0.0015,31.5
0.249,0.0007,0.0022,-0.003,0.0007,31.7
0.25,0.0,0.0007,-0.0023,0.0007,32.0
0.251,-0.0008,0.0007,-0.0038,0.0007,32.2
0.252,-0.0008,0.0015,-0.003,-0.0008,32.5
0.253,0.0007,0.0007,0.0007,-0.0015,32.8
0.254,0.0007,0.0022,0.006,-0.0015,33.0
0.255,0.0015,0.0015,0.0067,0.0007,33.3
0.256,0.003,0.0022,0.0052,0.0007,33.5
0.257,0.0015,0.0015,0.0045,-0.0015,33.8
0.258,0.0007,0.0007,0.0022,-0.003,34.1
0.259,0.0,0.0015,0.0045,-0.0053,34.3
0.26,0.0007,0.0007,0.0045,-0.0053,34.6
0.261,0.0015,0.0007,0.0022,-0.0038,34.8
0.262,0.0007,0.0,0.003,-0.0038,35.0
0.263,0.0015,-0.0008,0.006,-0.0023,35.2
0.264,0.0015,0.0015,0.009,-0.0023,35.4
0.265,0.0015,0.0015,0.0082,-0.0046,35.6
0.266,0.0015,0.0015,0.012,-0.0046,35.9
0.267,0.0015,-0.0008,0.0105,-0.0046,36.1
0.268,0.003,-0.0015,0.0082,-0.0053,36.3
0.269,0.003,0.0015,0.0052,-0.0075,36.5
0.27,0.0007,0.003,0.0,-0.0091,36.8
0.271,-0.0008,0.0015,-0.0008,-0.0091,36.9
0.272,-0.0015,0.003,-0.0015,-0.0091,37.2
0.273,-0.0008,0.003,-0.0046,-0.0075,37.4
0.274,-0.0015,0.0,-0.003,-0.0068,37.6
0.275,-0.0008,-0.0023,-0.0038,-0.0068,37.8
0.276,0.0,-0.003,-0.0053,-0.0053,38.1
0.277,-0.0008,-0.003,-0.003,-0.0068,38.2
0.278,-0.0015,-0.0053,-0.0023,-0.003,38.5
0.279,-0.003,-0.003,-0.003,0.0007,38.7
0.28,-0.0046,-0.0015,-0.0075,0.0015,38.9
0.281,-0.0046,-0.0015,-0.0098,0.0052,39.1
0.282,-0.0008,0.0007,-0.0068,0.0067,39.4
0.283,-0.0015,0.0015,-0.006,0.0082,39.6
0.284,-0.0015,0.0015,-0.0068,0.009,39.9
0.285,-0.0015,0.0015,-0.0098,0.0105,40.1
0.286,-0.003,0.003,-0.0075,0.0127,40.4
0.287,-0.0023,0.003,-0.0105,0.012,40.6
0.288,-0.003,0.0007,-0.012,0.012,40.8
0.289,-0.003,0.0015,-0.0075,0.0127,41.1
0.29,-0.0015,0.0007,-0.0053,0.015,41.3
0.291,0.0,0.0015,-0.0008,0.0165,41.5
0.292,-0.0008,0.0022,-0.0015,0.0172,41.8
0.293,0.0007,0.003,-0.003,0.0165,42.0
0.294,0.0,0.0015,-0.003,0.0142,42.3
0.295,-0.0015,-0.0008,-0.0046,0.0135,42.5
0.296,-0.0008,0.0007,-0.0046,0.012,42.7
0.297,-0.0015,0.0007,-0.0075,0.0127,43.0
0.298,-0.0008,-0.0008,-0.0053,0.0142,43.2
0.299,-0.0008,-0.0008,-0.0023,0.0142,43.5
0.3,-0.0015,-0.0008,-0.0008,0.012,43.7
0.301,0.0007,0.0007,-0.0038,0.0105,44.0
0.302,0.0015,0.0,-0.0068,0.009,44.2
0.303,0.0007,-0.0008,-0.0053,0.006,44.5
0.304,0.0007,0.0015,-0.0068,0.0045,44.7
0.305,0.0,0.0,-0.0053,0.0022,45.0
0.306,0.0015,0.0,-0.003,0.0022,45.2
0.307,0.003,0.0007,-0.003,0.0015,45.4
0.308,0.003,0.0007,-0.0038,0.0007,45.7
0.309,0.0007,0.0022,-0.0053,0.0007,45.9
0.31,0.0007,0.0015,-0.003,-0.0008,46.2
0.311,0.0007,0.0015,-0.003,-0.003,46.4
0.312,0.0007,0.0015,-0.0068,-0.0053,46.7
0.313,-0.0015,-0.0008,-0.0105,-0.0083,46.9
0.314,-0.003,-0.0008,-0.0158,-0.0083,47.2
0.315,-0.003,-0.0008,-0.0158,-0.0091,47.4
0.316,-0.0038,-0.0015,-0.015,-0.0083,47.7
0.317,-0.0038,-0.0023,-0.0128,-0.0091,47.9
0.318,-0.003,-0.0015,-0.0098,-0.0091,48.2
0.319,-0.003,-0.0008,-0.0091,-0.0075,48.4
0.32,-0.003,0.0007,-0.0091,-0.0091,48.7
0.321,-0.0023,0.003,-0.0091,-0.0083,48.9
0.322,-0.0008,0.003,-0.0091,-0.0068,49.1
0.323,-0.0008,0.0037,-0.0075,-0.0068,49.3
0.324,-0.0023,0.0082,-0.003,-0.0046,49.5
0.325,-0.0008,0.0157,-0.0008,-0.003,49.7
0.326,-0.0008,0.0157,-0.0008,-0.0023,49.9
0.327,-0.0008,0.012,0.003,-0.0015,50.2
0.328,0.0007,0.012,0.003,-0.003,50.4
0.329,0.0015,0.0202,0.0052,-0.0023,50.6
0.33,0.0015,0.0202,0.0045,-0.0023,50.8
0.331,0.0015,0.0067,0.0037,-0.003,51.0
0.332,0.0007,-0.006,0.0052,-0.0038,51.2
0.333,0.0015,-0.0165,0.0067,-0.0023,51.4
0.334,0.0007,-0.0218,0.009,-0.0023,51.6
0.335,0.0015,-0.021,0.0082,-0.003,51.8
0.336,0.0022,-0.0203,0.0105,-0.0023,52.0
0.337,0.003,-0.0173,0.0097,-0.003,52.2
0.338,0.0045,-0.0128,0.0105,-0.003,52.5
0.339,0.0052,-0.0068,0.0135,-0.0046,52.6
0.34,0.0052,0.003,0.0135,-0.0038,52.9
0.341,0.0045,0.0127,0.015,-0.003,53.0
0.342,0.0037,0.0135,0.015,-0.003,53.1
0.343,0.0037,0.0067,0.0142,-0.0008,53.3
0.344,0.003,0.0,0.0142,0.0007,53.4
0.345,0.0022,-0.0075,0.012,-0.0015,53.5
0.346,0.003,-0.0128,0.009,0.0007,53.7
0.347,0.0015,-0.012,0.006,0.003,53.8
0.348,0.0007,-0.0113,0.0045,0.0022,54.0
0.349,-0.0008,-0.0105,0.0045,0.0022,54.1
0.35,-0.0008,-0.012,0.003,0.0045,54.2
0.351,-0.0008,-0.0091,0.0052,0.003,54.3
0.352,-0.0008,-0.0091,0.003,-0.0008,54.4
0.353,-0.0008,-0.0083,0.003,-0.0008,54.6
0.354,-0.0015,-0.0053,0.0015,-0.0008,54.7
0.355,-0.0008,-0.0038,0.0007,-0.0015,54.9
0.356,-0.0008,-0.0008,0.0,-0.003,55.0
0.357,-0.0015,-0.0008,-0.0023,-0.0038,55.1
0.358,-0.0023,0.0022,-0.0046,-0.003,55.3
0.359,-0.0015,0.0015,-0.0068,-0.003,55.4
0.36,-0.0015,0.003,-0.0068,-0.0015,55.5
0.361,-0.0015,0.0067,-0.0068,-0.0008,55.6
0.362,0.0007,0.0052,-0.006,-0.0015,55.6
0.363,0.0007,0.0082,-0.0023,0.0,55.7
0.364,0.0007,0.009,-0.0023,0.0007,55.8
0.365,-0.0008,0.0105,-0.0015,0.0022,55.8
0.366,-0.0008,0.0105,0.0007,0.003,55.8
0.367,0.0007,0.0097,0.003,0.0015,55.9
0.368,-0.0008,0.009,0.0015,0.0015,56.0
0.369,-0.0008,0.0067,0.0007,0.003,56.0
0.37,0.0007,0.0082,0.0007,0.003,56.1
0.371,0.0015,0.0067,0.0037,0.003,56.1
0.372,0.0022,0.0052,0.0067,0.003,56.2
0.373,0.003,0.0052,0.0067,0.0052,56.2
0.374,0.003,0.0045,0.0075,0.006,56.3
0.375,0.003,0.0052,0.0105,0.0067,56.3
0.376,0.0045,0.0067,0.0127,0.0052,56.4
0.377,0.0045,0.0052,0.012,0.006,56.4
0.378,0.0045,0.0045,0.0097,0.0052,56.5
0.379,0.003,0.003,0.0052,0.0015,56.6
0.38,0.0015,0.003,0.003,0.003,56.6
0.381,0.0007,0.003,-0.0015,0.0015,56.6
0.382,-0.0008,0.0015,-0.003,0.0007,56.6
0.383,-0.0008,0.0015,-0.0015,0.0007,56.6
0.384,0.0,0.0007,-0.0053,0.0022,56.6
0.385,0.0,0.0022,-0.0046,0.0022,56.6
0.386,0.0007,0.003,-0.003,0.0015,56.6
0.387,-0.0008,0.0007,-0.0046,0.0015,56.6
0.388,0.0,0.0007,-0.0046,0.0,56.6
0.389,0.0015,-0.0008,-0.0038,-0.0008,56.6
0.39,0.0,-0.003,-0.0046,-0.0008,56.6
0.391,0.0015,-0.0023,-0.0015,0.0015,56.6
0.392,0.0015,0.0007,0.0007,0.0,56.6
0.393,0.0022,0.0007,0.0007,-0.0008,56.6
0.394,0.0015,-0.0008,-0.0008,-0.0023,56.6
0.395,-0.0008,-0.0015,-0.0008,-0.0046,56.6
0.396,0.0,-0.0015,-0.0008,-0.003,56.6
0.397,0.0007,-0.0008,-0.0023,-0.003,56.5
0.398,0.0015,-0.0008,-0.0015,-0.003,56.5
0.399,0.0007,-0.0008,-0.0008,-0.0038,56.5
0.4,-0.0008,-0.003,0.0,-0.0023,56.5
0.401,0.0,-0.0023,-0.0008,-0.0023,56.5
0.402,-0.0015,-0.0008,-0.0046,-0.003,56.4
0.403,-0.0015,0.0,-0.0053,-0.0015,56.4
0.404,-0.0015,0.0015,-0.0046,-0.0008,56.3
0.405,-0.0023,0.0007,-0.0046,-0.0015,56.3
0.406,-0.0015,-0.0008,-0.0046,-0.0023,56.2
0.407,-0.0015,0.0,-0.003,-0.0023,56.2
0.408,-0.0008,0.0007,-0.0023,-0.0008,56.2
0.409,0.0007,-0.0008,-0.0015,-0.0015,56.1
0.41,0.0007,0.0007,-0.0015,0.0,56.1
0.411,0.0,0.0007,-0.003,-0.0008,56.1
0.412,0.0007,-0.0023,-0.0046,-0.0015,56.0
0.413,0.0007,-0.003,-0.0068,-0.003,56.0
0.414,-0.0008,-0.0008,-0.006,-0.003,55.9
0.415,-0.0008,-0.0008,-0.0038,-0.0008,55.9
0.416,-0.0008,0.0007,-0.0068,-0.0015,55.8
0.417,-0.0008,0.0,-0.0083,-0.0015,55.8
0.418,-0.0008,-0.0008,-0.0091,0.0,55.8
0.419,-0.0015,-0.0015,-0.0091,-0.0015,55.7
0.42,-0.0008,-0.0008,-0.0083,-0.0015,55.6
0.421,-0.0008,0.0,-0.0046,-0.0015,55.6
0.422,0.0007,-0.0015,-0.0015,-0.003,55.5
0.423,0.0015,-0.0008,0.0,-0.0015,55.4
0.424,0.0007,0.0007,0.0,-0.0008,55.3
0.425,0.0007,0.0015,0.0007,-0.0008,55.2
0.426,0.0007,0.0015,0.0015,-0.0023,55.1
0.427,0.0007,0.0007,0.0007,-0.0023,55.0
0.428,-0.0008,0.0015,-0.0015,-0.0008,54.9
0.429,-0.0008,0.0007,-0.0015,0.0007,54.9
0.43,0.0,0.0022,-0.0038,0.0007,54.8
0.431,-0.0015,0.0007,-0.003,0.0015,54.7
0.432,-0.0008,0.0,-0.0008,0.0015,54.6
0.433,0.0,0.0,0.0,0.0,54.5
0.434,0.0007,0.0,-0.0008,0.0007,54.4
0.435,0.0015,0.0015,-0.0023,0.0015,54.4
0.436,-0.0008,-0.0008,-0.0008,0.003,54.3
0.437,0.0007,-0.0015,0.0007,0.003,54.2
0.438,0.0,-0.0008,-0.0015,0.0022,54.1
0.439,0.0007,0.0007,-0.003,0.003,54.0
0.44,0.0,0.0,-0.0015,0.0015,53.9
0.441,-0.0015,0.0007,-0.003,0.0007,53.8
0.442,-0.0015,0.0007,-0.0023,0.0015,53.6
0.443,0.0007,0.0007,0.0022,0.0045,53.5
0.444,0.0015,0.003,0.0045,0.003,53.3
0.445,0.0015,0.0015,0.0052,0.0,53.2
0.446,0.003,-0.0015,0.0052,0.0007,53.1
0.447,0.003,-0.0008,0.0045,0.0007,52.9
0.448,0.0022,0.0007,0.003,0.0007,52.8
0.449,0.0007,0.0015,0.0022,0.0007,52.6
0.45,0.0015,0.0015,0.003,0.0007,52.5
0.451,-0.0008,0.0007,-0.0008,-0.0008,52.3
0.452,-0.0008,0.0015,-0.0008,-0.0008,52.2
0.453,-0.0008,0.003,0.0015,-0.0008,52.1
0.454,-0.0008,0.0022,0.0015,-0.0015,51.9
0.455,0.0007,0.0015,0.0,0.0,51.8
0.456,0.0,0.0022,-0.0015,0.0007,51.7
0.457,0.0007,0.0022,0.0015,0.0007,51.5
0.458,0.0007,0.0015,0.0007,0.0015,51.3
0.459,-0.0008,0.0015,-0.0008,0.0015,51.2
0.46,0.0007,0.0015,0.0015,0.0007,51.0
0.461,0.0015,0.003,0.0,0.0007,50.8
0.462,0.0015,0.0022,0.0022,0.0007,50.7
0.463,0.0007,0.0015,0.0015,0.0,50.4
0.464,0.0007,0.0015,-0.0008,0.0,50.3
0.465,0.0015,0.0015,0.0007,-0.0008,50.0
0.466,0.0007,-0.0008,0.0007,-0.0015,49.9
0.467,0.0007,0.0015,0.0015,-0.0015,49.6
0.468,0.0,0.0007,-0.0008,-0.0008,49.5
0.469,-0.0008,0.0007,-0.0015,-0.0015,49.2
0.47,-0.0008,0.0007,-0.0008,-0.0008,49.0
0.471,-0.0008,0.0015,0.0007,0.0015,48.8
0.472,-0.0008,0.003,0.003,0.0,48.6
0.473,0.0,0.0022,0.0015,0.0015,48.4
0.474,-0.0008,0.0015,-0.0008,-0.0008,48.2
0.475,0.0,0.0007,-0.0015,-0.0023,48.0
0.476,0.0,0.0,-0.0008,0.0,47.8
0.477,0.0007,0.0015,0.0007,-0.0015,47.6
0.478,0.0,0.0015,0.0007,-0.0008,47.4
0.479,-0.0008,0.0007,0.0015,-0.0015,47.2
0.48,0.0007,0.0007,0.0007,-0.0046,46.9
0.481,-0.0008,0.0007,0.0007,-0.0046,46.7
0.482,0.0015,0.0015,0.0015,-0.0015,46.4
0.483,0.0022,0.003,0.0045,0.0007,46.2
0.484,0.0015,0.0015,0.0045,-0.0046,45.9
0.485,0.003,0.0015,0.0045,-0.012,45.6
0.486,0.0022,-0.0015,0.0052,-0.0158,45.4
0.487,0.0022,-0.003,0.0045,-0.0188,45.1
0.488,0.0015,-0.003,0.0037,-0.012,44.8
0.489,0.0,-0.0008,0.003,0.0142,44.5
0.49,0.0015,0.0015,0.003,0.0352,44.3
0.491,0.0007,0.0007,0.0045,0.0307,44.1
0.492,0.0,0.0007,0.0045,0.0142,43.8
0.493,0.0,-0.0015,0.0037,0.0097,43.5
0.494,0.0,0.0007,0.003,0.003,43.2
0.495,-0.0023,-0.0008,0.0045,-0.006,43.0
0.496,-0.0015,-0.003,0.003,-0.0038,42.7
0.497,0.0007,-0.0023,0.0037,-0.0015,42.4
0.498,-0.0008,-0.0015,0.0052,0.0015,42.2
0.499,0.0015,0.0007,0.0045,0.0045,41.9
0.5,0.0,-0.0008,0.0045,0.0015,41.6
0.501,-0.0015,0.0,0.0015,-0.0015,41.3
0.502,-0.0008,0.0007,-0.0008,-0.0008,41.0
0.503,-0.0015,0.0015,0.0015,0.0015,40.7
0.504,-0.0008,0.0015,0.0015,-0.0008,40.4
0.505,-0.0008,0.0015,0.0007,-0.0015,40.0
0.506,0.0,0.0007,0.0022,-0.0015,39.8
0.507,0.0,-0.0008,0.003,-0.0015,39.5
0.508,0.0015,-0.0008,0.0022,-0.0046,39.1
0.509,0.0007,-0.0023,0.0015,-0.0098,38.8
0.51,0.0007,-0.0015,0.0007,-0.0091,38.5
0.511,0.0,0.0007,-0.0015,-0.0068,38.2
0.512,0.0,0.0,-0.0008,-0.0008,37.9
0.513,0.0007,0.0022,-0.0015,0.012,37.6
0.514,0.0007,0.0022,-0.0008,0.015,37.3
0.515,0.0007,0.0007,0.0015,0.0052,36.9
0.516,-0.0015,0.0,0.0007,0.0007,36.7
0.517,0.0,0.0007,0.0022,0.0007,36.4
0.518,0.0007,-0.0008,0.0045,-0.0015,36.0
0.519,0.0,-0.0008,0.0015,-0.0008,35.7
0.52,0.0,0.0,0.0007,0.0007,35.4
0.521,-0.0008,0.0007,0.0007,0.0045,35.1
0.522,0.0007,0.003,0.0037,0.0105,34.8
0.523,0.0,0.003,0.0037,0.0082,34.5
0.524,0.0,0.0007,0.0022,-0.0053,34.1
0.525,-0.0008,-0.0008,0.003,-0.0098,33.8
0.526,-0.0015,-0.003,0.0037,-0.0023,33.5
0.527,0.0007,-0.0015,0.0067,-0.0015,33.2
0.528,0.0015,0.0007,0.0067,-0.0008,32.9
0.529,0.0015,0.0,0.0037,0.0015,32.6
0.53,0.0007,-0.0008,0.0045,0.0045,32.2
0.531,0.0007,-0.0008,0.0022,0.0052,31.9
0.532,0.0015,-0.0008,0.0015,0.0015,31.6
0.533,0.0015,-0.0023,0.0,0.003,31.3
0.534,0.0007,-0.0015,-0.003,0.0022,31.0
0.535,-0.0008,-0.0008,-0.0038,-0.0008,30.6
0.536,0.0,0.0007,-0.003,-0.0023,30.3
0.537,0.0015,0.0022,-0.003,-0.0046,30.0
0.538,0.0015,-0.0008,-0.003,-0.0015,29.7
0.539,0.0007,-0.0008,-0.0023,-0.0023,29.4
0.54,0.0007,-0.0015,-0.0023,-0.0128,29.0
0.541,0.0007,-0.0008,-0.003,-0.0263,28.8
0.542,0.0,-0.0008,-0.0038,-0.0293,28.4
0.543,0.0007,-0.0008,-0.003,-0.0233,28.2
0.544,0.0,0.0015,-0.0046,-0.0091,27.9
0.545,0.0007,0.0007,-0.003,0.0195,27.5
0.546,0.0,0.0022,-0.0023,0.0442,27.2
0.547,0.0015,0.0007,-0.0008,0.0405,27.0
0.548,0.0015,-0.0008,-0.003,-0.0015,26.6
0.549,0.0007,-0.0038,-0.0068,-0.0443,26.3
0.55,0.0007,-0.0046,-0.0098,-0.048,26.0
0.551,-0.0008,-0.0008,-0.0113,-0.0293,25.7
0.552,0.0,0.0022,-0.0105,-0.0046,25.4
0.553,0.0,0.0067,-0.0083,0.0277,25.1
0.554,0.0015,0.009,-0.0068,0.0682,24.8
0.555,0.0045,0.009,-0.0046,0.096,24.5
0.556,0.0052,0.0052,0.003,0.0562,24.2
0.557,0.003,-0.0015,0.0045,0.0022,23.9
0.558,0.0015,-0.0075,0.003,-0.0053,23.6
0.559,0.0007,-0.0083,0.0,-0.0105,23.3
0.56,0.0,-0.0053,-0.0023,-0.012,22.9
0.561,0.0007,-0.0068,-0.0038,-0.0143,22.7
0.562,-0.0008,-0.0068,-0.0038,-0.0181,22.4
0.563,0.0007,-0.0075,-0.0053,-0.0315,22.0
0.564,0.0007,-0.0083,-0.0083,-0.054,21.7
0.565,-0.0015,-0.0068,-0.0083,-0.0511,21.4
0.566,-0.0053,-0.003,-0.0091,-0.0375,21.1
0.567,-0.0083,0.0015,-0.0075,-0.0233,20.8
0.568,-0.0091,0.0067,-0.0046,0.0127,20.5
0.569,-0.0113,0.015,-0.0008,0.0735,20.2
0.57,-0.0105,0.0247,0.003,0.0847,19.8
0.571,-0.0046,0.0172,0.009,0.0142,19.5
0.572,0.0015,0.009,0.0142,-0.0195,19.2
0.573,0.0007,0.0052,0.009,-0.0256,18.9
0.574,0.003,0.0,0.0045,-0.042,18.6
0.575,0.003,0.003,0.0022,-0.0361,18.3
0.576,0.0015,0.0007,-0.0008,-0.0285,18.0
0.577,0.003,0.0007,-0.0015,-0.0008,17.6
0.578,0.0022,0.0045,-0.0015,0.0172,17.3
0.579,0.0015,0.0007,-0.0015,0.015,17.0
0.58,0.0022,-0.0008,-0.0008,0.042,16.6
0.581,0.0052,0.0,0.0045,0.0495,16.4
0.582,0.006,-0.0008,0.0022,0.0217,16.1
0.583,0.0022,-0.0023,-0.0008,-0.0075,15.7
0.584,0.0007,-0.0008,-0.003,-0.0225,15.5
0.585,0.0015,-0.0023,-0.0075,-0.0203,15.2
0.586,0.0015,-0.003,-0.0083,-0.0195,14.8
0.587,-0.0008,-0.0008,-0.0015,-0.0203,14.5
0.588,-0.0015,-0.0015,0.009,-0.027,14.2
0.589,-0.0046,-0.0015,0.0067,-0.0383,13.9
0.59,-0.0083,-0.0015,-0.0008,-0.0338,13.6
0.591,-0.0091,-0.003,-0.0046,-0.0285,13.3
0.592,-0.0091,-0.0068,-0.003,-0.0248,13.0
0.593,-0.0046,-0.0068,0.0015,-0.003,12.7
0.594,-0.0015,-0.0023,0.0052,0.033,12.4
0.595,0.0015,0.003,0.0135,0.054,12.1
0.596,0.0015,0.0082,0.0135,0.0457,11.7
0.597,0.0007,0.0157,0.006,0.0262,11.5
0.598,0.0135,0.027,-0.0008,0.0142,11.2
0.599,0.03,0.018,-0.0083,-0.0015,10.8
0.6,0.0352,0.003,-0.0128,-0.0091,10.5
0.601,0.0322,-0.0023,-0.0195,-0.0143,10.3
0.602,0.0195,0.0007,-0.0256,-0.024,10.1
0.603,0.0067,-0.0015,-0.0368,-0.0143,9.8
0.604,-0.0015,-0.0143,-0.0248,-0.012,9.6
0.605,-0.0038,-0.0165,0.0127,-0.0105,9.4
0.606,0.003,-0.021,0.0217,-0.0091,9.1
0.607,0.0082,-0.0218,0.0165,-0.024,8.9
0.608,0.0052,-0.0143,0.0157,-0.021,8.6
0.609,-0.0173,-0.003,0.009,-0.0068,8.4
0.61,-0.0405,0.009,0.0052,0.009,8.2
0.611,-0.054,0.003,-0.0015,0.003,8.0
0.612,-0.0593,-0.0105,-0.0068,-0.0256,7.7
0.613,-0.039,-0.021,-0.012,-0.0308,7.5
0.614,-0.0128,-0.0368,-0.0203,-0.0165,7.2
0.615,-0.003,-0.0383,-0.0293,0.0097,7.0
0.616,-0.0008,-0.0233,-0.033,0.0367,6.8
0.617,0.0112,-0.0015,-0.0315,0.0517,6.6
0.618,0.0262,0.0217,-0.0293,0.0427,6.3
0.619,0.0262,0.039,-0.0195,-0.0075,6.1
0.62,0.0225,0.033,-0.0083,-0.0383,5.8
0.621,0.027,0.0157,-0.0008,-0.0278,5.7
0.622,0.021,0.0375,-0.0008,-0.0083,5.5
0.623,0.003,0.0802,0.0007,-0.012,5.3
0.624,-0.0256,0.0502,0.003,-0.042,5.2
0.625,-0.0555,-0.0195,0.009,-0.039,5.0
0.626,-0.0653,-0.0143,0.0217,-0.0083,4.8
0.627,-0.042,-0.0083,0.0202,0.03,4.7
0.628,-0.0068,-0.0203,0.0225,0.0585,4.5
0.629,0.0187,-0.0181,0.0307,0.0697,4.3
0.63,0.0382,-0.0091,0.0435,0.0757,4.1
0.631,0.042,0.0277,0.0577,0.0592,4.0
0.632,0.0382,0.0375,0.0645,0.0337,3.8
0.633,0.027,0.0277,0.063,0.0142,3.6
0.634,0.0112,0.027,0.054,0.003,3.5
0.635,0.0097,0.009,0.051,-0.0015,3.3
0.636,0.015,-0.0233,0.051,-0.0143,3.1
0.637,0.0142,-0.0278,0.0502,-0.027,3.0
0.638,0.012,-0.024,0.0532,-0.0361,2.8
0.639,0.012,-0.0256,0.0487,-0.0188,2.6
0.64,0.012,-0.0105,0.0405,0.0142,2.4
0.641,0.0022,0.0,0.0345,0.0337,2.3
0.642,-0.0038,0.0052,0.0277,0.045,2.1
0.643,0.0,-0.0053,0.0202,0.0367,1.9
0.644,-0.0105,-0.0091,0.018,0.0255,1.7
0.645,-0.0248,-0.0083,0.0277,0.009,1.5
0.646,-0.0233,-0.0015,0.0345,-0.03,1.3
0.647,-0.0083,0.012,0.0292,-0.0593,1.1
0.648,0.0105,0.0052,0.021,-0.09,0.9
0.649,0.0127,-0.0173,0.0097,-0.1193,0.7
0.65,0.0007,-0.0218,-0.0008,-0.1035,0.5
0.651,-0.0128,-0.0158,-0.0015,-0.06,0.3
0.652,-0.0158,-0.021,0.009,0.0045,0.1
0.653,-0.0173,-0.0203,0.0157,0.0817,-0.1
0.654,-0.012,-0.0233,0.0127,0.132,-0.3
0.655,-0.0015,-0.0225,0.012,0.132,-0.5
0.656,0.0082,-0.021,0.0052,0.093,-0.7
0.657,0.0232,-0.0158,-0.021,0.0412,-0.9
0.658,0.042,0.0,-0.0458,0.006,-1.0
0.659,0.0577,0.0255,-0.0668,0.0052,-1.3
0.66,0.048,0.0555,-0.0878,0.012,-1.5
0.661,0.0277,0.0772,-0.093,0.0232,-1.6
0.662,0.0082,0.06,-0.081,0.0052,-1.7
0.663,-0.0135,-0.0008,-0.0653,-0.0518,-1.8
0.664,-0.03,-0.033,-0.0465,-0.084,-2.0
0.665,-0.0465,-0.06,-0.0323,-0.117,-2.1
0.666,-0.0473,-0.0578,-0.0233,-0.1178,-2.2
0.667,-0.027,-0.0263,-0.012,-0.0458,-2.3
0.668,-0.0158,-0.0173,-0.0105,0.0285,-2.5
0.669,-0.0165,-0.0113,-0.0195,0.0945,-2.6
0.67,-0.012,-0.0083,-0.0323,0.12,-2.7
0.671,-0.0135,-0.0046,-0.0278,0.099,-2.9
0.672,-0.0023,0.009,-0.0143,0.093,-3.0
0.673,0.0105,0.0442,-0.012,0.0667,-3.2
0.674,0.0105,0.0982,-0.015,0.0465,-3.3
0.675,0.0135,0.168,-0.0188,0.0352,-3.4
0.676,0.012,0.1305,-0.0165,-0.003,-3.5
0.677,0.0105,0.018,-0.0046,-0.0098,-3.6
0.678,0.0127,0.0112,0.0142,-0.0173,-3.8
0.679,0.0045,-0.0068,0.0255,-0.0353,-3.9
0.68,0.0007,-0.0278,0.0345,-0.0233,-4.1
0.681,0.0262,-0.012,0.0277,-0.0158,-4.1
0.682,0.0457,-0.024,0.0127,-0.0218,-4.1
0.683,0.0307,-0.0293,-0.003,-0.042,-4.1
0.684,0.0202,-0.039,-0.0353,-0.0743,-4.0
0.685,0.0142,-0.0398,-0.054,-0.0863,-4.0
0.686,0.015,-0.0293,-0.0593,-0.0683,-4.0
0.687,0.018,-0.0188,-0.0563,-0.0436,-3.9
0.688,-0.0091,-0.0158,-0.0413,-0.0323,-3.9
0.689,-0.0413,-0.0128,-0.0278,-0.0181,-3.9
0.69,-0.0593,-0.021,-0.0195,0.0045,-3.9
0.691,-0.084,-0.0443,-0.0098,0.0165,-3.9
0.692,-0.108,-0.0368,-0.0098,0.0255,-3.8
0.693,-0.0878,-0.0038,-0.0181,0.0172,-3.8
0.694,-0.0233,0.0247,-0.0218,-0.0158,-3.8
0.695,0.0307,0.015,-0.0195,-0.0315,-3.7
0.696,0.0427,0.0015,-0.012,-0.03,-3.7
0.697,0.0367,0.0082,-0.003,-0.0346,-3.7
0.698,0.009,-0.0075,0.0082,-0.0278,-3.7
0.699,-0.0113,-0.033,0.027,-0.012,-3.6
0.7,0.0232,-0.0225,0.0375,0.0045,-3.6
0.701,0.048,-0.0165,0.0262,0.0255,-3.5
0.702,0.0592,-0.0091,0.0105,0.0435,-3.4
0.703,0.0645,-0.0008,0.003,0.0427,-3.3
0.704,0.0502,0.0127,-0.003,0.027,-3.2
0.705,0.0165,0.0585,0.0007,0.0127,-3.1
0.706,-0.033,0.039,0.0165,-0.0158,-2.9
0.707,-0.0593,-0.0046,0.0165,-0.0375,-2.8
0.708,-0.057,-0.0091,-0.0008,-0.0263,-2.7
0.709,-0.0503,-0.0038,-0.0083,-0.0053,-2.6
0.71,-0.03,0.0015,-0.0233,0.015,-2.4
0.711,-0.0023,-0.0158,-0.0256,0.0165,-2.3
0.712,-0.0091,-0.024,-0.0308,0.003,-2.2
0.713,-0.012,-0.024,-0.0218,-0.0113,-2.1
0.714,0.003,-0.0361,0.0,-0.0083,-2.0
0.715,0.0277,-0.042,0.0142,0.0045,-1.8
0.716,0.0682,-0.0338,0.0315,-0.0098,-1.8
0.717,0.0787,-0.0383,0.0337,-0.0405,-1.6
0.718,0.0585,-0.063,0.0322,-0.063,-1.5
0.719,0.033,-0.033,0.0247,-0.0308,-1.4
0.72,0.0225,0.0007,0.0202,0.0195,-1.3
0.721,-0.0075,0.0082,0.0187,0.0517,-1.1
0.722,-0.054,0.0615,0.018,0.09,-0.9
0.723,-0.0803,0.063,0.0105,0.0892,-0.7
0.724,-0.1013,0.0127,-0.0083,0.069,-0.5
0.725,-0.0856,0.0112,-0.0091,0.0465,-0.4
0.726,-0.033,0.036,-0.003,0.012,-0.2
0.727,-0.0053,0.1117,0.012,0.0105,0.0
0.728,-0.0008,0.2212,0.0292,0.0292,0.2
0.729,0.0165,0.2482,0.0405,0.0337,0.4
0.73,0.0262,0.0765,0.0195,0.0127,0.5
0.731,0.0367,-0.066,-0.0015,-0.0046,0.7
0.732,0.0435,-0.0263,-0.0038,-0.0038,0.9
0.733,0.0375,-0.0278,-0.0128,-0.0068,1.0
0.734,0.0195,-0.0181,-0.015,-0.0158,1.2
0.735,-0.0038,-0.012,-0.0195,-0.0293,1.4
0.736,-0.0181,-0.0203,-0.0195,-0.0233,1.6
0.737,-0.024,0.003,-0.021,-0.0158,1.8
0.738,-0.012,-0.0075,-0.0068,-0.0225,1.9
0.739,0.0097,-0.0165,0.0067,-0.0285,2.1
0.74,0.0195,-0.0293,0.0045,-0.0315,2.3
0.741,0.012,-0.0346,-0.0075,-0.0293,2.4
0.742,-0.0015,-0.0443,-0.0225,-0.0285,2.5
0.743,-0.0105,-0.054,-0.0165,-0.0278,2.6
0.744,-0.0083,-0.0593,-0.0158,-0.0315,2.7
0.745,-0.0046,-0.0548,-0.0203,-0.0315,2.8
0.746,0.0067,-0.0225,-0.0308,-0.0233,3.0
0.747,0.0195,0.0022,-0.054,-0.0143,3.1
0.748,0.0292,0.0225,-0.0495,0.0007,3.2
0.749,0.042,0.0262,-0.0233,0.0067,3.3
0.75,0.0517,0.0037,0.0195,0.0142,3.4
0.751,0.057,-0.024,0.0915,0.0202,3.5
0.752,0.0435,-0.0308,0.1087,0.0157,3.6
0.753,0.0082,-0.0181,0.06,0.0195,3.7
0.754,-0.0091,-0.0046,-0.0046,0.0217,3.8
0.755,0.0487,0.0007,-0.0353,0.0225,4.0
0.756,0.0975,0.0015,0.0045,0.0232,4.0
0.757,0.1027,-0.0046,0.042,0.0157,4.2
0.758,0.0802,-0.0285,0.0787,0.006,4.3
0.759,-0.0173,-0.0346,0.0855,-0.0053,4.4
0.76,-0.1065,-0.0225,0.0262,-0.0105,4.5
0.761,-0.1426,-0.0053,-0.0091,-0.0188,4.5
0.762,-0.108,0.018,-0.0173,-0.0203,4.4
0.763,-0.0533,0.0157,-0.0173,-0.0053,4.3
0.764,-0.0218,0.0045,-0.0128,0.0112,4.2
0.765,0.0105,0.0007,-0.0015,0.0195,4.1
0.766,-0.0503,-0.0105,0.0015,0.0045,4.0
0.767,-0.126,-0.0128,-0.0225,-0.0083,4.0
0.768,-0.075,-0.0105,-0.0458,-0.0046,3.9
0.769,0.0022,-0.006,-0.0503,-0.0068,3.8
0.77,0.0225,0.0007,-0.0405,-0.0083,3.7
0.771,0.0172,0.0075,-0.027,-0.006,3.6
0.772,-0.012,0.0165,-0.0075,-0.0023,3.6
0.773,-0.0495,0.0127,0.009,0.0015,3.5
0.774,-0.0518,0.0052,0.0157,0.0015,3.4
0.775,-0.0038,-0.0008,0.0217,0.0052,3.3
0.776,0.0315,-0.006,0.0172,0.0052,3.2
0.777,0.0202,-0.006,0.009,0.0022,3.1
0.778,0.0232,-0.0038,0.0022,0.0022,3.1
0.779,0.0232,0.0037,-0.0008,0.0,3.0
0.78,0.0232,0.0135,-0.0053,-0.0053,2.9
0.781,0.0232,0.0142,-0.0068,-0.0128,3.1
0.782,0.0112,0.012,-0.0038,-0.0158,3.2
0.783,0.012,0.0105,0.0,-0.0113,3.4
0.784,0.0157,0.0097,0.0052,-0.006,3.6
0.785,0.0255,0.0105,0.0015,-0.006,3.7
0.786,0.024,0.0105,-0.0053,-0.0046,3.9
0.787,0.0217,0.009,-0.0023,0.0015,4.0
0.788,0.0195,0.0082,0.0007,0.0067,4.2
0.789,0.0195,0.0075,-0.0068,0.003,4.4
0.79,0.0195,0.0045,-0.0113,0.0007,4.5
0.791,0.0165,0.0045,-0.0135,0.009,4.7
0.792,0.0157,0.0045,-0.0181,0.0097,4.9
0.793,0.0097,0.0007,-0.0158,0.006,5.0
0.794,0.0082,0.0022,-0.0158,0.0135,5.2
0.795,0.0075,0.0082,-0.0225,0.018,5.4
0.796,0.006,0.0105,-0.0203,0.0112,5.5
0.797,-0.0008,0.0097,-0.0143,0.0075,5.7
0.798,-0.0128,0.009,0.0022,0.0067,5.9
0.799,-0.0203,0.0067,0.0127,0.003,6.0
0.8,-0.012,0.0037,0.0082,0.0015,6.2
0.801,0.0112,0.0,0.0045,-0.006,6.3
0.802,0.012,-0.0083,0.0127,-0.0083,6.4
0.803,0.0015,-0.0181,0.0187,-0.0038,6.5
0.804,-0.0053,-0.0143,0.0255,-0.0083,6.6
0.805,-0.0181,-0.0015,0.033,-0.0091,6.7
0.806,-0.0308,-0.0053,0.0217,-0.0098,6.7
0.807,-0.0368,-0.003,0.0255,-0.0046,6.8
0.808,-0.0346,0.009,0.0007,0.0015,6.9
0.809,-0.0218,0.015,-0.0608,0.0052,7.0
0.81,-0.0158,0.012,-0.0788,0.0112,7.2
0.811,-0.0165,0.0127,-0.0256,0.0082,7.2
0.812,0.0067,0.0247,0.0502,0.0045,7.3
0.813,0.0457,0.0255,0.1027,-0.0015,7.4
0.814,0.0592,0.0112,0.1155,-0.003,7.5
0.815,0.0345,-0.0083,0.0997,0.0007,7.6
0.816,0.0367,-0.0068,0.0727,0.0015,7.7
0.817,0.099,0.0022,0.033,0.0052,7.8
0.818,0.144,-0.0143,-0.0158,0.0007,7.9
0.819,0.1455,-0.033,-0.0315,-0.0015,8.0
0.82,0.09,-0.0315,-0.0068,0.0,8.1
0.821,-0.0285,-0.0263,0.0105,-0.0023,8.1
0.822,-0.1283,-0.0158,0.0397,0.0007,8.1
0.823,-0.1328,-0.0083,0.0352,0.0037,8.1
0.824,-0.0436,-0.0038,0.018,0.0082,8.0
0.825,0.0067,0.015,0.0165,0.012,8.0
0.826,0.012,0.0082,-0.0008,0.0075,8.0
0.827,0.051,-0.0015,0.009,0.003,8.0
0.828,0.0862,0.0202,0.0172,-0.0046,8.0
0.829,0.075,0.0307,0.0315,-0.0091,7.9
0.83,-0.039,0.0112,0.03,-0.0053,7.9
0.831,-0.1658,-0.006,0.003,-0.0038,7.9
0.832,-0.1575,-0.0256,-0.0308,-0.006,7.9
0.833,-0.1343,-0.0413,-0.0721,-0.0068,7.9
0.834,-0.1463,-0.0233,-0.0968,-0.0046,7.8
0.835,-0.0623,-0.0023,-0.075,-0.0008,7.8
0.836,-0.0053,0.015,-0.0428,0.0007,7.8
0.837,-0.012,0.0277,-0.039,-0.0015,7.8
0.838,-0.0256,0.0262,-0.0323,-0.0023,7.8
0.839,-0.042,0.012,-0.0233,0.0007,7.7
0.84,-0.0068,-0.0046,-0.006,0.0045,7.7
0.841,0.012,-0.0128,-0.0113,0.0067,7.7
0.842,0.0165,-0.0165,-0.0278,0.0082,7.7
0.843,0.0232,-0.0053,-0.03,0.0097,7.7
0.844,0.018,0.009,-0.0383,0.0045,7.7
0.845,0.0127,0.0082,-0.0308,-0.0038,7.7
0.846,0.0045,0.0067,-0.0225,-0.0098,7.7
0.847,0.009,0.0165,-0.0105,-0.012,7.7
0.848,0.0105,0.006,-0.0015,-0.0075,7.7
0.849,0.0142,0.0007,0.0007,-0.0015,7.7
0.85,0.012,0.0037,0.0007,-0.003,7.6
0.851,0.0165,-0.0015,-0.0015,-0.0008,7.6
0.852,0.0555,0.0015,0.0015,0.0097,7.6
0.853,0.069,-0.0008,0.0037,0.0142,7.6
0.854,0.0412,0.0015,0.0135,0.0172,7.6
0.855,0.0232,0.0,0.0247,0.0315,7.6
0.856,0.0195,0.003,0.0337,0.0345,7.6
0.857,0.0232,0.006,0.03,0.0202,7.6
0.858,0.027,0.003,0.0262,0.0082,7.6
0.859,0.0202,0.006,0.0262,-0.0038,7.6
0.86,0.0157,0.003,0.018,-0.0068,7.6
0.861,0.0082,0.0007,0.018,-0.0046,7.6
0.862,0.0015,-0.003,0.0187,-0.0075,7.7
0.863,-0.0008,-0.003,0.0165,-0.0053,7.7
0.864,-0.006,-0.0046,0.0127,-0.0075,7.8
0.865,-0.0091,-0.006,0.009,-0.0083,7.8
0.866,-0.0135,-0.003,-0.0015,-0.0053,7.9
0.867,-0.0105,-0.0046,-0.012,-0.0068,8.0
0.868,0.003,-0.0008,-0.0165,-0.006,8.0
0.869,0.0082,0.003,-0.0128,-0.0053,8.1
0.87,-0.0008,0.0022,-0.0038,-0.0053,8.1
0.871,-0.006,0.0,-0.0008,-0.0046,8.2
0.872,-0.0075,0.0007,0.0022,-0.003,8.2
0.873,-0.0015,0.003,0.009,-0.0015,8.3
0.874,0.009,0.0052,0.0157,-0.0015,8.4
0.875,0.0165,0.0007,0.0255,-0.0046,8.4
0.876,0.018,-0.0113,0.0345,-0.0046,8.5
0.877,0.0015,-0.012,0.033,-0.006,8.5
0.878,-0.0158,-0.0098,0.0262,-0.0053,8.5
0.879,-0.0218,-0.0091,0.0135,-0.0023,8.6
0.88,-0.0173,0.0045,0.0007,-0.0038,8.7
0.881,-0.0046,0.0202,-0.003,-0.0046,8.7
0.882,0.0,0.0232,-0.0053,-0.0046,8.7
0.883,-0.0046,0.0082,-0.006,-0.0038,8.7
0.884,-0.0008,0.0015,-0.0075,-0.003,8.7
0.885,0.0007,0.0007,-0.0091,-0.0046,8.7
0.886,0.009,-0.003,-0.0083,-0.0046,8.7
0.887,0.0112,-0.0015,-0.0105,-0.0046,8.6
0.888,-0.0068,-0.0015,-0.0105,-0.0046,8.6
0.889,-0.0248,0.0022,-0.0068,-0.003,8.6
0.89,-0.0263,0.003,-0.0075,-0.003,8.6
0.891,0.0105,-0.0008,-0.0083,-0.0023,8.6
0.892,0.03,-0.003,-0.0053,-0.003,8.6
0.893,0.0427,-0.0015,-0.0038,-0.0008,8.6
0.894,0.0487,-0.0008,-0.0053,-0.0008,8.5
0.895,-0.003,-0.003,-0.0068,-0.0008,8.5
0.896,-0.0285,-0.0038,-0.0068,0.0007,8.5
0.897,-0.0068,-0.0015,-0.0068,-0.0023,8.5
0.898,-0.0046,0.0007,-0.0046,-0.003,8.5
0.899,-0.0038,-0.0038,-0.0046,-0.0046,8.5
0.9,-0.0008,-0.0038,-0.0015,-0.0023,8.5
0.901,-0.0015,0.0007,0.0007,0.0007,8.5
0.902,0.009,0.003,0.0,0.0007,8.5
0.903,0.015,0.003,0.0037,-0.0008,8.5
0.904,0.0172,0.0022,-0.0015,-0.0008,8.5
0.905,0.0022,0.003,-0.0128,0.0,8.5
0.906,-0.0128,0.0015,-0.015,0.0007,8.5
0.907,-0.0143,0.0015,-0.0046,0.0007,8.4
0.908,-0.0218,0.0,0.0052,-0.0015,8.4
0.909,-0.0578,-0.0015,0.0052,0.0007,8.4
0.91,-0.081,0.0015,0.0037,0.003,8.4
0.911,-0.0315,0.0022,0.003,0.0007,8.4
0.912,0.0,0.003,0.0105,0.0022,8.4
0.913,0.0015,0.0045,0.0142,0.0045,8.4
0.914,0.0105,0.0052,0.0067,0.006,8.3
0.915,-0.0015,0.009,-0.0083,0.0022,8.3
0.916,-0.0008,0.0217,-0.015,0.0007,8.3
0.917,0.003,0.021,-0.0098,0.003,8.3
0.918,0.0165,0.0067,-0.006,0.0015,8.3
0.919,0.0202,-0.003,0.0,0.0015,8.3
0.92,0.0052,-0.0098,0.0022,0.0045,8.2
0.921,0.0075,-0.0128,0.0007,0.0052,8.2
0.922,0.0015,-0.0248,0.0007,0.0045,8.2
0.923,0.006,-0.0248,-0.003,0.0045,8.2
0.924,0.0127,-0.0113,-0.0046,0.0045,8.1
0.925,0.0142,-0.0075,-0.0023,0.0015,8.1
0.926,0.015,0.0,0.0022,0.0007,8.1
0.927,0.0277,0.0075,0.006,-0.0008,8.1
0.928,0.048,0.0045,-0.0105,-0.0008,8.1
0.929,0.0277,-0.0068,-0.0323,-0.0008,8.0
0.93,-0.0143,-0.0135,-0.0165,-0.0015,8.0
0.931,-0.0165,-0.0158,0.0045,0.0007,8.0
0.932,0.0,-0.0165,0.0232,0.0022,7.9
0.933,-0.0015,-0.0046,0.051,0.0015,7.9
0.934,0.003,0.0255,0.0697,0.0007,7.9
0.935,0.009,0.0405,0.0742,0.0015,7.8
0.936,0.0127,0.036,0.0382,0.003,7.8
0.937,0.0157,0.0322,0.0007,0.0052,7.8
0.938,-0.0053,0.0202,-0.0308,0.0052,7.7
0.939,-0.0233,0.0045,-0.042,0.0015,7.7
0.94,-0.0105,-0.024,-0.0375,-0.0046,7.6
0.941,0.009,-0.039,-0.033,-0.0053,7.6
0.942,0.0397,-0.012,-0.0181,-0.0053,7.6
0.943,0.0202,0.0052,-0.0165,-0.0068,7.6
0.944,-0.0533,-0.0015,-0.0181,-0.0068,7.6
0.945,-0.063,-0.0046,-0.027,-0.006,7.5
0.946,-0.0503,-0.0068,-0.0368,-0.0046,7.5
0.947,-0.03,-0.0038,-0.039,-0.0015,7.5
0.948,-0.0091,-0.0008,-0.0218,-0.0008,7.4
0.949,-0.0068,0.0015,-0.0015,0.0015,7.4
0.95,0.0015,0.0037,0.0015,0.0007,7.4
0.951,-0.0091,0.003,0.0045,0.0015,7.3
0.952,-0.0008,0.0015,0.0037,0.0045,7.3
0.953,0.0015,0.0007,0.0075,0.003,7.3
0.954,0.0007,0.0007,0.0067,0.003,7.2
0.955,0.0022,-0.0008,0.0045,0.0037,7.2
0.956,-0.0015,0.0022,0.0015,0.0037,7.2
0.957,0.003,0.003,-0.0038,0.0022,7.2
0.958,0.0007,0.003,0.0015,0.0045,7.1
0.959,0.003,0.0045,0.006,0.003,7.1
0.96,0.0007,0.0052,0.0007,0.0015,7.0
0.961,0.003,0.0075,-0.0053,0.003,7.0
0.962,0.0045,0.0015,-0.0105,0.003,7.0
0.963,0.0007,-0.0053,-0.0068,0.003,7.0
0.964,-0.0015,-0.0083,0.003,0.0007,6.9
0.965,-0.003,-0.0143,0.0105,-0.0015,6.9
0.966,0.0,-0.0158,0.0172,-0.0023,6.9
0.967,0.0067,0.0007,0.0142,-0.0068,6.8
0.968,0.0082,0.0217,0.0112,-0.0083,6.8
0.969,0.0067,0.0262,0.009,-0.0083,6.8
0.97,0.0097,0.012,0.0082,-0.0068,6.7
0.971,0.0127,0.0045,0.0157,-0.0015,6.7
0.972,0.0247,0.003,0.0195,0.003,6.7
0.973,0.0442,-0.0008,0.0157,0.0075,6.7
0.974,0.0682,-0.0008,0.012,0.0067,6.6
0.975,0.0645,-0.0038,0.0075,0.0015,6.6
0.976,0.0127,-0.003,0.0015,-0.0008,6.6
0.977,-0.0128,-0.0023,0.0007,0.0037,6.5
0.978,-0.033,-0.0015,-0.0015,0.0075,6.5
0.979,-0.0518,-0.0008,-0.0053,0.0075,6.5
0.98,-0.027,-0.003,-0.0083,0.0045,6.4
0.981,-0.0188,-0.0053,-0.0083,-0.0105,6.4
0.982,-0.0091,-0.0083,-0.0053,-0.024,6.4
0.983,-0.0075,-0.0053,0.0,-0.0173,6.3
0.984,-0.0053,-0.0023,0.0037,0.0022,6.3
0.985,0.003,0.0022,0.0052,0.018,6.3
0.986,0.0015,0.0045,0.0052,0.027,6.3
0.987,0.012,0.0052,0.0082,0.0225,6.3
0.988,0.0157,0.0045,0.0105,0.0022,6.3
0.989,0.0165,0.0007,0.0105,-0.0083,6.2
0.99,0.0015,-0.0008,0.0067,-0.0046,6.2
0.991,-0.0181,-0.0015,0.0045,-0.0053,6.2
0.992,-0.0165,-0.0015,0.0052,-0.0053,6.1
0.993,-0.0023,-0.0015,0.0045,-0.003,6.1
0.994,-0.0053,-0.0015,0.0105,-0.0046,6.1
0.995,-0.0046,0.0007,0.0105,-0.0046,6.1
0.996,-0.0046,0.0015,0.0015,-0.0038,6.0
0.997,-0.0128,0.0015,-0.003,-0.0046,6.0
0.998,-0.0068,-0.0008,0.0007,-0.003,6.0
0.999,-0.0008,-0.0023,0.012,-0.0046,6.0
1.0,0.0112,-0.003,0.0232,-0.0046,5.9
1.001,0.012,0.0022,0.0247,-0.003,5.9
1.002,0.0045,0.0082,0.003,-0.003,5.9
1.003,0.0007,0.009,-0.0203,-0.0068,5.9
1.004,0.0045,0.0082,-0.0398,-0.0075,5.9
1.005,0.0082,0.0045,-0.0428,-0.0068,5.8
1.006,0.003,-0.003,-0.0315,-0.006,5.8
1.007,0.0097,-0.0083,-0.0233,-0.0046,5.8
1.008,0.0165,-0.0015,-0.0098,-0.0038,5.8
1.009,0.0015,0.0015,-0.0015,-0.0046,5.8
1.01,-0.0068,-0.0015,0.0067,-0.0046,5.8
1.011,0.0067,-0.0008,0.003,-0.0083,5.8
1.012,0.0127,-0.0023,0.0015,-0.0105,5.8
1.013,0.0075,-0.0015,0.0045,-0.0068,5.7
1.014,0.0,-0.003,0.012,-0.0015,5.7
1.015,-0.0015,-0.003,0.0172,0.0022,5.7
1.016,-0.0015,-0.0008,0.0082,0.0052,5.7
1.017,-0.0038,-0.0008,0.0045,0.0045,5.7
1.018,-0.003,0.0015,0.003,-0.0038,5.7
1.019,-0.0015,0.0015,0.0082,-0.012,5.6
1.02,-0.0008,0.0007,0.0052,-0.0105,5.6
1.021,-0.0015,0.0007,0.0015,-0.0083,5.6
1.022,-0.0015,0.0007,0.0007,-0.0053,5.6
1.023,-0.0038,0.0007,-0.0008,0.0007,5.6
1.024,-0.0068,0.0007,-0.0015,0.0045,5.6
1.025,-0.0068,0.0022,-0.003,-0.0008,5.5
1.026,-0.0083,0.009,-0.003,-0.003,5.5
1.027,-0.0091,0.0232,-0.0068,-0.0015,5.5
1.028,-0.0075,0.0292,-0.0158,-0.003,5.5
1.029,-0.006,0.0172,-0.0218,0.0007,5.5
1.03,-0.003,-0.0038,-0.0113,0.0067,5.5
1.031,0.003,-0.0203,-0.0015,0.012,5.5
1.032,0.0075,-0.0308,0.0082,0.0165,5.4
1.033,0.0127,-0.0346,0.015,0.018,5.4
1.034,0.0135,-0.0233,0.0157,0.0202,5.4
1.035,0.0067,-0.0038,0.0157,0.021,5.4
1.036,0.0007,0.0007,0.0112,0.0217,5.4
1.037,-0.0015,0.0082,0.009,0.0195,5.4
1.038,-0.003,0.0082,0.0037,0.0187,5.4
1.039,-0.003,0.0007,0.0007,0.0172,5.3
1.04,-0.003,0.0007,0.0015,0.0157,5.3
1.041,0.0052,0.003,0.003,0.0142,5.3
1.042,0.0135,0.009,0.0007,0.0142,5.3
1.043,0.0105,0.009,-0.0038,0.015,5.3
1.044,-0.0038,0.0067,-0.0046,0.012,5.2
1.045,-0.0158,0.0045,-0.006,0.0082,5.2
1.046,-0.0128,0.003,-0.006,0.0037,5.1
1.047,-0.0053,0.0022,-0.0098,0.0022,5.1
1.048,-0.003,0.0015,-0.012,0.0082,5.1
1.049,-0.0015,0.0045,-0.0195,0.0105,5.0
1.05,-0.0008,0.0037,-0.0285,0.009,5.0
1.051,-0.0015,0.0045,-0.0315,0.0097,4.9
1.052,0.0007,0.0037,-0.033,0.0015,4.9
1.053,0.003,0.0015,-0.0338,-0.0113,4.9
1.054,0.003,0.0007,-0.0353,-0.012,4.9
1.055,0.003,-0.0008,-0.039,-0.0128,4.8
1.056,0.0022,-0.0008,-0.0443,-0.0143,4.8
1.057,0.0007,0.0007,-0.0458,-0.0143,4.7
1.058,-0.0008,0.0015,-0.042,-0.0181,4.7
1.059,-0.003,0.0,-0.039,-0.0165,4.7
1.06,-0.0015,0.0007,-0.0353,-0.0158,4.6
1.061,-0.0008,-0.0023,-0.0361,-0.0143,4.6
1.062,0.0015,-0.003,-0.033,-0.0158,4.5
1.063,0.0037,-0.0015,-0.0308,-0.0173,4.5
1.064,0.0007,-0.003,-0.0308,-0.0143,4.5
1.065,-0.0023,-0.0015,-0.0233,-0.0143,4.5
1.066,-0.0008,-0.0008,-0.0195,-0.0143,4.4
1.067,-0.0015,-0.0008,-0.0165,-0.0128,4.4
1.068,-0.0053,0.0015,-0.0173,-0.0105,4.4
1.069,-0.0068,0.0037,-0.0173,-0.006,4.3
1.07,-0.0015,0.0052,-0.0091,-0.0038,4.3
1.071,0.0097,0.0045,-0.0023,-0.0038,4.2
1.072,0.0157,0.0052,0.0067,-0.0023,4.2
1.073,0.0067,0.0015,0.0135,-0.003,4.2
1.074,-0.0015,0.0015,0.0172,-0.0046,4.1
1.075,0.003,0.0037,0.0195,-0.0015,4.1
1.076,0.0015,-0.0008,0.0195,0.0,4.0
1.077,-0.0015,-0.0008,0.0225,0.0007,4.0
1.078,0.0007,-0.0008,0.0232,-0.0008,4.0
1.079,-0.0015,0.0007,0.0202,0.0,4.0
1.08,0.0015,0.0007,0.0172,0.0015,3.9
1.081,0.0015,-0.0008,0.0172,0.0007,3.9
1.082,0.0,-0.0008,0.0172,0.0007,3.8
1.083,0.0022,-0.003,0.0157,0.0007,3.8
1.084,0.0007,-0.0008,0.0157,0.0037,3.7
1.085,-0.0008,0.0007,0.0165,0.0037,3.7
1.086,-0.0015,0.003,0.0195,0.0015,3.6
1.087,-0.0008,0.0022,0.0202,0.003,3.6
1.088,-0.0015,0.0007,0.0225,0.003,3.6
1.089,-0.0015,0.0015,0.0247,0.0007,3.5
1.09,-0.0023,0.0007,0.027,0.003,3.5
1.091,-0.0015,0.0007,0.0292,0.0015,3.5
1.092,-0.0008,-0.0008,0.0277,0.0007,3.4
1.093,0.0,-0.0015,0.0285,-0.0008,3.4
1.094,-0.0008,-0.0015,0.0292,-0.0015,3.3
1.095,-0.0015,-0.0008,0.0292,0.0007,3.3
1.096,-0.0008,-0.0008,0.0285,0.0015,3.2
1.097,-0.0015,0.0022,0.0262,0.0037,3.2
1.098,-0.0015,0.003,0.0277,0.0037,3.1
1.099,-0.0008,0.0015,0.0292,0.0037,3.1
1.1,-0.0008,0.003,0.0262,0.003,3.0
1.101,0.0022,0.003,0.0277,0.0022,3.0
1.102,0.0045,0.003,0.0292,0.0037,3.0
1.103,0.006,0.0022,0.0277,0.0045,2.9
1.104,0.003,0.0015,0.0277,0.0045,2.8
1.105,-0.0008,0.0007,0.027,0.0045,2.8
1.106,-0.0008,-0.0015,0.0247,0.0037,2.7
1.107,-0.0008,-0.0015,0.0232,0.003,2.7
1.108,0.0007,-0.0008,0.024,0.0045,2.6
1.109,0.0015,0.0007,0.0225,0.003,2.6
1.11,0.0022,0.0007,0.0202,0.0007,2.5
1.111,0.003,0.0007,0.018,0.0022,2.5
1.112,0.003,0.0015,0.0157,0.003,2.4
1.113,-0.0008,0.0015,0.0127,0.0022,2.3
1.114,-0.0023,0.0007,0.0105,0.0037,2.3
1.115,-0.0015,-0.0008,0.009,0.003,2.2
1.116,0.0015,0.0,0.0075,0.0015,2.2
1.117,0.0007,-0.0015,0.003,0.0015,2.2
1.118,0.0015,-0.0008,0.003,0.003,2.1
1.119,0.0022,0.0007,0.003,0.003,2.0
1.12,0.0007,-0.0008,0.0007,0.0015,1.9
1.121,-0.0008,-0.0015,-0.0008,0.0007,1.9
1.122,-0.0008,-0.0015,-0.003,0.0007,1.9
1.123,0.0007,-0.0015,-0.0008,0.0015,1.8
1.124,0.0015,0.0,-0.003,0.003,1.8
1.125,0.0,0.0007,-0.0038,0.003,1.7
1.126,0.0,0.003,-0.0046,0.0022,1.7
1.127,-0.0015,0.0022,-0.0046,0.0015,1.6
1.128,-0.0008,0.0015,-0.003,0.0007,1.6
1.129,-0.0008,0.0015,-0.0023,0.0015,1.5
1.13,0.0007,-0.0008,0.0007,-0.0008,1.5
1.131,0.0015,0.0015,0.003,-0.0008,1.4
1.132,0.0007,0.0015,0.0015,0.003,1.4
1.133,0.0015,0.0007,0.0007,0.003,1.3
1.134,0.0,0.0022,0.0015,0.003,1.3
1.135,-0.0008,0.0007,0.0037,0.0015,1.2
1.136,0.0,0.0007,0.0045,0.0007,1.2
1.137,-0.0015,0.0007,0.0037,-0.0008,1.1
1.138,-0.0015,0.0,0.0045,-0.0015,1.1
1.139,-0.0008,0.0007,0.0045,-0.003,1.0
1.14,0.0007,-0.0008,0.0052,-0.003,0.9
1.141,0.0007,-0.0015,0.0075,-0.0015,0.9
1.142,-0.0008,-0.0008,0.0082,-0.0053,0.9
1.143,0.0,-0.0015,0.0082,-0.0068,0.9
1.144,-0.0008,-0.003,0.0067,-0.0015,0.8
1.145,-0.0015,-0.0015,0.0052,-0.0008,0.8
1.146,-0.0023,-0.0008,0.0045,-0.0046,0.7
1.147,-0.003,0.0015,0.0052,-0.0015,0.7
1.148,-0.0015,0.0007,0.0067,0.0007,0.6
1.149,-0.0008,0.0015,0.0052,-0.0046,0.6
1.15,0.0,0.003,0.0037,0.0007,0.5
1.151,0.0007,0.0015,0.0052,0.0052,0.4
1.152,0.0015,0.0015,0.0037,0.0022,0.4
1.153,0.0015,-0.0008,0.0037,0.0015,0.4
1.154,0.0,-0.0008,0.003,-0.0008,0.3
1.155,0.0007,-0.0008,0.0007,0.0045,0.3
1.156,0.0,0.0007,-0.003,0.0052,0.2
1.157,-0.0023,0.0007,-0.0023,-0.003,0.2
1.158,-0.0015,0.0,-0.0008,-0.006,0.1
1.159,-0.0008,0.0,-0.0008,-0.0038,0.1
1.16,0.0022,0.0007,-0.003,-0.003,0.0
1.161,0.003,0.0007,-0.0038,-0.003,0.0
1.162,0.0015,-0.0008,-0.0046,-0.0046,0.0
1.163,0.003,0.0007,-0.0053,-0.0053,-0.1
1.164,0.003,0.0007,-0.0053,-0.0046,-0.1
1.165,0.0022,-0.0008,-0.0068,-0.0015,-0.2
1.166,0.0022,-0.0015,-0.0068,-0.0008,-0.2
1.167,0.0022,0.0007,-0.0083,-0.0015,-0.3
1.168,0.0015,0.0007,-0.0105,-0.0038,-0.3
1.169,0.0007,0.0,-0.0143,-0.0023,-0.4
1.17,0.0022,0.0007,-0.0143,0.003,-0.4
1.171,0.0022,-0.0008,-0.0135,0.0082,-0.5
1.172,-0.0008,0.0,-0.0135,0.0082,-0.5
1.173,0.0,0.0,-0.0143,0.0037,-0.5
1.174,0.0007,-0.0015,-0.015,0.0007,-0.6
1.175,0.0007,-0.0008,-0.015,0.0022,-0.6
1.176,0.0015,-0.0015,-0.0143,0.006,-0.7
1.177,0.0007,-0.003,-0.0128,0.0082,-0.7
1.178,0.0015,-0.0015,-0.0135,0.0015,-0.8
1.179,0.0022,-0.0015,-0.0135,-0.0098,-0.8
1.18,0.0007,0.0,-0.0128,-0.0105,-0.9
1.181,0.0007,0.0015,-0.0105,-0.0015,-0.9
1.182,0.0015,0.0022,-0.0098,0.006,-0.9
1.183,0.003,0.0015,-0.0113,0.0127,-1.0
1.184,0.003,0.0015,-0.0105,0.0157,-1.0
1.185,0.0007,0.0015,-0.0105,0.009,-1.1
1.186,0.0007,0.0022,-0.0091,0.003,-1.1
1.187,0.0007,0.003,-0.0083,-0.0023,-1.2
1.188,-0.0008,0.003,-0.0091,-0.0083,-1.2
1.189,-0.0008,0.003,-0.0068,-0.0113,-1.3
1.19,0.0007,0.003,-0.0068,-0.0143,-1.3
1.191,0.0007,0.0022,-0.0038,-0.0158,-1.3
1.192,0.0022,-0.0008,-0.0015,-0.0143,-1.4
1.193,0.0015,-0.0023,-0.0015,-0.0098,-1.4
1.194,-0.0015,-0.0015,0.0,-0.0015,-1.4
1.195,-0.003,0.0,0.0015,0.0015,-1.5
1.196,-0.0008,0.0022,0.0015,0.0015,-1.5
1.197,-0.0008,0.0015,0.0015,0.003,-1.6
1.198,-0.0008,0.0015,0.003,0.0015,-1.6
1.199,-0.0008,0.0,0.0022,0.0015,-1.7
1.2,-0.003,0.0,0.003,0.0022,-1.8
1.201,-0.0023,0.0015,0.003,0.0015,-1.8
1.202,-0.0023,0.0007,0.0015,0.0007,-1.8
1.203,0.0,0.0015,0.003,-0.0008,-1.8
1.204,0.0015,0.003,0.0015,0.0,-1.8
1.205,-0.0008,0.0007,0.0007,0.0007,-1.8
1.206,-0.0008,0.0015,0.0,0.0022,-1.9
1.207,0.0,-0.0008,-0.0008,0.0045,-1.9
1.208,0.0007,-0.0008,-0.0015,0.003,-1.9
1.209,0.003,0.0007,-0.0008,0.0015,-2.0
1.21,0.0022,-0.0015,0.0022,0.003,-2.0
1.211,0.0007,-0.0015,0.003,0.0052,-2.0
1.212,0.0007,-0.0023,0.0015,0.0045,-2.1
1.213,0.0007,-0.0008,0.0015,0.0,-2.1
1.214,-0.0008,0.0,0.0015,0.0007,-2.1
1.215,0.0,0.0,0.0022,0.0007,-2.2
1.216,0.0007,-0.0008,0.0,-0.003,-2.2
1.217,0.0007,-0.0008,-0.0015,-0.0023,-2.2
1.218,0.0015,0.0015,-0.0015,-0.0015,-2.3
1.219,-0.0008,0.0007,-0.0008,-0.003,-2.3
1.22,-0.0015,-0.0008,0.0007,-0.0023,-2.3
1.221,-0.0008,0.0015,0.0007,-0.0008,-2.3
1.222,-0.0008,0.0007,0.0022,-0.0023,-2.3
1.223,0.0,0.0007,0.0007,-0.003,-2.3
1.224,0.0,-0.0023,0.0022,-0.0015,-2.3
1.225,-0.0008,-0.003,0.0037,-0.0008,-2.3
1.226,-0.0015,-0.0008,0.0022,-0.0008,-2.3
1.227,0.0,-0.0015,0.0045,-0.0015,-2.3
1.228,0.0022,0.0015,0.0052,-0.0023,-2.4
1.229,0.0007,0.0007,0.006,-0.0023,-2.4
1.23,0.0,0.0,0.0052,-0.0015,-2.4
1.231,0.0015,0.0015,0.003,-0.0008,-2.4
1.232,0.0022,0.0007,0.0015,-0.0008,-2.4
1.233,0.0015,0.0007,0.0007,-0.0015,-2.4
1.234,0.0007,0.0007,-0.003,-0.0023,-2.4
1.235,0.0,0.0015,-0.003,-0.0015,-2.4
1.236,-0.0008,0.0,-0.0008,-0.0038,-2.4
1.237,-0.0015,0.0007,-0.003,-0.006,-2.4
1.238,0.0,0.0015,-0.0015,-0.003,-2.5
1.239,0.0,0.0007,-0.0046,-0.0015,-2.5
1.24,0.0007,0.0015,-0.0068,-0.0015,-2.5
1.241,0.0015,0.0007,-0.0068,-0.0015,-2.5
1.242,0.0015,0.0007,-0.006,0.0007,-2.5
1.243,0.0,0.003,-0.0046,0.0015,-2.5
1.244,-0.0008,0.0022,-0.006,0.003,-2.5
1.245,0.0007,0.0015,-0.0075,0.0075,-2.4
1.246,0.0007,0.0015,-0.0075,0.0105,-2.4
1.247,0.0007,0.0015,-0.0068,0.0052,-2.4
1.248,0.0015,0.0015,-0.0068,0.0015,-2.4
1.249,0.0022,0.0007,-0.006,0.0045,-2.4
1.25,0.0007,0.0022,-0.003,0.0015,-2.3
1.251,-0.0008,0.0015,-0.0046,-0.0008,-2.3
1.252,0.0,-0.0015,-0.006,-0.0046,-2.3
1.253,0.0015,0.0007,-0.006,-0.0046,-2.3
1.254,0.0007,0.0,-0.0068,0.0,-2.3
1.255,-0.0008,0.0,-0.006,-0.0008,-2.3
1.256,-0.0015,-0.0008,-0.0053,-0.003,-2.3
1.257,-0.0008,-0.0008,-0.0038,-0.0046,-2.3
1.258,-0.0015,0.0007,-0.0046,-0.0023,-2.3
1.259,0.0,0.0007,-0.0046,-0.0015,-2.2
1.26,0.0,0.0015,-0.003,-0.003,-2.2
1.261,-0.0008,0.0007,-0.003,-0.0015,-2.2
1.262,-0.0008,0.0,-0.0023,0.0,-2.1
1.263,-0.0008,0.0015,0.0007,0.0,-2.1
1.264,0.0,-0.0008,0.0015,-0.0008,-2.1
1.265,-0.0015,-0.0008,0.0007,0.0007,-2.0
1.266,-0.0015,-0.0008,0.0007,-0.0008,-2.0
1.267,-0.003,0.0,0.0007,-0.0008,-1.9
1.268,-0.0015,0.0007,0.003,0.0007,-1.9
1.269,-0.0008,-0.0008,0.0045,0.0,-1.8
1.27,-0.0015,-0.0008,0.0045,-0.0008,-1.8
1.271,0.0007,-0.0008,0.006,0.0015,-1.8
1.272,-0.0008,0.0007,0.0067,0.0015,-1.8
1.273,-0.0008,0.0007,0.0082,0.0007,-1.7
1.274,0.0,-0.0008,0.0045,0.0,-1.7
1.275,0.0,0.0015,-0.0053,0.0,-1.6
1.276,-0.0015,0.0007,-0.0128,0.0015,-1.6
1.277,-0.0008,0.0007,-0.0075,0.0007,-1.6
1.278,-0.0008,0.0015,-0.003,0.0007,-1.5
1.279,-0.0008,0.0007,-0.0015,0.0022,-1.5
1.28,0.0007,0.003,0.009,0.0,-1.4
1.281,-0.0008,0.003,0.0225,-0.0008,-1.4
1.282,0.0,0.003,0.0255,0.0007,-1.3
1.283,-0.0008,0.0015,0.0262,0.0,-1.3
1.284,-0.0008,0.003,0.0262,0.0007,-1.2
1.285,0.0015,0.003,0.024,0.0007,-1.1
1.286,0.0015,0.0015,0.0232,0.0007,-1.1
1.287,0.003,0.0015,0.021,0.0007,-1.0
1.288,0.0022,-0.0008,0.0195,0.0007,-0.9
1.289,0.0015,-0.0015,0.0187,-0.0008,-0.9
1.29,0.0015,0.0,0.0165,-0.0008,-0.8
1.291,0.0015,-0.0008,0.0157,0.0007,-0.8
1.292,0.0007,0.0007,0.0157,-0.0008,-0.7
1.293,0.0015,0.0015,0.0165,0.0007,-0.6
1.294,0.0015,-0.0008,0.0157,0.0015,-0.5
1.295,-0.0008,-0.0015,0.0142,0.0,-0.5
1.296,0.0007,0.0015,0.015,0.0015,-0.5
1.297,0.0015,0.0007,0.0112,0.0015,-0.4
1.298,-0.0008,0.0015,-0.0068,-0.0008,-0.3
1.299,-0.0008,0.0015,-0.012,-0.0015,-0.2
1.3,0.0007,0.0007,0.0007,-0.0008,-0.2
1.301,-0.0008,0.0,0.0007,-0.0015,-0.1
1.302,-0.0015,0.0007,0.0052,-0.0023,0.0
1.303,-0.0023,0.0015,0.009,-0.0008,0.0
1.304,-0.0015,-0.0015,0.0075,-0.0008,0.1
1.305,0.0,-0.0008,0.0082,-0.0008,0.2
1.306,-0.0015,-0.0008,0.0045,-0.0008,0.3
1.307,-0.0015,-0.0015,0.0045,0.0,0.4
1.308,0.0,-0.0008,0.003,-0.0008,0.4
1.309,-0.0008,0.0,0.003,-0.0008,0.5
1.31,0.0007,0.0007,0.0007,0.0007,0.6
1.311,0.0007,-0.0008,0.0007,-0.0008,0.7
1.312,-0.0008,-0.0015,-0.0023,0.0,0.7
1.313,-0.0008,-0.0008,-0.0046,0.0,0.8
1.314,-0.0023,-0.0008,-0.0023,-0.0023,0.9
1.315,0.0,0.0,-0.0038,-0.0023,1.0
1.316,0.0007,-0.0008,-0.0053,-0.0015,1.0
1.317,0.0007,-0.0008,-0.0068,-0.0038,1.1
1.318,0.0007,-0.0008,-0.0083,-0.0023,1.2
1.319,-0.0008,-0.0008,-0.0098,-0.0008,1.3
1.32,-0.0008,0.0,-0.0091,-0.0008,1.3
1.321,-0.0015,0.0007,-0.0105,-0.0008,1.4
1.322,-0.0015,0.0007,-0.0098,-0.0015,1.5
1.323,-0.0008,-0.0008,-0.0091,-0.003,1.6
1.324,-0.0015,0.0007,-0.0091,-0.003,1.7
1.325,-0.0015,0.0022,-0.0098,-0.0008,1.8
1.326,0.0007,0.0015,-0.0135,-0.0008,1.9
1.327,0.0007,0.0015,-0.0128,0.0007,2.0
1.328,0.0,0.0015,-0.0143,0.0015,2.1
1.329,0.0007,0.0022,-0.0143,0.0007,2.2
1.33,0.0007,0.003,-0.015,0.0015,2.2
1.331,-0.0008,0.0015,-0.0143,0.003,2.3
1.332,0.0007,0.0007,-0.0143,0.0022,2.4
1.333,0.0015,-0.0008,-0.0165,0.0015,2.5
1.334,0.0007,0.0007,-0.0158,0.0007,2.6
1.335,0.0007,0.0007,-0.0195,0.0022,2.6
1.336,0.0022,0.0007,-0.0203,0.0022,2.7
1.337,0.0015,0.0,-0.021,0.0007,2.8
1.338,0.0007,-0.0008,-0.0203,0.0007,2.9
1.339,0.0,-0.0008,-0.0203,0.0007,3.0
1.34,-0.0015,-0.0008,-0.0218,0.0007,3.1
1.341,-0.0015,0.0007,-0.0195,0.0015,3.2
1.342,-0.0008,0.0007,-0.0203,0.003,3.3
1.343,-0.0015,0.0015,-0.0195,0.003,3.4
1.344,-0.0023,0.0,-0.0181,0.0045,3.5
1.345,-0.0008,0.0,-0.0188,0.0045,3.6
1.346,-0.0008,-0.0008,-0.0188,0.0037,3.7
1.347,0.0,-0.0008,-0.0181,0.0045,3.8
1.348,0.0,0.0007,-0.0181,0.003,3.9
1.349,-0.0008,0.0007,-0.0173,0.0037,4.0
1.35,-0.0015,0.0015,-0.0165,0.0037,4.1
1.351,-0.0015,0.0022,-0.0158,0.0015,4.2
1.352,-0.0008,0.0015,-0.0143,0.003,4.3
1.353,0.0007,0.0007,-0.0128,0.0045,4.4
1.354,0.0,0.0015,-0.0128,0.003,4.5
1.355,-0.0008,0.0015,-0.0105,0.0015,4.5
1.356,-0.0008,0.0007,-0.0091,0.003,4.6
1.357,-0.0008,0.0022,-0.0075,0.0045,4.8
1.358,0.0,0.0022,-0.0046,0.0022,4.9
1.359,-0.0008,0.0022,-0.0053,0.0015,4.9
1.36,-0.0008,0.003,-0.0038,0.0007,5.0
1.361,-0.0008,0.003,-0.003,0.0037,5.1
1.362,0.0,0.0007,-0.003,0.003,5.2
1.363,-0.0008,-0.0015,-0.0023,-0.0015,5.3
1.364,-0.0015,-0.0008,-0.0023,-0.003,5.4
1.365,-0.0015,-0.0015,-0.0038,-0.0015,5.5
1.366,-0.0015,-0.003,-0.0046,-0.0023,5.6
1.367,-0.0015,-0.003,-0.0046,-0.0015,5.8
1.368,-0.0008,-0.003,-0.0015,-0.0015,5.8
1.369,-0.0008,-0.003,-0.0008,-0.0015,5.9
1.37,-0.0008,-0.003,0.0007,-0.0015,6.1
1.371,0.0007,-0.0008,0.0037,-0.0023,6.2
1.372,0.0007,0.0015,0.0045,-0.0015,6.3
1.373,0.0015,0.0007,0.006,-0.0008,6.3
1.374,0.0022,-0.0008,0.0105,-0.003,6.5
1.375,0.0022,0.0015,0.0135,-0.003,6.6
1.376,0.0052,0.0015,0.015,-0.0015,6.7
1.377,0.0067,0.0037,0.0187,-0.0008,6.7
1.378,0.0067,0.0067,0.0225,0.0,6.9
1.379,0.0082,0.006,0.0202,0.0015,7.0
1.38,0.0067,0.0075,0.0172,0.0007,7.1
1.381,0.0045,0.0045,0.0142,0.0,7.2
1.382,0.0045,0.0022,0.009,0.0007,7.3
1.383,0.0015,0.0022,0.0075,0.0,7.5
1.384,0.0,0.0015,0.0052,-0.0023,7.6
1.385,-0.0008,0.0007,0.0045,-0.003,7.7
1.386,-0.0015,-0.0008,0.003,-0.003,7.8
1.387,-0.003,-0.0008,-0.0008,-0.003,8.0
1.388,-0.0046,0.0007,0.0015,-0.003,8.1
1.389,-0.003,0.0022,0.0037,-0.003,8.2
1.39,-0.0038,0.0007,0.0,-0.0023,8.4
1.391,-0.003,-0.0008,0.0,-0.003,8.5
1.392,-0.0008,0.0007,-0.0008,-0.0046,8.6
1.393,-0.0015,-0.0008,-0.0015,-0.0046,8.8
1.394,-0.0015,-0.0015,-0.0008,-0.0023,8.9
1.395,-0.0023,-0.0015,-0.0008,-0.0015,9.0
1.396,-0.0015,-0.0015,0.0007,-0.0015,9.1
1.397,-0.0008,-0.0015,-0.0008,-0.0023,9.3
1.398,0.0,-0.0008,-0.0015,-0.0023,9.4
1.399,-0.0008,-0.0008,-0.0015,0.0015,9.5
1.4,-0.0008,-0.0023,-0.0008,0.003,9.7
1.401,0.0,-0.0008,0.0007,0.0045,9.8
1.402,0.0015,0.0,-0.0008,0.0045,10.0
1.403,0.0007,-0.0015,0.0007,0.0022,10.2
1.404,0.0007,-0.0015,0.0015,0.0037,10.3
1.405,0.0007,-0.0008,0.0015,0.0037,10.5
1.406,0.0007,-0.0008,0.0007,0.003,10.6
1.407,-0.0008,0.0007,0.0,0.0015,10.7
1.408,0.0,0.0015,0.0015,0.0015,10.9
1.409,0.0007,0.0007,0.0015,0.0052,11.1
1.41,0.0,0.0007,0.0007,0.0045,11.2
1.411,0.0015,-0.0008,0.0,0.0045,11.4
1.412,0.003,-0.0023,0.0007,0.0045,11.6
1.413,0.0015,-0.0015,0.0037,0.006,11.7
1.414,0.0007,-0.0008,0.0052,0.0097,11.9
1.415,0.003,0.0015,0.0082,0.0112,12.1
1.416,0.0052,0.0015,0.0112,0.0112,12.2
1.417,0.0052,0.003,0.0142,0.0105,12.3
1.418,0.0052,0.003,0.0112,0.0105,12.5
1.419,0.0037,0.0045,0.0067,0.0097,12.7
1.42,0.0015,0.003,0.003,0.012,12.8
1.421,0.0015,0.003,0.0015,0.0127,13.0
1.422,0.003,0.0045,0.0015,0.012,13.3
1.423,0.003,0.003,0.006,0.0127,13.5
1.424,0.003,0.0015,0.0165,0.0157,13.7
1.425,0.0067,0.0015,0.0165,0.0195,13.9
1.426,0.006,0.0015,0.0007,0.0172,14.2
1.427,0.003,0.0007,-0.0083,0.0142,14.4
1.428,0.0,0.0015,-0.0158,0.0105,14.6
1.429,-0.0023,0.0022,-0.0188,0.0097,14.8
1.43,-0.0038,0.0015,-0.0181,0.0082,15.1
1.431,-0.0046,0.0015,-0.0203,0.003,15.3
1.432,-0.0046,0.0007,-0.0195,0.0007,15.6
1.433,-0.0038,-0.0015,-0.0195,-0.003,15.8
1.434,-0.0053,-0.003,-0.0158,-0.0053,16.0
1.435,-0.0053,-0.0023,-0.012,-0.0068,16.2
1.436,-0.003,-0.0015,-0.0068,-0.0068,16.5
1.437,-0.0023,-0.0008,-0.0008,-0.0068,16.7
1.438,-0.0015,-0.0008,0.0037,-0.0083,16.9
1.439,-0.0008,0.0,0.0045,-0.0113,17.1
1.44,-0.0015,0.0,0.0052,-0.012,17.4
1.441,-0.0008,0.0,0.0067,-0.0113,17.7
1.442,-0.0008,0.0007,0.006,-0.0128,18.0
1.443,0.0,0.0015,0.009,-0.0128,18.3
1.444,0.0007,0.0022,0.0097,-0.0135,18.6
1.445,0.0007,0.0022,0.0105,-0.0158,18.9
1.446,0.0007,0.003,0.0082,-0.0158,19.2
1.447,0.0007,0.003,0.0067,-0.0158,19.5
1.448,-0.0008,0.0015,0.009,-0.015,19.8
1.449,-0.0008,0.0007,0.006,-0.0143,20.1
1.45,-0.0008,-0.0008,0.0067,-0.0143,20.4
1.451,-0.0015,-0.0008,0.0052,-0.015,20.7
1.452,-0.0023,-0.0008,0.003,-0.0128,21.0
1.453,-0.003,-0.0008,0.0052,-0.0113,21.3
1.454,-0.0023,0.0007,0.003,-0.012,21.6
1.455,-0.0023,0.0015,0.003,-0.0113,21.9
1.456,-0.0008,0.0015,0.003,-0.0105,22.2
1.457,-0.0008,0.0007,0.003,-0.0128,22.5
1.458,-0.0008,0.0007,0.0022,-0.0128,22.8
1.459,0.0007,0.0,0.003,-0.012,23.1
1.46,-0.0008,-0.0008,0.003,-0.0181,23.4
1.461,-0.0008,-0.0008,0.0015,-0.0346,23.7
1.462,-0.0008,-0.0008,0.0045,-0.0383,24.1
1.463,-0.0008,0.003,0.0067,-0.0165,24.4
1.464,0.0,0.003,0.0052,-0.0046,24.7
1.465,-0.0008,0.0015,0.003,-0.0008,25.1
1.466,0.0007,0.0022,0.003,-0.003,25.4
1.467,0.0007,-0.0008,0.0052,-0.003,25.7
1.468,0.0007,-0.0008,0.009,0.0052,26.1
1.469,0.0007,-0.0015,0.0142,0.0,26.5
1.47,0.003,-0.003,0.0172,0.0015,26.8
1.471,0.0052,-0.003,0.0202,0.003,27.1
1.472,0.0037,-0.003,0.0202,0.0,27.4
1.473,0.003,-0.0015,0.0165,0.0022,27.8
1.474,0.0022,-0.0015,0.0127,0.0015,28.1
1.475,0.0015,-0.0015,0.0075,0.0037,28.5
1.476,0.0007,-0.0015,0.006,0.003,28.8
1.477,0.0,-0.003,0.0067,0.0045,29.1
1.478,0.0007,-0.0015,0.0052,0.0052,29.5
1.479,0.0007,0.0007,0.006,0.0052,29.8
1.48,0.0015,0.0015,0.0112,0.009,30.1
1.481,0.0015,0.0015,0.012,0.009,30.4
1.482,0.0015,0.003,0.0082,0.009,30.7
1.483,0.0037,0.003,0.006,0.009,31.0
1.484,0.0022,0.003,0.0015,0.0097,31.3
1.485,0.0015,0.0045,-0.0015,0.009,31.5
1.486,0.0022,0.0037,0.003,0.0067,31.8
1.487,0.0022,0.0052,0.0097,0.0052,32.1
1.488,0.003,0.006,0.012,0.0037,32.4
1.489,0.003,0.003,0.0067,0.0022,32.7
1.49,0.0022,0.0015,0.0037,-0.0023,32.9
1.491,0.0022,0.0007,0.003,-0.0038,33.2
1.492,0.0022,0.0015,0.0097,-0.0023,33.5
1.493,0.0015,0.0015,0.0142,-0.0053,33.8
1.494,0.003,0.0015,0.0135,-0.0083,34.1
1.495,0.0045,0.0015,0.018,-0.0068,34.3
1.496,0.0037,-0.0008,0.0195,-0.0083,34.6
1.497,0.0045,-0.0008,0.0202,-0.0098,34.9
1.498,0.0052,-0.0015,0.021,-0.0083,35.2
1.499,0.0067,-0.003,0.0202,-0.0105,35.5
1.5,0.006,-0.003,0.024,-0.0105,35.7
1.501,0.0067,-0.006,0.0202,-0.0083,36.0
1.502,0.006,-0.0046,0.0135,-0.0091,36.2
1.503,0.006,-0.003,0.0105,-0.0083,36.4
1.504,0.0045,-0.0015,0.006,-0.0068,36.6
1.505,0.0037,0.0,0.0037,-0.006,36.9
1.506,0.0015,0.0,-0.0008,-0.006,37.1
1.507,-0.0008,0.0015,-0.0091,-0.003,37.3
1.508,-0.0015,0.0022,-0.0105,-0.0023,37.5
1.509,-0.0023,0.0015,-0.0098,-0.0023,37.8
1.51,-0.003,0.0007,-0.0091,-0.0015,38.0
1.511,-0.0015,-0.0015,-0.0091,-0.0008,38.2
1.512,-0.0015,-0.0015,-0.012,0.0007,38.4
1.513,-0.003,-0.0008,-0.0105,0.0007,38.6
1.514,-0.0015,-0.0015,-0.012,0.003,38.9
1.515,-0.003,-0.003,-0.0158,0.0052,39.1
1.516,-0.0046,-0.0023,-0.0165,0.0082,39.3
1.517,-0.003,0.0015,-0.0158,0.0105,39.6
1.518,-0.003,0.003,-0.0165,0.0112,39.8
1.519,-0.003,0.0022,-0.0135,0.0135,40.0
1.52,-0.0015,0.003,-0.0068,0.0157,40.2
1.521,-0.0015,0.003,-0.0075,0.0187,40.5
1.522,-0.0008,0.0022,-0.0068,0.0187,40.7
1.523,-0.0008,0.0015,-0.0023,0.0187,40.9
1.524,-0.0008,-0.0008,-0.0015,0.0202,41.2
1.525,0.0007,-0.0015,-0.0015,0.0195,41.4
1.526,-0.0008,0.0007,-0.0046,0.0172,41.7
1.527,-0.0015,0.0007,-0.0091,0.018,41.9
1.528,-0.0038,0.0,-0.0143,0.0165,42.2
1.529,-0.0046,0.0,-0.0143,0.0157,42.4
1.53,-0.0046,0.0015,-0.0128,0.0157,42.7
1.531,-0.006,0.0015,-0.015,0.0127,42.9
1.532,-0.0068,0.0,-0.0203,0.0105,43.1
1.533,-0.0053,0.0015,-0.0195,0.009,43.4
1.534,-0.0046,0.003,-0.0181,0.0067,43.6
1.535,-0.0053,0.0015,-0.0195,0.0052,43.9
1.536,-0.0053,0.0022,-0.0181,0.0052,44.1
1.537,-0.0053,0.0022,-0.015,0.0045,44.4
1.538,-0.0046,0.0015,-0.0143,0.0045,44.6
1.539,-0.0046,0.0022,-0.015,0.0015,44.9
1.54,-0.003,0.0015,-0.0105,-0.003,45.1
1.541,-0.003,0.003,-0.0091,-0.0046,45.4
1.542,-0.003,0.0037,-0.0075,-0.0046,45.6
1.543,-0.0015,0.0015,-0.0075,-0.0068,45.9
1.544,-0.0038,0.0022,-0.0091,-0.0075,46.2
1.545,-0.0015,0.0015,-0.0083,-0.0075,46.4
1.546,-0.0015,0.003,-0.0091,-0.0068,46.7
1.547,-0.0008,0.0045,-0.0068,-0.0053,46.9
1.548,0.0015,0.0045,-0.0053,-0.0053,47.2
1.549,-0.0008,0.0052,-0.0015,-0.0046,47.5
1.55,0.0007,0.0052,0.003,-0.003,47.7
1.551,0.003,0.0052,0.0082,-0.0038,48.0
1.552,0.0037,0.003,0.0105,-0.0053,48.2
1.553,0.0037,0.0015,0.0052,-0.006,48.5
1.554,0.0015,0.0007,0.0045,-0.0053,48.8
1.555,0.0022,0.0007,0.0052,-0.0053,49.0
1.556,0.0045,0.0007,0.0067,-0.0068,49.3
1.557,0.0015,0.0007,0.0075,-0.0068,49.5
1.558,0.0007,-0.0008,0.0082,-0.0053,49.8
1.559,0.0,-0.0015,0.0067,-0.0046,50.0
1.56,0.003,-0.0023,0.009,-0.0046,50.3
1.561,0.0052,-0.003,0.0105,-0.0046,50.5
1.562,0.003,-0.0015,0.009,-0.0038,50.7
1.563,0.0045,0.0015,0.012,-0.0015,50.9
1.564,0.003,0.0082,0.0112,-0.0015,51.1
1.565,0.0015,0.012,0.012,-0.0008,51.3
1.566,0.0007,0.009,0.0097,-0.0008,51.6
1.567,-0.0015,0.0015,0.0105,-0.0008,51.7
1.568,-0.0023,-0.003,0.0105,0.0007,52.0
1.569,-0.003,-0.0068,0.009,0.0,52.2
1.57,-0.0015,-0.0083,0.0067,0.0,52.4
1.571,-0.003,-0.0098,0.0045,-0.0015,52.6
1.572,-0.0015,-0.0113,0.0045,-0.0015,52.8
1.573,0.0007,-0.0105,0.0045,-0.0015,53.0
1.574,0.0022,-0.0068,0.0067,-0.003,53.2
1.575,0.0045,-0.003,0.0052,-0.0008,53.4
1.576,0.0045,-0.003,0.0052,-0.0015,53.6
1.577,0.003,0.0,0.0052,-0.0015,53.8
1.578,0.0015,0.0045,0.0067,0.0007,54.0
1.579,0.003,0.0082,0.009,0.0015,54.2
1.58,0.0022,0.009,0.009,0.0037,54.4
1.581,0.0015,0.009,0.0097,0.003,54.5
1.582,0.003,0.012,0.0075,0.0007,54.7
1.583,0.0045,0.0097,0.006,0.0007,54.8
1.584,0.0037,0.0,0.0015,0.0007,54.9
1.585,0.0037,-0.0068,0.0015,0.0022,55.0
1.586,0.0015,-0.0091,0.0045,0.0022,55.1
1.587,-0.0008,-0.0113,0.0052,0.0015,55.2
1.588,0.0022,-0.0128,0.0037,0.0022,55.3
1.589,0.003,-0.0113,0.003,0.0007,55.4
1.59,0.003,-0.0075,0.003,0.0007,55.5
1.591,0.0015,-0.0075,0.0007,0.0015,55.6
1.592,0.0007,-0.0068,0.0007,0.0015,55.7
1.593,0.0007,-0.0046,-0.0008,0.0007,55.8
1.594,0.0,-0.0008,0.003,0.0,55.9
1.595,-0.0015,0.0037,0.003,0.0015,56.0
1.596,0.0007,0.0052,-0.0008,0.0007,56.1
1.597,0.0,0.0082,-0.0015,0.0007,56.2
1.598,-0.0008,0.0052,-0.003,0.0,56.3
1.599,-0.0008,0.0015,-0.0053,0.0007,56.4
1.6,-0.0023,0.0007,-0.003,0.003,56.5
1.601,-0.0008,0.0,-0.0015,0.0,56.6
1.602,-0.0015,0.0,-0.0038,-0.0008,56.6
1.603,-0.0023,-0.0008,-0.003,-0.0008,56.6
1.604,-0.0015,0.0007,-0.0038,0.0007,56.7
1.605,-0.0008,0.0015,-0.0023,0.0022,56.7
1.606,-0.0008,0.003,-0.0008,0.0022,56.7
1.607,0.0007,0.0045,0.0007,0.0022,56.7
1.608,0.0015,0.0037,0.0,0.0007,56.8
1.609,0.0015,0.0045,0.0,0.0007,56.8
1.61,0.0007,0.0037,0.0007,0.0007,56.8
1.611,0.0007,0.0037,-0.0008,0.0007,56.9
1.612,-0.0008,0.0022,-0.0015,0.0007,56.9
1.613,0.0,0.0052,-0.0015,0.0,56.9
1.614,0.003,0.0127,-0.0008,0.0015,57.0
1.615,0.003,0.0165,0.0007,0.0015,57.0
1.616,0.0022,0.0127,-0.0008,0.0015,57.0
1.617,0.0015,0.0045,-0.0008,0.0007,57.1
1.618,0.0007,0.0015,0.0007,0.0007,57.1
1.619,0.0015,-0.003,-0.0008,0.0007,57.1
1.62,0.0007,-0.0083,-0.0023,-0.0008,57.1
1.621,0.0,-0.0083,-0.0023,0.0007,57.1
1.622,0.0,-0.0075,-0.003,0.0,57.1
1.623,0.0,-0.0083,-0.0023,0.0,57.1
1.624,-0.0008,-0.0075,-0.0008,0.0007,57.1
1.625,-0.003,-0.0068,0.0007,0.0007,57.1
1.626,-0.0023,-0.0068,0.0015,0.0007,57.1
1.627,-0.0008,-0.0068,0.0,-0.0015,57.1
1.628,-0.0015,-0.0068,-0.0015,-0.003,57.1
1.629,-0.0008,-0.0053,-0.0015,-0.0053,57.1
1.63,-0.0015,-0.0046,-0.0015,-0.006,57.0
1.631,-0.0008,-0.0023,-0.0015,-0.003,57.0
1.632,0.0,-0.0023,-0.0015,-0.0015,57.0
1.633,0.0,-0.0015,0.0,-0.003,57.0
1.634,0.0,0.0,-0.0008,-0.0023,57.0
1.635,0.0015,0.0015,0.0007,-0.0015,57.0
1.636,0.0015,0.003,0.0007,-0.0015,56.9
1.637,0.003,0.003,0.0022,-0.003,56.9
1.638,0.0007,0.003,0.0007,-0.0046,56.9
1.639,0.0,0.0037,-0.0015,-0.0046,56.9
1.64,0.0007,0.0052,-0.0023,-0.003,56.8
1.641,-0.0008,0.0052,-0.0046,0.0,56.8
1.642,-0.0008,0.0045,-0.0023,0.0007,56.7
1.643,0.0,0.003,-0.0046,-0.0008,56.7
1.644,-0.0008,0.0045,-0.0046,-0.0008,56.7
1.645,-0.0008,0.0052,-0.0038,-0.0008,56.6
1.646,0.0007,0.003,-0.0038,-0.0015,56.5
1.647,-0.0015,0.0022,-0.0038,-0.0015,56.5
1.648,-0.0015,0.003,-0.0046,-0.0015,56.4
1.649,0.0007,0.003,-0.0023,-0.0008,56.3
1.65,0.0,0.003,0.0007,0.0015,56.2
1.651,-0.0008,0.003,0.0022,0.0022,56.2
1.652,-0.0015,0.003,0.0015,0.003,56.2
1.653,-0.0023,0.003,0.0015,0.003,56.1
1.654,-0.0015,0.0015,0.0007,0.0015,56.0
1.655,-0.0015,0.0007,0.0,0.0007,56.0
1.656,-0.0008,0.0007,-0.0008,0.0015,55.9
1.657,0.0,-0.0015,-0.0008,-0.0008,55.8
1.658,0.0007,-0.0008,-0.0023,-0.0008,55.8
1.659,0.0007,0.0007,-0.0015,-0.0008,55.7
1.66,0.0,-0.0008,0.0007,-0.0015,55.6
1.661,0.0007,-0.0008,0.0007,0.0007,55.6
1.662,0.003,-0.0008,-0.0008,0.0007,55.4
1.663,0.0022,-0.0008,-0.003,0.0007,55.3
1.664,0.0022,-0.0008,-0.0015,0.0007,55.2
1.665,-0.0008,0.0007,-0.0023,0.0,55.1
1.666,-0.0015,0.0,-0.0023,0.0007,55.0
1.667,0.0,0.0015,-0.0023,0.0015,54.9
1.668,-0.0008,0.0007,-0.0015,0.003,54.8
1.669,0.0015,0.0007,-0.0015,0.0022,54.6
1.67,0.0015,0.0015,-0.0015,0.0007,54.5
1.671,0.0007,0.0015,-0.003,0.0,54.4
1.672,0.0,0.0022,-0.003,0.0007,54.3
1.673,0.0,0.0007,-0.0015,0.0037,54.2
1.674,0.0,0.0007,-0.0015,0.0045,54.1
1.675,0.0015,0.0007,0.0,0.0045,54.0
1.676,0.0015,0.0,-0.0008,0.0052,53.9
1.677,0.003,-0.0008,-0.0008,0.003,53.8
1.678,0.0022,0.0,0.0007,0.0015,53.6
1.679,0.0015,-0.0008,0.003,0.0022,53.5
1.68,0.003,-0.0008,0.0052,0.0007,53.4
1.681,0.0037,0.0007,0.0112,-0.0008,53.2
1.682,0.0052,0.0007,0.0142,0.0007,53.1
1.683,0.0045,0.0007,0.0082,0.0015,52.9
1.684,0.0022,-0.0008,-0.0008,-0.0008,52.6
1.685,0.0022,-0.0008,-0.0098,-0.0008,52.5
1.686,0.0,0.0,-0.0165,-0.0015,52.3
1.687,-0.0015,0.0015,-0.0165,-0.003,52.1
1.688,-0.0015,0.0022,-0.015,-0.003,51.9
1.689,-0.0015,0.003,-0.0128,-0.003,51.7
1.69,-0.0015,0.0037,-0.0105,-0.003,51.5
1.691,-0.0023,0.0045,-0.0105,-0.003,51.3
1.692,-0.0015,0.0037,-0.0053,-0.003,51.2
1.693,0.0,0.003,-0.0038,-0.0023,51.0
1.694,0.0,0.0022,-0.0038,-0.0023,50.8
1.695,0.0007,-0.0008,-0.0008,-0.0023,50.6
1.696,0.0007,-0.0015,0.0015,-0.003,50.4
1.697,0.0007,-0.0008,0.003,-0.003,50.2
1.698,0.0007,-0.0008,0.0015,-0.0015,50.0
1.699,-0.0008,-0.0008,0.0015,-0.0008,49.9
1.7,-0.0008,-0.0008,0.003,-0.0015,49.6
1.701,0.0007,-0.0008,0.003,0.0007,49.4
1.702,-0.0008,-0.0015,0.0045,0.0007,49.2
1.703,-0.0008,-0.0015,0.006,-0.0015,48.9
1.704,0.0007,-0.0015,0.006,0.0007,48.6
1.705,0.0015,0.0007,0.006,0.0022,48.4
1.706,0.0007,0.0007,0.0067,-0.0008,48.1
1.707,0.0007,0.0,0.006,-0.0038,47.9
1.708,-0.0008,0.0007,0.0045,-0.0091,47.6
1.709,0.0,0.0,0.0015,-0.0143,47.4
1.71,0.0007,-0.0008,0.0015,-0.0195,47.1
1.711,0.0,0.0007,0.003,-0.0143,46.8
1.712,0.0007,0.0007,0.0037,0.0045,46.6
1.713,0.0007,0.0007,0.003,0.0255,46.3
1.714,0.0007,0.003,0.0022,0.0307,46.1
1.715,0.0007,0.003,0.0007,0.015,45.8
1.716,-0.0008,0.0007,-0.0008,0.003,45.6
1.717,0.0,0.0007,-0.0008,0.0007,45.3
1.718,0.0007,0.0007,-0.0008,-0.0046,45.0
1.719,-0.0008,0.0015,0.0007,-0.003,44.8
1.72,-0.0008,0.0007,0.0015,-0.0015,44.5
1.721,-0.0008,0.0,0.0022,-0.0015,44.2
1.722,-0.0008,0.0007,0.0037,-0.0015,43.9
1.723,0.0,0.0015,0.0045,-0.0023,43.6
1.724,0.0007,0.0,0.006,-0.003,43.3
1.725,0.0,0.0,0.006,-0.003,43.0
1.726,0.0,0.0007,0.006,-0.0015,42.7
1.727,-0.0008,-0.0015,0.0015,-0.0038,42.4
1.728,0.0,-0.0015,0.0007,-0.003,42.1
1.729,0.0015,-0.0015,0.0015,0.0007,41.8
1.73,0.0015,-0.0015,0.003,-0.0008,41.4
1.731,0.0015,-0.0023,0.0037,-0.0083,41.2
1.732,0.0007,-0.0038,0.0,-0.012,40.9
1.733,0.0007,-0.0038,0.0007,-0.0068,40.5
1.734,-0.0008,-0.0046,0.0007,-0.0015,40.2
1.735,-0.0008,-0.0053,-0.0008,0.0015,39.9
1.736,0.0007,-0.0038,0.0015,0.0045,39.6
1.737,0.0,-0.003,0.0007,0.0097,39.3
1.738,0.0007,-0.0008,0.0007,0.0195,39.0
1.739,0.0007,0.0082,0.0015,0.0157,38.7
1.74,0.0,0.0202,0.0015,0.0052,38.3
1.741,-0.0008,0.0187,0.0045,0.003,38.0
1.742,0.0007,0.0045,0.0015,0.0,37.7
1.743,0.0015,0.006,0.0,0.0007,37.3
1.744,0.0007,0.0067,0.0022,0.0022,37.0
1.745,0.0007,0.0007,0.0037,0.0015,36.6
1.746,0.0015,-0.0015,0.003,-0.0015,36.3
1.747,0.0015,-0.0053,0.003,-0.0015,35.9
1.748,0.0022,-0.0068,0.003,-0.003,35.6
1.749,0.0015,-0.0091,0.0015,-0.0105,35.2
1.75,0.0007,-0.0075,0.0007,-0.0165,34.9
1.751,0.0015,-0.0046,0.0,-0.0181,34.5
1.752,0.0022,-0.003,0.0015,-0.0083,34.1
1.753,0.0015,-0.0008,0.0007,-0.0008,33.8
1.754,0.0015,0.0015,0.0007,0.0045,33.5
1.755,0.0022,0.003,0.0015,0.0277,33.1
1.756,0.0022,0.0052,0.0007,0.0517,32.8
1.757,0.0015,0.0112,0.0015,0.0495,32.4
1.758,0.0007,0.0165,0.0022,0.0187,32.1
1.759,0.0007,0.0097,0.0015,0.0007,31.7
1.76,-0.0008,-0.0015,0.0007,-0.0046,31.3
1.761,-0.0008,-0.003,-0.0008,-0.0113,31.0
1.762,0.0007,-0.0023,-0.003,-0.0113,30.6
1.763,0.0,-0.003,-0.0023,-0.0181,30.3
1.764,0.0007,-0.003,-0.0038,-0.0256,30.0
1.765,-0.0015,-0.0046,-0.0053,-0.021,29.6
1.766,-0.0015,-0.0015,-0.0075,-0.0113,29.2
1.767,-0.0008,-0.0008,-0.0083,-0.0008,28.9
1.768,-0.0008,0.0015,-0.0083,0.0112,28.6
1.769,0.0,0.003,-0.0068,0.0277,28.2
1.77,-0.0008,0.0015,-0.006,0.0202,27.9
1.771,0.0,-0.0008,-0.0046,-0.0053,27.5
1.772,-0.0008,-0.0008,-0.0015,-0.0165,27.1
1.773,0.0,-0.0008,-0.003,-0.0188,26.8
1.774,-0.0008,-0.0015,-0.0023,-0.0113,26.5
1.775,0.0007,0.0007,-0.0046,0.006,26.1
1.776,-0.0008,0.0015,-0.006,0.015,25.7
1.777,-0.0015,0.0015,-0.0015,0.0195,25.4
1.778,0.0007,0.0015,0.0007,0.0112,25.1
1.779,0.0015,-0.0008,0.0022,-0.0053,24.7
1.78,0.0007,-0.003,0.0015,0.0015,24.3
1.781,-0.0008,-0.003,-0.0008,0.0142,24.0
1.782,0.0,-0.0015,0.0007,0.0135,23.7
1.783,0.0007,-0.0008,-0.0008,0.003,23.3
1.784,0.0,0.0,-0.0023,-0.0083,23.0
1.785,0.0007,-0.0008,-0.0008,-0.0203,22.6
1.786,0.0,-0.0008,-0.003,-0.039,22.3
1.787,0.0015,-0.0023,-0.0008,-0.0623,22.0
1.788,0.003,-0.003,0.0015,-0.075,21.6
1.789,0.0015,-0.0008,0.0045,-0.0383,21.3
1.79,0.003,-0.0008,0.0052,0.0255,20.9
1.791,0.003,-0.003,0.0022,0.0525,20.6
1.792,0.0015,-0.0038,0.003,0.0412,20.2
1.793,0.0015,-0.0008,0.0015,0.0562,19.9
1.794,0.003,0.0022,0.0015,0.072,19.6
1.795,0.0022,0.006,0.0067,0.033,19.3
1.796,0.0015,0.0082,0.0052,-0.0083,18.9
1.797,-0.0015,0.003,0.0045,-0.027,18.6
1.798,-0.0068,0.0007,0.0,-0.024,18.2
1.799,-0.0105,0.0015,-0.0068,-0.0278,17.9
1.8,-0.0135,0.0007,-0.0075,-0.0405,17.5
1.801,-0.0158,0.0,-0.0068,-0.0188,17.2
1.802,-0.0105,0.0015,-0.0091,0.0082,16.9
1.803,-0.0023,0.0015,-0.012,0.0067,16.5
1.804,0.003,0.0015,-0.0091,-0.0083,16.2
1.805,0.003,0.0142,-0.0046,0.0112,15.8
1.806,0.003,0.0142,-0.0008,0.0255,15.5
1.807,0.0045,0.0007,0.006,-0.0038,15.1
1.808,0.0037,-0.0038,0.0127,0.0082,14.8
1.809,0.0045,-0.003,0.0067,0.0427,14.4
1.81,0.0067,-0.003,0.0037,0.0495,14.1
1.811,0.0082,-0.0046,0.0075,0.039,13.8
1.812,0.009,-0.0053,0.0052,0.018,13.4
1.813,0.0135,-0.0046,0.0015,0.0127,13.1
1.814,0.0217,-0.0038,-0.0038,0.003,12.7
1.815,0.0255,-0.0053,-0.0046,-0.0465,12.4
1.816,0.0255,-0.0083,-0.0098,-0.0998,12.1
1.817,0.0217,-0.0046,-0.0188,-0.1185,11.7
1.818,0.009,0.003,-0.0225,-0.1028,11.3
1.819,-0.0068,0.0127,-0.021,-0.054,11.0
1.82,-0.0195,0.0292,-0.0091,0.03,10.6
1.821,-0.0375,0.0375,0.012,0.123,10.3
1.822,-0.0548,0.048,0.0292,0.1762,10.0
1.823,-0.0413,0.0427,0.0322,0.1102,9.7
1.824,-0.0128,0.0015,0.033,0.0015,9.4
1.825,-0.0023,-0.0346,0.0292,-0.0248,9.1
1.826,0.012,-0.0615,0.024,-0.0323,8.8
1.827,0.0255,-0.0683,0.027,-0.024,8.5
1.828,0.0217,-0.0518,0.006,-0.0128,8.1
1.829,0.0097,-0.0346,-0.0203,-0.0181,7.8
1.83,0.0007,-0.0105,-0.0285,-0.0113,7.5
1.831,-0.0068,0.0052,-0.0398,-0.024,7.2
1.832,-0.0158,0.0142,-0.0368,-0.033,6.9
1.833,-0.0218,0.0142,-0.0375,-0.0368,6.6
1.834,-0.0225,0.009,-0.0428,-0.0495,6.3
1.835,-0.012,0.0142,-0.0308,-0.0645,6.0
1.836,0.015,0.0157,0.0045,-0.075,5.7
1.837,0.0472,0.0157,0.0127,-0.0721,5.3
1.838,0.063,0.0127,-0.0165,-0.0638,5.0
1.839,0.0645,0.0135,-0.024,-0.0368,4.7
1.84,0.0442,0.0127,-0.0285,0.0165,4.4
1.841,-0.0068,0.0052,-0.03,0.0652,4.3
1.842,-0.054,-0.0046,-0.0195,0.0675,4.1
1.843,-0.0728,-0.012,-0.0053,0.0517,4.0
1.844,-0.0728,-0.0195,0.0075,0.0457,3.8
1.845,-0.0578,-0.0233,0.0262,0.0142,3.6
1.846,-0.0323,-0.0225,0.0765,-0.0128,3.5
1.847,-0.0098,-0.0203,0.0915,-0.0218,3.3
1.848,0.0112,-0.0165,0.0562,-0.0143,3.1
1.849,0.0142,-0.0098,0.0217,0.0015,3.0
1.85,0.0045,0.0015,-0.0278,0.0007,2.8
1.851,0.0015,0.0135,-0.0653,0.0075,2.7
1.852,-0.0015,0.0277,-0.078,0.0232,2.6
1.853,-0.0083,0.0382,-0.0691,0.024,2.4
1.854,-0.0083,0.0217,-0.024,0.024,2.2
1.855,-0.0046,0.0225,0.0075,0.03,2.1
1.856,0.0045,0.0382,0.0247,0.0262,1.9
1.857,0.0157,0.0247,0.0405,0.0067,1.8
1.858,0.0262,0.018,0.0547,-0.0135,1.6
1.859,0.0397,0.009,0.0727,-0.0233,1.4
1.86,0.0547,0.0037,0.066,-0.0158,1.3
1.861,0.0682,0.018,0.0525,-0.0083,1.2
1.862,0.0795,0.0322,0.0405,0.003,1.1
1.863,0.0772,0.0187,0.0292,0.012,1.0
1.864,0.0622,-0.0046,0.0382,0.0105,0.9
1.865,0.0382,0.0007,0.0547,0.0015,0.8
1.866,0.0015,-0.0038,0.0727,-0.0218,0.7
1.867,-0.039,0.0015,0.0817,-0.0256,0.6
1.868,-0.0706,0.0112,0.0712,-0.0188,0.5
1.869,-0.0758,-0.0038,0.0525,-0.0181,0.4
1.87,-0.0525,-0.0233,0.0345,-0.012,0.3
1.871,-0.0346,-0.0428,0.0157,0.0015,0.2
1.872,-0.039,-0.033,0.0075,0.009,0.1
1.873,-0.0405,-0.0315,0.0172,0.0007,0.0
1.874,-0.0315,-0.048,0.0217,0.009,-0.1
1.875,-0.0068,-0.0405,0.0232,0.0292,-0.2
1.876,0.0217,-0.0195,0.018,0.0315,-0.3
1.877,0.0322,-0.0053,0.012,0.0105,-0.4
1.878,0.0247,-0.0233,0.0082,-0.0015,-0.5
1.879,-0.0068,-0.0285,0.0045,0.0097,-0.6
1.88,-0.0346,0.009,0.0067,0.027,-0.8
1.881,-0.0353,0.0495,0.0007,0.0442,-0.9
1.882,-0.0203,0.0675,-0.0113,0.0465,-1.0
1.883,0.003,0.0562,-0.0173,0.0442,-1.1
1.884,0.039,0.027,-0.024,0.0277,-1.3
1.885,0.057,0.003,-0.0278,0.0142,-1.4
1.886,0.0427,0.003,-0.0308,0.0157,-1.5
1.887,0.03,-0.0023,-0.0338,0.0067,-1.6
1.888,-0.0165,0.003,-0.0338,0.0045,-1.8
1.889,-0.0788,0.0082,-0.0353,-0.0053,-1.9
1.89,-0.1185,0.0052,-0.0368,-0.027,-2.0
1.891,-0.1065,0.003,-0.0436,-0.0495,-2.2
1.892,-0.0278,-0.0158,-0.0503,-0.0675,-2.3
1.893,0.0367,-0.0256,-0.048,-0.0818,-2.4
1.894,0.0555,-0.0346,-0.0436,-0.0893,-2.6
1.895,0.0502,-0.03,-0.0315,-0.0593,-2.7
1.896,0.0375,-0.0278,-0.0218,-0.0083,-2.8
1.897,0.0142,-0.0278,-0.0256,0.042,-2.9
1.898,-0.0068,-0.0256,-0.0293,0.081,-3.1
1.899,-0.003,-0.0278,-0.0338,0.0915,-3.2
1.9,0.0127,-0.021,-0.0353,0.0862,-3.4
1.901,0.0187,-0.0091,-0.0368,0.0787,-3.4
1.902,0.0127,0.0165,-0.0368,0.0592,-3.4
1.903,0.0082,0.0337,-0.0263,0.0352,-3.4
1.904,0.0097,0.0532,-0.0038,0.0232,-3.4
1.905,0.0157,0.0765,-0.0023,0.0052,-3.4
1.906,0.0142,0.0862,-0.0143,-0.0158,-3.4
1.907,0.0082,0.0622,-0.021,-0.033,-3.4
1.908,0.009,0.0157,-0.033,-0.048,-3.4
1.909,0.0127,-0.0008,-0.033,-0.0353,-3.4
1.91,0.0142,-0.0075,-0.0308,-0.0158,-3.4
1.911,0.0157,-0.0068,-0.0233,-0.0075,-3.4
1.912,0.0225,-0.003,-0.015,-0.0091,-3.4
1.913,0.0277,0.009,-0.0075,-0.0113,-3.4
1.914,0.0322,0.018,-0.0008,-0.0181,-3.4
1.915,0.0217,-0.0046,0.0097,-0.0346,-3.4
1.916,0.0067,-0.0278,0.018,-0.0533,-3.4
1.917,-0.0158,-0.0436,-0.021,-0.0638,-3.4
1.918,-0.0436,-0.0398,-0.0525,-0.0511,-3.4
1.919,-0.045,-0.0256,-0.042,-0.0293,-3.4
1.92,-0.0338,-0.0225,-0.0405,0.0007,-3.4
1.921,-0.0128,-0.0495,-0.0346,0.027,-3.3
1.922,0.0187,-0.0503,-0.012,0.048,-3.2
1.923,0.0465,-0.0083,0.0,0.0607,-3.1
1.924,0.066,0.0082,0.0037,0.0525,-2.9
1.925,0.0585,0.0382,0.0105,0.0427,-2.8
1.926,0.0217,0.0712,0.0045,0.0292,-2.7
1.927,-0.0323,0.057,-0.0173,0.012,-2.6
1.928,-0.0863,0.0195,-0.0256,-0.0098,-2.5
1.929,-0.1006,-0.0008,-0.012,-0.015,-2.4
1.93,-0.084,-0.0143,0.0097,-0.0038,-2.3
1.931,-0.0495,-0.0113,0.0315,-0.0046,-2.2
1.932,-0.0143,0.0015,0.066,-0.0091,-2.1
1.933,-0.0053,0.006,0.087,-0.0143,-2.0
1.934,0.0195,0.0105,0.0667,-0.0128,-1.8
1.935,0.054,0.0007,0.0457,-0.0128,-1.8
1.936,0.0667,-0.0068,0.027,-0.0128,-1.7
1.937,0.0607,-0.0218,0.0142,-0.0105,-1.5
1.938,0.0345,-0.03,0.0067,-0.012,-1.4
1.939,-0.0105,-0.0128,0.0082,-0.0075,-1.3
1.94,-0.0511,-0.0015,0.0255,-0.0068,-1.2
1.941,-0.0525,-0.006,0.0307,-0.0083,-1.0
1.942,-0.0173,-0.0053,0.012,-0.0091,-0.8
1.943,0.0105,0.0015,-0.0113,-0.0083,-0.5
1.944,0.036,-0.0015,-0.0315,-0.0046,-0.3
1.945,0.0577,-0.0091,-0.042,-0.0023,0.0
1.946,0.033,-0.003,-0.0405,-0.0083,0.2
1.947,0.0097,0.0,-0.0278,-0.0158,0.4
1.948,-0.0008,-0.0181,-0.0181,-0.0113,0.7
1.949,-0.0555,-0.0338,-0.0256,-0.0083,0.9
1.95,-0.0848,-0.0218,-0.033,-0.0195,1.2
1.951,-0.0533,-0.0046,-0.033,-0.027,1.4
1.952,-0.0263,0.0,-0.0308,-0.0203,1.6
1.953,-0.0135,-0.0083,-0.0218,-0.0053,1.8
1.954,0.0045,-0.0083,-0.0053,0.0082,2.1
1.955,0.009,0.0105,0.0142,0.0232,2.3
1.956,0.0067,0.0217,0.0217,0.054,2.6
1.957,0.0165,0.0315,0.0315,0.078,2.8
1.958,0.033,0.0307,0.0352,0.0435,3.1
1.959,0.0315,0.015,0.0442,-0.0046,3.3
1.96,0.0217,0.0082,0.0495,0.0007,3.5
1.961,0.009,0.0127,0.0367,0.006,3.5
1.962,-0.0203,0.0195,0.0225,0.0037,3.5
1.963,-0.0555,0.0135,0.003,0.0007,3.5
1.964,-0.0683,0.0082,-0.0105,-0.0068,3.5
1.965,-0.0315,-0.0008,-0.0083,-0.0046,3.5
1.966,0.048,0.0015,0.0142,-0.0098,3.5
1.967,0.093,0.0217,0.057,-0.0091,3.5
1.968,0.1012,0.0202,0.0232,-0.0068,3.5
1.969,0.1342,0.0037,-0.0915,-0.0038,3.5
1.97,0.1635,-0.0165,-0.0885,0.009,3.6
1.971,0.1882,-0.033,-0.0563,0.0157,3.6
1.972,0.1522,-0.0135,-0.0615,0.009,3.6
1.973,0.0112,-0.0105,-0.027,-0.0128,3.6
1.974,-0.1365,-0.0218,-0.0256,-0.027,3.6
1.975,-0.2618,0.0112,-0.0128,-0.021,3.6
1.976,-0.3068,0.0217,0.0165,-0.0105,3.6
1.977,-0.2363,0.0045,0.0262,-0.0046,3.6
1.978,-0.1305,0.0007,0.0382,-0.003,3.6
1.979,-0.0563,-0.003,0.0315,-0.0053,3.6
1.98,0.009,-0.0008,0.042,-0.0113,3.6
1.981,0.0855,-0.0053,0.0547,-0.012,3.6
1.982,0.0877,-0.0075,0.0442,-0.0135,3.6
1.983,0.0457,-0.0046,0.033,-0.0105,3.7
1.984,-0.0015,-0.0008,0.021,-0.0053,3.7
1.985,-0.015,0.0007,0.0187,-0.0046,3.8
1.986,-0.0068,-0.0023,0.0172,-0.0038,3.8
1.987,-0.0038,0.0007,0.0075,-0.003,3.9
1.988,0.0292,0.0007,0.0067,-0.003,3.9
1.989,0.0247,-0.0008,0.0127,-0.0023,4.0
1.99,0.0315,0.0,0.0172,-0.0015,4.0
1.991,0.0322,0.0007,0.0082,0.0,4.1
1.992,0.0247,0.0007,-0.012,0.0015,4.1
1.993,0.021,-0.0008,-0.0173,0.0007,4.2
1.994,0.0037,-0.0015,-0.015,-0.0008,4.2
1.995,0.0015,0.0,-0.0113,0.0007,4.3
1.996,0.0082,0.0015,-0.006,-0.0008,4.3
1.997,0.027,0.0015,-0.0046,-0.0046,4.4
1.998,0.0285,0.0045,0.0007,-0.0053,4.4
1.999,0.03,0.0075,-0.0015,-0.0046,4.5
2.0,0.0285,0.0067,0.0,-0.0023,4.5
2.001,0.0247,0.0067,-0.0046,0.0015,4.6
2.002,0.0217,0.009,-0.0128,0.006,4.7
2.003,0.009,0.0067,-0.0158,0.0067,4.8
2.004,-0.0098,0.003,-0.0165,0.0037,4.9
2.005,-0.0323,-0.003,-0.0053,-0.003,5.0
2.006,-0.0308,-0.0083,-0.0068,-0.0083,5.1
2.007,-0.0293,-0.0046,-0.0113,-0.0068,5.2
2.008,-0.0278,0.0,-0.0053,0.0052,5.3
2.009,-0.0158,0.0015,0.0037,0.018,5.4
2.01,-0.0015,0.0022,0.0105,0.0202,5.5
2.011,0.0,0.0015,0.0142,0.0157,5.6
2.012,-0.0015,0.0007,0.018,0.0052,5.7
2.013,-0.0008,-0.0008,0.0105,-0.003,5.8
2.014,-0.0023,0.0007,-0.0165,-0.0053,5.9
2.015,0.003,0.0045,-0.0443,-0.0053,6.0
2.016,0.0052,0.009,-0.039,-0.0023,6.1
2.017,0.009,0.009,-0.0218,0.0,6.2
2.018,0.0285,0.0127,-0.0181,0.0022,6.3
2.019,0.0555,0.0202,0.0217,0.0045,6.4
2.02,0.072,0.0127,0.0825,0.0075,6.5
2.021,0.0675,-0.0091,0.114,0.0097,6.6
2.022,0.024,-0.0046,0.1252,0.012,6.7
2.023,0.003,0.0172,0.0802,0.0127,6.7
2.024,0.051,0.0052,0.0315,0.012,6.8
2.025,0.0532,-0.0068,0.0157,0.0105,6.8
2.026,-0.012,-0.0143,0.048,0.0052,6.9
2.027,-0.0856,-0.0188,0.0645,0.0022,7.0
2.028,-0.0818,-0.0225,0.021,-0.0046,7.0
2.029,0.0307,-0.0436,-0.0046,-0.0091,7.1
2.03,0.1162,-0.0128,-0.024,-0.0023,7.2
2.031,0.1672,0.0232,-0.0293,0.0015,7.2
2.032,0.1387,-0.0083,-0.03,-0.003,7.3
2.033,-0.0165,-0.0195,-0.0346,-0.0015,7.3
2.034,-0.1748,-0.003,-0.027,0.0015,7.4
2.035,-0.2513,0.0052,-0.0458,0.0015,7.5
2.036,-0.2011,0.003,-0.063,0.0022,7.5
2.037,-0.1283,-0.0068,-0.0323,0.006,7.6
2.038,-0.093,-0.0083,-0.0293,0.0082,7.6
2.039,-0.0405,-0.0091,-0.0128,0.0082,7.7
2.04,-0.0091,-0.0128,0.003,0.0067,7.8
2.041,0.0135,-0.0181,-0.0053,0.0067,7.8
2.042,0.0427,-0.012,0.0157,0.0052,7.8
2.043,0.0502,0.0052,0.0112,0.0045,7.8
2.044,0.0442,0.0067,0.009,0.0015,7.8
2.045,0.0375,0.0052,0.0045,0.003,7.8
2.046,0.0405,0.003,0.0157,0.0015,7.8
2.047,0.0547,0.009,0.024,0.0007,7.7
2.048,0.072,0.033,0.003,0.0007,7.7
2.049,0.084,0.048,-0.0053,0.0015,7.7
2.05,0.0862,0.042,-0.0195,0.0022,7.7
2.051,0.0277,0.024,-0.027,0.0007,7.7
2.052,-0.0645,0.006,-0.024,0.0,7.7
2.053,-0.105,-0.006,-0.0248,0.0,7.7
2.054,-0.0721,-0.0173,-0.0195,0.0,7.6
2.055,-0.0046,-0.0173,-0.0105,0.0,7.6
2.056,0.0172,-0.012,-0.0105,0.0,7.6
2.057,0.0255,-0.0008,-0.003,0.0,7.6
2.058,0.0412,0.0142,0.0127,-0.0023,7.6
2.059,0.0382,0.0172,0.018,-0.0008,7.6
2.06,-0.0158,0.012,0.0142,0.0015,7.6
2.061,-0.1215,0.0052,0.006,0.0015,7.6
2.062,-0.1343,-0.003,-0.0105,0.0007,7.6
2.063,-0.0405,-0.0075,-0.024,0.0007,7.6
2.064,0.0022,-0.0105,-0.0256,-0.0008,7.7
2.065,0.0082,-0.0046,-0.0188,-0.0015,7.7
2.066,0.0232,0.0015,-0.0068,-0.0023,7.7
2.067,0.0105,0.0007,0.006,-0.0038,7.8
2.068,0.0105,-0.0083,0.024,-0.003,7.8
2.069,-0.0053,-0.0181,0.024,-0.003,7.8
2.07,-0.0181,-0.0113,-0.003,-0.0015,7.9
2.071,-0.0218,-0.0015,-0.0143,-0.0008,7.9
2.072,-0.0293,0.0,-0.0158,-0.0008,7.9
2.073,-0.0098,0.0075,-0.0105,0.0022,7.9
2.074,0.006,0.0105,-0.0105,0.0015,8.0
2.075,0.027,0.0195,-0.0068,0.0,8.0
2.076,0.0442,0.0315,0.0045,-0.0008,8.0
2.077,0.0367,0.0217,0.012,-0.0023,8.1
2.078,0.03,0.0067,0.0232,-0.003,8.1
2.079,0.0382,-0.0008,0.0277,-0.0038,8.1
2.08,0.0457,0.0045,0.03,-0.006,8.1
2.081,0.0607,0.009,0.0315,-0.0068,8.2
2.082,0.0652,0.009,0.0277,-0.0083,8.2
2.083,0.0615,-0.0008,0.0037,-0.0091,8.3
2.084,0.0262,-0.0128,-0.024,-0.0046,8.3
2.085,-0.0293,-0.0008,-0.0293,-0.003,8.3
2.086,0.0,-0.0023,-0.0165,-0.003,8.4
2.087,0.0442,0.0,0.0007,-0.003,8.4
2.088,0.063,0.0,0.0165,-0.0046,8.5
2.089,0.069,-0.0046,0.0255,-0.0015,8.5
2.09,0.0067,-0.003,0.0262,-0.0015,8.5
2.091,-0.0405,-0.0091,0.0255,-0.0015,8.5
2.092,-0.0368,-0.0053,0.0247,0.0007,8.6
2.093,-0.0308,-0.0068,0.021,-0.003,8.6
2.094,-0.0195,-0.0105,0.015,-0.0046,8.7
2.095,-0.0165,-0.012,0.009,-0.0046,8.7
2.096,-0.0675,-0.0105,0.0052,-0.003,8.8
2.097,-0.123,-0.0083,-0.0038,-0.0023,8.8
2.098,-0.0975,-0.0068,-0.0091,-0.003,8.8
2.099,-0.027,-0.003,-0.0128,-0.0008,8.9
2.1,-0.0105,-0.0015,-0.015,0.0,8.9
2.101,-0.0046,0.0007,-0.0158,0.0015,8.9
2.102,0.003,0.0045,-0.0158,0.0007,8.9
2.103,0.0007,0.0052,-0.0143,-0.0008,8.9
2.104,0.0105,0.0097,-0.0135,0.0,8.9
2.105,0.0082,0.0112,-0.0113,-0.0008,8.9
2.106,0.0157,0.0142,-0.0098,0.0,8.9
2.107,0.012,0.027,-0.012,0.0007,8.9
2.108,0.009,0.0255,-0.0143,0.0015,8.9
2.109,0.006,0.009,-0.0143,0.0007,8.9
2.11,0.003,-0.0083,-0.012,-0.0008,8.8
2.111,0.0082,-0.027,-0.0083,-0.0015,8.8
2.112,0.0105,-0.0263,-0.0075,-0.0008,8.8
2.113,0.015,-0.0203,-0.0075,0.0007,8.8
2.114,0.0052,-0.0158,-0.0105,0.0,8.8
2.115,-0.0015,-0.003,-0.0128,0.0015,8.8
2.116,-0.0083,-0.0046,-0.0105,0.0015,8.8
2.117,-0.003,-0.0015,-0.0083,0.0022,8.8
2.118,0.0165,0.0037,-0.0015,0.003,8.7
2.119,0.0322,0.0,0.009,0.0015,8.7
2.12,0.0337,-0.0008,0.009,0.0015,8.7
2.121,0.0135,-0.0015,-0.0053,-0.0008,8.7
2.122,0.0022,-0.0015,-0.0181,-0.0008,8.7
2.123,0.003,0.0,-0.0368,0.0,8.6
2.124,-0.0008,-0.0008,-0.0585,-0.0015,8.6
2.125,-0.006,0.006,-0.0436,0.0,8.6
2.126,-0.0053,0.0082,-0.0053,0.0015,8.5
2.127,-0.0023,0.0015,0.0232,0.0007,8.5
2.128,-0.003,-0.0008,0.0247,0.0015,8.5
2.129,-0.0105,0.0007,0.027,0.0022,8.5
2.13,-0.0158,0.0052,0.0442,0.0022,8.4
2.131,-0.0091,0.012,0.048,0.003,8.4
2.132,0.009,0.0082,0.06,0.0015,8.4
2.133,0.0195,0.0165,0.0615,0.0007,8.4
2.134,-0.0008,0.018,0.0435,0.0,8.3
2.135,-0.0053,-0.0046,0.0322,0.0007,8.3
2.136,0.0217,-0.0195,0.024,-0.0015,8.3
2.137,0.0202,-0.0278,0.015,-0.003,8.2
2.138,0.0015,-0.012,0.0135,-0.0008,8.2
2.139,0.003,0.009,0.0082,-0.0015,8.2
2.14,-0.0046,0.021,-0.0091,-0.0008,8.1
2.141,-0.0375,0.0322,-0.0143,-0.0008,8.1
2.142,-0.0608,0.018,-0.0143,0.0007,8.1
2.143,-0.0465,0.0,-0.0308,0.0015,8.0
2.144,-0.0248,-0.012,-0.0495,0.0015,8.0
2.145,-0.0188,-0.021,-0.0615,0.0045,7.9
2.146,-0.0075,-0.027,-0.0585,0.0015,7.9
2.147,0.0015,-0.0308,-0.045,-0.0023,7.8
2.148,0.0082,-0.0128,-0.0315,-0.003,7.8
2.149,0.0232,0.0052,-0.0128,-0.003,7.7
2.15,0.018,0.0075,-0.003,-0.0015,7.6
2.151,0.0232,0.0052,-0.003,-0.0015,7.6
2.152,0.0652,0.0007,-0.0098,-0.0023,7.6
2.153,0.0277,0.0007,-0.0098,0.0,7.5
2.154,-0.006,0.0007,-0.0015,0.0015,7.5
2.155,0.0172,-0.0008,0.0052,0.0007,7.4
2.156,0.006,0.0015,0.012,0.0015,7.4
2.157,0.009,0.0015,0.0142,0.0007,7.3
2.158,-0.0038,0.003,0.0127,0.0015,7.3
2.159,-0.0256,0.0067,0.012,0.0037,7.2
2.16,-0.0248,0.009,0.0105,0.003,7.2
2.161,-0.0195,0.0052,0.0037,0.003,7.2
2.162,-0.0053,-0.003,0.003,0.0015,7.2
2.163,0.0,-0.0091,0.0037,0.0,7.1
2.164,0.0082,-0.0091,0.0067,0.0015,7.1
2.165,0.0082,0.006,0.0217,0.0015,7.0
2.166,0.0067,0.0217,0.0322,0.0007,7.0
2.167,0.0,0.021,0.0217,0.0007,7.0
2.168,-0.0105,0.0105,0.0067,0.0015,6.9
2.169,-0.0091,0.0075,0.0,0.0015,6.9
2.17,-0.0091,0.0067,-0.0113,0.0015,6.8
2.171,-0.0053,0.0082,-0.0128,-0.0008,6.8
2.172,-0.0015,0.0015,-0.0083,-0.0023,6.8
2.173,0.0022,-0.0068,-0.003,-0.0023,6.7
2.174,0.0067,0.0015,0.0007,-0.0015,6.7
2.175,0.009,0.0007,-0.0023,-0.003,6.7
2.176,0.0075,-0.0015,-0.0046,-0.003,6.7
2.177,0.0015,-0.0015,-0.0083,-0.0015,6.6
2.178,0.0007,-0.003,-0.0053,0.0,6.6
2.179,0.003,-0.0015,-0.0008,0.0,6.6
2.18,0.0015,-0.003,0.0075,0.0007,6.5
2.181,0.0007,-0.0015,0.009,0.0015,6.5
2.182,0.0022,0.0,0.009,0.0007,6.5
2.183,0.0007,0.0,0.0097,0.0007,6.4
2.184,-0.0008,-0.0015,0.0007,0.0015,6.4
2.185,-0.0023,-0.003,-0.0046,0.003,6.4
2.186,-0.0038,-0.0023,-0.0053,0.0037,6.4
2.187,-0.0038,-0.0023,0.003,0.0022,6.3
2.188,-0.0015,-0.0008,0.0097,-0.0008,6.3
2.189,0.0007,-0.0008,0.0045,-0.0008,6.3
2.19,0.003,0.0015,-0.0165,-0.0008,6.3
2.191,0.003,0.0007,-0.0263,-0.003,6.3
2.192,0.0022,-0.0008,-0.0068,-0.0023,6.2
2.193,0.0045,0.0022,0.0105,-0.0008,6.2
2.194,0.0105,-0.0008,0.0232,-0.0008,6.2
2.195,0.0202,-0.0046,0.0255,0.0007,6.2
2.196,0.0165,-0.0023,0.0232,0.0015,6.1
2.197,0.0015,0.0007,0.0195,0.003,6.1
2.198,0.006,0.006,0.0172,0.0045,6.1
2.199,0.012,0.0075,0.0172,0.0045,6.1
2.2,0.0157,0.009,0.0195,0.0007,6.0
2.201,0.018,0.0097,0.0157,-0.0015,6.0
2.202,0.0172,0.0135,0.0007,-0.003,6.0
2.203,0.0067,0.0232,-0.0075,-0.003,5.9
2.204,-0.0256,0.0157,-0.0105,-0.003,5.9
2.205,-0.0368,-0.0008,-0.0128,-0.0015,5.9
2.206,-0.0165,-0.015,-0.0113,-0.0015,5.9
2.207,-0.0105,-0.0323,-0.012,-0.0008,5.9
2.208,0.0007,-0.0218,-0.0083,0.0007,5.8
2.209,0.0225,-0.0068,-0.0015,-0.003,5.8
2.21,0.0232,-0.0015,0.0045,-0.0038,5.8
2.211,0.015,0.006,0.0105,-0.0023,5.8
2.212,-0.0046,-0.0008,0.018,-0.0023,5.8
2.213,-0.0285,-0.0015,0.0202,-0.0015,5.7
2.214,-0.0293,-0.003,0.0142,-0.0015,5.7
2.215,-0.0023,-0.006,0.0022,-0.0015,5.7
2.216,0.0045,-0.0053,-0.0075,-0.0008,5.7
2.217,-0.003,-0.0053,-0.0113,-0.003,5.7
2.218,0.0007,-0.0008,-0.0143,-0.0038,5.6
2.219,-0.0015,0.0,-0.0143,-0.0046,5.6
2.22,-0.0008,0.003,-0.0128,-0.006,5.5
2.221,-0.0023,0.003,-0.0105,-0.0068,5.5
2.222,-0.0008,0.003,-0.0128,-0.0053,5.5
2.223,0.0,0.003,-0.0105,-0.0038,5.5
2.224,-0.0008,0.0007,-0.006,-0.0053,5.5
2.225,-0.0008,0.0007,-0.006,-0.0068,5.5
2.226,-0.0046,0.0015,-0.0053,-0.0105,5.5
2.227,-0.0023,0.0037,-0.0068,-0.0143,5.5
2.228,0.0067,0.0105,-0.0053,-0.0158,5.4
2.229,0.0142,0.0157,-0.0046,-0.0188,5.4
2.23,0.0052,0.009,-0.012,-0.021,5.4
2.231,0.0,0.0052,-0.0218,-0.0203,5.4
2.232,-0.0075,-0.003,-0.0203,-0.0188,5.4
2.233,-0.012,-0.0143,-0.015,-0.012,5.3
2.234,-0.012,-0.0143,-0.0068,0.0007,5.3
2.235,-0.0098,-0.012,0.0007,0.0105,5.3
2.236,0.0052,-0.0008,0.0052,0.018,5.3
2.237,0.0255,0.006,0.0105,0.0232,5.3
2.238,0.0427,0.0045,0.0157,0.0225,5.3
2.239,0.0202,0.0067,0.0232,0.024,5.3
2.24,-0.0091,0.0015,0.024,0.0277,5.2
2.241,0.0082,-0.0023,0.021,0.027,5.2
2.242,0.0015,-0.0053,0.0127,0.0277,5.2
2.243,-0.0105,-0.0046,0.003,0.0255,5.2
2.244,-0.0053,0.0,0.0015,0.0247,5.2
2.245,-0.0083,-0.0015,-0.0015,0.0217,5.1
2.246,-0.0046,0.0,-0.0046,0.0195,5.1
2.247,-0.0068,0.0015,-0.006,0.0195,5.1
2.248,-0.0053,0.0022,-0.0053,0.0157,5.0
2.249,-0.0023,0.003,-0.0046,0.012,5.0
2.25,-0.006,0.0037,-0.0046,0.0082,5.0
2.251,-0.0038,0.003,-0.0068,0.0045,4.9
2.252,-0.003,0.0007,-0.0046,0.0007,4.9
2.253,-0.0015,0.0015,-0.0015,-0.0015,4.9
2.254,-0.003,0.0007,-0.003,-0.0015,4.9
2.255,-0.0023,0.0007,-0.0015,-0.003,4.9
2.256,-0.0008,0.0015,-0.003,-0.0015,4.8
2.257,-0.0015,0.0007,-0.0015,-0.0023,4.8
2.258,0.0,0.0007,0.0007,-0.0083,4.8
2.259,0.0007,-0.0008,-0.0008,-0.0075,4.8
2.26,-0.0008,-0.0008,-0.0015,-0.0068,4.7
2.261,-0.0015,0.0007,-0.0023,-0.0091,4.7
2.262,-0.0015,0.0007,-0.0023,-0.0105,4.7
2.263,-0.0015,0.0007,-0.0083,-0.012,4.6
2.264,-0.0015,0.0007,-0.0128,-0.0135,4.6
2.265,-0.0008,0.0015,-0.0053,-0.0135,4.5
2.266,-0.0008,0.0015,-0.0015,-0.0143,4.5
2.267,-0.003,0.003,-0.0023,-0.015,4.5
2.268,-0.003,0.0045,-0.0068,-0.012,4.5
2.269,0.0007,0.006,-0.0128,-0.0128,4.4
2.27,0.0067,0.006,-0.0128,-0.0128,4.4
2.271,0.0075,0.003,-0.0128,-0.012,4.4
2.272,0.0045,0.003,-0.0181,-0.012,4.3
2.273,0.0007,0.0,-0.0285,-0.0098,4.3
2.274,-0.0008,-0.003,-0.0361,-0.0105,4.2
2.275,-0.0023,-0.003,-0.0375,-0.0098,4.2
2.276,-0.0015,-0.0008,-0.0353,-0.0075,4.2
2.277,-0.0008,0.0,-0.0353,-0.0046,4.1
2.278,-0.0015,0.0007,-0.0375,-0.0015,4.1
2.279,-0.0015,0.0007,-0.0405,0.0,4.1
2.28,0.0007,0.0007,-0.039,0.003,4.0
2.281,0.0015,0.0007,-0.0353,0.0022,4.0
2.282,0.003,0.0007,-0.0338,0.0015,4.0
2.283,0.003,0.0015,-0.0293,0.003,4.0
2.284,0.0007,0.0007,-0.0263,0.0022,3.9
2.285,-0.0008,-0.0008,-0.0233,0.0037,3.9
2.286,-0.003,0.0,-0.0165,0.006,3.8
2.287,-0.003,0.0007,-0.0105,0.0067,3.8
2.288,-0.0023,0.0007,-0.0046,0.009,3.8
2.289,-0.0015,0.0,-0.003,0.0075,3.7
2.29,-0.0008,0.0,-0.0015,0.0082,3.7
2.291,0.0,-0.0008,0.0045,0.0082,3.6
2.292,0.0015,-0.0008,0.0082,0.0045,3.6
2.293,0.003,0.0,0.0127,0.003,3.6
2.294,0.0052,-0.0008,0.0187,0.0015,3.6
2.295,0.0082,0.0,0.021,0.0022,3.5
2.296,0.0082,0.0007,0.0232,0.003,3.5
2.297,0.006,0.003,0.0225,0.003,3.4
2.298,0.0067,0.0037,0.0232,0.0045,3.4
2.299,0.0082,0.0015,0.024,0.0037,3.4
2.3,0.009,0.0022,0.0262,0.0037,3.3
2.301,0.0105,0.0,0.0307,0.0052,3.3
2.302,0.0157,-0.0008,0.033,0.0045,3.2
2.303,0.0157,0.0015,0.0322,0.0045,3.2
2.304,0.0052,0.003,0.0315,0.003,3.1
2.305,-0.0143,0.003,0.033,0.0052,3.1
2.306,-0.0458,-0.0008,0.0352,0.0052,3.1
2.307,-0.0361,-0.0015,0.0382,0.0045,3.0
2.308,-0.0046,-0.0038,0.0367,0.0052,3.0
2.309,-0.0068,-0.0046,0.0337,0.0052,2.9
2.31,-0.006,-0.0053,0.0315,0.0052,2.9
2.311,-0.0023,-0.0046,0.0285,0.0045,2.9
2.312,-0.0046,-0.0015,0.0262,0.0015,2.8
2.313,-0.0083,0.0,0.0247,-0.0008,2.8
2.314,-0.0083,0.0,0.0232,0.0,2.7
2.315,0.0037,-0.0008,0.0217,0.0007,2.7
2.316,0.0007,0.0007,0.0217,0.0007,2.6
2.317,0.0037,0.0015,0.0232,0.0007,2.6
2.318,0.0052,0.0007,0.0232,0.0,2.6
2.319,0.006,-0.0015,0.021,0.0007,2.5
2.32,0.0082,-0.0008,0.0172,0.0007,2.4
2.321,0.0052,-0.0008,0.015,0.0007,2.4
2.322,0.0067,0.0007,0.0142,0.0007,2.4
2.323,0.0052,0.0007,0.0172,0.0007,2.3
2.324,0.0067,0.0007,0.0165,0.0015,2.2
2.325,0.0052,0.0022,0.0127,0.0015,2.2
2.326,0.0037,0.0022,0.0105,0.0007,2.2
2.327,0.0045,0.003,0.012,0.0,2.1
2.328,0.0045,0.003,0.012,-0.0008,2.1
2.329,0.0045,0.0015,0.009,-0.0008,2.0
2.33,0.0,0.0022,0.0067,-0.0008,1.9
2.331,-0.0008,0.0015,0.0045,-0.0008,1.9
2.332,-0.0023,0.0022,0.003,0.0,1.8
2.333,0.0007,0.0045,0.003,-0.0015,1.8
2.334,0.0007,0.0052,0.003,-0.0023,1.8
2.335,0.0007,0.0052,0.0,-0.0015,1.7
2.336,-0.0008,0.006,0.0,-0.0015,1.7
2.337,-0.0008,0.0082,0.0015,-0.0008,1.6
2.338,0.0,0.0067,0.0022,-0.0015,1.5
2.339,0.0007,0.006,0.0045,-0.0015,1.5
2.34,0.0007,0.003,0.0037,-0.0015,1.4
2.341,0.0015,0.0015,0.0037,-0.0008,1.4
2.342,0.0037,0.0015,0.0045,-0.0008,1.3
2.343,0.003,0.0022,0.003,-0.0023,1.3
2.344,0.0022,0.003,0.003,-0.0023,1.3
2.345,0.0015,0.0022,0.0015,-0.003,1.2
2.346,0.0007,0.0022,0.003,-0.0023,1.2
2.347,0.0,0.0022,0.0045,-0.0015,1.2
2.348,-0.0008,0.0015,0.0052,-0.0023,1.1
2.349,-0.0015,0.0015,0.0052,-0.0008,1.1
2.35,-0.0015,0.0052,0.0045,0.0007,1.0
2.351,0.0007,0.006,0.0052,-0.0008,1.0
2.352,-0.0008,0.0052,0.0052,-0.0023,0.9
2.353,-0.0008,0.0067,0.003,-0.0023,0.9
2.354,-0.0015,0.0045,0.003,-0.0015,0.9
2.355,-0.0008,0.0045,0.0052,-0.0023,0.8
2.356,0.0015,0.003,0.003,-0.0015,0.8
2.357,0.0015,0.0015,0.003,-0.0023,0.8
2.358,0.0022,0.0015,0.0022,-0.003,0.7
2.359,0.0015,0.0007,0.0022,-0.0038,0.7
2.36,0.0007,-0.0008,0.0037,-0.0046,0.6
2.361,0.0,-0.0015,0.0037,-0.0038,0.6
2.362,-0.0008,-0.003,0.0037,-0.0046,0.5
2.363,-0.0008,-0.0038,0.0022,-0.0038,0.5
2.364,0.0,-0.0046,0.0022,-0.003,0.5
2.365,-0.0008,-0.0046,0.003,0.0,0.4
2.366,-0.0015,-0.0038,0.003,0.0,0.4
2.367,-0.0015,-0.0038,0.0007,-0.0008,0.4
2.368,0.0007,-0.0053,0.0007,-0.0008,0.3
2.369,0.0007,-0.0068,0.0015,-0.0015,0.3
2.37,-0.0015,-0.0068,0.003,-0.0008,0.2
2.371,0.0007,-0.0053,0.0045,0.0,0.2
2.372,0.0015,-0.0053,0.0022,0.0007,0.2
2.373,-0.0008,-0.0046,0.0022,0.0015,0.1
2.374,0.0007,-0.0015,0.0007,0.0,0.1
2.375,0.0015,-0.0015,-0.0015,0.0007,0.0
2.376,0.0007,-0.0015,-0.0038,0.0007,0.0
2.377,0.003,-0.0023,-0.0068,0.0015,0.0
2.378,0.0022,-0.003,-0.0075,0.0052,0.0
2.379,0.0015,-0.003,-0.0105,0.006,-0.1
2.38,0.003,-0.0008,-0.0113,0.0045,-0.2
2.381,0.0045,0.0,-0.012,0.003,-0.2
2.382,0.0037,0.0,-0.015,0.0015,-0.2
2.383,0.0015,0.0007,-0.0165,0.0015,-0.3
2.384,0.0015,0.0007,-0.0165,0.0007,-0.3
2.385,0.0007,0.0,-0.0165,-0.0023,-0.4
2.386,0.0015,-0.0008,-0.0173,-0.006,-0.4
2.387,0.0015,-0.0015,-0.0158,-0.0091,-0.4
2.388,0.0007,-0.0046,-0.0143,-0.0105,-0.5
2.389,-0.0023,-0.0046,-0.0143,-0.0046,-0.5
2.39,-0.0015,-0.0023,-0.0143,-0.0023,-0.5
2.391,0.0015,-0.0015,-0.0135,-0.0008,-0.6
2.392,0.0007,0.0,-0.0143,0.0045,-0.6
2.393,0.0007,0.0007,-0.0143,0.003,-0.7
2.394,0.0015,0.0015,-0.0135,0.0,-0.7
2.395,0.0015,0.0007,-0.0128,-0.0008,-0.8
2.396,0.0015,0.0007,-0.0113,-0.0008,-0.8
2.397,0.0,0.0015,-0.0105,0.0007,-0.8
2.398,-0.0015,0.0015,-0.0098,0.0,-0.9
2.399,-0.0015,0.0022,-0.0083,-0.0008,-0.9
2.4,-0.0015,0.0007,-0.006,-0.0008,-1.0
2.401,-0.0008,0.0015,-0.0053,-0.0008,-1.0
2.402,0.0007,0.0015,-0.0046,-0.0015,-1.0
2.403,0.0007,0.0007,-0.0038,-0.0053,-1.0
2.404,-0.0008,0.0007,-0.0046,-0.0105,-1.1
2.405,-0.0008,0.0015,-0.0046,-0.0083,-1.1
2.406,-0.0008,0.0015,-0.003,-0.0053,-1.1
2.407,-0.0008,0.0007,-0.003,-0.0008,-1.2
2.408,0.0007,0.0007,-0.003,0.003,-1.2
2.409,0.0015,0.0,-0.003,0.009,-1.2
2.41,0.0007,0.0,-0.0008,0.0105,-1.3
2.411,0.0007,0.0015,-0.0015,0.0105,-1.3
2.412,0.0007,0.0007,-0.0023,0.012,-1.3
2.413,-0.0015,-0.0008,-0.0008,0.0127,-1.3
2.414,-0.0038,-0.0008,0.0015,0.0127,-1.4
2.415,-0.0023,-0.0008,0.0007,0.0067,-1.4
2.416,-0.003,0.0,0.0007,0.0015,-1.4
2.417,-0.0015,0.0015,0.0015,0.0,-1.4
2.418,-0.0015,0.0015,0.0,-0.003,-1.5
2.419,-0.0015,0.0015,0.0007,-0.0038,-1.5
2.42,-0.0008,0.0007,0.0015,-0.0046,-1.6
2.421,-0.0008,0.0007,0.0022,-0.0015,-1.6
2.422,-0.0015,0.0015,0.0052,-0.0008,-1.6
2.423,-0.0008,0.0007,0.006,-0.0008,-1.6
2.424,0.0015,0.0007,0.0045,0.0007,-1.6
2.425,0.0007,-0.0015,0.0045,-0.0008,-1.6
2.426,0.0007,-0.0015,0.006,-0.0015,-1.6
2.427,-0.0008,-0.0008,0.0045,-0.0046,-1.7
2.428,0.0007,0.0007,0.0052,-0.003,-1.7
2.429,0.0015,0.0015,0.0037,-0.0008,-1.7
2.43,0.0,0.0022,0.0015,0.0007,-1.7
2.431,0.0007,0.0007,0.0037,0.0007,-1.7
2.432,0.0015,0.0015,0.0015,0.0,-1.8
2.433,0.003,0.0015,0.003,0.0015,-1.8
2.434,0.003,0.0015,0.003,0.0015,-1.8
2.435,0.0015,-0.0008,0.0007,0.0007,-1.8
2.436,0.0007,0.0,0.0015,0.0015,-1.8
2.437,0.0007,0.0007,0.0015,0.0,-1.8
2.438,0.0015,-0.0015,0.003,0.0,-1.8
2.439,0.0015,-0.0015,0.0015,0.0,-1.9
2.44,0.0,-0.0008,0.0007,-0.0015,-1.9
2.441,0.0,-0.0023,-0.0015,-0.003,-1.9
2.442,-0.0008,-0.0008,-0.0023,-0.0008,-1.9
2.443,0.0,-0.0008,-0.0008,0.0015,-1.9
2.444,0.0007,-0.0008,-0.0023,0.0022,-1.9
2.445,0.0,0.0,-0.003,0.0007,-1.9
2.446,-0.0008,0.0,-0.0008,0.0007,-1.9
2.447,0.0,0.0007,-0.0015,0.0007,-1.9
2.448,0.0,0.0,-0.0046,0.0007,-1.9
2.449,0.0,0.0,-0.0046,-0.0008,-1.9
2.45,0.0,0.0007,-0.003,-0.0015,-1.9
2.451,0.0007,0.0007,-0.003,-0.0015,-1.9
2.452,-0.0015,-0.0008,-0.0038,-0.0015,-1.9
2.453,-0.0008,0.0007,-0.0046,-0.0023,-1.9
2.454,0.0007,0.0022,-0.0023,-0.0023,-1.9
2.455,0.0007,0.0007,-0.0008,-0.0008,-1.9
2.456,0.0007,0.0007,-0.0015,-0.0008,-1.9
2.457,0.0015,0.0022,-0.0008,-0.0015,-1.9
2.458,0.0007,0.0015,-0.0015,-0.0008,-1.9
2.459,0.0,-0.0008,-0.0015,-0.0015,-1.9
2.46,0.0015,-0.0008,-0.003,-0.0015,-1.9
2.461,0.0007,0.0007,-0.003,-0.0023,-1.8
2.462,-0.0008,0.0015,-0.003,-0.0023,-1.8
2.463,-0.0008,0.003,-0.003,-0.0023,-1.8
2.464,0.0007,0.0007,-0.0015,-0.0015,-1.8
2.465,0.0015,-0.0008,-0.0023,-0.0023,-1.8
2.466,0.0022,0.0,0.0007,-0.0015,-1.7
2.467,0.0007,-0.0008,-0.0008,0.0,-1.7
2.468,-0.0008,-0.0008,0.0007,0.0,-1.7
2.469,0.0007,-0.0015,0.003,-0.0008,-1.6
2.47,-0.0008,-0.0015,0.0015,-0.0015,-1.6
2.471,0.0007,0.0007,0.0022,-0.003,-1.6
2.472,0.0007,-0.0008,0.0037,-0.0008,-1.5
2.473,-0.0008,0.0,0.0052,-0.0015,-1.5
2.474,0.0007,0.0015,0.0045,-0.0015,-1.5
2.475,0.0,0.0022,0.0037,-0.0015,-1.4
2.476,0.0007,0.0015,0.0045,-0.0015,-1.4
2.477,0.0007,0.0022,0.0037,-0.0015,-1.4
2.478,0.0007,0.0022,0.0052,-0.0015,-1.4
2.479,0.0,0.0022,0.0045,-0.0015,-1.4
2.48,-0.0015,0.0045,0.0022,0.0,-1.3
2.481,-0.0008,0.003,0.003,-0.0015,-1.3
2.482,-0.0015,0.0015,-0.0046,-0.0008,-1.2
2.483,-0.0023,0.0015,-0.0143,-0.0015,-1.1
2.484,-0.0015,0.003,-0.003,0.0,-1.1
2.485,-0.0008,0.0015,0.003,0.0007,-1.0
2.486,-0.0008,0.0007,0.0052,0.0015,-0.9
2.487,-0.0008,0.0007,0.0105,0.0022,-0.9
2.488,-0.0015,0.0015,0.0067,0.0007,-0.8
2.489,-0.0008,0.0015,0.012,0.0007,-0.8
2.49,0.0,0.0007,0.0127,0.0007,-0.7
2.491,-0.0008,0.0015,0.012,0.0,-0.6
2.492,-0.0008,0.0015,0.012,0.0,-0.6
2.493,-0.0008,0.0007,0.0097,0.0,-0.5
2.494,-0.0008,-0.0008,0.009,0.0,-0.5
2.495,-0.0008,-0.0015,0.0067,0.0007,-0.4
2.496,-0.0008,-0.003,0.0082,0.0007,-0.3
2.497,-0.0015,-0.0038,0.006,0.0007,-0.3
2.498,0.0,-0.0023,0.0052,0.0007,-0.2
2.499,-0.0008,-0.0015,0.0052,0.0007,-0.1
2.5,-0.0015,-0.0008,0.0067,0.0,-0.1
2.501,-0.0008,-0.0008,0.0082,0.0,0.0
2.502,-0.0008,-0.0015,0.0097,-0.0008,0.0
2.503,-0.0008,-0.0008,0.0105,-0.0015,0.1
2.504,0.0007,0.0007,0.0112,0.0007,0.2
2.505,0.0,0.0,0.0105,0.0007,0.3
2.506,-0.0015,-0.0008,0.009,0.0007,0.3
2.507,0.0007,0.0007,0.009,0.0,0.4
2.508,-0.0008,0.0015,0.0075,-0.0015,0.4
2.509,-0.0008,0.0,0.0067,-0.0015,0.5
2.51,-0.0008,0.0,0.0045,-0.0008,0.6
2.511,-0.0015,0.0,0.003,-0.0008,0.7
2.512,0.0,0.0007,0.0037,-0.0008,0.8
2.513,0.0007,0.0007,0.0052,-0.0008,0.8
2.514,-0.0008,0.0007,0.006,-0.0015,0.9
2.515,-0.0008,0.0,0.003,-0.0023,0.9
2.516,0.0,0.0007,0.0045,-0.0015,1.0
2.517,-0.0008,0.0007,0.0037,-0.0008,1.1
2.518,0.0,0.0007,0.0022,0.0007,1.2
2.519,-0.0008,0.0015,0.0007,0.003,1.2
2.52,-0.0008,0.0022,-0.0008,0.003,1.3
2.521,0.0,0.0015,-0.0008,0.0022,1.4
2.522,0.0007,0.0015,-0.0015,0.003,1.5
2.523,0.0007,0.0015,-0.0015,0.0045,1.6
2.524,0.0007,0.0015,-0.0046,0.0022,1.7
2.525,0.0007,0.0007,-0.0083,0.003,1.8
2.526,0.0015,0.0015,-0.0091,0.003,1.8
2.527,0.0022,0.003,-0.0105,0.003,1.9
2.528,0.0015,0.003,-0.012,0.003,2.0
2.529,0.0,0.0037,-0.0143,0.0022,2.1
2.53,-0.0008,0.003,-0.0158,0.003,2.2
2.531,0.0007,0.0015,-0.0158,0.0022,2.3
2.532,0.0015,0.0022,-0.0165,0.0015,2.4
2.533,0.0015,0.0022,-0.0188,0.0022,2.5
2.534,0.0015,0.0015,-0.021,0.0045,2.6
2.535,0.0007,0.0015,-0.0218,0.0045,2.6
2.536,-0.0008,0.0015,-0.021,0.0045,2.7
2.537,0.0007,0.0022,-0.0218,0.003,2.8
2.538,0.0007,0.0015,-0.0248,-0.0008,2.9
2.539,0.0007,0.0007,-0.024,0.003,3.0
2.54,-0.0023,0.0015,-0.024,0.0082,3.1
2.541,-0.0023,-0.0008,-0.027,0.0067,3.2
2.542,-0.003,-0.0015,-0.0248,0.0067,3.3
2.543,-0.003,-0.0008,-0.0248,0.0067,3.4
2.544,-0.0015,-0.0015,-0.0256,0.0067,3.5
2.545,-0.0038,-0.0008,-0.024,0.003,3.6
2.546,-0.0015,-0.0008,-0.0248,0.003,3.7
2.547,-0.0015,-0.0008,-0.0256,0.0045,3.8
2.548,-0.0023,0.0007,-0.0248,0.0015,3.9
2.549,-0.0023,0.0,-0.0225,0.0037,4.0
2.55,-0.003,-0.0015,-0.0195,0.0045,4.1
2.551,-0.0023,-0.0008,-0.0165,0.003,4.2
2.552,-0.0023,0.0007,-0.0135,0.0022,4.3
2.553,-0.003,0.0015,-0.012,0.0007,4.4
2.554,-0.0023,0.0015,-0.012,0.0,4.5
2.555,-0.0008,0.0022,-0.0083,0.0,4.6
2.556,0.0007,0.0015,-0.0046,0.0007,4.7
2.557,0.0007,0.003,-0.0023,0.0015,4.8
2.558,0.003,0.003,0.0007,0.0007,4.9
2.559,0.0045,0.0022,0.0052,0.0015,5.0
2.56,0.0052,0.0015,0.0075,0.0007,5.1
2.561,0.0052,0.0022,0.0082,0.0015,5.3
2.562,0.006,0.0052,0.012,0.0022,5.4
2.563,0.0075,0.0052,0.0142,0.003,5.5
2.564,0.009,0.0075,0.0157,0.0045,5.7
2.565,0.009,0.0082,0.0142,0.0015,5.8
2.566,0.0075,0.0045,0.0097,-0.0023,5.9
2.567,0.0045,0.0022,0.0082,-0.0046,6.1
2.568,0.0007,0.0007,0.0022,-0.0053,6.2
2.569,-0.0008,-0.0008,-0.0015,-0.0053,6.3
2.57,-0.0015,-0.0015,-0.0008,-0.0046,6.5
2.571,-0.0023,0.0,-0.0015,-0.0038,6.7
2.572,-0.0015,-0.0015,-0.0015,-0.0023,6.8
2.573,-0.003,-0.0023,-0.0015,-0.0008,6.9
2.574,-0.003,-0.0015,-0.003,-0.0053,7.1
2.575,-0.0015,-0.0015,0.0,-0.0091,7.2
2.576,-0.0008,-0.0008,-0.0023,-0.0068,7.3
2.577,-0.0023,-0.003,-0.003,-0.0068,7.5
2.578,-0.0038,-0.003,-0.0038,-0.006,7.6
2.579,-0.003,-0.003,-0.0053,-0.0038,7.7
2.58,-0.0023,-0.0023,-0.0046,-0.0053,7.9
2.581,-0.003,-0.0038,-0.003,-0.0046,8.1
2.582,-0.0008,-0.0046,-0.0023,-0.0046,8.2
2.583,-0.0008,-0.0023,-0.0015,-0.0046,8.4
2.584,-0.0015,-0.0038,-0.0008,-0.003,8.5
2.585,-0.0015,-0.003,-0.0015,-0.0023,8.7
2.586,-0.003,-0.0015,-0.0015,-0.003,8.9
2.587,-0.003,-0.0023,0.0007,-0.0046,9.0
2.588,-0.0015,-0.003,0.0037,-0.0038,9.2
2.589,-0.0015,-0.003,0.0045,-0.0023,9.3
2.59,-0.0008,-0.0008,0.0037,-0.003,9.5
2.591,0.0015,-0.0015,0.0045,-0.003,9.7
2.592,0.0007,-0.0008,0.006,-0.0015,9.8
2.593,0.0015,-0.0008,0.0052,-0.0015,10.0
2.594,0.003,0.0015,0.0052,-0.0015,10.1
2.595,0.0007,0.0,0.006,-0.0015,10.3
2.596,0.0007,-0.0015,0.0067,-0.0038,10.5
2.597,0.0015,-0.0008,0.006,0.0,10.6
2.598,-0.0008,-0.0008,0.0082,0.003,10.8
2.599,0.0,0.0007,0.0097,0.0022,10.9
2.6,0.0015,0.0015,0.0112,0.003,11.1
2.601,0.003,0.0037,0.0135,0.0015,11.3
2.602,0.003,0.0052,0.0142,0.0052,11.6
2.603,0.003,0.0045,0.0142,0.0067,11.8
2.604,0.0022,0.003,0.0105,0.0045,12.0
2.605,-0.0008,0.0037,0.0082,0.006,12.2
2.606,0.0007,0.003,0.009,0.0052,12.5
2.607,0.003,0.0022,0.0052,0.006,12.7
2.608,0.0015,0.0015,0.0022,0.0067,12.9
2.609,0.0015,0.0007,-0.0015,0.0075,13.1
2.61,0.0015,0.0022,-0.0046,0.0075,13.4
2.611,0.0007,0.0022,-0.0068,0.0075,13.5
2.612,0.0015,0.0015,-0.0068,0.009,13.8
2.613,0.003,0.0007,-0.0091,0.0135,14.0
2.614,0.003,0.0007,-0.0091,0.0172,14.2
2.615,0.0007,-0.0008,-0.0083,0.018,14.4
2.616,0.0,-0.0015,-0.0105,0.0202,14.7
2.617,-0.0008,-0.0008,-0.012,0.0202,14.9
2.618,-0.0015,0.0,-0.0143,0.021,15.1
2.619,-0.0038,0.0,-0.0105,0.0217,15.3
2.62,-0.0008,-0.0008,-0.0075,0.021,15.6
2.621,-0.0008,0.0007,-0.0083,0.0195,15.8
2.622,-0.0023,-0.0015,-0.006,0.0157,16.2
2.623,-0.0008,0.0,-0.0068,0.0157,16.4
2.624,0.0,0.0015,-0.0038,0.0142,16.7
2.625,-0.0008,0.0007,-0.003,0.012,17.0
2.626,-0.0008,0.0015,-0.0015,0.0097,17.3
2.627,-0.0008,0.0,0.0,0.0067,17.5
2.628,-0.0015,0.0007,0.0,0.0045,17.9
2.629,-0.0023,0.0007,0.0022,0.0022,18.1
2.63,-0.0015,-0.0008,0.0045,-0.0008,18.4
2.631,0.0007,0.0007,0.0082,-0.0038,18.7
2.632,0.0015,0.0007,0.0105,-0.006,19.0
2.633,0.0,0.0007,0.0112,-0.0083,19.3
2.634,-0.0015,-0.0023,0.0135,-0.012,19.6
2.635,-0.0008,-0.0038,0.0135,-0.0135,19.8
2.636,-0.0008,-0.003,0.0195,-0.0143,20.2
2.637,0.0,-0.003,0.0262,-0.0165,20.4
2.638,0.0015,-0.0015,0.0217,-0.0278,20.7
2.639,0.0015,0.0007,0.0097,-0.0525,21.0
2.64,0.0007,0.0022,0.0075,-0.054,21.3
2.641,-0.0008,0.0015,0.0022,-0.0293,21.6
2.642,-0.0023,0.003,-0.0008,-0.0203,22.0
2.643,-0.0038,0.0022,0.0,-0.0195,22.3
2.644,-0.0015,0.0015,-0.0015,-0.024,22.6
2.645,-0.0015,0.003,0.0007,-0.0233,22.9
2.646,-0.0008,0.003,0.0015,-0.0143,23.3
2.647,-0.0015,0.0037,0.0037,-0.0203,23.6
2.648,-0.003,0.0045,0.0067,-0.0158,24.0
2.649,-0.0015,0.0045,0.0045,-0.0158,24.3
2.65,0.0,0.0045,0.0045,-0.012,24.7
2.651,0.0007,0.0052,0.0067,-0.0083,25.0
2.652,0.0007,0.0037,0.0082,-0.0098,25.3
2.653,0.0015,0.0007,0.0082,-0.0068,25.6
2.654,0.0015,0.0,0.0097,-0.0083,26.0
2.655,0.0007,0.0007,0.012,-0.0046,26.3
2.656,0.0007,-0.0008,0.0105,-0.003,26.6
2.657,0.0022,0.0,0.012,-0.0015,27.0
2.658,0.0015,0.0015,0.0142,0.0007,27.3
2.659,0.003,0.0007,0.015,0.0,27.7
2.66,0.003,0.0015,0.0135,0.0022,28.0
2.661,0.0037,0.0015,0.0142,0.0022,28.3
2.662,0.003,0.0015,0.015,0.0045,28.7
2.663,0.0045,0.0015,0.0165,0.0052,29.0
2.664,0.0045,0.0015,0.018,0.0052,29.3
2.665,0.0045,0.0,0.0142,0.0052,29.7
2.666,0.0045,-0.0015,0.0105,0.0045,30.0
2.667,0.003,-0.0015,0.0075,0.0045,30.4
2.668,0.0015,-0.003,0.003,0.0015,30.7
2.669,0.0015,-0.0023,-0.0008,0.003,31.0
2.67,0.0,-0.0008,-0.0008,0.0037,31.4
2.671,-0.0008,-0.0008,-0.0038,0.0015,31.7
2.672,-0.0023,-0.0008,-0.0091,0.0007,32.1
2.673,-0.0015,-0.0015,-0.0091,0.0007,32.4
2.674,0.0,0.0,-0.0091,0.0015,32.8
2.675,-0.0008,0.0007,-0.006,0.003,33.1
2.676,-0.0008,0.0015,-0.0083,-0.0008,33.4
2.677,0.0007,0.003,-0.0068,-0.0068,33.7
2.678,0.0015,0.0022,-0.0038,-0.006,34.1
2.679,0.0015,0.003,-0.0008,-0.0068,34.4
2.68,0.0015,0.0022,-0.0023,-0.0083,34.8
2.681,0.0022,0.003,-0.0023,-0.0068,35.1
2.682,0.0022,0.003,0.0052,-0.0083,35.3
2.683,0.0037,0.0015,0.0045,-0.0083,35.5
2.684,0.003,0.0007,0.0052,-0.0105,35.8
2.685,0.0015,-0.0008,0.003,-0.0091,36.1
2.686,0.0007,0.0007,0.003,-0.0068,36.4
2.687,0.0015,-0.0015,0.0105,-0.0091,36.6
2.688,0.003,-0.0015,0.018,-0.0083,36.9
2.689,0.003,-0.0038,0.0255,-0.0091,37.1
2.69,0.0037,-0.0053,0.0255,-0.0083,37.4
2.691,0.006,-0.003,0.027,-0.0091,37.7
2.692,0.0052,-0.0046,0.021,-0.0083,37.9
2.693,0.0037,-0.0046,0.0135,-0.0053,38.2
2.694,0.003,-0.003,0.0097,-0.0046,38.4
2.695,0.003,-0.0015,0.0082,-0.0038,38.7
2.696,0.0037,-0.0015,0.012,-0.003,39.0
2.697,0.003,0.0,0.0127,-0.003,39.2
2.698,0.0045,-0.0008,0.0157,-0.0023,39.5
2.699,0.0037,-0.003,0.0105,-0.0008,39.7
2.7,0.0015,-0.0008,0.0052,-0.0008,40.0
2.701,0.0007,0.0,0.0045,0.0,40.2
2.702,0.0007,0.0015,0.0015,-0.0015,40.5
2.703,0.0,0.0015,-0.0015,-0.003,40.7
2.704,-0.0008,0.0007,-0.0008,-0.0008,40.9
2.705,-0.0008,0.0007,0.0015,-0.0008,41.1
2.706,-0.0008,0.0015,0.0037,0.0007,41.4
2.707,0.0007,0.0015,0.0037,0.0052,41.6
2.708,0.003,0.0007,0.0045,0.0067,41.8
2.709,0.0015,0.0,0.0015,0.0067,42.0
2.71,0.0,-0.0015,-0.0068,0.0082,42.3
2.711,0.0,-0.0008,-0.006,0.0105,42.4
2.712,0.0,0.0015,-0.0053,0.0142,42.7
2.713,-0.0008,0.0015,-0.0105,0.0157,42.9
2.714,-0.0015,0.0007,-0.0128,0.0165,43.1
2.715,-0.0038,0.003,-0.0135,0.0165,43.3
2.716,-0.0046,0.0045,-0.0113,0.0187,43.6
2.717,-0.0038,0.0022,-0.012,0.0225,43.8
2.718,-0.003,0.003,-0.012,0.0225,44.0
2.719,-0.0038,0.0022,-0.012,0.0232,44.2
2.72,-0.0046,0.0007,-0.0128,0.024,44.5
2.721,-0.0046,0.0015,-0.012,0.0202,44.7
2.722,-0.003,0.0015,-0.0113,0.0187,45.0
2.723,-0.0023,0.0022,-0.0128,0.018,45.2
2.724,-0.0046,0.0015,-0.015,0.018,45.5
2.725,-0.006,0.0007,-0.0158,0.015,45.7
2.726,-0.0068,0.0007,-0.0181,0.0135,46.0
2.727,-0.0068,0.0,-0.0173,0.012,46.3
2.728,-0.0053,-0.0008,-0.015,0.0105,46.5
2.729,-0.0038,-0.0008,-0.0128,0.009,46.8
2.73,-0.003,0.0015,-0.0105,0.0067,47.0
2.731,-0.003,0.0022,-0.012,0.0075,47.2
2.732,-0.003,0.0037,-0.0128,0.0037,47.5
2.733,-0.003,0.0037,-0.0098,0.0007,47.7
2.734,-0.003,0.0022,-0.0068,0.0007,48.0
2.735,-0.0015,0.0037,-0.0046,0.0007,48.3
2.736,0.0007,0.0052,0.0015,0.0015,48.5
2.737,0.0007,0.006,0.0067,0.0015,48.8
2.738,0.0015,0.0052,0.0082,0.0007,49.0
2.739,0.0015,0.003,0.0067,0.0,49.3
2.74,0.0007,0.0037,0.0045,-0.0023,49.5
2.741,0.0015,0.0045,0.003,-0.0046,49.8
2.742,0.0015,0.0022,-0.0008,-0.006,50.0
2.743,0.0007,0.0015,-0.0046,-0.006,50.3
2.744,0.0015,0.0015,-0.0046,-0.0053,50.5
2.745,0.0007,0.0,-0.0046,-0.0053,50.8
2.746,-0.0008,-0.0008,-0.0015,-0.0068,51.0
2.747,-0.0008,-0.0008,-0.0023,-0.0068,51.2
2.748,0.0007,0.0,-0.0023,-0.0053,51.5
2.749,0.0007,-0.0015,-0.0015,-0.0053,51.7
2.75,0.0007,-0.0015,0.0,-0.0046,52.0
2.751,0.003,-0.0008,0.0022,-0.0046,52.2
2.752,0.0015,-0.0008,0.0022,-0.006,52.4
2.753,0.0015,-0.0008,0.0045,-0.0053,52.7
2.754,0.0022,-0.0015,0.0067,-0.0046,52.9
2.755,0.003,-0.0015,0.0052,-0.0046,53.1
2.756,0.0015,-0.0008,0.0045,-0.003,53.4
2.757,0.0007,-0.0015,0.0052,-0.0015,53.6
2.758,0.003,-0.0023,0.0067,-0.0008,53.9
2.759,0.0015,-0.003,0.006,-0.0008,54.1
2.76,0.0007,-0.003,0.0045,-0.0023,54.4
2.761,0.0007,-0.0008,0.003,-0.0038,54.5
2.762,-0.0015,0.0,0.0015,-0.003,54.7
2.763,-0.0023,0.0007,-0.0008,-0.003,54.8
2.764,-0.0008,0.0007,-0.003,-0.0015,55.0
2.765,-0.0008,0.0007,-0.0038,-0.0008,55.1
2.766,0.0,0.0007,-0.0015,-0.0008,55.3
2.767,0.0007,0.0022,0.0,-0.0008,55.4
2.768,0.0007,0.003,0.0007,-0.0008,55.6
2.769,-0.0008,0.003,0.0015,0.0,55.8
2.77,-0.0008,0.0045,0.003,0.0007,55.9
2.771,0.0015,0.0037,0.0045,0.003,56.1
2.772,0.003,0.003,0.006,0.003,56.2
2.773,0.0007,0.0007,0.0052,0.0015,56.4
2.774,0.0007,-0.0008,0.0045,0.0007,56.5
2.775,-0.0008,0.0,0.003,0.0007,56.7
2.776,0.0007,0.0007,0.0015,0.0007,56.8
2.777,0.0022,0.0022,-0.0008,0.0,57.0
2.778,0.0015,0.0,-0.0046,-0.0008,57.1
2.779,0.0007,-0.0008,-0.0053,-0.0015,57.3
2.78,0.0,0.0007,-0.0075,-0.0023,57.5
2.781,0.0007,0.0015,-0.0068,-0.0015,57.5
2.782,-0.0015,0.0015,-0.006,-0.0046,57.6
2.783,-0.0015,0.0,-0.0068,-0.0038,57.6
2.784,-0.0008,-0.0008,-0.0046,0.0,57.7
2.785,-0.0008,0.0015,-0.0038,0.0007,57.8
2.786,0.0007,0.0007,0.0,0.0007,57.9
2.787,0.0007,0.0015,0.0015,0.0,57.9
2.788,0.0015,0.0015,0.003,-0.0008,58.0
2.789,0.0007,0.0007,0.0052,-0.0008,58.0
2.79,-0.0008,-0.0015,0.0045,0.0007,58.1
2.791,0.0,-0.003,0.0052,-0.0008,58.2
2.792,0.0,-0.0015,0.0052,-0.0023,58.2
2.793,0.0022,-0.0008,0.003,-0.003,58.3
2.794,0.0015,0.0,0.0022,-0.003,58.4
2.795,0.0015,0.0007,0.0007,-0.0023,58.5
2.796,0.0022,0.0007,-0.0015,-0.0015,58.5
2.797,-0.0008,0.003,0.0,-0.0023,58.6
2.798,0.0022,0.0015,-0.0008,-0.003,58.6
2.799,0.0015,0.0007,-0.0023,-0.0015,58.7
2.8,0.0007,-0.0008,0.0,-0.0015,58.8
2.801,0.0007,-0.0008,0.003,0.0007,58.8
2.802,0.0007,-0.0015,0.0037,0.0,58.8
2.803,0.003,-0.0023,0.0052,-0.0015,58.7
2.804,0.0007,0.0015,0.0067,-0.0008,58.7
2.805,-0.0008,0.0022,0.009,-0.0008,58.7
2.806,0.0,0.0015,0.0067,-0.0008,58.6
2.807,0.0,0.0007,0.0045,-0.0008,58.6
2.808,0.0,0.0007,0.003,-0.0008,58.6
2.809,-0.0008,0.0015,0.0015,-0.0015,58.5
2.81,0.0,0.0007,0.003,-0.003,58.5
2.811,0.0007,0.0007,0.0052,-0.0023,58.5
2.812,0.0015,0.0,0.0105,-0.0008,58.5
2.813,0.0015,-0.0015,0.0187,-0.0008,58.5
2.814,0.0052,-0.0023,0.018,0.0022,58.4
2.815,0.0045,-0.0008,0.006,0.0015,58.4
2.816,0.003,0.0,-0.003,0.0015,58.4
2.817,0.0015,-0.0008,-0.0083,0.0,58.3
2.818,-0.0008,0.0,-0.012,-0.0023,58.3
2.819,-0.0008,-0.0015,-0.0128,-0.0053,58.3
2.82,-0.0015,-0.0038,-0.0128,-0.0068,58.2
2.821,-0.0023,-0.003,-0.0105,-0.0075,58.1
2.822,-0.0008,-0.0015,-0.0098,-0.0068,58.1
2.823,0.0,-0.0015,-0.0083,-0.0053,58.0
2.824,0.0,-0.0008,-0.003,-0.0068,57.9
2.825,-0.0008,0.0,-0.0038,-0.0068,57.8
2.826,-0.0008,-0.0008,-0.0038,-0.0053,57.8
2.827,-0.0008,0.0,-0.0046,-0.0053,57.7
2.828,0.0,0.0007,-0.0023,-0.0023,57.6
2.829,-0.0008,0.0022,0.0007,-0.0023,57.6
2.83,0.0,0.0015,0.0007,-0.0015,57.5
2.831,-0.0008,0.0015,0.0007,-0.0008,57.4
2.832,-0.0008,0.0015,0.0007,-0.0023,57.3
2.833,0.0007,0.0007,0.0007,-0.0015,57.2
2.834,0.0007,0.0,0.0,-0.0008,57.1
2.835,0.0015,0.0015,0.003,0.0,57.1
2.836,0.0015,0.003,0.0045,0.0007,57.0
2.837,0.0007,0.003,0.0045,0.0007,56.9
2.838,0.0007,0.0037,0.0067,0.0007,56.8
2.839,0.0015,0.0015,0.0052,0.0007,56.8
2.84,0.0015,-0.0008,0.0045,0.0015,56.7
2.841,0.0015,-0.0015,0.0007,0.0015,56.6
2.842,0.0015,-0.003,-0.0023,0.0015,56.5
2.843,0.0,-0.0038,-0.003,0.0015,56.4
2.844,0.0007,-0.003,-0.0046,0.0007,56.3
2.845,-0.0015,-0.0023,-0.0053,0.0022,56.2
2.846,-0.0015,0.0007,-0.0083,0.003,56.1
2.847,-0.0008,0.0007,-0.0083,0.003,56.0
2.848,-0.0008,0.0,-0.0091,0.0052,55.9
2.849,-0.0008,0.0,-0.0075,0.0052,55.8
2.85,-0.0015,-0.0008,-0.0068,0.0045,55.7
2.851,-0.0008,-0.0008,-0.0083,0.0045,55.6
2.852,0.0007,0.0,-0.0068,0.0052,55.5
2.853,-0.0008,0.0015,-0.0038,0.0045,55.4
2.854,0.0007,0.0007,0.003,0.0045,55.3
2.855,0.0007,0.0,0.0045,0.0045,55.2
2.856,0.0007,-0.0023,0.0,0.003,55.1
2.857,0.0015,-0.0015,-0.0008,0.003,55.0
2.858,0.0015,0.0,-0.0008,0.0015,54.9
2.859,0.0022,-0.0015,-0.0015,0.0007,54.8
2.86,0.0015,-0.0023,-0.0015,0.0007,54.6
2.861,0.0007,-0.0046,0.0007,0.0007,54.5
2.862,0.0022,-0.0023,0.0015,0.0015,54.4
2.863,0.003,0.0,0.0007,0.003,54.2
2.864,0.0022,0.0007,0.0015,0.0022,54.0
2.865,0.0015,0.0015,0.0037,0.0007,53.8
2.866,0.0015,0.0007,0.0015,0.0007,53.6
2.867,0.0007,0.0007,0.0007,0.0015,53.5
2.868,-0.0015,0.0,0.0037,0.0015,53.3
2.869,0.0007,0.0007,0.003,0.0022,53.1
2.87,0.0007,0.0015,0.0037,0.0015,53.0
2.871,0.0007,0.0015,0.0052,-0.0008,52.8
2.872,-0.0008,0.0045,0.0037,-0.0008,52.6
2.873,-0.0008,0.0052,0.003,-0.0015,52.5
2.874,0.0,0.0022,0.0022,-0.003,52.3
2.875,-0.0008,0.0015,0.0007,-0.0015,52.2
2.876,0.0,0.0015,-0.0008,-0.0008,52.0
2.877,-0.0008,0.0007,-0.0023,-0.0015,51.8
2.878,0.0015,0.0015,-0.0023,-0.0008,51.6
2.879,0.0007,0.0015,-0.0023,0.0007,51.5
2.88,0.0007,0.0022,-0.003,-0.0008,51.3
2.881,0.0015,0.0015,-0.0015,-0.0015,51.1
2.882,0.0015,0.0015,-0.003,-0.003,50.8
2.883,-0.0008,0.0022,-0.003,-0.0038,50.6
2.884,-0.0008,0.0022,-0.0008,-0.003,50.4
2.885,0.0007,0.003,-0.0008,-0.0008,50.2
2.886,0.0007,0.003,-0.0023,-0.0008,49.9
2.887,0.0022,0.0022,-0.0008,-0.0015,49.7
2.888,0.0015,0.0015,-0.0008,-0.0015,49.5
2.889,-0.0008,0.003,-0.0015,0.0007,49.3
2.89,-0.0008,0.0052,-0.003,0.0015,49.0
2.891,-0.0015,0.003,-0.0053,0.0007,48.8
2.892,-0.0023,0.0015,-0.0046,0.0007,48.6
2.893,-0.0015,0.003,-0.0053,-0.0008,48.3
2.894,-0.0008,0.003,-0.0053,-0.0008,48.1
2.895,0.0,0.0015,-0.0053,0.0,47.9
2.896,-0.0008,0.003,-0.0038,-0.0015,47.6
2.897,-0.0015,0.0045,0.0,-0.0015,47.4
2.898,-0.0015,0.003,-0.0023,-0.003,47.2
2.899,-0.0008,0.0022,-0.0015,-0.0046,47.0
2.9,-0.0008,0.0022,-0.0008,-0.006,46.7
2.901,-0.0008,0.0007,0.0,-0.0075,46.5
2.902,0.0007,0.0015,0.0015,-0.0038,46.2
2.903,0.0015,0.0,0.0045,-0.003,45.9
2.904,0.0015,-0.0015,0.0037,-0.003,45.6
2.905,0.0007,-0.003,0.0037,-0.0075,45.4
2.906,0.0,-0.0038,0.003,-0.0053,45.1
2.907,0.0007,0.0007,0.003,0.0022,44.8
2.908,0.0,0.0022,0.003,0.0045,44.5
2.909,0.0,-0.003,0.0015,0.003,44.3
2.91,-0.0008,-0.003,0.003,0.0037,44.0
2.911,-0.0008,-0.0015,0.0007,-0.0023,43.7
2.912,-0.0008,-0.0023,0.0007,-0.0128,43.4
2.913,-0.0008,-0.0008,0.0045,-0.012,43.1
2.914,-0.0008,0.009,0.0022,-0.0015,42.9
2.915,0.0007,0.0157,0.0037,0.015,42.6
2.916,0.0007,0.009,0.003,0.033,42.3
2.917,0.0,0.0052,0.003,0.0367,42.0
2.918,-0.0008,0.0007,0.0037,0.0157,41.8
2.919,-0.0008,-0.0091,0.003,-0.003,41.5
2.92,-0.0008,-0.0128,0.0052,-0.0008,41.2
2.921,0.0007,-0.0128,0.0045,-0.0023,40.9
2.922,0.0007,-0.0083,0.0052,-0.0023,40.6
2.923,0.0,-0.0053,0.0082,-0.0015,40.2
2.924,0.0007,-0.0023,0.0082,-0.003,39.9
2.925,0.0015,0.0,0.0067,-0.0038,39.6
2.926,0.0022,0.0022,0.0052,-0.0098,39.2
2.927,0.003,0.006,0.006,-0.0143,38.9
2.928,0.0022,0.0127,0.0015,-0.0218,38.6
2.929,0.0007,0.0217,0.0007,-0.0195,38.3
2.93,0.0007,0.0172,-0.0015,-0.0023,37.9
2.931,-0.0008,0.0037,-0.0038,0.0067,37.6
2.932,-0.0008,-0.0023,-0.003,0.0172,37.3
2.933,0.0007,-0.0015,-0.0015,0.0292,37.0
2.934,-0.0008,-0.003,0.0022,0.0255,36.7
2.935,-0.0008,-0.0015,0.0037,0.0052,36.3
2.936,0.0007,-0.0015,0.003,-0.0068,36.0
2.937,0.0015,0.0,0.0045,-0.0038,35.7
2.938,0.0015,0.003,0.0067,-0.0015,35.3
2.939,0.0015,-0.0053,0.0052,0.0082,35.0
2.94,0.0015,-0.0083,0.0052,0.0165,34.6
2.941,0.0015,0.0045,0.0045,0.009,34.3
2.942,0.0015,0.003,0.0007,-0.0068,34.0
2.943,0.0007,-0.0083,0.0015,-0.0143,33.6
2.944,-0.0008,-0.0075,0.0015,-0.0105,33.3
2.945,-0.0008,-0.006,-0.0015,-0.0008,32.9
2.946,-0.0008,0.009,-0.0015,0.0165,32.6
2.947,0.0,0.015,-0.003,0.0217,32.2
2.948,0.0,-0.0023,-0.003,0.0082,31.9
2.949,0.0007,-0.0053,0.0,0.003,31.5
2.95,0.0007,0.0007,0.0015,0.0015,31.1
2.951,0.0007,0.0007,0.0,0.0015,30.8
2.952,0.0,0.0007,0.0,0.0007,30.5
2.953,0.0007,-0.0008,0.0007,-0.0046,30.1
2.954,0.0007,-0.003,0.0015,-0.0128,29.7
2.955,0.0015,-0.0046,0.0007,-0.0233,29.4
2.956,0.0,-0.006,-0.0008,-0.0308,29.0
2.957,0.0007,-0.0038,-0.0015,-0.03,28.7
2.958,0.0,-0.0038,-0.0038,-0.0233,28.3
2.959,-0.0008,-0.0015,-0.003,-0.003,28.0
2.96,0.0015,0.0007,-0.003,0.0172,27.6
2.961,0.0007,0.0007,-0.003,0.0255,27.3
2.962,0.0007,0.003,0.0022,0.0397,27.0
2.963,0.0007,0.0015,0.0037,0.0487,26.6
2.964,0.0007,0.0,0.0045,0.0315,26.3
2.965,0.0007,-0.0015,-0.0008,0.0022,26.0
2.966,0.0007,-0.0023,-0.0023,-0.027,25.6
2.967,0.0015,-0.0023,-0.006,-0.033,25.3
2.968,0.0015,-0.003,-0.0091,-0.03,25.0
2.969,0.003,-0.0008,-0.0083,-0.0218,24.6
2.97,0.003,0.0007,-0.0068,-0.0023,24.3
2.971,0.0015,0.0022,-0.003,0.0195,24.0
2.972,0.003,0.003,-0.003,0.0292,23.6
2.973,0.0015,0.0015,-0.0015,0.0097,23.3
2.974,0.0015,-0.003,0.0015,-0.0046,22.9
2.975,0.0015,-0.003,0.003,-0.0015,22.6
2.976,0.0015,-0.0015,0.0037,-0.003,22.3
2.977,0.0015,-0.003,0.0022,-0.0038,22.0
2.978,-0.0008,0.0007,-0.0015,0.0045,21.6
2.979,0.0007,0.0105,-0.0046,0.0202,21.3
2.98,-0.003,0.0097,-0.0068,0.003,20.9
2.981,-0.0068,-0.0008,-0.0075,-0.027,20.7
2.982,-0.0091,0.0015,-0.0075,-0.021,20.3
2.983,-0.012,0.0067,-0.0046,-0.006,20.0
2.984,-0.0098,0.006,0.0007,0.0067,19.6
2.985,-0.003,0.0045,0.0022,0.0007,19.3
2.986,0.0007,-0.0015,0.006,-0.0158,18.9
2.987,0.0,-0.0046,0.0105,0.003,18.6
2.988,0.0007,-0.0008,0.0135,0.0472,18.3
2.989,0.0022,0.0052,0.0112,0.0517,18.0
2.99,0.0045,0.0015,0.0067,0.0037,17.6
2.991,0.003,-0.003,-0.0015,-0.0113,17.3
2.992,0.0007,-0.0038,-0.012,-0.0091,17.0
2.993,-0.003,-0.0046,-0.015,-0.024,16.6
2.994,-0.0008,-0.003,-0.0158,-0.015,16.3
2.995,-0.0008,-0.0008,-0.0128,-0.0008,15.9
2.996,0.0007,0.0045,-0.0128,0.0015,15.6
2.997,-0.0015,0.006,-0.012,-0.0053,15.3
2.998,-0.0038,0.0052,-0.0113,-0.0113,14.9
2.999,-0.003,0.0052,-0.0068,-0.0083,14.6
3.0,-0.0015,0.0052,0.0105,0.0045,14.2
3.001,-0.0008,0.003,0.033,0.0052,13.9
3.002,0.0015,-0.0008,0.0345,-0.0143,13.6
3.003,0.0052,-0.003,0.0285,-0.027,13.2
3.004,0.009,-0.0075,0.0232,-0.0181,12.9
3.005,0.0105,-0.0091,0.0052,0.006,12.6
3.006,0.009,-0.0053,-0.0068,0.0172,12.2
3.007,0.0165,-0.0046,-0.0135,0.0315,11.9
3.008,0.0285,0.0007,-0.006,0.0277,11.6
3.009,0.0307,0.0127,0.0067,-0.0053,11.2
3.01,0.0367,0.03,0.0045,-0.0383,10.9
3.011,0.042,0.0315,0.0007,-0.0675,10.5
3.012,0.027,0.0232,-0.0053,-0.06,10.2
3.013,-0.0038,0.0285,-0.0113,-0.039,9.9
3.014,-0.033,0.0105,-0.0143,-0.0165,9.5
3.015,-0.0428,-0.0075,-0.0165,0.0187,9.2
3.016,-0.027,-0.0128,-0.0158,0.0652,8.9
3.017,-0.03,-0.0203,-0.0143,0.0765,8.5
3.018,-0.0495,-0.021,-0.0128,0.0412,8.2
3.019,-0.0608,-0.024,-0.0128,0.0082,7.9
3.02,-0.0593,-0.024,-0.012,-0.0315,7.5
3.021,-0.0458,-0.0308,-0.0075,-0.0353,7.2
3.022,-0.042,-0.0195,0.0015,-0.0436,7.0
3.023,-0.0315,0.0105,0.006,-0.054,6.7
3.024,-0.0046,0.0127,-0.0098,-0.0293,6.5
3.025,0.0232,-0.0105,-0.0098,-0.021,6.3
3.026,0.0405,-0.0315,0.0082,0.0045,6.0
3.027,0.0382,-0.0436,0.006,0.0195,5.8
3.028,0.0367,-0.0436,-0.0023,-0.0008,5.5
3.029,0.036,-0.0465,-0.0083,-0.0181,5.3
3.03,0.0442,-0.0405,-0.0143,0.0007,5.0
3.031,0.0547,-0.0218,-0.0158,0.0157,4.7
3.032,0.057,-0.0128,-0.0263,-0.0135,4.5
3.033,0.0502,0.0007,-0.0293,-0.0053,4.2
3.034,0.027,0.021,-0.0195,0.0165,4.0
3.035,-0.003,0.063,-0.0135,0.042,3.7
3.036,-0.0315,0.1237,-0.0113,0.0607,3.5
3.037,-0.0563,0.1027,-0.0105,0.036,3.2
3.038,-0.057,0.0367,0.0015,0.0165,3.0
3.039,-0.0375,0.0382,0.0157,0.0105,2.7
3.04,-0.0248,0.0322,0.0232,0.0127,2.4
3.041,-0.0098,0.0202,0.0315,-0.0091,2.3
3.042,-0.0015,-0.0053,0.0142,-0.0368,2.2
3.043,-0.0023,-0.0375,-0.0038,-0.0578,2.0
3.044,0.0,-0.0218,-0.0165,-0.054,1.9
3.045,0.0045,-0.0181,-0.021,-0.0195,1.7
3.046,0.0127,-0.0098,-0.0053,-0.0046,1.6
3.047,0.012,-0.0068,0.0045,0.0217,1.4
3.048,0.0157,-0.0008,0.0232,0.0465,1.3
3.049,0.0195,0.0382,0.0352,0.057,1.1
3.05,0.024,0.069,0.0405,0.0615,1.0
3.051,0.0292,0.0592,0.0495,0.0427,0.9
3.052,0.0255,0.0345,0.0585,0.0157,0.7
3.053,0.0142,0.0105,0.0615,-0.012,0.5
3.054,-0.0015,-0.0053,0.0547,-0.0165,0.4
3.055,-0.0165,-0.0053,0.0525,-0.021,0.2
3.056,-0.0293,-0.0173,0.0547,-0.021,0.1
3.057,-0.0293,-0.0203,0.0495,-0.0105,0.0
3.058,-0.0233,-0.0195,0.0442,-0.0068,-0.2
3.059,-0.0195,-0.0181,0.0525,-0.0023,-0.4
3.06,-0.0165,-0.0195,0.0525,-0.0091,-0.5
3.061,-0.0008,-0.0256,0.0382,-0.0143,-0.7
3.062,0.024,-0.024,0.0217,-0.0143,-0.9
3.063,0.048,-0.0165,0.0045,-0.0091,-1.0
3.064,0.0607,-0.006,-0.0083,-0.0068,-1.2
3.065,0.0495,-0.0075,-0.0158,-0.012,-1.4
3.066,0.0277,-0.0091,-0.0165,-0.0105,-1.5
3.067,-0.0008,-0.0091,-0.0128,-0.0068,-1.7
3.068,-0.024,-0.0053,0.0022,0.0007,-1.9
3.069,-0.0346,-0.0023,0.0195,0.0067,-2.1
3.07,-0.0315,-0.0105,0.0112,0.0097,-2.3
3.071,-0.0225,-0.015,0.0015,0.0135,-2.4
3.072,-0.0135,-0.0091,-0.0023,0.0082,-2.6
3.073,-0.0091,-0.0083,-0.0203,-0.0083,-2.8
3.074,-0.0083,-0.024,-0.0405,-0.0225,-3.0
3.075,-0.0098,-0.0353,-0.0503,-0.0308,-3.2
3.076,-0.0135,-0.0346,-0.0578,-0.0353,-3.3
3.077,-0.012,-0.0315,-0.0578,-0.0278,-3.5
3.078,-0.0053,-0.0405,-0.0511,-0.0143,-3.6
3.079,0.0022,-0.0308,-0.0413,0.0045,-3.8
3.08,0.012,0.0052,-0.0315,0.033,-4.1
3.081,0.0277,0.0015,-0.0338,0.0345,-4.1
3.082,0.0315,-0.0405,-0.024,-0.0008,-4.2
3.083,0.024,-0.03,-0.0098,-0.0143,-4.3
3.084,0.0277,0.0097,0.0037,0.0135,-4.5
3.085,0.0292,0.0442,0.0142,0.057,-4.5
3.086,0.0052,0.063,0.0105,0.0682,-4.6
3.087,0.0045,0.0427,0.0052,0.0675,-4.8
3.088,0.045,0.0397,0.0022,0.078,-4.9
3.089,0.0607,0.0247,0.0052,0.0802,-5.0
3.09,0.057,0.0345,0.0045,0.0772,-5.1
3.091,0.0187,0.0495,0.0052,0.054,-5.2
3.092,-0.0615,0.027,0.0052,0.0255,-5.3
3.093,-0.123,0.0712,0.003,0.0052,-5.4
3.094,-0.126,0.0892,-0.0008,-0.0098,-5.5
3.095,-0.0668,0.0352,-0.006,-0.0225,-5.6
3.096,-0.0038,0.009,-0.0038,-0.027,-5.7
3.097,0.012,-0.0158,-0.0046,-0.0293,-5.9
3.098,0.0067,-0.0361,0.0,-0.0383,-5.9
3.099,-0.0053,-0.0195,0.0037,-0.0428,-6.1
3.1,-0.0383,-0.0203,0.0127,-0.039,-6.2
3.101,-0.0638,-0.0315,0.0277,-0.027,-6.2
3.102,-0.054,-0.0353,0.0232,-0.0173,-6.1
3.103,-0.024,-0.0338,-0.0008,-0.0128,-6.0
3.104,-0.0053,-0.0068,-0.024,-0.0091,-5.9
3.105,0.0187,-0.0053,-0.0443,-0.0083,-5.9
3.106,0.039,-0.0233,-0.0645,-0.0053,-5.8
3.107,0.0337,-0.0165,-0.078,-0.0068,-5.8
3.108,0.03,0.0067,-0.078,-0.0105,-5.7
3.109,0.03,0.0345,-0.0533,-0.0143,-5.6
3.11,0.0277,0.0345,-0.0518,-0.0233,-5.5
3.111,0.018,0.003,-0.0585,-0.0256,-5.5
3.112,0.0135,-0.0165,-0.0548,-0.0195,-5.4
3.113,0.0217,-0.0218,-0.0533,-0.012,-5.4
3.114,0.0337,-0.027,-0.0368,-0.0053,-5.3
3.115,0.0367,-0.03,-0.0181,0.0007,-5.2
3.116,0.0352,-0.0315,-0.0008,0.0082,-5.2
3.117,0.0315,-0.0173,0.0075,0.0075,-5.1
3.118,0.003,-0.0015,0.0142,-0.003,-5.0
3.119,-0.0346,0.0052,0.027,-0.003,-5.0
3.12,-0.0383,0.0082,0.0517,-0.0023,-4.9
3.121,-0.0233,0.0045,0.0645,-0.0008,-4.7
3.122,-0.0188,0.0052,0.057,0.0045,-4.5
3.123,-0.0158,0.0045,0.048,0.003,-4.2
3.124,-0.0091,0.0082,0.033,0.0037,-4.0
3.125,0.021,0.0172,0.0225,0.003,-3.8
3.126,0.021,0.0187,0.0217,-0.0008,-3.6
3.127,-0.0285,0.0067,0.0165,-0.0075,-3.4
3.128,-0.054,-0.0008,0.0052,-0.0113,-3.2
3.129,-0.0353,-0.0015,-0.0113,-0.0128,-2.9
3.13,-0.0008,-0.012,-0.0165,-0.012,-2.7
3.131,0.0,-0.0083,-0.0083,-0.0068,-2.5
3.132,-0.003,0.003,-0.0015,-0.0023,-2.3
3.133,-0.0075,0.0015,-0.0068,0.0052,-2.0
3.134,-0.0135,-0.003,-0.0135,0.0157,-1.8
3.135,-0.006,-0.003,0.003,0.0135,-1.6
3.136,-0.003,0.0067,0.0142,-0.0023,-1.4
3.137,0.0097,0.0112,0.003,-0.0083,-1.2
3.138,0.0165,0.0067,-0.003,0.003,-0.9
3.139,0.018,0.0105,-0.0143,0.0045,-0.7
3.14,0.0232,0.0165,-0.021,0.0007,-0.5
3.141,0.0307,0.0277,-0.027,0.0045,-0.3
3.142,0.0307,0.0382,-0.0278,0.0097,-0.1
3.143,0.027,0.024,-0.0203,0.0052,0.1
3.144,0.027,0.0015,-0.0181,0.0037,0.3
3.145,0.0142,-0.0195,-0.0091,0.003,0.5
3.146,0.0127,-0.0405,0.0082,-0.0046,0.7
3.147,0.018,-0.0368,0.009,-0.0038,0.9
3.148,0.0292,-0.0188,-0.003,-0.006,1.0
3.149,0.0457,-0.0015,-0.0015,-0.0083,1.3
3.15,0.0315,0.0082,0.0052,-0.0015,1.4
3.151,-0.0068,0.0052,0.0075,0.0052,1.6
3.152,-0.0503,0.0007,0.003,-0.0008,1.8
3.153,-0.075,-0.0015,0.0007,-0.0225,2.0
3.154,-0.048,-0.0038,0.0052,-0.0405,2.2
3.155,-0.0083,-0.0008,0.0052,-0.0405,2.4
3.156,-0.0053,-0.0038,0.003,-0.0315,2.6
3.157,-0.0083,-0.0068,0.0007,-0.0181,2.8
3.158,-0.012,-0.0008,-0.0098,0.0202,3.0
3.159,-0.0083,0.006,-0.027,0.0615,3.2
3.16,0.0127,0.012,-0.0181,0.0787,3.4
3.161,0.036,0.0247,0.012,0.0862,3.3
3.162,0.063,0.033,0.0285,0.072,3.3
3.163,0.0682,0.0277,0.0375,0.0405,3.2
3.164,0.0577,0.0217,0.0412,0.0082,3.1
3.165,0.0457,0.0015,0.0435,-0.0068,3.1
3.166,0.0277,-0.0368,0.03,-0.0046,3.0
3.167,0.0345,-0.042,0.018,-0.0098,2.9
3.168,0.0727,-0.0083,0.0307,-0.0173,2.9
3.169,0.12,0.0075,0.0345,-0.024,2.8
3.17,0.1035,0.0015,0.0442,-0.0263,2.7
3.171,-0.0315,-0.0053,0.0322,-0.024,2.6
3.172,-0.222,-0.0165,0.0157,-0.027,2.6
3.173,-0.3255,-0.0105,-0.0038,-0.0263,2.5
3.174,-0.2761,-0.0135,-0.0256,-0.0263,2.4
3.175,-0.15,-0.0143,-0.024,-0.0203,2.4
3.176,-0.0465,-0.0053,-0.0256,-0.0128,2.3
3.177,-0.006,-0.0053,-0.0075,-0.0143,2.2
3.178,-0.0008,0.0007,0.0067,-0.0105,2.2
3.179,0.0165,0.0007,0.0075,-0.0091,2.1
3.18,0.021,0.0052,-0.0046,-0.0091,2.0
3.181,0.0307,0.0082,0.0015,-0.0091,2.1
3.182,0.0412,0.0052,0.0075,-0.0068,2.2
3.183,0.042,0.0067,-0.0075,-0.0053,2.4
3.184,0.0457,0.0082,-0.0068,-0.0098,2.5
3.185,0.0397,0.0157,-0.0046,-0.0098,2.6
3.186,0.0285,0.009,0.0037,-0.0091,2.7
3.187,0.0292,0.0007,0.006,-0.0053,2.9
3.188,0.0382,-0.0015,-0.0015,-0.003,3.0
3.189,0.0307,-0.0038,-0.0083,0.0015,3.1
3.19,0.0247,-0.0046,-0.0158,0.018,3.3
3.191,0.0195,-0.0046,-0.015,0.0217,3.4
3.192,0.0082,0.0,-0.0165,0.0142,3.5
3.193,0.0052,0.0082,-0.0113,0.009,3.6
3.194,0.0105,0.0142,-0.0083,0.0022,3.8
3.195,0.0105,0.0195,-0.012,0.009,3.9
3.196,0.0105,0.0142,-0.006,0.012,4.0
3.197,0.015,0.0045,-0.0015,0.0097,4.1
3.198,0.012,-0.0015,-0.0008,0.012,4.3
3.199,0.0097,-0.0046,-0.0046,-0.0015,4.4
3.2,0.0097,-0.003,-0.006,-0.0091,4.5
3.201,0.0082,-0.0038,0.0045,-0.0128,4.6
3.202,0.012,-0.0008,0.015,-0.0203,4.8
3.203,0.012,0.0015,0.0127,-0.0158,4.9
3.204,0.0097,0.0015,0.0097,-0.006,5.0
3.205,0.0082,-0.0008,0.0135,0.0052,5.1
3.206,0.0075,-0.0015,0.0172,0.0135,5.2
3.207,0.009,-0.0015,0.0217,0.027,5.3
3.208,0.006,-0.0008,0.0165,0.0352,5.4
3.209,-0.0023,0.0022,0.0082,0.0172,5.5
3.21,-0.0218,0.0015,0.0187,0.0007,5.7
3.211,-0.0383,-0.0015,0.048,-0.003,5.8
3.212,-0.0315,-0.0015,0.057,-0.0083,5.8
3.213,-0.0225,-0.0008,0.0345,-0.0023,6.0
3.214,-0.0105,0.0067,-0.0495,0.0052,6.1
3.215,0.0007,0.0217,-0.1696,0.006,6.2
3.216,0.0172,0.0097,-0.162,0.0052,6.3
3.217,0.0502,-0.0053,-0.0608,0.0045,6.4
3.218,0.0907,0.006,0.0442,0.0052,6.5
3.219,0.1282,-0.0015,0.1162,0.0067,6.7
3.22,0.1162,-0.0195,0.141,0.0082,6.7
3.221,0.0472,-0.0413,0.1522,0.0052,6.8
3.222,-0.0113,-0.0503,0.1237,-0.0015,6.9
3.223,-0.0293,-0.0038,0.0585,-0.0046,7.0
3.224,-0.0105,0.0457,0.0105,-0.0068,7.1
3.225,0.0217,0.0427,0.0112,-0.0098,7.2
3.226,-0.0315,0.0157,0.0465,-0.0075,7.2
3.227,-0.1073,0.0045,0.0615,-0.0015,7.3
3.228,-0.0915,0.0105,0.0232,0.003,7.4
3.229,-0.078,0.021,-0.0091,0.003,7.4
3.23,-0.0405,0.0045,-0.006,0.0007,7.5
3.231,0.021,-0.0068,-0.0233,-0.003,7.6
3.232,0.0135,0.0075,-0.0548,0.0007,7.6
3.233,0.0247,0.0142,-0.0645,0.0,7.7
3.234,0.0202,0.0007,-0.078,-0.0008,7.8
3.235,-0.0488,-0.0083,-0.0615,0.0015,7.9
3.236,-0.1103,-0.0188,-0.0436,0.0,8.0
3.237,-0.1118,-0.033,-0.0465,0.003,8.1
3.238,-0.0645,-0.0308,-0.0383,0.0052,8.1
3.239,-0.003,-0.0361,-0.0346,0.0015,8.2
3.24,0.0337,-0.0285,-0.0203,0.0007,8.3
3.241,-0.0075,-0.0008,-0.03,0.0037,8.3
3.242,0.0232,0.012,-0.024,0.003,8.2
3.243,0.0412,0.0082,-0.0143,0.0022,8.2
3.244,0.024,0.0037,-0.0225,0.003,8.1
3.245,0.0457,0.0022,-0.0135,0.0015,8.1
3.246,0.0142,0.0045,-0.0105,0.003,8.1
3.247,-0.0046,0.0037,-0.0105,0.0007,8.0
3.248,-0.0375,0.0052,-0.012,-0.003,8.0
3.249,-0.0278,0.0045,-0.0068,-0.0046,7.9
3.25,-0.0023,0.0022,-0.0015,-0.0038,7.8
3.251,-0.0038,0.003,-0.0023,0.0015,7.8
3.252,0.0157,0.003,-0.0053,0.0037,7.7
3.253,0.015,0.0045,0.0022,0.0045,7.7
3.254,0.0232,0.0045,0.015,0.0067,7.6
3.255,0.0195,0.0052,0.0142,0.0052,7.6
3.256,0.0202,0.0052,0.0112,0.0052,7.6
3.257,0.024,0.0105,0.0007,0.0082,7.5
3.258,0.0277,0.0232,-0.0165,0.0045,7.5
3.259,0.0352,0.0202,-0.0233,-0.003,7.4
3.26,0.0352,0.0082,-0.0263,-0.0023,7.3
3.261,0.0412,-0.0046,-0.033,-0.0008,7.4
3.262,0.0277,-0.0128,-0.0308,-0.0023,7.4
3.263,-0.0113,-0.015,-0.0143,-0.0008,7.5
3.264,-0.0728,-0.0105,0.0022,0.0015,7.6
3.265,-0.0818,-0.0038,0.018,0.0,7.6
3.266,-0.0503,0.009,0.03,-0.0068,7.7
3.267,-0.057,0.0195,0.0307,-0.0091,7.7
3.268,-0.0405,0.0157,0.0397,-0.003,7.8
3.269,-0.0068,0.0105,0.051,-0.0038,7.8
3.27,0.0007,-0.0015,0.0427,-0.0046,7.9
3.271,-0.003,-0.0188,0.0217,-0.0053,8.0
3.272,0.0082,-0.0143,0.0112,-0.0053,8.0
3.273,0.0292,0.0,0.0202,-0.0053,8.1
3.274,0.024,-0.006,0.039,-0.006,8.1
3.275,0.0067,-0.012,0.048,-0.006,8.2
3.276,0.0052,-0.012,0.0375,-0.006,8.2
3.277,0.003,-0.0105,0.0255,-0.003,8.3
3.278,-0.0068,-0.0038,0.0105,0.0,8.4
3.279,-0.0083,-0.0015,-0.0083,0.0,8.4
3.28,-0.0008,0.0037,-0.0188,0.0007,8.5
3.281,0.0165,0.0082,-0.0128,-0.0023,8.5
3.282,0.042,0.0135,-0.0075,-0.0046,8.5
3.283,0.0682,0.0225,-0.003,-0.003,8.5
3.284,0.0607,0.021,0.0015,-0.0023,8.5
3.285,0.0097,0.012,-0.0038,-0.003,8.5
3.286,-0.0008,0.0052,-0.003,-0.003,8.5
3.287,0.0352,0.0015,0.006,-0.0023,8.5
3.288,0.057,-0.0046,0.015,-0.0015,8.5
3.289,0.0457,-0.006,0.0082,-0.0015,8.5
3.29,-0.0203,-0.0046,0.0,-0.0015,8.5
3.291,-0.0443,-0.0053,-0.0015,-0.003,8.5
3.292,-0.0188,-0.0053,-0.0046,-0.003,8.5
3.293,-0.0361,-0.0053,-0.0091,-0.0015,8.5
3.294,-0.0315,-0.0046,-0.0158,-0.0015,8.5
3.295,-0.024,-0.0038,-0.0165,-0.0015,8.5
3.296,-0.0195,-0.0046,-0.0165,-0.0015,8.5
3.297,-0.0075,-0.003,-0.012,-0.0038,8.6
3.298,-0.0075,-0.0038,-0.0083,-0.0068,8.6
3.299,-0.0008,-0.0046,-0.0083,-0.0068,8.6
3.3,-0.006,-0.0046,-0.0075,-0.0113,8.6
3.301,-0.003,-0.003,-0.0053,-0.0143,8.6
3.302,0.0007,-0.0015,0.0,-0.0046,8.6
3.303,0.0015,-0.0008,0.0022,0.0067,8.6
3.304,0.0045,0.0015,0.0015,0.0045,8.6
3.305,0.0045,0.0007,0.003,0.006,8.6
3.306,0.0142,0.0015,0.003,0.0157,8.6
3.307,0.0127,0.0015,-0.0015,0.0202,8.6
3.308,0.0052,0.0022,-0.0053,0.024,8.6
3.309,0.0015,0.003,-0.003,0.0307,8.6
3.31,-0.0008,0.0015,0.0007,0.0292,8.6
3.311,-0.0008,0.0045,0.0007,0.009,8.6
3.312,-0.003,0.0007,-0.0023,-0.0128,8.6
3.313,-0.0038,-0.0038,-0.0038,-0.0158,8.6
3.314,-0.0015,-0.0046,-0.0046,-0.012,8.6
3.315,0.003,0.0015,-0.0053,-0.0046,8.6
3.316,0.0127,0.0015,-0.003,0.0037,8.6
3.317,0.0142,-0.003,-0.003,0.0067,8.6
3.318,0.0127,-0.003,-0.012,0.0067,8.6
3.319,0.0127,0.0007,-0.0256,-0.0015,8.6
3.32,0.0127,0.0187,-0.0225,-0.0053,8.6
3.321,0.012,0.0322,-0.0218,-0.003,8.6
3.322,0.0052,0.027,-0.0203,-0.0046,8.6
3.323,0.0015,0.003,-0.0075,-0.003,8.5
3.324,-0.0008,-0.0173,0.0045,-0.003,8.5
3.325,-0.0105,-0.0083,0.0127,-0.0046,8.5
3.326,-0.0353,-0.0068,0.0157,-0.003,8.5
3.327,-0.0645,-0.0068,0.0165,-0.0015,8.5
3.328,-0.042,0.0052,0.0262,0.0007,8.5
3.329,-0.0203,0.0045,0.048,0.0022,8.5
3.33,-0.0398,-0.003,0.0472,-0.0008,8.4
3.331,-0.057,-0.0075,0.027,-0.0008,8.4
3.332,-0.0503,-0.0091,0.0172,-0.003,8.4
3.333,0.0,-0.0053,-0.0015,-0.0053,8.3
3.334,0.0255,0.0,-0.0105,-0.0023,8.3
3.335,0.042,0.0045,-0.0083,-0.0015,8.3
3.336,0.0705,-0.0015,-0.0008,-0.0008,8.3
3.337,0.0667,-0.006,0.0015,-0.0008,8.3
3.338,0.0502,-0.0023,0.0142,-0.0008,8.2
3.339,0.027,0.003,0.0232,0.0015,8.2
3.34,0.0135,0.015,-0.0068,0.0015,8.1
3.341,-0.0105,0.0127,-0.0278,0.0052,8.1
3.342,-0.012,0.006,-0.045,0.0105,8.1
3.343,-0.0128,0.0007,-0.0443,0.0142,8.1
3.344,-0.0473,-0.0075,-0.0308,0.0127,8.1
3.345,-0.0368,-0.0105,-0.0225,0.009,8.0
3.346,-0.012,-0.0083,-0.0091,0.009,8.0
3.347,-0.003,0.0142,-0.0068,0.0082,7.9
3.348,0.0007,0.0277,-0.0075,0.0067,7.9
3.349,-0.0008,0.018,-0.0068,0.0052,7.8
3.35,0.0045,0.0037,-0.0113,0.0052,7.8
3.351,0.0045,-0.012,-0.0143,0.0045,7.8
3.352,0.009,-0.0203,-0.0023,0.0045,7.7
3.353,0.0105,-0.0293,0.0045,0.003,7.7
3.354,0.009,-0.0323,0.009,0.003,7.6
3.355,0.0015,-0.0083,0.0187,0.0037,7.6
3.356,-0.0233,0.0075,0.018,0.0015,7.6
3.357,-0.0323,0.0052,0.012,-0.0008,7.6
3.358,-0.0203,0.006,0.0045,-0.0008,7.5
3.359,-0.0091,0.006,-0.0015,-0.0046,7.5
3.36,-0.0068,0.0067,-0.0068,-0.0046,7.4
3.361,-0.0091,0.006,-0.0068,-0.0046,7.4
3.362,-0.012,0.0067,-0.003,-0.0053,7.4
3.363,-0.0075,0.0067,0.0007,-0.0053,7.3
3.364,0.0142,0.0052,0.0045,-0.0053,7.3
3.365,0.0405,0.0067,0.0075,-0.0046,7.3
3.366,0.042,0.0067,0.0037,-0.0053,7.3
3.367,0.0367,0.006,0.0007,-0.0083,7.2
3.368,0.042,0.0045,0.0037,-0.0083,7.2
3.369,0.0525,0.003,0.009,-0.0083,7.2
3.37,0.0502,0.0007,0.0127,-0.0105,7.2
3.371,0.003,-0.0008,0.0082,-0.0105,7.2
3.372,-0.0195,-0.0008,0.006,-0.0091,7.1
3.373,-0.0015,-0.0008,0.0037,-0.0091,7.1
3.374,-0.0113,-0.0008,0.003,-0.0091,7.1
3.375,-0.0068,-0.0015,0.0007,-0.0068,7.1
3.376,-0.0053,-0.0008,-0.003,-0.0046,7.0
3.377,-0.0091,0.0,-0.0038,-0.0015,7.0
3.378,-0.0038,0.0015,-0.003,0.0015,7.0
3.379,-0.0068,0.0015,-0.0008,0.0022,7.0
3.38,-0.0053,0.0015,-0.0008,-0.0023,6.9
3.381,-0.0091,-0.0008,0.0015,-0.0083,6.9
3.382,-0.0068,-0.003,-0.006,-0.0053,6.9
3.383,-0.0053,-0.0053,-0.0128,-0.0038,6.9
3.384,-0.0083,-0.006,-0.0015,0.0015,6.8
3.385,-0.0135,-0.0046,0.012,0.0052,6.8
3.386,-0.0188,-0.003,0.0127,0.0,6.8
3.387,-0.0233,0.0007,0.0105,-0.0046,6.8
3.388,-0.0218,0.003,0.0082,-0.012,6.8
3.389,-0.0075,0.0022,0.0052,-0.012,6.7
3.39,-0.0046,0.0045,0.0052,-0.006,6.7
3.391,0.0007,0.0052,0.0045,0.0015,6.7
3.392,0.0082,0.0045,0.003,0.0082,6.7
3.393,0.0082,0.0007,0.0015,0.009,6.7
3.394,0.0052,0.0,0.0007,0.0082,6.7
3.395,0.006,-0.0008,-0.0008,0.0037,6.7
3.396,0.0067,-0.0023,-0.0008,0.003,6.7
3.397,0.0045,-0.0015,-0.003,0.0022,6.6
3.398,0.0037,0.0,-0.003,-0.0046,6.6
3.399,0.0022,0.0,-0.0015,-0.0053,6.6
3.4,0.0045,0.0015,-0.0015,-0.0053,6.5
3.401,0.0015,0.0007,-0.0015,-0.0091,6.5
3.402,0.0015,0.0015,-0.003,-0.0143,6.5
3.403,0.003,0.0,-0.003,-0.0158,6.5
3.404,0.0,-0.003,-0.0068,-0.0293,6.5
3.405,-0.003,-0.0091,-0.0083,-0.039,6.5
3.406,-0.0023,-0.0113,-0.0046,-0.0188,6.5
3.407,0.0045,-0.0008,-0.0023,0.0097,6.5
3.408,0.0037,0.0052,-0.0023,0.0285,6.5
3.409,0.0015,0.0045,0.0037,0.0495,6.4
3.41,0.003,0.0045,0.0082,0.0412,6.4
3.411,0.0007,0.0007,0.006,0.0015,6.4
3.412,0.0007,-0.003,0.009,-0.015,6.4
3.413,-0.0008,-0.0038,0.0067,-0.012,6.4
3.414,-0.0023,-0.0046,0.0015,-0.0008,6.4
3.415,-0.0023,-0.0046,0.0007,0.0165,6.3
3.416,-0.0023,-0.0015,0.003,0.0322,6.3
3.417,-0.0023,0.0015,0.003,0.033,6.3
3.418,-0.0068,0.0022,0.0045,0.0067,6.3
3.419,-0.0105,-0.0008,0.003,-0.0008,6.3
3.42,-0.0091,-0.0008,-0.0083,0.006,6.3
3.421,-0.0046,0.0022,-0.012,0.003,6.3
3.422,0.0015,0.0082,-0.0098,0.0037,6.3
3.423,0.0015,0.027,-0.0091,-0.0083,6.3
3.424,-0.006,0.0352,-0.0053,-0.0098,6.2
3.425,-0.0015,0.0202,0.0,-0.0113,6.2
3.426,0.0075,-0.0053,0.0037,-0.0143,6.2
3.427,0.0142,-0.0181,0.006,-0.0091,6.2
3.428,0.012,-0.012,0.003,-0.012,6.2
3.429,0.0067,-0.012,-0.003,-0.0098,6.1
3.43,0.0067,-0.006,-0.003,-0.0105,6.1
3.431,-0.0023,0.0015,0.0015,-0.0098,6.1
3.432,-0.0015,0.0007,0.006,-0.0075,6.1
3.433,0.0067,0.0037,0.0075,-0.0083,6.1
3.434,0.015,-0.0023,0.0082,-0.0053,6.0
3.435,0.027,-0.0068,0.0157,-0.0053,6.0
3.436,0.0217,-0.006,0.0142,-0.0038,6.0
3.437,0.012,-0.0015,0.0067,-0.0015,6.0
3.438,0.0157,0.0022,0.0075,0.0007,6.0
3.439,0.0217,0.0,0.009,0.0015,5.9
3.44,0.0082,0.0007,0.003,0.0015,5.9
3.441,-0.0083,-0.0008,-0.0083,0.0015,5.9
3.442,-0.0068,-0.0008,-0.0091,-0.0008,5.9
3.443,-0.015,-0.0008,-0.006,0.0015,5.9
3.444,-0.012,-0.0023,-0.0053,0.0037,5.8
3.445,-0.0091,-0.0008,-0.0053,0.0052,5.8
3.446,-0.0113,0.003,-0.0068,0.0097,5.8
3.447,-0.0075,0.0045,-0.0068,0.012,5.8
3.448,-0.0091,0.0037,-0.0068,0.0135,5.8
3.449,-0.0038,0.0052,-0.006,0.0165,5.8
3.45,-0.0046,0.0037,-0.0046,0.0172,5.7
3.451,-0.0053,0.0007,-0.0015,0.0172,5.7
3.452,-0.0053,0.0007,-0.0023,0.018,5.7
3.453,-0.0046,-0.0008,-0.0015,0.0157,5.7
3.454,-0.0038,-0.0008,-0.0008,0.0135,5.7
3.455,-0.003,0.0015,-0.003,0.0105,5.6
3.456,-0.0008,0.003,-0.0098,0.0052,5.6
3.457,-0.0046,0.0015,-0.0158,0.003,5.6
3.458,-0.0105,0.0007,-0.012,-0.0008,5.6
3.459,-0.0128,0.0015,-0.0046,-0.0038,5.5
3.46,-0.0105,0.0015,0.0015,-0.0008,5.5
3.461,-0.0128,0.003,0.0037,0.0007,5.5
3.462,-0.012,0.0045,0.0052,0.0007,5.5
3.463,-0.0091,0.0045,0.0037,-0.0008,5.5
3.464,-0.0068,0.0015,0.0007,0.0015,5.4
3.465,-0.0023,0.0,0.0015,0.0015,5.4
3.466,0.012,-0.0008,0.0007,-0.0008,5.4
3.467,0.0352,-0.0015,0.0022,-0.0008,5.4
3.468,0.0592,-0.0015,0.0045,-0.0015,5.3
3.469,0.051,-0.0008,0.0045,-0.0046,5.3
3.47,-0.0008,-0.0015,0.003,-0.0046,5.3
3.471,-0.0091,-0.0023,-0.0008,-0.006,5.3
3.472,-0.0015,-0.0008,-0.0023,-0.006,5.3
3.473,-0.0135,-0.0008,-0.0046,-0.006,5.3
3.474,-0.0068,0.0007,-0.0068,-0.0091,5.3
3.475,-0.0091,0.0015,-0.0083,-0.0128,5.2
3.476,-0.0008,0.0015,-0.0068,-0.0128,5.2
3.477,0.006,0.0015,-0.006,-0.0091,5.2
3.478,0.003,0.0,-0.006,-0.0105,5.2
3.479,0.0015,-0.0008,-0.0053,-0.0143,5.1
3.48,-0.0046,-0.0015,-0.0068,-0.0128,5.1
3.481,-0.0015,-0.0023,-0.0105,-0.0091,5.1
3.482,-0.0053,-0.0023,-0.0091,-0.0083,5.0
3.483,-0.0015,-0.0015,-0.0091,-0.0053,5.0
3.484,-0.0015,0.0,-0.0105,-0.0053,5.0
3.485,-0.0008,0.0015,-0.0158,-0.006,4.9
3.486,0.0015,0.0,-0.0173,-0.006,4.9
3.487,-0.003,0.0,-0.0203,-0.0038,4.9
3.488,-0.0038,0.0,-0.0203,-0.003,4.8
3.489,-0.0038,-0.0015,-0.0181,-0.0023,4.8
3.49,-0.0046,0.0007,-0.0248,0.0,4.7
3.491,-0.006,0.0015,-0.0338,-0.0008,4.7
3.492,-0.003,0.0007,-0.039,0.0007,4.7
3.493,0.0,0.0015,-0.042,0.0037,4.6
3.494,0.0067,0.0,-0.0413,0.003,4.6
3.495,0.015,0.0,-0.033,0.003,4.5
3.496,0.0135,0.0022,-0.0248,0.003,4.5
3.497,0.0067,0.0,-0.0181,0.003,4.5
3.498,0.0045,0.0007,-0.0113,0.003,4.5
3.499,-0.0113,0.0007,-0.0075,0.0045,4.4
3.5,-0.0143,-0.0008,-0.0008,0.0045,4.3
3.501,-0.0008,-0.0015,0.0052,0.003,4.3
3.502,-0.0015,-0.0008,0.0097,0.006,4.2
3.503,-0.0015,0.0,0.0157,0.0052,4.2
3.504,-0.0008,-0.0008,0.0195,0.003,4.1
3.505,-0.0008,0.0007,0.0165,0.0037,4.0
3.506,-0.0008,0.0007,0.0165,0.003,4.0
3.507,-0.0008,0.003,0.0202,0.003,4.0
3.508,0.0015,0.003,0.0225,0.003,3.9
3.509,0.0,0.0037,0.0232,0.003,3.8
3.51,0.0,0.0045,0.0232,0.003,3.8
3.511,0.0,0.003,0.0247,0.003,3.7
3.512,0.0,0.0015,0.0277,0.0052,3.6
3.513,-0.0008,0.0022,0.0277,0.0045,3.6
3.514,0.0007,0.003,0.027,0.0037,3.6
3.515,0.003,0.0015,0.0307,0.0022,3.5
3.516,0.003,0.0007,0.0292,0.0015,3.4
3.517,0.0022,0.0015,0.0292,0.0015,3.4
3.518,0.0015,0.003,0.0292,0.0045,3.3
3.519,0.0007,0.0015,0.0292,0.0045,3.2
3.52,0.0007,0.0015,0.0285,0.0045,3.1
3.521,0.0,0.003,0.024,0.0045,3.1
3.522,0.0015,0.003,0.0225,0.0045,3.1
3.523,0.003,0.0037,0.0195,0.0045,3.1
3.524,0.0,0.003,0.0165,0.0022,3.0
3.525,-0.0015,0.003,0.0135,0.003,2.9
3.526,0.0,0.0022,0.0112,0.0022,2.9
3.527,0.0015,-0.0015,0.009,0.0015,2.8
3.528,0.0037,-0.0008,0.0067,0.003,2.8
3.529,0.0052,0.0007,0.0052,0.0015,2.7
3.53,0.0082,-0.0015,0.006,-0.0008,2.7
3.531,0.0045,-0.0015,0.006,-0.0008,2.6
3.532,-0.0053,-0.0015,0.0052,0.0015,2.6
3.533,-0.015,-0.0008,0.0045,0.0015,2.6
3.534,-0.0158,0.0007,0.0022,0.0,2.5
3.535,-0.0068,0.0015,0.003,0.0007,2.4
3.536,0.0007,0.0022,0.003,0.0015,2.4
3.537,0.0022,-0.0008,0.0022,0.0007,2.3
3.538,0.0022,-0.0008,0.0015,0.0007,2.3
3.539,0.0022,-0.003,0.0007,0.0007,2.2
3.54,0.0007,-0.0015,-0.0008,0.0022,2.2
3.541,0.0007,-0.0008,-0.0015,0.003,2.2
3.542,0.0007,-0.0008,-0.0015,0.0015,2.1
3.543,0.0007,-0.0008,-0.0023,0.0007,2.1
3.544,0.0007,-0.0015,-0.0046,0.0007,2.0
3.545,0.0007,-0.0015,-0.0053,0.0,2.0
3.546,0.0015,-0.0015,-0.0053,-0.0008,2.0
3.547,0.0022,0.0,-0.003,-0.0015,1.9
3.548,0.0022,0.0,-0.0015,-0.003,1.9
3.549,0.0015,0.0,0.0,-0.0008,1.8
3.55,0.0007,0.0007,0.003,-0.0008,1.8
3.551,0.0007,0.0007,0.003,-0.0015,1.8
3.552,0.0015,0.0015,0.0022,-0.0023,1.7
3.553,0.0,0.0007,0.0045,-0.003,1.7
3.554,-0.0023,0.0015,0.0052,-0.0015,1.6
3.555,-0.0023,0.0022,0.006,-0.0008,1.6
3.556,-0.0015,0.0015,0.0067,-0.0008,1.6
3.557,-0.0015,0.0022,0.0067,-0.0015,1.5
3.558,0.0007,0.003,0.006,-0.003,1.5
3.559,0.0007,0.003,0.0015,-0.003,1.4
3.56,-0.0008,0.0007,-0.0023,-0.0046,1.3
3.561,-0.0015,0.0,-0.003,-0.003,1.3
3.562,-0.0023,-0.0008,-0.0046,-0.0023,1.3
3.563,-0.0015,-0.0008,-0.0068,-0.0023,1.3
3.564,-0.0008,0.0007,-0.0075,-0.0023,1.3
3.565,0.0,0.0007,-0.0053,-0.003,1.3
3.566,0.0015,0.0007,-0.0046,-0.0008,1.2
3.567,0.0007,-0.0008,-0.0046,-0.0008,1.2
3.568,0.0007,0.0,-0.0008,-0.0008,1.2
3.569,0.0007,-0.0008,0.0015,-0.0008,1.1
3.57,0.0,0.0,0.0022,-0.003,1.1
3.571,0.0007,0.0007,0.003,-0.0038,1.1
3.572,0.0007,0.0015,0.0015,-0.003,1.0
3.573,-0.0008,0.0007,0.0015,-0.0008,1.0
3.574,-0.0008,-0.0015,0.0007,0.0,1.0
3.575,0.0007,-0.0008,0.0007,-0.0008,0.9
3.576,0.0007,-0.0015,0.0007,-0.0015,0.9
3.577,0.0007,-0.0015,-0.0015,-0.003,0.9
3.578,0.0,0.0007,-0.0015,-0.0015,0.9
3.579,0.0007,0.0007,0.0007,-0.0023,0.9
3.58,0.0015,-0.0008,0.0007,-0.0015,0.8
3.581,0.0007,-0.0015,-0.0023,-0.0015,0.8
3.582,0.0015,-0.0008,-0.0038,-0.0015,0.8
3.583,0.003,0.0015,-0.0023,-0.0008,0.7
3.584,0.003,0.003,-0.003,-0.0015,0.7
3.585,0.003,0.0015,-0.0023,-0.0015,0.7
3.586,0.0045,0.0,0.0015,-0.0015,0.6
3.587,0.003,-0.0008,-0.0008,-0.0015,0.6
3.588,0.0007,-0.0008,0.0,-0.0015,0.6
3.589,0.0,-0.0023,-0.0008,0.0007,0.6
3.59,0.0007,-0.0008,-0.0023,0.003,0.5
3.591,0.0007,0.0007,-0.0008,0.0015,0.5
3.592,0.0007,0.0007,-0.0046,0.0022,0.5
3.593,-0.0008,0.003,-0.0053,0.0037,0.4
3.594,-0.0008,0.0015,-0.0053,0.003,0.4
3.595,0.0,0.0015,-0.0068,0.003,0.4
3.596,0.0007,0.0022,-0.0091,0.0022,0.4
3.597,0.0,0.0022,-0.0105,0.0022,0.4
3.598,0.0007,0.0022,-0.0091,0.0015,0.3
3.599,-0.0008,0.003,-0.0091,0.0,0.3
3.6,0.0007,0.0015,-0.0046,0.0015,0.2
3.601,0.0007,0.0015,-0.003,0.0015,0.2
3.602,0.0015,0.0015,-0.0015,0.0,0.2
3.603,0.003,-0.0008,0.0015,0.0,0.2
3.604,0.0022,0.0,0.0007,0.0007,0.1
3.605,0.0015,0.0007,0.0015,0.0,0.1
3.606,0.0015,-0.0008,-0.0008,-0.003,0.1
3.607,0.003,-0.003,0.0007,-0.0023,0.0
3.608,0.003,-0.0015,0.0037,-0.0008,0.0
3.609,0.003,-0.0008,-0.0008,-0.0015,0.0
3.61,0.0,-0.0008,0.0007,-0.0008,0.0
3.611,-0.0008,0.0,0.0015,-0.0008,0.0
3.612,0.0007,0.0,0.0022,-0.0008,-0.1
3.613,0.0007,0.0007,0.0037,-0.0008,-0.1
3.614,0.003,-0.0015,0.0045,0.0007,-0.1
3.615,0.0015,-0.0008,0.006,0.0,-0.2
3.616,-0.0008,0.0015,0.0067,0.0007,-0.2
3.617,-0.0008,0.0,0.009,0.0015,-0.2
3.618,0.0007,0.0007,0.012,0.0007,-0.3
3.619,0.0007,0.0015,0.012,-0.0008,-0.3
3.62,0.0,0.003,0.0135,-0.0015,-0.4
3.621,0.0007,0.003,0.0135,-0.0015,-0.4
3.622,0.0015,0.0007,0.0112,0.0007,-0.4
3.623,0.0,0.0022,0.0082,0.0007,-0.4
3.624,0.0,0.0007,0.0097,0.0015,-0.4
3.625,-0.0015,0.0015,0.009,0.0015,-0.4
3.626,-0.0008,0.0015,0.0075,0.0007,-0.5
3.627,0.0015,0.0007,0.0082,-0.0008,-0.5
3.628,0.0015,0.0015,0.0075,-0.0008,-0.5
3.629,-0.0008,0.0007,0.0082,0.0,-0.5
3.63,-0.0015,-0.0008,0.0052,0.0007,-0.5
3.631,-0.0015,-0.0015,0.0067,0.0007,-0.5
3.632,-0.0008,-0.0008,0.0097,0.0007,-0.5
3.633,0.0007,-0.0008,0.0105,0.0007,-0.6
3.634,0.0015,0.0,0.009,0.0007,-0.6
3.635,0.0007,0.0015,0.009,0.0007,-0.6
3.636,0.0007,0.0015,0.0082,-0.0008,-0.6
3.637,0.0007,0.0015,0.0052,0.0,-0.7
3.638,-0.0008,0.0015,0.003,-0.0015,-0.7
3.639,0.0,0.0015,0.0007,-0.003,-0.7
3.64,-0.0015,0.0007,-0.0008,-0.0015,-0.8
3.641,0.0,0.0007,-0.0015,-0.0008,-0.8
3.642,0.0007,-0.0015,-0.0015,-0.0015,-0.8
3.643,-0.0008,-0.0008,-0.0046,-0.0015,-0.8
3.644,0.0,-0.0008,-0.0068,-0.0015,-0.8
3.645,0.0015,0.0,-0.006,-0.0008,-0.8
3.646,0.0015,0.0007,-0.0053,-0.0008,-0.8
3.647,0.0007,0.0007,-0.0053,-0.0015,-0.8
3.648,0.0,0.0015,-0.0046,-0.0015,-0.8
3.649,0.0007,0.0022,-0.0008,-0.0015,-0.9
3.65,0.0007,0.0015,-0.0008,-0.0008,-0.9
3.651,-0.0008,0.0007,-0.0008,0.0,-0.9
3.652,0.0015,0.0022,-0.0015,0.0007,-0.9
3.653,0.003,0.0015,-0.0023,0.0015,-0.9
3.654,0.0015,0.0007,-0.0008,0.0007,-0.9
3.655,-0.0008,0.0007,0.0,0.0022,-0.9
3.656,0.0007,0.0007,-0.0015,0.0015,-0.9
3.657,0.0007,0.0015,-0.0038,-0.0008,-0.9
3.658,0.0007,0.0015,-0.006,-0.0008,-0.9
3.659,0.0022,0.0015,-0.0053,0.0007,-1.0
3.66,0.0,0.0007,-0.0053,0.0015,-1.0
3.661,-0.0015,0.0007,-0.006,0.0,-1.0
3.662,-0.0015,0.0007,-0.0053,0.0007,-1.0
3.663,-0.0015,-0.0008,-0.0068,-0.0015,-1.0
3.664,-0.0008,0.0007,-0.0053,0.0,-1.0
3.665,0.0007,0.0015,-0.0053,0.0007,-1.0
3.666,0.0,0.0007,-0.006,0.0,-1.0
3.667,0.0007,0.0007,-0.0046,0.0,-1.0
3.668,0.0007,0.0007,-0.0046,-0.0008,-1.0
3.669,0.0,0.0007,-0.0038,-0.0015,-1.0
3.67,0.0007,-0.0015,-0.0046,-0.0015,-1.0
3.671,-0.0008,-0.0015,-0.0046,-0.0015,-1.0
3.672,0.0007,-0.0008,-0.006,-0.0015,-1.0
3.673,0.0,-0.0008,-0.0083,-0.003,-1.0
3.674,-0.0008,0.0007,-0.0083,-0.003,-1.0
3.675,0.0007,-0.0008,-0.006,-0.003,-0.9
3.676,0.0007,0.0007,-0.0068,-0.0023,-0.9
3.677,0.0,0.0015,-0.0083,-0.0015,-0.9
3.678,0.0,-0.0008,-0.0083,-0.003,-0.9
3.679,0.0,-0.0008,-0.0098,-0.003,-0.9
3.68,-0.0008,0.0,-0.0091,-0.003,-0.9
3.681,-0.0008,-0.0008,-0.0053,-0.0046,-0.9
3.682,-0.0008,-0.0015,-0.0053,-0.003,-0.9
3.683,-0.0015,0.0,-0.0023,-0.0023,-0.9
3.684,-0.0015,-0.0008,-0.0015,-0.0008,-0.8
3.685,-0.0008,-0.0015,-0.0008,-0.003,-0.8
3.686,-0.0015,0.0,0.0015,-0.003,-0.8
3.687,0.0,0.0007,0.0007,-0.003,-0.7
3.688,0.0,0.0007,-0.0008,-0.0015,-0.7
3.689,-0.0015,0.0007,0.0007,-0.0015,-0.7
3.69,0.0,0.0015,0.0007,-0.0023,-0.6
3.691,-0.0008,0.0015,0.0007,0.0,-0.6
3.692,-0.0008,0.0007,-0.0008,-0.0008,-0.6
3.693,-0.0008,0.0015,0.0015,-0.0008,-0.5
3.694,-0.0008,0.0015,0.0022,-0.0008,-0.5
3.695,-0.0008,0.0015,-0.0008,-0.003,-0.5
3.696,-0.0015,0.0022,-0.0083,-0.0023,-0.5
3.697,-0.0008,0.0022,-0.0181,-0.0008,-0.4
3.698,-0.0008,0.0022,-0.003,0.0007,-0.4
3.699,0.0,0.003,0.0052,-0.0008,-0.4
3.7,0.0007,0.0037,0.0067,-0.0008,-0.3
3.701,-0.0008,0.0022,0.0127,0.0007,-0.3
3.702,-0.0015,0.0015,0.012,0.0015,-0.2
3.703,-0.0008,0.0015,0.018,0.0015,-0.1
3.704,0.0007,0.0007,0.015,0.0007,-0.1
3.705,0.0015,0.0007,0.0142,0.0007,0.0
3.706,0.0007,0.0007,0.0157,-0.0008,0.0
3.707,-0.0008,0.0007,0.012,-0.0008,0.1
3.708,0.0,0.0015,0.0127,-0.0023,0.2
3.709,-0.0015,-0.0008,0.012,-0.0023,0.2
3.71,-0.0008,0.0,0.0135,-0.003,0.3
3.711,-0.0015,0.0015,0.0105,-0.0015,0.4
3.712,-0.0015,0.0007,0.009,0.0007,0.4
3.713,0.0,0.0,0.0082,-0.0008,0.5
3.714,-0.0008,0.0,0.0082,0.0,0.5
3.715,-0.0008,-0.0008,0.009,0.0007,0.6
3.716,-0.0008,-0.0008,0.0067,0.0007,0.7
3.717,-0.0008,0.0007,0.0067,0.0007,0.7
3.718,0.0007,0.003,0.0052,0.0007,0.8
3.719,0.0007,0.0015,0.0052,0.0015,0.9
3.72,0.0015,0.0007,0.0052,0.0015,0.9
3.721,0.0015,0.0007,0.0045,0.0037,1.0
3.722,0.0,0.0015,0.0007,0.0037,1.0
3.723,-0.0015,0.0022,-0.0015,0.003,1.1
3.724,-0.0015,0.0007,0.0007,0.0037,1.2
3.725,-0.003,0.0,0.0007,0.0037,1.3
3.726,-0.0015,0.0007,-0.0008,0.0045,1.3
3.727,-0.0015,-0.0008,-0.0023,0.0022,1.4
3.728,-0.003,0.0,-0.0023,0.003,1.5
3.729,-0.0046,0.0,-0.0046,0.0045,1.6
3.73,-0.003,0.0007,-0.0046,0.003,1.7
3.731,-0.0015,0.0007,-0.003,0.003,1.8
3.732,-0.0015,-0.0008,-0.0023,0.003,1.8
3.733,0.0,-0.0008,-0.0015,0.0015,1.9
3.734,-0.0008,-0.0015,-0.0015,0.0015,2.0
3.735,-0.0008,-0.0008,-0.0015,0.0015,2.1
3.736,0.0007,-0.0008,-0.003,0.0022,2.1
3.737,0.0,-0.0008,-0.0046,0.0022,2.2
3.738,-0.0008,0.0007,-0.0053,0.0007,2.3
3.739,-0.0008,-0.0015,-0.0068,0.0007,2.3
3.74,0.0,-0.0015,-0.0091,0.0007,2.4
3.741,0.0007,-0.0015,-0.012,0.0015,2.5
3.742,0.0007,0.0015,-0.0135,0.0037,2.6
3.743,0.0015,0.0015,-0.012,0.0007,2.7
3.744,0.0015,-0.0008,-0.0128,0.0015,2.8
3.745,0.0007,0.0007,-0.0128,0.0022,2.9
3.746,0.0,-0.0015,-0.0135,0.0007,3.0
3.747,-0.0008,-0.0015,-0.015,0.0007,3.1
3.748,-0.0008,0.0,-0.0135,0.0007,3.2
3.749,-0.0015,0.0007,-0.0135,0.003,3.3
3.75,-0.0008,0.0015,-0.0143,0.0045,3.4
3.751,-0.0008,0.0,-0.015,0.0045,3.5
3.752,0.0,-0.0008,-0.012,0.0052,3.6
3.753,0.0,0.0007,-0.0113,0.0037,3.6
3.754,-0.0015,0.0015,-0.0135,0.003,3.7
3.755,0.0007,0.0007,-0.0143,0.0037,3.9
3.756,0.0015,0.0,-0.0158,0.0015,4.0
3.757,0.0007,0.0015,-0.0165,0.0007,4.0
3.758,-0.0008,0.0007,-0.0165,0.0007,4.1
3.759,-0.0008,0.0007,-0.0181,0.0015,4.2
3.76,0.0007,0.0007,-0.0181,0.0022,4.3
3.761,0.0007,-0.0015,-0.0181,0.0015,4.4
3.762,-0.0008,0.0007,-0.0181,0.0015,4.5
3.763,-0.0008,0.0007,-0.0165,0.0007,4.6
3.764,0.0007,0.0015,-0.0158,-0.0008,4.7
3.765,0.0007,0.0022,-0.0143,-0.0008,4.8
3.766,0.0,0.0015,-0.012,-0.0008,4.9
3.767,0.0015,0.0007,-0.0098,0.0007,4.9
3.768,0.003,0.0007,-0.0098,0.0037,5.0
3.769,0.003,0.0007,-0.0068,-0.0008,5.1
3.77,0.0022,-0.0008,-0.006,-0.0008,5.3
3.771,0.003,0.0007,-0.0046,0.0015,5.3
3.772,0.0022,-0.0008,-0.003,0.0007,5.4
3.773,0.0022,0.0007,-0.0053,0.0015,5.5
3.774,0.0015,0.0015,-0.0046,0.0015,5.6
3.775,0.0007,0.0007,-0.0046,0.0015,5.7
3.776,0.0007,0.003,-0.0046,0.0007,5.8
3.777,0.0007,0.0007,-0.0053,0.0007,5.9
3.778,0.0007,0.0007,-0.0046,0.0007,6.0
3.779,-0.0008,-0.0015,-0.003,0.0007,6.1
3.78,0.0007,-0.0015,-0.003,0.0015,6.2
3.781,-0.0008,-0.0015,-0.0015,-0.0008,6.3
3.782,-0.0008,-0.0008,-0.0015,-0.0008,6.4
3.783,0.0,0.0015,0.0,-0.0015,6.5
3.784,-0.0008,0.0015,0.0015,-0.003,6.6
3.785,0.0015,0.0022,0.0045,-0.003,6.7
3.786,0.0022,0.0015,0.0052,-0.003,6.8
3.787,0.0015,0.0015,0.0045,-0.0038,6.9
3.788,0.0007,0.0037,0.0052,-0.003,7.0
3.789,0.0015,0.0015,0.0075,-0.003,7.1
3.79,0.003,0.0015,0.0105,-0.003,7.2
3.791,0.003,0.0022,0.012,-0.003,7.3
3.792,0.0037,0.0007,0.0142,-0.003,7.4
3.793,0.0015,0.0007,0.012,-0.003,7.5
3.794,0.0,-0.0008,0.0082,-0.003,7.6
3.795,0.0,0.0,0.0075,-0.0038,7.7
3.796,0.0007,-0.0008,0.006,-0.003,7.8
3.797,-0.0008,-0.0008,0.0052,-0.0015,7.9
3.798,-0.003,0.0007,0.006,-0.0015,8.0
3.799,-0.0038,0.0,0.0067,-0.003,8.1
3.8,-0.0023,-0.0008,0.006,-0.003,8.2
3.801,-0.0015,-0.0008,0.006,-0.003,8.4
3.802,-0.0008,-0.0015,0.0082,-0.0023,8.5
3.803,0.0007,-0.0015,0.0082,-0.0023,8.6
3.804,0.0,-0.0008,0.0045,-0.0015,8.7
3.805,0.0,-0.0008,0.0037,-0.0015,8.9
3.806,0.0,0.0007,0.0045,-0.0015,9.0
3.807,0.0007,0.0015,0.0045,-0.0015,9.1
3.808,0.0007,0.0007,0.0045,-0.003,9.3
3.809,0.0022,0.0015,0.0045,-0.0023,9.4
3.81,0.0015,0.003,0.0037,-0.0015,9.5
3.811,0.0,0.003,0.0007,-0.0008,9.6
3.812,-0.0008,0.0022,0.0015,0.0007,9.8
3.813,-0.0008,0.0045,-0.0015,0.0,9.9
3.814,-0.0008,0.0015,-0.0015,0.0,10.0
3.815,0.0,0.0015,-0.0008,-0.0008,10.2
3.816,-0.0015,0.0007,-0.0008,-0.0008,10.3
3.817,-0.0015,-0.0015,0.0007,-0.0008,10.4
3.818,-0.0015,-0.0015,-0.0015,-0.0015,10.5
3.819,-0.0008,-0.0023,0.0007,-0.0015,10.7
3.82,0.0007,0.0,0.0,-0.0023,10.8
3.821,0.0015,0.0007,0.0015,-0.003,10.9
3.822,0.0007,-0.0008,0.0022,-0.0015,11.1
3.823,0.0015,-0.0008,0.003,-0.003,11.2
3.824,0.0007,-0.0023,0.0052,-0.003,11.4
3.825,-0.0008,0.0007,0.0045,0.0015,11.5
3.826,0.0015,0.0022,0.0075,0.0045,11.7
3.827,0.003,0.003,0.009,0.006,11.8
3.828,0.003,0.0022,0.0082,0.0067,12.0
3.829,0.0022,0.0007,0.003,0.0052,12.1
3.83,0.0007,0.0007,0.003,0.0045,12.3
3.831,0.0015,-0.0023,0.003,0.0045,12.4
3.832,0.0,-0.003,0.003,0.0045,12.6
3.833,-0.0008,-0.0008,0.003,0.0052,12.7
3.834,-0.0008,-0.0015,0.0037,0.0052,12.8
3.835,0.0007,-0.0008,0.0022,0.0045,13.0
3.836,0.0015,0.0007,0.0007,0.0067,13.1
3.837,0.0007,-0.0008,-0.0023,0.0052,13.3
3.838,0.0007,-0.0008,-0.0053,0.006,13.5
3.839,-0.0008,-0.0008,-0.0083,0.0075,13.6
3.84,-0.0015,-0.0015,-0.0098,0.0082,13.7
3.841,0.0,0.0,-0.0098,0.0097,13.9
3.842,0.0007,-0.0008,-0.0083,0.0105,14.2
3.843,0.0022,0.0007,-0.0075,0.0127,14.4
3.844,0.0015,0.0015,-0.0046,0.0165,14.6
3.845,0.003,0.0022,0.0,0.0165,14.8
3.846,0.003,0.0007,-0.0008,0.0142,15.0
3.847,0.0022,0.0007,0.0007,0.0142,15.3
3.848,0.003,0.0022,0.0045,0.018,15.5
3.849,0.003,0.0015,0.0045,0.018,15.7
3.85,0.003,0.0007,0.0015,0.0165,15.9
3.851,0.0,-0.0015,-0.0008,0.0142,16.1
3.852,-0.0008,-0.0008,0.0,0.0112,16.3
3.853,0.0,0.0007,-0.0015,0.009,16.6
3.854,0.0,0.0022,-0.0046,0.0067,16.8
3.855,0.0007,0.0015,-0.0046,0.0045,17.0
3.856,-0.0015,0.0015,-0.0053,0.0022,17.2
3.857,-0.0015,0.0015,-0.0075,0.0007,17.4
3.858,-0.003,0.0007,-0.0083,0.0015,17.6
3.859,-0.003,0.0015,-0.0068,-0.0008,17.9
3.86,-0.0023,0.0015,-0.0053,-0.003,18.1
3.861,-0.0023,0.0022,-0.0046,-0.003,18.4
3.862,-0.0015,0.0015,-0.003,-0.0068,18.7
3.863,-0.0015,0.0007,0.0,-0.0105,18.9
3.864,-0.0015,0.0007,0.0082,-0.012,19.3
3.865,0.0,-0.0008,0.0142,-0.0128,19.5
3.866,0.0015,-0.0023,0.0067,-0.0128,19.8
3.867,0.0007,-0.0015,-0.0008,-0.0158,20.1
3.868,-0.0023,-0.0008,-0.0046,-0.0173,20.4
3.869,-0.003,0.0007,-0.006,-0.0165,20.7
3.87,-0.003,0.0015,-0.003,-0.0165,21.0
3.871,-0.0015,0.003,-0.0023,-0.0173,21.2
3.872,-0.0023,0.003,-0.0015,-0.0195,21.5
3.873,-0.003,0.0007,0.0,-0.0195,21.8
3.874,-0.0023,0.0015,0.0022,-0.0203,22.1
3.875,-0.0023,0.0015,0.0052,-0.0195,22.4
3.876,-0.0015,0.0015,0.0045,-0.0181,22.7
3.877,-0.0015,0.003,0.003,-0.0181,23.0
3.878,0.0,0.0015,0.0052,-0.0181,23.3
3.879,0.0007,0.0007,0.0067,-0.0195,23.6
3.88,0.0,0.0,0.0075,-0.0181,23.8
3.881,0.0007,0.0,0.009,-0.0181,24.2
3.882,0.0007,0.0007,0.009,-0.0158,24.5
3.883,0.0015,0.0,0.012,-0.012,24.9
3.884,0.0007,0.0007,0.012,-0.0143,25.2
3.885,0.0007,0.0015,0.0157,-0.0256,25.6
3.886,0.0,0.0007,0.0135,-0.0436,25.9
3.887,-0.0008,-0.0008,0.0112,-0.0278,26.2
3.888,0.0022,0.0015,0.0127,-0.0023,26.5
3.889,0.0022,0.0015,0.0135,0.006,26.9
3.89,0.003,0.0,0.0127,0.0067,27.2
3.891,0.003,-0.0015,0.009,0.0037,27.6
3.892,0.0015,-0.0015,0.0067,0.015,27.9
3.893,0.0007,-0.0023,0.0082,0.0142,28.3
3.894,0.0007,-0.0023,0.0097,0.015,28.6
3.895,0.0015,0.0,0.009,0.0202,28.9
3.896,-0.0008,0.0015,0.0015,0.0142,29.2
3.897,-0.0015,0.0015,0.0,0.018,29.6
3.898,-0.0015,0.0007,-0.0008,0.0157,29.9
3.899,-0.0023,0.0015,0.0,0.0165,30.2
3.9,-0.0008,0.0007,0.003,0.0157,30.6
3.901,0.0007,0.0022,0.0045,0.0157,30.9
3.902,0.0022,0.0052,0.0082,0.0172,31.2
3.903,0.0015,0.003,0.0105,0.0142,31.5
3.904,0.003,0.0015,0.0105,0.015,31.9
3.905,0.003,0.003,0.0075,0.012,32.2
3.906,0.0022,0.0022,0.009,0.0097,32.4
3.907,0.0045,0.0,0.0075,0.0067,32.8
3.908,0.0037,0.0,0.0052,0.003,33.1
3.909,0.0022,0.0,0.0067,0.0007,33.4
3.91,0.0022,-0.0008,0.003,-0.0015,33.7
3.911,0.0022,-0.0008,-0.0023,-0.0023,34.0
3.912,0.0015,0.0015,-0.0008,-0.006,34.3
3.913,0.0045,0.0015,0.0007,-0.0083,34.6
3.914,0.0067,0.0007,0.0052,-0.0083,35.0
3.915,0.0052,0.0007,0.0105,-0.0105,35.3
3.916,0.0067,-0.0008,0.0097,-0.0173,35.5
3.917,0.0052,0.0007,0.0165,-0.0195,35.9
3.918,0.006,0.0007,0.0232,-0.0165,36.2
3.919,0.0067,-0.0008,0.027,-0.0181,36.5
3.92,0.0052,-0.0015,0.0247,-0.0181,36.8
3.921,0.0052,-0.0023,0.0195,-0.0203,37.0
3.922,0.0037,-0.0015,0.015,-0.0203,37.3
3.923,0.0037,-0.0008,0.012,-0.0188,37.5
3.924,0.003,0.0007,0.0082,-0.0181,37.8
3.925,0.0022,0.003,0.003,-0.0188,38.0
3.926,0.0,0.0007,0.0022,-0.0218,38.2
3.927,-0.0015,0.0007,-0.003,-0.0203,38.5
3.928,-0.003,0.003,-0.0068,-0.0203,38.7
3.929,-0.0038,0.0045,-0.0105,-0.0173,39.0
3.93,-0.0038,0.0052,-0.0135,-0.0165,39.2
3.931,-0.003,0.0052,-0.012,-0.0165,39.5
3.932,-0.0038,0.0037,-0.0091,-0.0143,39.7
3.933,-0.003,0.0045,-0.0046,-0.0128,40.0
3.934,-0.0008,0.0045,-0.0046,-0.0091,40.2
3.935,-0.0008,0.003,-0.0008,-0.0068,40.4
3.936,0.0022,0.0015,0.0045,-0.0038,40.7
3.937,0.003,0.0007,0.0037,-0.0015,40.9
3.938,0.0015,-0.0008,0.0007,0.0015,41.1
3.939,0.0007,-0.0008,-0.003,0.003,41.4
3.94,-0.0015,0.0,-0.006,0.0037,41.6
3.941,-0.0008,-0.0015,-0.0128,0.0067,41.8
3.942,-0.0015,-0.0023,-0.0181,0.0067,42.1
3.943,-0.0046,-0.0008,-0.0195,0.009,42.3
3.944,-0.0046,-0.0015,-0.0225,0.012,42.6
3.945,-0.0046,-0.0008,-0.0233,0.0157,42.8
3.946,-0.0053,-0.0015,-0.0233,0.018,43.1
3.947,-0.0046,-0.0008,-0.0188,0.021,43.3
3.948,-0.0046,-0.0008,-0.0143,0.0255,43.6
3.949,-0.003,-0.0015,-0.0068,0.027,43.8
3.95,-0.003,-0.0023,-0.0008,0.03,44.1
3.951,-0.0015,-0.0023,0.0015,0.0315,44.3
3.952,0.0007,-0.003,0.009,0.033,44.5
3.953,0.0007,-0.0038,0.0135,0.033,44.8
3.954,0.0015,-0.0046,0.0105,0.0345,45.0
3.955,0.0015,-0.0046,0.0082,0.0352,45.2
3.956,0.0015,-0.003,0.0015,0.033,45.5
3.957,0.0007,-0.0046,-0.003,0.033,45.7
3.958,0.0007,-0.0046,-0.0053,0.0315,45.9
3.959,0.0,-0.0023,-0.0113,0.0292,46.2
3.96,-0.0015,-0.0015,-0.0181,0.027,46.4
3.961,-0.003,-0.0015,-0.0173,0.0217,46.7
3.962,-0.003,0.0007,-0.015,0.0202,46.9
3.963,-0.003,0.003,-0.0143,0.0195,47.1
3.964,-0.0046,0.0037,-0.0105,0.015,47.3
3.965,-0.0046,0.0022,-0.0091,0.012,47.6
3.966,-0.003,0.0015,-0.0015,0.0082,47.8
3.967,-0.0015,0.0015,0.0037,0.0045,48.1
3.968,0.0015,0.003,0.012,0.0007,48.3
3.969,0.0022,0.003,0.0187,-0.0008,48.5
3.97,0.0015,0.0015,0.0172,-0.0015,48.7
3.971,0.003,0.0007,0.0142,-0.0046,49.0
3.972,0.0022,0.0007,0.0082,-0.0068,49.2
3.973,0.0015,0.0015,0.0037,-0.0091,49.4
3.974,0.0,0.0022,-0.0023,-0.0105,49.6
3.975,-0.0008,0.0022,-0.0091,-0.012,49.9
3.976,-0.0015,0.003,-0.0105,-0.012,50.1
3.977,-0.0008,0.006,-0.0143,-0.0128,50.4
3.978,0.0007,0.0067,-0.012,-0.0128,50.6
3.979,0.0,0.0045,-0.012,-0.0113,50.8
3.98,0.0,0.0052,-0.012,-0.012,51.0
3.981,0.0,0.003,-0.0068,-0.0128,51.3
3.982,0.0,0.0037,-0.0023,-0.012,51.5
3.983,0.0,0.003,0.0007,-0.0128,51.7
3.984,0.0015,0.0007,0.0007,-0.0098,51.9
3.985,0.0022,0.0,0.0052,-0.0091,52.1
3.986,0.003,-0.0008,0.0075,-0.006,52.3
3.987,0.003,-0.0015,0.0052,-0.0046,52.6
3.988,0.003,-0.0015,0.0045,-0.0053,52.8
3.989,0.0022,-0.003,0.006,-0.0038,53.0
3.99,0.003,-0.0023,0.0067,-0.0015,53.2
3.991,0.0037,-0.0015,0.0007,-0.0015,53.4
3.992,0.0015,-0.0008,-0.0008,-0.003,53.6
3.993,-0.0008,-0.0008,-0.0015,-0.0046,53.9
3.994,-0.0015,-0.0008,-0.0023,-0.006,54.1
3.995,-0.0008,-0.0015,-0.0008,-0.0053,54.3
3.996,-0.0008,-0.0023,0.0007,-0.0046,54.5
3.997,0.0,-0.0008,0.0037,-0.0068,54.7
3.998,0.0007,-0.0008,0.0067,-0.0053,54.9
3.999,0.0007,0.0,0.009,-0.0053,55.2
4.0,0.0015,0.0022,0.0105,-0.0046,55.4
4.001,0.0022,0.0037,0.0127,-0.0023,55.5
4.002,0.003,0.003,0.0157,-0.0008,55.7
4.003,0.0022,0.0007,0.0142,-0.0008,55.8
4.004,0.0022,0.0007,0.0105,-0.0008,55.9
4.005,0.003,-0.0015,0.0067,-0.0015,56.0
4.006,0.0015,-0.0023,0.0007,-0.0015,56.2
4.007,0.0007,-0.0038,-0.0008,-0.0015,56.3
4.008,-0.0008,-0.0053,-0.003,-0.0008,56.4
4.009,-0.0008,-0.003,-0.0083,-0.0008,56.6
4.01,-0.0023,-0.0015,-0.0083,-0.0008,56.7
4.011,-0.0023,-0.0008,-0.0091,-0.0015,56.8
4.012,-0.0015,-0.0008,-0.0083,-0.0008,56.9
4.013,-0.003,-0.0015,-0.0075,-0.0015,57.1
4.014,-0.0023,-0.0008,-0.0046,-0.0023,57.2
4.015,0.0007,0.0,-0.0015,-0.0015,57.3
4.016,0.0015,0.0,0.0015,-0.0015,57.5
4.017,0.0,0.0015,0.0045,-0.0015,57.6
4.018,0.0022,0.0067,0.0052,-0.0008,57.7
4.019,0.0015,0.0195,0.0082,0.0007,57.8
4.02,0.0045,0.0262,0.0052,0.0007,58.0
4.021,0.0052,0.0142,0.0075,0.0007,58.0
4.022,0.0037,0.0045,0.006,0.0015,58.0
4.023,0.0045,-0.003,0.0015,0.0007,58.1
4.024,0.0015,-0.012,-0.0008,-0.0008,58.1
4.025,0.0007,-0.0143,-0.0008,0.0,58.2
4.026,0.0,-0.015,-0.0015,-0.0023,58.2
4.027,-0.0015,-0.0143,-0.0046,-0.0015,58.2
4.028,-0.0015,-0.0105,-0.0023,0.0,58.3
4.029,-0.0008,-0.006,-0.0038,-0.0015,58.3
4.03,-0.0015,-0.0046,-0.003,-0.0015,58.4
4.031,-0.0015,-0.0015,-0.0008,-0.003,58.4
4.032,0.0007,0.0015,-0.0008,-0.0046,58.5
4.033,-0.0008,0.0007,0.0015,-0.0038,58.5
4.034,-0.003,-0.0023,0.0037,-0.0046,58.5
4.035,-0.0023,-0.0046,0.006,-0.0046,58.6
4.036,0.0,-0.006,0.0052,-0.0038,58.6
4.037,-0.0015,-0.0053,0.003,-0.0046,58.6
4.038,-0.0015,-0.003,0.0007,-0.003,58.7
4.039,0.0007,-0.0015,0.003,-0.0015,58.7
4.04,0.0007,0.003,0.0015,-0.0015,58.8
4.041,0.0007,0.0052,-0.0008,-0.0008,58.8
4.042,0.0007,0.0045,-0.0023,-0.003,58.7
4.043,0.0,0.0052,-0.0038,0.0,58.7
4.044,-0.0008,0.0067,-0.0015,0.0045,58.7
4.045,0.0,0.0067,0.0,0.0045,58.6
4.046,0.0007,0.0052,0.0015,0.0045,58.6
4.047,-0.0015,0.0037,0.0015,0.0015,58.5
4.048,0.0,0.0045,0.003,-0.0008,58.5
4.049,0.0015,0.0037,0.0052,0.0007,58.5
4.05,0.0007,0.0045,0.006,0.0015,58.5
4.051,0.003,0.0037,0.0075,0.0007,58.4
4.052,0.0022,0.003,0.0082,0.0,58.4
4.053,0.0015,0.003,0.0082,-0.0008,58.4
4.054,0.0015,0.0022,0.0052,-0.0015,58.3
4.055,0.0007,0.0022,0.0022,-0.0015,58.3
4.056,0.0,0.0015,0.0,0.0007,58.2
4.057,0.0,0.0022,-0.0023,-0.0008,58.2
4.058,0.0007,0.0022,-0.0046,-0.0015,58.2
4.059,0.0,0.0015,-0.0053,0.0,58.1
4.06,-0.0008,0.0015,-0.0075,-0.0015,58.0
4.061,-0.0015,0.0015,-0.0091,0.0,58.0
4.062,-0.0008,0.0015,-0.0075,0.0007,58.0
4.063,-0.0008,0.0007,-0.006,0.0007,57.9
4.064,-0.0023,0.0007,-0.0046,0.0015,57.8
4.065,-0.0008,0.0007,-0.003,0.0007,57.7
4.066,0.0007,0.0,-0.0015,0.0,57.6
4.067,0.0007,-0.0008,0.0007,0.0,57.6
4.068,-0.0008,0.0015,0.0037,0.0015,57.5
4.069,-0.0008,0.0007,0.0052,0.0015,57.4
4.07,-0.0008,0.0,0.0037,0.0015,57.3
4.071,-0.0023,-0.0008,0.003,0.0007,57.2
4.072,-0.0008,-0.0008,0.0015,0.0007,57.2
4.073,-0.0008,0.0007,-0.0008,-0.0008,57.1
4.074,-0.0008,-0.0008,-0.0023,-0.0008,57.0
4.075,-0.0008,0.0,-0.006,0.0,56.9
4.076,-0.0015,0.0,-0.0091,0.0,56.9
4.077,0.0,-0.0015,-0.0075,0.0007,56.8
4.078,-0.0015,-0.0008,-0.0068,-0.0008,56.7
4.079,-0.0015,0.0007,-0.0068,-0.0015,56.7
4.08,-0.0015,-0.0008,-0.0068,0.0007,56.5
4.081,-0.0023,0.0007,-0.0046,0.0007,56.5
4.082,-0.0015,0.0007,-0.003,0.0007,56.3
4.083,-0.0008,0.0007,-0.0015,0.0007,56.2
4.084,0.0,0.0007,0.0,0.0015,56.1
4.085,0.003,0.0015,0.0015,0.0015,56.0
4.086,0.003,0.0015,0.0015,0.003,55.9
4.087,0.0015,0.0007,0.0,0.0037,55.8
4.088,0.0015,0.0007,-0.0008,0.003,55.7
4.089,0.0007,0.0007,-0.0023,0.0045,55.6
4.09,0.0007,0.0007,-0.003,0.0045,55.5
4.091,0.0007,-0.0008,-0.0068,0.0045,55.4
4.092,0.0,0.0,-0.0091,0.003,55.3
4.093,-0.0008,0.003,-0.0091,0.0015,55.2
4.094,-0.0015,0.0015,-0.0091,0.0022,55.0
4.095,0.0007,0.0015,-0.0083,0.0015,54.9
4.096,-0.0015,0.0007,-0.0083,0.003,54.9
4.097,0.0,-0.0015,-0.0053,0.003,54.7
4.098,0.0007,0.0,-0.0015,0.0015,54.6
4.099,0.0015,0.0022,0.0015,0.0022,54.5
4.1,0.0022,0.003,0.0015,0.0007,54.4
4.101,0.0022,0.003,0.003,0.0007,54.2
4.102,0.003,0.0015,0.0067,0.0015,54.0
4.103,0.0037,0.0022,0.0067,0.0015,53.9
4.104,0.003,0.0022,0.0052,0.0015,53.7
4.105,0.0015,0.003,0.0045,0.0007,53.5
4.106,0.0015,0.0015,0.0022,-0.0008,53.3
4.107,0.0007,-0.0008,0.0,0.0,53.1
4.108,0.0007,0.0007,-0.0015,-0.0008,53.0
4.109,0.0007,-0.0008,-0.003,-0.0015,52.8
4.11,0.0015,-0.0008,-0.0038,-0.0015,52.6
4.111,0.0007,-0.0008,-0.003,-0.0015,52.4
4.112,0.0,-0.0008,-0.0038,-0.0015,52.2
4.113,-0.0015,0.0,-0.0046,-0.0023,52.0
4.114,-0.0015,0.0007,-0.003,-0.0015,51.8
4.115,-0.0008,0.0007,-0.0023,-0.0015,51.7
4.116,-0.0008,0.0015,0.0007,-0.0015,51.5
4.117,0.0015,0.0007,0.0052,0.0,51.3
4.118,0.0007,-0.0015,0.0045,-0.0023,51.1
4.119,0.0007,-0.0015,0.0045,-0.0008,50.9
4.12,0.0007,-0.0008,0.0045,-0.0008,50.7
4.121,0.0,-0.0008,0.0015,-0.0008,50.5
4.122,0.0007,-0.0015,0.0007,-0.0008,50.3
4.123,0.0007,-0.0023,0.0007,-0.0015,50.0
4.124,0.0015,0.0007,0.0,-0.0015,49.8
4.125,-0.0008,-0.0008,-0.0015,-0.0015,49.5
4.126,-0.0008,-0.0008,-0.0023,-0.003,49.3
4.127,-0.0015,0.0007,-0.0023,-0.0038,49.1
4.128,-0.0008,0.0007,-0.0015,-0.0023,48.9
4.129,0.0,0.0037,-0.0015,-0.0008,48.6
4.13,0.0007,0.0052,0.0,-0.0023,48.4
4.131,0.0007,0.0015,0.0052,-0.0038,48.1
4.132,-0.0008,0.0007,0.012,-0.0053,47.9
4.133,0.0015,0.0007,0.018,-0.0046,47.6
4.134,0.003,-0.0008,0.0217,-0.0023,47.4
4.135,0.0052,-0.0023,0.0157,0.0007,47.2
4.136,0.0022,-0.0015,0.0067,0.0045,46.9
4.137,0.0,0.0007,-0.0015,0.0015,46.7
4.138,-0.0008,0.0015,-0.0068,-0.0075,46.5
4.139,-0.003,0.0007,-0.0091,-0.0173,46.2
4.14,-0.0046,0.0007,-0.012,-0.0188,45.9
4.141,-0.0046,0.0015,-0.0091,-0.012,45.7
4.142,-0.0023,0.0015,-0.0083,0.0015,45.4
4.143,-0.0023,0.003,-0.0068,0.015,45.1
4.144,-0.0008,0.003,-0.0068,0.018,44.8
4.145,-0.0008,0.003,-0.0053,0.012,44.5
4.146,-0.0023,0.003,-0.0053,0.0,44.2
4.147,-0.0015,0.0052,-0.003,0.0015,43.9
4.148,-0.0015,0.0067,0.0022,0.0142,43.6
4.149,0.0007,0.003,0.006,0.0165,43.3
4.15,0.0007,0.0007,0.009,0.0112,43.0
4.151,0.0007,-0.0015,0.0105,-0.0046,42.7
4.152,0.0022,-0.0046,0.0127,-0.012,42.4
4.153,0.003,-0.003,0.012,-0.0091,42.1
4.154,0.003,-0.003,0.0127,-0.012,41.8
4.155,0.0015,-0.0023,0.0105,-0.0128,41.5
4.156,0.0007,-0.003,0.006,-0.0143,41.2
4.157,0.0015,-0.0023,0.0045,-0.0075,40.9
4.158,0.0015,-0.0015,0.0015,0.006,40.6
4.159,0.0022,0.0015,0.0015,0.0232,40.4
4.16,0.0015,0.0015,-0.0015,0.0232,40.0
4.161,0.0,0.0015,-0.0015,0.0082,39.7
4.162,-0.0015,0.0015,0.0007,0.003,39.3
4.163,0.0,0.0,-0.0015,0.0,39.0
4.164,0.003,0.0007,0.0015,-0.0008,38.6
4.165,0.0015,0.0007,0.0045,0.0,38.2
4.166,0.0022,0.0015,0.0045,0.0007,37.9
4.167,0.0015,0.0015,0.006,-0.0008,37.6
4.168,0.003,-0.0008,0.0045,-0.003,37.2
4.169,0.0015,-0.0008,0.0045,-0.0008,36.9
4.17,0.003,0.0007,0.0052,-0.0008,36.5
4.171,0.0015,0.0,0.003,-0.0008,36.1
4.172,0.0,0.0,0.0022,-0.0015,35.8
4.173,0.0007,0.0,0.0007,0.0015,35.4
4.174,0.0,0.0015,0.0,0.006,35.1
4.175,-0.0008,0.0015,0.0007,-0.0046,34.7
4.176,-0.0008,-0.0015,-0.003,-0.0143,34.4
4.177,0.0,0.0,-0.0015,-0.0128,34.0
4.178,0.0,0.0007,-0.0008,-0.0165,33.7
4.179,-0.0008,-0.0008,-0.0008,-0.0165,33.3
4.18,-0.0008,0.0007,-0.0008,0.0082,32.9
4.181,-0.0008,0.0007,0.003,0.039,32.6
4.182,0.0007,0.0007,0.0045,0.0495,32.2
4.183,-0.0008,0.0007,0.003,0.0292,31.8
4.184,-0.0008,-0.0008,0.0052,0.009,31.4
4.185,0.0015,-0.0015,0.0052,0.003,31.0
4.186,0.0007,-0.003,0.0037,-0.0128,30.7
4.187,0.0015,-0.0015,0.003,-0.0203,30.3
4.188,0.003,-0.003,0.0,-0.0158,29.9
4.189,0.0007,-0.003,-0.0038,-0.0068,29.5
4.19,0.0007,-0.0008,-0.0053,0.0075,29.2
4.191,-0.0015,0.0,-0.0046,0.015,28.8
4.192,-0.0015,0.0007,-0.0046,0.0052,28.4
4.193,0.0007,-0.0008,-0.0053,-0.012,28.0
4.194,-0.0008,-0.0023,-0.006,-0.0113,27.6
4.195,-0.0015,-0.0015,-0.0083,-0.0143,27.3
4.196,-0.0023,-0.0015,-0.0105,-0.0293,26.9
4.197,-0.0015,0.0,-0.0083,-0.0278,26.5
4.198,0.0007,0.0007,-0.0053,-0.0188,26.1
4.199,0.0007,0.0015,-0.0038,0.0015,25.7
4.2,0.0015,0.0037,-0.003,0.0352,25.3
4.201,0.0007,0.006,0.0007,0.0427,25.0
4.202,-0.0008,0.0052,0.0037,0.0127,24.7
4.203,0.0007,0.0,0.003,-0.0113,24.3
4.204,0.0015,-0.0008,0.0015,0.0165,23.9
4.205,0.0007,0.0022,0.0007,0.0517,23.5
4.206,0.0015,0.0022,-0.0015,0.03,23.1
4.207,0.0007,0.0007,-0.0023,-0.012,22.8
4.208,-0.0008,0.0,-0.0015,-0.0188,22.4
4.209,0.0007,0.0007,-0.0038,-0.0128,22.0
4.21,-0.0008,0.0,-0.0068,-0.0075,21.6
4.211,-0.0008,0.0015,-0.0075,-0.003,21.3
4.212,-0.0008,0.0007,-0.0053,-0.0068,20.9
4.213,0.0,0.0,-0.0023,-0.0181,20.6
4.214,0.0,-0.0015,-0.0008,-0.0346,20.2
4.215,-0.0015,-0.0046,-0.0008,-0.0323,19.8
4.216,0.0,-0.0015,-0.0038,-0.0203,19.4
4.217,0.0007,0.0007,-0.0046,0.0022,19.1
4.218,0.0022,0.0022,0.0,0.0187,18.7
4.219,0.0045,0.003,0.003,0.0105,18.3
4.22,0.0045,0.0,0.0045,0.0225,17.9
4.221,0.0045,0.0015,0.0022,0.0555,17.6
4.222,0.0022,0.003,-0.0015,0.042,17.2
4.223,-0.0023,0.0007,-0.0038,-0.0263,16.8
4.224,-0.003,-0.0015,-0.0015,-0.054,16.5
4.225,-0.003,0.0007,-0.0008,-0.0368,16.1
4.226,-0.0091,0.003,-0.0008,-0.0053,15.7
4.227,-0.0113,0.0082,-0.0015,0.0375,15.3
4.228,-0.0053,0.0105,0.0,0.0645,15.0
4.229,0.0015,0.0097,0.006,0.0555,14.6
4.23,0.003,0.0015,0.0082,-0.0098,14.2
4.231,0.0007,-0.0046,0.003,-0.0361,13.9
4.232,-0.0023,-0.003,-0.0046,-0.0195,13.5
4.233,-0.0053,-0.0038,-0.0128,-0.0218,13.1
4.234,-0.0046,-0.0015,-0.0203,-0.0046,12.7
4.235,-0.003,-0.0008,-0.0218,-0.0128,12.3
4.236,-0.0008,-0.0008,-0.021,-0.045,12.0
4.237,0.0,-0.0015,-0.0218,-0.0653,11.6
4.238,-0.0008,-0.0015,-0.0165,-0.0503,11.2
4.239,-0.006,-0.0023,-0.0098,-0.0053,10.8
4.24,-0.0135,-0.0015,-0.0023,0.0195,10.4
4.241,-0.0105,0.0022,0.0097,0.0472,10.1
4.242,-0.0023,0.0067,0.0142,0.0667,9.8
4.243,0.0007,0.006,0.0105,0.0292,9.4
4.244,0.0052,0.0007,0.0075,-0.0278,9.1
4.245,0.0105,-0.0023,-0.0023,-0.0293,8.7
4.246,0.0165,0.0015,0.0,-0.0046,8.4
4.247,0.024,0.0142,0.0045,0.009,8.1
4.248,0.0285,0.0262,0.0082,0.0075,7.7
4.249,0.033,0.0195,0.021,-0.0008,7.4
4.25,0.033,0.012,0.0315,0.009,7.0
4.251,0.0202,0.0112,0.0442,-0.0046,6.7
4.252,0.0022,0.0105,0.0457,-0.0091,6.3
4.253,-0.0188,0.003,0.0292,0.0067,6.0
4.254,-0.0428,-0.0091,-0.0015,-0.0053,5.6
4.255,-0.0443,-0.012,-0.0158,-0.0398,5.3
4.256,-0.0158,-0.0098,-0.0181,-0.0518,4.9
4.257,0.0045,-0.003,-0.0398,-0.0315,4.6
4.258,0.006,-0.0068,-0.048,-0.024,4.2
4.259,0.0157,-0.0203,-0.0383,-0.0113,3.9
4.26,0.0157,-0.0308,-0.03,0.0307,3.5
4.261,0.024,-0.0346,-0.0203,0.0727,3.4
4.262,0.0382,-0.0195,-0.0195,0.0645,3.2
4.263,0.0337,-0.0188,-0.024,0.0165,3.1
4.264,0.0202,-0.0233,-0.0218,-0.0128,2.9
4.265,0.0172,-0.0105,-0.024,-0.0375,2.7
4.266,0.0052,0.0007,-0.0158,-0.0346,2.5
4.267,-0.0068,0.0,0.0105,-0.0353,2.3
4.268,-0.021,-0.0195,0.0172,-0.075,2.2
4.269,-0.0533,-0.0346,0.018,-0.0915,2.0
4.27,-0.0728,-0.0323,0.0105,-0.0675,1.8
4.271,-0.057,-0.0195,-0.0046,-0.0315,1.7
4.272,-0.0315,-0.0075,-0.0128,-0.0008,1.5
4.273,-0.033,0.0015,-0.0195,0.039,1.3
4.274,-0.0256,0.006,-0.0158,0.075,1.2
4.275,-0.012,0.0127,-0.0068,0.0967,1.0
4.276,-0.0091,0.033,0.0067,0.0975,0.8
4.277,-0.0263,0.0457,0.021,0.0817,0.6
4.278,-0.027,0.081,0.0307,0.0817,0.5
4.279,0.0067,0.1342,0.0307,0.078,0.3
4.28,0.0127,0.1065,0.0187,0.054,0.1
4.281,0.0187,0.0577,0.0105,0.0292,0.0
4.282,0.0232,0.0427,0.0157,0.0045,-0.1
4.283,0.018,0.0127,0.0255,-0.012,-0.3
4.284,0.0195,0.0007,0.0382,-0.0225,-0.5
4.285,0.0195,-0.0023,0.0487,-0.0368,-0.6
4.286,0.0217,-0.0075,0.0517,-0.0503,-0.7
4.287,0.0195,-0.0083,0.0517,-0.0495,-0.9
4.288,0.0195,-0.0165,0.054,-0.0353,-1.0
4.289,0.0345,-0.0165,0.0525,-0.0203,-1.2
4.29,0.0525,-0.0165,0.0442,-0.0068,-1.3
4.291,0.0517,-0.0128,0.0367,0.0045,-1.4
4.292,0.039,-0.015,0.0367,0.0105,-1.6
4.293,0.018,-0.0233,0.0442,0.006,-1.8
4.294,-0.0053,-0.027,0.0465,-0.0105,-1.9
4.295,-0.0315,-0.0338,0.0262,-0.0203,-2.0
4.296,-0.0473,-0.0368,0.0052,-0.0278,-2.2
4.297,-0.0293,-0.0375,-0.0083,-0.0308,-2.3
4.298,-0.0165,-0.0323,-0.0128,-0.0165,-2.5
4.299,-0.0015,-0.0173,-0.0083,-0.0098,-2.6
4.3,0.0217,-0.0113,-0.0068,-0.0075,-2.8
4.301,0.0352,-0.0135,-0.003,0.0007,-2.8
4.302,0.0435,-0.0091,0.0007,0.0105,-2.9
4.303,0.0435,-0.0008,0.0097,0.0127,-3.0
4.304,0.0367,0.0142,0.021,0.0015,-3.2
4.305,0.0045,0.0277,0.012,-0.0098,-3.2
4.306,-0.0315,0.024,-0.0075,-0.0098,-3.3
4.307,-0.0548,0.0142,-0.027,-0.003,-3.4
4.308,-0.0533,0.0232,-0.0428,0.009,-3.5
4.309,-0.0346,0.021,-0.048,0.0195,-3.6
4.31,-0.033,-0.0068,-0.045,0.0172,-3.7
4.311,-0.0256,-0.0098,-0.039,0.0052,-3.8
4.312,-0.012,-0.0068,-0.0346,-0.0113,-3.9
4.313,-0.0008,-0.027,-0.0293,-0.0135,-4.0
4.314,0.0015,-0.0495,-0.027,-0.0091,-4.1
4.315,0.0022,-0.0465,-0.0278,0.0045,-4.2
4.316,0.0105,-0.0323,-0.0278,0.0292,-4.3
4.317,0.012,-0.0128,-0.0315,0.0382,-4.4
4.318,0.012,-0.0053,-0.0353,0.0397,-4.5
4.319,0.0052,0.0045,-0.0346,0.0292,-4.6
4.32,0.0015,0.0112,-0.0256,0.0045,-4.7
4.321,0.0045,-0.0128,-0.0158,-0.0368,-4.7
4.322,0.0082,-0.0203,0.0045,-0.0773,-4.7
4.323,-0.003,-0.006,0.0067,-0.0728,-4.7
4.324,-0.0105,0.0052,-0.0075,-0.0458,-4.6
4.325,-0.0008,-0.0068,-0.0105,-0.0263,-4.6
4.326,0.006,-0.0173,-0.021,-0.0008,-4.6
4.327,0.0067,-0.0143,-0.0195,0.0195,-4.6
4.328,0.0037,-0.0158,-0.0165,0.0307,-4.6
4.329,0.0105,-0.0008,-0.0158,0.0427,-4.5
4.33,0.0262,0.0022,-0.0143,0.0412,-4.5
4.331,0.0172,0.0142,-0.0143,0.054,-4.5
4.332,-0.0015,0.0667,-0.0038,0.078,-4.5
4.333,-0.0008,0.0892,0.0037,0.078,-4.5
4.334,-0.0173,0.054,0.0052,0.0675,-4.5
4.335,-0.0495,0.0615,-0.0083,0.063,-4.5
4.336,-0.0593,0.063,-0.0353,0.0375,-4.5
4.337,-0.0128,0.024,-0.0465,0.0015,-4.4
4.338,0.054,0.0112,-0.0256,-0.0091,-4.4
4.339,0.078,-0.0046,-0.0075,-0.0248,-4.4
4.34,0.069,-0.0195,-0.0068,-0.0315,-4.4
4.341,0.0382,-0.0315,0.0022,-0.0218,-4.2
4.342,0.0112,-0.027,0.003,-0.027,-4.0
4.343,-0.0405,-0.039,0.006,-0.024,-3.9
4.344,-0.075,-0.0443,0.0187,-0.0278,-3.7
4.345,-0.0495,-0.027,0.0232,-0.0308,-3.5
4.346,-0.0225,-0.0233,0.0457,-0.027,-3.3
4.347,-0.0158,0.0015,0.09,-0.0218,-3.2
4.348,-0.033,0.0135,0.114,-0.0135,-3.0
4.349,-0.0743,0.0352,0.069,-0.0053,-2.8
4.35,-0.0856,0.06,0.0232,-0.003,-2.7
4.351,-0.0405,0.027,-0.0038,-0.0128,-2.5
4.352,-0.0008,-0.0068,-0.021,-0.0128,-2.3
4.353,0.0232,-0.003,-0.0143,-0.0113,-2.2
4.354,0.0322,-0.0038,-0.0225,-0.012,-2.0
4.355,0.0442,-0.0046,-0.021,-0.0091,-1.8
4.356,0.054,-0.0091,-0.0143,-0.012,-1.6
4.357,0.0517,-0.0165,0.0127,-0.0105,-1.4
4.358,0.054,-0.0083,0.0202,-0.0068,-1.3
4.359,0.0247,-0.0098,0.0075,-0.0053,-1.1
4.36,0.0022,0.0007,-0.0053,-0.003,-0.9
4.361,0.0082,0.0045,-0.021,-0.0046,-0.7
4.362,-0.003,-0.0068,-0.0263,-0.0046,-0.5
4.363,-0.0195,-0.0165,-0.0405,-0.003,-0.2
4.364,0.0105,-0.0308,-0.0405,0.0007,0.0
4.365,0.0262,-0.0203,-0.0353,0.003,0.3
4.366,0.0172,0.0052,-0.0135,0.0052,0.5
4.367,0.027,0.0255,0.003,0.003,0.7
4.368,0.0075,0.0255,0.009,0.0,1.0
4.369,-0.021,0.0105,0.0127,0.0,1.2
4.37,-0.0293,0.0052,0.003,0.0015,1.5
4.371,0.0217,0.0022,0.0022,-0.0008,1.7
4.372,0.0967,0.003,0.003,-0.0038,1.9
4.373,0.1177,0.0045,0.003,-0.0015,2.2
4.374,0.0705,-0.0008,0.0262,-0.0023,2.4
4.375,-0.0315,-0.0098,0.0487,0.0,2.6
4.376,-0.147,-0.0143,0.033,0.0022,2.9
4.377,-0.1935,-0.0158,0.0045,0.0,3.1
4.378,-0.1253,-0.0105,-0.0195,-0.0015,3.4
4.379,-0.057,0.009,-0.0383,-0.0046,3.6
4.38,-0.0293,0.0232,-0.039,-0.006,3.9
4.381,0.003,0.006,-0.0338,-0.0053,4.0
4.382,0.015,-0.0098,-0.024,-0.0046,4.1
4.383,0.0142,-0.0068,-0.0098,-0.003,4.2
4.384,0.0127,-0.0046,0.009,-0.003,4.3
4.385,0.0045,0.015,0.012,-0.0015,4.5
4.386,0.0157,0.0187,0.0,0.0007,4.6
4.387,0.0135,-0.0023,-0.0158,0.003,4.7
4.388,0.0045,-0.0053,-0.0233,0.0067,4.8
4.389,0.0082,0.003,-0.003,0.0067,4.9
4.39,0.0187,0.0202,0.0225,0.0082,5.0
4.391,0.0187,0.021,0.039,0.009,5.2
4.392,0.0195,0.0157,0.0532,0.0052,5.3
4.393,0.0322,0.018,0.0495,0.0015,5.4
4.394,0.0277,0.006,0.0082,-0.0023,5.5
4.395,0.0345,-0.0046,-0.0278,-0.0038,5.6
4.396,0.0435,-0.0173,-0.0443,-0.003,5.8
4.397,0.0345,-0.0428,-0.042,-0.0038,5.8
4.398,0.033,-0.0555,-0.0375,-0.0015,6.0
4.399,0.057,-0.0315,-0.0368,0.003,6.1
4.4,0.1252,-0.0128,-0.021,0.0067,6.2
4.401,0.1462,-0.0091,-0.0113,0.009,6.3
4.402,0.0945,-0.0083,-0.0038,0.0052,6.3
4.403,0.0217,-0.0023,-0.0015,-0.0008,6.4
4.404,-0.0465,0.021,0.012,-0.0046,6.4
4.405,-0.1065,0.012,0.0232,-0.0053,6.5
4.406,-0.2003,0.0037,0.0187,-0.0046,6.6
4.407,-0.1913,0.0112,0.0232,-0.0046,6.6
4.408,-0.0908,0.0045,0.0217,-0.0046,6.7
4.409,-0.0706,0.003,0.009,-0.0038,6.7
4.41,-0.054,-0.0008,0.009,-0.003,6.8
4.411,-0.0188,0.0015,0.0097,-0.0015,6.8
4.412,0.0105,0.0015,0.0105,0.0007,6.9
4.413,0.03,0.0022,0.0225,0.0015,6.9
4.414,0.015,0.0022,0.0165,0.003,7.0
4.415,0.0157,0.0015,0.009,0.0015,7.1
4.416,0.0157,0.006,0.0112,0.0022,7.1
4.417,0.018,0.0052,0.0142,0.0037,7.2
4.418,0.0217,0.0052,0.0067,0.0007,7.2
4.419,0.0172,0.0045,-0.0068,0.0015,7.3
4.42,0.0202,0.003,-0.0038,0.0,7.3
4.421,0.015,0.0037,0.0195,0.0007,7.4
4.422,0.0127,0.0045,0.015,0.0007,7.5
4.423,0.015,0.0052,0.0022,-0.0008,7.5
4.424,0.0457,0.0075,0.0082,0.0007,7.6
4.425,0.0682,0.009,0.0,0.003,7.6
4.426,0.045,0.0097,0.0015,0.0067,7.7
4.427,0.0232,0.0105,0.0022,0.012,7.7
4.428,0.0045,0.009,-0.021,0.0052,7.8
4.429,-0.0158,0.0142,-0.0713,-0.003,7.9
4.43,-0.0248,0.0142,-0.1193,0.0,7.9
4.431,-0.0293,0.0105,-0.1381,-0.0023,8.0
4.432,-0.0263,0.0097,-0.1065,-0.0015,8.1
4.433,-0.0278,-0.006,0.003,0.0007,8.1
4.434,-0.0346,-0.0225,0.0825,-0.0015,8.1
4.435,-0.0113,-0.0188,0.0915,0.0015,8.2
4.436,0.0645,-0.0203,0.0592,0.003,8.3
4.437,0.1237,-0.0218,0.0405,0.0,8.3
4.438,0.0795,-0.0158,0.0885,-0.0008,8.4
4.439,-0.0015,-0.0091,0.12,-0.0008,8.5
4.44,-0.024,0.0105,0.135,-0.0008,8.5
4.441,0.03,0.024,0.1447,-0.003,8.5
4.442,0.0547,0.0232,0.1237,-0.006,8.5
4.443,-0.0098,0.0037,0.0187,-0.0083,8.6
4.444,-0.0818,-0.0203,-0.075,-0.0083,8.6
4.445,-0.1103,-0.0098,-0.0465,-0.0053,8.6
4.446,-0.105,-0.0015,-0.0285,-0.0015,8.6
4.447,-0.1103,0.0082,-0.0098,0.0,8.6
4.448,-0.093,0.0315,0.0082,-0.003,8.7
4.449,-0.015,0.0195,0.0075,-0.0046,8.7
4.45,0.0652,0.009,-0.0008,-0.0023,8.7
4.451,0.0735,0.0082,-0.006,0.0022,8.8
4.452,0.0525,-0.0158,-0.0083,0.0007,8.8
4.453,0.0022,-0.0256,-0.0188,-0.0008,8.8
4.454,-0.0285,-0.0128,-0.027,0.0015,8.8
4.455,0.0277,0.0232,-0.0533,0.0007,8.9
4.456,0.102,0.039,-0.0578,-0.0008,8.9
4.457,0.1237,0.024,-0.0203,0.003,8.9
4.458,0.0742,0.0127,0.021,0.0082,8.9
4.459,-0.0218,-0.0105,0.0045,0.009,8.9
4.46,-0.1208,-0.0293,-0.0091,0.0082,9.0
4.461,-0.0773,-0.0563,-0.024,0.0052,9.0
4.462,0.0022,-0.0653,-0.0398,0.0,9.0
4.463,0.009,-0.0158,-0.0398,-0.0015,9.1
4.464,0.0277,0.018,-0.0338,0.0022,9.1
4.465,0.0202,0.0187,-0.0105,0.006,9.2
4.466,-0.0083,0.012,-0.0008,0.0045,9.3
4.467,-0.0691,0.0037,0.009,0.003,9.3
4.468,-0.0645,0.003,-0.006,0.0037,9.4
4.469,-0.024,0.0007,-0.0203,0.0037,9.4
4.47,-0.0683,0.0,-0.0165,0.0045,9.4
4.471,-0.054,0.0,0.012,0.003,9.5
4.472,0.006,0.0,0.0367,0.0037,9.5
4.473,0.0532,-0.0023,0.0217,0.0052,9.6
4.474,0.0727,-0.006,0.0262,0.0037,9.6
4.475,0.0465,0.0015,0.0127,0.003,9.7
4.476,0.0292,0.0105,-0.0233,0.0045,9.8
4.477,0.0022,0.0157,-0.042,0.0037,9.8
4.478,-0.0218,0.0285,-0.0465,0.0015,9.9
4.479,-0.0533,0.0292,-0.0256,-0.0008,9.9
4.48,-0.0833,0.021,0.012,-0.0015,9.9
4.481,-0.0645,0.0142,0.0277,0.0,9.9
4.482,-0.0338,0.0097,0.0202,0.0,9.9
4.483,-0.0218,0.0045,0.0165,-0.0015,9.9
4.484,-0.0173,-0.0098,-0.0128,-0.0008,9.9
4.485,-0.0053,-0.0135,-0.0368,0.0015,9.9
4.486,0.0075,-0.003,-0.0458,0.0015,9.9
4.487,0.012,-0.0008,-0.0443,0.003,9.9
4.488,0.0187,0.0,-0.042,0.003,9.9
4.489,0.0292,-0.0053,-0.0653,0.0007,9.9
4.49,0.0465,-0.012,-0.0525,0.0007,9.9
4.491,0.072,0.0015,-0.0195,0.0007,9.9
4.492,0.0862,0.012,0.006,-0.0008,9.9
4.493,0.084,0.0022,0.0345,-0.0023,9.9
4.494,0.0787,0.0007,0.0457,-0.0015,9.9
4.495,0.0465,0.006,0.0465,0.0007,9.8
4.496,-0.015,0.0075,0.0315,0.003,9.8
4.497,-0.021,0.0007,0.0202,0.003,9.8
4.498,0.0277,-0.015,0.0277,0.0,9.8
4.499,0.0292,-0.0105,0.0127,-0.0038,9.8
4.5,0.027,-0.003,-0.042,-0.0068,9.7
4.501,0.0232,-0.0075,-0.093,-0.0068,9.8
4.502,0.0097,-0.003,-0.0825,-0.0046,9.8
4.503,0.018,-0.0023,-0.0203,-0.0046,9.8
4.504,0.0202,-0.0008,0.0637,-0.0038,9.8
4.505,0.0015,0.003,0.1215,-0.0023,9.9
4.506,-0.057,0.0007,0.1267,-0.0023,9.9
4.507,-0.1275,-0.0098,0.108,0.0007,9.9
4.508,-0.1253,-0.0173,0.0817,0.0015,9.9
4.509,-0.0458,-0.0008,0.0547,-0.0008,9.9
4.51,-0.0075,0.009,0.0465,-0.0015,9.9
4.511,0.003,0.0045,0.042,-0.0023,10.0
4.512,0.0052,-0.0008,0.027,-0.0008,10.0
4.513,-0.0143,-0.0143,0.0217,0.0015,10.0
4.514,-0.0023,-0.0181,0.0157,0.0007,10.0
4.515,-0.0091,-0.0046,-0.0015,0.0007,10.1
4.516,0.0007,0.027,-0.0008,0.0015,10.1
4.517,0.0202,0.0472,-0.0075,0.0015,10.1
4.518,0.003,0.03,-0.015,0.003,10.1
4.519,-0.0128,0.0045,-0.0068,0.0045,10.1
4.52,-0.0038,-0.0075,-0.0165,0.0037,10.2
4.521,0.0007,-0.0233,-0.0248,0.0015,10.2
4.522,-0.0143,-0.0278,-0.0368,-0.003,10.2
4.523,-0.0046,-0.0158,-0.033,-0.0083,10.2
4.524,0.0502,-0.0128,-0.0293,-0.012,10.2
4.525,0.102,0.0015,-0.0256,-0.0113,10.1
4.526,0.1005,0.0067,-0.003,-0.0098,10.1
4.527,0.084,-0.0083,0.0037,-0.0075,10.1
4.528,-0.0046,-0.012,-0.0165,-0.0083,10.1
4.529,-0.1275,-0.0158,-0.0361,-0.006,10.1
4.53,-0.09,-0.0113,-0.03,-0.0015,10.0
4.531,-0.0105,-0.0023,-0.0278,0.0,10.0
4.532,-0.0158,0.015,-0.0278,0.003,10.0
4.533,0.003,0.0202,-0.0293,0.0037,10.0
4.534,0.012,0.0045,-0.0256,0.0045,10.0
4.535,0.0082,0.0157,-0.0195,0.003,10.0
4.536,0.0097,0.0195,-0.0195,0.0007,9.9
4.537,-0.0053,-0.0008,-0.0091,0.0022,9.9
4.538,-0.0091,-0.0083,-0.0053,0.0022,9.9
4.539,-0.0256,-0.0008,-0.0083,0.0045,9.9
4.54,-0.0008,-0.0046,-0.0053,0.003,9.9
4.541,0.018,-0.0158,-0.0098,0.0022,9.9
4.542,-0.0015,-0.0165,-0.0195,0.0,9.9
4.543,-0.0083,-0.0165,-0.0053,-0.0015,9.8
4.544,-0.0143,-0.006,0.0157,0.0007,9.8
4.545,-0.0113,0.0052,0.0172,0.0037,9.8
4.546,0.0105,0.0045,0.0172,0.0045,9.8
4.547,0.0465,0.0082,0.0105,0.0015,9.7
4.548,0.0427,0.0165,0.0097,0.0007,9.7
4.549,0.0172,0.0225,0.0345,-0.0008,9.7
4.55,-0.0083,0.0285,0.0705,-0.0023,9.6
4.551,0.0457,0.0232,0.072,-0.0015,9.6
4.552,0.0802,0.0142,0.0457,-0.0023,9.6
4.553,-0.0218,0.0052,0.027,-0.0046,9.6
4.554,-0.054,-0.003,-0.003,-0.0038,9.5
4.555,-0.0135,-0.0091,-0.0458,-0.0015,9.5
4.556,0.0255,-0.0225,-0.1035,0.0007,9.5
4.557,0.0232,-0.0293,-0.1163,0.0007,9.5
4.558,-0.0083,-0.0158,-0.06,0.0,9.4
4.559,-0.0608,-0.003,-0.0143,0.003,9.4
4.56,-0.1411,0.0015,0.0127,0.0015,9.4
4.561,-0.1388,-0.0015,0.027,-0.0023,9.4
4.562,-0.0465,-0.003,0.0367,-0.0046,9.4
4.563,0.0367,0.009,0.039,-0.003,9.3
4.564,-0.0068,0.0022,0.024,-0.0015,9.3
4.565,-0.0256,-0.0083,0.0097,-0.0015,9.3
4.566,0.0105,-0.0091,0.009,0.0007,9.2
4.567,0.0405,-0.0083,0.021,0.0,9.2
4.568,0.0577,0.0082,0.0232,-0.0008,9.2
4.569,0.0442,0.024,0.0217,-0.0008,9.1
4.57,0.0465,0.0247,0.0262,-0.0008,9.1
4.571,0.0127,0.0127,0.012,0.0007,9.1
4.572,0.003,0.0052,-0.0046,0.0,9.0
4.573,0.006,0.0052,-0.0105,-0.0008,9.0
4.574,0.0105,0.0045,-0.0181,-0.0008,9.0
4.575,0.0142,0.003,-0.0128,0.0007,9.0
4.576,-0.0023,-0.0015,-0.0143,0.0,9.0
4.577,-0.0158,-0.0008,-0.0218,-0.0015,8.9
4.578,-0.0173,-0.0008,-0.0203,-0.0015,8.9
4.579,0.0015,-0.0008,0.003,0.0,8.9
4.58,-0.0008,-0.0008,0.0202,0.0007,8.8
4.581,-0.0008,-0.0008,0.0082,0.0015,8.8
4.582,-0.0098,0.003,0.0007,0.0015,8.7
4.583,-0.0128,0.0015,-0.0075,0.0007,8.7
4.584,0.0105,-0.0008,-0.003,0.0,8.7
4.585,0.0232,0.0045,0.0052,-0.0008,8.6
4.586,0.024,0.0052,0.0127,0.0007,8.6
4.587,0.0232,-0.0008,0.0142,0.0007,8.5
4.588,0.0195,-0.0046,0.0097,0.0,8.5
4.589,0.0045,-0.0046,0.0022,0.0,8.5
4.59,-0.0075,-0.0038,-0.012,-0.003,8.5
4.591,-0.0218,-0.0038,-0.0218,-0.0038,8.4
4.592,-0.0225,-0.0015,-0.0473,-0.0046,8.4
4.593,-0.0038,0.0045,-0.0728,-0.003,8.4
4.594,-0.003,0.021,-0.0653,-0.0008,8.3
4.595,-0.0038,0.0382,-0.0405,-0.0008,8.3
4.596,-0.0008,0.027,-0.0098,0.0007,8.2
4.597,0.003,0.0045,0.033,0.0007,8.2
4.598,0.0045,-0.0158,0.0472,0.0015,8.2
4.599,-0.0008,-0.0315,0.0495,0.0037,8.1
4.6,0.0015,-0.0428,0.0427,0.0045,8.1
4.601,0.0067,-0.0398,0.036,0.0022,8.1
4.602,0.0165,-0.0091,0.036,0.003,8.0
4.603,0.0255,0.0142,0.0315,0.003,8.0
4.604,0.0142,0.0105,0.0412,0.0,7.9
4.605,0.0015,0.0067,0.0315,-0.0015,7.8
4.606,0.0045,0.0007,0.009,-0.0015,7.8
4.607,0.0067,-0.0083,-0.0023,-0.003,7.7
4.608,-0.003,-0.0083,-0.0046,-0.0038,7.7
4.609,-0.015,-0.0023,-0.0068,-0.0015,7.6
4.61,-0.0143,-0.0008,-0.0105,-0.0015,7.6
4.611,-0.0023,0.0022,-0.0105,-0.0015,7.5
4.612,-0.0023,0.0022,-0.0091,0.0015,7.5
4.613,0.0015,0.0007,-0.0091,0.0015,7.4
4.614,0.0232,0.0015,-0.0105,0.0022,7.4
4.615,0.0315,0.0007,-0.0083,0.003,7.3
4.616,0.0292,0.0052,-0.006,0.0007,7.3
4.617,0.0255,0.006,-0.003,0.0007,7.2
4.618,0.0142,0.0067,-0.003,0.0007,7.2
4.619,0.0045,0.0045,-0.006,0.0007,7.1
4.62,-0.0038,0.0052,-0.0053,0.0007,7.0
4.621,-0.0128,0.0067,-0.0068,-0.0008,7.0
4.622,-0.0195,0.003,-0.0091,-0.0008,7.0
4.623,-0.039,0.0045,-0.0068,-0.0015,6.9
4.624,-0.0645,0.0007,-0.0038,-0.0015,6.9
4.625,-0.0893,-0.0023,-0.003,-0.0008,6.8
4.626,-0.0788,-0.003,-0.0053,-0.0015,6.8
4.627,-0.0248,-0.0038,-0.0075,-0.0023,6.7
4.628,-0.0128,-0.003,-0.0128,0.0,6.7
4.629,-0.012,-0.003,-0.0128,0.0015,6.7
4.63,-0.0008,0.0015,-0.0046,0.003,6.6
4.631,-0.0075,0.0045,-0.0008,0.0045,6.6
4.632,-0.0008,0.0045,0.0045,0.0037,6.5
4.633,0.0037,0.0015,0.0052,0.003,6.5
4.634,0.018,0.0045,0.0067,0.0045,6.4
4.635,0.0375,0.009,0.0097,0.003,6.4
4.636,0.0592,0.009,0.0157,0.0,6.3
4.637,0.0847,0.0037,0.0195,-0.0023,6.3
4.638,0.0712,-0.0038,0.0142,-0.0046,6.3
4.639,0.015,-0.0046,0.0052,-0.0046,6.2
4.64,-0.006,-0.003,0.0007,-0.0015,6.1
4.641,0.0075,-0.0015,0.0022,-0.0015,6.1
4.642,-0.0038,-0.0015,0.0007,-0.0008,6.1
4.643,0.0007,0.0,-0.0038,0.0007,6.0
4.644,0.0007,0.0067,-0.0091,0.0007,5.9
4.645,0.003,0.0202,-0.0105,0.0015,5.9
4.646,0.009,0.0307,-0.0046,0.0,5.8
4.647,0.0082,0.0157,-0.0008,-0.0046,5.8
4.648,0.0157,-0.0046,0.0052,-0.0046,5.7
4.649,0.0195,-0.012,0.0067,-0.003,5.7
4.65,0.0255,-0.027,0.0082,-0.0015,5.6
4.651,0.009,-0.0346,0.0105,-0.003,5.6
4.652,-0.0293,-0.0248,0.0015,-0.003,5.5
4.653,-0.0563,-0.006,-0.003,-0.0023,5.4
4.654,-0.0346,0.0007,-0.0015,-0.003,5.4
4.655,-0.012,-0.003,0.003,-0.0038,5.3
4.656,-0.012,-0.0023,0.0007,-0.0046,5.3
4.657,-0.0181,0.003,-0.003,-0.0046,5.3
4.658,-0.0143,0.0067,0.0007,-0.0038,5.2
4.659,0.0022,0.003,0.0052,-0.003,5.1
4.66,0.0015,0.0045,0.0045,-0.0023,5.0
4.661,0.0045,0.0045,-0.0046,-0.0015,5.0
4.662,-0.0008,0.003,-0.0173,0.0007,5.0
4.663,0.0022,0.0037,-0.0181,-0.0008,4.9
4.664,0.003,0.0045,-0.0075,-0.0008,4.9
4.665,0.0015,0.0037,0.0,-0.0008,4.8
4.666,0.0037,0.0015,0.0052,-0.0008,4.8
4.667,-0.003,0.0007,0.0037,-0.0008,4.7
4.668,-0.0038,-0.003,-0.003,0.0,4.7
4.669,-0.0075,-0.0046,-0.0098,0.0015,4.6
4.67,-0.0068,-0.0015,-0.0068,0.003,4.5
4.671,-0.0046,-0.0008,-0.0015,0.0045,4.5
4.672,0.0015,-0.0015,-0.0008,0.0052,4.5
4.673,0.0105,-0.003,0.0045,0.0052,4.4
4.674,0.012,-0.0015,0.0082,0.0045,4.4
4.675,0.0157,0.0135,0.009,0.0015,4.3
4.676,0.0217,0.0247,0.006,0.0007,4.3
4.677,0.0322,0.0127,0.003,0.0045,4.2
4.678,0.0345,0.0037,0.0015,0.0067,4.1
4.679,0.0105,0.0015,0.0022,0.0075,4.1
4.68,-0.0143,0.0007,0.0015,0.009,4.0
4.681,-0.021,0.0015,0.003,0.0067,4.0
4.682,-0.0135,0.0015,0.0007,0.0075,4.0
4.683,-0.0083,0.0007,0.0007,0.0082,3.9
4.684,-0.0053,0.0007,-0.0008,0.0075,3.8
4.685,-0.0008,0.0,-0.0046,0.0097,3.8
4.686,-0.0015,-0.0008,-0.0038,0.009,3.7
4.687,-0.0015,-0.0015,-0.0046,0.0075,3.7
4.688,-0.0015,-0.0038,-0.003,0.0052,3.6
4.689,-0.0015,-0.003,-0.0038,0.0045,3.6
4.69,-0.003,-0.003,-0.0053,0.0052,3.5
4.691,-0.0038,-0.0046,-0.0046,0.0045,3.5
4.692,-0.003,-0.0038,-0.0075,0.0052,3.4
4.693,-0.0046,-0.003,-0.0083,0.0052,3.4
4.694,-0.0046,-0.0015,-0.0105,0.0037,3.3
4.695,-0.0053,-0.003,-0.0046,0.003,3.3
4.696,0.0,-0.0008,0.0105,0.0007,3.2
4.697,0.006,0.0022,-0.0023,-0.0015,3.1
4.698,0.006,0.0052,-0.027,-0.0023,3.1
4.699,0.0075,0.012,-0.0368,0.0007,3.1
4.7,0.0127,0.0097,-0.0405,0.0015,3.0
4.701,0.0202,0.0,-0.0181,-0.0008,3.0
4.702,0.0165,-0.003,-0.0015,-0.0015,2.9
4.703,-0.0023,-0.0015,0.0112,-0.0023,2.8
4.704,-0.0143,-0.0046,0.0202,-0.003,2.8
4.705,-0.0143,-0.003,0.0127,-0.0046,2.7
4.706,-0.0158,-0.0046,0.0105,-0.0068,2.6
4.707,-0.0233,-0.0023,0.0007,-0.0075,2.6
4.708,-0.0338,0.0,0.0015,-0.0105,2.6
4.709,-0.0091,-0.003,0.0045,-0.012,2.5
4.71,0.0142,-0.003,0.0015,-0.012,2.4
4.711,0.009,-0.0038,0.0015,-0.0135,2.4
4.712,0.0082,-0.0046,0.003,-0.0128,2.3
4.713,-0.0008,-0.0023,0.0007,-0.0128,2.3
4.714,0.0007,-0.0015,-0.0046,-0.012,2.2
4.715,-0.0015,-0.0023,-0.012,-0.0135,2.2
4.716,-0.0098,-0.0008,-0.0143,-0.0135,2.1
4.717,-0.0091,0.0015,-0.0158,-0.0105,2.1
4.718,-0.0068,0.0007,-0.0195,-0.0083,2.0
4.719,-0.0053,0.0052,-0.021,-0.0046,1.9
4.72,-0.0053,0.0067,-0.0293,-0.003,1.8
4.721,-0.0015,0.006,-0.0308,-0.0015,1.8
4.722,-0.0038,0.0045,-0.0323,0.0015,1.8
4.723,-0.0053,0.0022,-0.0368,0.003,1.7
4.724,-0.003,0.0045,-0.0338,0.006,1.7
4.725,0.0135,0.0052,-0.0188,0.0045,1.6
4.726,0.045,0.003,-0.0091,0.003,1.6
4.727,0.069,0.0037,-0.0143,0.0052,1.5
4.728,0.0352,0.006,-0.015,0.006,1.4
4.729,-0.0083,0.0007,-0.0165,0.0052,1.4
4.73,0.0007,-0.0023,-0.012,0.0052,1.3
4.731,-0.003,-0.0015,-0.0038,0.0037,1.3
4.732,0.0082,-0.0083,-0.0008,0.0022,1.3
4.733,0.0135,-0.0046,0.0097,0.003,1.2
4.734,-0.0015,0.0007,0.0195,0.0045,1.1
4.735,-0.0083,-0.0046,0.0307,0.0045,1.1
4.736,-0.012,-0.0023,0.0382,0.003,1.0
4.737,0.0,-0.0015,0.0307,0.003,1.0
4.738,-0.003,-0.0015,0.027,0.003,0.9
4.739,-0.0098,0.0,0.0247,0.0037,0.9
4.74,-0.0225,0.0015,0.024,0.0045,0.8
4.741,-0.0368,0.0037,0.0255,0.0037,0.8
4.742,-0.0068,0.003,0.0232,0.003,0.7
4.743,0.0247,0.003,0.0195,0.003,0.7
4.744,0.003,0.0007,0.0157,0.003,0.6
4.745,-0.0038,0.0015,0.015,0.0022,0.5
4.746,0.0007,-0.0008,0.0142,0.0007,0.5
4.747,-0.0068,-0.0023,0.0127,0.0015,0.4
4.748,-0.0015,-0.0015,0.0112,0.0022,0.4
4.749,-0.006,-0.0008,0.0097,0.0015,0.4
4.75,-0.0015,0.0,0.012,0.0007,0.3
4.751,0.0,0.0007,0.0105,0.0007,0.3
4.752,-0.0008,0.0015,0.009,-0.0008,0.2
4.753,-0.0008,0.0015,0.0082,0.0015,0.2
4.754,-0.0008,0.0015,0.0037,0.0015,0.1
4.755,0.003,-0.0008,0.003,-0.0015,0.0
4.756,0.0007,-0.0008,0.0037,-0.003,0.0
4.757,0.0007,-0.0008,0.0052,-0.0023,0.0
4.758,-0.0015,-0.0008,0.0037,-0.0008,-0.1
4.759,-0.0008,0.0007,0.0045,0.0007,-0.1
4.76,-0.0008,0.0007,0.0052,-0.0015,-0.2
4.761,0.0,0.0,0.0037,-0.0015,-0.2
4.762,-0.0015,-0.0008,0.0037,0.0007,-0.3
4.763,-0.0008,0.0007,0.0037,0.0022,-0.3
4.764,0.0015,0.0007,0.0067,0.0015,-0.4
4.765,0.0015,0.0,0.0097,0.0007,-0.4
4.766,0.0045,0.0007,0.0112,-0.0008,-0.5
4.767,0.0037,0.0007,0.012,0.0,-0.5
4.768,0.0037,0.0007,0.0105,-0.0008,-0.5
4.769,0.0022,-0.0008,0.0097,-0.0015,-0.6
4.77,0.003,0.0007,0.0082,0.0007,-0.7
4.771,0.0022,0.0,0.0067,-0.0008,-0.7
4.772,0.003,-0.0008,0.0082,0.0007,-0.8
4.773,0.003,0.0,0.0075,0.003,-0.8
4.774,0.0007,-0.0008,0.0075,0.0015,-0.9
4.775,0.0007,-0.0008,0.0067,0.0015,-0.9
4.776,0.0,-0.0008,0.0082,0.0015,-0.9
4.777,0.0007,-0.0015,0.009,0.0015,-1.0
4.778,-0.0008,-0.0015,0.0082,0.0022,-1.0
4.779,0.0007,0.0015,0.0082,0.003,-1.1
4.78,0.0007,0.0037,0.0112,0.0022,-1.2
4.781,0.0,0.0037,0.0097,0.0015,-1.2
4.782,0.0007,0.0045,0.0105,0.0007,-1.2
4.783,-0.0008,0.0045,0.0127,0.0015,-1.3
4.784,0.0,0.0045,0.009,0.0007,-1.3
4.785,0.0,0.003,0.009,-0.0008,-1.4
4.786,0.0,0.0015,0.0097,-0.0008,-1.4
4.787,0.0007,0.0015,0.0067,-0.0015,-1.4
4.788,0.0007,0.0022,0.0067,-0.0008,-1.5
4.789,0.0007,0.0015,0.0045,-0.0008,-1.5
4.79,-0.0008,0.0022,0.0037,-0.0023,-1.6
4.791,0.0,0.0022,0.0015,0.0,-1.7
4.792,-0.0008,0.0022,0.0007,-0.0008,-1.7
4.793,-0.0015,0.0037,0.0022,-0.0015,-1.8
4.794,-0.0015,0.0022,0.003,-0.0015,-1.8
4.795,-0.0015,0.0015,0.0052,-0.003,-1.8
4.796,-0.0023,0.0007,0.0052,-0.0023,-1.9
4.797,-0.0008,-0.0008,0.0052,-0.0015,-1.9
4.798,-0.0008,0.0007,0.003,-0.0015,-2.0
4.799,-0.0008,0.0007,0.0037,-0.0008,-2.0
4.8,0.0007,0.0015,0.0037,-0.0008,-2.1
4.801,0.0015,0.0015,0.0007,-0.0008,-2.1
4.802,0.0022,0.0015,-0.0008,-0.0008,-2.2
4.803,0.0007,0.0007,-0.0015,-0.0008,-2.2
4.804,0.0,0.0,-0.003,0.0,-2.3
4.805,0.0,0.0007,-0.0038,-0.0008,-2.3
4.806,0.0015,-0.0008,-0.0046,-0.003,-2.3
4.807,0.0,-0.003,-0.0046,-0.003,-2.4
4.808,-0.003,-0.003,-0.0053,-0.0008,-2.4
4.809,-0.0038,-0.0015,-0.006,0.0,-2.5
4.81,-0.0053,0.0007,-0.006,0.0,-2.5
4.811,-0.0046,0.0,-0.006,-0.0015,-2.5
4.812,-0.0023,-0.0008,-0.0068,-0.0015,-2.6
4.813,0.0,0.0007,-0.0053,-0.0008,-2.6
4.814,0.0015,0.0007,-0.0046,-0.0008,-2.7
4.815,0.0015,0.0007,-0.0053,-0.0008,-2.7
4.816,0.0015,0.0,-0.0038,-0.0015,-2.7
4.817,0.0015,0.0,-0.0023,-0.0015,-2.8
4.818,-0.0008,0.0007,-0.0008,-0.0015,-2.8
4.819,0.0,0.0015,-0.0015,-0.0008,-2.9
4.82,0.0,0.0022,-0.003,-0.0008,-3.0
4.821,-0.0008,0.0015,-0.0046,-0.0015,-3.0
4.822,-0.0008,0.0007,-0.0053,-0.0008,-3.0
4.823,-0.0008,0.003,-0.0046,-0.0008,-3.0
4.824,-0.0008,0.0037,-0.0015,0.0015,-3.1
4.825,-0.0008,0.0022,-0.0015,0.0007,-3.1
4.826,-0.0008,0.0022,-0.003,-0.0008,-3.2
4.827,-0.0008,0.0015,-0.003,0.0015,-3.2
4.828,0.0,-0.0015,-0.0015,0.0015,-3.2
4.829,0.0,-0.0008,-0.0008,0.0007,-3.2
4.83,0.0015,0.0015,0.0007,0.0,-3.3
4.831,0.0022,0.0015,0.0015,0.003,-3.3
4.832,0.0015,-0.0008,0.0015,0.0052,-3.3
4.833,0.0022,-0.0008,0.0015,0.0015,-3.4
4.834,0.0045,0.0015,0.0015,-0.0015,-3.4
4.835,0.0045,0.0015,0.0015,-0.0015,-3.4
4.836,0.0037,0.0007,-0.0008,-0.0008,-3.5
4.837,0.003,-0.0008,-0.0023,0.0015,-3.5
4.838,0.003,-0.0008,-0.0038,0.0052,-3.6
4.839,0.0007,-0.0008,-0.0023,0.0045,-3.6
4.84,0.0007,-0.0015,-0.0023,0.0015,-3.6
4.841,0.0007,-0.0015,-0.0023,0.0,-3.6
4.842,-0.0008,-0.0023,-0.0008,-0.0015,-3.6
4.843,-0.0008,-0.003,-0.0023,-0.0008,-3.7
4.844,-0.0008,-0.003,-0.003,-0.0015,-3.7
4.845,-0.0008,-0.003,-0.0053,-0.0015,-3.7
4.846,-0.0008,-0.0015,-0.0053,-0.0015,-3.8
4.847,0.0,-0.0008,-0.003,-0.0008,-3.8
4.848,0.0007,-0.0015,-0.0015,0.0007,-3.8
4.849,0.003,-0.0008,-0.0008,0.0007,-3.9
4.85,0.0015,0.0,-0.003,0.0007,-3.9
4.851,0.0015,0.0,-0.0046,0.0007,-3.9
4.852,0.003,0.0007,-0.0023,0.0007,-4.0
4.853,0.0037,-0.0008,-0.003,-0.0008,-4.0
4.854,0.0015,-0.0015,-0.0053,-0.003,-4.0
4.855,0.0007,-0.0008,-0.0046,-0.0015,-4.1
4.856,0.0007,-0.0008,-0.0075,0.0007,-4.1
4.857,0.0,-0.0008,-0.0083,0.0015,-4.1
4.858,-0.0008,-0.0008,-0.0098,0.0,-4.1
4.859,-0.0023,-0.0008,-0.0091,-0.0008,-4.1
4.86,-0.0023,-0.0008,-0.0046,-0.0008,-4.2
4.861,-0.0015,-0.003,-0.0015,-0.0023,-4.2
4.862,-0.0015,0.0,0.0007,-0.0015,-4.2
4.863,-0.0015,0.0007,0.0007,-0.0015,-4.3
4.864,-0.0015,0.0007,0.0022,-0.0008,-4.3
4.865,-0.0008,0.0022,0.0045,0.0,-4.3
4.866,-0.0015,0.0015,0.0037,0.0007,-4.3
4.867,-0.0015,0.0045,0.0045,0.0007,-4.3
4.868,-0.0015,0.0052,0.0045,0.0,-4.4
4.869,-0.0008,0.0037,0.003,0.0007,-4.4
4.87,0.0,0.003,0.0045,-0.003,-4.4
4.871,0.003,0.0022,0.0007,-0.0015,-4.5
4.872,0.0045,0.0007,0.0007,0.0022,-4.5
4.873,0.0045,0.0007,0.003,0.0015,-4.5
4.874,0.003,0.0007,0.0015,0.0015,-4.5
4.875,0.0007,0.0007,0.0015,0.0007,-4.5
4.876,0.0007,0.0015,0.003,-0.0008,-4.5
4.877,-0.0008,0.0007,0.0045,-0.0015,-4.5
4.878,-0.0008,0.0015,0.003,-0.0015,-4.6
4.879,0.0,0.0015,0.0037,-0.0023,-4.6
4.88,-0.0015,0.0015,0.0052,-0.0038,-4.7
4.881,-0.0015,0.0015,0.0067,0.0,-4.7
4.882,0.0007,0.0015,0.0052,0.0015,-4.7
4.883,0.0,0.0015,0.0045,0.0015,-4.7
4.884,-0.0008,0.0015,0.0052,0.003,-4.7
4.885,0.0,0.0022,0.0045,0.0015,-4.6
4.886,-0.0008,0.0022,0.0045,0.003,-4.6
4.887,-0.0015,0.0045,0.0022,0.0045,-4.6
4.888,-0.0008,0.0045,0.0015,0.0067,-4.6
4.889,-0.0015,0.003,0.0022,0.0067,-4.6
4.89,0.0007,0.0015,0.0007,0.0015,-4.6
4.891,0.0007,0.0,-0.0023,-0.0015,-4.6
4.892,-0.0008,0.0007,-0.0053,-0.0023,-4.6
4.893,-0.0008,0.0007,-0.0015,-0.003,-4.6
4.894,-0.0008,0.0,-0.0008,-0.0023,-4.6
4.895,0.0,0.0015,-0.003,-0.0015,-4.6
4.896,0.0007,0.0022,-0.0008,-0.0015,-4.6
4.897,0.0007,0.0022,-0.0008,-0.0015,-4.6
4.898,0.0007,0.003,-0.0008,-0.0008,-4.6
4.899,0.0007,0.0007,0.0015,0.0007,-4.6
4.9,0.0007,0.0015,0.0007,0.0022,-4.6
4.901,0.0007,0.0015,-0.0008,0.003,-4.5
4.902,0.0007,0.0007,-0.0023,0.0007,-4.5
4.903,0.003,0.003,-0.0023,0.0007,-4.5
4.904,0.0037,0.0015,-0.0038,-0.0008,-4.5
4.905,0.003,0.0015,-0.0053,-0.0008,-4.5
4.906,0.0015,0.003,-0.0053,-0.0008,-4.4
4.907,0.0015,0.0007,-0.0068,-0.0008,-4.4
4.908,0.0015,-0.0008,-0.0083,0.0,-4.4
4.909,0.0015,0.0,-0.0075,-0.0008,-4.4
4.91,0.0007,-0.0015,-0.0068,-0.0053,-4.3
4.911,-0.0008,-0.003,-0.0068,-0.006,-4.3
4.912,-0.0008,-0.0015,-0.0046,-0.0015,-4.3
4.913,-0.0008,-0.0015,-0.003,0.0015,-4.2
4.914,0.0,-0.0015,-0.0023,0.0015,-4.2
4.915,0.0015,-0.0015,-0.0015,0.0007,-4.2
4.916,0.0022,-0.0008,-0.0008,-0.003,-4.1
4.917,0.0015,0.0007,-0.0015,-0.0053,-4.1
4.918,0.0007,0.0,-0.0038,-0.0053,-4.1
4.919,-0.0008,-0.0015,-0.0038,-0.0046,-4.1
4.92,0.0,-0.0015,-0.006,-0.0053,-4.1
4.921,0.0007,-0.0008,-0.0068,-0.0113,-4.0
4.922,-0.0008,0.0007,-0.0075,-0.015,-4.0
4.923,-0.0008,0.0,-0.0053,-0.0158,-4.0
4.924,-0.0008,-0.0008,-0.0053,-0.0173,-3.9
4.925,-0.0008,0.0007,-0.0046,-0.0181,-3.9
4.926,0.0,0.0007,-0.0038,-0.0165,-3.8
4.927,0.0,0.0015,-0.0046,-0.0158,-3.8
4.928,-0.0008,0.0015,-0.003,-0.0128,-3.8
4.929,0.0015,0.0,-0.003,-0.0128,-3.7
4.93,-0.0008,-0.0008,0.0007,-0.0128,-3.7
4.931,-0.0015,0.0007,-0.0015,-0.012,-3.6
4.932,0.0,0.0015,-0.0188,-0.0098,-3.6
4.933,-0.0015,0.0015,-0.0128,-0.0105,-3.6
4.934,-0.0008,0.0015,0.0045,-0.012,-3.6
4.935,0.0,0.0,0.0022,-0.0098,-3.5
4.936,0.0007,-0.0008,0.009,-0.0105,-3.5
4.937,-0.0008,-0.0008,0.0105,-0.0113,-3.4
4.938,-0.0008,0.0007,0.012,-0.0091,-3.4
4.939,-0.0015,0.0,0.0127,-0.0083,-3.4
4.94,-0.003,0.0,0.0097,-0.006,-3.3
4.941,-0.0015,0.0,0.012,-0.0046,-3.3
4.942,-0.0008,-0.0008,0.0082,-0.0053,-3.2
4.943,0.0007,-0.0008,0.0105,-0.0053,-3.2
4.944,0.0,0.0015,0.0105,-0.003,-3.1
4.945,0.0,0.0022,0.0112,0.0,-3.0
4.946,-0.0008,0.0015,0.009,-0.003,-3.0
4.947,-0.0008,0.0007,0.0105,-0.0053,-2.9
4.948,0.0007,0.0007,0.0105,-0.0046,-2.9
4.949,0.0,-0.0023,0.009,0.0007,-2.8
4.95,0.0015,-0.0023,0.0112,0.0007,-2.7
4.951,0.0015,-0.0015,0.0075,-0.0015,-2.7
4.952,0.0015,-0.003,0.0075,-0.0008,-2.6
4.953,0.0007,-0.0038,0.003,0.003,-2.6
4.954,0.0007,-0.0023,0.0037,0.0067,-2.5
4.955,0.0,-0.0015,0.003,0.0067,-2.4
4.956,-0.0008,-0.0015,0.0007,0.0045,-2.4
4.957,-0.0008,-0.0008,0.0007,0.0052,-2.3
4.958,-0.0008,0.0,-0.0015,0.006,-2.3
4.959,0.0,0.0015,0.0007,0.0052,-2.2
4.96,-0.0008,-0.0008,-0.0008,0.006,-2.2
4.961,0.0022,-0.0008,0.0007,0.0052,-2.1
4.962,0.003,0.0015,0.0015,0.006,-2.0
4.963,0.0022,0.0007,0.0022,0.0082,-1.9
4.964,0.0015,0.0,0.0037,0.009,-1.8
4.965,0.0015,-0.0008,0.0045,0.009,-1.8
4.966,0.0015,0.0,0.0045,0.009,-1.7
4.967,0.0,0.0015,0.003,0.009,-1.6
4.968,0.0007,0.0015,0.003,0.0082,-1.5
4.969,0.0007,0.0,0.0007,0.009,-1.4
4.97,0.0,0.0007,-0.0008,0.009,-1.3
4.971,-0.0015,0.0015,-0.0046,0.009,-1.3
4.972,-0.0008,0.0,-0.006,0.0082,-1.2
4.973,-0.0015,0.0007,-0.0053,0.0082,-1.1
4.974,-0.0023,0.0007,-0.006,0.0075,-1.0
4.975,-0.0015,0.0007,-0.0046,0.0082,-0.9
4.976,-0.0038,0.0022,-0.0046,0.0082,-0.8
4.977,-0.003,0.0007,-0.0068,0.0082,-0.8
4.978,-0.003,0.0015,-0.0091,0.0082,-0.7
4.979,-0.003,0.0007,-0.0091,0.009,-0.6
4.98,-0.0015,0.0015,-0.0083,0.0097,-0.5
4.981,-0.0015,0.003,-0.0083,0.009,-0.4
4.982,-0.0008,0.0022,-0.0075,0.0082,-0.3
4.983,-0.0008,0.003,-0.0046,0.0067,-0.2
4.984,-0.0008,0.0007,-0.0068,0.0075,-0.1
4.985,0.0,0.0007,-0.0091,0.0082,0.0
4.986,-0.0015,0.0015,-0.012,0.0082,0.1
4.987,-0.0015,-0.0008,-0.0135,0.0082,0.2
4.988,0.0007,0.0007,-0.0143,0.0082,0.3
4.989,0.0007,0.0,-0.0135,0.0067,0.4
4.99,-0.0015,0.0,-0.0135,0.0067,0.4
4.991,-0.003,0.0015,-0.015,0.0067,0.5
4.992,-0.0015,-0.0008,-0.0165,0.006,0.6
4.993,0.0,0.0007,-0.0158,0.0052,0.7
4.994,-0.0008,0.0007,-0.0143,0.0052,0.8
4.995,0.0,0.0015,-0.0143,0.0052,0.9
4.996,0.0015,0.0015,-0.0135,0.0045,1.0
4.997,0.0007,0.0007,-0.012,0.0045,1.1
4.998,0.0007,0.0015,-0.0091,0.003,1.2
4.999,0.0007,0.0,-0.0098,0.003,1.3
5.0,-0.0008,0.0,-0.0091,0.0022,1.4
5.001,0.0007,-0.0015,-0.0091,0.0015,1.5
5.002,0.0,-0.0023,-0.0105,0.003,1.6
5.003,0.0,-0.0015,-0.0091,0.003,1.7
5.004,0.0007,-0.0008,-0.0091,0.003,1.8
5.005,0.0015,0.0,-0.0068,0.003,1.9
5.006,0.0007,-0.0008,-0.0068,0.0052,2.0
5.007,0.0007,0.0,-0.0046,0.0052,2.1
5.008,0.0015,0.0007,-0.0038,0.0052,2.2
5.009,0.0015,0.0007,-0.003,0.0045,2.2
5.01,0.0007,0.0022,-0.0038,0.0037,2.4
5.011,0.0,0.0015,-0.0046,0.003,2.5
5.012,0.0007,0.0015,-0.0008,0.0022,2.6
5.013,0.0007,0.0007,0.0,0.0045,2.6
5.014,0.0015,-0.0008,0.0037,0.0037,2.7
5.015,0.0015,0.0,0.0052,0.0015,2.8
5.016,0.0022,-0.0008,0.006,0.0015,2.9
5.017,0.0022,-0.0015,0.006,0.0015,3.1
5.018,0.003,-0.0008,0.0052,0.0022,3.1
5.019,0.003,0.0007,0.0067,0.0022,3.2
5.02,0.0015,0.0007,0.0037,0.0015,3.3
5.021,0.0007,0.0022,0.0045,0.0015,3.4
5.022,0.0,0.003,0.0135,0.0,3.5
5.023,0.0007,0.0015,0.0217,-0.0008,3.6
5.024,-0.0008,0.0007,0.0165,0.0,3.7
5.025,-0.0008,0.0007,0.009,0.0,3.8
5.026,0.0015,0.0022,0.0,-0.0008,3.9
5.027,0.0,0.0022,-0.0113,0.0,4.0
5.028,-0.0008,0.0015,-0.012,0.0,4.0
5.029,-0.0008,0.0007,-0.0128,0.0007,4.1
5.03,0.0,0.0007,-0.0113,0.0022,4.2
5.031,0.0,0.0007,-0.0068,0.0007,4.3
5.032,0.0007,0.0,-0.0075,-0.0008,4.4
5.033,0.0015,0.0015,-0.006,-0.0008,4.5
5.034,0.0015,0.0007,-0.0023,-0.0008,4.6
5.035,0.0007,0.0007,-0.0008,0.0,4.7
5.036,0.0015,0.0015,-0.0023,-0.0015,4.8
5.037,0.0007,0.0022,-0.0023,-0.003,4.9
5.038,-0.0008,0.0015,0.0045,-0.0015,4.9
5.039,-0.0008,-0.0008,0.006,-0.0008,5.0
5.04,0.0007,0.0007,0.0052,-0.0008,5.1
5.041,0.0015,0.003,0.0045,-0.0008,5.2
5.042,-0.0008,0.003,0.003,-0.0015,5.3
5.043,-0.0015,0.0015,0.0045,-0.0015,5.4
5.044,-0.0008,0.0015,0.0015,-0.0008,5.5
5.045,-0.0008,0.0007,0.0015,-0.0008,5.6
5.046,-0.003,0.0007,0.0015,0.0,5.7
5.047,-0.003,0.0007,0.0015,-0.0008,5.8
5.048,-0.0008,0.0007,0.0015,-0.0008,5.8
5.049,-0.0008,0.0007,0.0037,0.0,5.9
5.05,0.0,0.0007,0.0075,-0.003,6.0
5.051,-0.0008,0.0,0.0082,-0.0046,6.1
5.052,-0.0023,-0.0008,0.012,-0.0046,6.2
5.053,-0.0008,-0.0015,0.0127,-0.0046,6.3
5.054,0.0,-0.0008,0.0135,-0.003,6.3
5.055,0.0022,-0.0008,0.0165,-0.003,6.4
5.056,0.0037,0.0007,0.018,-0.003,6.5
5.057,0.003,0.0037,0.0195,-0.0023,6.6
5.058,0.0022,0.0037,0.0202,-0.0008,6.7
5.059,0.003,0.0045,0.0217,0.0,6.8
5.06,0.0015,0.0052,0.0157,0.0,6.9
5.061,0.0015,0.0037,0.012,0.0,7.0
5.062,0.0007,0.0015,0.0097,-0.0015,7.1
5.063,-0.0008,0.003,0.009,-0.0038,7.2
5.064,0.0007,0.003,0.0075,-0.0053,7.3
5.065,0.0022,0.0015,0.0045,-0.0015,7.4
5.066,0.0067,0.0015,0.003,-0.0015,7.5
5.067,0.0067,0.0015,0.0015,-0.003,7.6
5.068,0.0052,0.0007,0.003,-0.0023,7.7
5.069,0.003,0.0015,-0.0015,-0.003,7.8
5.07,0.0015,0.0,-0.0053,-0.0023,8.0
5.071,-0.0008,-0.0015,-0.0075,-0.003,8.1
5.072,-0.0038,-0.0008,-0.0083,-0.0015,8.1
5.073,-0.003,-0.003,-0.0068,-0.0008,8.3
5.074,-0.0053,-0.003,-0.0083,-0.0008,8.4
5.075,-0.0068,-0.0008,-0.0091,-0.0008,8.5
5.076,-0.0053,0.0,-0.012,-0.0015,8.6
5.077,-0.0046,-0.0008,-0.0135,-0.0008,8.7
5.078,-0.0015,0.0,-0.012,-0.0023,8.8
5.079,0.0007,0.0015,-0.0105,-0.0038,8.9
5.08,0.0015,0.0,-0.0091,-0.003,9.0
5.081,0.0022,-0.0015,-0.006,-0.0008,9.1
5.082,0.0015,-0.0008,-0.0068,-0.0023,9.2
5.083,0.0015,-0.0015,-0.0053,-0.003,9.4
5.084,0.0007,-0.0015,-0.0053,-0.0023,9.5
5.085,-0.0008,-0.0015,-0.0053,-0.0053,9.6
5.086,0.0,-0.003,-0.0038,-0.006,9.8
5.087,-0.0015,-0.0038,-0.003,-0.0053,9.9
5.088,-0.0023,-0.0046,-0.0023,-0.0046,10.0
5.089,-0.0015,-0.003,-0.0053,-0.003,10.1
5.09,-0.0015,-0.0023,-0.003,-0.0023,10.3
5.091,-0.0015,-0.0015,-0.003,-0.0015,10.3
5.092,-0.0008,-0.0008,-0.0008,0.0,10.5
5.093,0.0,0.0,0.0,0.0,10.6
5.094,0.0,0.0015,0.0015,0.0015,10.7
5.095,0.0015,0.003,0.0067,0.0045,10.8
5.096,0.0015,0.003,0.0082,0.0037,11.0
5.097,0.0022,0.0045,0.012,0.0015,11.1
5.098,0.0022,0.0045,0.0127,0.0022,11.2
5.099,0.0007,0.003,0.009,0.003,11.3
5.1,0.0015,0.0045,0.003,0.0015,11.5
5.101,0.0007,0.0037,-0.0008,0.0022,11.7
5.102,0.0007,0.0045,-0.0008,0.003,11.8
5.103,0.0007,0.0022,-0.0046,0.003,12.0
5.104,-0.0008,0.0015,-0.0053,0.0022,12.2
5.105,-0.0008,-0.0008,-0.0068,0.0015,12.4
5.106,-0.0015,-0.0015,-0.0091,0.0007,12.6
5.107,-0.0015,0.0015,-0.0075,-0.0008,12.8
5.108,-0.0008,0.0007,-0.0068,-0.0015,13.0
5.109,-0.0015,0.0015,-0.0068,-0.0015,13.1
5.11,0.0007,0.0007,-0.006,-0.0015,13.4
5.111,0.0007,-0.0008,-0.0046,-0.0015,13.5
5.112,0.0007,0.0007,-0.0046,-0.0015,13.7
5.113,0.0015,0.0015,-0.0023,-0.0008,13.9
5.114,0.0007,0.003,-0.0015,-0.0015,14.1
5.115,0.0015,0.0007,-0.0008,-0.0015,14.3
5.116,0.0022,0.0015,0.0007,-0.0023,14.4
5.117,0.0015,0.0015,-0.0023,-0.003,14.7
5.118,-0.0008,-0.003,-0.0046,-0.0038,14.8
5.119,-0.0008,-0.0023,-0.0046,-0.0046,15.0
5.12,0.0,-0.0008,-0.0068,-0.003,15.2
5.121,0.0007,-0.0008,-0.006,-0.0053,15.4
5.122,0.0022,0.0007,-0.0068,-0.0046,15.7
5.123,0.0015,-0.0008,-0.0075,-0.0015,15.9
5.124,-0.0008,-0.0008,-0.0068,-0.003,16.2
5.125,-0.0008,0.0,-0.0068,-0.003,16.4
5.126,-0.0008,0.0007,-0.0068,-0.0023,16.6
5.127,0.0,0.0022,-0.0053,-0.003,16.9
5.128,-0.0008,0.0,-0.0038,-0.0038,17.1
5.129,0.0,0.0015,-0.0038,-0.0046,17.4
5.13,0.0007,0.0007,-0.0023,-0.003,17.6
5.131,0.0,0.0007,0.0,-0.0023,17.9
5.132,0.0,0.0022,0.0037,-0.006,18.1
5.133,0.0007,-0.0015,0.0067,-0.024,18.4
5.134,-0.0008,-0.0008,0.0052,-0.039,18.6
5.135,-0.0015,0.0015,0.0052,-0.0181,18.9
5.136,-0.0008,0.0015,0.0045,0.0067,19.1
5.137,-0.0008,0.0,0.0022,0.0052,19.3
5.138,-0.0008,0.0,0.0015,0.0007,19.6
5.139,-0.0008,0.0007,0.0015,0.0007,19.8
5.14,-0.0008,0.0007,0.0007,0.012,20.1
5.141,-0.0015,0.0,0.0007,0.012,20.3
5.142,-0.0023,0.0015,0.0022,0.0052,20.6
5.143,-0.0008,0.0007,0.003,0.009,20.9
5.144,0.0,-0.0008,0.0045,0.009,21.1
5.145,-0.0008,-0.0008,0.0082,0.012,21.5
5.146,-0.0008,0.0,0.0105,0.009,21.7
5.147,-0.0008,0.0007,0.0105,0.0105,22.0
5.148,0.0007,0.0007,0.0112,0.012,22.3
5.149,0.0007,0.0022,0.0142,0.0105,22.5
5.15,0.0007,0.0007,0.0135,0.009,22.8
5.151,-0.0015,0.0007,0.0142,0.0067,23.1
5.152,0.0007,-0.0008,0.012,0.006,23.4
5.153,0.0015,-0.0008,0.009,0.0067,23.6
5.154,0.0007,0.0015,0.0097,0.0075,23.9
5.155,0.0015,0.0,0.009,0.0067,24.2
5.156,0.0015,0.0007,0.009,0.006,24.5
5.157,0.003,0.0007,0.0075,0.0045,24.7
5.158,0.003,0.0015,0.0052,0.0045,25.0
5.159,0.003,0.0015,0.0052,0.006,25.3
5.16,0.0045,0.003,0.0052,0.0052,25.6
5.161,0.003,0.003,0.0067,0.0052,25.8
5.162,0.003,0.0007,0.0097,0.0045,26.1
5.163,0.0007,-0.0008,0.0105,0.0015,26.4
5.164,0.0007,-0.0015,0.009,-0.0015,26.7
5.165,0.0007,-0.003,0.0067,-0.0038,27.0
5.166,0.0,-0.0046,0.0097,-0.0046,27.2
5.167,-0.0008,-0.003,0.012,-0.0053,27.5
5.168,0.0007,-0.0015,0.012,-0.006,27.8
5.169,0.0015,-0.0015,0.009,-0.0068,28.0
5.17,-0.0008,-0.0015,0.0052,-0.0038,28.3
5.171,0.0007,0.0015,0.0037,-0.0038,28.6
5.172,0.0007,-0.0008,0.0007,-0.0053,28.9
5.173,0.0,-0.0015,0.0007,-0.0075,29.2
5.174,-0.0008,0.0007,0.0007,-0.0075,29.4
5.175,-0.0008,0.0007,-0.003,-0.0068,29.7
5.176,0.0007,0.003,-0.0053,-0.0083,30.0
5.177,-0.0008,0.0015,-0.003,-0.0075,30.3
5.178,0.0007,0.0007,0.0015,-0.0083,30.6
5.179,0.0015,0.0022,0.0067,-0.0083,30.8
5.18,0.0015,0.003,0.0097,-0.0075,31.1
5.181,0.0022,0.0007,0.012,-0.006,31.4
5.182,0.0015,0.0,0.018,-0.006,31.6
5.183,0.003,0.0015,0.0217,-0.0068,31.9
5.184,0.0045,0.0007,0.0157,-0.0053,32.1
5.185,0.0022,0.0007,0.0127,-0.0068,32.4
5.186,0.0022,0.0007,0.0082,-0.006,32.6
5.187,0.0022,-0.0008,0.003,-0.0053,32.9
5.188,0.0007,0.0015,0.0037,-0.003,33.1
5.189,0.0007,0.003,-0.0038,-0.0015,33.4
5.19,-0.0008,0.003,-0.0083,-0.0038,33.7
5.191,-0.0023,0.0045,-0.0105,-0.0038,33.9
5.192,-0.0008,0.0022,-0.0105,-0.003,34.1
5.193,-0.003,0.003,-0.012,-0.0015,34.4
5.194,-0.0023,0.0052,-0.0091,0.0,34.6
5.195,-0.0015,0.0037,0.0,0.0022,34.9
5.196,-0.0008,0.0037,0.0082,0.0007,35.1
5.197,0.0022,0.0022,0.015,-0.0046,35.4
5.198,0.003,0.0007,0.015,-0.003,35.7
5.199,0.0022,0.0015,0.0225,-0.0038,35.9
5.2,0.0045,0.0015,0.027,-0.0015,36.2
5.201,0.0052,0.0007,0.0195,0.0007,36.4
5.202,0.003,-0.0015,0.0105,-0.0008,36.6
5.203,0.003,-0.0015,0.003,0.0022,36.9
5.204,0.003,-0.0008,-0.0015,0.0007,37.1
5.205,0.0007,-0.0015,-0.0105,0.0,37.3
5.206,-0.0023,-0.0008,-0.015,-0.0023,37.5
5.207,-0.0038,0.0007,-0.0203,-0.0046,37.8
5.208,-0.003,0.0015,-0.0233,-0.003,38.0
5.209,-0.003,-0.0008,-0.0203,-0.0053,38.2
5.21,-0.003,0.0015,-0.024,-0.0068,38.4
5.211,-0.003,0.0015,-0.0233,-0.0083,38.6
5.212,-0.0053,0.0007,-0.0233,-0.0075,38.8
5.213,-0.0046,0.0007,-0.0165,-0.0068,39.1
5.214,-0.0023,-0.0008,-0.0083,-0.0083,39.3
5.215,-0.0015,-0.0008,-0.0015,-0.0068,39.5
5.216,0.0,0.0,0.009,-0.0046,39.7
5.217,0.003,0.0015,0.0105,0.0,40.0
5.218,0.0037,0.0015,0.0142,0.0022,40.2
5.219,0.0037,-0.0008,0.0097,0.006,40.4
5.22,0.003,0.0,0.0067,0.009,40.6
5.221,0.003,0.0015,0.0015,0.012,40.9
5.222,0.0022,0.0022,-0.0068,0.015,41.0
5.223,0.0015,0.0022,-0.0053,0.0172,41.3
5.224,0.0007,0.0015,-0.0128,0.018,41.5
5.225,-0.0015,0.0,-0.0158,0.0187,41.7
5.226,-0.0015,-0.0015,-0.0181,0.021,41.9
5.227,-0.0023,0.0,-0.0158,0.0225,42.1
5.228,-0.0023,-0.0008,-0.0091,0.0232,42.3
5.229,-0.0023,-0.0015,-0.003,0.0217,42.5
5.23,0.0007,-0.003,0.0015,0.021,42.7
5.231,0.0015,-0.0038,0.0082,0.0225,42.9
5.232,0.0045,0.0007,0.0202,0.0232,43.1
5.233,0.0067,0.006,0.0225,0.0232,43.3
5.234,0.0052,0.003,0.0165,0.0202,43.6
5.235,0.0037,0.0007,0.0105,0.0165,43.8
5.236,0.0015,0.0007,0.003,0.0142,44.0
5.237,-0.0008,-0.0015,-0.0053,0.009,44.2
5.238,-0.0023,-0.0015,-0.0113,0.0045,44.4
5.239,-0.003,-0.0053,-0.0158,0.0007,44.6
5.24,-0.0046,-0.0008,-0.0195,-0.003,44.8
5.241,-0.0068,0.0015,-0.0218,-0.003,45.0
5.242,-0.0053,-0.003,-0.0203,-0.0053,45.2
5.243,-0.003,-0.0023,-0.0173,-0.0068,45.4
5.244,-0.003,-0.0068,-0.0158,-0.0091,45.7
5.245,-0.0023,-0.006,-0.0113,-0.0113,45.9
5.246,-0.003,-0.0053,-0.0046,-0.0105,46.1
5.247,-0.0023,-0.006,0.003,-0.012,46.3
5.248,0.0,-0.006,0.0067,-0.0135,46.5
5.249,0.0015,-0.006,0.0157,-0.012,46.7
5.25,0.003,-0.0008,0.0195,-0.0091,46.9
5.251,0.0037,0.006,0.0195,-0.0053,47.1
5.252,0.0045,0.0187,0.0195,-0.0008,47.3
5.253,0.0052,0.033,0.0127,0.0007,47.5
5.254,0.003,0.0337,0.0067,-0.0008,47.7
5.255,0.0,0.024,-0.0008,-0.0038,48.0
5.256,-0.0008,0.0172,-0.006,-0.006,48.1
5.257,-0.0008,0.0075,-0.012,-0.0075,48.4
5.258,-0.003,-0.0083,-0.0158,-0.0098,48.6
5.259,-0.0023,-0.0158,-0.0181,-0.0113,48.8
5.26,-0.003,-0.0181,-0.0181,-0.012,49.0
5.261,-0.0046,-0.0195,-0.015,-0.0128,49.2
5.262,-0.0023,-0.0181,-0.0105,-0.012,49.4
5.263,-0.0015,-0.0173,-0.0008,-0.0098,49.5
5.264,0.0,-0.0135,0.0075,-0.0091,49.7
5.265,0.0007,-0.0105,0.015,-0.0091,49.9
5.266,0.0015,-0.006,0.021,-0.0091,50.0
5.267,0.003,0.003,0.0202,-0.0068,50.2
5.268,0.0037,0.0067,0.018,-0.006,50.4
5.269,0.0015,0.0045,0.012,-0.0075,50.5
5.27,0.0015,0.0022,0.0067,-0.006,50.7
5.271,0.0015,-0.0008,0.003,-0.0053,50.8
5.272,0.0007,-0.0053,-0.0008,-0.0053,51.0
5.273,-0.0008,-0.0068,-0.0068,-0.0053,51.2
5.274,-0.0008,-0.0113,-0.0128,-0.006,51.3
5.275,-0.0023,-0.0105,-0.0143,-0.0068,51.5
5.276,-0.003,-0.0091,-0.0165,-0.0075,51.7
5.277,-0.0038,-0.0083,-0.0143,-0.0053,51.9
5.278,-0.003,-0.0046,-0.0098,-0.003,52.0
5.279,-0.0015,-0.0015,-0.0038,-0.0008,52.2
5.28,0.0,0.0015,0.0045,-0.0015,52.4
5.281,0.0015,0.0022,0.0082,0.0007,52.5
5.282,0.0022,0.0037,0.0165,0.003,52.6
5.283,0.003,0.003,0.0195,0.003,52.6
5.284,0.0045,0.003,0.0195,0.0045,52.7
5.285,0.0052,0.0022,0.0195,0.0052,52.8
5.286,0.0052,0.0037,0.0157,0.0052,52.9
5.287,0.0052,0.0052,0.012,0.0052,53.0
5.288,0.0052,0.0067,0.0015,0.0052,53.0
5.289,0.0037,0.0105,-0.006,0.0067,53.1
5.29,0.0,0.009,-0.0113,0.0045,53.2
5.291,-0.0023,0.009,-0.0143,0.0022,53.3
5.292,-0.003,0.0097,-0.012,0.0037,53.4
5.293,-0.0046,0.009,-0.0113,0.0052,53.4
5.294,-0.003,0.0112,-0.0091,0.0052,53.5
5.295,-0.0008,0.0127,-0.0023,0.0067,53.6
5.296,0.0,0.0202,0.0052,0.0082,53.7
5.297,-0.0015,0.0285,0.0097,0.0082,53.8
5.298,0.0007,0.0232,0.0127,0.0097,53.8
5.299,0.003,0.0157,0.0157,0.0105,53.9
5.3,0.003,0.0075,0.015,0.0105,54.0
5.301,0.003,-0.003,0.015,0.0082,54.0
5.302,0.0015,-0.006,0.0127,0.0075,54.1
5.303,0.0015,-0.0128,0.009,0.0067,54.1
5.304,0.0007,-0.0181,0.0052,0.0045,54.1
5.305,0.0007,-0.0195,-0.0008,0.0022,54.2
5.306,-0.0008,-0.0158,-0.003,0.0,54.2
5.307,-0.0008,-0.0091,-0.0083,-0.0015,54.2
5.308,-0.0015,-0.0091,-0.0091,-0.0038,54.3
5.309,-0.0015,-0.0083,-0.0091,-0.003,54.3
5.31,-0.0008,-0.0068,-0.0091,-0.003,54.4
5.311,-0.0015,-0.0068,-0.0091,-0.003,54.4
5.312,-0.0008,-0.0068,-0.0053,-0.0046,54.4
5.313,0.0007,-0.0053,0.0007,-0.0046,54.4
5.314,0.0,-0.0023,0.0045,-0.0046,54.4
5.315,0.0007,-0.0023,0.0075,-0.0053,54.5
5.316,0.0015,0.0007,0.0082,-0.0046,54.5
5.317,0.0015,0.0022,0.0052,-0.0053,54.6
5.318,0.0022,0.0045,0.0022,-0.006,54.6
5.319,0.003,0.0067,-0.0008,-0.0046,54.6
5.32,0.0015,0.006,-0.0046,-0.0046,54.7
5.321,0.0015,0.006,-0.0075,-0.0046,54.7
5.322,0.0007,0.0052,-0.0098,-0.0023,54.7
5.323,-0.0008,0.0052,-0.0091,-0.0008,54.6
5.324,0.0015,0.003,-0.0083,0.0007,54.6
5.325,0.0,0.003,-0.0068,0.0015,54.6
5.326,0.0,0.003,-0.0053,0.0022,54.5
5.327,0.0015,0.0015,-0.0008,0.0015,54.5
5.328,0.0007,0.0015,0.0052,0.0007,54.5
5.329,0.0007,0.0015,0.0082,0.0007,54.5
5.33,0.0015,0.0015,0.0105,0.0007,54.4
5.331,0.0007,0.0007,0.0127,0.0,54.4
5.332,0.0007,-0.0015,0.0157,0.0,54.4
5.333,0.0007,-0.0008,0.0142,-0.0008,54.4
5.334,0.0007,0.0007,0.0082,0.0,54.4
5.335,0.0007,0.0,0.0052,0.0007,54.3
5.336,-0.0008,0.0,0.003,0.0007,54.3
5.337,0.0,-0.0008,0.0,0.0015,54.3
5.338,-0.0015,-0.0008,-0.0046,0.0022,54.2
5.339,-0.0015,-0.0008,-0.0053,0.0037,54.2
5.34,-0.0015,0.0007,-0.0068,0.003,54.1
5.341,-0.0038,0.0007,-0.0075,0.0015,54.1
5.342,-0.0038,0.0022,-0.0075,0.0022,54.0
5.343,-0.0038,0.003,-0.0083,0.0007,54.0
5.344,-0.0015,0.0015,-0.0023,0.0015,53.9
5.345,0.0007,0.0022,0.0007,0.0015,53.8
5.346,-0.0008,0.003,0.0,0.0015,53.8
5.347,0.0007,0.0007,0.0,0.003,53.7
5.348,0.0007,0.0007,0.0022,0.0007,53.6
5.349,-0.0008,0.0007,0.0052,0.0015,53.5
5.35,0.0007,-0.0008,0.0052,-0.0008,53.5
5.351,0.0015,-0.0015,0.0052,-0.0008,53.4
5.352,0.0007,-0.0015,0.0045,0.0015,53.3
5.353,0.0015,-0.0008,0.0045,-0.0008,53.3
5.354,0.0022,-0.0008,0.0067,-0.0008,53.2
5.355,0.0015,-0.0015,0.0067,0.0007,53.1
5.356,0.0007,-0.0015,-0.0023,0.0007,53.1
5.357,-0.0008,-0.003,-0.0143,0.0007,53.0
5.358,0.0,-0.0015,-0.0188,0.0007,52.9
5.359,-0.0015,-0.0008,-0.0233,0.0007,52.9
5.36,-0.0008,0.0007,-0.0218,0.0015,52.7
5.361,-0.0015,0.0015,-0.0203,0.003,52.6
5.362,-0.003,0.0015,-0.0158,0.0037,52.6
5.363,-0.0008,0.003,-0.0098,0.003,52.4
5.364,0.0007,0.003,-0.0046,0.0037,52.3
5.365,-0.0015,0.003,0.0,0.0022,52.2
5.366,-0.0008,0.0007,0.0007,0.003,52.1
5.367,0.0007,-0.0015,0.0007,0.003,51.9
5.368,0.0015,0.0,-0.0008,0.0022,51.8
5.369,0.0007,0.0015,-0.0008,0.0022,51.7
5.37,0.0007,0.0015,-0.0015,0.003,51.6
5.371,0.0022,0.0015,-0.0038,0.003,51.5
5.372,0.0007,0.0015,-0.0038,0.0,51.3
5.373,0.0,0.0015,-0.006,-0.0008,51.3
5.374,0.0007,0.003,-0.0068,0.0,51.1
5.375,0.0007,0.0015,-0.0053,-0.0023,51.0
5.376,0.0007,0.0007,-0.0053,-0.003,50.9
5.377,0.0015,0.0,-0.003,-0.0023,50.8
5.378,0.0015,0.0,-0.0008,-0.0008,50.6
5.379,0.0015,0.0007,0.0007,-0.0008,50.5
5.38,0.0015,0.0015,0.0022,0.0007,50.4
5.381,0.003,0.0007,0.0052,0.0007,50.2
5.382,0.0045,-0.0008,0.009,-0.0008,50.0
5.383,0.0045,0.0007,0.0097,0.0007,49.9
5.384,0.0045,0.0007,0.009,0.003,49.7
5.385,0.0045,-0.0008,0.009,0.0022,49.5
5.386,0.003,0.0,0.0052,0.0007,49.3
5.387,0.0007,0.0007,0.0007,0.0015,49.1
5.388,0.0007,-0.0008,-0.0023,0.0,48.9
5.389,-0.0008,0.0007,-0.003,-0.0015,48.7
5.39,-0.0015,0.0015,-0.0053,-0.0015,48.6
5.391,-0.0008,0.0007,-0.0038,-0.0015,48.4
5.392,0.0,0.0007,-0.0015,-0.0015,48.2
5.393,-0.0008,-0.0015,-0.0023,-0.0023,48.0
5.394,-0.0008,0.0007,-0.0008,-0.0023,47.8
5.395,0.0015,0.003,0.0022,-0.0038,47.6
5.396,0.0022,0.0015,0.0037,-0.0015,47.4
5.397,0.0015,0.0,0.0045,0.0007,47.2
5.398,0.0007,-0.0008,0.006,0.0,47.1
5.399,-0.0008,-0.0008,0.009,-0.0046,46.9
5.4,0.0007,-0.0023,0.0082,-0.0068,46.7
5.401,0.0,-0.0015,0.0067,-0.0015,46.5
5.402,0.0007,-0.0008,0.0067,0.0007,46.2
5.403,0.0007,-0.0015,0.006,0.0007,46.0
5.404,0.0015,0.0,0.0052,0.0067,45.8
5.405,-0.0008,-0.0008,0.0037,0.0112,45.5
5.406,-0.0015,0.0007,0.0015,0.0075,45.3
5.407,-0.0023,0.0007,-0.003,-0.0023,45.0
5.408,-0.003,-0.0015,-0.0046,-0.0046,44.8
5.409,-0.0015,-0.0008,-0.0015,-0.003,44.6
5.41,-0.0008,0.0,-0.003,-0.0023,44.3
5.411,-0.0008,0.003,-0.0015,0.006,44.1
5.412,-0.0008,0.0067,0.0007,0.0097,43.9
5.413,0.0007,0.0082,0.0052,0.0067,43.6
5.414,-0.0008,0.0045,0.006,-0.0008,43.4
5.415,0.0,0.0,0.0067,-0.0091,43.1
5.416,0.0015,0.003,0.0105,-0.0158,42.9
5.417,0.0007,0.0052,0.0082,-0.0225,42.7
5.418,0.0015,0.0015,0.006,-0.0218,42.5
5.419,0.0007,0.0,0.0052,-0.0083,42.2
5.42,0.0007,0.0007,0.003,0.0165,41.9
5.421,0.0007,0.0022,0.0,0.0382,41.7
5.422,0.0007,0.003,-0.0008,0.039,41.4
5.423,0.0007,0.0015,-0.0015,0.0202,41.2
5.424,0.0007,-0.0023,-0.0038,0.0022,40.9
5.425,-0.0008,-0.0053,-0.003,0.0007,40.6
5.426,0.0007,-0.0053,-0.0046,0.0015,40.3
5.427,-0.0008,-0.003,-0.0053,-0.0023,40.0
5.428,-0.0008,-0.0023,-0.0046,-0.0083,39.8
5.429,-0.0008,-0.003,-0.0038,-0.012,39.5
5.43,-0.0015,-0.003,-0.0023,-0.0091,39.2
5.431,-0.0015,-0.0046,0.0015,-0.0053,38.9
5.432,-0.0008,-0.0053,0.0045,0.0022,38.6
5.433,0.0007,-0.0015,0.0037,0.0105,38.4
5.434,0.0015,0.0105,0.0022,0.0127,38.1
5.435,0.0,0.0105,0.0015,0.0082,37.8
5.436,0.0,-0.003,0.0,-0.003,37.6
5.437,-0.0008,-0.0038,-0.0008,-0.0083,37.3
5.438,0.0,-0.0038,-0.0023,-0.0046,37.0
5.439,0.0007,-0.0046,-0.0038,-0.0008,36.7
5.44,0.0007,0.0037,-0.0038,-0.0023,36.4
5.441,0.0015,0.0187,-0.003,-0.0046,36.1
5.442,0.0015,0.027,-0.0046,-0.0038,35.9
5.443,0.0015,0.0142,-0.0038,-0.0046,35.6
5.444,0.0015,0.0105,-0.0023,-0.0091,35.3
5.445,0.0015,0.006,-0.003,-0.0203,35.0
5.446,0.0007,-0.0046,0.0,-0.0278,34.7
5.447,0.0015,-0.0015,0.0022,-0.0128,34.4
5.448,0.0007,-0.0038,0.003,0.009,34.1
5.449,0.0015,-0.003,0.0015,0.0247,33.8
5.45,0.0015,-0.0015,0.0007,0.0307,33.5
5.451,-0.0008,-0.0053,0.003,0.0195,33.2
5.452,-0.0008,-0.006,0.0007,0.0105,32.9
5.453,-0.0015,-0.0083,-0.0008,0.0045,32.7
5.454,-0.0008,-0.003,-0.0008,-0.0046,32.4
5.455,-0.0008,0.0015,0.0007,-0.012,32.0
5.456,0.0,0.0007,0.0,-0.0165,31.8
5.457,-0.0008,-0.0008,-0.0015,-0.0068,31.5
5.458,-0.0008,-0.0015,-0.0015,0.0015,31.2
5.459,-0.0008,-0.0008,-0.0023,-0.0008,30.9
5.46,0.0007,0.0,0.0,0.0007,30.6
5.461,0.003,0.0015,0.003,0.0007,30.3
5.462,0.0007,-0.003,0.0045,-0.0008,30.0
5.463,-0.0008,-0.0075,0.0045,-0.0083,29.7
5.464,-0.0008,-0.0068,0.0045,-0.0128,29.4
5.465,0.0015,-0.0046,0.0052,-0.0105,29.1
5.466,0.0015,-0.003,0.0052,-0.0165,28.8
5.467,0.0015,-0.0046,0.0037,-0.0181,28.5
5.468,0.0015,-0.0038,0.0022,-0.0143,28.3
5.469,0.0015,-0.0053,0.0015,-0.0135,28.0
5.47,0.0045,-0.0046,-0.0015,-0.0158,27.7
5.471,0.0015,0.0052,-0.0023,-0.0008,27.4
5.472,0.0,0.0127,0.0,0.03,27.1
5.473,0.0007,0.0052,-0.0015,0.0367,26.8
5.474,0.0015,-0.0015,-0.0046,0.0277,26.5
5.475,0.0022,-0.0015,-0.0053,0.024,26.2
5.476,0.0015,-0.0008,-0.006,0.0292,25.9
5.477,0.0015,0.0022,-0.006,0.0232,25.6
5.478,0.0015,0.003,-0.006,0.0127,25.3
5.479,0.0007,0.0045,-0.003,0.0142,25.1
5.48,-0.0015,0.0037,-0.0008,-0.0008,24.7
5.481,-0.0053,0.0045,0.0022,-0.0143,24.5
5.482,-0.006,0.0067,0.0075,-0.0143,24.2
5.483,-0.0075,0.0112,0.0082,-0.0083,23.9
5.484,-0.0091,0.0067,0.0067,0.0052,23.6
5.485,-0.0038,-0.0023,0.0037,0.0127,23.3
5.486,0.0007,0.0,0.003,0.0075,23.0
5.487,0.0007,-0.0008,0.0015,-0.0083,22.7
5.488,0.0022,-0.0015,-0.0015,-0.0105,22.4
5.489,0.0015,-0.0038,-0.003,-0.0105,22.1
5.49,0.0015,-0.0046,-0.0053,-0.0165,21.8
5.491,0.0,-0.0046,-0.0091,-0.0203,21.5
5.492,-0.0008,-0.0046,-0.0105,-0.0181,21.3
5.493,-0.0008,-0.003,-0.0128,-0.0083,21.0
5.494,-0.0015,-0.003,-0.0091,0.0,20.7
5.495,0.0007,-0.0053,-0.0053,-0.0008,20.4
5.496,0.0007,-0.0075,0.0007,-0.0038,20.1
5.497,0.0015,-0.0053,0.0067,-0.0023,19.8
5.498,0.0037,-0.0015,0.0082,-0.0023,19.5
5.499,0.0052,0.0067,0.0067,0.0052,19.2
5.5,0.0067,0.021,0.0037,0.0045,18.9
5.501,0.0052,0.0105,0.0045,-0.0083,18.6
5.502,0.0052,-0.003,0.0007,-0.0105,18.3
5.503,0.006,0.009,0.0,-0.0158,18.0
5.504,0.0105,0.0135,-0.0008,-0.0195,17.7
5.505,0.0165,0.0112,-0.0038,-0.0128,17.4
5.506,0.021,0.009,-0.0023,-0.0053,17.1
5.507,0.0255,-0.003,-0.0023,-0.0181,16.8
5.508,0.0255,-0.0143,-0.0015,-0.0436,16.5
5.509,0.0165,-0.0218,-0.006,-0.045,16.2
5.51,0.0,-0.0308,-0.0091,-0.0278,15.9
5.511,-0.0165,-0.027,-0.0128,-0.0038,15.6
5.512,-0.0315,-0.0165,-0.0083,0.0285,15.3
5.513,-0.0495,-0.015,0.0,0.0442,15.0
5.514,-0.057,-0.012,0.0007,0.0405,14.7
5.515,-0.0361,-0.0046,0.0052,0.033,14.4
5.516,-0.0105,0.015,0.009,0.0337,14.1
5.517,-0.0046,0.042,0.0195,0.0322,13.8
5.518,0.0015,0.0592,0.0352,0.0262,13.5
5.519,0.003,0.0652,0.0442,0.0292,13.2
5.52,0.0082,0.0435,0.0277,0.0225,12.8
5.521,0.0217,0.0112,0.0127,-0.0091,12.6
5.522,0.0232,-0.0083,0.0007,-0.03,12.3
5.523,0.0187,-0.0128,-0.0158,-0.0368,12.1
5.524,0.0135,-0.0165,-0.0263,-0.0383,11.8
5.525,0.0045,-0.0278,-0.0338,-0.0165,11.5
5.526,-0.003,-0.033,-0.0256,0.0,11.2
5.527,-0.0091,-0.0338,-0.0143,0.012,10.9
5.528,-0.0143,-0.027,-0.0135,0.0277,10.7
5.529,-0.006,-0.0218,-0.0143,0.0337,10.4
5.53,0.012,-0.0256,-0.0158,0.0187,10.1
5.531,0.0195,-0.0256,-0.0233,-0.0075,9.9
5.532,0.0075,-0.0008,-0.0256,-0.0346,9.6
5.533,-0.0046,0.036,-0.0308,-0.084,9.3
5.534,-0.0165,0.0555,-0.042,-0.093,9.0
5.535,-0.0308,0.0322,-0.03,-0.0578,8.7
5.536,-0.033,-0.0203,-0.003,-0.0165,8.5
5.537,-0.0135,-0.0233,-0.0023,0.0442,8.2
5.538,0.0037,0.0015,-0.003,0.081,7.9
5.539,0.0075,0.033,0.0,0.0795,7.6
5.54,0.0172,0.0555,-0.0083,0.051,7.3
5.541,0.0187,0.0367,-0.0038,0.024,7.2
5.542,0.021,0.039,0.0007,0.0165,7.0
5.543,0.0232,0.0255,0.0075,0.03,6.7
5.544,0.018,-0.0046,0.0082,0.0532,6.5
5.545,0.0157,-0.0158,0.0045,0.0232,6.3
5.546,0.0097,-0.03,0.0135,-0.03,6.1
5.547,0.0052,-0.0375,0.0232,-0.0548,5.9
5.548,-0.003,-0.0375,0.03,-0.0436,5.7
5.549,-0.0158,-0.0233,0.0292,-0.0091,5.5
5.55,-0.0293,-0.0075,0.027,0.0202,5.3
5.551,-0.0353,0.0007,0.024,0.0435,5.0
5.552,-0.03,-0.003,0.0225,0.0622,4.9
5.553,-0.0165,-0.0046,0.0285,0.0622,4.6
5.554,0.006,-0.0046,0.03,0.0127,4.4
5.555,0.012,0.0067,0.0285,-0.0188,4.2
5.556,0.0007,0.0465,0.0217,-0.006,4.0
5.557,0.0,0.0502,0.0142,-0.027,3.8
5.558,0.012,0.0105,0.0142,-0.033,3.6
5.559,0.0195,0.0112,0.0067,-0.0203,3.4
5.56,0.0165,0.003,0.0067,-0.024,3.1
5.561,0.015,-0.0256,0.0082,-0.0248,3.0
5.562,0.009,-0.0203,0.0112,-0.024,2.8
5.563,0.0045,-0.0143,0.018,-0.015,2.6
5.564,0.0015,0.012,0.027,0.0082,2.4
5.565,0.0052,0.0277,0.0307,0.0277,2.2
5.566,0.0082,0.0135,0.0285,0.021,2.1
5.567,0.0052,-0.003,0.0307,0.003,1.9
5.568,0.0052,-0.012,0.0277,-0.003,1.8
5.569,-0.0015,-0.0105,0.0262,-0.0053,1.6
5.57,-0.0068,-0.0143,0.0225,-0.0015,1.4
5.571,-0.0068,-0.0091,0.0127,-0.0083,1.2
5.572,-0.0105,-0.0105,0.0007,-0.0128,1.0
5.573,-0.0128,-0.0083,-0.006,-0.0083,0.9
5.574,-0.0091,0.003,0.0007,-0.0075,0.7
5.575,-0.0053,0.0007,0.0007,-0.0046,0.5
5.576,-0.0023,-0.0083,-0.0015,-0.0083,0.4
5.577,0.009,-0.0046,0.0,-0.0285,0.2
5.578,0.027,0.0045,0.0127,-0.0555,0.0
5.579,0.0442,-0.0046,0.0442,-0.0525,-0.2
5.58,0.0502,-0.015,0.06,-0.0293,-0.4
5.581,0.036,-0.0256,0.0532,-0.0105,-0.5
5.582,0.0075,-0.0353,0.0375,0.0157,-0.7
5.583,-0.0128,-0.0263,-0.0053,0.0345,-0.9
5.584,-0.024,-0.0218,-0.0533,0.042,-1.0
5.585,-0.0383,-0.0278,-0.0788,0.0382,-1.2
5.586,-0.042,-0.0143,-0.0795,0.0187,-1.4
5.587,-0.0233,0.0082,-0.0728,0.0105,-1.5
5.588,-0.0068,0.0442,-0.0653,0.03,-1.7
5.589,-0.0083,0.0577,-0.057,0.0442,-1.8
5.59,-0.012,0.033,-0.057,0.0532,-2.0
5.591,-0.0188,0.03,-0.0503,0.06,-2.2
5.592,-0.0181,0.012,-0.0458,0.0405,-2.3
5.593,-0.0105,-0.0046,-0.048,0.033,-2.5
5.594,-0.0083,-0.003,-0.048,0.0262,-2.6
5.595,-0.0068,-0.0143,-0.0353,0.0165,-2.8
5.596,-0.0046,-0.012,-0.0165,0.0157,-3.0
5.597,-0.0038,-0.0083,-0.0068,0.0052,-3.1
5.598,-0.006,-0.012,-0.0015,0.0022,-3.3
5.599,-0.0075,-0.006,0.0045,-0.0046,-3.4
5.6,-0.0053,0.003,0.0097,-0.0128,-3.6
5.601,0.0045,0.0165,0.006,-0.0181,-3.6
5.602,0.0165,0.0217,0.0052,-0.0346,-3.7
5.603,0.0345,0.0105,0.0067,-0.0511,-3.8
5.604,0.0577,0.009,0.012,-0.0555,-3.8
5.605,0.084,0.0157,0.0135,-0.0398,-3.9
5.606,0.0975,0.0375,0.0022,-0.0188,-4.0
5.607,0.1102,0.0202,-0.0113,-0.006,-4.0
5.608,0.1117,-0.0256,-0.0188,0.0112,-4.1
5.609,0.0502,-0.0135,-0.012,0.0195,-4.1
5.61,-0.0495,-0.0233,0.0015,0.0195,-4.2
5.611,-0.1478,-0.0323,0.0165,0.0322,-4.2
5.612,-0.183,-0.0188,0.027,0.039,-4.3
5.613,-0.1426,-0.0158,0.0247,0.0307,-4.4
5.614,-0.0691,0.0067,0.0202,0.0007,-4.4
5.615,0.0247,0.0315,0.021,-0.015,-4.5
5.616,0.0532,0.0645,0.0345,0.0052,-4.5
5.617,0.03,0.054,0.0532,0.0127,-4.6
5.618,0.0045,0.0232,0.0412,0.0052,-4.6
5.619,-0.024,0.0135,0.0082,0.0007,-4.7
5.62,-0.0225,0.0157,-0.0128,0.0045,-4.8
5.621,-0.0015,0.0052,-0.024,0.0045,-4.7
5.622,0.0067,-0.0338,-0.0173,0.0022,-4.7
5.623,0.0015,-0.0436,-0.0173,0.0082,-4.6
5.624,-0.012,-0.039,-0.021,0.0052,-4.5
5.625,-0.0158,-0.0113,-0.0046,-0.0015,-4.5
5.626,0.003,-0.0015,0.0052,-0.0188,-4.4
5.627,0.018,-0.0308,0.0187,-0.0263,-4.3
5.628,0.0217,-0.0091,-0.0008,-0.021,-4.2
5.629,0.0217,0.021,-0.027,-0.0181,-4.2
5.63,0.0217,0.0202,-0.054,-0.0113,-4.1
5.631,0.0082,0.0045,-0.0675,-0.015,-4.0
5.632,-0.0165,-0.006,-0.0443,-0.0165,-4.0
5.633,-0.0323,-0.0158,-0.024,-0.0233,-3.9
5.634,-0.0135,-0.033,0.0015,-0.0263,-3.8
5.635,0.0187,-0.0173,0.012,-0.0068,-3.7
5.636,0.0105,0.0292,0.0127,0.018,-3.6
5.637,0.0067,0.0465,0.0052,0.0405,-3.6
5.638,0.0127,0.0217,0.0007,0.0465,-3.5
5.639,0.0067,0.0097,0.0045,0.0345,-3.5
5.64,0.0022,-0.0218,-0.0008,0.012,-3.4
5.641,-0.0128,-0.0368,0.003,-0.0015,-3.2
5.642,-0.0091,-0.015,0.0067,0.0127,-3.1
5.643,0.0105,0.009,0.0142,0.0352,-3.0
5.644,0.0187,0.0427,0.0165,0.0502,-2.8
5.645,0.0217,0.0315,0.0142,0.0562,-2.7
5.646,0.0127,0.0105,0.0135,0.0592,-2.6
5.647,0.0052,0.003,0.0142,0.0592,-2.5
5.648,0.0105,-0.0046,0.0157,0.0532,-2.3
5.649,0.0195,-0.0008,0.0142,0.0472,-2.2
5.65,0.0225,0.0157,0.0157,0.0465,-2.1
5.651,0.0142,0.033,0.0195,0.0405,-1.9
5.652,0.003,0.0255,0.0165,0.0262,-1.8
5.653,-0.0135,0.0045,0.0082,0.012,-1.7
5.654,-0.024,-0.0218,-0.0008,-0.0015,-1.5
5.655,-0.0225,-0.0405,-0.0046,-0.0038,-1.4
5.656,-0.0218,-0.0353,-0.012,-0.0046,-1.3
5.657,-0.0023,-0.0128,-0.021,-0.012,-1.2
5.658,0.021,0.0015,-0.0248,-0.0173,-1.0
5.659,0.0285,-0.0075,-0.027,-0.033,-0.9
5.66,0.0202,-0.0173,-0.0218,-0.0525,-0.8
5.661,-0.0015,-0.024,-0.0143,-0.0653,-0.6
5.662,-0.0203,-0.0293,0.0007,-0.066,-0.4
5.663,-0.039,-0.0188,0.0015,-0.054,-0.2
5.664,-0.0533,0.0052,0.0007,-0.0338,0.0
5.665,-0.0443,0.0135,0.027,-0.0046,0.2
5.666,-0.003,0.0105,0.0532,0.0277,0.4
5.667,0.0187,0.0082,0.0532,0.0405,0.6
5.668,0.0345,-0.003,0.0442,0.0202,0.8
5.669,0.0652,0.003,0.0307,0.012,1.0
5.67,0.0547,0.0105,0.0127,0.0105,1.2
5.671,0.0232,0.0045,-0.0008,-0.003,1.4
5.672,0.0067,0.006,-0.0188,-0.0158,1.6
5.673,0.0367,0.0037,-0.0225,-0.0308,1.8
5.674,0.0562,0.003,-0.0181,-0.0375,2.0
5.675,0.0045,0.0015,-0.0091,-0.0428,2.2
5.676,-0.054,-0.0053,-0.003,-0.0436,2.4
5.677,-0.096,-0.012,-0.003,-0.0361,2.6
5.678,-0.0803,-0.006,0.0172,-0.0315,2.8
5.679,-0.0285,0.0045,0.0375,-0.027,3.0
5.68,-0.024,0.0067,0.0322,-0.0233,3.2
5.681,-0.0188,0.009,0.024,-0.0278,3.2
5.682,-0.0075,0.0082,0.009,-0.039,3.2
5.683,-0.0091,0.0082,-0.0135,-0.0443,3.3
5.684,-0.0046,0.0082,-0.0218,-0.0555,3.3
5.685,-0.012,0.0015,-0.0165,-0.0706,3.4
5.686,-0.0195,-0.0091,-0.0015,-0.0683,3.4
5.687,-0.0233,-0.0098,-0.0173,-0.0615,3.4
5.688,0.0037,0.0165,-0.0511,-0.0533,3.5
5.689,0.0465,0.0457,-0.0683,-0.042,3.5
5.69,0.0705,0.0322,-0.0555,-0.027,3.5
5.691,0.0982,0.0127,-0.0525,-0.0091,3.6
5.692,0.105,0.009,-0.0638,0.0105,3.6
5.693,0.0967,-0.0038,-0.0203,0.0157,3.6
5.694,0.1125,-0.039,0.0022,0.006,3.6
5.695,0.1102,-0.0893,0.0052,-0.0083,3.7
5.696,0.0675,-0.0735,0.0292,-0.0143,3.7
5.697,0.0232,-0.0083,0.0195,-0.012,3.7
5.698,-0.0465,0.0052,0.033,-0.0143,3.8
5.699,-0.105,0.0135,0.0592,-0.0091,3.8
5.7,-0.1688,0.0337,0.0555,-0.006,3.8
5.701,-0.2385,0.018,0.0562,-0.0083,3.8
5.702,-0.165,0.0232,0.0502,-0.0083,3.8
5.703,-0.0706,0.0382,0.0532,-0.0128,3.8
5.704,-0.0706,0.0255,0.048,-0.015,3.7
5.705,-0.0758,0.0052,0.0075,-0.0128,3.7
5.706,-0.0338,-0.0053,-0.0233,-0.0105,3.6
5.707,0.027,-0.0046,-0.033,-0.0091,3.6
5.708,0.0232,-0.0046,-0.0308,-0.0046,3.6
5.709,0.024,-0.0008,-0.0181,-0.0015,3.6
5.71,0.0375,-0.0015,-0.0046,0.0,3.5
5.711,0.0352,0.0,-0.0105,0.0045,3.5
5.712,0.0405,0.0022,-0.0113,0.0045,3.4
5.713,0.0322,0.0022,-0.0038,0.0075,3.4
5.714,0.033,-0.0008,-0.0008,0.009,3.4
5.715,0.0315,-0.0008,0.0045,0.0082,3.3
5.716,0.0307,-0.0015,0.0082,0.0105,3.3
5.717,0.0307,-0.0038,0.0075,0.0112,3.2
5.718,0.0262,-0.0008,-0.0023,0.009,3.2
5.719,0.0255,-0.0015,-0.003,0.0082,3.2
5.72,0.0217,-0.0015,-0.0053,0.0082,3.1
5.721,0.0165,-0.0008,-0.0098,0.0075,3.2
5.722,0.012,-0.0008,-0.0181,0.0075,3.4
5.723,0.0112,0.0007,-0.0263,0.006,3.6
5.724,0.0082,0.003,-0.0181,0.0045,3.7
5.725,0.0075,0.0112,-0.0128,0.006,3.9
5.726,0.009,0.0135,-0.0083,0.0052,4.0
5.727,0.006,0.006,-0.0023,0.0037,4.2
5.728,0.0007,-0.0038,0.0045,0.0015,4.3
5.729,-0.0091,-0.012,0.0082,0.0007,4.5
5.73,-0.0105,-0.0128,0.012,0.0007,4.6
5.731,-0.0038,-0.0113,0.0202,-0.0015,4.8
5.732,0.0052,-0.012,0.0202,-0.0083,4.9
5.733,0.0105,-0.0008,0.0112,-0.0091,5.1
5.734,0.0105,0.0142,0.0045,-0.0053,5.3
5.735,0.0112,0.0142,0.0052,0.0007,5.4
5.736,0.0082,0.0052,-0.0015,0.0112,5.5
5.737,0.0052,-0.0015,-0.0091,0.0217,5.7
5.738,0.003,-0.0046,-0.0105,0.0307,5.8
5.739,-0.0008,-0.0038,-0.024,0.0255,6.0
5.74,-0.0053,0.0067,-0.0405,0.0127,6.2
5.741,-0.0083,0.0142,-0.0256,0.0112,6.3
5.742,-0.0075,0.0082,-0.0015,0.0112,6.4
5.743,-0.0143,0.0015,-0.0068,0.0127,6.5
5.744,-0.0181,0.003,-0.0218,0.009,6.6
5.745,-0.0158,-0.0091,-0.0181,0.0022,6.7
5.746,-0.0083,-0.0143,0.0082,0.006,6.8
5.747,0.018,-0.003,0.0255,0.0052,6.9
5.748,0.054,0.0052,0.0442,0.0052,7.0
5.749,0.0795,0.0022,0.0487,0.0067,7.1
5.75,0.084,-0.0203,0.042,0.009,7.2
5.751,0.069,-0.0128,0.0442,0.0127,7.3
5.752,0.033,0.0202,0.0502,0.0105,7.4
5.753,-0.0091,0.0165,0.0712,0.009,7.5
5.754,-0.0053,-0.0023,0.0562,0.0082,7.6
5.755,0.0255,0.0045,0.018,0.0052,7.7
5.756,0.006,0.0195,0.003,0.0015,7.8
5.757,-0.033,0.0157,0.0,0.0,7.9
5.758,-0.0645,0.009,-0.0233,0.0045,8.0
5.759,-0.078,0.009,-0.0548,0.0067,8.1
5.76,-0.117,-0.0015,-0.078,0.0052,8.2
5.761,-0.15,-0.024,-0.0578,0.0067,8.2
5.762,-0.096,-0.021,-0.045,0.0112,8.2
5.763,-0.0691,-0.0053,-0.06,0.0142,8.2
5.764,-0.0503,0.012,-0.003,0.0165,8.3
5.765,0.0037,0.0172,0.0427,0.0202,8.3
5.766,0.033,0.0037,0.045,0.0195,8.3
5.767,0.0405,-0.012,0.0345,0.0165,8.3
5.768,0.0645,-0.0091,0.0195,0.0157,8.3
5.769,0.0855,0.0075,0.0142,0.0127,8.3
5.77,0.0877,-0.0083,0.0015,0.0082,8.3
5.771,0.0577,-0.0203,0.0067,0.0067,8.3
5.772,0.0105,-0.0098,0.0022,0.0045,8.3
5.773,0.0427,-0.0128,-0.0075,0.003,8.3
5.774,0.0487,-0.0135,-0.0105,0.0037,8.3
5.775,-0.024,-0.0068,-0.0135,0.003,8.3
5.776,-0.084,0.0067,-0.0181,0.0022,8.3
5.777,-0.0428,0.012,-0.0263,0.0015,8.4
5.778,0.0127,0.009,-0.0143,0.0015,8.4
5.779,-0.0083,0.0052,-0.0015,0.0007,8.4
5.78,0.0195,0.0052,0.018,0.0007,8.4
5.781,0.0105,0.006,0.0345,0.0015,8.4
5.782,0.0105,0.0052,0.0367,0.0015,8.4
5.783,0.0307,0.0067,0.0315,0.0022,8.4
5.784,0.0195,0.0037,0.0067,0.0015,8.3
5.785,0.027,0.0007,-0.0105,0.0045,8.3
5.786,0.024,0.0045,-0.0315,0.003,8.3
5.787,0.0427,0.0067,-0.0518,0.0,8.2
5.788,0.0352,-0.0008,-0.0495,-0.003,8.2
5.789,-0.0046,0.0037,-0.0495,-0.0053,8.2
5.79,-0.0758,0.0067,-0.0443,-0.0091,8.2
5.791,-0.12,0.0045,-0.0383,-0.0083,8.1
5.792,-0.1125,0.0067,-0.0368,-0.0068,8.1
5.793,-0.0923,0.0,-0.0308,-0.0075,8.1
5.794,-0.0525,0.0,-0.015,-0.0046,8.1
5.795,-0.0525,0.0022,-0.0023,-0.0053,8.1
5.796,-0.021,0.0045,0.0105,-0.0053,8.1
5.797,0.0165,0.0142,0.0255,-0.0046,8.0
5.798,0.012,0.018,0.0217,-0.0046,8.0
5.799,0.0202,0.009,0.0112,-0.0046,8.0
5.8,0.0142,-0.0046,0.009,-0.0053,7.9
5.801,0.018,-0.012,0.012,-0.0046,8.0
5.802,0.018,-0.015,0.0142,-0.0015,8.1
5.803,0.0157,-0.0135,0.0285,-0.0015,8.1
5.804,0.0165,-0.0105,0.0577,-0.0015,8.1
5.805,0.0127,0.0007,0.0645,-0.003,8.2
5.806,0.0217,0.0082,0.0345,-0.0053,8.3
5.807,0.0315,0.0045,0.0195,-0.006,8.3
5.808,0.0427,0.0075,-0.0046,-0.0053,8.4
5.809,0.033,0.0082,-0.015,-0.003,8.4
5.81,0.0322,0.003,-0.0015,-0.0038,8.5
5.811,0.0345,-0.0038,-0.0008,-0.0053,8.5
5.812,0.0195,-0.0083,0.0127,-0.0075,8.6
5.813,0.0165,-0.003,0.0187,-0.003,8.6
5.814,0.0052,0.012,0.0292,-0.0015,8.7
5.815,-0.0046,0.0135,0.024,-0.0023,8.8
5.816,0.0082,0.0052,0.0067,-0.0008,8.8
5.817,0.0,-0.0015,0.0052,0.0,8.9
5.818,-0.0181,-0.015,0.0112,-0.0008,8.9
5.819,-0.0046,-0.0188,0.0202,-0.003,9.0
5.82,0.0082,-0.0128,0.0105,-0.0046,9.0
5.821,0.0037,-0.0091,0.0015,-0.0038,8.8
5.822,0.0067,-0.0113,0.0,-0.003,8.5
5.823,0.0052,-0.0165,-0.0015,-0.0015,8.3
5.824,0.0052,-0.0098,-0.0038,-0.0008,8.1
5.825,0.0082,-0.003,-0.0053,-0.0008,7.8
5.826,0.0067,-0.0008,-0.0068,-0.0015,7.5
5.827,0.006,-0.0015,-0.0068,-0.003,7.3
5.828,0.0,-0.0015,-0.0015,-0.0023,7.0
5.829,-0.0015,0.0015,-0.0023,-0.003,6.7
5.83,-0.0023,0.003,-0.003,-0.006,6.5
5.831,-0.003,0.006,-0.0008,-0.0068,6.3
5.832,-0.0015,0.0067,-0.003,-0.0038,6.0
5.833,-0.0023,0.0105,-0.0053,0.0015,5.7
5.834,-0.0046,0.0082,-0.0046,0.0045,5.5
5.835,-0.003,-0.0023,-0.0053,0.006,5.2
5.836,-0.0015,-0.0068,-0.0098,0.0052,4.9
5.837,-0.012,-0.0105,-0.0105,0.0022,4.7
5.838,-0.0256,-0.0083,-0.0091,-0.0008,4.5
5.839,-0.0195,0.0082,-0.0105,-0.0008,4.2
5.84,-0.0053,0.0255,-0.0098,-0.003,3.9
5.841,-0.0053,0.024,-0.0105,-0.0053,3.9
5.842,-0.0105,0.0127,-0.024,-0.0053,3.9
5.843,-0.0105,0.009,-0.0413,-0.0038,3.9
5.844,0.0037,0.0225,-0.012,0.009,3.9
5.845,,,,,3.9
5.846,,,,,3.9
5.847,,,,,3.9
5.848,,,,,3.9
5.849,,,,,3.9
5.85,,,,,3.9
5.851,,,,,3.9
5.852,,,,,3.9
5.853,,,,,3.9
5.854,,,,,3.9
5.855,,,,,3.9
5.856,,,,,3.9
5.857,,,,,3.9
5.858,,,,,3.9
5.859,,,,,3.9
5.86,,,,,
