Time_s,RF,BF,VM,ST,FX
0.0,-0.0181,0.0007,0.456,0.0022,44.8
0.001,-0.0278,-0.0015,0.4125,0.0015,45.8
0.002,-0.0218,-0.0008,0.3105,0.0007,45.9
0.003,-0.0158,0.0007,0.1987,0.0,46.6
0.004,-0.0105,-0.0008,0.0697,-0.003,46.3
0.005,-0.0068,0.0,-0.0533,-0.003,46.8
0.006,-0.0015,0.0007,-0.117,-0.003,46.9
0.007,0.0007,0.0,-0.153,-0.003,47.4
0.008,0.0007,0.0022,-0.1808,-0.0015,47.1
0.009,0.003,0.0007,-0.2026,-0.0015,48.0
0.01,0.0007,0.0007,-0.237,-0.0008,47.9
0.011,-0.003,0.0015,-0.2768,-0.0015,48.2
0.012,-0.0053,-0.0015,-0.3203,-0.0015,48.5
0.013,-0.0053,-0.0015,-0.3548,0.0007,48.7
0.014,-0.0053,-0.0015,-0.381,0.0015,48.7
0.015,-0.0075,-0.0015,-0.399,0.0,49.0
0.016,-0.006,-0.0015,-0.4005,-0.0015,49.3
0.017,-0.0203,-0.003,-0.3908,0.0007,49.5
0.018,-0.0698,-0.0023,-0.3705,-0.0008,49.7
0.019,-0.1065,-0.0046,-0.3391,-0.0015,50.2
0.02,-0.1088,-0.0046,-0.3,-0.0008,50.4
0.021,-0.0915,-0.0023,-0.2753,0.0,50.6
0.022,-0.057,-0.0046,-0.2535,0.0007,50.7
0.023,-0.024,-0.003,-0.222,-0.0008,51.3
0.024,0.0037,-0.0046,-0.192,-0.0008,51.3
0.025,0.0247,-0.0038,-0.1448,-0.0015,51.5
0.026,0.0405,-0.0046,-0.0878,-0.0023,51.7
0.027,0.054,-0.0053,-0.0293,-0.0008,51.7
0.028,0.0675,-0.003,0.0255,-0.0015,52.2
0.029,0.0825,-0.003,0.0705,-0.0023,52.2
0.03,0.0855,-0.003,0.1012,-0.003,52.7
0.031,0.0855,-0.0053,0.1275,-0.003,52.7
0.032,0.0802,-0.0053,0.1455,-0.0015,52.9
0.033,0.0547,-0.003,0.1567,-0.0023,53.1
0.034,0.0247,-0.0015,0.1627,-0.003,53.6
0.035,0.0202,-0.0015,0.1627,-0.0046,53.6
0.036,0.0202,-0.0023,0.1612,-0.003,54.0
0.037,0.0247,-0.0015,0.1552,-0.0015,54.1
0.038,0.048,0.0007,0.1447,0.0,54.4
0.039,0.048,0.0022,0.1342,0.0,54.5
0.04,0.0457,0.0015,0.1185,0.0,54.6
0.041,0.0412,0.0015,0.1012,0.0,55.1
0.042,0.0307,0.0022,0.0855,0.0,55.1
0.043,0.0315,0.0052,0.069,0.0007,55.7
0.044,0.0375,0.0022,0.0555,0.0,55.7
0.045,0.051,0.0,0.042,0.0015,55.9
0.046,0.0667,0.0,0.0277,0.0022,56.1
0.047,0.081,0.0,0.0165,0.0007,56.2
0.048,0.0945,0.0015,0.0052,0.0015,56.6
0.049,0.108,0.0022,-0.0075,-0.0008,56.7
0.05,0.1177,0.0045,-0.0165,-0.0008,56.7
0.051,0.1207,0.0037,-0.0256,-0.0015,57.2
0.052,0.1252,0.0037,-0.027,-0.0023,57.1
0.053,0.1207,0.003,-0.033,-0.0008,57.6
0.054,0.1155,0.0037,-0.0608,0.0007,57.6
0.055,0.1042,0.003,-0.0773,0.0015,58.0
0.056,0.0832,0.0045,-0.0803,0.0037,57.9
0.057,0.0637,0.0037,-0.0818,0.003,58.2
0.058,0.0442,0.0037,-0.0615,0.0007,58.3
0.059,0.0247,0.0045,-0.0436,-0.0015,58.7
0.06,0.0052,0.003,-0.0361,-0.0015,58.9
0.061,-0.012,0.0022,-0.0256,-0.0015,58.8
0.062,-0.027,-0.0008,-0.024,-0.003,59.0
0.063,-0.0405,0.0,-0.0256,-0.0015,59.2
0.064,-0.0533,0.0007,-0.0278,-0.0008,59.4
0.065,-0.06,-0.0008,-0.0278,-0.0023,59.4
0.066,-0.0675,0.0007,-0.0278,-0.0008,59.4
0.067,-0.0788,0.0007,-0.0278,-0.0015,59.4
0.068,-0.0825,0.0007,-0.0278,-0.003,59.8
0.069,-0.0863,-0.0008,-0.0293,-0.0015,59.8
0.07,-0.0871,0.0007,-0.0293,-0.0038,60.0
0.071,-0.0863,-0.0008,-0.0315,-0.0038,60.1
0.072,-0.0871,-0.0015,-0.0278,-0.0015,59.9
0.073,-0.0893,-0.003,-0.0256,-0.0023,60.4
0.074,-0.0863,-0.0008,-0.0263,-0.0008,60.3
0.075,-0.084,0.0007,-0.027,0.0007,60.6
0.076,-0.0825,0.0007,-0.0293,0.003,60.4
0.077,-0.078,0.0015,-0.0263,0.0015,60.5
0.078,-0.0706,0.0015,-0.0256,0.0007,60.6
0.079,-0.0638,0.0015,-0.0225,0.0007,60.6
0.08,-0.0608,0.0022,-0.0181,0.0015,60.5
0.081,-0.057,0.0015,-0.0143,0.0007,60.7
0.082,-0.0518,0.0,-0.0091,-0.0008,60.7
0.083,-0.0495,-0.0023,-0.0038,-0.0015,60.8
0.084,-0.045,-0.0046,0.0007,-0.0008,60.8
0.085,-0.0353,-0.0023,0.0045,0.0022,60.8
0.086,-0.0158,-0.0015,0.0067,0.0015,61.1
0.087,0.0045,-0.0023,0.0112,0.0015,61.0
0.088,0.0232,-0.003,0.0112,0.003,61.1
0.089,0.0382,-0.003,-0.0038,0.003,60.9
0.09,0.042,-0.0008,-0.015,0.0022,61.1
0.091,0.0427,-0.0023,-0.0165,0.0022,60.9
0.092,0.0382,-0.0023,-0.0173,0.0007,61.1
0.093,0.0382,-0.0008,-0.0135,0.0007,61.3
0.094,0.0405,-0.0008,-0.0128,0.0037,61.2
0.095,0.0367,0.0007,-0.0083,0.0015,61.2
0.096,0.0315,0.0007,0.0037,-0.0008,61.4
0.097,0.024,0.0015,0.009,-0.0008,61.3
0.098,0.0165,0.0007,0.0022,-0.0015,61.5
0.099,0.0112,0.0,-0.0008,-0.003,61.2
0.1,0.006,-0.0008,0.003,-0.0023,61.3
0.101,0.0045,-0.0015,-0.0038,-0.0015,61.2
0.102,0.0045,-0.0023,-0.0053,-0.0023,61.2
0.103,0.0112,-0.003,-0.0075,-0.0015,61.3
0.104,0.012,-0.0038,-0.0181,-0.0038,61.1
0.105,0.0127,-0.0038,-0.0368,-0.003,61.4
0.106,0.0172,-0.0023,-0.0518,-0.0008,61.3
0.107,0.018,-0.0015,-0.0623,-0.0008,61.2
0.108,0.0105,-0.0023,-0.0653,0.0007,61.4
0.109,0.0037,-0.0046,-0.0578,0.0007,61.1
0.11,0.0015,-0.0046,-0.054,-0.0015,61.4
0.111,-0.0015,-0.0015,-0.0518,-0.0023,61.1
0.112,0.0007,-0.003,-0.0473,-0.0015,61.4
0.113,0.0037,-0.0023,-0.042,0.0,61.2
0.114,0.0052,-0.0053,-0.0346,0.0015,61.1
0.115,0.003,-0.0046,-0.0173,0.0015,61.2
0.116,-0.003,-0.003,0.0007,0.003,61.2
0.117,-0.0075,-0.0038,0.0127,0.0022,61.0
0.118,-0.0105,-0.0015,0.018,0.0007,61.3
0.119,-0.0135,0.0007,0.0232,-0.0008,61.0
0.12,-0.0165,0.0015,0.0307,-0.0015,61.2
0.121,-0.021,0.0007,0.033,-0.0015,60.9
0.122,-0.0225,0.0,0.039,0.0007,61.1
0.123,-0.024,-0.0023,0.0367,0.0015,60.9
0.124,-0.0256,-0.0015,0.0292,0.003,60.8
0.125,-0.0278,-0.0015,0.0157,0.0022,60.9
0.126,-0.027,-0.0008,0.0082,0.0007,60.8
0.127,-0.0233,-0.0008,0.0015,0.0015,60.9
0.128,-0.021,-0.0015,-0.0105,-0.0023,60.6
0.129,-0.0181,-0.0008,-0.0248,-0.0046,60.7
0.13,-0.0143,0.0007,-0.039,-0.0015,60.5
0.131,-0.0128,0.0007,-0.045,-0.0015,60.6
0.132,-0.012,-0.003,-0.0413,-0.0008,60.4
0.133,-0.012,-0.0015,-0.0353,-0.0008,60.5
0.134,-0.012,-0.0008,-0.0278,0.0,60.3
0.135,-0.0105,0.0022,-0.0195,-0.0015,60.4
0.136,-0.0091,0.0015,-0.012,-0.003,60.1
0.137,-0.006,-0.0008,-0.0091,-0.003,60.1
0.138,-0.0015,-0.0008,-0.0023,-0.0053,60.0
0.139,0.003,-0.003,0.0022,-0.003,59.9
0.14,0.0007,0.0007,0.0097,-0.0023,60.1
0.141,-0.0038,-0.0015,0.0165,-0.0023,59.7
0.142,-0.0038,-0.0008,0.0195,-0.0023,59.7
0.143,-0.006,-0.0008,0.0225,-0.0008,59.8
0.144,-0.0068,-0.0015,0.0232,0.0015,59.5
0.145,-0.0083,-0.0008,0.0202,0.0015,59.4
0.146,-0.0075,-0.0015,0.015,0.0007,59.3
0.147,-0.0068,0.0007,0.0127,0.0007,59.2
0.148,-0.0068,0.0007,0.009,0.0007,59.1
0.149,-0.0068,0.0022,0.0082,-0.0008,58.9
0.15,-0.0053,0.0007,0.0075,0.0015,59.1
0.151,-0.0046,0.003,0.0037,0.0,58.8
0.152,-0.0038,0.003,0.003,-0.0008,58.6
0.153,-0.0015,0.0,0.0007,0.0007,58.5
0.154,0.0007,0.0007,0.0015,-0.0008,58.3
0.155,0.003,-0.0008,0.0022,0.0007,58.4
0.156,0.0082,0.0,0.0015,-0.0008,58.0
0.157,0.0082,-0.0008,0.0015,0.0015,58.1
0.158,0.0082,-0.0015,0.0007,0.003,58.0
0.159,0.0075,-0.0015,0.0,0.0045,57.9
0.16,0.0067,-0.0046,-0.0008,0.003,57.7
0.161,0.0067,-0.0046,-0.0023,0.0007,57.8
0.162,0.0067,-0.0046,0.0,-0.0015,57.5
0.163,0.0067,-0.003,0.0015,-0.0083,57.7
0.164,0.0075,-0.003,0.0015,-0.0181,57.1
0.165,0.0075,-0.003,0.0015,-0.021,57.3
0.166,0.009,-0.003,-0.0015,-0.0068,57.1
0.167,0.0082,-0.003,-0.003,-0.0023,57.0
0.168,0.0067,-0.003,-0.0015,-0.0015,56.8
0.169,0.0067,-0.003,0.0007,0.003,56.7
0.17,0.0067,-0.0015,0.0037,-0.003,56.4
0.171,0.0082,-0.0015,0.0045,-0.0046,56.2
0.172,0.0075,-0.003,0.0045,-0.003,56.0
0.173,0.009,-0.003,0.0037,-0.0015,55.9
0.174,0.0112,-0.0015,0.006,0.0015,55.6
0.175,0.0127,-0.0008,0.0052,0.0015,55.7
0.176,0.012,-0.0008,0.0067,0.0022,55.4
0.177,0.0142,-0.0015,0.0082,0.003,55.4
0.178,0.0157,-0.0023,0.0082,0.003,55.2
0.179,0.0135,-0.0023,0.0067,-0.0008,54.9
0.18,0.015,-0.0023,0.0067,0.0037,55.0
0.181,0.0157,-0.003,0.0075,0.0225,54.8
0.182,0.0157,-0.0023,0.0052,0.027,54.5
0.183,0.0142,0.0007,0.0067,0.0015,54.4
0.184,0.0127,0.0015,0.0112,0.003,54.2
0.185,0.012,0.0015,0.0127,0.0082,54.1
0.186,0.0112,0.003,0.012,-0.0038,53.8
0.187,0.012,0.0015,0.0112,0.0015,53.6
0.188,0.0112,0.0007,0.0127,-0.0053,53.4
0.189,0.009,0.0015,0.0127,-0.006,53.3
0.19,0.0082,0.0015,0.0127,-0.0015,53.2
0.191,0.0067,0.0007,0.0157,-0.0053,52.9
0.192,0.0052,0.003,0.018,-0.0015,52.6
0.193,0.0045,0.0022,0.0195,-0.003,52.4
0.194,0.003,0.0007,0.0225,-0.0008,52.3
0.195,-0.0015,0.0,0.0262,0.0,52.1
0.196,-0.0038,-0.0015,0.027,0.0,51.8
0.197,-0.0053,-0.0015,0.0292,-0.0008,51.5
0.198,-0.0046,-0.0023,0.0285,-0.003,51.4
0.199,-0.0038,-0.0015,0.0262,-0.0008,50.9
0.2,-0.0068,-0.0008,0.0255,-0.0015,50.8
0.201,-0.0105,0.0007,0.0232,-0.0015,50.5
0.202,-0.0143,0.0015,0.024,-0.0015,50.4
0.203,-0.0135,0.0007,0.0225,0.0,50.1
0.204,-0.012,0.0007,0.0217,-0.0015,49.8
0.205,-0.0098,-0.0008,0.0187,-0.0015,50.0
0.206,-0.012,-0.0015,0.018,0.0022,49.4
0.207,-0.012,-0.0015,0.0187,0.003,49.3
0.208,-0.012,0.0007,0.0165,0.0022,49.0
0.209,-0.0143,0.0015,0.0172,-0.0008,48.8
0.21,-0.0091,0.0015,0.0157,0.0007,48.6
0.211,-0.0083,0.0007,0.0142,0.0015,48.3
0.212,-0.0068,0.0015,0.0112,0.0015,48.1
0.213,-0.0053,0.0022,0.0112,0.0045,47.9
0.214,-0.0038,-0.0008,0.0127,0.006,47.6
0.215,0.0,-0.0038,0.0127,0.0082,47.4
0.216,0.0015,-0.003,0.012,0.003,47.3
0.217,0.0037,0.0007,0.0097,0.0007,47.0
0.218,0.0015,0.0,0.0105,0.0007,46.8
0.219,0.0045,0.0,0.0105,-0.006,46.4
0.22,0.006,0.0015,0.012,-0.015,46.4
0.221,0.0052,0.0007,0.0105,-0.0195,45.9
0.222,0.0082,0.0007,0.0105,-0.021,45.8
0.223,0.009,-0.0008,0.0112,-0.0158,45.4
0.224,0.009,-0.003,0.012,-0.0135,45.3
0.225,0.009,-0.003,0.0112,-0.003,45.0
0.226,0.009,-0.0068,0.0112,0.0232,44.6
0.227,0.0082,-0.0075,0.0105,0.0232,44.4
0.228,0.0105,-0.003,0.0105,-0.0023,44.2
0.229,0.0112,0.0,0.0097,-0.0075,43.7
0.23,0.0082,-0.0008,0.0097,-0.0038,43.7
0.231,0.0082,-0.0046,0.009,0.0217,43.3
0.232,0.0082,-0.0068,0.009,0.0427,43.1
0.233,0.0067,-0.0053,0.0105,0.0037,42.7
0.234,0.0082,-0.0008,0.009,-0.0053,42.5
0.235,0.009,-0.003,0.0075,0.0015,42.1
0.236,0.009,-0.0046,0.0067,-0.0083,41.9
0.237,0.009,-0.0046,0.0052,-0.0008,41.6
0.238,0.0097,-0.0038,0.0045,-0.0068,41.3
0.239,0.0105,-0.0046,0.003,-0.0038,40.9
0.24,0.009,-0.0038,0.003,-0.0023,40.7
0.241,0.009,0.0007,0.0015,-0.0098,40.4
0.242,0.0097,0.003,-0.0008,-0.0105,40.0
0.243,0.0075,0.0052,-0.0008,-0.0143,39.9
0.244,0.0075,0.0022,-0.003,-0.012,39.4
0.245,0.0075,-0.0023,-0.0046,-0.0173,39.2
0.246,0.009,-0.006,-0.006,-0.0046,38.7
0.247,0.0105,-0.0128,-0.0053,0.0382,38.6
0.248,0.012,-0.0181,-0.0046,0.0877,38.3
0.249,0.0135,-0.0113,-0.0038,0.0862,37.9
0.25,0.0142,0.0015,-0.0015,0.0472,37.7
0.251,0.0135,0.0097,0.0,0.0465,37.2
0.252,0.0105,0.0165,0.0,-0.0218,36.9
0.253,0.0082,0.0157,-0.0015,-0.1238,36.5
0.254,0.006,0.0142,-0.003,-0.192,36.1
0.255,0.0,0.0142,-0.003,-0.1935,35.6
0.256,-0.0083,0.0045,-0.0053,-0.0555,35.5
0.257,-0.015,-0.0053,-0.0046,0.0652,35.2
0.258,-0.0135,-0.0143,-0.003,0.0555,34.7
0.259,-0.006,-0.0128,0.003,0.0082,34.3
0.26,0.0,-0.0038,0.0052,0.0352,34.2
0.261,0.0022,0.003,0.0037,0.0532,33.7
0.262,0.0052,0.0067,0.003,0.0502,33.4
0.263,0.0127,0.003,0.0037,0.0465,33.0
0.264,0.0217,-0.0038,0.0022,0.0405,32.6
0.265,0.0225,-0.0083,0.0015,0.0855,32.4
0.266,0.0195,-0.0105,0.0015,0.06,31.9
0.267,0.0157,-0.0158,0.003,0.039,31.7
0.268,0.0105,-0.0128,0.0052,-0.0285,31.2
0.269,0.0022,-0.0008,0.0067,-0.0615,31.0
0.27,-0.0046,0.0052,0.0052,0.027,30.6
0.271,-0.0113,0.0052,0.0015,0.0232,30.1
0.272,-0.021,0.003,0.0015,0.009,29.8
0.273,-0.0278,0.0105,-0.0023,-0.0825,29.4
0.274,-0.0308,0.0277,-0.0046,-0.1928,29.0
0.275,-0.0293,0.0345,-0.0083,-0.1711,28.8
0.276,-0.0323,0.018,-0.0091,-0.1335,28.3
0.277,-0.0398,0.0037,-0.006,-0.117,28.2
0.278,-0.0458,-0.015,-0.0015,-0.0473,27.7
0.279,-0.0495,-0.039,0.0052,0.1455,27.3
0.28,-0.0495,-0.0323,0.0045,0.1957,27.0
0.281,-0.0458,-0.0113,0.0045,0.0645,26.6
0.282,-0.0405,-0.0068,0.0052,0.0165,26.2
0.283,-0.0338,-0.003,0.0015,0.033,25.9
0.284,-0.027,0.0,0.0007,0.0495,25.6
0.285,-0.027,-0.0008,0.0,0.0397,25.4
0.286,-0.0315,0.0007,0.0007,0.0382,24.7
0.287,-0.033,0.0,0.0,0.0652,24.5
0.288,-0.0293,0.003,0.0007,0.024,24.2
0.289,-0.0233,0.0037,0.0015,-0.0091,23.7
0.29,-0.0128,0.0015,-0.0046,0.006,23.3
0.291,-0.0053,-0.0008,-0.0105,-0.003,22.9
0.292,-0.0015,-0.0023,-0.0158,0.0067,22.5
0.293,0.0007,-0.0038,-0.0218,0.033,22.5
0.294,-0.003,-0.0053,-0.0263,0.0427,21.7
0.295,-0.0068,0.0015,-0.027,0.0105,21.6
0.296,-0.003,0.0067,-0.024,-0.0278,21.0
0.297,-0.0008,0.0105,-0.0285,-0.0113,20.8
0.298,0.003,0.0082,-0.0383,0.0007,20.5
0.299,0.0075,0.0045,-0.0368,-0.0008,20.0
0.3,0.0105,0.0022,-0.0368,0.0,19.8
0.301,0.015,-0.0053,-0.0405,0.0045,19.3
0.302,0.0127,-0.0113,-0.0428,-0.0068,19.0
0.303,0.0067,-0.0083,-0.0495,-0.0615,18.5
0.304,0.0052,0.0,-0.0495,-0.0825,18.2
0.305,0.0052,0.0015,-0.0458,-0.0203,17.9
0.306,0.003,0.0037,-0.0413,-0.0053,17.5
0.307,0.003,0.0052,-0.033,-0.0225,17.0
0.308,0.0015,0.0,-0.0308,0.0382,16.8
0.309,-0.0091,-0.0068,-0.0293,0.066,16.2
0.31,-0.0135,-0.0083,-0.0181,0.006,15.9
0.311,-0.0135,-0.0015,-0.0098,-0.0068,15.5
0.312,-0.0135,0.0015,-0.0083,0.021,15.2
0.313,-0.0083,0.0067,-0.0068,0.0067,14.8
0.314,-0.0008,0.0105,-0.0008,0.012,14.4
0.315,0.006,0.0105,-0.0068,-0.006,14.2
0.316,0.0105,0.0052,-0.0218,0.0037,13.6
0.317,0.0105,-0.003,-0.027,0.051,13.4
0.318,0.0097,-0.0075,-0.0278,0.0532,12.9
0.319,0.009,-0.0165,-0.0135,0.03,12.7
0.32,0.0067,-0.0158,0.003,-0.0818,12.2
0.321,0.0075,-0.0046,0.0217,-0.0338,11.9
0.322,0.0105,-0.0015,0.0412,0.0592,11.5
0.323,0.0127,-0.0008,0.054,-0.0893,11.1
0.324,0.012,0.0,0.0652,-0.1935,10.7
0.325,0.0112,0.0015,0.0577,-0.1635,10.4
0.326,0.0105,0.003,0.0435,-0.039,10.1
0.327,0.0142,0.0015,0.0262,-0.0158,9.5
0.328,0.024,0.0045,0.0127,-0.0353,9.3
0.329,0.0255,0.0082,0.0007,0.03,8.8
0.33,0.0247,0.009,-0.0181,0.0195,8.5
0.331,0.0292,0.0052,-0.0263,0.0352,8.2
0.332,0.0277,0.0007,-0.0165,0.0105,7.8
0.333,0.021,-0.003,0.0045,-0.0525,7.6
0.334,0.0195,-0.0046,0.0247,-0.0458,7.0
0.335,0.0195,-0.0046,0.0405,0.0157,6.7
0.336,0.0202,-0.0068,0.042,0.0892,6.4
0.337,0.0277,-0.0128,0.042,0.069,5.9
0.338,0.0352,-0.0173,0.0367,0.0457,5.6
0.339,0.0397,-0.0158,0.0367,0.1005,5.0
0.34,0.0442,-0.012,0.039,0.0892,4.8
0.341,0.0427,-0.0075,0.0292,-0.033,4.2
0.342,0.0397,0.0007,0.0262,-0.0923,3.6
0.343,0.033,0.0157,0.0255,-0.099,3.5
0.344,0.0255,0.0187,0.0322,-0.027,3.0
0.345,0.018,0.0165,0.0367,0.0472,2.8
0.346,0.009,0.012,0.0337,0.0187,2.3
0.347,0.0045,0.006,0.033,0.0,2.0
0.348,-0.0015,0.0067,0.0255,-0.0361,1.8
0.349,-0.0038,0.003,0.021,-0.0128,1.4
0.35,-0.003,-0.003,0.0187,0.0307,1.4
0.351,-0.0046,-0.012,0.0195,0.045,0.9
0.352,-0.0046,-0.0173,0.0255,0.0435,0.7
0.353,-0.0068,-0.0181,0.0315,0.0052,0.6
0.354,-0.0068,-0.012,0.0367,0.0015,0.4
0.355,-0.003,-0.0015,0.0405,-0.0293,0.2
0.356,-0.0038,0.0015,0.042,-0.0218,0.0
0.357,0.0007,0.003,0.0495,0.033,0.0
0.358,0.0045,0.0,0.0555,0.057,-0.1
0.359,0.0022,-0.0008,0.0577,0.0795,-0.3
0.36,-0.0068,-0.003,0.06,0.057,-0.1
0.361,-0.0218,-0.0083,0.0637,-0.0158,-0.5
0.362,-0.027,-0.0105,0.0667,-0.0615,-0.3
0.363,-0.0248,-0.0068,0.0622,-0.0795,-0.4
0.364,-0.0293,0.0007,0.0517,-0.0848,-0.3
0.365,-0.0353,0.003,0.0405,-0.0848,-0.2
0.366,-0.0346,0.003,0.0292,-0.0653,-0.2
0.367,-0.033,0.0,0.0067,-0.0218,0.1
0.368,-0.0338,-0.0046,-0.0218,-0.003,0.0
0.369,-0.0361,-0.0113,-0.0488,0.033,0.1
0.37,-0.0338,-0.0165,-0.0788,0.048,0.2
0.371,-0.0353,-0.0135,-0.1125,0.012,0.0
0.372,-0.039,-0.0023,-0.1508,0.0195,0.0
0.373,-0.042,0.0045,-0.1838,0.0495,0.2
0.374,-0.0578,0.0067,-0.2055,0.057,0.4
0.375,-0.0765,0.0082,-0.2153,0.066,0.7
0.376,-0.0938,0.003,-0.222,0.063,0.5
0.377,-0.1103,-0.0038,-0.2198,0.03,0.6
0.378,-0.114,-0.0105,-0.2026,0.018,0.5
0.379,-0.1133,-0.0091,-0.1838,0.0202,0.7
0.38,-0.108,-0.0046,-0.159,0.018,0.9
0.381,-0.1021,0.0022,-0.1238,0.0045,0.9
0.382,-0.114,0.0097,-0.0908,-0.0413,1.1
0.383,-0.1426,0.012,-0.081,-0.081,0.9
0.384,-0.18,0.012,-0.0593,-0.0405,1.2
0.385,-0.2123,0.0097,-0.0405,0.021,1.2
0.386,-0.234,0.0022,-0.0488,0.024,1.0
0.387,-0.234,-0.003,-0.0458,0.0007,1.1
0.388,-0.207,-0.003,-0.0691,-0.0293,1.1
0.389,-0.1703,-0.003,-0.1118,0.0307,1.3
0.39,-0.1185,-0.0008,-0.1388,0.099,1.5
0.391,-0.057,0.0015,-0.1365,0.0757,1.6
0.392,0.0105,0.0037,-0.1178,-0.0046,1.8
0.393,0.066,0.0105,-0.0983,-0.0893,1.8
0.394,0.1035,0.012,-0.0653,-0.0518,2.1
0.395,0.132,0.012,-0.024,-0.0638,2.2
0.396,0.1522,0.0105,0.0075,-0.1125,2.2
0.397,0.171,0.0142,0.0315,-0.057,2.5
0.398,0.1912,0.0202,0.0547,-0.012,2.5
0.399,0.2055,0.0202,0.0577,0.0195,2.9
0.4,0.2205,0.0217,0.042,0.0292,2.6
0.401,0.2407,0.0172,0.0172,0.039,3.0
0.402,0.2625,0.0127,-0.015,0.0472,3.0
0.403,0.2617,0.0105,-0.0495,0.0592,3.2
0.404,0.246,0.0052,-0.0743,0.0705,3.4
0.405,0.252,-0.0008,-0.0945,0.0345,3.4
0.406,0.3135,-0.0105,-0.0975,-0.0353,3.5
0.407,0.3825,-0.0315,-0.0758,-0.12,4.0
0.408,0.3877,-0.0488,-0.0675,-0.1088,4.1
0.409,0.357,-0.0585,-0.0713,-0.0443,4.5
0.41,0.318,-0.0495,-0.0638,0.0127,4.5
0.411,0.3067,-0.0046,-0.0495,0.0442,4.9
0.412,0.2872,0.03,-0.0458,0.0082,5.3
0.413,0.1657,0.0457,-0.045,0.0142,5.5
0.414,0.0562,0.0607,-0.0308,0.024,5.6
0.415,0.0007,0.0652,0.0015,0.0075,5.8
0.416,-0.0383,0.0532,0.0532,0.0127,6.1
0.417,-0.0465,0.018,0.1252,0.024,6.2
0.418,-0.0713,-0.012,0.2145,0.0577,6.4
0.419,-0.0833,-0.0218,0.2872,0.0577,6.3
0.42,-0.0953,-0.0225,0.3165,0.0532,6.5
0.421,-0.0968,-0.0233,0.324,0.078,6.7
0.422,-0.0923,-0.0315,0.315,0.0585,6.9
0.423,-0.1013,-0.0323,0.2647,0.0127,6.8
0.424,-0.09,-0.0083,0.1897,-0.0195,7.0
0.425,-0.0743,0.0112,0.129,-0.012,7.1
0.426,0.0855,0.0037,0.0802,-0.0443,7.3
0.427,0.4275,0.0052,-0.0053,-0.1058,7.3
0.428,0.498,0.0195,-0.156,-0.066,7.5
0.429,0.1095,0.03,-0.2048,-0.0091,7.7
0.43,-0.3481,0.0247,-0.0473,0.0142,7.9
0.431,-0.6968,0.006,0.0945,0.0862,8.3
0.432,-0.7245,-0.012,0.135,0.2122,8.4
0.433,-0.504,-0.0203,0.1192,0.327,8.4
0.434,-0.2723,-0.0256,0.084,0.3097,8.6
0.435,0.0412,-0.0315,0.0937,0.1665,8.6
0.436,0.2842,-0.0278,0.057,-0.0315,8.9
0.437,0.4552,-0.0158,0.1057,-0.1995,8.7
0.438,0.465,0.003,0.3637,-0.2836,9.0
0.439,0.375,0.015,0.6832,-0.2963,9.0
0.44,0.36,0.018,1.017,-0.261,9.2
0.441,0.4087,0.0255,1.3042,-0.2011,9.3
0.442,0.4875,0.024,1.296,-0.0728,9.4
0.443,0.5325,0.0097,1.185,-0.0098,9.6
0.444,0.5587,0.0007,1.086,-0.0248,9.8
0.445,0.4725,-0.0083,0.996,-0.0346,9.9
0.446,0.3412,-0.0233,0.9127,-0.0443,10.1
0.447,0.1815,-0.0308,0.8385,-0.0308,10.1
0.448,0.0157,-0.0203,0.7695,0.0,10.4
0.449,-0.0998,-0.0105,0.7072,0.0645,10.6
0.45,-0.2535,-0.0105,0.5917,0.0727,10.8
0.451,-0.4043,-0.0091,0.318,0.093,11.2
0.452,-0.5468,-0.0046,-0.048,0.1425,11.4
0.453,-0.6555,0.0082,-0.375,0.057,11.7
0.454,-0.7178,0.0157,-0.615,-0.0743,11.8
0.455,-0.7426,0.0105,-0.7995,-0.1875,11.9
0.456,-0.7193,0.0157,-0.999,-0.2558,12.1
0.457,-0.6908,0.0217,-1.2353,-0.2063,12.4
0.458,-0.6548,0.0195,-1.419,-0.105,12.7
0.459,-0.627,0.0015,-1.5556,0.0045,12.7
0.46,-0.648,-0.0181,-1.6815,0.1012,13.1
0.461,-0.6353,-0.0315,-1.7625,0.1402,13.3
0.462,-0.525,-0.0413,-1.6613,0.1552,13.5
0.463,-0.4163,-0.048,-1.5188,0.1417,13.6
0.464,-0.3068,-0.0608,-1.3875,0.1245,13.9
0.465,-0.222,-0.0555,-1.2698,0.1095,13.9
0.466,-0.1748,-0.0398,-1.1633,-0.012,14.0
0.467,-0.1598,-0.0188,-1.065,-0.0233,13.8
0.468,-0.1643,-0.0038,-0.9765,0.0367,14.2
0.469,-0.1013,-0.0083,-0.8963,-0.0008,14.2
0.47,-0.0375,-0.0256,-0.822,0.0427,14.1
0.471,0.0022,-0.0428,-0.756,0.021,14.3
0.472,0.0382,-0.039,-0.6945,-0.0143,14.3
0.473,0.0675,0.0127,-0.639,0.0082,14.6
0.474,0.0975,0.0825,-0.5625,-0.024,14.4
0.475,0.1095,0.1192,-0.3428,-0.0938,14.5
0.476,0.1657,0.147,-0.0046,-0.2123,14.4
0.477,0.2445,0.1267,0.3277,-0.1418,14.4
0.478,0.2857,0.063,0.6757,-0.0968,14.4
0.479,0.2902,0.0075,1.0372,-0.0683,14.2
0.48,0.2745,-0.0675,1.3575,0.0697,14.4
0.481,0.2595,-0.0765,1.6537,0.0367,14.5
0.482,0.2512,-0.0278,1.8712,0.0937,14.2
0.483,0.2422,-0.0068,1.971,0.081,14.3
0.484,0.2085,0.0045,1.8585,-0.0015,13.9
0.485,0.1777,-0.0053,1.6995,0.0352,14.2
0.486,0.1605,-0.0113,1.5525,-0.0023,14.1
0.487,0.108,-0.0068,1.4197,0.0142,14.3
0.488,0.036,-0.0105,1.2997,0.0045,14.5
0.489,-0.0158,-0.0128,1.1917,0.0217,14.6
0.49,-0.0436,-0.015,1.0935,0.0615,14.8
0.491,-0.0706,-0.0046,1.0027,0.0555,14.9
0.492,-0.0825,-0.003,0.9217,0.0862,15.3
0.493,-0.0533,-0.0158,0.8437,0.0502,15.4
0.494,0.012,-0.0225,0.7395,-0.0105,15.7
0.495,0.0855,-0.03,0.6225,-0.0256,16.2
0.496,0.1305,-0.0233,0.4687,0.0195,16.5
0.497,0.135,-0.0195,0.2625,0.048,16.8
0.498,0.1365,-0.024,0.069,0.0322,17.1
0.499,0.135,-0.0135,-0.1365,-0.0083,17.4
0.5,0.1477,0.0007,-0.3406,-0.0728,17.8
0.501,0.1882,0.0075,-0.5483,-0.0706,17.9
0.502,0.2107,0.0067,-0.7516,-0.0593,18.3
0.503,0.2287,0.009,-0.927,-0.0788,18.7
0.504,0.2415,-0.0015,-1.1018,-0.0158,18.9
0.505,0.2475,-0.0113,-1.2555,0.0915,19.7
0.506,0.2647,-0.0023,-1.3621,0.1822,19.8
0.507,0.282,-0.006,-1.3988,0.2917,20.6
0.508,0.3075,-0.0128,-1.3808,0.2797,20.7
0.509,0.3292,-0.0068,-1.3388,0.2385,21.2
0.51,0.3067,0.0105,-1.2818,0.1995,21.4
0.511,0.2257,0.0217,-1.2008,-0.0405,21.7
0.512,0.144,0.0195,-1.0898,-0.2558,21.9
0.513,0.0735,0.0195,-0.948,-0.3428,22.2
0.514,0.0142,0.0165,-0.7335,-0.2558,22.6
0.515,-0.0075,0.0142,-0.4875,-0.1073,22.7
0.516,-0.0706,0.0097,-0.2505,-0.1448,22.9
0.517,-0.1441,0.018,-0.0158,-0.099,23.3
0.518,-0.207,0.0232,0.1942,-0.0675,23.3
0.519,-0.2363,0.0225,0.3787,-0.1515,23.3
0.52,-0.2175,0.0232,0.48,-0.1208,23.7
0.521,-0.2325,0.003,0.4402,-0.039,23.6
0.522,-0.2453,-0.0098,0.3495,0.0202,23.8
0.523,-0.246,-0.0173,0.3637,0.0195,23.8
0.524,-0.222,-0.0158,0.465,-0.0098,24.0
0.525,-0.198,-0.0015,0.5542,-0.027,24.0
0.526,-0.2011,0.003,0.6067,0.0,24.2
0.527,-0.2011,-0.0053,0.5805,0.0577,24.3
0.528,-0.2228,-0.0143,0.5197,0.0532,24.2
0.529,-0.2333,-0.0158,0.4342,0.0165,24.3
0.53,-0.207,-0.015,0.3277,0.0382,24.2
0.531,-0.1763,0.0015,0.243,0.1357,24.4
0.532,-0.165,0.009,0.18,0.2227,24.4
0.533,-0.1358,0.012,0.1635,0.2122,23.9
0.534,-0.099,0.0187,0.141,0.1065,24.2
0.535,-0.0765,0.0075,0.1147,-0.0105,24.1
0.536,-0.0578,-0.0008,0.1042,-0.0923,23.9
0.537,-0.0578,-0.0046,0.072,-0.1426,24.1
0.538,-0.0361,0.0067,0.0052,-0.1043,23.9
0.539,0.012,0.0142,-0.039,-0.078,23.8
0.54,0.0375,0.0105,-0.063,-0.0683,23.8
0.541,0.0457,0.0067,-0.0765,-0.0165,23.8
0.542,0.0697,0.0127,-0.0495,-0.0128,23.8
0.543,0.054,0.0217,-0.024,0.003,23.4
0.544,0.0142,0.0157,0.0045,0.018,23.6
0.545,0.0067,0.0135,0.0067,0.012,23.7
0.546,-0.003,0.006,-0.0105,0.0232,23.6
0.547,-0.0181,-0.0038,-0.0428,0.042,23.8
0.548,-0.0195,-0.0105,-0.0998,0.078,23.6
0.549,-0.0143,-0.0158,-0.1178,0.1125,23.8
0.55,-0.0158,-0.0188,-0.1163,0.0877,23.9
0.551,-0.006,-0.0098,-0.1125,-0.0015,23.8
0.552,-0.0188,-0.0008,-0.1035,-0.0675,24.0
0.553,-0.0668,-0.0015,-0.099,-0.0923,23.8
0.554,-0.1006,0.0045,-0.096,-0.0353,24.0
0.555,-0.0983,0.0007,-0.0721,0.0007,23.8
0.556,-0.0825,-0.0068,-0.027,-0.006,24.2
0.557,-0.114,-0.0098,0.0067,0.0142,23.7
0.558,-0.12,-0.012,0.0232,-0.0225,24.4
0.559,-0.0706,-0.0105,0.0285,-0.012,23.8
0.56,-0.0525,-0.0128,0.0345,0.0187,23.7
0.561,-0.0233,-0.012,0.0592,0.018,23.8
0.562,0.039,-0.0128,0.0817,0.024,23.6
0.563,0.1012,-0.0128,0.078,0.0067,23.5
0.564,0.1717,-0.0068,0.084,-0.0098,23.6
0.565,0.2542,-0.0038,0.0585,-0.0405,23.4
0.566,0.3502,-0.0015,-0.012,-0.0443,23.4
0.567,0.4425,-0.0083,-0.078,-0.0203,23.5
0.568,0.5205,-0.0128,-0.126,-0.0248,23.3
0.569,0.5835,-0.0068,-0.1568,-0.0578,23.4
0.57,0.6217,0.0135,-0.198,-0.0878,23.3
0.571,0.6405,0.0195,-0.2603,-0.0323,23.5
0.572,0.639,0.006,-0.3323,0.0637,23.2
0.573,0.6112,-0.0083,-0.378,0.141,23.4
0.574,0.567,-0.0233,-0.378,0.129,23.3
0.575,0.5017,-0.0195,-0.3555,-0.0518,23.2
0.576,0.4177,-0.012,-0.3165,-0.1155,23.2
0.577,0.3255,-0.0173,-0.2888,-0.0683,23.2
0.578,0.222,-0.021,-0.2573,-0.0818,23.2
0.579,0.111,-0.0248,-0.2213,0.0435,23.3
0.58,-0.0083,-0.0203,-0.2026,0.1072,23.0
0.581,-0.132,-0.0038,-0.1793,0.0232,23.4
0.582,-0.2483,0.0067,-0.1553,0.0435,23.1
0.583,-0.354,0.0157,-0.1396,0.0255,23.3
0.584,-0.4418,0.021,-0.132,-0.012,23.4
0.585,-0.5108,0.0195,-0.1283,0.0015,23.3
0.586,-0.5521,0.018,-0.1223,0.0142,23.5
0.587,-0.5603,0.0135,-0.1088,0.0457,23.4
0.588,-0.5551,0.0075,-0.1013,0.06,23.6
0.589,-0.5348,-0.0015,-0.0968,0.069,23.6
0.59,-0.501,-0.0008,-0.0698,-0.0428,23.4
0.591,-0.4575,0.0037,-0.0158,-0.1373,23.8
0.592,-0.4058,0.0045,0.0525,-0.078,23.7
0.593,-0.3496,0.0045,0.1185,-0.0383,23.7
0.594,-0.2798,0.003,0.156,-0.0128,23.6
0.595,-0.216,0.003,0.1537,-0.003,23.7
0.596,-0.1688,0.0007,0.1462,-0.0046,23.8
0.597,-0.1411,0.0,0.1372,0.0022,23.6
0.598,-0.1178,0.0007,0.1455,0.0022,23.6
0.599,-0.0983,0.0052,0.1792,0.0067,23.6
0.6,-0.0893,0.0082,0.1927,0.003,23.5
0.601,-0.0803,0.0097,0.1747,0.0037,23.8
0.602,-0.0706,0.0112,0.1477,0.003,23.4
0.603,-0.0405,0.0052,0.126,0.0007,23.7
0.604,-0.003,0.0045,0.1102,-0.0023,23.4
0.605,0.039,0.003,0.0937,-0.0053,23.7
0.606,0.09,-0.0008,0.0825,0.0135,23.6
0.607,0.1305,0.0037,0.075,0.024,23.6
0.608,0.1612,0.0015,0.0742,-0.0105,23.5
0.609,0.1815,0.003,0.0877,-0.033,23.4
0.61,0.2047,-0.0008,0.0757,0.0007,23.4
0.611,0.2415,-0.0091,0.0502,0.0315,23.5
0.612,0.2752,-0.0091,0.0082,0.0247,23.4
0.613,0.2872,-0.0113,-0.054,0.0555,23.4
0.614,0.276,-0.0105,-0.0773,0.093,23.5
0.615,0.2595,-0.0046,-0.0825,0.042,23.3
0.616,0.246,-0.0008,-0.0765,-0.0135,23.6
0.617,0.2287,0.0037,-0.0615,-0.057,23.3
0.618,0.2002,0.006,-0.0503,-0.0285,23.5
0.619,0.1732,0.0007,-0.0405,0.006,23.4
0.62,0.1402,-0.0038,-0.027,-0.0195,23.5
0.621,0.1095,-0.0038,-0.0046,0.0082,23.7
0.622,0.0975,-0.003,0.009,-0.0083,23.5
0.623,0.084,-0.003,0.033,-0.0068,23.7
0.624,0.0667,-0.003,0.0495,0.0007,23.4
0.625,0.0487,-0.003,0.0615,-0.0143,23.6
0.626,0.03,-0.0023,0.0847,0.0,23.5
0.627,0.0165,-0.0015,0.108,-0.0105,23.4
0.628,0.0007,-0.0008,0.1387,-0.0023,23.6
0.629,-0.0105,0.0015,0.1635,-0.0038,23.0
0.63,-0.0203,0.0022,0.1845,-0.0046,23.4
0.631,-0.0293,0.0045,0.1897,-0.006,23.4
0.632,-0.039,0.003,0.2047,-0.015,23.3
0.633,-0.0488,0.003,0.225,-0.0105,23.3
0.634,-0.0608,0.0015,0.237,-0.0158,23.1
0.635,-0.0683,-0.0015,0.2422,-0.0091,23.3
0.636,-0.0735,-0.0046,0.243,0.0037,23.2
0.637,-0.0706,-0.0075,0.249,0.0097,23.4
0.638,-0.0668,-0.0053,0.2565,0.0022,23.1
0.639,-0.0683,-0.0046,0.2557,0.0067,22.9
0.64,-0.0683,-0.006,0.2445,0.0067,23.1
0.641,-0.0683,-0.0023,0.2325,-0.006,23.0
0.642,-0.0653,0.0015,0.2085,0.0007,22.9
0.643,-0.06,0.0,0.1852,-0.0046,22.9
0.644,-0.063,-0.003,0.1635,-0.0038,22.9
0.645,-0.0691,-0.0068,0.1357,-0.003,22.9
0.646,-0.0713,-0.0046,0.108,-0.0023,22.9
0.647,-0.0645,-0.0015,0.0787,0.0045,22.9
0.648,-0.0593,0.0007,0.0457,0.0015,22.8
0.649,-0.0518,0.0007,0.0082,0.0007,22.7
0.65,-0.0443,-0.0015,-0.0308,-0.0015,22.9
0.651,-0.042,0.0,-0.0691,0.0007,22.6
0.652,-0.0405,-0.0015,-0.0968,0.0045,22.9
0.653,-0.0405,-0.0023,-0.1193,0.0067,22.8
0.654,-0.0361,-0.0015,-0.1448,0.009,22.7
0.655,-0.0256,0.0015,-0.1696,0.009,22.8
0.656,-0.0165,0.0015,-0.195,0.0015,22.7
0.657,-0.0158,-0.0008,-0.2175,-0.015,22.7
0.658,-0.0143,-0.0008,-0.2378,-0.0188,22.6
0.659,-0.0135,0.0007,-0.2475,-0.0098,22.6
0.66,-0.012,0.0007,-0.2498,0.0007,22.7
0.661,-0.0135,-0.0015,-0.2475,-0.0008,22.4
0.662,-0.0195,-0.0038,-0.2415,-0.0008,22.7
0.663,-0.024,-0.0038,-0.2295,0.0037,22.5
0.664,-0.0248,-0.003,-0.21,-0.0008,22.4
0.665,-0.0293,-0.0015,-0.1935,-0.0053,22.5
0.666,-0.0353,-0.0008,-0.1756,-0.006,22.1
0.667,-0.0383,0.0022,-0.1523,0.0007,22.5
0.668,-0.0428,0.0037,-0.129,-0.0015,22.2
0.669,-0.042,0.0015,-0.1006,0.0007,22.3
0.67,-0.0361,-0.0008,-0.0735,0.0045,22.4
0.671,-0.03,-0.0038,-0.0525,0.0045,22.0
0.672,-0.0188,-0.0068,-0.033,0.018,22.0
0.673,-0.0091,-0.0075,-0.015,0.027,22.0
0.674,-0.0046,-0.0015,0.003,0.0165,22.0
0.675,-0.0046,0.003,0.024,0.0082,21.9
0.676,-0.0068,0.0,0.042,0.0195,22.0
0.677,-0.0046,-0.0046,0.0615,-0.0128,21.9
0.678,-0.0015,0.0,0.078,-0.0653,21.6
0.679,0.0067,0.003,0.093,0.0217,21.6
0.68,0.0165,-0.0023,0.105,0.093,21.6
0.681,0.0195,-0.0015,0.1132,-0.0218,21.4
0.682,0.0195,0.0,0.1215,-0.0713,21.6
0.683,0.0187,-0.0015,0.1215,-0.0293,21.4
0.684,0.018,0.0037,0.1222,-0.039,21.3
0.685,0.0195,0.0067,0.12,-0.0503,21.3
0.686,0.0165,0.0105,0.1162,-0.057,21.2
0.687,0.018,0.0067,0.1147,-0.0443,21.4
0.688,0.018,-0.0015,0.1155,-0.0023,21.0
0.689,0.0202,-0.0053,0.1147,0.048,21.0
0.69,0.021,-0.012,0.1102,0.0967,21.0
0.691,0.021,-0.012,0.1065,0.105,21.0
0.692,0.0195,-0.0038,0.1005,0.0367,20.8
0.693,0.015,0.0045,0.0892,-0.0405,21.0
0.694,0.0135,0.0045,0.0705,-0.0375,20.9
0.695,0.0067,0.0,0.0495,0.024,20.9
0.696,0.0015,-0.003,0.0307,0.012,20.7
0.697,-0.0053,0.0015,0.012,-0.027,20.8
0.698,-0.0256,0.0022,-0.0015,-0.0008,20.6
0.699,-0.0488,0.0007,-0.012,0.0195,20.7
0.7,-0.0533,-0.0023,-0.0181,0.0502,20.6
0.701,-0.045,-0.0075,-0.027,0.0352,20.5
0.702,-0.06,-0.0008,-0.0405,0.0142,20.4
0.703,-0.0691,-0.0015,-0.0555,0.0112,20.3
0.704,-0.0706,-0.0015,-0.0713,-0.0375,20.4
0.705,-0.0735,-0.0015,-0.0825,-0.0413,20.2
0.706,-0.0653,-0.003,-0.0818,-0.0181,20.2
0.707,-0.0578,-0.0015,-0.0721,-0.0068,20.1
0.708,-0.0503,-0.0008,-0.066,-0.0091,20.1
0.709,-0.0443,0.0015,-0.0653,-0.0053,20.1
0.71,-0.0293,0.0015,-0.0638,-0.0046,20.1
0.711,-0.0181,0.0037,-0.063,-0.0105,19.8
0.712,-0.0165,0.003,-0.063,-0.0083,19.8
0.713,-0.0165,0.003,-0.06,-0.012,19.6
0.714,-0.0158,-0.0008,-0.054,-0.0105,19.8
0.715,-0.012,-0.0023,-0.0518,-0.012,19.7
0.716,-0.0008,-0.0008,-0.0428,-0.0053,19.5
0.717,0.0165,-0.003,-0.0323,0.0052,19.5
0.718,0.027,-0.0023,-0.0233,0.0015,19.3
0.719,0.0322,-0.0008,-0.021,0.003,19.6
0.72,0.0337,0.0,-0.0218,0.003,19.3
0.721,0.0382,-0.0008,-0.0158,0.0015,19.3
0.722,0.0405,0.0015,-0.0083,0.0022,19.3
0.723,0.039,0.0015,-0.0023,0.0007,19.3
0.724,0.045,0.0015,0.003,-0.0015,19.2
0.725,0.0502,0.0015,0.0105,-0.0008,19.1
0.726,0.054,0.0007,0.0157,-0.0015,19.2
0.727,0.0532,0.0015,0.0202,-0.0046,19.0
0.728,0.0517,0.0015,0.0232,-0.003,19.0
0.729,0.048,0.003,0.027,-0.0015,19.0
0.73,0.0465,0.0007,0.0315,0.0007,18.9
0.731,0.0465,-0.0015,0.0262,0.0082,18.8
0.732,0.0442,-0.006,0.0255,0.0172,18.9
0.733,0.0405,-0.0091,0.0262,0.0112,18.7
0.734,0.0382,-0.0038,0.027,-0.0015,18.7
0.735,0.0345,-0.0015,0.027,-0.003,18.5
0.736,0.0285,0.0007,0.0255,-0.012,18.6
0.737,0.0255,0.0015,0.0225,-0.0068,18.4
0.738,0.0202,0.0,0.0157,0.009,18.4
0.739,0.0105,-0.0008,0.0082,-0.006,18.4
0.74,0.0015,0.0007,0.003,-0.024,18.3
0.741,-0.0023,0.0007,-0.0015,-0.0218,18.3
0.742,-0.0008,0.0007,-0.0075,-0.0015,18.1
0.743,0.0,-0.0015,-0.015,0.0045,18.0
0.744,0.003,-0.003,-0.0173,0.0015,18.1
0.745,0.0052,-0.0008,-0.0203,0.0022,17.6
0.746,0.006,-0.0015,-0.0195,-0.012,18.0
0.747,0.0052,0.0,-0.0203,-0.0128,17.5
0.748,0.0,0.0015,-0.027,-0.0203,17.6
0.749,-0.0046,0.0015,-0.0308,-0.0256,17.5
0.75,-0.0023,0.0007,-0.0323,0.0022,17.5
0.751,-0.0023,0.0,-0.033,0.0502,17.6
0.752,-0.0038,-0.003,-0.0323,0.0712,17.3
0.753,-0.0038,-0.0008,-0.0315,0.051,17.4
0.754,-0.0046,0.0045,-0.03,0.0615,17.3
0.755,-0.0046,0.0022,-0.0293,0.0517,17.3
0.756,-0.0068,0.0,-0.0248,-0.0293,17.1
0.757,-0.0068,-0.0068,-0.021,-0.0848,17.0
0.758,-0.006,-0.006,-0.0195,-0.0653,17.0
0.759,-0.0083,-0.0038,-0.0165,-0.0181,17.2
0.76,-0.0091,-0.0105,-0.0143,0.0315,16.9
0.761,-0.0098,-0.015,-0.0091,0.045,17.0
0.762,-0.0091,-0.0143,-0.0068,0.0142,16.8
0.763,-0.006,-0.0091,-0.0046,0.0157,16.8
0.764,-0.0046,-0.0023,-0.0023,-0.0181,16.7
0.765,-0.0038,0.0052,0.0015,-0.039,16.6
0.766,-0.0046,0.006,0.006,-0.0195,16.6
0.767,-0.0008,0.0045,0.0067,-0.0495,16.5
0.768,0.0,0.0075,0.0082,-0.0368,16.6
0.769,0.0015,0.0075,0.0105,-0.0188,16.4
0.77,0.0007,0.009,0.0142,-0.027,16.3
0.771,0.0015,0.0082,0.0142,0.0007,16.3
0.772,0.003,0.0007,0.0075,0.0465,16.2
0.773,0.0015,-0.0083,0.012,0.1035,16.3
0.774,-0.0008,-0.0098,0.0202,0.099,16.1
0.775,-0.0008,-0.0105,0.0225,0.0225,16.0
0.776,0.0007,-0.0038,0.0337,-0.03,15.9
0.777,-0.0008,0.0015,0.0405,-0.063,15.8
0.778,-0.0015,0.0022,0.036,-0.0375,15.9
0.779,0.0067,-0.0008,0.0277,0.0382,15.7
0.78,0.0127,-0.006,0.0127,0.0202,15.6
0.781,0.009,-0.0023,0.0015,0.0015,15.7
0.782,0.0052,-0.0008,-0.0083,-0.0518,15.4
0.783,0.0007,0.0022,-0.0143,-0.1208,15.3
0.784,-0.0008,0.0045,-0.0188,-0.0615,15.1
0.785,0.0015,0.0052,-0.0218,-0.015,15.2
0.786,0.006,0.003,-0.024,0.0105,15.2
0.787,0.012,-0.0015,-0.0256,0.027,15.0
0.788,0.0195,-0.0015,-0.0233,0.0262,15.0
0.789,0.0187,-0.003,-0.024,0.0555,15.0
0.79,0.015,-0.0068,-0.0256,0.048,14.8
0.791,0.0142,-0.0098,-0.0256,0.0007,14.8
0.792,0.012,-0.0098,-0.0218,-0.0353,14.7
0.793,0.0075,-0.006,-0.0181,-0.0668,14.8
0.794,0.0045,0.0022,-0.0181,-0.0533,14.5
0.795,0.0007,0.015,-0.0195,0.0045,14.7
0.796,0.0007,0.0112,-0.0181,0.0015,14.3
0.797,-0.0008,0.003,-0.0181,0.0382,14.4
0.798,-0.0053,0.0015,-0.0218,0.063,14.1
0.799,-0.006,-0.0015,-0.0195,0.0097,14.2
0.8,-0.0098,0.0007,-0.015,0.0202,14.1
0.801,-0.0113,0.0022,-0.012,0.003,14.0
0.802,-0.012,0.0007,-0.0128,-0.0135,14.1
0.803,-0.012,0.0,-0.0128,-0.0128,13.9
0.804,-0.0105,0.0,-0.012,-0.0046,13.8
0.805,-0.0105,0.0,-0.012,0.0375,13.8
0.806,-0.0068,-0.0038,-0.0091,0.0082,13.6
0.807,-0.0053,-0.0046,-0.0083,0.0045,13.5
0.808,-0.0098,-0.0046,-0.0143,0.018,13.5
0.809,-0.0203,-0.0046,-0.021,0.0007,13.1
0.81,-0.03,-0.0038,-0.0233,-0.0083,13.4
0.811,-0.03,-0.003,-0.0248,-0.0165,13.0
0.812,-0.027,-0.0015,-0.027,-0.0158,13.2
0.813,-0.0346,-0.0046,-0.0293,0.0142,13.0
0.814,-0.0436,-0.0068,-0.024,0.0855,13.0
0.815,-0.0405,-0.006,-0.015,0.0712,13.0
0.816,-0.03,0.003,-0.0053,0.0322,12.8
0.817,-0.0203,0.009,0.0045,-0.0128,12.7
0.818,-0.0083,0.009,0.0105,-0.09,12.6
0.819,0.0067,0.0067,0.0082,-0.054,12.5
0.82,0.0052,0.0015,0.0015,-0.0165,12.6
0.821,-0.0046,0.0007,-0.003,-0.0225,12.3
0.822,-0.0091,-0.0008,-0.0075,-0.0068,12.5
0.823,-0.0091,-0.0023,-0.0165,-0.0083,12.1
0.824,-0.0053,-0.0023,-0.0218,0.006,12.2
0.825,-0.0015,-0.0023,-0.027,0.012,12.0
0.826,-0.0023,-0.0023,-0.03,0.0105,12.0
0.827,-0.0015,-0.0008,-0.0308,0.009,12.1
0.828,-0.0023,0.0,-0.0315,-0.003,11.7
0.829,-0.0046,0.0,-0.0293,-0.0181,11.8
0.83,0.0022,0.0037,-0.0233,-0.0165,11.6
0.831,0.0135,0.003,-0.0165,0.012,11.8
0.832,0.0225,-0.0008,-0.0083,0.0105,11.6
0.833,0.0277,-0.003,-0.0015,0.0045,11.5
0.834,0.0292,-0.0015,0.0015,-0.0046,11.5
0.835,0.0307,0.0,0.006,-0.0285,11.6
0.836,0.0292,0.0015,0.0075,-0.0046,11.3
0.837,0.0285,-0.0015,0.0082,0.0097,11.5
0.838,0.027,-0.0053,0.0105,-0.0015,11.3
0.839,0.0337,-0.0046,0.0165,-0.0015,11.2
0.84,0.1222,-0.0038,0.0195,-0.0158,11.1
0.841,0.258,-0.0046,0.0172,-0.0053,11.0
0.842,0.1455,-0.003,0.015,0.0082,11.0
0.843,-0.063,-0.0015,0.0052,0.003,10.9
0.844,-0.0465,-0.0015,-0.003,0.0112,11.0
0.845,0.0082,-0.0023,-0.0046,0.0067,10.7
0.846,0.1882,-0.0053,-0.0165,0.0045,10.9
0.847,0.372,-0.0053,-0.0353,0.0045,10.7
0.848,0.4117,-0.0015,-0.0563,0.0015,10.7
0.849,0.399,-0.0008,-0.0878,0.0015,10.4
0.85,0.2085,0.0022,-0.114,0.0,10.5
0.851,0.0082,0.0007,-0.1298,0.0022,10.4
0.852,-0.1538,0.0007,-0.1463,0.0015,10.5
0.853,-0.2881,0.0015,-0.1515,0.003,10.4
0.854,-0.3451,0.0007,-0.1403,0.0022,10.4
0.855,-0.3818,0.0007,-0.114,0.0007,10.3
0.856,-0.381,0.0,-0.0728,0.0007,10.4
0.857,-0.3923,-0.0008,-0.0256,-0.0008,10.1
0.858,-0.4028,-0.0015,0.0232,0.0007,10.3
0.859,-0.3915,0.0015,0.0637,0.0,10.4
0.86,-0.3615,0.0007,0.108,0.0007,10.2
0.861,-0.3203,0.0007,0.1612,0.0007,10.3
0.862,-0.2595,0.0007,0.2175,-0.0008,9.8
0.863,-0.2033,0.0007,0.2752,0.0007,10.1
0.864,-0.1553,-0.0008,0.3322,0.0,9.9
0.865,-0.1006,-0.0008,0.3772,-0.0008,10.0
0.866,-0.0533,-0.0008,0.4065,-0.003,9.9
0.867,0.0465,-0.0023,0.42,-0.003,9.9
0.868,0.1942,-0.0015,0.4237,-0.0015,9.9
0.869,0.282,-0.003,0.4162,0.0007,9.7
0.87,0.2932,-0.0023,0.4057,0.0045,9.7
0.871,0.2857,-0.0008,0.3847,0.0037,9.9
0.872,0.2497,-0.0015,0.3622,0.0015,9.7
0.873,0.1822,-0.0023,0.3405,-0.0015,9.9
0.874,0.1132,-0.0038,0.309,-0.0046,9.5
0.875,0.063,-0.0038,0.2752,-0.0046,9.7
0.876,0.0405,-0.0046,0.2355,-0.0053,9.5
0.877,0.0427,-0.0008,0.186,-0.0038,9.5
0.878,0.0592,0.0037,0.1402,0.0007,9.5
0.879,0.078,0.003,0.1155,-0.0008,9.6
0.88,0.102,0.0015,0.075,0.0,9.5
0.881,0.1222,0.0015,0.0105,0.0015,9.5
0.882,0.1387,0.0015,-0.0653,0.0022,9.4
0.883,0.15,0.0007,-0.1553,0.003,9.3
0.884,0.1552,0.0015,-0.243,0.0,9.5
0.885,0.1582,0.0007,-0.318,-0.0015,9.4
0.886,0.1627,-0.003,-0.3555,-0.003,9.3
0.887,0.1642,-0.0053,-0.3548,-0.0015,9.3
0.888,0.162,-0.0068,-0.3315,0.0067,9.3
0.889,0.1447,-0.0053,-0.2895,0.0112,9.2
0.89,0.1065,0.0,-0.234,0.0127,9.3
0.891,0.072,0.0037,-0.1748,0.012,9.1
0.892,0.0367,0.0007,-0.1125,-0.0053,9.3
0.893,-0.0008,-0.0038,-0.0518,-0.0293,9.1
0.894,-0.0308,0.0,-0.0068,-0.024,9.3
0.895,-0.0683,0.0015,0.0165,-0.006,9.3
0.896,-0.0975,0.0007,0.0375,-0.003,9.1
0.897,-0.1065,0.0015,0.06,-0.0008,9.2
0.898,-0.0878,0.003,0.0532,0.0007,9.2
0.899,-0.0706,0.0037,0.0262,0.0007,9.1
0.9,-0.0638,0.0015,-0.0135,0.0015,9.0
0.901,-0.0638,0.0007,-0.0893,0.0015,9.0
0.902,-0.075,0.0007,-0.1845,0.0015,9.0
0.903,-0.0698,0.0015,-0.3053,-0.0015,9.0
0.904,-0.0675,0.0015,-0.4313,-0.0015,9.0
0.905,-0.0706,0.0,-0.5521,-0.0015,8.9
0.906,-0.0743,-0.0015,-0.6398,-0.003,9.0
0.907,-0.0758,-0.0015,-0.6781,-0.003,9.0
0.908,-0.0675,0.0007,-0.6713,-0.0023,8.9
0.909,-0.0578,-0.0015,-0.6353,-0.0015,9.0
0.91,-0.0436,-0.0023,-0.5918,-0.0015,8.7
0.911,-0.033,0.0007,-0.5408,-0.0015,8.7
0.912,-0.024,-0.0008,-0.4755,-0.0008,9.0
0.913,-0.0173,0.0,-0.372,0.0007,8.8
0.914,-0.0158,-0.0008,-0.24,-0.0015,8.7
0.915,-0.0143,-0.0015,-0.1208,-0.0038,8.8
0.916,-0.0158,-0.003,-0.0105,-0.0023,8.7
0.917,-0.021,-0.0023,0.087,-0.0015,9.0
0.918,-0.0218,0.0007,0.1717,0.0007,8.5
0.919,-0.0195,0.0007,0.2542,0.003,8.9
0.92,-0.0308,0.0037,0.3157,0.0052,8.8
0.921,-0.0375,0.0015,0.363,0.003,8.9
0.922,-0.0368,0.0,0.4027,0.0022,8.6
0.923,-0.0443,0.0007,0.4312,0.0015,8.7
0.924,-0.0436,-0.0008,0.4507,-0.0008,8.7
0.925,-0.0293,-0.003,0.4665,0.0015,8.5
0.926,-0.0218,-0.0053,0.4747,0.0007,8.8
0.927,-0.0203,-0.0053,0.4552,0.0015,8.6
0.928,-0.0158,-0.0046,0.42,0.0022,8.7
0.929,-0.0075,-0.0023,0.3862,0.0,8.6
0.93,0.0,-0.0023,0.3412,0.0007,8.6
0.931,0.0045,0.0,0.2925,-0.0008,8.7
0.932,0.0127,0.0015,0.2392,0.0007,8.5
0.933,0.0232,-0.0015,0.1897,0.0015,8.6
0.934,0.0345,-0.0008,0.141,0.0007,8.8
0.935,0.048,-0.0015,0.0885,0.0015,8.5
0.936,0.0577,0.0007,0.045,0.0007,8.6
0.937,0.0615,0.0015,0.0127,0.0015,8.8
0.938,0.063,0.0007,-0.012,-0.0008,8.7
0.939,0.0615,0.0,-0.0285,-0.0008,8.8
0.94,0.0645,0.0,-0.045,0.0015,8.5
0.941,0.0675,0.0015,-0.0555,-0.0015,8.7
0.942,0.0637,-0.0015,-0.0615,0.0,8.7
0.943,0.051,-0.0023,-0.0691,0.0,8.7
0.944,0.0255,-0.0008,-0.0706,0.0007,8.7
0.945,-0.0046,0.0,-0.0638,0.0007,8.8
0.946,-0.021,0.0007,-0.042,-0.0008,8.7
0.947,-0.0308,0.003,-0.0181,0.0007,8.9
0.948,-0.0383,0.0045,-0.0015,-0.0008,8.9
0.949,-0.0428,0.0022,0.0067,0.0007,9.0
0.95,-0.0458,0.0007,0.021,0.003,8.7
0.951,-0.042,0.0045,0.033,0.0015,9.0
0.952,-0.0353,0.003,0.039,0.0015,8.7
0.953,-0.027,0.0007,0.0472,0.0037,9.0
0.954,-0.021,0.0015,0.0465,0.0052,8.9
0.955,-0.0165,-0.0015,0.0502,0.0052,8.8
0.956,-0.012,-0.0015,0.0637,0.0045,9.0
0.957,-0.0128,-0.0038,0.0712,0.0022,9.0
0.958,-0.003,-0.0038,0.072,0.003,9.2
0.959,0.003,-0.0008,0.069,0.0037,9.0
0.96,0.0007,-0.003,0.0667,0.0015,9.2
0.961,0.009,-0.0015,0.0615,0.0022,8.9
0.962,0.0142,0.0007,0.054,0.0007,9.1
0.963,0.018,0.0007,0.0577,-0.0008,9.2
0.964,0.009,-0.0008,0.0585,-0.0008,9.1
0.965,-0.0256,-0.003,0.0495,0.0,9.0
0.966,-0.0653,-0.0015,0.0427,0.0007,9.2
0.967,-0.1163,0.0,0.0277,0.0022,9.2
0.968,-0.1748,-0.0008,0.012,0.003,9.4
0.969,-0.2363,-0.003,-0.0015,0.003,9.2
0.97,-0.2888,-0.0038,-0.0203,-0.0008,9.3
0.971,-0.3045,-0.003,-0.0353,-0.0046,9.3
0.972,-0.2806,-0.0023,-0.0488,-0.0046,9.1
0.973,-0.216,-0.0023,-0.0615,-0.0023,9.5
0.974,-0.1178,-0.0046,-0.0803,-0.003,9.3
0.975,0.009,-0.003,-0.1035,-0.003,9.5
0.976,0.141,-0.0023,-0.1215,-0.0008,9.3
0.977,0.2505,-0.0015,-0.1388,0.0007,9.6
0.978,0.3277,-0.0008,-0.1515,0.0007,9.3
0.979,0.3607,0.0,-0.1605,0.0045,9.5
0.98,0.351,-0.0008,-0.168,0.003,9.6
0.981,0.3157,0.0,-0.1688,-0.0008,9.6
0.982,0.2752,0.0,-0.165,-0.0015,9.7
0.983,0.24,-0.0008,-0.159,-0.0008,9.7
0.984,0.1987,0.0,-0.1523,0.0007,9.7
0.985,0.1477,-0.0015,-0.1448,-0.0008,9.8
0.986,0.1027,-0.0015,-0.1388,-0.0015,9.8
0.987,0.066,-0.0023,-0.1335,-0.0046,9.9
0.988,0.0405,-0.003,-0.1305,-0.0083,9.9
0.989,0.0232,-0.0015,-0.1253,-0.0091,9.9
0.99,0.0082,-0.003,-0.1185,-0.006,10.3
0.991,0.0022,-0.0008,-0.1178,-0.003,9.9
0.992,-0.0046,-0.0008,-0.1095,-0.0008,10.3
0.993,-0.0068,-0.0023,-0.0953,-0.0008,10.1
0.994,-0.0053,-0.003,-0.0825,-0.0015,10.2
0.995,-0.0083,-0.003,-0.0698,-0.0015,10.3
0.996,-0.0181,-0.0023,-0.057,-0.0023,10.3
0.997,-0.0368,-0.0008,-0.0383,-0.0008,10.4
0.998,-0.048,-0.0008,-0.0218,-0.0008,10.6
0.999,-0.057,-0.0015,-0.0105,-0.0015,10.5
1.0,-0.0638,-0.0015,0.0052,0.0007,10.7
1.001,-0.0721,0.003,0.0082,0.0015,10.7
1.002,-0.0945,0.0052,0.0045,0.0022,10.9
1.003,-0.1133,0.003,0.0,0.0,11.0
1.004,-0.1178,0.0007,-0.0053,-0.0008,10.9
1.005,-0.1028,-0.0008,-0.0083,0.0007,11.1
1.006,-0.0788,-0.0008,-0.0053,0.0007,11.2
1.007,-0.0721,-0.0008,0.0067,0.0007,11.3
1.008,-0.0706,-0.0008,0.024,-0.0008,11.3
1.009,-0.0608,0.0,0.0337,-0.0008,11.5
1.01,-0.0593,0.0045,0.0315,-0.0008,11.6
1.011,-0.0518,0.0052,0.0405,-0.0023,11.6
1.012,-0.0353,0.0007,0.0502,-0.003,11.6
1.013,-0.021,0.0015,0.0547,-0.0015,12.0
1.014,-0.0083,0.0022,0.0637,-0.003,11.9
1.015,-0.003,0.0015,0.0675,-0.0038,12.1
1.016,-0.0015,0.0022,0.0712,-0.0023,12.0
1.017,0.0015,0.0007,0.0742,-0.003,12.4
1.018,-0.0015,0.0007,0.078,-0.0023,12.3
1.019,-0.0023,-0.0008,0.0825,-0.003,12.5
1.02,0.0007,-0.0008,0.0862,-0.003,12.6
1.021,0.006,-0.0015,0.0892,-0.0015,12.5
1.022,0.012,-0.0023,0.0915,-0.0023,12.8
1.023,0.0165,-0.0015,0.09,-0.003,12.7
1.024,0.0195,-0.0015,0.0862,-0.0015,13.0
1.025,0.0157,-0.0008,0.0825,-0.0008,12.8
1.026,0.012,0.0007,0.0795,-0.0008,13.0
1.027,0.009,-0.0008,0.0765,-0.0015,13.2
1.028,0.0067,-0.0015,0.0712,-0.0015,13.4
1.029,0.0067,-0.0023,0.0675,-0.0015,13.4
1.03,0.0045,-0.0046,0.0615,-0.0008,13.4
1.031,0.0082,-0.0046,0.0532,0.0007,13.5
1.032,0.0232,-0.0015,0.0427,-0.0008,13.9
1.033,0.0082,-0.0008,0.0337,-0.003,13.9
1.034,-0.0248,-0.0023,0.0247,-0.003,13.9
1.035,-0.0181,-0.0015,0.018,-0.0038,14.0
1.036,0.0015,-0.0008,0.015,-0.0046,14.1
1.037,0.0142,-0.0008,0.0105,-0.003,14.6
1.038,0.0315,-0.0015,0.0105,-0.0038,14.3
1.039,0.0405,-0.003,0.0105,-0.0053,14.5
1.04,0.048,-0.0015,0.0097,-0.0053,14.4
1.041,0.048,-0.0023,0.0082,-0.0046,14.8
1.042,0.0457,-0.0008,0.0082,-0.003,14.9
1.043,0.042,-0.0008,0.009,-0.0015,14.8
1.044,0.0337,-0.0008,0.009,-0.0008,15.1
1.045,0.0232,0.0007,0.0105,-0.0008,15.3
1.046,0.0165,0.0007,0.0135,0.0,15.3
1.047,0.0075,-0.0008,0.0157,-0.0023,15.5
1.048,-0.0053,-0.0038,0.0165,-0.003,15.5
1.049,-0.0113,-0.003,0.0157,-0.0008,15.7
1.05,-0.0181,0.0,0.0195,-0.0008,15.5
1.051,-0.0203,0.0022,0.0202,-0.0008,15.9
1.052,-0.0181,0.003,0.018,0.0007,15.8
1.053,-0.0173,0.003,0.0135,0.0015,16.0
1.054,-0.0105,0.0015,0.009,0.0007,16.2
1.055,-0.003,-0.0008,0.0052,0.0,16.2
1.056,0.003,0.0007,0.0007,0.0,16.3
1.057,0.0082,0.0007,-0.0046,0.0015,16.4
1.058,0.012,0.0007,-0.0083,0.003,16.5
1.059,0.0165,0.0,-0.0128,0.0007,16.8
1.06,0.0195,-0.0015,-0.015,0.0,16.9
1.061,0.0217,0.0,-0.0158,-0.0015,16.8
1.062,0.0232,-0.0023,-0.0181,-0.0038,17.1
1.063,0.0262,-0.0008,-0.0195,-0.0015,17.0
1.064,0.0307,-0.0023,-0.021,-0.0023,17.5
1.065,0.03,-0.0046,-0.0233,-0.0023,17.3
1.066,0.0285,-0.0053,-0.0263,-0.0023,17.7
1.067,0.0292,-0.0053,-0.0293,-0.0008,17.5
1.068,0.0307,-0.003,-0.0315,-0.0008,17.7
1.069,0.033,-0.0023,-0.0353,-0.0038,17.9
1.07,0.0322,0.0007,-0.0383,-0.003,17.9
1.071,0.0277,0.0015,-0.0375,-0.0015,18.2
1.072,0.0217,0.0015,-0.0346,-0.0008,18.1
1.073,0.0187,0.0015,-0.033,0.0015,18.4
1.074,0.0142,-0.0008,-0.0346,0.0007,18.5
1.075,0.009,0.0015,-0.0383,0.0,18.6
1.076,0.0045,0.0007,-0.0405,-0.0015,18.9
1.077,-0.0046,-0.0008,-0.0443,-0.0023,19.0
1.078,-0.015,-0.0023,-0.048,-0.0015,19.2
1.079,-0.0233,-0.0023,-0.054,-0.0015,19.3
1.08,-0.03,-0.0008,-0.0578,-0.0015,19.4
1.081,-0.0405,0.0015,-0.0615,-0.0015,19.7
1.082,-0.0518,0.0015,-0.0653,-0.0008,19.8
1.083,-0.0593,0.0015,-0.0713,-0.0015,20.1
1.084,-0.0653,0.0015,-0.0788,-0.0023,20.3
1.085,-0.0698,-0.0008,-0.0818,-0.0008,20.5
1.086,-0.0721,0.0007,-0.0856,0.0,20.8
1.087,-0.075,0.0,-0.0818,0.0007,20.9
1.088,-0.0735,-0.0015,-0.075,0.0022,21.3
1.089,-0.0743,-0.0008,-0.0728,0.0037,21.3
1.09,-0.0698,-0.0015,-0.0668,0.003,21.7
1.091,-0.06,-0.0023,-0.063,0.0015,21.9
1.092,-0.0518,-0.003,-0.0555,0.0015,22.1
1.093,-0.0383,-0.0015,-0.0488,0.0015,22.3
1.094,-0.0256,-0.0023,-0.0428,0.0022,22.6
1.095,-0.0143,-0.0023,-0.0346,0.0015,22.9
1.096,0.0007,-0.0015,-0.024,0.0015,23.1
1.097,0.0127,0.0,-0.015,0.0015,23.3
1.098,0.0255,-0.0015,-0.0083,0.0015,23.8
1.099,0.0352,-0.003,-0.0046,0.0015,23.6
1.1,0.0435,-0.0046,-0.0015,0.0007,24.1
1.101,0.0495,-0.003,0.0007,0.0007,24.2
1.102,0.054,-0.0008,0.003,-0.0015,24.4
1.103,0.0585,-0.0015,0.003,-0.0015,24.6
1.104,0.0592,-0.0023,0.003,-0.0008,25.0
1.105,0.0555,-0.0046,0.003,-0.0015,25.2
1.106,0.051,-0.003,0.0052,0.0,25.3
1.107,0.0517,-0.0023,0.0067,0.0007,25.4
1.108,0.048,-0.003,0.0112,0.0022,25.7
1.109,0.042,-0.0023,0.024,0.0037,26.0
1.11,0.0382,-0.003,0.066,0.0037,26.3
1.111,0.0307,-0.0046,0.1552,0.0037,26.5
1.112,0.0232,-0.0046,0.2902,0.0037,26.8
1.113,0.0195,-0.0038,0.435,0.0052,27.0
1.114,0.012,-0.003,0.5715,0.0052,27.1
1.115,0.0082,-0.003,0.6525,0.003,27.6
1.116,0.006,-0.0008,0.5797,0.0045,27.5
1.117,0.003,-0.0023,0.417,0.0052,28.2
1.118,-0.0008,-0.003,0.2572,0.0052,28.3
1.119,-0.006,-0.0008,0.0405,0.0037,28.7
1.12,-0.0038,0.0007,-0.2325,0.0022,28.8
1.121,0.003,0.0015,-0.5445,0.0015,29.1
1.122,0.006,0.0022,-0.8573,-0.0008,29.3
1.123,0.0082,0.0022,-1.095,-0.0015,29.7
1.124,0.0082,0.0015,-1.2023,-0.0008,29.9
1.125,0.0022,-0.0008,-1.1903,-0.0015,30.1
1.126,-0.0083,-0.0015,-1.1333,-0.003,30.2
1.127,-0.0143,-0.0015,-1.0733,-0.0038,30.7
1.128,-0.0165,-0.003,-1.0238,-0.0015,30.8
1.129,-0.0195,-0.0015,-0.9128,-0.0008,31.3
1.13,-0.0203,-0.0008,-0.7178,-0.0008,31.6
1.131,-0.0218,-0.003,-0.4883,0.0,31.8
1.132,-0.021,-0.0015,-0.2205,0.0015,32.0
1.133,-0.024,-0.0015,0.0465,0.0,32.2
1.134,-0.0248,0.0015,0.2887,0.0022,32.7
1.135,-0.0218,0.0007,0.5092,0.0037,32.8
1.136,-0.0195,0.0007,0.6945,0.0015,33.1
1.137,-0.0218,0.0022,0.8505,0.0045,33.5
1.138,-0.0256,0.0007,0.9682,0.0037,33.6
1.139,-0.0315,0.003,1.044,0.0022,34.1
1.14,-0.0405,0.003,1.0807,0.003,34.3
1.141,-0.0428,0.0045,1.0815,0.003,34.4
1.142,-0.042,0.0037,1.0507,0.003,34.8
1.143,-0.0413,0.0015,0.9892,0.0022,34.8
1.144,-0.0368,0.0007,0.903,0.003,35.1
1.145,-0.0353,-0.0008,0.801,0.0015,35.2
1.146,-0.0293,0.0,0.69,0.0007,35.6
1.147,-0.0256,-0.0023,0.5722,0.0015,35.8
1.148,-0.0278,-0.0015,0.453,0.0007,35.9
1.149,-0.0293,-0.003,0.333,0.0,36.3
1.15,-0.0308,-0.0023,0.2212,-0.0015,36.4
1.151,-0.0293,-0.0023,0.1162,-0.0023,36.8
1.152,-0.03,-0.0008,0.024,-0.0015,36.9
1.153,-0.0293,0.0,-0.054,-0.0015,37.0
1.154,-0.0293,-0.0008,-0.12,0.0,37.4
1.155,-0.0256,0.0015,-0.1635,0.0,37.8
1.156,-0.021,0.0015,-0.1935,0.0015,37.9
1.157,-0.0181,0.0015,-0.2085,0.0015,38.2
1.158,-0.006,-0.0008,-0.1838,0.0022,38.5
1.159,-0.015,0.0007,-0.099,0.003,38.7
1.16,-0.084,0.0,0.0172,0.0022,38.7
1.161,-0.1463,0.0007,0.1327,0.0015,39.1
1.162,-0.1441,0.003,0.2295,0.0007,39.3
1.163,-0.111,0.0022,0.2805,0.0022,39.5
1.164,-0.0585,0.0022,0.2895,0.0015,39.9
1.165,0.003,0.003,0.2752,0.0015,39.9
1.166,0.0562,0.0015,0.2475,0.0022,40.4
1.167,0.0877,0.0007,0.2085,0.0015,40.4
1.168,0.102,-0.0008,0.159,0.0007,40.7
1.169,0.1147,-0.0015,0.0937,0.0007,41.0
1.17,0.1425,-0.0008,-0.0068,0.0007,41.1
1.171,0.1747,-0.0023,-0.1275,0.0015,41.4
1.172,0.1875,-0.0015,-0.2175,-0.0015,41.5
1.173,0.1897,-0.0023,-0.2836,-0.0015,41.6
1.174,0.1732,-0.003,-0.3383,-0.0008,42.2
1.175,0.1455,-0.0015,-0.3675,-0.0008,42.1
1.176,0.114,-0.0008,-0.3908,-0.0023,42.7
1.177,0.0787,0.0015,-0.4088,-0.003,42.5
1.178,0.048,-0.0008,-0.4253,-0.0038,42.9
1.179,0.0217,-0.0023,-0.4373,-0.0046,43.1
1.18,-0.0046,-0.0023,-0.444,-0.003,43.4
1.181,-0.0278,0.0007,-0.4373,-0.0023,43.7
1.182,-0.0458,-0.0008,-0.42,-0.0038,43.8
1.183,-0.0623,-0.0015,-0.3968,-0.0038,44.1
1.184,-0.0698,0.0015,-0.3728,-0.003,44.5
1.185,-0.0698,0.0,-0.3525,-0.003,44.7
1.186,-0.063,-0.0008,-0.3315,-0.0046,44.8
1.187,-0.0518,-0.0015,-0.309,-0.0023,45.3
1.188,-0.042,-0.003,-0.2828,0.0,45.4
1.189,-0.0338,-0.0008,-0.2573,-0.0008,45.8
1.19,-0.024,0.0007,-0.228,-0.0008,45.8
1.191,-0.0143,0.0007,-0.192,-0.0015,46.2
1.192,-0.0075,-0.0008,-0.153,-0.0008,46.3
1.193,-0.0038,0.0007,-0.1088,0.0007,46.7
1.194,-0.003,0.0015,-0.0668,0.0015,47.0
1.195,-0.0008,-0.0008,-0.0248,0.0015,47.2
1.196,-0.0015,-0.0008,0.0142,0.0015,47.4
1.197,-0.0008,-0.0015,0.0487,0.003,47.6
1.198,0.0015,-0.0023,0.078,0.003,48.1
1.199,0.0,0.0,0.1027,0.003,47.9
1.2,0.0015,0.0,0.126,0.0015,48.5
1.201,-0.0015,0.0015,0.1425,0.0,48.4
1.202,-0.003,0.0,0.1522,0.0007,48.7
1.203,0.0007,-0.0023,0.156,-0.0008,48.9
1.204,0.0045,-0.0015,0.1537,0.0007,49.1
1.205,0.0082,-0.0023,0.144,0.0022,49.3
1.206,0.009,-0.0008,0.126,0.0015,49.6
1.207,0.0127,-0.0015,0.1065,0.0015,49.7
1.208,0.0165,-0.0015,0.0862,-0.0015,49.9
1.209,0.0202,-0.0008,0.0712,-0.0008,50.1
1.21,0.024,0.0,0.054,-0.0015,50.4
1.211,0.0292,0.0007,0.0352,-0.003,50.5
1.212,0.0315,0.0,0.0225,-0.003,50.7
1.213,0.0322,0.0015,0.0112,0.0007,51.0
1.214,0.0352,0.0015,0.0015,0.0007,51.1
1.215,0.0367,0.0015,0.0015,0.0007,51.4
1.216,0.033,0.0015,0.0045,0.0022,51.4
1.217,0.0285,0.0007,0.015,0.0007,51.7
1.218,0.024,0.0015,0.027,0.0007,51.8
1.219,0.0157,0.0037,0.042,0.003,52.0
1.22,0.012,0.003,0.0607,0.0007,52.2
1.221,0.009,0.003,0.0787,0.003,52.4
1.222,0.0142,0.0037,0.099,0.0015,52.6
1.223,0.027,0.0045,0.1162,0.0007,53.0
1.224,0.0405,0.0037,0.1305,0.0022,53.0
1.225,0.0525,0.0015,0.1425,-0.0008,53.5
1.226,0.0577,0.0007,0.1522,-0.0008,53.4
1.227,0.057,0.0007,0.159,-0.0015,53.7
1.228,0.0495,0.0007,0.1597,-0.0008,53.8
1.229,0.0367,0.0022,0.1597,0.0007,54.0
1.23,0.0202,0.0022,0.1545,0.0022,54.3
1.231,0.003,0.003,0.1425,0.0022,54.4
1.232,-0.0105,0.0007,0.1297,0.0022,54.6
1.233,-0.0256,0.0015,0.111,0.0015,54.7
1.234,-0.0368,0.0007,0.0892,0.0,54.9
1.235,-0.0436,-0.0023,0.0652,0.0022,55.0
1.236,-0.0518,-0.0008,0.042,0.0015,55.1
1.237,-0.0555,0.0007,0.0195,0.0015,55.3
1.238,-0.0593,0.0015,-0.0046,0.0015,55.4
1.239,-0.0638,0.0007,-0.0278,0.0007,55.5
1.24,-0.0668,0.0007,-0.0495,0.0007,55.8
1.241,-0.0675,-0.0008,-0.0691,0.0,55.8
1.242,-0.0675,-0.0038,-0.0878,0.0,56.2
1.243,-0.0645,-0.003,-0.1058,-0.0008,56.0
1.244,-0.0615,-0.0015,-0.1185,0.0,56.4
1.245,-0.057,0.0007,-0.129,-0.0008,56.4
1.246,-0.0525,0.0007,-0.1358,0.0,56.4
1.247,-0.0473,0.0015,-0.1426,-0.0008,56.7
1.248,-0.0436,0.003,-0.147,-0.0046,56.5
1.249,-0.0375,0.003,-0.1478,-0.003,56.9
1.25,-0.03,0.003,-0.1463,-0.0015,56.9
1.251,-0.0233,0.003,-0.1433,-0.0015,56.9
1.252,-0.021,0.003,-0.135,-0.0015,57.2
1.253,-0.0218,0.0007,-0.1238,-0.0015,57.3
1.254,-0.0278,-0.0023,-0.1073,-0.0015,57.3
1.255,-0.0353,-0.003,-0.0893,-0.0008,57.4
1.256,-0.0398,-0.0038,-0.0743,0.0007,57.5
1.257,-0.042,-0.0046,-0.0585,0.0,57.6
1.258,-0.0368,-0.0053,-0.03,-0.0015,57.7
1.259,-0.0256,-0.0053,0.0075,-0.0015,57.9
1.26,-0.0113,-0.0038,0.0292,0.0007,57.9
1.261,0.006,-0.003,0.0202,0.0015,58.0
1.262,0.0225,-0.0023,0.0082,0.003,58.0
1.263,0.0367,-0.0008,0.009,0.0022,58.2
1.264,0.0435,-0.0015,0.0015,0.0015,58.3
1.265,0.0465,-0.0015,-0.0105,0.0007,58.1
1.266,0.0472,-0.0008,-0.0173,0.0022,58.5
1.267,0.0487,-0.0015,-0.0256,0.003,58.5
1.268,0.0502,-0.0015,-0.0293,0.0007,58.5
1.269,0.0487,-0.0015,-0.0278,0.0007,58.5
1.27,0.0427,-0.0015,-0.03,-0.0008,58.6
1.271,0.0427,0.0,-0.0353,-0.0008,58.8
1.272,0.039,-0.0008,-0.0293,0.0007,58.6
1.273,0.0352,-0.0015,-0.0188,0.0007,58.7
1.274,0.0352,-0.0023,-0.0075,0.0007,58.8
1.275,0.0255,-0.0046,-0.0008,-0.0008,58.7
1.276,0.0157,-0.0053,-0.0008,-0.0008,59.0
1.277,0.0052,-0.0046,-0.0008,0.0,58.8
1.278,-0.0098,-0.0015,-0.0068,0.0007,58.9
1.279,-0.0203,-0.0008,-0.0113,0.0007,58.9
1.28,-0.0308,-0.0008,-0.012,0.0007,58.9
1.281,-0.0368,0.0,-0.0091,0.003,59.0
1.282,-0.0368,-0.0023,-0.0015,0.0015,58.9
1.283,-0.0346,-0.0015,0.006,0.0007,58.9
1.284,-0.0346,-0.0008,0.015,0.0007,59.0
1.285,-0.0323,-0.003,0.0202,0.0015,59.1
1.286,-0.03,-0.0046,0.0247,0.0007,59.1
1.287,-0.027,-0.0038,0.0225,0.0,59.1
1.288,-0.024,-0.003,0.0195,-0.0023,59.2
1.289,-0.024,-0.0015,0.0165,-0.0038,59.4
1.29,-0.0218,-0.0015,0.0105,-0.0053,59.1
1.291,-0.0203,-0.0008,0.0067,-0.006,59.4
1.292,-0.0165,0.0007,0.0,-0.0046,59.3
1.293,-0.012,0.0015,-0.0083,-0.0038,59.2
1.294,-0.0113,0.0015,-0.0128,-0.0023,59.2
1.295,-0.012,0.0015,-0.0128,-0.0053,59.2
1.296,-0.0105,0.0015,-0.0143,-0.0053,59.3
1.297,-0.0083,0.0015,-0.0158,-0.0046,59.3
1.298,0.0,0.0,-0.0181,-0.0046,59.4
1.299,0.0142,-0.0046,-0.0218,-0.0053,59.4
1.3,0.024,-0.0046,-0.0248,-0.0053,59.3
1.301,0.0307,-0.0068,-0.0278,-0.0046,59.3
1.302,0.0337,-0.0075,-0.0315,-0.0038,59.1
1.303,0.0315,-0.0053,-0.0353,-0.003,59.3
1.304,0.0285,-0.0046,-0.0368,-0.003,58.9
1.305,0.024,-0.0046,-0.0405,-0.0038,59.1
1.306,0.0255,-0.0023,-0.0383,-0.0046,59.0
1.307,0.027,-0.0015,-0.0346,-0.0038,58.9
1.308,0.024,-0.0023,-0.0323,-0.0015,59.0
1.309,0.0232,-0.0023,-0.027,-0.003,58.9
1.31,0.0202,-0.0015,-0.0225,-0.003,58.9
1.311,0.0187,-0.0008,-0.0203,-0.0008,58.9
1.312,0.0195,-0.0015,-0.0195,0.0015,58.8
1.313,0.0157,0.0015,-0.0173,0.0007,58.9
1.314,0.0142,0.003,-0.0128,0.0015,58.5
1.315,0.012,0.003,-0.0105,0.003,58.5
1.316,0.0105,0.0022,-0.0053,0.0015,58.6
1.317,0.0112,0.0022,0.0007,0.0022,58.5
1.318,0.009,0.003,0.0082,0.003,58.4
1.319,0.009,0.0015,0.018,0.0007,58.3
1.32,0.0127,-0.0008,0.0292,0.0007,58.2
1.321,0.015,-0.003,0.0375,0.0015,58.1
1.322,0.0142,-0.0023,0.048,0.0007,58.0
1.323,0.0157,0.0007,0.06,0.003,58.1
1.324,0.0172,0.0007,0.069,0.003,57.8
1.325,0.018,-0.0023,0.0765,0.0015,58.1
1.326,0.0172,-0.0008,0.0825,0.0,57.8
1.327,0.0187,0.0007,0.0855,0.0015,57.7
1.328,0.0195,0.0007,0.0892,0.0022,57.7
1.329,0.0157,0.0015,0.0892,0.0015,57.6
1.33,0.0105,0.0015,0.0885,0.0015,57.8
1.331,0.0097,0.0,0.0862,0.0,57.5
1.332,0.0127,0.0015,0.0862,-0.0015,57.4
1.333,0.0172,0.0015,0.0855,-0.0008,57.3
1.334,0.0187,0.0015,0.084,0.0007,57.3
1.335,0.0232,-0.0015,0.0802,-0.0015,57.2
1.336,0.0292,-0.003,0.0675,-0.0015,57.0
1.337,0.0315,0.0,0.0525,-0.0015,57.1
1.338,0.0307,0.0,0.0345,-0.0015,56.9
1.339,0.0352,0.0,0.0142,-0.0008,56.7
1.34,0.0405,0.0007,-0.0053,-0.0015,56.6
1.341,0.0427,0.0,-0.0203,0.0,56.3
1.342,0.0412,0.0007,-0.0308,-0.0008,56.5
1.343,0.0352,-0.0008,-0.0428,-0.0008,56.2
1.344,0.0292,0.0007,-0.0458,0.0,56.2
1.345,0.0255,-0.0008,-0.0495,0.0007,55.9
1.346,0.0195,-0.0015,-0.0548,0.0015,55.8
1.347,0.0157,0.0,-0.057,0.0022,55.7
1.348,0.012,0.0007,-0.0615,0.003,55.8
1.349,0.0097,-0.0008,-0.0638,0.0015,55.6
1.35,0.0082,-0.0008,-0.0623,0.0007,55.4
1.351,0.0052,-0.0008,-0.0593,0.0007,55.1
1.352,0.0045,0.0,-0.054,-0.0008,55.1
1.353,0.0007,-0.0015,-0.0503,-0.0015,54.8
1.354,-0.0053,-0.003,-0.0428,-0.0023,54.8
1.355,-0.0113,-0.0015,-0.0353,-0.003,54.5
1.356,-0.0173,-0.0015,-0.027,0.0,54.3
1.357,-0.0233,0.0,-0.0173,0.0007,54.4
1.358,-0.0256,-0.0008,-0.0128,0.0007,53.8
1.359,-0.0293,-0.0023,-0.0105,0.0015,53.9
1.36,-0.0323,-0.0008,-0.0105,-0.0008,53.5
1.361,-0.0353,-0.003,-0.0105,-0.0015,53.3
1.362,-0.0405,-0.0015,-0.0105,-0.0015,53.1
1.363,-0.0443,-0.0023,-0.0113,-0.003,52.9
1.364,-0.0443,-0.003,-0.0128,-0.0015,52.6
1.365,-0.0443,-0.0023,-0.0158,-0.0023,52.4
1.366,-0.042,-0.0023,-0.0165,-0.003,52.2
1.367,-0.0405,0.0015,-0.0181,-0.003,52.2
1.368,-0.039,-0.0008,-0.0195,-0.0015,51.7
1.369,-0.0383,-0.0015,-0.0188,-0.0015,51.7
1.37,-0.0346,-0.0008,-0.0195,-0.0008,51.6
1.371,-0.0315,-0.0038,-0.0181,-0.0008,51.2
1.372,-0.0293,-0.003,-0.0158,-0.0015,50.9
1.373,-0.0218,-0.0015,-0.012,0.0007,50.7
1.374,-0.015,-0.0015,-0.0105,-0.0008,50.7
1.375,-0.0105,-0.0015,-0.0075,-0.0015,50.3
1.376,-0.0091,-0.0015,-0.0046,0.0,50.4
1.377,-0.006,-0.003,-0.0008,0.0,50.1
1.378,-0.0083,-0.0015,0.0015,0.0007,49.9
1.379,-0.0053,-0.0008,0.0045,0.0015,49.9
1.38,-0.0008,-0.0015,0.006,0.003,49.6
1.381,0.0022,0.0,0.0075,0.0037,49.5
1.382,0.0052,0.0,0.009,0.0015,49.2
1.383,0.0052,0.0007,0.0112,0.0022,49.0
1.384,-0.0046,0.0015,0.012,0.003,49.0
1.385,-0.0256,0.003,0.0142,0.003,48.6
1.386,-0.0353,0.003,0.0157,0.003,48.5
1.387,-0.0375,0.0015,0.018,0.003,48.4
1.388,-0.0405,0.0022,0.0172,0.0015,48.1
1.389,-0.0375,0.0015,0.0165,-0.0008,48.1
1.39,-0.0338,0.0007,0.0172,-0.0015,47.7
1.391,-0.0285,0.0007,0.0165,-0.0008,47.7
1.392,-0.024,0.0007,0.0157,0.0007,47.4
1.393,-0.0181,0.0,0.018,0.0007,47.2
1.394,-0.015,-0.0008,0.0172,0.0007,47.1
1.395,-0.0105,0.0,0.018,-0.0008,46.7
1.396,-0.0068,-0.0015,0.0157,-0.0015,46.4
1.397,-0.0053,-0.0038,0.015,-0.0015,46.2
1.398,0.0007,-0.003,0.018,-0.0008,45.9
1.399,0.003,-0.0023,0.018,0.0022,45.7
1.4,0.0045,-0.0015,0.0195,0.0007,45.4
1.401,0.006,-0.003,0.0217,-0.0015,45.4
1.402,0.0082,-0.003,0.0247,-0.0008,44.9
1.403,0.012,-0.0023,0.027,-0.0008,44.8
1.404,0.0157,-0.0046,0.03,-0.003,44.4
1.405,0.0165,-0.0038,0.0337,-0.003,44.0
1.406,0.0157,-0.0046,0.0352,-0.0015,43.8
1.407,0.0165,-0.006,0.0375,-0.0015,43.6
1.408,0.0172,-0.0068,0.0382,-0.003,43.3
1.409,0.0157,-0.0053,0.0382,-0.003,42.9
1.41,0.0157,-0.0046,0.0375,-0.003,42.6
1.411,0.0165,-0.0068,0.0367,-0.0015,42.4
1.412,0.0195,-0.0046,0.0367,-0.0015,42.2
1.413,0.018,-0.0038,0.0367,-0.0008,41.9
1.414,0.0157,-0.0046,0.0352,-0.0015,41.6
1.415,0.015,-0.0046,0.0315,-0.0015,41.1
1.416,0.0157,-0.003,0.0277,-0.0008,41.0
1.417,0.018,-0.0015,0.027,-0.0015,40.4
1.418,0.018,-0.0008,0.027,0.0015,40.4
1.419,0.0187,-0.0008,0.024,0.003,40.1
1.42,0.018,-0.0008,0.0217,0.0022,39.7
1.421,0.0165,0.0,0.0202,0.003,39.5
1.422,0.0157,-0.0008,0.018,0.0007,39.1
1.423,0.012,-0.0008,0.0135,0.0,39.1
1.424,0.009,-0.0015,0.0075,0.0007,38.4
1.425,0.009,-0.0008,0.0067,0.0007,38.3
1.426,0.0067,0.0015,0.009,0.0,37.8
1.427,0.006,0.0007,0.0082,0.0022,37.6
1.428,0.0037,0.0007,0.0105,0.0045,37.2
1.429,0.0037,0.0,0.0105,0.003,37.0
1.43,0.0052,-0.0015,0.0112,0.003,36.7
1.431,0.003,-0.003,0.012,0.003,36.3
1.432,-0.0015,-0.0053,0.0142,0.0052,36.0
1.433,-0.0046,0.0015,0.0142,0.0052,35.6
1.434,-0.0046,0.0067,0.0142,0.0045,35.1
1.435,-0.0015,0.0045,0.015,0.0015,34.9
1.436,0.0015,0.0052,0.0135,-0.0015,34.4
1.437,0.006,0.003,0.0135,-0.006,34.2
1.438,0.0097,0.0015,0.012,-0.0105,33.7
1.439,0.0187,0.0022,0.009,-0.012,33.2
1.44,0.0277,0.0007,0.0067,-0.0105,33.2
1.441,0.024,-0.0046,0.003,0.0045,32.5
1.442,0.0142,-0.0068,0.0015,0.0142,32.2
1.443,0.0037,-0.006,-0.0015,0.0022,31.9
1.444,-0.0015,0.0015,-0.0038,-0.0143,31.5
1.445,-0.0015,0.0067,-0.0068,-0.0195,31.1
1.446,-0.003,0.0105,-0.0075,-0.0256,30.7
1.447,0.006,0.012,-0.0075,-0.012,30.4
1.448,0.0195,0.0067,-0.0105,0.0157,29.9
1.449,0.0247,0.003,-0.0128,0.042,29.2
1.45,0.0255,0.0037,-0.0143,0.0487,29.4
1.451,0.027,0.003,-0.0158,-0.0091,29.0
1.452,0.0277,0.006,-0.0158,-0.0308,28.6
1.453,0.0195,0.0142,-0.0143,-0.0023,28.3
1.454,0.0082,0.0142,-0.0091,0.0292,28.1
1.455,0.0022,0.0037,-0.0046,0.1192,27.8
1.456,-0.0023,0.003,-0.0068,0.1162,27.1
1.457,-0.0128,0.0075,-0.0158,0.0442,26.9
1.458,-0.021,0.0,-0.0218,0.0712,26.5
1.459,-0.0248,-0.0233,-0.0278,0.0067,26.1
1.46,-0.0285,-0.0293,-0.0278,-0.186,25.6
1.461,-0.03,-0.0181,-0.0218,-0.273,25.2
1.462,-0.0256,-0.0158,-0.0158,-0.156,24.8
1.463,-0.024,-0.0098,-0.015,-0.0848,24.6
1.464,-0.0218,0.006,-0.012,-0.1598,24.1
1.465,-0.0135,0.0307,-0.0083,-0.1006,23.9
1.466,-0.0046,0.0255,-0.0046,0.0495,23.3
1.467,0.003,-0.012,-0.0038,0.1485,23.3
1.468,0.0052,-0.0315,-0.0046,0.096,22.5
1.469,0.009,-0.0353,-0.0046,0.0435,22.2
1.47,0.009,-0.0263,-0.0015,0.108,21.9
1.471,0.0052,-0.0188,-0.0015,0.0562,21.4
1.472,0.0052,-0.015,-0.0098,0.09,21.1
1.473,0.0015,-0.0181,-0.012,0.156,20.4
1.474,0.003,-0.0195,-0.0105,0.0907,20.2
1.475,0.0037,-0.0083,-0.0098,-0.033,19.6
1.476,0.0007,0.0037,-0.0075,-0.1073,19.3
1.477,-0.0015,0.0127,-0.0068,-0.0263,18.9
1.478,-0.0083,0.0187,-0.0053,-0.033,18.4
1.479,-0.012,0.0232,0.0007,-0.0743,18.0
1.48,-0.0143,0.0202,0.003,-0.0278,17.6
1.481,-0.021,0.018,0.0022,-0.0113,17.0
1.482,-0.0203,0.0157,0.0052,-0.024,16.7
1.483,-0.0263,0.003,0.0007,-0.048,16.2
1.484,-0.0346,-0.0038,-0.0068,-0.0473,16.0
1.485,-0.0361,-0.003,-0.0046,-0.03,15.3
1.486,-0.0315,0.0015,-0.0053,0.0015,15.0
1.487,-0.0225,0.0045,-0.012,0.036,14.5
1.488,-0.0128,0.0082,-0.0188,0.033,13.9
1.489,-0.0053,0.0105,-0.021,0.0217,13.8
1.49,-0.0015,0.0052,-0.0195,0.0277,13.0
1.491,-0.0008,0.0022,-0.0173,0.0165,12.7
1.492,-0.0015,0.0007,-0.0293,0.0112,12.2
1.493,-0.0023,-0.0008,-0.0503,0.042,11.5
1.494,-0.0046,-0.0015,-0.0803,0.054,11.4
1.495,-0.0091,0.0067,-0.1095,0.0345,10.9
1.496,-0.0143,0.0082,-0.108,0.024,10.7
1.497,-0.0195,0.0015,-0.0915,0.0052,10.2
1.498,-0.0233,-0.0053,-0.0645,-0.0181,9.9
1.499,-0.027,-0.0158,-0.03,-0.0525,9.5
1.5,-0.0338,-0.0218,-0.0015,-0.12,8.9
1.501,-0.033,-0.0158,0.0105,-0.1103,8.8
1.502,-0.0293,0.0045,0.0082,-0.0653,8.1
1.503,-0.0181,0.0202,-0.0008,-0.0405,7.8
1.504,0.0007,0.0157,-0.0068,0.006,7.4
1.505,0.0097,0.0052,-0.0091,-0.021,6.9
1.506,0.0172,-0.0053,-0.0143,-0.0113,6.5
1.507,0.0255,-0.0091,-0.027,0.0495,6.0
1.508,0.0337,-0.0023,-0.0375,0.1155,5.7
1.509,0.0367,0.0,-0.0353,0.1335,5.3
1.51,0.0337,0.003,-0.0293,0.0435,4.7
1.511,0.033,0.0,-0.0218,0.0915,4.3
1.512,0.033,-0.0105,-0.0181,0.1582,3.8
1.513,0.033,-0.0143,-0.0091,0.1305,3.3
1.514,0.0292,-0.024,0.0015,0.1822,3.0
1.515,0.0232,-0.0383,0.0202,0.2362,2.4
1.516,0.0217,-0.0503,0.0397,0.1222,2.1
1.517,0.015,-0.0405,0.0465,-0.075,1.4
1.518,0.0,-0.0173,0.0435,-0.2483,1.0
1.519,-0.0195,0.0112,0.0262,-0.417,0.7
1.52,-0.0308,0.0427,0.015,-0.4425,0.4
1.521,-0.0233,0.0712,0.009,-0.327,-0.1
1.522,-0.0083,0.0915,0.0157,-0.1133,-0.5
1.523,-0.0046,0.078,0.0247,0.039,-0.6
1.524,-0.0015,0.0495,0.0247,0.0307,-1.1
1.525,0.0045,0.0142,0.0285,0.0225,-1.5
1.526,0.0045,-0.0203,0.0315,0.0195,-1.8
1.527,0.0075,-0.0428,0.0517,0.078,-2.1
1.528,0.0097,-0.0653,0.0697,0.1327,-2.3
1.529,0.0165,-0.057,0.075,0.108,-2.7
1.53,0.0262,-0.0368,0.084,0.0967,-2.7
1.531,0.03,-0.024,0.0967,0.12,-3.0
1.532,0.0315,-0.003,0.108,0.0915,-3.2
1.533,0.0322,0.0127,0.1162,-0.0038,-3.2
1.534,0.0345,0.027,0.132,-0.075,-3.5
1.535,0.042,0.0315,0.1447,-0.0458,-3.5
1.536,0.0457,0.0352,0.1537,0.0007,-3.6
1.537,0.039,0.0375,0.1597,0.0292,-3.6
1.538,0.03,0.0247,0.1627,0.1162,-3.4
1.539,0.03,0.0142,0.165,0.1477,-3.6
1.54,0.0465,0.0052,0.1642,0.0757,-3.5
1.541,0.0592,-0.006,0.1552,-0.0225,-3.6
1.542,0.0637,-0.0368,0.1372,-0.0825,-3.4
1.543,0.0577,-0.096,0.1132,-0.1448,-3.4
1.544,0.0195,-0.111,0.075,-0.2288,-3.6
1.545,-0.0308,-0.0615,0.0277,-0.2213,-3.2
1.546,-0.081,-0.0203,-0.0233,-0.0623,-3.1
1.547,-0.1253,0.0105,-0.0848,0.0045,-3.1
1.548,-0.1538,0.018,-0.1538,-0.0083,-2.9
1.549,-0.1718,0.0097,-0.207,0.0802,-2.9
1.55,-0.1845,-0.0008,-0.2325,0.0952,-2.4
1.551,-0.2033,-0.0135,-0.2355,0.1357,-2.5
1.552,-0.2175,-0.012,-0.2385,0.144,-2.2
1.553,-0.2145,-0.0158,-0.2468,0.0712,-2.2
1.554,-0.1973,-0.033,-0.2535,0.0052,-2.1
1.555,-0.168,-0.0683,-0.2558,-0.0893,-1.8
1.556,-0.1268,-0.063,-0.249,-0.1103,-1.6
1.557,-0.0825,-0.0203,-0.2483,-0.0878,-1.7
1.558,-0.0555,0.0082,-0.249,0.018,-1.3
1.559,-0.0346,0.0435,-0.2393,0.0975,-1.2
1.56,-0.0346,0.0652,-0.2183,0.0427,-0.9
1.561,-0.0548,0.069,-0.1928,-0.0735,-0.8
1.562,-0.0825,0.0562,-0.1665,-0.078,-0.6
1.563,-0.1125,0.0217,-0.1335,0.0142,-0.3
1.564,-0.1335,0.0232,-0.1178,-0.0181,-0.4
1.565,-0.1515,0.0502,-0.114,-0.0023,0.2
1.566,-0.1441,0.0615,-0.1013,0.003,0.0
1.567,-0.1118,0.0457,-0.0803,-0.0046,0.5
1.568,-0.0525,0.0307,-0.0713,0.0292,0.5
1.569,0.0382,0.0405,-0.0563,0.0172,0.8
1.57,0.0892,0.0217,-0.0361,0.042,0.9
1.571,0.0937,-0.0068,-0.0293,0.0315,1.2
1.572,0.1192,-0.0233,-0.024,0.0337,1.4
1.573,0.1215,-0.0218,0.0195,0.033,1.7
1.574,0.126,-0.0015,0.084,0.0277,1.6
1.575,0.147,-0.0008,0.0922,0.0405,2.2
1.576,0.1537,0.0232,0.0802,0.0345,2.1
1.577,0.1665,0.0165,0.048,0.0442,2.5
1.578,0.18,-0.0361,0.033,0.0367,2.6
1.579,0.2025,-0.0555,0.042,0.03,2.9
1.58,0.2212,-0.0728,0.027,0.0225,3.2
1.581,0.24,-0.0638,0.0082,0.0127,3.3
1.582,0.2632,-0.0368,-0.0203,0.018,3.6
1.583,0.2497,-0.0068,-0.0278,-0.0015,3.7
1.584,0.2362,0.0465,-0.0105,-0.0413,4.0
1.585,0.2857,0.069,0.0097,-0.0203,4.1
1.586,0.3765,0.0495,0.0277,0.0157,4.4
1.587,0.4657,-0.0203,0.0592,0.0067,4.5
1.588,0.5092,-0.0458,0.0727,0.0127,4.8
1.589,0.4702,0.0172,0.0675,-0.0091,4.9
1.59,0.3975,0.0952,0.0667,-0.0233,5.3
1.591,0.3052,0.1552,0.0495,-0.0105,5.2
1.592,0.1777,0.1282,0.012,-0.0195,5.6
1.593,0.0705,0.0517,-0.0308,-0.0308,5.6
1.594,-0.0008,0.0187,-0.0691,-0.0256,6.0
1.595,-0.0503,0.003,-0.081,-0.0143,5.9
1.596,-0.0788,-0.0173,-0.0653,-0.0353,6.3
1.597,-0.1043,-0.0375,-0.063,-0.0323,6.3
1.598,-0.1448,-0.0405,-0.0818,-0.024,6.6
1.599,-0.1568,-0.0383,-0.1125,-0.0233,6.9
1.6,-0.1613,-0.057,-0.132,0.0097,7.0
1.601,-0.1515,-0.0765,-0.1223,0.0397,7.6
1.602,0.0592,-0.0863,-0.0743,0.0457,7.3
1.603,0.0382,-0.096,-0.0225,0.039,7.6
1.604,-0.7666,-0.0765,-0.0038,0.039,7.8
1.605,-0.9518,-0.063,0.0067,0.0067,8.0
1.606,-0.8918,-0.0638,0.009,-0.0203,8.2
1.607,-1.2953,-0.0188,-0.027,-0.012,8.3
1.608,-0.726,0.0382,-0.0668,-0.0143,8.7
1.609,-0.1628,0.0712,-0.0668,0.0165,8.9
1.61,0.6405,0.0795,-0.0465,0.0502,9.1
1.611,1.3207,0.072,0.0345,0.033,9.4
1.612,1.434,0.0585,0.114,0.0157,9.3
1.613,1.5457,0.03,0.162,-0.0353,9.6
1.614,1.3905,-0.0218,0.2392,-0.0413,9.8
1.615,1.3042,-0.0293,0.2295,0.0277,10.1
1.616,1.0162,-0.0203,0.1875,0.0045,10.3
1.617,0.6255,-0.0383,0.4065,-0.0405,10.4
1.618,0.4342,-0.027,0.8047,-0.0645,10.7
1.619,0.4372,-0.0173,1.1655,-0.1028,10.8
1.62,0.465,-0.0008,1.4542,-0.1365,11.1
1.621,0.3045,0.0045,1.389,-0.135,11.2
1.622,0.237,-0.0158,1.2562,0.0217,11.7
1.623,0.111,-0.0383,1.1632,0.1365,12.1
1.624,0.0157,-0.057,1.065,0.1027,11.9
1.625,-0.1545,-0.0308,0.9765,0.0577,12.5
1.626,-0.3098,-0.0218,0.8482,0.0232,12.5
1.627,-0.4395,-0.0105,0.5805,-0.0203,12.9
1.628,-0.5551,0.024,0.2535,-0.1028,13.1
1.629,-0.6083,0.0127,-0.0788,-0.189,13.0
1.63,-0.7028,0.0202,-0.3233,-0.168,13.5
1.631,-0.7988,0.0097,-0.618,-0.0188,13.5
1.632,-0.9705,-0.027,-0.9308,0.0405,14.0
1.633,-1.1138,-0.0158,-1.1768,0.0082,13.9
1.634,-1.2391,0.0157,-1.3995,0.009,14.2
1.635,-1.2758,0.0292,-1.611,-0.0173,14.2
1.636,-1.209,0.012,-1.7468,-0.0353,14.4
1.637,-1.1108,0.0052,-1.6973,-0.0046,14.4
1.638,-0.9705,-0.0008,-1.5503,-0.0143,14.6
1.639,-0.8258,-0.0158,-1.416,-0.057,14.6
1.64,-0.6608,-0.0218,-1.2938,0.0232,14.8
1.641,-0.531,-0.024,-1.1843,0.0607,14.7
1.642,-0.4245,-0.0181,-1.0845,0.048,14.9
1.643,-0.3315,-0.027,-0.9938,0.0765,14.9
1.644,-0.2408,-0.0293,-0.912,0.0277,15.0
1.645,-0.1598,-0.0181,-0.8363,0.0787,15.0
1.646,-0.0871,-0.003,-0.768,0.1477,15.0
1.647,0.0,0.0097,-0.6525,0.0802,15.2
1.648,0.042,0.0232,-0.4178,-0.0825,14.9
1.649,0.0667,0.039,-0.1628,-0.0788,15.4
1.65,0.1087,0.0292,0.102,0.036,15.4
1.651,0.183,0.0195,0.45,-0.0165,15.7
1.652,0.2347,0.0195,0.861,0.012,15.8
1.653,0.258,0.012,1.2367,0.0045,16.0
1.654,0.2745,0.0052,1.5075,-0.0015,16.2
1.655,0.2467,-0.0046,1.7025,0.0307,16.6
1.656,0.213,-0.003,1.8255,0.0007,16.5
1.657,0.1485,0.0015,1.8465,0.0292,16.8
1.658,-0.0645,0.0015,1.7107,0.0127,16.9
1.659,-0.1583,0.0045,1.563,0.0157,17.1
1.66,-0.0706,0.0067,1.428,0.0015,17.3
1.661,-0.1208,0.0045,1.3072,-0.0091,17.6
1.662,-0.045,0.0037,1.1977,0.0292,17.9
1.663,0.0727,0.003,1.0845,0.033,18.2
1.664,0.1462,-0.0008,0.894,0.0502,18.4
1.665,0.2407,-0.006,0.6817,0.0667,18.8
1.666,0.2662,-0.0113,0.444,0.0315,19.0
1.667,0.3442,-0.0113,0.1545,-0.054,19.0
1.668,0.3405,-0.003,-0.1635,-0.0593,19.4
1.669,0.3322,0.0067,-0.4133,-0.0128,19.7
1.67,0.3307,0.0127,-0.5985,0.0105,20.1
1.671,0.3202,0.009,-0.7553,0.024,20.3
1.672,0.3097,0.0037,-0.8603,0.015,20.4
1.673,0.2707,0.0067,-0.9375,0.0232,20.7
1.674,0.276,0.0037,-0.9893,0.0345,21.0
1.675,0.2535,0.0052,-0.9788,0.015,21.1
1.676,0.219,0.018,-0.9338,0.021,21.6
1.677,0.1755,0.0307,-0.8633,0.0997,21.6
1.678,0.1515,0.036,-0.7508,0.1957,22.0
1.679,0.1425,0.0195,-0.5985,0.246,22.0
1.68,0.123,-0.0008,-0.4051,0.261,22.4
1.681,0.0922,-0.0195,-0.1628,0.1957,22.5
1.682,0.0442,-0.0428,0.081,0.0952,22.6
1.683,-0.021,-0.0555,0.2505,-0.1635,22.8
1.684,-0.0975,-0.0233,0.408,-0.5641,22.9
1.685,-0.09,0.0232,0.573,-0.5543,23.1
1.686,-0.0563,0.0292,0.7057,-0.3623,23.4
1.687,-0.015,0.0232,0.807,-0.258,23.5
1.688,0.0292,0.009,0.8572,-0.0863,23.6
1.689,0.0045,-0.0038,0.873,-0.048,23.5
1.69,0.0112,-0.0068,0.8572,0.0322,23.9
1.691,0.015,-0.0128,0.8415,0.1155,23.8
1.692,0.006,-0.0128,0.8565,0.0405,23.8
1.693,0.018,0.003,0.8385,-0.0225,23.8
1.694,0.012,0.0232,0.789,0.0082,23.6
1.695,0.0315,0.0307,0.6757,0.057,23.7
1.696,0.039,0.0412,0.4912,0.0345,23.5
1.697,0.0292,0.042,0.3412,0.039,23.6
1.698,0.0052,0.027,0.2707,0.0457,23.5
1.699,-0.0465,0.0067,0.225,0.0712,23.8
1.7,-0.093,-0.0105,0.1537,0.0855,23.8
1.701,-0.114,-0.0128,0.057,0.0802,23.8
1.702,-0.114,-0.0181,-0.0975,0.045,23.8
1.703,-0.135,-0.0256,-0.246,-0.027,23.9
1.704,-0.162,-0.027,-0.3458,0.0307,24.0
1.705,-0.1553,-0.0233,-0.4305,0.0825,24.1
1.706,-0.1328,-0.0165,-0.5475,0.075,23.8
1.707,-0.1343,-0.0098,-0.6825,0.036,23.5
1.708,-0.1328,-0.0008,-0.7343,0.009,24.0
1.709,-0.1043,0.003,-0.7508,-0.0135,24.9
1.71,-0.0915,0.0052,-0.7785,-0.0968,23.5
1.711,-0.0743,0.0045,-0.7958,-0.0465,23.3
1.712,-0.0533,0.0015,-0.8325,-0.0083,23.5
1.713,-0.06,-0.0015,-0.8625,-0.021,23.4
1.714,-0.0548,-0.006,-0.861,0.027,23.5
1.715,-0.0375,-0.003,-0.8288,0.0105,23.2
1.716,-0.0158,-0.0008,-0.7598,0.0007,23.3
1.717,0.0277,-0.0083,-0.6893,0.0007,23.0
1.718,0.0705,-0.0113,-0.6376,-0.0023,22.9
1.719,0.1132,-0.012,-0.6098,0.0022,22.8
1.72,0.1672,-0.012,-0.6158,-0.0053,22.7
1.721,0.219,-0.0068,-0.6465,0.0292,22.7
1.722,0.2632,-0.003,-0.6593,0.0502,22.6
1.723,0.2895,0.0007,-0.642,0.0007,22.5
1.724,0.3007,0.0015,-0.6203,-0.024,22.6
1.725,0.3217,0.0007,-0.5865,0.0015,22.5
1.726,0.3442,-0.0015,-0.5445,-0.003,22.5
1.727,0.339,0.0007,-0.474,0.0067,22.5
1.728,0.3307,0.0082,-0.4036,-0.0046,22.5
1.729,0.3345,0.009,-0.3488,0.0037,22.7
1.73,0.3127,0.0022,-0.2993,0.033,22.5
1.731,0.2692,-0.0046,-0.24,-0.0368,22.7
1.732,0.2212,-0.0128,-0.1875,-0.09,22.5
1.733,0.165,-0.0188,-0.1545,-0.0675,22.5
1.734,0.1027,-0.0128,-0.1103,0.0105,22.6
1.735,0.0382,-0.0008,-0.0803,0.0502,22.5
1.736,-0.0195,0.0022,-0.0465,0.081,22.4
1.737,-0.0706,0.0007,-0.0233,0.105,22.5
1.738,-0.1095,0.0015,-0.0135,0.0547,22.4
1.739,-0.1253,0.0037,0.0,0.0517,22.5
1.74,-0.1358,0.0037,0.0195,-0.039,22.3
1.741,-0.1448,0.0007,0.0585,-0.111,22.5
1.742,-0.1515,0.0105,0.1005,-0.0578,22.2
1.743,-0.1508,0.0157,0.1297,-0.0945,22.4
1.744,-0.1396,0.003,0.1522,-0.1148,22.2
1.745,-0.105,0.0015,0.186,-0.108,22.4
1.746,-0.0518,0.0015,0.2167,-0.0518,22.4
1.747,-0.0135,-0.0143,0.2497,0.0652,22.1
1.748,0.009,-0.0165,0.2812,0.099,22.4
1.749,0.0277,-0.012,0.3082,0.0772,22.3
1.75,0.0382,-0.0105,0.3352,0.0277,22.0
1.751,0.0382,-0.0083,0.3517,0.0127,22.2
1.752,0.033,-0.0105,0.369,-0.003,22.0
1.753,0.0307,-0.0068,0.3892,-0.03,22.1
1.754,0.0225,-0.0046,0.405,0.0015,21.9
1.755,0.003,-0.0015,0.414,-0.003,22.0
1.756,-0.0233,-0.0008,0.4365,-0.0075,22.0
1.757,-0.039,0.003,0.459,0.0112,21.8
1.758,-0.042,0.0082,0.453,0.0037,21.9
1.759,-0.0465,0.0105,0.4177,0.0142,21.6
1.76,-0.0548,0.0142,0.3675,0.0502,21.8
1.761,-0.0691,0.009,0.3262,0.0532,21.6
1.762,-0.0893,0.0052,0.2955,0.0255,21.6
1.763,-0.1088,0.0022,0.2745,0.0052,21.5
1.764,-0.135,-0.003,0.2587,-0.0518,21.3
1.765,-0.1575,0.0022,0.2377,-0.1328,21.3
1.766,-0.1748,0.0105,0.2085,-0.09,21.2
1.767,-0.1883,0.0142,0.186,0.0405,21.3
1.768,-0.1958,0.0105,0.1657,0.0337,21.4
1.769,-0.1988,0.006,0.132,-0.0128,21.3
1.77,-0.1935,0.0037,0.1012,0.0015,21.4
1.771,-0.1815,0.0,0.0705,-0.0068,21.2
1.772,-0.165,-0.0053,0.0435,0.045,21.2
1.773,-0.1485,-0.0105,0.0172,0.0817,21.2
1.774,-0.1388,-0.0105,-0.0098,0.045,21.2
1.775,-0.1365,-0.0075,-0.0293,0.0532,21.4
1.776,-0.129,-0.0068,-0.0428,0.051,21.1
1.777,-0.1095,-0.0023,-0.0495,-0.0473,21.3
1.778,-0.0953,0.0022,-0.0533,-0.0825,21.2
1.779,-0.0765,-0.0008,-0.0518,-0.0181,21.3
1.78,-0.0465,-0.0046,-0.0458,-0.0203,21.2
1.781,-0.0248,-0.0015,-0.0361,-0.0368,21.1
1.782,-0.0008,0.003,-0.0233,-0.0143,21.2
1.783,0.0405,0.0052,-0.0083,0.0195,21.3
1.784,0.0802,0.0052,0.009,0.0307,21.0
1.785,0.108,0.0037,0.0255,0.0082,21.1
1.786,0.1185,0.0067,0.045,-0.0293,20.8
1.787,0.1245,0.0067,0.0645,-0.0563,21.0
1.788,0.1327,0.003,0.0825,-0.0203,20.8
1.789,0.135,-0.0008,0.099,-0.0046,20.8
1.79,0.141,-0.0038,0.1155,-0.0173,21.0
1.791,0.1447,-0.0046,0.1335,-0.006,20.7
1.792,0.147,-0.0128,0.1485,0.012,20.7
1.793,0.153,-0.0158,0.1612,0.0277,20.6
1.794,0.156,-0.0128,0.171,0.0195,20.7
1.795,0.1477,-0.0143,0.174,0.03,20.6
1.796,0.1275,-0.0128,0.1732,0.0345,20.5
1.797,0.1087,-0.0075,0.1672,0.024,20.6
1.798,0.099,-0.0053,0.1575,0.051,20.4
1.799,0.0937,-0.0068,0.144,0.0292,20.4
1.8,0.0862,-0.0038,0.1252,-0.0375,20.6
1.801,0.072,-0.0015,0.099,-0.0428,20.4
1.802,0.0607,0.003,0.072,-0.0135,20.5
1.803,0.0517,0.0052,0.0502,-0.0308,20.3
1.804,0.0352,0.0015,0.0322,-0.0203,20.5
1.805,0.0315,-0.0008,0.009,-0.0038,20.3
1.806,0.0367,-0.0015,-0.0098,0.009,20.4
1.807,0.0285,0.0,-0.027,0.0285,20.4
1.808,0.0277,0.0052,-0.0503,0.018,20.2
1.809,0.0292,0.0105,-0.0795,0.0255,20.4
1.81,0.0225,0.0112,-0.1058,0.0015,20.3
1.811,0.0232,0.012,-0.1298,-0.0465,20.2
1.812,0.024,0.009,-0.1478,-0.0263,20.0
1.813,0.0255,0.0007,-0.1598,0.0997,20.2
1.814,0.024,-0.0105,-0.1748,0.1425,20.2
1.815,0.0165,-0.0225,-0.18,0.0315,20.0
1.816,0.0037,-0.0165,-0.186,-0.0578,20.1
1.817,-0.0195,0.0007,-0.1958,-0.0795,20.1
1.818,-0.0368,0.009,-0.195,-0.0908,19.6
1.819,-0.048,0.009,-0.192,-0.1088,19.8
1.82,-0.0593,0.0045,-0.1823,-0.0473,19.8
1.821,-0.0728,-0.0046,-0.1718,-0.03,19.9
1.822,-0.0818,-0.0075,-0.1598,0.009,19.8
1.823,-0.0825,-0.0083,-0.1441,0.0405,19.8
1.824,-0.0871,-0.0038,-0.1275,-0.0083,19.8
1.825,-0.0871,-0.0015,-0.1065,0.039,19.8
1.826,-0.0885,-0.0008,-0.0848,0.0232,19.9
1.827,-0.0863,-0.0015,-0.0668,0.0292,19.8
1.828,-0.0863,-0.0053,-0.0511,0.0345,19.8
1.829,-0.09,-0.0038,-0.0346,0.003,19.8
1.83,-0.084,-0.0015,-0.0158,0.006,19.8
1.831,-0.0863,0.0015,-0.0008,-0.0488,19.8
1.832,-0.0923,-0.0015,0.015,-0.0361,19.8
1.833,-0.09,-0.0038,0.0285,-0.0346,19.5
1.834,-0.084,-0.003,0.0405,-0.0256,19.7
1.835,-0.0795,-0.0038,0.0547,-0.0105,19.5
1.836,-0.078,-0.0015,0.0675,-0.0038,19.7
1.837,-0.0743,-0.0015,0.0772,0.0577,19.4
1.838,-0.0721,0.0045,0.084,0.039,19.6
1.839,-0.0668,0.012,0.0862,0.0022,19.4
1.84,-0.0563,0.0097,0.0885,0.0195,19.3
1.841,-0.0465,0.0052,0.0892,0.0232,19.3
1.842,-0.0383,0.0007,0.0877,0.0307,19.0
1.843,-0.0285,-0.0046,0.0825,0.0532,19.3
1.844,-0.0203,-0.0053,0.0772,0.0465,19.1
1.845,-0.0053,-0.0046,0.0712,0.0382,19.0
1.846,0.0075,-0.0053,0.06,0.015,19.0
1.847,0.018,0.0,0.0502,-0.0638,18.9
1.848,0.03,0.006,0.0382,-0.099,18.8
1.849,0.039,0.0082,0.021,-0.054,18.7
1.85,0.0427,0.0045,0.006,-0.039,18.8
1.851,0.039,-0.0015,-0.006,-0.0436,18.6
1.852,0.0352,-0.0053,-0.0143,-0.0308,18.4
1.853,0.0307,-0.0068,-0.0195,-0.0691,18.4
1.854,0.0277,-0.0046,-0.021,-0.0405,18.3
1.855,0.0195,-0.0053,-0.0278,0.0285,18.4
1.856,0.0142,-0.0053,-0.0361,0.0465,18.3
1.857,0.015,-0.0053,-0.0428,0.0855,18.0
1.858,0.012,-0.0038,-0.0503,0.0975,18.2
1.859,0.0142,-0.0015,-0.0548,0.0735,18.0
1.86,0.0225,-0.0015,-0.057,0.009,18.1
1.861,0.0307,-0.0015,-0.0615,-0.0375,17.9
1.862,0.0427,0.0,-0.0691,-0.0105,17.7
1.863,0.054,0.003,-0.078,-0.0098,17.8
1.864,0.0502,-0.0008,-0.0848,-0.0023,17.5
1.865,0.0427,-0.0015,-0.0863,-0.0015,17.6
1.866,0.036,-0.0008,-0.081,-0.0053,17.6
1.867,0.0292,-0.003,-0.0735,0.0007,17.3
1.868,0.0142,-0.0023,-0.0615,-0.0068,17.4
1.869,-0.003,-0.003,-0.0503,0.0,17.1
1.87,-0.0053,-0.0015,-0.0383,-0.003,17.4
1.871,-0.0158,0.0007,-0.0233,-0.0038,17.2
1.872,-0.012,-0.0008,-0.0128,-0.0053,17.2
1.873,0.0007,0.0015,-0.0008,-0.0075,17.2
1.874,0.0007,0.0015,0.0067,-0.0053,16.9
1.875,0.0075,0.0015,0.009,-0.0091,17.0
1.876,0.0105,0.0037,0.012,-0.012,17.0
1.877,0.0135,0.006,0.0127,-0.0068,17.0
1.878,0.0142,0.0052,0.0187,0.003,16.9
1.879,0.009,0.0022,0.027,0.0015,16.8
1.88,-0.0015,-0.0008,0.0277,0.0202,16.9
1.881,-0.0195,-0.0098,0.0307,0.039,16.4
1.882,-0.0278,-0.0113,0.0307,0.003,16.5
1.883,-0.0278,-0.0053,0.0315,-0.0285,16.5
1.884,-0.0218,0.0007,0.0345,-0.0225,16.4
1.885,-0.0128,0.003,0.0322,-0.0068,16.5
1.886,-0.0046,-0.0008,0.0315,0.0082,16.2
1.887,0.0045,-0.003,0.0322,0.0052,16.3
1.888,0.0105,-0.003,0.0337,0.006,16.2
1.889,0.0202,0.0007,0.0337,-0.0015,16.0
1.89,0.027,0.003,0.0345,-0.012,16.0
1.891,0.0315,0.003,0.0307,-0.0083,15.8
1.892,0.0322,-0.0008,0.0225,-0.0068,15.9
1.893,0.0315,-0.0008,0.018,-0.003,15.8
1.894,0.0345,-0.0015,0.012,-0.003,15.7
1.895,0.0337,-0.0008,0.0067,0.003,15.7
1.896,0.0352,-0.0008,0.0,0.0075,15.6
1.897,0.0345,-0.0008,-0.0038,0.0105,15.7
1.898,0.0345,0.0,-0.0053,0.0082,15.3
1.899,0.0345,-0.0015,-0.0068,-0.0091,15.2
1.9,0.0292,-0.0008,-0.0091,-0.0143,15.3
1.901,0.0255,-0.0008,-0.0128,0.0045,15.2
1.902,0.021,0.0007,-0.0188,0.0015,15.3
1.903,0.012,0.0007,-0.0233,-0.0098,14.8
1.904,0.0,-0.0008,-0.0218,-0.0046,15.1
1.905,-0.0068,0.0007,-0.021,-0.0053,14.8
1.906,-0.0098,0.0022,-0.0203,-0.0015,14.7
1.907,-0.0113,0.0015,-0.0181,-0.0015,14.8
1.908,-0.0158,0.0015,-0.0203,-0.0023,14.4
1.909,-0.0173,-0.0008,-0.0225,-0.0023,14.6
1.91,-0.0173,-0.0015,-0.0233,-0.012,14.4
1.911,-0.0195,0.003,-0.0218,-0.015,14.2
1.912,-0.0195,0.0037,-0.021,-0.0135,14.4
1.913,-0.0225,0.0045,-0.0195,-0.0046,14.0
1.914,-0.0256,0.0045,-0.0135,0.0262,14.2
1.915,-0.0256,0.0,-0.0083,0.0577,13.9
1.916,-0.0256,0.0015,-0.0068,0.0382,13.9
1.917,-0.024,0.003,-0.0053,0.0127,13.9
1.918,-0.0248,0.0007,-0.0046,0.0052,13.6
1.919,-0.0248,0.0,-0.0053,-0.0091,13.9
1.92,-0.0233,0.0007,-0.0068,-0.0158,13.5
1.921,-0.024,-0.0008,-0.0083,-0.0225,13.5
1.922,-0.0383,-0.003,-0.0068,-0.0046,13.3
1.923,-0.0503,-0.0046,-0.0083,0.0142,13.4
1.924,-0.0525,-0.0023,-0.0068,0.0075,13.3
1.925,-0.0488,0.0015,-0.0053,0.0217,13.3
1.926,-0.0405,0.0007,-0.0046,0.0457,13.1
1.927,-0.0368,-0.0008,-0.003,0.0045,13.0
1.928,-0.0315,-0.0008,-0.0015,-0.0105,12.8
1.929,-0.0248,-0.0008,-0.0008,0.0165,12.9
1.93,-0.0128,-0.003,0.0015,-0.0165,12.6
1.931,-0.0023,-0.0046,0.0015,-0.0165,12.7
1.932,0.003,-0.003,0.0007,0.0037,12.5
1.933,0.0067,-0.0053,0.0022,-0.0083,12.4
1.934,0.009,-0.003,0.0015,-0.0195,12.5
1.935,0.0157,-0.0023,0.0007,-0.003,12.2
1.936,0.0202,-0.0038,-0.0008,0.0195,12.4
1.937,0.0172,-0.0053,0.0045,0.0082,12.0
1.938,0.0187,-0.0046,0.018,0.0082,12.1
1.939,0.0285,-0.0008,0.012,0.0007,12.0
1.94,0.039,0.0045,0.0112,-0.0278,11.9
1.941,0.048,0.006,0.0217,-0.0713,11.6
1.942,0.051,0.003,0.0195,-0.0668,11.6
1.943,0.0472,0.0007,0.018,-0.0038,11.6
1.944,0.039,-0.0015,0.0127,-0.0015,11.6
1.945,0.0352,-0.0053,0.0127,0.0052,11.5
1.946,0.0405,-0.006,0.0142,0.0165,11.5
1.947,0.0442,-0.003,0.0127,0.0052,11.2
1.948,0.0427,-0.0015,0.0097,0.0157,11.5
1.949,0.039,-0.0038,-0.0015,0.009,11.1
1.95,0.0307,-0.0046,-0.0181,0.006,11.2
1.951,0.0232,-0.0046,-0.033,-0.0015,11.2
1.952,0.0255,-0.0038,-0.0338,0.0052,10.9
1.953,0.021,-0.0038,-0.0315,0.0075,10.8
1.954,0.0075,-0.0015,-0.024,-0.0008,10.7
1.955,0.0045,-0.0015,-0.0203,0.0052,10.7
1.956,0.0127,-0.0008,-0.0158,-0.0008,10.6
1.957,0.0142,-0.0008,-0.0098,0.003,10.7
1.958,0.015,-0.0046,-0.0135,0.006,10.6
1.959,0.027,-0.0008,-0.0173,0.0045,10.5
1.96,0.0292,0.0015,-0.0173,0.0052,10.4
1.961,0.0232,0.0015,-0.0158,0.0037,10.4
1.962,0.0105,0.0007,-0.0091,0.0045,10.3
1.963,-0.003,0.0,-0.0008,0.003,10.5
1.964,-0.0173,0.0022,0.0052,0.0022,10.2
1.965,-0.0405,0.003,0.0052,0.0,10.4
1.966,-0.0555,0.0022,0.0045,0.0015,10.2
1.967,-0.054,-0.0015,0.0007,0.0015,10.3
1.968,-0.0383,-0.0015,-0.003,-0.0015,10.1
1.969,-0.0315,-0.0015,-0.0091,-0.0008,10.0
1.97,-0.027,-0.0023,-0.015,-0.0015,10.2
1.971,-0.0181,-0.003,-0.0165,0.0007,9.8
1.972,-0.0098,-0.003,-0.0158,0.0007,10.1
1.973,-0.0046,-0.0008,-0.0128,-0.0015,9.9
1.974,-0.012,0.0007,-0.0075,-0.0008,9.9
1.975,0.0067,-0.0015,-0.0015,-0.0023,9.9
1.976,0.039,-0.0008,-0.0015,-0.0015,9.9
1.977,0.045,0.0007,-0.0083,-0.003,9.6
1.978,0.051,-0.0015,-0.015,-0.003,9.8
1.979,0.0352,0.0,-0.0181,-0.003,9.5
1.98,0.0082,-0.0008,-0.0233,-0.0053,9.7
1.981,0.0247,-0.0008,-0.0278,-0.0046,9.6
1.982,0.0502,-0.0008,-0.033,-0.0046,9.5
1.983,0.0202,-0.0015,-0.0375,-0.0053,9.6
1.984,0.0082,0.0,-0.0368,-0.0046,9.5
1.985,0.0262,0.0015,-0.0353,-0.0015,9.5
1.986,0.0195,0.0015,-0.0361,0.0067,9.3
1.987,-0.0105,0.0015,-0.0346,0.0097,9.6
1.988,-0.0256,0.0007,-0.0315,0.0045,9.4
1.989,-0.0428,-0.0053,-0.0315,0.0135,9.6
1.99,-0.075,-0.0091,-0.0315,-0.0008,9.4
1.991,-0.0825,-0.003,-0.0293,-0.0315,9.4
1.992,-0.0938,0.0,-0.0293,-0.0128,9.5
1.993,-0.093,-0.0008,-0.0285,0.0007,9.3
1.994,-0.0675,0.0015,-0.0293,-0.0053,9.4
1.995,-0.0113,-0.0008,-0.0315,0.0022,9.3
1.996,-0.0495,-0.0015,-0.0315,-0.0038,9.2
1.997,-0.1628,-0.0038,-0.0315,0.0015,9.4
1.998,-0.0443,-0.0015,-0.0308,0.0007,9.1
1.999,-0.024,-0.0008,-0.0218,-0.0008,9.1
2.0,-0.1275,0.0007,-0.003,0.003,9.0
2.001,-0.0293,0.0015,0.0142,-0.0015,9.2
2.002,0.1297,-0.0015,0.024,0.0015,9.3
2.003,0.327,-0.0038,0.0232,-0.0008,9.2
2.004,0.408,-0.003,0.0105,0.0007,9.4
2.005,0.3397,-0.003,-0.0181,-0.0008,9.0
2.006,0.2197,-0.0046,-0.0578,-0.0015,9.0
2.007,0.0765,-0.003,-0.105,0.003,9.1
2.008,-0.054,-0.0015,-0.1441,0.0015,9.1
2.009,-0.1523,-0.0015,-0.1583,0.0007,9.0
2.01,-0.2265,-0.0015,-0.1448,-0.0015,9.0
2.011,-0.2821,-0.0015,-0.114,-0.0038,9.1
2.012,-0.2798,-0.0015,-0.0721,-0.003,9.0
2.013,-0.2685,0.003,-0.0293,-0.0008,9.0
2.014,-0.2708,0.0037,0.0127,0.0007,9.1
2.015,-0.2783,-0.0008,0.054,0.0007,9.0
2.016,-0.2745,-0.0023,0.0885,-0.0008,9.1
2.017,-0.2693,-0.0008,0.1245,0.0007,8.8
2.018,-0.2558,0.003,0.159,0.003,9.0
2.019,-0.2175,0.0052,0.1942,0.0,9.0
2.02,-0.159,0.003,0.2205,-0.0023,8.9
2.021,-0.075,0.0015,0.2272,-0.003,8.9
2.022,-0.0098,-0.0008,0.2392,-0.0015,8.9
2.023,0.0427,-0.003,0.2505,-0.0023,8.9
2.024,0.0862,0.0007,0.2505,-0.0008,8.8
2.025,0.1177,0.0007,0.2467,0.0037,8.7
2.026,0.1492,-0.0008,0.2325,0.0037,9.0
2.027,0.1642,-0.0015,0.204,0.003,8.6
2.028,0.1695,0.0007,0.1657,0.0015,8.7
2.029,0.1732,0.0015,0.1185,0.0015,8.8
2.03,0.1822,-0.0023,0.0945,0.0,8.7
2.031,0.2025,-0.003,0.1807,-0.0008,8.8
2.032,0.2265,-0.0015,0.3795,0.0037,8.5
2.033,0.237,0.0015,0.5415,0.0067,8.7
2.034,0.2445,0.0015,0.6322,0.0075,8.7
2.035,0.246,0.003,0.6765,0.0067,8.6
2.036,0.2355,0.0052,0.6352,0.0045,8.6
2.037,0.2175,0.0052,0.516,0.0052,8.7
2.038,0.189,0.0045,0.3562,0.0045,8.5
2.039,0.1627,0.0015,0.1762,0.003,8.6
2.04,0.1297,0.0007,-0.0398,0.0022,8.4
2.041,0.087,-0.0015,-0.2678,0.0007,8.7
2.042,0.0592,-0.003,-0.4905,-0.0008,8.4
2.043,0.0855,-0.003,-0.714,-0.0038,8.7
2.044,0.1635,-0.0023,-0.9113,-0.0046,8.5
2.045,0.192,-0.003,-1.0658,-0.0053,8.5
2.046,0.1515,-0.0038,-1.1866,-0.0046,8.6
2.047,0.123,-0.0023,-1.2653,-0.0046,8.5
2.048,0.0832,-0.003,-1.2765,-0.003,8.7
2.049,0.042,-0.0015,-1.2518,-0.0008,8.4
2.05,0.0157,-0.0038,-1.1843,-0.0015,8.8
2.051,-0.0143,-0.0046,-1.0605,-0.0015,8.5
2.052,-0.0256,-0.0053,-0.8753,-0.0015,8.6
2.053,-0.0346,-0.003,-0.6383,-0.0015,8.5
2.054,-0.0353,0.0052,-0.375,0.0015,8.7
2.055,-0.0338,0.006,-0.099,0.0022,8.5
2.056,-0.0368,0.0007,0.1402,0.003,8.6
2.057,-0.0465,0.0015,0.3607,0.0045,8.5
2.058,-0.0623,0.003,0.5475,0.0037,8.6
2.059,-0.0645,0.0007,0.6975,0.003,8.6
2.06,-0.0698,0.0007,0.831,0.0045,8.7
2.061,-0.0706,-0.0015,0.8992,0.003,8.5
2.062,-0.0615,-0.0008,0.9405,0.003,8.5
2.063,-0.054,0.0,0.9877,0.0052,8.6
2.064,-0.042,0.0007,0.9952,0.0067,8.4
2.065,-0.0293,0.003,0.9772,0.0052,8.7
2.066,-0.033,0.0007,0.9405,0.0045,8.3
2.067,-0.0488,-0.0008,0.8782,0.0037,8.5
2.068,-0.045,0.0015,0.8025,0.0015,8.5
2.069,-0.012,0.0007,0.714,0.0,8.4
2.07,0.0352,-0.0008,0.618,0.0015,8.6
2.071,0.051,0.0,0.5175,-0.0008,8.5
2.072,0.0217,0.0,0.414,0.0,8.5
2.073,-0.0323,0.0,0.3217,0.0015,8.6
2.074,-0.0953,0.0015,0.2422,-0.0008,8.4
2.075,-0.1523,0.0015,0.171,0.0015,8.6
2.076,-0.2085,0.0,0.108,0.0015,8.4
2.077,-0.2475,0.0,0.0517,0.0,8.6
2.078,-0.2948,0.0,0.0007,0.0007,8.4
2.079,-0.4081,0.0015,-0.039,0.0015,8.6
2.08,-0.5798,0.0007,-0.0668,0.0015,8.5
2.081,-0.735,0.0007,-0.0863,-0.0008,8.4
2.082,-0.7516,0.0,-0.1043,-0.0023,8.7
2.083,-0.5873,-0.0023,-0.1208,-0.0053,8.5
2.084,-0.3233,-0.0015,-0.1441,-0.0091,8.7
2.085,-0.0068,0.0007,-0.1658,-0.0075,8.6
2.086,0.2812,0.0007,-0.1853,-0.0053,8.7
2.087,0.453,-0.0008,-0.1988,-0.0038,8.7
2.088,0.537,0.0,-0.1973,-0.003,8.8
2.089,0.543,-0.0015,-0.1898,-0.003,8.9
2.09,0.5197,-0.0008,-0.1763,-0.0015,8.7
2.091,0.486,-0.0015,-0.1703,-0.0008,8.8
2.092,0.4312,-0.0008,-0.1748,0.0007,8.8
2.093,0.3795,-0.0008,-0.1808,0.0037,8.6
2.094,0.3157,-0.0008,-0.1793,0.0045,9.0
2.095,0.237,0.0007,-0.1726,0.0045,9.0
2.096,0.1627,-0.0008,-0.1598,0.0052,8.9
2.097,0.1072,-0.0015,-0.1515,0.0045,9.0
2.098,0.078,-0.0046,-0.1441,0.0022,8.9
2.099,0.0735,-0.0068,-0.1335,0.0007,9.1
2.1,0.0727,-0.0038,-0.1253,0.0015,9.0
2.101,0.0592,-0.0008,-0.117,0.0015,9.1
2.102,0.0322,0.0015,-0.1103,0.0,9.1
2.103,-0.0173,0.0015,-0.105,-0.0053,9.3
2.104,-0.084,0.0015,-0.1013,-0.0105,9.2
2.105,-0.1515,-0.0015,-0.1013,-0.012,9.0
2.106,-0.1913,-0.0008,-0.1028,-0.0091,9.4
2.107,-0.219,0.0007,-0.1088,-0.0068,9.3
2.108,-0.2453,-0.0038,-0.1178,-0.0075,9.5
2.109,-0.261,-0.0075,-0.1275,-0.0046,9.5
2.11,-0.2745,-0.006,-0.1403,-0.0008,9.5
2.111,-0.2783,-0.003,-0.1523,0.0022,9.6
2.112,-0.2708,-0.0015,-0.165,0.0022,9.5
2.113,-0.2595,0.0015,-0.1808,0.0007,9.6
2.114,-0.2678,-0.0008,-0.195,0.0015,9.8
2.115,-0.2618,-0.0015,-0.21,0.0007,9.7
2.116,-0.1988,0.0007,-0.222,0.0007,9.9
2.117,-0.108,0.0,-0.2265,-0.0008,10.0
2.118,-0.0256,-0.0008,-0.2318,-0.0023,10.1
2.119,0.0337,-0.0015,-0.234,-0.003,10.0
2.12,0.0675,-0.0008,-0.237,-0.0046,10.0
2.121,0.0877,-0.0008,-0.231,-0.003,10.2
2.122,0.1147,0.0022,-0.2183,-0.0046,10.1
2.123,0.1342,-0.0015,-0.207,-0.003,10.4
2.124,0.1387,0.0007,-0.1913,-0.003,10.3
2.125,0.1485,0.0052,-0.1778,-0.0023,10.6
2.126,0.153,0.0015,-0.165,-0.0015,10.7
2.127,0.144,0.0015,-0.1426,0.0015,10.7
2.128,0.1245,0.0007,-0.1185,0.003,11.2
2.129,0.0825,0.0,-0.0975,-0.0008,10.7
2.13,0.0555,0.0,-0.0713,-0.0015,11.0
2.131,0.0555,0.0007,-0.0488,-0.0008,11.1
2.132,0.0517,-0.0008,-0.0278,-0.0015,11.2
2.133,0.0457,-0.0008,-0.0053,-0.0015,11.3
2.134,0.0427,-0.0008,0.0105,-0.0008,11.5
2.135,0.0382,-0.003,0.0202,-0.0015,11.4
2.136,0.042,-0.0023,0.027,0.0007,11.7
2.137,0.042,-0.0023,0.039,0.0015,11.8
2.138,0.036,0.0,0.06,-0.0008,11.9
2.139,0.0285,-0.0008,0.0862,-0.0015,12.0
2.14,0.0195,-0.0046,0.114,-0.003,12.2
2.141,0.0135,-0.0068,0.1275,-0.0015,12.4
2.142,0.0112,-0.0068,0.1365,0.0015,12.3
2.143,0.0037,-0.0046,0.141,0.0015,12.6
2.144,0.0,-0.003,0.1425,0.0,12.6
2.145,0.0052,0.0015,0.1312,0.0015,12.9
2.146,0.012,0.0045,0.1162,0.0037,13.0
2.147,0.015,-0.0008,0.0967,0.0007,13.0
2.148,0.0195,-0.0015,0.0727,0.0007,13.1
2.149,0.0307,-0.0008,0.0727,0.0022,13.2
2.15,0.0375,-0.0008,0.09,0.0015,13.4
2.151,0.0412,-0.0008,0.1042,-0.0015,13.6
2.152,0.042,-0.0046,0.1065,-0.0038,13.9
2.153,0.0375,-0.0053,0.1057,-0.0046,14.0
2.154,0.0345,-0.0068,0.099,-0.0046,13.9
2.155,0.0217,-0.0046,0.0802,-0.003,14.1
2.156,0.012,-0.0023,0.0637,-0.0023,14.1
2.157,0.0052,-0.003,0.0592,-0.003,14.7
2.158,0.0037,-0.0038,0.0615,-0.0053,14.7
2.159,0.0015,-0.0015,0.066,-0.0038,14.7
2.16,-0.0083,0.0007,0.069,-0.0046,15.0
2.161,-0.0135,-0.003,0.0675,-0.0053,14.9
2.162,-0.0173,-0.003,0.0675,-0.006,15.2
2.163,-0.0165,-0.0023,0.0652,-0.0075,15.3
2.164,-0.0195,-0.0015,0.0532,-0.0053,15.5
2.165,-0.0203,0.0007,0.0375,-0.0053,15.7
2.166,-0.0225,0.0015,0.0232,-0.0046,15.9
2.167,-0.0278,0.0045,0.0105,-0.003,16.0
2.168,-0.0308,0.0037,0.0022,-0.003,16.2
2.169,-0.0323,0.0045,-0.0046,-0.0008,16.2
2.17,-0.0315,0.0037,-0.0083,-0.0023,16.5
2.171,-0.027,0.0007,-0.0105,-0.003,16.5
2.172,-0.0225,0.0,-0.0173,-0.003,16.8
2.173,-0.0233,-0.0015,-0.021,-0.0023,16.7
2.174,-0.0278,0.0007,-0.024,-0.003,17.0
2.175,-0.0323,0.0015,-0.0248,-0.0023,17.1
2.176,-0.0323,0.0015,-0.0203,0.0007,17.5
2.177,-0.0256,0.0,-0.0233,-0.0008,17.5
2.178,-0.0165,-0.0008,-0.0285,-0.0023,17.7
2.179,-0.0038,-0.0015,-0.0293,-0.0015,17.9
2.18,0.009,-0.003,-0.0256,-0.003,17.8
2.181,0.0232,-0.0015,-0.0188,-0.003,18.1
2.182,0.0352,-0.003,-0.0068,-0.003,18.3
2.183,0.0412,-0.0008,0.006,-0.0015,18.4
2.184,0.048,-0.0008,0.0232,-0.0015,18.6
2.185,0.0487,-0.0015,0.0202,-0.0023,18.8
2.186,0.0465,-0.0008,-0.0308,-0.0015,18.9
2.187,0.0412,0.0,-0.1245,-0.0015,19.3
2.188,0.033,-0.0008,-0.2258,-0.003,19.3
2.189,0.0247,-0.0015,-0.2873,-0.003,19.6
2.19,0.0157,0.0007,-0.309,0.0,19.6
2.191,0.0097,-0.0008,-0.3128,-0.0008,20.0
2.192,0.0045,-0.0008,-0.3083,-0.0038,20.2
2.193,-0.0023,-0.0008,-0.3158,-0.0046,20.2
2.194,-0.0083,0.0,-0.3353,-0.0046,20.7
2.195,-0.0165,0.0022,-0.3451,-0.0068,21.0
2.196,-0.0285,0.0015,-0.3488,-0.0083,21.1
2.197,-0.0383,0.0007,-0.3481,-0.0068,21.3
2.198,-0.0495,0.0,-0.3203,-0.0053,21.6
2.199,-0.0638,0.0007,-0.258,-0.0015,21.8
2.2,-0.0765,0.0007,-0.1568,0.0,22.3
2.201,-0.084,0.003,-0.0398,0.0015,22.5
2.202,-0.0856,0.003,0.0765,0.0037,22.7
2.203,-0.078,0.0007,0.1875,0.0052,22.9
2.204,-0.0668,-0.0015,0.2842,0.0052,23.5
2.205,-0.0533,-0.003,0.366,0.0045,23.4
2.206,-0.0398,0.0,0.4297,0.0045,24.0
2.207,-0.0248,-0.0008,0.4927,0.0022,24.0
2.208,-0.006,-0.0015,0.555,0.003,24.4
2.209,0.0165,-0.0008,0.606,0.0075,24.5
2.21,0.039,-0.0008,0.6397,0.0067,25.0
2.211,0.063,-0.0015,0.6472,0.0045,25.2
2.212,0.0847,-0.0008,0.6292,0.0045,25.3
2.213,0.099,-0.003,0.5872,0.0037,25.8
2.214,0.1027,-0.003,0.5317,-0.0008,26.0
2.215,0.1065,-0.0008,0.468,-0.0015,26.1
2.216,0.1065,-0.0008,0.3937,-0.0015,26.3
2.217,0.0997,-0.0015,0.3142,-0.0015,26.7
2.218,0.093,-0.0008,0.2347,0.0007,27.0
2.219,0.0832,-0.0008,0.1582,0.0,27.5
2.22,0.0705,0.0007,0.0877,0.0007,27.4
2.221,0.0555,0.0015,0.0255,0.003,28.0
2.222,0.0427,0.0015,-0.0285,0.003,28.1
2.223,0.0277,-0.0008,-0.0721,0.0037,28.4
2.224,0.015,-0.0008,-0.1065,0.0022,28.8
2.225,0.003,-0.0015,-0.1178,0.0022,29.0
2.226,-0.0143,-0.0046,-0.0908,0.0022,29.5
2.227,-0.0263,-0.0053,-0.0338,0.0007,29.6
2.228,-0.0368,-0.0053,0.0495,0.0015,30.1
2.229,-0.0503,-0.0038,0.1387,0.0007,30.2
2.23,-0.0608,-0.0053,0.2032,0.0037,30.6
2.231,-0.066,-0.0038,0.231,0.0045,31.1
2.232,-0.063,-0.0008,0.216,0.0045,31.2
2.233,-0.0585,0.0,0.18,0.0052,31.8
2.234,-0.0533,-0.0008,0.1305,0.003,31.9
2.235,-0.0473,-0.0023,0.0577,0.0022,32.2
2.236,-0.0458,-0.0015,0.003,0.0007,32.7
2.237,-0.0443,-0.003,-0.0315,-0.0008,32.8
2.238,-0.045,-0.003,-0.0653,0.0015,33.2
2.239,-0.0458,-0.0015,-0.0975,0.0015,33.6
2.24,-0.0428,-0.0008,-0.1335,0.0015,33.8
2.241,-0.042,0.0,-0.1748,0.003,34.0
2.242,-0.0405,0.0,-0.225,0.0022,34.3
2.243,-0.0353,-0.003,-0.2603,0.0022,34.8
2.244,-0.0323,-0.003,-0.2821,0.0015,35.0
2.245,-0.0285,-0.003,-0.303,0.003,35.4
2.246,-0.0308,-0.0053,-0.3195,0.0045,35.6
2.247,-0.0338,-0.0046,-0.3315,0.0022,36.0
2.248,-0.0308,-0.0015,-0.3458,0.0022,36.4
2.249,-0.0233,0.0015,-0.3555,0.0052,36.6
2.25,-0.0173,-0.0008,-0.3518,0.0037,36.9
2.251,-0.0098,-0.0008,-0.3473,0.0022,37.1
2.252,0.0007,0.0007,-0.3353,0.0022,37.5
2.253,0.0082,0.0007,-0.3255,0.003,37.9
2.254,0.0127,0.0,-0.3128,0.0045,37.8
2.255,0.018,-0.0015,-0.2955,0.003,38.3
2.256,0.0172,-0.0008,-0.2783,0.0007,38.4
2.257,0.0157,0.0007,-0.2543,-0.0008,38.9
2.258,0.0142,0.0015,-0.2295,0.0,39.1
2.259,0.012,0.0007,-0.2033,0.0015,39.2
2.26,0.009,0.0007,-0.18,0.0015,39.6
2.261,0.0052,0.003,-0.1605,0.0007,39.8
2.262,0.003,0.0015,-0.1403,0.0007,40.0
2.263,0.0015,0.0007,-0.1193,0.0015,40.3
2.264,-0.003,0.0007,-0.1006,0.0015,40.5
2.265,-0.006,0.0022,-0.084,0.0007,40.9
2.266,-0.0046,0.0015,-0.0698,-0.0008,41.1
2.267,-0.003,-0.0015,-0.06,0.0022,41.4
2.268,-0.0046,-0.0015,-0.0503,0.003,41.6
2.269,-0.0015,-0.0015,-0.045,0.0015,41.8
2.27,0.0037,0.0007,-0.0405,0.0007,42.2
2.271,0.0067,0.0015,-0.0368,0.0,42.2
2.272,0.0097,0.0015,-0.0353,0.0,42.7
2.273,0.0142,0.003,-0.0353,-0.0008,42.8
2.274,0.0202,0.0045,-0.039,-0.0008,43.3
2.275,0.0292,0.0037,-0.048,-0.0008,43.5
2.276,0.0352,0.0045,-0.0593,0.0007,43.5
2.277,0.0405,0.003,-0.0743,0.0,43.8
2.278,0.042,-0.0008,-0.0878,-0.0008,44.0
2.279,0.0427,-0.0008,-0.099,0.0,44.2
2.28,0.0442,-0.0015,-0.1043,-0.0015,44.5
2.281,0.0352,0.0007,-0.1028,-0.0008,44.6
2.282,-0.0053,0.0007,-0.1095,-0.0008,45.0
2.283,-0.0668,0.0007,-0.1118,0.0015,45.2
2.284,-0.099,0.0022,-0.108,0.0,45.5
2.285,-0.1133,0.0022,-0.1118,-0.0023,45.8
2.286,-0.1118,0.0045,-0.1065,-0.0023,46.1
2.287,-0.0953,0.0015,-0.0893,-0.0015,46.3
2.288,-0.084,0.0015,-0.0668,-0.0023,46.5
2.289,-0.0668,0.0015,-0.0353,-0.003,47.0
2.29,-0.0488,0.0007,0.0037,-0.0023,47.2
2.291,-0.0278,-0.0008,0.0442,-0.0015,47.5
2.292,-0.0091,-0.003,0.0877,0.0007,47.8
2.293,0.012,-0.003,0.1297,0.0015,48.1
2.294,0.0382,-0.0015,0.1717,0.0022,48.2
2.295,0.0562,-0.0008,0.21,0.0022,48.6
2.296,0.066,-0.0038,0.2467,0.0007,48.8
2.297,0.0712,-0.0068,0.2842,0.0007,49.2
2.298,0.0735,-0.0053,0.321,-0.0008,49.1
2.299,0.0675,-0.003,0.3562,0.0007,49.7
2.3,0.057,-0.0015,0.3862,0.0015,49.9
2.301,0.0457,-0.003,0.4125,-0.0015,50.0
2.302,0.033,-0.003,0.438,0.0,50.4
2.303,0.0202,-0.003,0.456,-0.0008,50.5
2.304,0.0105,-0.0053,0.4717,0.0,51.0
2.305,-0.0008,-0.0038,0.4822,-0.0008,51.2
2.306,-0.0165,-0.0015,0.4852,-0.0008,51.6
2.307,-0.0405,-0.0008,0.477,0.0,51.4
2.308,-0.0818,0.0015,0.4432,0.0,51.9
2.309,-0.1215,0.0015,0.3975,0.0007,52.0
2.31,-0.1155,0.0007,0.3562,0.0007,52.4
2.311,-0.0893,-0.0023,0.327,0.003,52.6
2.312,-0.0473,-0.003,0.309,0.0022,52.8
2.313,0.0195,-0.003,0.27,0.0022,53.0
2.314,0.054,-0.003,0.2272,0.0007,53.2
2.315,0.0802,0.0007,0.1822,-0.0008,53.4
2.316,0.0922,0.0015,0.1335,0.0,53.8
2.317,0.096,0.0045,0.0937,-0.0015,53.6
2.318,0.1102,0.0052,0.057,-0.0023,54.2
2.319,0.1207,0.0022,0.0307,-0.003,54.4
2.32,0.1432,0.003,0.0052,-0.0015,54.6
2.321,0.1567,0.0045,-0.015,-0.0015,54.9
2.322,0.1642,0.0052,-0.0308,-0.003,54.8
2.323,0.1627,0.0045,-0.042,-0.0008,55.4
2.324,0.15,0.0015,-0.0473,0.0007,55.4
2.325,0.1327,0.0007,-0.054,0.0022,55.7
2.326,0.1117,0.0007,-0.0578,0.0015,56.0
2.327,0.0952,0.0015,-0.0615,0.0015,56.1
2.328,0.0787,0.0007,-0.06,0.0007,56.5
2.329,0.0667,-0.0008,-0.06,0.0,56.8
2.33,0.0532,0.0007,-0.0615,0.0015,56.8
2.331,0.039,0.0007,-0.063,0.0015,57.1
2.332,0.024,0.0007,-0.0675,0.0022,57.0
2.333,0.0067,-0.0008,-0.0713,0.0007,57.5
2.334,-0.0135,0.0,-0.078,-0.0008,57.6
2.335,-0.0278,-0.0015,-0.0878,-0.0008,58.0
2.336,-0.039,0.0,-0.1021,-0.0015,58.1
2.337,-0.054,-0.0008,-0.1163,-0.0008,58.2
2.338,-0.0668,-0.0008,-0.1328,-0.0008,58.3
2.339,-0.0788,0.0015,-0.1478,-0.0015,58.5
2.34,-0.09,0.0007,-0.1605,-0.0008,58.8
2.341,-0.0893,0.003,-0.1741,0.0022,58.6
2.342,-0.0915,0.0037,-0.186,0.0045,58.9
2.343,-0.0923,0.0037,-0.2003,0.0015,59.1
2.344,-0.0856,0.0022,-0.2108,0.0007,59.3
2.345,-0.0803,0.0022,-0.2243,-0.0008,59.3
2.346,-0.0743,0.0045,-0.2393,-0.0008,59.6
2.347,-0.0691,0.0052,-0.2483,-0.0008,59.6
2.348,-0.0623,0.0037,-0.2528,-0.0008,59.9
2.349,-0.0555,0.0015,-0.2558,0.0007,59.8
2.35,-0.0511,0.0022,-0.2595,-0.0008,60.3
2.351,-0.0473,0.0,-0.2558,0.0007,60.2
2.352,-0.042,0.0007,-0.2438,0.0007,60.5
2.353,-0.0353,0.0007,-0.2303,-0.0015,60.3
2.354,-0.0181,0.0007,-0.2108,0.0,60.4
2.355,0.009,0.0007,-0.186,-0.0008,60.6
2.356,0.033,0.0,-0.1665,0.0,60.5
2.357,0.0427,-0.0008,-0.1523,0.0015,61.0
2.358,0.0412,-0.0015,-0.1328,0.0015,60.7
2.359,0.0337,-0.0008,-0.114,0.003,60.9
2.36,0.0255,-0.0015,-0.1013,0.0015,60.8
2.361,0.0157,-0.0015,-0.0871,-0.003,61.0
2.362,0.0105,-0.0015,-0.0713,-0.0015,61.2
2.363,0.0075,-0.0023,-0.057,-0.0008,61.2
2.364,0.0022,-0.0046,-0.0405,-0.0015,61.2
2.365,0.0007,-0.0046,-0.0218,-0.0008,61.3
2.366,-0.0015,-0.003,-0.0091,-0.0008,61.3
2.367,-0.0046,-0.003,0.009,-0.0008,61.5
2.368,-0.006,-0.0023,0.0322,-0.0015,61.4
2.369,-0.0091,-0.0008,0.042,-0.0008,61.5
2.37,-0.0135,-0.0015,0.0502,-0.0015,61.6
2.371,-0.0195,-0.003,0.063,-0.0023,61.5
2.372,-0.0278,-0.0038,0.0727,-0.0008,61.8
2.373,-0.0383,-0.0053,0.0825,0.0007,61.6
2.374,-0.0443,-0.0053,0.0817,-0.0008,61.8
2.375,-0.0518,-0.0015,0.078,0.0007,61.7
2.376,-0.0578,-0.0008,0.0787,0.0007,61.7
2.377,-0.0683,-0.0008,0.0847,-0.0008,61.9
2.378,-0.0735,-0.0023,0.0877,-0.0008,61.6
2.379,-0.0721,-0.003,0.0862,-0.0015,62.0
2.38,-0.0698,0.0,0.084,-0.0008,61.7
2.381,-0.0683,-0.003,0.078,-0.0015,62.0
2.382,-0.0668,-0.003,0.0697,-0.0008,62.0
2.383,-0.063,-0.003,0.0592,-0.0015,61.9
2.384,-0.0563,-0.0038,0.0525,-0.0023,62.2
2.385,-0.0436,-0.0023,0.0427,-0.0015,62.0
2.386,-0.033,-0.0008,0.0382,-0.0008,62.2
2.387,-0.0143,0.0007,0.0412,-0.0008,62.1
2.388,0.012,0.0,0.0367,0.0007,62.3
2.389,0.0232,0.003,0.0322,-0.0008,62.3
2.39,0.027,0.003,0.033,-0.0015,62.2
2.391,0.03,0.0015,0.0315,-0.0015,62.1
2.392,0.0292,-0.0008,0.027,-0.0015,62.2
2.393,0.0277,-0.0015,0.0217,-0.0015,62.1
2.394,0.0255,-0.0008,0.0127,-0.0015,62.2
2.395,0.0277,0.0007,0.0015,-0.0008,61.9
2.396,0.0255,-0.0008,-0.0046,0.0,62.1
2.397,0.021,-0.0023,-0.0105,-0.0008,61.9
2.398,0.0195,-0.0023,-0.0181,-0.0023,61.9
2.399,0.0195,-0.003,-0.027,-0.0053,61.7
2.4,0.018,-0.003,-0.033,-0.0068,61.7
2.401,0.015,-0.0015,-0.0315,-0.0053,62.0
2.402,0.012,-0.0015,-0.0405,-0.0046,61.7
2.403,0.0127,-0.0008,-0.057,-0.003,62.0
2.404,0.0127,-0.0015,-0.0691,-0.0015,61.6
2.405,0.0127,-0.0008,-0.0765,-0.0023,61.7
2.406,0.0157,-0.0015,-0.078,-0.0015,61.7
2.407,0.0165,-0.0008,-0.0788,-0.0023,61.7
2.408,0.0165,-0.0023,-0.0795,-0.0015,61.4
2.409,0.0157,-0.0008,-0.0773,-0.0015,61.5
2.41,0.0202,0.0007,-0.0743,0.0015,61.4
2.411,0.0232,-0.003,-0.066,0.0022,61.5
2.412,0.0202,-0.0038,-0.0555,0.003,61.3
2.413,0.0217,-0.0046,-0.0473,0.0015,61.5
2.414,0.0202,-0.0038,-0.0361,-0.0015,61.2
2.415,0.0195,0.0,-0.027,-0.0015,61.3
2.416,0.018,0.0022,-0.0195,-0.0046,61.5
2.417,0.018,0.003,-0.0113,-0.003,61.2
2.418,0.0157,0.0022,-0.0053,-0.0015,61.3
2.419,0.0127,0.0007,0.0,-0.0008,61.3
2.42,0.0165,0.0007,0.0067,-0.0008,61.3
2.421,0.0165,0.0007,0.015,-0.0015,61.1
2.422,0.0165,-0.0008,0.024,-0.0015,61.1
2.423,0.018,-0.003,0.0352,-0.0015,61.0
2.424,0.0202,-0.0023,0.0465,-0.0008,61.0
2.425,0.0195,-0.0015,0.0547,0.0007,60.9
2.426,0.0187,-0.0015,0.0585,-0.0008,61.0
2.427,0.0195,-0.003,0.0592,0.0,60.8
2.428,0.0202,-0.0046,0.0607,0.0007,61.1
2.429,0.0195,-0.0053,0.06,0.0015,60.7
2.43,0.0165,-0.0038,0.0592,-0.0008,60.8
2.431,0.0142,-0.003,0.0592,-0.0015,60.7
2.432,0.0135,-0.0008,0.057,0.0007,60.6
2.433,0.0105,0.0007,0.054,-0.0015,60.6
2.434,0.0097,-0.0008,0.0517,-0.003,60.4
2.435,0.0105,-0.0015,0.048,-0.0008,60.5
2.436,0.0105,0.0007,0.0427,0.0007,60.3
2.437,0.012,0.0007,0.0382,0.0007,60.3
2.438,0.012,-0.0008,0.033,-0.0008,60.2
2.439,0.0105,-0.0008,0.0285,-0.0015,60.3
2.44,0.0105,-0.0008,0.0232,-0.0008,60.1
2.441,0.0075,-0.003,0.0195,0.0,59.9
2.442,0.0052,-0.0023,0.0165,0.0015,59.9
2.443,0.0052,-0.003,0.012,0.0007,59.8
2.444,0.0067,-0.0038,0.0112,0.0007,59.7
2.445,0.0075,-0.0038,0.0082,0.0037,59.6
2.446,0.0067,-0.003,0.0037,0.003,59.4
2.447,0.0045,-0.003,0.003,0.003,59.2
2.448,0.0022,-0.003,0.0007,0.0,59.2
2.449,0.003,-0.0015,-0.0015,-0.0008,59.1
2.45,0.0015,0.0,-0.003,0.0007,59.1
2.451,0.0015,0.0015,-0.0046,0.0015,58.7
2.452,0.003,0.003,-0.006,0.0022,58.7
2.453,0.003,0.0022,-0.0075,0.003,58.3
2.454,-0.0008,0.0007,-0.0075,0.0022,58.3
2.455,-0.003,0.0007,-0.0053,0.0007,58.0
2.456,-0.003,0.0007,-0.003,0.0007,58.0
2.457,-0.0038,0.0,-0.0015,0.0015,57.8
2.458,0.0007,0.0007,-0.0015,0.0022,57.6
2.459,0.0,0.0007,0.0007,0.0,57.4
2.46,-0.0008,0.0015,0.003,0.0007,57.1
2.461,-0.0008,0.0007,0.0045,0.0022,57.1
2.462,0.0007,0.0015,0.0082,0.0015,57.0
2.463,0.0037,0.0,0.009,0.0015,56.5
2.464,0.003,0.0,0.009,0.0015,56.6
2.465,0.003,0.0015,0.0105,0.0007,56.4
2.466,0.0045,0.0007,0.0082,-0.0008,56.2
2.467,0.003,-0.0008,0.0067,-0.0015,56.0
2.468,-0.003,0.0007,0.0082,0.0007,55.7
2.469,-0.006,0.0007,0.0067,0.0,55.5
2.47,-0.0083,-0.0008,0.0075,0.0007,55.3
2.471,-0.0091,-0.0008,0.0082,-0.0008,55.3
2.472,-0.012,0.0007,0.0067,0.0,55.1
2.473,-0.0128,0.0,0.0052,-0.0008,54.7
2.474,-0.012,-0.0008,0.0067,0.0,54.5
2.475,-0.015,-0.0015,0.0082,-0.0015,54.2
2.476,-0.0143,-0.0008,0.009,-0.0015,54.1
2.477,-0.0143,-0.003,0.0105,-0.0008,54.0
2.478,-0.0181,-0.003,0.009,-0.003,53.6
2.479,-0.0203,-0.0008,0.0082,-0.003,53.5
2.48,-0.0285,0.0007,0.0075,-0.0015,53.2
2.481,-0.0338,-0.0008,0.0067,-0.0023,52.9
2.482,-0.0346,-0.0008,0.006,-0.0015,52.9
2.483,-0.0368,0.0,0.0067,-0.0008,52.5
2.484,-0.033,0.0007,0.0067,-0.0015,52.4
2.485,-0.027,0.0045,0.0052,0.0015,51.9
2.486,-0.024,0.0037,0.0052,0.0022,52.0
2.487,-0.0165,0.003,0.0052,0.0037,51.6
2.488,-0.015,0.003,0.0045,0.0045,51.3
2.489,-0.0143,0.0007,0.003,0.0022,51.1
2.49,-0.0083,0.0022,0.0015,0.0015,50.9
2.491,-0.0068,0.0015,0.0022,0.0037,50.5
2.492,-0.0053,0.0022,0.003,0.0052,50.3
2.493,-0.003,0.0037,0.006,0.0045,50.0
2.494,-0.0015,0.0007,0.0067,0.0045,49.8
2.495,0.0015,0.0007,0.0067,0.0045,49.5
2.496,0.0045,0.0022,0.0045,0.0007,49.3
2.497,0.0067,0.0045,0.0067,0.0015,49.0
2.498,0.0082,0.0045,0.0112,0.0015,48.7
2.499,0.0075,0.0,0.0135,0.0007,48.5
2.5,0.012,-0.0023,0.0165,0.0007,48.3
2.501,0.0157,-0.0038,0.018,0.0022,47.9
2.502,0.0142,-0.0038,0.0187,-0.0008,47.6
2.503,0.015,-0.003,0.0217,-0.0015,47.3
2.504,0.0172,-0.003,0.0232,-0.0008,47.1
2.505,0.0157,-0.0046,0.024,-0.0008,46.7
2.506,0.0165,-0.0046,0.0262,-0.0008,46.5
2.507,0.0165,-0.0053,0.0255,0.0007,46.0
2.508,0.0127,-0.0046,0.0277,0.0007,45.8
2.509,0.0112,-0.0038,0.0285,-0.0015,45.6
2.51,0.0127,-0.0046,0.0277,-0.003,45.1
2.511,0.0142,-0.0046,0.0277,-0.0023,45.0
2.512,0.0157,-0.006,0.027,-0.0023,44.4
2.513,0.0157,-0.0068,0.024,-0.003,44.4
2.514,0.018,-0.0068,0.0225,-0.0023,44.0
2.515,0.0202,-0.006,0.0202,-0.0023,43.8
2.516,0.0217,-0.0091,0.0195,-0.0038,43.5
2.517,0.0217,-0.0091,0.018,-0.0015,43.1
2.518,0.0187,-0.0083,0.0165,-0.0015,42.7
2.519,0.0142,-0.0068,0.0135,-0.0023,42.4
2.52,0.0142,-0.0053,0.0112,-0.0015,42.2
2.521,0.0165,-0.0053,0.006,-0.0015,41.8
2.522,0.0165,-0.0023,0.0037,-0.0015,41.5
2.523,0.012,0.0,0.0037,-0.003,41.3
2.524,0.0105,-0.0008,0.0007,-0.0023,40.9
2.525,0.009,-0.0015,0.0007,-0.0008,40.6
2.526,0.0082,-0.0015,-0.003,-0.0023,40.4
2.527,0.0082,-0.0008,-0.0053,-0.0038,40.0
2.528,0.003,-0.0015,-0.0091,-0.0046,39.9
2.529,-0.0015,-0.0008,-0.0105,-0.0046,39.1
2.53,-0.0105,0.0,-0.0098,-0.0046,39.1
2.531,-0.015,0.0007,-0.012,-0.003,38.7
2.532,-0.0083,0.0007,-0.012,-0.0015,38.3
2.533,-0.0023,0.0015,-0.0143,-0.0046,38.0
2.534,-0.003,0.0015,-0.0128,-0.0053,37.6
2.535,-0.0068,0.0022,-0.0128,-0.0046,37.2
2.536,-0.012,0.0007,-0.0143,-0.0053,36.9
2.537,-0.0083,-0.0015,-0.012,-0.0075,36.5
2.538,-0.0023,-0.0038,-0.0105,0.0022,36.3
2.539,-0.0008,-0.0046,-0.0098,0.0142,35.7
2.54,0.003,-0.0015,-0.0091,0.0075,35.6
2.541,0.0015,0.0015,-0.0075,0.0015,35.0
2.542,0.0007,0.0022,-0.0083,0.0022,34.6
2.543,0.0007,0.003,-0.0075,-0.0008,34.4
2.544,0.0007,0.003,-0.0075,-0.003,33.9
2.545,-0.0023,0.0015,-0.0091,-0.0053,33.7
2.546,-0.0098,0.0022,-0.0113,-0.0046,33.5
2.547,-0.012,0.0022,-0.012,-0.0046,33.0
2.548,-0.0143,0.0015,-0.012,-0.0105,32.8
2.549,-0.0165,0.0045,-0.0135,-0.0135,32.2
2.55,-0.0165,0.0082,-0.0135,-0.012,32.2
2.551,-0.015,0.0052,-0.0143,-0.0143,31.7
2.552,-0.0158,0.0007,-0.0195,-0.0181,31.3
2.553,-0.0248,0.0,-0.0225,-0.0143,30.9
2.554,-0.0293,-0.0015,-0.0256,0.0127,30.5
2.555,-0.0323,-0.0046,-0.0278,0.0405,30.3
2.556,-0.0368,-0.0046,-0.0256,0.0015,29.9
2.557,-0.0353,-0.0023,-0.0218,-0.0225,29.4
2.558,-0.033,-0.0046,-0.0218,0.0045,29.2
2.559,-0.0278,-0.0091,-0.021,0.0052,28.7
2.56,-0.0195,-0.0083,-0.0181,0.021,28.6
2.561,-0.0143,-0.0008,-0.0181,0.0352,27.9
2.562,-0.0203,0.0052,-0.015,0.0607,27.9
2.563,-0.0308,0.0022,-0.0158,0.0757,27.3
2.564,-0.0346,0.0067,-0.0188,0.024,27.0
2.565,-0.039,0.0075,-0.0188,-0.0038,26.6
2.566,-0.039,0.0,-0.0165,-0.003,26.3
2.567,-0.0315,-0.0053,-0.0113,-0.0525,25.8
2.568,-0.0203,-0.006,-0.0098,-0.1853,25.5
2.569,-0.0143,-0.0068,-0.0143,-0.1283,25.1
2.57,-0.0128,-0.012,-0.0143,0.0765,24.7
2.571,-0.0098,-0.0008,-0.0091,0.0112,24.3
2.572,-0.0075,0.006,-0.0015,-0.0263,24.0
2.573,0.0007,-0.0015,0.003,0.0667,23.6
2.574,0.0082,-0.006,0.0022,0.0555,23.3
2.575,0.009,-0.0105,0.0082,0.0705,22.9
2.576,0.009,-0.0105,0.0142,0.0442,22.4
2.577,0.0075,0.0037,0.015,0.0247,22.3
2.578,0.0082,0.0232,0.0127,0.0015,21.6
2.579,0.006,0.027,0.006,-0.114,21.3
2.58,0.0007,0.0157,-0.0046,-0.0953,21.0
2.581,-0.006,0.0015,-0.0218,-0.0436,20.4
2.582,-0.003,-0.0128,-0.039,-0.0143,20.2
2.583,0.003,-0.0203,-0.0511,0.0607,19.8
2.584,0.009,-0.0113,-0.0555,0.0345,19.5
2.585,0.0135,0.0022,-0.048,0.021,19.0
2.586,0.0142,0.0045,-0.0346,0.0427,18.6
2.587,0.0172,0.003,-0.0203,0.027,18.4
2.588,0.018,0.0007,-0.0083,0.0412,17.7
2.589,0.0202,-0.0015,-0.0015,0.0195,17.7
2.59,0.018,-0.0046,0.0007,-0.0075,17.2
2.591,0.018,-0.0053,-0.0015,-0.012,16.8
2.592,0.0217,0.0007,-0.0015,-0.0143,16.3
2.593,0.0225,0.0075,-0.0053,-0.0165,15.9
2.594,0.0217,0.009,-0.0158,-0.0428,15.5
2.595,0.0195,0.0067,-0.0285,-0.0383,15.1
2.596,0.024,0.0037,-0.039,-0.024,14.6
2.597,0.03,-0.0015,-0.0443,-0.0075,14.1
2.598,0.0217,-0.0075,-0.0353,0.018,14.0
2.599,0.0112,-0.0083,-0.0143,-0.012,13.4
2.6,0.0052,-0.0046,0.009,-0.048,13.1
2.601,0.003,0.0,0.033,-0.0083,12.7
2.602,0.003,0.0075,0.0472,-0.0128,12.3
2.603,-0.0015,0.0082,0.0532,-0.0053,11.6
2.604,0.0082,0.0015,0.0532,0.0615,11.5
2.605,0.0142,-0.0015,0.0442,0.0802,10.8
2.606,0.0157,-0.0015,0.0405,0.0952,10.4
2.607,0.0232,-0.0008,0.0345,0.0817,10.0
2.608,0.0202,-0.0038,0.021,0.063,9.5
2.609,0.0172,-0.006,0.0075,0.0487,9.4
2.61,0.0172,-0.0038,-0.0083,-0.0278,8.5
2.611,0.0127,0.0007,-0.0248,-0.1118,8.2
2.612,0.0127,0.006,-0.0293,-0.0765,7.6
2.613,0.0135,0.012,-0.0173,0.0637,7.5
2.614,0.0142,0.0067,-0.0046,0.1612,7.0
2.615,0.018,-0.0158,0.012,0.192,6.5
2.616,0.0172,-0.033,0.0202,0.0712,5.9
2.617,0.018,-0.0323,0.0285,-0.1463,5.5
2.618,0.018,-0.0181,0.0405,-0.1515,5.1
2.619,0.0097,0.0067,0.0412,-0.1178,4.9
2.62,-0.0068,0.0292,0.0292,-0.2273,4.2
2.621,-0.0225,0.0367,0.012,-0.1358,4.2
2.622,-0.0181,0.0172,-0.0046,-0.0181,3.5
2.623,-0.0068,-0.0128,-0.0195,-0.0405,3.3
2.624,-0.0128,-0.0353,-0.033,-0.0413,2.7
2.625,-0.015,-0.0436,-0.0488,-0.1058,2.2
2.626,-0.015,-0.0098,-0.057,-0.0533,1.9
2.627,-0.0233,0.0322,-0.0593,0.0742,1.2
2.628,-0.027,0.0405,-0.0585,0.1597,1.0
2.629,-0.0308,0.027,-0.063,0.18,0.5
2.63,-0.0203,0.0157,-0.0653,0.1065,0.4
2.631,-0.006,0.003,-0.042,0.1425,-0.1
2.632,-0.0068,-0.0233,-0.0165,0.099,-0.5
2.633,-0.0165,-0.0338,-0.0105,-0.0608,-0.9
2.634,-0.0315,-0.03,-0.0091,0.0157,-1.0
2.635,-0.033,-0.0165,-0.0091,0.1192,-1.2
2.636,-0.0315,0.0082,0.0045,-0.0608,-1.4
2.637,-0.03,0.0217,0.0315,-0.1928,-2.1
2.638,-0.0158,0.024,0.051,-0.135,-2.0
2.639,-0.003,0.0112,0.0675,-0.0788,-2.2
2.64,0.0105,-0.024,0.0735,-0.045,-1.9
2.641,0.0277,-0.0608,0.075,-0.0188,-2.2
2.642,0.0367,-0.0593,0.0787,0.0157,-2.3
2.643,0.0487,-0.0195,0.0877,0.0045,-2.3
2.644,0.054,0.018,0.1095,0.0615,-2.4
2.645,0.042,0.0472,0.1252,0.0675,-2.3
2.646,0.0292,0.0675,0.1215,-0.0691,-2.5
2.647,0.0157,0.0577,0.114,-0.153,-2.5
2.648,0.0097,0.0322,0.0982,-0.2138,-2.3
2.649,0.009,0.0067,0.0742,-0.1313,-2.3
2.65,-0.006,0.0067,0.0555,-0.0046,-2.2
2.651,-0.024,0.0277,0.045,0.0427,-1.9
2.652,-0.0503,0.039,0.039,0.0712,-1.9
2.653,-0.0803,0.024,0.0345,0.0652,-1.6
2.654,-0.084,-0.0068,0.0315,0.0705,-1.5
2.655,-0.0735,-0.0473,0.0195,0.0487,-0.7
2.656,-0.0683,-0.1028,-0.0023,0.0225,-1.1
2.657,-0.0585,-0.1013,-0.033,-0.0218,-1.0
2.658,-0.0518,-0.0706,-0.0653,-0.048,-0.8
2.659,-0.0503,-0.0525,-0.1043,-0.0398,-0.7
2.66,-0.054,-0.0135,-0.1523,-0.003,-0.3
2.661,-0.0608,0.0052,-0.2003,0.0495,-0.3
2.662,-0.066,0.0127,-0.237,0.0427,0.1
2.663,-0.081,0.0067,-0.2535,0.0742,0.0
2.664,-0.1013,-0.006,-0.2505,0.0855,0.2
2.665,-0.1238,-0.0053,-0.2393,0.069,0.4
2.666,-0.1545,-0.0053,-0.2258,0.087,0.4
2.667,-0.1785,0.003,-0.1898,0.078,0.7
2.668,-0.1988,-0.0008,-0.1441,0.0577,0.7
2.669,-0.2198,-0.0015,-0.1065,0.0262,0.9
2.67,-0.2175,0.0045,-0.075,-0.0091,1.1
2.671,-0.1688,0.0127,-0.0675,-0.0706,1.0
2.672,-0.1073,0.0135,-0.063,-0.0863,1.3
2.673,-0.0908,0.0142,-0.054,-0.024,1.3
2.674,-0.0645,0.0157,-0.0555,0.0067,1.7
2.675,-0.0256,0.009,-0.0293,0.0082,1.7
2.676,0.0165,0.0112,0.018,0.0142,1.8
2.677,0.0772,0.0105,0.042,0.009,2.1
2.678,0.114,0.0127,0.054,0.009,1.8
2.679,0.156,0.0127,0.0712,0.0052,2.1
2.68,0.189,0.0112,0.0817,-0.0023,2.2
2.681,0.1995,0.0112,0.0922,-0.003,2.3
2.682,0.2205,0.0082,0.0937,-0.0015,2.5
2.683,0.2437,0.0112,0.066,0.0142,2.4
2.684,0.2797,0.0082,0.0382,0.042,2.8
2.685,0.2805,0.0052,0.003,0.063,3.0
2.686,0.2572,0.0015,-0.0443,0.0577,3.2
2.687,0.3082,0.0007,-0.0638,0.0457,3.3
2.688,0.4215,0.0052,-0.0691,0.0292,3.6
2.689,0.492,0.006,-0.0495,-0.0375,3.8
2.69,0.4897,0.012,-0.0068,-0.0968,3.8
2.691,0.4642,0.0157,0.012,-0.0735,4.3
2.692,0.411,0.0195,-0.0068,-0.003,4.4
2.693,0.2887,0.0142,-0.0256,0.0142,4.6
2.694,0.1612,0.006,-0.0233,0.003,4.7
2.695,0.057,0.0052,-0.0203,-0.0068,4.9
2.696,-0.0315,0.0075,-0.0346,-0.0165,5.5
2.697,-0.0856,0.0052,-0.0638,0.009,5.5
2.698,-0.129,0.003,-0.0998,0.027,5.8
2.699,-0.1268,0.003,-0.1238,0.0277,6.1
2.7,-0.1065,0.0082,-0.1335,0.042,5.7
2.701,-0.1088,0.0127,-0.1223,0.0652,7.2
2.702,-0.0975,0.0075,-0.0878,0.042,6.6
2.703,-0.0668,0.0045,-0.0585,-0.0353,6.4
2.704,-0.0338,0.0067,-0.0256,-0.0518,6.9
2.705,0.009,0.0067,0.0495,0.0037,6.9
2.706,0.0157,0.0015,0.1102,0.0,7.2
2.707,-0.423,-0.0038,0.1515,-0.0233,7.2
2.708,-0.999,-0.0023,0.186,0.003,7.8
2.709,-0.5235,0.0015,0.1897,0.0232,7.7
2.71,-0.231,0.0,0.1672,0.024,8.1
2.711,-0.7343,-0.0008,0.1147,0.0105,8.2
2.712,-0.3406,-0.003,0.0915,-0.0038,8.3
2.713,0.2385,-0.0068,0.1042,-0.039,8.5
2.714,0.6007,-0.0263,0.1282,-0.0975,9.0
2.715,1.023,-0.0511,0.1522,-0.0938,8.9
2.716,1.149,-0.0548,0.1687,-0.0465,9.3
2.717,1.1805,-0.0405,0.2122,-0.039,9.2
2.718,0.9667,-0.0165,0.216,-0.0068,9.5
2.719,0.81,-0.0075,0.2467,0.0517,9.7
2.72,0.627,0.0082,0.5047,0.0615,9.9
2.721,0.216,0.0142,0.9195,0.0562,10.1
2.722,0.2685,0.0217,1.329,0.0577,10.2
2.723,0.543,0.054,1.3305,0.0577,10.6
2.724,0.573,0.0742,1.1895,0.0277,10.6
2.725,0.603,0.0712,1.1122,-0.0068,10.9
2.726,0.4987,0.054,1.0185,0.006,11.0
2.727,0.2835,0.0322,0.8662,0.0112,11.2
2.728,0.0675,0.0247,0.5835,-0.0323,11.3
2.729,-0.159,0.0045,0.1522,-0.0046,11.2
2.73,-0.297,-0.0465,-0.1441,0.042,11.4
2.731,-0.4823,-0.078,-0.4748,-0.0068,11.5
2.732,-0.6083,-0.0698,-0.6931,-0.0128,11.8
2.733,-0.7043,-0.0488,-0.8865,0.0195,11.9
2.734,-0.7785,-0.0405,-1.0748,-0.0548,11.7
2.735,-0.7988,-0.006,-1.206,-0.1845,11.9
2.736,-0.8708,0.024,-1.335,-0.2235,12.1
2.737,-0.9173,0.0165,-1.4865,-0.2011,12.1
2.738,-0.9548,0.009,-1.644,-0.1365,12.4
2.739,-0.9555,-0.0105,-1.5563,-0.057,12.3
2.74,-0.9135,-0.024,-1.4206,-0.0361,12.6
2.741,-0.885,-0.03,-1.2758,-0.0165,12.4
2.742,-0.8138,-0.0263,-1.1401,-0.0046,12.6
2.743,-0.6945,-0.0105,-1.0905,0.0007,12.6
2.744,-0.5843,-0.0128,-1.0035,-0.0023,12.6
2.745,-0.4913,-0.0218,-0.9195,-0.027,12.8
2.746,-0.4125,-0.0263,-0.8438,0.0045,13.3
2.747,-0.3615,-0.0256,-0.774,0.0592,13.3
2.748,-0.3233,-0.015,-0.7103,0.069,13.7
2.749,-0.3068,-0.0098,-0.5805,0.0547,13.5
2.75,-0.3015,0.0022,-0.2851,0.0502,14.1
2.751,-0.318,0.006,0.0442,0.0457,14.2
2.752,-0.3428,-0.003,0.339,0.042,14.7
2.753,-0.2798,-0.003,0.645,0.0457,15.0
2.754,-0.1403,-0.0023,0.984,0.0435,15.6
2.755,-0.015,0.0007,1.2405,0.0487,15.9
2.756,0.0712,0.0067,1.4325,0.0495,16.2
2.757,0.0997,0.018,1.596,0.0517,16.8
2.758,0.0052,0.0165,1.692,0.0465,17.0
2.759,0.0127,0.0105,1.743,0.0382,17.8
2.76,0.1372,0.0067,1.7085,0.033,18.1
2.761,0.129,0.0007,1.5697,0.024,18.4
2.762,0.189,0.0045,1.4347,0.0262,18.8
2.763,0.2767,0.006,1.314,0.0255,19.4
2.764,0.3555,0.0045,1.2045,0.0232,19.8
2.765,0.4635,0.0045,1.0972,0.018,20.2
2.766,0.507,0.0052,0.9855,0.0172,20.4
2.767,0.6022,0.0067,0.8497,0.0165,21.1
2.768,0.714,0.003,0.6945,0.0127,21.3
2.769,0.804,0.003,0.4665,0.015,21.8
2.77,0.81,0.0007,0.2047,0.009,22.0
2.771,0.7612,0.0022,-0.0706,0.0007,22.5
2.772,0.7095,0.0052,-0.3158,-0.0105,22.7
2.773,0.6,0.003,-0.5205,-0.0128,22.8
2.774,0.4537,-0.0008,-0.6803,-0.003,23.2
2.775,0.318,-0.0046,-0.7785,-0.0083,23.4
2.776,0.1935,-0.0038,-0.861,-0.0203,23.6
2.777,0.0742,0.0015,-0.9203,-0.0015,23.5
2.778,-0.0098,0.009,-0.9443,0.0525,23.7
2.779,-0.075,0.0022,-0.9413,0.024,23.9
2.78,-0.1335,0.0022,-0.9233,-0.0285,24.0
2.781,-0.192,0.0007,-0.8498,0.0292,24.2
2.782,-0.2753,-0.0068,-0.7328,0.057,24.3
2.783,-0.3533,0.003,-0.6105,0.009,24.3
2.784,-0.3773,0.0105,-0.4935,-0.033,24.4
2.785,-0.3833,0.009,-0.3668,-0.0346,24.3
2.786,-0.3638,0.0045,-0.2295,-0.0293,24.4
2.787,-0.2948,0.0007,-0.1095,-0.0308,24.3
2.788,-0.2423,0.0,0.0097,-0.0008,24.6
2.789,-0.2123,-0.0046,0.1125,0.0487,24.5
2.79,-0.1643,-0.0083,0.1957,0.0532,24.3
2.791,-0.0878,-0.0015,0.2625,-0.012,24.3
2.792,-0.0623,0.0037,0.3367,-0.012,24.4
2.793,-0.0315,0.0097,0.4125,-0.0128,24.4
2.794,0.0105,0.0187,0.4492,-0.0285,24.4
2.795,-0.0256,0.0157,0.4537,-0.0113,24.2
2.796,-0.0436,0.0082,0.4297,-0.0375,24.4
2.797,0.0015,0.009,0.3885,-0.0458,24.1
2.798,0.0405,0.009,0.3277,-0.0091,24.6
2.799,0.0892,-0.0015,0.2475,0.0735,24.6
2.8,0.123,-0.0091,0.18,0.0675,24.2
2.801,0.1042,-0.0128,0.1312,-0.0046,24.2
2.802,0.084,-0.024,0.1207,0.0405,24.0
2.803,0.0232,-0.0278,0.1192,0.084,24.2
2.804,-0.0315,-0.0203,0.0855,0.0412,24.2
2.805,-0.048,-0.0091,0.0577,-0.0135,24.1
2.806,-0.0608,0.0,0.0345,-0.0645,24.1
2.807,-0.0555,0.0007,0.0015,-0.1388,24.0
2.808,-0.0721,0.0007,-0.0278,-0.1875,23.9
2.809,-0.12,0.003,-0.0533,-0.1245,24.0
2.81,-0.1995,0.0015,-0.063,-0.0495,24.0
2.811,-0.2423,0.0,-0.0608,-0.0405,24.1
2.812,-0.2258,0.0015,-0.0503,-0.0105,23.8
2.813,-0.1785,0.0052,-0.0353,-0.0075,24.1
2.814,-0.1155,0.0022,-0.0593,-0.0091,23.7
2.815,-0.0885,-0.0015,-0.1178,0.0007,24.2
2.816,-0.0878,-0.0053,-0.1845,-0.0105,23.9
2.817,-0.0593,-0.0083,-0.2723,-0.0008,23.6
2.818,0.0105,-0.0083,-0.3428,-0.0053,23.8
2.819,0.1087,-0.0105,-0.393,0.0015,23.5
2.82,0.1957,-0.0083,-0.4013,0.0082,23.8
2.821,0.2175,-0.0075,-0.369,0.0075,23.4
2.822,0.2722,-0.0068,-0.3525,0.0127,23.7
2.823,0.3877,-0.0068,-0.3383,0.0082,23.3
2.824,0.468,-0.012,-0.3421,0.009,23.3
2.825,0.5347,-0.012,-0.3675,0.0052,23.3
2.826,0.5685,-0.006,-0.3788,0.0082,23.3
2.827,0.5587,0.003,-0.3975,0.0112,23.1
2.828,0.5512,0.0082,-0.3885,0.0127,23.1
2.829,0.5535,0.0105,-0.3368,0.0135,23.1
2.83,0.5197,0.0045,-0.2505,0.0082,23.4
2.831,0.4522,-0.0008,-0.1741,0.0097,23.3
2.832,0.396,0.0007,-0.135,0.009,23.4
2.833,0.324,-0.0015,-0.159,0.0075,23.5
2.834,0.2422,-0.0008,-0.2123,0.0075,23.5
2.835,0.1672,-0.0008,-0.2115,0.0052,23.6
2.836,0.084,-0.0015,-0.237,0.0045,23.4
2.837,-0.0225,0.0015,-0.2708,0.0052,23.7
2.838,-0.1441,0.003,-0.2453,0.0067,23.6
2.839,-0.237,0.0,-0.1995,0.0045,23.8
2.84,-0.3225,-0.0068,-0.1568,0.003,23.7
2.841,-0.4133,-0.003,-0.1028,0.0045,23.6
2.842,-0.4725,0.0052,-0.0263,0.0097,23.6
2.843,-0.486,0.0067,0.021,0.0105,23.6
2.844,-0.48,0.0022,0.0517,0.009,23.4
2.845,-0.4605,0.0015,0.033,0.0097,23.7
2.846,-0.4328,0.003,0.0045,0.0045,23.4
2.847,-0.3855,0.0022,0.009,0.003,23.8
2.848,-0.3345,0.003,0.0195,0.006,23.6
2.849,-0.2843,0.0037,0.0345,0.0082,23.7
2.85,-0.2333,0.0045,0.0472,0.0067,23.7
2.851,-0.2063,0.0052,0.0997,0.0067,23.9
2.852,-0.1845,0.0052,0.1477,0.0052,24.1
2.853,-0.1553,0.003,0.1852,0.003,23.8
2.854,-0.1043,0.0037,0.2145,0.0037,24.0
2.855,-0.0473,0.003,0.2355,0.0022,23.9
2.856,-0.0046,0.0037,0.24,0.0037,23.9
2.857,0.0322,0.0067,0.2325,0.0015,24.1
2.858,0.0615,0.006,0.225,-0.0023,24.1
2.859,0.0915,0.003,0.1837,-0.0015,23.8
2.86,0.1395,0.0007,0.1425,0.0052,23.9
2.861,0.1875,-0.0008,0.1027,0.0202,23.6
2.862,0.2115,-0.003,0.0645,0.0247,23.9
2.863,0.2227,0.0,0.0217,0.018,23.6
2.864,0.2362,0.0007,-0.0038,0.0022,23.8
2.865,0.2422,0.0022,-0.003,-0.0375,23.7
2.866,0.2265,0.006,0.0127,-0.0773,23.8
2.867,0.2212,0.0127,0.0277,-0.0608,23.8
2.868,0.2332,0.0157,0.0112,-0.0338,23.7
2.869,0.2257,0.0112,-0.0008,-0.0353,23.8
2.87,0.2137,0.006,-0.0091,-0.0068,23.6
2.871,0.2085,-0.0046,-0.0135,0.0045,23.8
2.872,0.189,-0.0075,-0.0143,0.0037,23.6
2.873,0.1672,-0.0143,-0.0225,0.0742,23.8
2.874,0.1462,-0.0218,-0.0256,0.0457,23.8
2.875,0.1215,-0.0105,-0.0263,-0.0653,23.8
2.876,0.0982,0.0045,-0.0315,0.0142,23.8
2.877,0.0735,0.0015,-0.0405,0.1065,23.9
2.878,0.0382,-0.003,-0.0375,0.0802,24.0
2.879,-0.0046,-0.0068,-0.0375,0.0487,23.9
2.88,-0.03,-0.0135,-0.0346,0.0382,23.9
2.881,-0.0428,-0.0143,-0.0256,0.0555,23.9
2.882,-0.06,-0.012,-0.0165,0.0667,24.1
2.883,-0.0758,-0.0023,0.0105,0.0532,23.9
2.884,-0.0893,0.0045,0.045,0.0135,24.2
2.885,-0.09,0.0015,0.069,-0.0158,24.0
2.886,-0.0856,0.0007,0.093,0.0172,24.3
2.887,-0.0923,0.0015,0.1275,0.066,24.0
2.888,-0.1006,0.0052,0.1612,-0.003,24.1
2.889,-0.1103,0.0067,0.195,-0.0788,23.9
2.89,-0.1163,-0.0008,0.2272,-0.1298,23.8
2.891,-0.12,-0.0046,0.2512,-0.246,23.7
2.892,-0.123,-0.0023,0.2722,-0.234,23.8
2.893,-0.1163,0.0007,0.2865,-0.0691,23.8
2.894,-0.1103,0.0067,0.2947,-0.0046,23.7
2.895,-0.093,0.012,0.3007,0.0067,23.4
2.896,-0.0706,0.0105,0.309,0.075,23.6
2.897,-0.0585,-0.0015,0.3165,0.0667,23.5
2.898,-0.0518,-0.0105,0.3165,0.0315,23.6
2.899,-0.0518,-0.0046,0.306,-0.0428,23.5
2.9,-0.0555,-0.0023,0.2887,-0.0698,23.6
2.901,-0.0713,-0.0008,0.2647,0.0127,23.6
2.902,-0.093,0.0015,0.2347,0.0007,23.6
2.903,-0.0915,0.0007,0.2092,-0.0008,23.6
2.904,-0.075,0.0052,0.1777,0.006,23.6
2.905,-0.0675,0.0067,0.1402,-0.0158,23.6
2.906,-0.0593,0.0007,0.1035,0.0045,23.6
2.907,-0.0503,-0.0068,0.0637,-0.0008,23.3
2.908,-0.0428,-0.006,0.0232,0.0045,23.5
2.909,-0.0293,-0.012,-0.0173,0.0052,23.3
2.91,-0.0203,-0.0203,-0.0503,0.0,23.3
2.911,-0.0256,-0.0165,-0.0735,0.0165,23.4
2.912,-0.033,-0.0091,-0.0893,0.0442,23.2
2.913,-0.042,0.0,-0.1006,0.054,23.4
2.914,-0.045,0.0075,-0.1155,0.0397,23.2
2.915,-0.048,0.0105,-0.135,0.0202,23.1
2.916,-0.054,0.0142,-0.1613,-0.0158,23.1
2.917,-0.0548,0.0157,-0.192,-0.0233,23.0
2.918,-0.057,0.0082,-0.2213,-0.0218,23.1
2.919,-0.0525,0.0015,-0.2408,-0.0091,22.8
2.92,-0.0405,-0.003,-0.252,0.0307,22.8
2.921,-0.033,-0.0068,-0.2573,0.0202,22.8
2.922,-0.0218,-0.0053,-0.258,0.0075,22.7
2.923,-0.012,-0.003,-0.252,-0.0053,22.6
2.924,-0.003,-0.0038,-0.2423,-0.0195,22.5
2.925,0.0007,0.0,-0.237,-0.0278,22.6
2.926,0.0007,0.0045,-0.2288,-0.0128,22.3
2.927,0.0052,-0.006,-0.2168,0.0465,22.2
2.928,0.0075,-0.0173,-0.2018,0.0532,22.2
2.929,0.0067,-0.0233,-0.1756,0.0562,22.0
2.93,0.012,-0.0256,-0.1418,0.0555,22.0
2.931,0.0172,-0.0105,-0.1163,0.0165,21.9
2.932,0.0202,0.0007,-0.0945,0.0142,21.9
2.933,0.0187,0.0007,-0.0765,0.0045,22.0
2.934,0.0127,0.0015,-0.0706,0.006,21.7
2.935,0.0127,0.0,-0.0548,0.009,21.9
2.936,0.0135,0.0015,-0.0225,0.0135,21.7
2.937,0.0135,0.0,0.0142,0.0352,21.6
2.938,0.0127,0.0007,0.0442,-0.006,21.7
2.939,0.0157,0.0052,0.0667,-0.0555,21.5
2.94,0.027,0.006,0.0877,-0.0503,21.6
2.941,0.0307,0.0067,0.105,-0.0353,21.3
2.942,0.024,0.0045,0.1192,-0.0353,21.4
2.943,0.0015,0.0022,0.1297,-0.0188,21.2
2.944,-0.0248,0.0007,0.141,0.0367,21.1
2.945,-0.0578,0.0007,0.1462,0.0352,21.2
2.946,-0.0825,0.0045,0.1515,-0.0218,21.0
2.947,-0.0803,0.0067,0.1567,-0.0158,21.0
2.948,-0.0728,0.003,0.1575,0.0382,20.8
2.949,-0.0525,-0.0015,0.1597,0.0765,21.0
2.95,-0.0346,-0.0015,0.1567,0.0442,20.7
2.951,-0.027,-0.0068,0.1462,-0.0015,20.7
2.952,-0.0091,-0.0091,0.1335,-0.045,20.5
2.953,0.0105,-0.0068,0.1215,-0.0923,20.5
2.954,0.0322,-0.0046,0.1102,-0.0495,20.3
2.955,0.0495,-0.0015,0.0945,-0.0023,20.3
2.956,0.0607,0.0007,0.0795,0.0007,20.1
2.957,0.063,0.0067,0.0667,0.0,20.2
2.958,0.0592,0.0105,0.0502,-0.0068,19.9
2.959,0.0562,0.0105,0.027,-0.0128,19.9
2.96,0.0465,0.0112,0.006,-0.024,19.8
2.961,0.042,0.0105,-0.0128,-0.0346,19.7
2.962,0.0435,0.009,-0.0346,-0.0256,19.8
2.963,0.0427,0.003,-0.0518,-0.006,19.3
2.964,0.039,-0.0046,-0.0698,-0.003,19.5
2.965,0.0345,-0.0083,-0.0856,0.009,19.3
2.966,0.0345,-0.0105,-0.0938,0.0232,19.3
2.967,0.0382,-0.0091,-0.1028,-0.0143,19.2
2.968,0.0397,-0.0053,-0.1133,-0.0368,19.2
2.969,0.0367,-0.0053,-0.1185,0.0105,19.0
2.97,0.039,-0.0075,-0.12,0.0277,19.0
2.971,0.0367,-0.006,-0.1163,0.042,18.7
2.972,0.0352,-0.0068,-0.1095,0.075,18.8
2.973,0.0405,-0.0068,-0.105,0.0082,18.5
2.974,0.0382,-0.003,-0.0998,-0.0788,18.7
2.975,0.0255,-0.0015,-0.093,-0.015,18.4
2.976,0.0157,-0.003,-0.0856,0.0457,18.5
2.977,0.012,-0.0008,-0.0825,0.0202,18.3
2.978,-0.0053,0.0015,-0.0788,0.027,18.3
2.979,-0.0075,0.0007,-0.0735,-0.0278,18.1
2.98,0.0007,0.0015,-0.0691,-0.0915,18.0
2.981,-0.0008,0.003,-0.0653,-0.054,17.9
2.982,0.0015,0.0015,-0.0615,-0.006,18.0
2.983,-0.0008,-0.0008,-0.057,-0.0128,17.9
2.984,0.0045,-0.0008,-0.054,-0.0128,17.8
2.985,0.006,-0.003,-0.0465,0.0007,17.6
2.986,0.003,-0.0046,-0.039,0.0037,17.5
2.987,0.0037,-0.0053,-0.0308,0.0315,17.4
2.988,-0.0008,-0.0038,-0.0195,0.0405,17.2
2.989,0.0037,-0.0015,-0.0075,0.0127,17.2
2.99,0.0052,0.0015,0.0045,-0.0105,17.0
2.991,0.0015,0.006,0.0127,-0.012,17.1
2.992,-0.003,0.0082,0.0187,-0.0203,16.9
2.993,-0.0083,0.003,0.0255,-0.003,16.9
2.994,-0.0053,-0.0023,0.03,0.0135,16.9
2.995,-0.0046,-0.0023,0.0315,0.009,16.4
2.996,-0.0053,-0.0046,0.0352,0.0165,16.6
2.997,-0.006,-0.0053,0.042,-0.0008,16.4
2.998,-0.003,-0.0053,0.0532,0.018,16.5
2.999,-0.0023,-0.003,0.06,0.024,16.4
3.0,0.0007,-0.0038,0.0615,-0.0046,16.2
3.001,0.0037,-0.0008,0.06,-0.0158,16.1
3.002,-0.0008,0.0105,0.063,-0.0113,16.1
3.003,-0.0008,0.0142,0.0637,0.033,15.9
3.004,-0.0015,0.0105,0.0562,0.0217,15.9
3.005,-0.0038,-0.0008,0.045,0.0105,15.8
3.006,-0.003,-0.0143,0.0345,0.0052,15.8
3.007,-0.003,-0.012,0.027,-0.0173,15.7
3.008,-0.0046,-0.0008,0.0232,0.0405,15.6
3.009,-0.0083,-0.003,0.0202,0.0502,15.5
3.01,-0.0083,-0.003,0.018,0.012,15.5
3.011,-0.0046,-0.0008,0.0165,-0.006,15.6
3.012,0.003,-0.006,0.012,-0.0488,15.3
3.013,0.0105,-0.0023,0.0067,-0.063,15.4
3.014,0.0195,0.0015,-0.0008,-0.0346,15.1
3.015,0.021,0.0015,-0.0068,-0.006,15.0
3.016,0.0232,0.0007,-0.0143,0.0082,14.9
3.017,0.0225,0.0,-0.0181,0.0472,14.9
3.018,0.0195,0.0,-0.0181,0.0502,14.8
3.019,0.0195,0.0022,-0.0203,-0.0053,14.8
3.02,0.0157,0.0052,-0.0233,-0.0113,14.5
3.021,0.0135,0.0045,-0.0285,0.0007,14.6
3.022,0.0105,-0.0008,-0.0315,0.0067,14.4
3.023,0.009,-0.0046,-0.0323,-0.003,14.4
3.024,0.0082,-0.003,-0.0353,-0.0135,14.1
3.025,0.003,-0.0046,-0.039,-0.0091,14.1
3.026,-0.0023,-0.0053,-0.042,-0.0105,14.1
3.027,-0.0128,-0.0091,-0.0436,0.0052,13.9
3.028,-0.0203,-0.0105,-0.048,0.0127,13.8
3.029,-0.0278,0.0,-0.0465,-0.0225,13.6
3.03,-0.0338,0.0067,-0.0361,-0.0413,13.7
3.031,-0.0353,0.006,-0.0293,-0.003,13.5
3.032,-0.0375,0.0015,-0.0256,0.0082,13.5
3.033,-0.0398,0.0007,-0.0195,-0.0053,13.1
3.034,-0.0405,0.0007,-0.0091,0.0052,13.2
3.035,-0.0368,-0.003,0.0015,-0.0015,13.1
3.036,-0.0323,-0.003,0.0037,0.0007,13.0
3.037,-0.033,-0.0015,0.0022,0.0045,12.9
3.038,-0.0308,0.0007,-0.0046,0.0015,13.0
3.039,-0.0233,0.0022,-0.012,0.0052,12.6
3.04,-0.0195,0.0,-0.0143,-0.0015,12.8
3.041,-0.0195,0.0,-0.0105,-0.0023,12.4
3.042,-0.0203,0.0007,-0.0008,-0.006,12.5
3.043,-0.0218,0.0007,0.0037,-0.0023,12.4
3.044,-0.0195,0.0,0.009,-0.0008,12.2
3.045,-0.0188,-0.0008,0.0202,-0.0008,12.3
3.046,-0.0143,-0.0008,0.0307,0.0037,11.9
3.047,-0.012,0.0015,0.0367,0.0007,11.9
3.048,-0.0248,0.003,0.0367,-0.0008,11.8
3.049,-0.0293,0.0007,0.042,-0.003,11.8
3.05,-0.012,-0.0015,0.0442,-0.0008,11.6
3.051,-0.0098,-0.003,0.0322,-0.0008,11.4
3.052,-0.0263,-0.0046,0.0217,0.0097,11.6
3.053,-0.0218,-0.0008,0.0112,0.0165,11.3
3.054,-0.0203,-0.0008,0.0082,0.0045,11.2
3.055,-0.0346,-0.0015,0.0082,0.0007,11.2
3.056,-0.0518,-0.0015,0.0022,0.0007,11.0
3.057,-0.078,-0.003,-0.0015,-0.0015,10.9
3.058,-0.0893,-0.0015,0.0007,-0.0015,10.7
3.059,-0.0728,-0.0023,0.006,0.0007,10.7
3.06,-0.0338,-0.0008,0.012,0.0,10.7
3.061,0.0,0.0007,0.0202,-0.0008,10.5
3.062,0.0157,0.0015,0.027,-0.0023,10.7
3.063,0.0502,-0.0008,0.0225,-0.0015,10.3
3.064,0.0855,-0.0015,0.0105,0.0,10.4
3.065,0.0982,0.0007,0.006,-0.0008,10.3
3.066,0.108,0.0007,0.006,0.0007,10.2
3.067,0.1155,-0.0008,0.0052,0.0015,10.1
3.068,0.1162,0.0,0.0127,0.0022,10.1
3.069,0.1117,0.0045,0.018,0.003,10.0
3.07,0.1005,0.0007,0.015,-0.0008,10.0
3.071,0.0787,-0.0038,0.0052,0.006,9.7
3.072,0.063,-0.006,0.003,0.0292,9.9
3.073,0.057,-0.006,0.0007,0.0322,9.7
3.074,0.036,-0.0046,-0.0075,0.0202,9.8
3.075,0.0052,-0.003,-0.0158,0.0067,9.5
3.076,-0.0158,0.0015,-0.027,-0.0398,9.5
3.077,-0.0218,0.003,-0.0218,-0.075,9.4
3.078,-0.0353,0.0015,-0.0015,-0.0375,9.5
3.079,-0.0615,0.0007,0.0142,-0.0091,9.5
3.08,-0.0743,-0.0015,0.0202,-0.0091,9.5
3.081,-0.0825,-0.0008,0.0255,0.0135,9.5
3.082,-0.0915,0.0015,0.0255,0.0142,9.3
3.083,-0.1013,0.0022,0.0195,0.0045,9.3
3.084,-0.1215,0.0007,0.0082,-0.0181,9.3
3.085,-0.1455,-0.0008,-0.0105,-0.0465,9.2
3.086,-0.1381,-0.0008,0.0045,-0.0308,9.1
3.087,-0.1185,-0.0015,0.0315,-0.003,9.0
3.088,-0.1043,0.0007,0.027,0.0322,9.0
3.089,-0.0833,0.0022,0.0345,0.0562,9.1
3.09,-0.0698,0.0052,0.0367,0.0225,8.9
3.091,-0.054,0.009,0.0277,-0.0046,9.1
3.092,-0.0428,0.0082,0.0165,-0.0053,8.9
3.093,-0.042,0.003,-0.0091,0.0075,8.8
3.094,-0.0233,-0.0098,-0.024,0.0225,8.8
3.095,-0.003,-0.0105,-0.0495,0.0195,8.7
3.096,0.0345,-0.012,-0.0713,0.048,8.9
3.097,0.117,-0.0165,-0.0878,0.0037,8.6
3.098,0.153,-0.0098,-0.0945,-0.0458,8.7
3.099,0.1267,-0.012,-0.0848,0.0787,8.7
3.1,0.1327,-0.0135,-0.081,0.12,8.5
3.101,0.1282,-0.0068,-0.075,0.042,8.8
3.102,0.1177,-0.003,-0.0706,0.0315,8.5
3.103,0.1395,-0.003,-0.0638,-0.024,8.7
3.104,0.2077,-0.0008,-0.057,-0.1088,8.5
3.105,0.288,0.006,-0.0511,-0.1043,8.4
3.106,0.318,0.0112,-0.0473,-0.0458,8.7
3.107,0.3577,0.0082,-0.0398,-0.0248,8.5
3.108,0.3742,0.0022,-0.0315,-0.0788,8.6
3.109,0.3202,0.0067,-0.027,-0.108,8.5
3.11,0.1462,0.0105,-0.0308,-0.0368,8.4
3.111,-0.0218,0.009,-0.0315,0.0015,8.5
3.112,-0.0728,0.0112,-0.033,-0.0405,8.5
3.113,0.0157,0.0045,-0.0458,-0.0315,8.4
3.114,0.195,-0.0053,-0.0638,0.0015,8.4
3.115,0.2422,-0.012,-0.0885,0.0487,8.4
3.116,0.216,-0.0143,-0.1028,0.1432,8.6
3.117,0.1267,-0.0203,-0.1088,0.0825,8.2
3.118,-0.003,-0.0091,-0.1185,-0.0675,8.5
3.119,-0.1155,0.0082,-0.1193,-0.0008,8.4
3.12,-0.2123,0.0135,-0.1125,0.069,8.2
3.121,-0.2618,0.0202,-0.093,0.0795,8.4
3.122,-0.3436,0.018,-0.0473,0.1275,8.1
3.123,-0.432,0.0127,0.009,0.0765,8.4
3.124,-0.4823,-0.0023,0.0705,-0.027,8.1
3.125,-0.4673,-0.0105,0.126,-0.0361,8.4
3.126,-0.3615,-0.0195,0.1612,0.1125,8.2
3.127,-0.2153,-0.0315,0.192,0.0637,8.1
3.128,-0.0968,-0.0233,0.2107,-0.0998,8.1
3.129,-0.0353,-0.0158,0.2212,-0.084,8.1
3.13,0.0067,-0.0135,0.2407,-0.0353,8.1
3.131,0.0187,-0.0195,0.2437,0.0007,8.3
3.132,0.0052,-0.0143,0.2445,-0.048,8.1
3.133,-0.0008,0.0052,0.243,-0.1118,8.1
3.134,-0.0083,0.024,0.2437,-0.0728,8.0
3.135,-0.0128,0.0382,0.2482,0.0082,8.0
3.136,-0.0263,0.0172,0.2362,0.0772,8.0
3.137,-0.0405,0.0007,0.2137,0.15,8.1
3.138,-0.0458,-0.0075,0.18,0.1432,7.9
3.139,-0.0518,-0.0181,0.1605,0.0727,7.9
3.14,-0.0165,-0.0091,0.207,-0.0691,8.0
3.141,0.057,0.0045,0.2797,-0.2048,7.7
3.142,0.0795,0.0202,0.3157,-0.216,7.8
3.143,0.0615,0.024,0.3202,-0.1935,7.9
3.144,0.0787,0.0255,0.312,-0.0503,7.8
3.145,0.093,0.0202,0.309,0.0532,7.9
3.146,0.0997,0.0045,0.2392,0.0712,8.0
3.147,0.1125,0.006,0.0817,0.0712,7.7
3.148,0.1537,0.006,-0.09,0.0105,7.8
3.149,0.195,0.0037,-0.2348,0.078,7.8
3.15,0.1747,-0.0008,-0.3278,0.0532,7.9
3.151,0.1522,-0.0128,-0.423,-0.0091,7.7
3.152,0.1185,-0.0218,-0.516,-0.0203,7.8
3.153,0.0765,-0.0128,-0.5723,-0.1088,7.8
3.154,0.0532,0.0015,-0.591,-0.0758,8.0
3.155,0.0427,0.0097,-0.579,-0.045,7.8
3.156,0.0412,0.003,-0.5348,0.0097,7.8
3.157,0.0345,-0.0143,-0.5048,0.0937,7.8
3.158,0.0195,-0.0225,-0.5235,0.0802,7.8
3.159,0.0127,-0.0248,-0.5056,-0.0008,7.9
3.16,0.0217,-0.0113,-0.45,-0.0721,8.1
3.161,0.0097,-0.0046,-0.3765,0.0105,8.0
3.162,0.006,0.0082,-0.2655,0.0532,7.8
3.163,0.003,0.0307,-0.1313,0.0607,8.0
3.164,-0.0083,0.0367,0.027,0.0652,8.1
3.165,-0.0105,0.0277,0.1845,0.0232,7.8
3.166,-0.0181,0.0037,0.3495,0.0405,7.8
3.167,-0.006,-0.0023,0.4807,-0.021,8.0
3.168,-0.0075,-0.0046,0.5557,-0.081,7.7
3.169,-0.0098,-0.0083,0.6007,-0.078,8.0
3.17,-0.0023,-0.0143,0.5932,-0.048,7.8
3.171,-0.0143,-0.0285,0.5557,0.0037,8.0
3.172,-0.0293,-0.0188,0.498,-0.0091,7.8
3.173,-0.0315,-0.0023,0.4342,0.003,8.0
3.174,-0.0165,0.003,0.3727,0.0142,8.1
3.175,-0.0105,0.0037,0.3142,0.0067,7.8
3.176,-0.015,0.0007,0.243,0.0082,8.0
3.177,-0.0165,0.0037,0.1522,0.0007,8.0
3.178,-0.0346,0.009,0.0577,0.009,7.9
3.179,-0.0548,0.0037,-0.0518,0.0105,8.0
3.18,-0.0368,-0.0008,-0.159,0.0165,7.8
3.181,0.0127,-0.003,-0.2333,0.0172,8.1
3.182,-0.0046,-0.006,-0.2723,0.0165,8.1
3.183,-0.21,-0.0046,-0.294,0.0187,8.1
3.184,-0.4538,-0.0015,-0.312,0.015,8.3
3.185,-0.5865,-0.0008,-0.303,0.0187,8.1
3.186,-0.6975,-0.0015,-0.2843,0.012,8.4
3.187,-0.7155,-0.0015,-0.2625,0.012,8.3
3.188,-0.6038,0.0022,-0.2273,0.0255,8.5
3.189,-0.363,0.0007,-0.195,0.0435,8.4
3.19,-0.0585,-0.003,-0.1568,0.0367,8.4
3.191,0.1957,-0.0008,-0.1155,0.0195,8.6
3.192,0.4162,-0.0008,-0.075,-0.0091,8.6
3.193,0.54,-0.003,-0.0353,-0.066,8.5
3.194,0.597,0.0007,0.0052,-0.06,8.7
3.195,0.582,0.0007,0.0405,-0.0181,8.7
3.196,0.5295,0.003,0.0667,-0.0158,8.9
3.197,0.5107,0.0045,0.0922,-0.0038,8.6
3.198,0.495,0.0015,0.117,0.0007,9.0
3.199,0.4762,0.0037,0.1372,-0.0068,8.8
3.2,0.4267,-0.0015,0.156,-0.0098,8.9
3.201,0.3502,-0.0091,0.1695,-0.0075,9.0
3.202,0.2377,-0.003,0.1702,0.03,9.0
3.203,0.1245,0.0052,0.1665,0.0562,9.2
3.204,0.102,-0.0083,0.1605,0.0067,9.1
3.205,0.0787,-0.0135,0.147,-0.0893,9.4
3.206,0.0015,0.0007,0.1245,-0.0833,9.3
3.207,-0.057,0.0045,0.0982,-0.021,9.4
3.208,-0.1283,0.0007,0.0667,-0.0091,9.4
3.209,-0.1928,0.0045,0.033,0.033,9.4
3.21,-0.2693,0.0075,0.0022,0.0195,9.4
3.211,-0.3496,-0.0015,-0.0278,0.0045,9.5
3.212,-0.3968,-0.0098,-0.048,0.027,9.5
3.213,-0.4485,-0.0195,-0.0518,0.003,9.7
3.214,-0.507,-0.0278,-0.0398,0.015,9.8
3.215,-0.5453,-0.0181,-0.024,0.0165,9.9
3.216,-0.519,0.0097,-0.015,0.009,9.9
3.217,-0.4553,0.0135,-0.0158,0.0075,9.9
3.218,-0.372,0.0052,-0.0233,0.0007,10.2
3.219,-0.2836,0.003,-0.0285,0.0127,10.0
3.22,-0.1958,-0.003,-0.033,0.0097,10.3
3.221,-0.1028,-0.0046,-0.0368,-0.0225,10.1
3.222,-0.021,-0.0105,-0.0428,-0.042,10.4
3.223,0.0645,-0.0143,-0.0563,-0.0173,10.5
3.224,0.1395,-0.0038,-0.0691,-0.0323,10.7
3.225,0.1875,0.0202,-0.0803,-0.0263,10.8
3.226,0.2182,0.015,-0.0915,0.0127,11.0
3.227,0.237,-0.003,-0.0968,0.0195,10.9
3.228,0.237,-0.0053,-0.1006,0.042,11.2
3.229,0.2332,-0.0143,-0.1043,0.0315,11.1
3.23,0.2205,-0.0098,-0.1006,0.0187,11.4
3.231,0.1957,-0.0083,-0.0953,0.0052,11.2
3.232,0.1762,-0.006,-0.09,-0.0143,11.7
3.233,0.1552,0.0,-0.0788,-0.0165,11.5
3.234,0.1185,-0.0008,-0.0615,-0.0038,11.7
3.235,0.0697,-0.0008,-0.0503,-0.0008,11.8
3.236,0.0277,0.0052,-0.0353,-0.0203,11.8
3.237,0.0015,0.024,-0.024,0.0015,12.1
3.238,-0.0158,0.0277,-0.0218,-0.0128,12.1
3.239,-0.0293,0.006,-0.0128,-0.0563,12.3
3.24,-0.0353,-0.0053,-0.0023,-0.024,12.4
3.241,-0.0368,-0.0053,0.0165,0.0045,12.7
3.242,-0.0323,-0.0105,0.0442,0.0082,12.9
3.243,-0.027,-0.0091,0.075,0.0255,12.9
3.244,-0.0143,-0.0098,0.1005,0.006,13.0
3.245,0.0007,-0.0143,0.1147,0.0015,13.1
3.246,0.0232,-0.012,0.1357,0.0202,13.2
3.247,0.0435,-0.003,0.1507,0.0037,13.5
3.248,0.0592,0.0112,0.1515,0.0045,13.3
3.249,0.0727,0.0105,0.15,0.0037,13.6
3.25,0.075,0.0082,0.1477,-0.0053,13.6
3.251,0.0855,0.0082,0.1485,-0.0068,13.8
3.252,0.093,0.0075,0.1522,-0.0181,14.0
3.253,0.0892,0.012,0.1597,-0.0068,13.8
3.254,0.0847,0.0067,0.1567,-0.0008,14.2
3.255,0.0765,-0.0015,0.1312,0.0007,14.2
3.256,0.0592,-0.0038,0.1027,0.003,14.7
3.257,0.0367,-0.0015,0.0705,0.0015,14.6
3.258,0.012,-0.0068,0.033,0.006,14.7
3.259,0.0,-0.0083,-0.0008,0.0082,14.9
3.26,-0.0015,-0.0053,-0.0315,0.009,14.9
3.261,-0.0053,-0.003,-0.0713,0.0082,15.2
3.262,-0.0135,0.0,-0.1185,0.003,15.3
3.263,-0.021,0.0007,-0.1455,-0.0008,15.5
3.264,-0.0308,0.0015,-0.1426,-0.0008,15.6
3.265,-0.0353,0.0045,-0.1275,-0.0068,15.6
3.266,-0.0375,0.0082,-0.1215,-0.0165,16.0
3.267,-0.0405,0.0052,-0.1313,-0.012,15.9
3.268,-0.0375,-0.0008,-0.1373,-0.003,16.3
3.269,-0.0308,-0.0023,-0.1455,0.0015,16.3
3.27,-0.0285,-0.006,-0.1538,0.0052,16.4
3.271,-0.0256,-0.0091,-0.1628,0.0067,16.8
3.272,-0.0263,-0.0075,-0.1733,0.0067,16.7
3.273,-0.0323,-0.0083,-0.1718,0.003,16.8
3.274,-0.0405,-0.0098,-0.165,-0.0015,17.0
3.275,-0.0465,-0.0091,-0.1455,-0.0046,17.3
3.276,-0.0361,-0.0075,-0.1185,-0.0075,17.4
3.277,-0.0165,-0.0053,-0.093,-0.0098,17.5
3.278,0.0052,-0.0015,-0.0803,-0.0105,17.8
3.279,0.0232,0.0112,-0.0735,-0.0091,17.9
3.28,0.0345,0.0202,-0.063,-0.0038,18.0
3.281,0.0427,0.0105,-0.0533,0.0015,18.1
3.282,0.0487,0.003,-0.0398,0.006,18.1
3.283,0.0525,0.0045,-0.0293,0.0067,18.5
3.284,0.0495,0.0015,-0.0188,0.0082,18.5
3.285,0.0457,-0.0015,-0.0068,0.0052,18.8
3.286,0.042,-0.0038,0.0007,0.0037,18.9
3.287,0.0375,-0.0083,0.0045,0.0015,19.1
3.288,0.0375,-0.012,0.0052,-0.0023,19.3
3.289,0.036,-0.0091,0.0045,0.0,19.3
3.29,0.033,-0.003,0.0045,0.0015,19.4
3.291,0.0262,0.0,0.0067,0.0037,19.8
3.292,0.0232,0.0,0.0075,0.0172,19.8
3.293,0.0157,0.0007,0.012,0.0292,20.2
3.294,0.0082,0.0007,0.0067,0.0277,20.2
3.295,0.006,-0.0015,-0.0091,0.0255,20.5
3.296,0.003,-0.006,-0.0383,-0.0015,20.5
3.297,0.0015,-0.0053,-0.0765,-0.03,20.8
3.298,-0.0023,-0.003,-0.1223,-0.0323,21.0
3.299,-0.0053,-0.003,-0.1741,-0.0743,21.1
3.3,-0.0053,0.0007,-0.2175,-0.066,21.6
3.301,-0.0113,0.003,-0.243,-0.0098,21.6
3.302,-0.0158,0.0015,-0.2445,-0.0195,21.9
3.303,-0.0278,0.0007,-0.2235,-0.006,22.1
3.304,-0.0353,0.0007,-0.1913,-0.0046,22.4
3.305,-0.0413,0.0045,-0.1508,-0.012,22.5
3.306,-0.0436,0.0067,-0.1065,0.003,22.7
3.307,-0.0443,0.0075,-0.0653,-0.0015,22.9
3.308,-0.0473,0.003,-0.0278,0.0202,23.2
3.309,-0.0473,-0.0046,0.0067,0.0277,23.4
3.31,-0.0458,-0.0046,0.042,0.0165,23.7
3.311,-0.0443,-0.0023,0.0757,0.012,23.9
3.312,-0.0428,-0.0068,0.1147,-0.0008,24.2
3.313,-0.039,-0.0091,0.1522,-0.006,24.4
3.314,-0.0346,-0.0105,0.1852,-0.0008,24.7
3.315,-0.0346,-0.0068,0.2137,0.0127,24.9
3.316,-0.0278,-0.0068,0.2295,0.0172,25.2
3.317,-0.0165,-0.0068,0.2415,0.0187,25.6
3.318,-0.0135,-0.0046,0.2445,0.0157,25.7
3.319,-0.0128,-0.006,0.24,0.0127,25.9
3.32,-0.015,-0.003,0.2347,0.006,26.1
3.321,-0.0143,0.0,0.231,-0.0046,26.2
3.322,-0.0083,0.0045,0.2235,-0.0135,26.7
3.323,0.006,0.009,0.2137,-0.0233,26.8
3.324,0.0217,0.0142,0.1942,-0.0218,27.1
3.325,0.03,0.0195,0.1672,-0.0143,27.6
3.326,0.0307,0.0052,0.1387,0.0015,27.6
3.327,0.0315,-0.0053,0.1117,0.009,28.0
3.328,0.0345,-0.0038,0.0937,-0.0008,28.2
3.329,0.0322,-0.0023,0.0765,0.0,28.7
3.33,0.03,-0.0008,0.063,0.0067,28.8
3.331,0.027,-0.0008,0.0472,0.0052,29.0
3.332,0.0225,0.0007,0.0307,0.009,29.4
3.333,0.0142,-0.0015,0.0217,0.0045,29.5
3.334,0.0067,-0.0008,0.0097,0.0007,29.9
3.335,-0.0023,-0.0023,0.0022,0.0007,30.1
3.336,-0.0105,-0.0038,-0.0015,-0.003,30.7
3.337,-0.0173,-0.0015,-0.0015,-0.0046,30.8
3.338,-0.021,-0.0015,-0.0008,-0.0053,31.2
3.339,-0.0248,0.0007,-0.0053,-0.003,31.4
3.34,-0.0308,0.0007,-0.0091,-0.0053,31.6
3.341,-0.0353,0.0007,-0.0135,-0.0038,31.9
3.342,-0.0375,-0.0008,-0.0165,0.0127,32.2
3.343,-0.039,0.0007,-0.0233,0.015,32.4
3.344,-0.0346,0.0,-0.024,-0.0015,32.9
3.345,-0.0315,-0.0008,-0.0181,0.0015,33.0
3.346,-0.0278,-0.0015,-0.0158,0.0007,33.4
3.347,-0.024,-0.0008,-0.0128,0.0,33.7
3.348,-0.0233,0.0,-0.0091,0.0067,33.9
3.349,-0.0203,0.0015,-0.0075,0.0007,34.5
3.35,-0.0188,0.0007,-0.0038,0.0007,34.6
3.351,-0.0158,-0.0023,0.0232,0.0007,35.1
3.352,-0.0128,-0.003,0.1087,-0.0008,35.1
3.353,-0.012,-0.0015,0.24,0.0015,35.6
3.354,-0.0143,-0.0008,0.3727,0.0067,35.9
3.355,-0.033,0.0015,0.4732,0.0157,36.1
3.356,-0.0638,0.0007,0.5407,0.0142,36.5
3.357,-0.0706,0.0015,0.5677,0.018,36.5
3.358,-0.0525,0.003,0.5377,0.0255,36.9
3.359,-0.0278,0.0015,0.4537,0.0232,37.3
3.36,-0.0008,-0.0015,0.3457,0.0202,37.5
3.361,0.0187,-0.0046,0.255,-0.0368,37.8
3.362,0.0307,-0.0015,0.1695,-0.0856,38.0
3.363,0.036,0.0015,0.0727,-0.0375,38.5
3.364,0.0382,0.0015,-0.0195,-0.0218,38.6
3.365,0.0405,0.0037,-0.1163,-0.0098,38.8
3.366,0.0427,0.0052,-0.2033,0.0142,39.0
3.367,0.0427,0.0037,-0.2836,0.0,39.2
3.368,0.0382,0.0015,-0.3481,0.0105,39.6
3.369,0.0307,-0.0023,-0.3938,0.0045,39.9
3.37,0.0217,-0.0008,-0.429,0.0022,40.0
3.371,0.0097,0.0,-0.453,-0.0038,40.4
3.372,-0.003,-0.0015,-0.4733,-0.027,40.8
3.373,-0.0105,-0.0015,-0.4808,-0.0353,40.9
3.374,-0.0091,0.0007,-0.4823,-0.0315,41.0
3.375,-0.0091,0.0015,-0.4755,-0.0008,41.3
3.376,-0.0098,-0.0015,-0.459,0.0202,41.6
3.377,-0.0053,-0.0015,-0.4298,0.033,41.7
3.378,-0.0023,-0.0068,-0.3953,0.0397,42.0
3.379,-0.0015,-0.0128,-0.3578,0.0382,42.2
3.38,-0.0008,-0.0091,-0.3195,0.0315,42.5
3.381,0.0015,-0.0038,-0.2843,0.0315,42.8
3.382,0.0015,0.0007,-0.2565,0.033,43.0
3.383,-0.0015,0.0045,-0.2295,0.0405,43.5
3.384,-0.003,0.0045,-0.2093,0.0517,43.5
3.385,-0.0046,0.0007,-0.1928,0.0345,43.7
3.386,-0.0023,0.0007,-0.1808,0.0187,44.0
3.387,0.0015,0.0022,-0.1748,-0.0308,44.2
3.388,0.0022,0.006,-0.1711,-0.0915,44.4
3.389,0.0052,0.0082,-0.1718,-0.057,44.6
3.39,0.0052,0.0052,-0.1726,-0.0091,45.0
3.391,0.009,0.003,-0.1726,-0.0143,45.0
3.392,0.0105,0.0,-0.1665,-0.0046,45.4
3.393,0.012,-0.0008,-0.1553,-0.0038,45.6
3.394,0.012,-0.003,-0.1373,-0.0105,45.7
3.395,0.0045,-0.003,-0.1118,-0.0046,46.1
3.396,0.0007,-0.003,-0.0818,-0.0091,46.1
3.397,0.0007,-0.0046,-0.048,0.0007,46.5
3.398,-0.003,-0.0046,-0.0135,0.0037,46.8
3.399,-0.0075,-0.003,0.0255,0.0112,46.9
3.4,-0.012,-0.003,0.0705,0.0255,47.1
3.401,-0.0181,-0.006,0.1215,0.0232,47.4
3.402,-0.0218,-0.0068,0.1792,0.0112,47.7
3.403,-0.0233,-0.0046,0.237,0.0,48.0
3.404,-0.0248,-0.003,0.2857,-0.027,48.0
3.405,-0.0218,0.0015,0.33,-0.0555,48.6
3.406,-0.0165,0.0067,0.375,-0.024,48.6
3.407,-0.0105,0.0082,0.4147,0.0045,49.1
3.408,-0.003,0.0037,0.4477,0.015,49.1
3.409,0.0015,-0.0008,0.4717,0.0262,49.5
3.41,0.0075,0.0007,0.486,0.0157,49.8
3.411,0.009,0.0007,0.4875,-0.0008,49.9
3.412,0.0105,-0.0008,0.4747,-0.0233,50.4
3.413,0.0157,-0.003,0.4537,-0.0315,50.4
3.414,0.0225,-0.0046,0.4222,-0.021,50.9
3.415,0.0292,-0.0046,0.3802,0.0,51.0
3.416,0.0345,-0.0053,0.3315,0.0082,51.3
3.417,0.0382,-0.0053,0.2767,0.0142,51.4
3.418,0.039,-0.0046,0.2167,0.0112,51.5
3.419,0.0405,-0.003,0.1545,0.006,51.9
3.42,0.0405,-0.003,0.0982,0.009,52.2
3.421,0.039,-0.0008,0.042,-0.0038,52.4
3.422,0.0405,-0.0008,-0.0083,-0.0091,52.5
3.423,0.0337,0.0007,-0.042,-0.0143,52.8
3.424,0.0105,0.0007,-0.0691,-0.0128,53.0
3.425,-0.0143,-0.0008,-0.093,0.0015,53.1
3.426,-0.0195,-0.0015,-0.1095,0.0307,53.5
3.427,-0.0105,-0.0015,-0.1178,0.0442,53.6
3.428,0.003,0.0007,-0.1163,0.0217,53.9
3.429,0.0165,0.0007,-0.1065,0.0105,54.2
3.43,0.0232,0.0022,-0.0856,-0.0015,54.3
3.431,0.0277,0.0022,-0.0623,-0.0075,54.7
3.432,0.0382,0.0052,-0.039,-0.0053,54.6
3.433,0.048,0.0045,-0.0143,-0.012,54.9
3.434,0.0577,0.0045,0.0165,0.0007,55.3
3.435,0.0705,0.003,0.0465,0.0187,55.3
3.436,0.078,0.0,0.0712,0.012,55.5
3.437,0.0787,0.0007,0.093,0.003,55.6
3.438,0.0765,0.0007,0.1087,0.0045,55.8
3.439,0.072,0.0037,0.1185,-0.0015,56.0
3.44,0.0622,0.0015,0.1222,0.0015,56.1
3.441,0.0502,0.0,0.12,-0.0008,56.5
3.442,0.033,-0.0015,0.1125,-0.003,56.4
3.443,0.0187,-0.0008,0.1012,-0.0008,56.7
3.444,0.006,0.0007,0.0877,-0.0046,56.7
3.445,-0.0038,0.0007,0.0697,-0.0015,56.8
3.446,-0.0091,0.0007,0.054,-0.003,56.9
3.447,-0.0135,-0.0008,0.039,-0.003,57.1
3.448,-0.0195,0.0015,0.0277,-0.0015,57.3
3.449,-0.0278,0.0015,0.0157,-0.003,57.4
3.45,-0.0338,0.0037,-0.003,-0.0023,57.4
3.451,-0.0398,0.003,-0.024,-0.0038,57.5
3.452,-0.042,0.003,-0.054,-0.0046,57.7
3.453,-0.0383,0.0037,-0.084,-0.0038,57.9
3.454,-0.0368,0.0,-0.0975,-0.0015,57.8
3.455,-0.0346,0.0007,-0.1155,-0.0023,58.0
3.456,-0.0308,0.0,-0.1343,-0.0008,58.1
3.457,-0.03,0.0007,-0.1358,-0.0008,58.0
3.458,-0.0293,0.0007,-0.1403,-0.0008,58.5
3.459,-0.0248,-0.0015,-0.1463,0.0007,58.2
3.46,-0.0218,0.0007,-0.153,-0.0008,58.5
3.461,-0.0195,0.0015,-0.1613,0.0,58.5
3.462,-0.0188,0.0,-0.1635,-0.0008,58.5
3.463,-0.0195,-0.0008,-0.1658,-0.0008,58.9
3.464,-0.0181,-0.0008,-0.1635,-0.0015,58.8
3.465,-0.0218,-0.0015,-0.165,-0.0023,58.8
3.466,-0.0256,0.0,-0.162,-0.003,59.0
3.467,-0.0285,0.0,-0.156,-0.0015,59.0
3.468,-0.0323,-0.0008,-0.1523,-0.003,59.2
3.469,-0.033,-0.0023,-0.1493,-0.0046,59.1
3.47,-0.0346,-0.0023,-0.1433,-0.0038,59.3
3.471,-0.0346,-0.0015,-0.1365,-0.0046,59.2
3.472,-0.0338,-0.0023,-0.1328,-0.0038,59.4
3.473,-0.0315,0.0,-0.1245,-0.0015,59.6
3.474,-0.0293,0.0007,-0.1133,-0.0008,59.5
3.475,-0.027,0.0,-0.1013,-0.0008,59.6
3.476,-0.0256,-0.0015,-0.093,-0.0015,59.6
3.477,-0.024,0.0,-0.0856,-0.0015,59.5
3.478,-0.0203,0.0,-0.0803,-0.0015,59.8
3.479,-0.0143,-0.0023,-0.078,-0.0023,59.8
3.48,-0.0008,-0.0015,-0.0728,-0.0015,59.9
3.481,0.0082,-0.0015,-0.0706,-0.0008,59.9
3.482,0.0157,-0.0023,-0.066,-0.0008,59.9
3.483,0.0202,-0.0023,-0.0593,-0.0015,59.9
3.484,0.012,-0.003,-0.0511,-0.0008,60.1
3.485,0.0052,-0.0046,-0.0488,-0.0008,60.1
3.486,0.0067,-0.0046,-0.0495,0.0007,60.0
3.487,0.0142,-0.0023,-0.0518,0.0,60.1
3.488,0.024,-0.0008,-0.0533,-0.0015,60.0
3.489,0.0307,0.0007,-0.0533,-0.0008,60.2
3.49,0.0277,-0.0046,-0.0443,-0.0008,60.2
3.491,0.0217,-0.0053,-0.0368,-0.0008,60.0
3.492,0.0142,-0.0046,-0.033,-0.0008,60.2
3.493,0.0105,-0.003,-0.0203,0.0007,60.0
3.494,0.006,-0.0023,-0.006,0.003,60.4
3.495,0.0022,-0.0015,0.0135,0.003,60.2
3.496,-0.0008,-0.0015,0.0292,0.003,60.3
3.497,-0.003,-0.0038,0.0375,0.003,60.0
3.498,-0.0038,-0.0008,0.0435,0.0007,60.2
3.499,-0.0053,-0.0008,0.0532,0.0015,60.0
3.5,-0.0068,-0.0023,0.0592,0.0007,60.0
3.501,-0.0053,-0.0008,0.0532,-0.0015,60.0
3.502,-0.0038,-0.003,0.0495,-0.0008,60.1
3.503,-0.003,-0.0008,0.0592,-0.0008,60.1
3.504,-0.0023,0.0007,0.0742,-0.003,60.0
3.505,-0.0023,0.0007,0.09,-0.0008,59.9
3.506,-0.0053,-0.0015,0.1035,-0.0015,59.9
3.507,-0.0068,-0.0008,0.1155,-0.003,60.0
3.508,-0.0075,-0.0015,0.1222,-0.0008,59.8
3.509,-0.0105,-0.0023,0.1245,0.0007,60.0
3.51,-0.0105,-0.0008,0.1185,-0.0008,59.7
3.511,-0.0068,-0.0015,0.1042,-0.0008,59.8
3.512,-0.0053,0.0,0.0892,0.0007,59.7
3.513,-0.0068,-0.0023,0.072,0.0007,59.5
3.514,-0.0083,-0.0015,0.0547,-0.0008,59.7
3.515,-0.0083,-0.0023,0.0427,-0.0008,59.4
3.516,-0.0068,-0.0008,0.0277,-0.0015,59.3
3.517,-0.0075,0.0007,0.015,-0.0008,59.4
3.518,-0.0083,0.0007,0.0022,-0.0015,59.4
3.519,-0.0068,0.0015,-0.0068,-0.0015,59.4
3.52,-0.0068,0.0007,-0.0165,-0.0015,59.0
3.521,-0.0075,0.0015,-0.0218,-0.003,59.2
3.522,-0.0113,-0.0008,-0.0256,-0.0015,58.9
3.523,-0.0143,-0.0015,-0.0278,-0.0015,59.1
3.524,-0.0158,0.0,-0.0263,-0.0015,59.0
3.525,-0.015,0.0007,-0.0233,-0.003,58.9
3.526,-0.0143,0.0015,-0.0195,-0.003,58.9
3.527,-0.012,-0.0015,-0.0188,0.0007,58.8
3.528,-0.0105,-0.0023,-0.0181,-0.0008,58.8
3.529,-0.0135,-0.0015,-0.0181,0.003,58.6
3.53,-0.0143,-0.0008,-0.0181,0.003,58.5
3.531,-0.015,-0.0008,-0.0158,-0.0008,58.5
3.532,-0.0181,-0.0015,-0.0135,0.0,58.4
3.533,-0.0173,0.0,-0.0105,0.0,58.3
3.534,-0.0143,0.0,-0.0091,-0.0015,58.2
3.535,-0.0105,-0.0023,-0.0091,-0.0008,58.0
3.536,-0.0083,-0.0023,-0.0068,-0.0008,58.1
3.537,-0.0083,-0.0015,-0.003,-0.0008,57.8
3.538,-0.003,-0.0015,0.0,-0.0015,58.0
3.539,0.003,-0.0023,0.0015,0.0015,57.6
3.54,0.0052,-0.0015,0.0015,0.0,57.7
3.541,0.006,-0.0008,-0.0023,-0.0015,57.6
3.542,0.0067,0.0,-0.0091,-0.0015,57.2
3.543,0.009,0.0,-0.0165,-0.0015,57.4
3.544,0.0097,-0.0008,-0.0203,-0.0008,57.1
3.545,0.006,0.0015,-0.027,-0.0008,57.1
3.546,-0.003,0.0015,-0.033,0.0007,56.8
3.547,-0.0128,0.003,-0.039,0.0007,56.7
3.548,-0.0158,0.003,-0.0428,0.0007,56.8
3.549,-0.012,0.003,-0.0436,-0.0008,56.6
3.55,-0.0113,0.0007,-0.042,-0.0008,56.7
3.551,-0.0023,-0.0008,-0.0405,0.0007,56.4
3.552,0.0015,0.0007,-0.042,-0.0008,56.2
3.553,0.0022,-0.0008,-0.0383,0.0015,56.1
3.554,0.0105,-0.003,-0.0368,0.0007,55.9
3.555,0.0195,-0.0038,-0.0383,-0.0008,55.9
3.556,0.0315,-0.003,-0.039,-0.0015,55.7
3.557,0.039,-0.003,-0.0383,-0.0015,55.7
3.558,0.0457,-0.003,-0.0353,-0.0015,55.5
3.559,0.0502,-0.0038,-0.0353,-0.0008,55.2
3.56,0.0532,-0.0008,-0.033,-0.0008,55.3
3.561,0.0555,0.003,-0.0308,-0.0015,55.0
3.562,0.054,0.003,-0.0278,-0.0008,54.8
3.563,0.0502,0.0045,-0.0233,-0.0008,54.6
3.564,0.0502,0.0007,-0.0195,-0.0015,54.4
3.565,0.0517,0.0015,-0.0128,-0.0008,54.3
3.566,0.0525,0.0015,-0.0068,0.0007,54.1
3.567,0.051,0.0,-0.0038,-0.0015,54.1
3.568,0.0495,0.0007,0.003,-0.003,53.7
3.569,0.0442,-0.0008,0.0097,-0.0015,53.5
3.57,0.039,-0.0008,0.015,-0.0023,53.5
3.571,0.0322,-0.0015,0.0202,-0.003,53.1
3.572,0.0255,0.0,0.0225,-0.0015,53.1
3.573,0.0225,-0.0015,0.024,0.0015,52.7
3.574,0.018,-0.0015,0.024,0.0022,52.9
3.575,0.0157,-0.0008,0.024,0.0015,52.5
3.576,0.012,-0.0023,0.0255,0.0015,52.4
3.577,0.0067,-0.003,0.0255,0.0015,52.2
3.578,0.0022,-0.003,0.0262,0.003,52.2
3.579,-0.003,-0.0038,0.0277,0.003,51.9
3.58,-0.0068,-0.0046,0.0292,0.0037,51.7
3.581,-0.0105,-0.0046,0.0307,0.0037,51.5
3.582,-0.0165,-0.0023,0.0307,0.0007,51.6
3.583,-0.0218,-0.0015,0.0262,0.0,51.3
3.584,-0.024,-0.003,0.0217,-0.0008,51.3
3.585,-0.027,-0.0015,0.0202,-0.0008,50.8
3.586,-0.0308,-0.0038,0.024,-0.0008,50.8
3.587,-0.0315,-0.003,0.0247,-0.0008,50.5
3.588,-0.0346,-0.0015,0.024,-0.0008,50.4
3.589,-0.0338,-0.0015,0.0247,0.0,50.3
3.59,-0.0353,0.0,0.0225,0.0015,49.9
3.591,-0.0375,-0.0015,0.0202,0.0015,49.9
3.592,-0.0368,-0.0008,0.0195,0.0,49.6
3.593,-0.0353,-0.0023,0.018,0.0015,49.5
3.594,-0.0323,-0.0023,0.0165,0.0007,49.4
3.595,-0.0308,-0.003,0.0187,0.0,49.1
3.596,-0.027,-0.0023,0.0195,0.003,48.7
3.597,-0.0225,0.0,0.0232,0.003,48.8
3.598,-0.0188,-0.0015,0.027,0.0007,48.3
3.599,-0.0143,-0.0015,0.027,-0.0008,48.3
3.6,-0.0113,-0.0015,0.0315,-0.0015,47.7
3.601,-0.0083,-0.003,0.0352,-0.0008,47.7
3.602,0.0,-0.003,0.0382,-0.0023,47.2
3.603,0.003,-0.0015,0.039,-0.003,47.2
3.604,0.0052,-0.0008,0.0382,-0.0015,47.1
3.605,0.0075,-0.003,0.0345,0.0015,46.8
3.606,0.0097,-0.0023,0.033,0.0037,46.6
3.607,0.012,-0.0038,0.0345,0.003,46.3
3.608,0.0142,-0.0015,0.0345,0.0037,46.1
3.609,0.015,-0.0008,0.0367,0.003,45.7
3.61,0.0165,-0.0008,0.0382,0.0007,45.6
3.611,0.0157,0.0,0.0382,0.0015,45.4
3.612,0.012,-0.0008,0.0367,0.003,45.1
3.613,0.0135,0.0,0.039,0.0007,44.9
3.614,0.0127,0.0007,0.0367,-0.003,44.5
3.615,0.0127,0.0015,0.033,-0.0053,44.2
3.616,0.0105,0.003,0.0322,-0.0128,44.1
3.617,0.0082,0.0037,0.0307,-0.0233,43.6
3.618,0.0097,0.0022,0.0262,-0.0181,43.3
3.619,0.009,-0.0015,0.0217,0.0045,43.1
3.62,0.0082,-0.003,0.0202,0.0172,42.8
3.621,0.0037,-0.003,0.0202,0.0315,42.7
3.622,-0.0008,-0.0038,0.0187,0.0405,42.1
3.623,-0.0015,-0.0015,0.0202,0.0082,42.1
3.624,-0.003,-0.0015,0.0202,0.0015,41.6
3.625,-0.0008,-0.0015,0.0195,0.0,41.4
3.626,-0.0008,-0.0015,0.018,-0.027,40.9
3.627,-0.0023,0.0007,0.0157,-0.0128,40.8
3.628,0.0007,0.0037,0.015,-0.0158,40.5
3.629,0.003,0.0067,0.0142,-0.0135,40.0
3.63,0.006,0.0052,0.0112,0.0097,39.8
3.631,0.0082,0.003,0.009,0.0277,39.5
3.632,0.0082,-0.0046,0.009,0.0757,39.1
3.633,0.0075,-0.0046,0.0082,0.0877,38.8
3.634,0.0067,0.0045,0.006,0.039,38.3
3.635,0.0045,0.003,0.0052,0.003,38.1
3.636,0.0067,-0.0038,0.0052,0.0007,37.8
3.637,0.0052,-0.0083,0.0045,-0.0525,37.4
3.638,0.0015,-0.0135,0.003,-0.0871,37.3
3.639,-0.003,-0.0165,0.0022,-0.0743,36.6
3.64,-0.0105,-0.0053,0.0045,-0.0555,36.5
3.641,-0.012,0.0127,0.0082,0.0405,36.1
3.642,-0.0083,0.018,0.0082,0.048,35.6
3.643,-0.0083,0.0135,0.0015,-0.0083,35.2
3.644,-0.0053,0.0052,-0.003,0.0045,34.8
3.645,-0.0015,0.0052,-0.0053,-0.0675,34.4
3.646,0.0015,0.0142,-0.0053,-0.1365,33.8
3.647,0.0022,0.0135,-0.0068,-0.0293,33.6
3.648,0.0007,0.003,-0.0068,0.0345,33.3
3.649,0.0015,-0.0091,-0.0091,0.0292,32.6
3.65,0.0075,-0.0181,-0.0105,0.042,32.5
3.651,0.009,-0.015,-0.0128,-0.0083,31.9
3.652,0.0015,0.0007,-0.0158,-0.0188,31.8
3.653,0.0037,0.006,-0.0173,-0.12,31.2
3.654,0.0105,-0.0015,-0.0173,-0.1035,30.9
3.655,0.018,-0.0135,-0.0181,0.0375,30.6
3.656,0.0187,-0.0233,-0.0165,0.0667,30.1
3.657,0.012,-0.0218,-0.0143,0.0847,29.8
3.658,0.0045,-0.0113,-0.0165,0.0067,29.3
3.659,-0.0053,-0.0015,-0.0173,0.0285,29.1
3.66,-0.0158,0.0045,-0.0188,0.0487,28.7
3.661,-0.0165,0.0022,-0.0195,0.0817,28.3
3.662,-0.0203,0.0045,-0.0181,0.141,27.9
3.663,-0.0256,0.0067,-0.0203,0.072,27.5
3.664,-0.027,0.0022,-0.0218,-0.006,27.1
3.665,-0.0256,0.0007,-0.0203,-0.114,26.9
3.666,-0.0218,-0.0015,-0.0181,-0.084,26.3
3.667,-0.0165,0.0157,-0.0083,-0.0878,26.1
3.668,-0.0105,0.048,0.003,-0.1635,25.6
3.669,-0.0038,0.0615,0.0067,-0.1163,25.3
3.67,-0.003,0.0442,0.0022,-0.039,24.9
3.671,-0.0068,0.0037,-0.0046,0.0697,24.7
3.672,-0.0181,-0.0495,-0.003,0.1935,24.4
3.673,-0.027,-0.0863,-0.0015,0.2377,23.8
3.674,-0.0315,-0.0728,0.003,0.0405,23.5
3.675,-0.0308,-0.0338,0.0082,-0.0773,23.0
3.676,-0.0203,-0.0046,0.012,0.003,22.7
3.677,-0.003,0.0105,0.0135,-0.0293,22.3
3.678,0.0217,0.0172,0.012,0.0127,21.6
3.679,0.0442,0.0172,0.0067,0.0202,21.5
3.68,0.0555,0.0135,-0.003,-0.0068,21.0
3.681,0.0675,0.0015,-0.0038,0.069,20.7
3.682,0.0765,0.0022,0.0067,0.1012,20.3
3.683,0.0772,0.0015,0.0172,0.1102,19.8
3.684,0.069,-0.0046,0.0187,0.0622,19.5
3.685,0.0585,-0.0046,0.0105,0.159,18.9
3.686,0.0487,-0.0218,-0.0046,0.2497,18.5
3.687,0.0457,-0.033,-0.0248,0.153,18.1
3.688,0.0375,-0.0181,-0.0533,-0.1193,17.5
3.689,0.0165,0.0142,-0.0818,-0.447,17.0
3.69,-0.003,0.0292,-0.0878,-0.3045,16.9
3.691,-0.027,0.0277,-0.0743,-0.156,16.4
3.692,-0.039,0.0255,-0.0533,-0.1411,16.0
3.693,-0.0368,0.0127,-0.0338,-0.0428,15.6
3.694,-0.0308,0.003,-0.0233,-0.0983,15.4
3.695,-0.033,-0.0015,-0.0218,-0.0398,14.7
3.696,-0.048,-0.003,-0.033,-0.0181,14.5
3.697,-0.0615,-0.003,-0.045,-0.015,14.0
3.698,-0.0698,0.0015,-0.057,0.0525,13.5
3.699,-0.0706,0.0075,-0.054,0.0975,13.3
3.7,-0.0593,0.003,-0.045,0.135,12.7
3.701,-0.0443,-0.003,-0.042,0.0442,12.5
3.702,-0.033,-0.0053,-0.0458,-0.0346,11.9
3.703,-0.0278,-0.0053,-0.0465,-0.108,11.7
3.704,-0.0248,0.0007,-0.039,-0.1808,11.1
3.705,-0.0233,0.0045,-0.033,-0.1343,10.7
3.706,-0.024,-0.003,-0.0368,0.0202,10.3
3.707,-0.0165,-0.0113,-0.0555,0.0757,9.9
3.708,-0.0075,-0.0091,-0.078,0.0322,9.5
3.709,0.0007,-0.003,-0.0945,0.0292,9.3
3.71,0.009,-0.0015,-0.1021,-0.0361,8.7
3.711,0.0142,-0.0083,-0.0893,-0.0518,8.4
3.712,0.003,-0.0053,-0.0743,0.018,7.9
3.713,-0.0143,0.0007,-0.039,0.1005,7.7
3.714,-0.0143,-0.0195,0.0105,0.09,7.3
3.715,-0.0091,-0.027,0.0412,-0.0383,6.8
3.716,-0.0083,-0.0181,0.054,-0.12,6.5
3.717,-0.012,-0.0128,0.0652,-0.0233,5.8
3.718,-0.0188,-0.0083,0.0645,0.0937,5.5
3.719,-0.0256,0.0022,0.06,0.021,4.9
3.72,-0.033,0.0105,0.0652,0.015,4.5
3.721,-0.0361,0.0082,0.0712,0.042,4.0
3.722,-0.0458,0.0082,0.09,0.018,3.6
3.723,-0.054,0.0037,0.111,0.0345,3.4
3.724,-0.0495,0.0045,0.1222,0.0195,3.0
3.725,-0.0436,0.0007,0.1312,0.0157,2.5
3.726,-0.0353,-0.0015,0.1395,0.0142,2.2
3.727,-0.0293,0.0,0.1425,0.0082,1.5
3.728,-0.0248,-0.0053,0.1425,0.009,1.4
3.729,-0.0083,-0.003,0.1485,0.0045,0.9
3.73,0.0105,-0.003,0.1485,0.0082,0.7
3.731,0.0315,-0.0015,0.1402,0.0045,0.4
3.732,0.048,-0.0046,0.135,0.006,0.1
3.733,0.0607,-0.0053,0.1327,0.0082,0.0
3.734,0.0765,-0.0038,0.1312,0.0082,-0.3
3.735,0.0765,-0.0068,0.1365,0.006,-0.4
3.736,0.075,-0.0053,0.1455,0.0045,-0.9
3.737,0.0885,-0.0068,0.1605,0.0045,-0.7
3.738,0.0945,-0.003,0.18,0.0045,-0.8
3.739,0.0787,0.003,0.1972,0.0082,-1.0
3.74,0.042,0.0075,0.207,0.009,-1.0
3.741,0.012,0.009,0.204,0.0127,-0.8
3.742,0.006,0.0082,0.1965,0.0135,-0.8
3.743,-0.0038,0.0052,0.183,0.0135,-0.7
3.744,-0.0015,0.0022,0.156,0.012,-0.8
3.745,0.003,0.0037,0.1125,0.0097,-0.5
3.746,-0.0015,0.0022,0.054,0.012,-0.6
3.747,-0.0015,0.003,0.006,0.0105,-0.2
3.748,-0.0248,0.0022,-0.0383,0.0075,0.1
3.749,-0.0675,0.003,-0.1065,0.0045,-0.1
3.75,-0.1118,0.009,-0.165,0.0045,0.0
3.751,-0.1328,0.0075,-0.2093,0.0142,0.0
3.752,-0.1313,0.0067,-0.2423,0.012,0.3
3.753,-0.1328,0.0052,-0.2655,0.0045,0.2
3.754,-0.15,0.003,-0.2955,0.003,0.4
3.755,-0.1553,0.0015,-0.3293,-0.0038,0.5
3.756,-0.1381,0.0007,-0.3795,-0.0046,0.3
3.757,-0.1553,-0.0015,-0.453,-0.0083,-0.2
3.758,-0.1898,-0.0015,-0.5273,-0.0083,0.6
3.759,-0.2063,0.0007,-0.588,-0.006,0.7
3.76,-0.222,0.0007,-0.6256,-0.0038,1.5
3.761,-0.2438,0.0022,-0.6368,0.003,2.7
3.762,-0.2558,0.0045,-0.6128,0.0045,1.3
3.763,-0.2513,0.006,-0.5783,0.0067,1.3
3.764,-0.2468,0.006,-0.5581,0.009,1.6
3.765,-0.2243,0.0067,-0.5213,0.0097,1.9
3.766,-0.1823,0.0045,-0.4695,0.0097,2.0
3.767,-0.1335,0.0022,-0.396,0.0082,2.4
3.768,-0.0758,0.0015,-0.3098,0.0067,2.1
3.769,-0.024,0.0,-0.2138,0.0097,2.6
3.77,0.0262,0.0007,-0.0953,0.0172,2.6
3.771,0.084,0.0007,-0.0015,0.021,2.6
3.772,0.1237,0.0022,0.0817,0.0127,3.0
3.773,0.156,0.0015,0.1635,-0.0015,3.2
3.774,0.1792,0.0007,0.2272,-0.0181,3.3
3.775,0.1815,-0.003,0.2782,-0.0338,3.3
3.776,0.1867,-0.0046,0.3195,-0.0315,3.5
3.777,0.2047,-0.003,0.336,-0.0218,3.8
3.778,0.2857,-0.003,0.327,-0.012,3.8
3.779,0.4252,-0.003,0.3172,0.0045,4.0
3.78,0.5032,-0.0038,0.2977,0.0052,4.1
3.781,0.5265,-0.006,0.2632,0.003,4.9
3.782,0.5332,-0.0091,0.2257,-0.0083,4.9
3.783,0.4905,-0.0068,0.1815,-0.0233,5.5
3.784,0.4215,-0.0038,0.1657,-0.0173,5.7
3.785,0.3457,0.0,0.1845,-0.0143,5.8
3.786,0.2835,0.006,0.1987,-0.0143,5.8
3.787,0.255,0.012,0.2032,0.0,6.2
3.788,0.2362,0.0202,0.2152,0.0037,6.7
3.789,0.2182,0.027,0.2062,0.0045,6.9
3.79,0.2445,0.0315,0.1837,0.0067,7.0
3.791,0.2692,0.0532,0.1807,0.009,7.2
3.792,0.228,0.0652,0.186,0.0165,7.4
3.793,0.198,0.0517,0.1867,0.015,7.6
3.794,0.1635,0.024,0.1612,0.0105,7.8
3.795,0.093,-0.0023,0.1192,0.0127,7.8
3.796,0.0292,-0.0173,0.0825,0.0157,7.9
3.797,-0.0046,-0.0218,0.0555,0.0142,8.0
3.798,-0.003,-0.0256,0.0405,0.0015,8.5
3.799,-0.0181,-0.0315,0.0165,-0.0053,8.4
3.8,-0.0346,-0.0263,-0.0038,-0.0091,8.8
3.801,-0.0856,-0.0203,-0.0143,-0.0218,9.0
3.802,-0.1268,-0.0128,-0.0195,-0.0361,9.5
3.803,-0.1343,-0.003,-0.0008,-0.0368,9.0
3.804,-0.054,-0.0105,0.027,-0.0195,9.6
3.805,0.201,-0.0308,0.0457,0.0112,9.7
3.806,-0.2295,-0.0645,0.0465,0.0345,10.0
3.807,-1.0425,-0.0803,0.021,0.0255,9.9
3.808,-0.7478,-0.063,-0.0188,0.0157,10.3
3.809,-0.3165,-0.0473,-0.057,0.0315,10.3
3.81,0.0157,-0.0308,-0.078,0.0367,10.5
3.811,0.459,-0.006,-0.084,0.0247,10.4
3.812,0.5685,-0.0083,-0.1021,-0.0143,10.6
3.813,0.741,-0.0068,-0.111,-0.024,10.8
3.814,0.648,0.0097,-0.105,-0.0053,10.7
3.815,0.5617,0.033,-0.0563,-0.0278,11.0
3.816,0.4312,0.069,-0.0158,-0.0195,9.9
3.817,0.3885,0.0855,-0.1013,0.0217,11.2
3.818,0.4087,0.0727,-0.1508,0.024,11.3
3.819,0.237,0.0382,-0.2273,0.0037,11.3
3.82,0.216,-0.0015,-0.3728,-0.0361,11.6
3.821,0.0982,-0.024,-0.2408,-0.0585,11.8
3.822,0.0285,-0.0256,0.1042,-0.0818,11.7
3.823,-0.0878,-0.0195,0.5085,-0.0863,12.1
3.824,-0.1665,0.0165,0.9847,0.0157,12.1
3.825,-0.1665,0.0412,1.4145,0.0202,12.4
3.826,-0.303,0.048,1.4677,-0.0315,12.3
3.827,-0.3473,0.042,1.3357,0.0195,12.6
3.828,-0.4051,0.0037,1.224,0.0262,12.7
3.829,-0.459,0.0007,1.1235,-0.0181,12.7
3.83,-0.5505,0.0052,1.0297,-0.0968,13.0
3.831,-0.6585,0.0007,0.9442,-0.093,13.0
3.832,-0.7538,0.0015,0.8662,-0.0353,13.5
3.833,-0.861,-0.0105,0.7485,-0.0308,13.4
3.834,-0.846,-0.0233,0.429,0.0292,13.9
3.835,-0.7718,-0.0315,-0.0256,0.0555,14.1
3.836,-0.6405,-0.024,-0.4148,0.0255,14.2
3.837,-0.5168,-0.0188,-0.729,0.0165,14.4
3.838,-0.435,-0.0181,-0.9503,0.0345,14.5
3.839,-0.3855,-0.0165,-1.1123,0.0427,15.0
3.84,-0.3675,-0.0068,-1.2548,0.0922,15.3
3.841,-0.357,0.0052,-1.4025,0.1275,15.4
3.842,-0.3496,0.0052,-1.5436,0.099,15.7
3.843,-0.3368,0.003,-1.656,0.0937,15.8
3.844,-0.3593,-0.0046,-1.6508,0.0487,15.9
3.845,-0.3818,-0.0128,-1.5128,-0.0405,16.2
3.846,-0.3615,-0.0181,-1.3823,-0.132,16.2
3.847,-0.267,-0.015,-1.2645,-0.1553,16.5
3.848,-0.1463,-0.0105,-1.1573,-0.1006,16.4
3.849,-0.1553,-0.0098,-1.0598,-0.0353,16.8
3.85,-0.2145,-0.0046,-0.9713,0.027,16.7
3.851,-0.1688,-0.0083,-0.8918,0.0577,16.7
3.852,-0.09,-0.012,-0.8183,0.0637,16.8
3.853,0.0465,-0.0105,-0.7516,-0.024,16.6
3.854,0.1777,-0.0143,-0.6901,-0.1711,16.5
3.855,0.2385,-0.0203,-0.6038,-0.1973,16.4
3.856,0.3142,-0.0113,-0.4335,-0.1103,16.2
3.857,0.363,-0.0105,-0.243,-0.0383,16.2
3.858,0.408,-0.015,-0.063,-0.0143,16.0
3.859,0.435,-0.0165,0.144,0.0187,16.2
3.86,0.4462,-0.0233,0.324,0.024,15.8
3.861,0.4537,-0.0158,0.4672,0.0367,15.9
3.862,0.4177,-0.0098,0.5722,0.0915,15.7
3.863,0.366,-0.0128,0.6907,0.0712,15.6
3.864,0.3337,-0.0203,0.891,0.0615,15.7
3.865,0.3045,-0.0263,1.077,0.0637,15.5
3.866,0.2542,-0.0158,1.278,0.0285,15.4
3.867,0.216,-0.0046,1.4767,-0.0128,15.3
3.868,0.18,0.0045,1.6027,-0.0608,15.3
3.869,0.162,0.0112,1.686,-0.0173,15.3
3.87,0.1612,0.012,1.7092,0.03,15.3
3.871,0.1372,0.0052,1.587,0.0255,15.3
3.872,0.0765,0.0052,1.4505,0.0405,15.3
3.873,-0.0023,0.0067,1.3282,0.0375,15.5
3.874,-0.0638,0.0097,1.2165,0.0367,15.8
3.875,-0.1365,0.0127,1.1122,0.0367,15.9
3.876,-0.1741,0.0067,0.987,0.0277,16.3
3.877,-0.0945,0.0075,0.8655,0.027,16.2
3.878,0.0195,0.0097,0.7297,0.0157,16.6
3.879,0.1305,0.0135,0.5272,0.0105,16.6
3.88,0.2182,0.0247,0.3165,0.015,17.0
3.881,0.258,0.0292,0.111,0.0165,17.1
3.882,0.2647,0.0187,-0.0713,0.015,17.5
3.883,0.2587,0.018,-0.258,0.0255,17.6
3.884,0.2655,0.0165,-0.435,0.0337,17.8
3.885,0.2437,0.012,-0.5498,0.0337,18.0
3.886,0.2025,0.012,-0.5993,0.018,18.2
3.887,0.1732,0.0052,-0.5903,-0.0278,18.3
3.888,0.1575,0.0015,-0.5768,-0.0735,18.8
3.889,0.1605,0.0015,-0.5363,-0.0675,19.0
3.89,0.1687,0.0052,-0.477,-0.0608,19.3
3.891,0.1815,0.0105,-0.4028,-0.0675,19.6
3.892,0.174,0.006,-0.2978,0.012,19.9
3.893,0.1702,-0.0008,-0.1883,0.0885,20.2
3.894,0.1687,-0.0083,-0.099,0.0825,20.2
3.895,0.144,-0.0053,-0.0383,0.0892,20.7
3.896,0.1057,-0.0046,0.0195,0.09,21.0
3.897,0.072,-0.0008,0.0577,0.0255,21.0
3.898,0.0615,0.0105,0.0967,-0.0158,21.3
3.899,0.0585,0.0105,0.114,-0.0218,21.4
3.9,0.069,0.0045,0.0855,-0.0158,21.4
3.901,0.0675,0.0,0.006,0.0232,21.6
3.902,0.0532,0.0082,-0.0503,-0.0113,21.6
3.903,0.0345,0.0097,-0.0218,-0.0323,22.0
3.904,0.0165,0.0015,-0.0015,0.0255,21.9
3.905,-0.0105,0.0,0.0157,-0.0015,22.1
3.906,-0.0706,0.0,0.0367,-0.0218,22.1
3.907,-0.147,-0.0053,0.0727,0.0322,22.2
3.908,-0.2385,-0.0091,0.1117,0.0292,22.3
3.909,-0.3098,-0.0015,0.1125,0.021,22.1
3.91,-0.3473,0.0,0.0915,0.0382,22.5
3.911,-0.3698,-0.0046,0.0067,0.0105,22.9
3.912,-0.3578,0.0015,-0.1155,-0.0195,22.0
3.913,-0.3496,0.0082,-0.2026,-0.0225,22.2
3.914,-0.3428,0.0105,-0.2288,-0.039,22.5
3.915,-0.3195,0.0105,-0.3,-0.0788,22.4
3.916,-0.2753,0.0127,-0.4628,-0.0706,22.4
3.917,-0.2408,0.0142,-0.6188,-0.0728,22.1
3.918,-0.231,0.009,-0.7448,-0.0863,22.1
3.919,-0.18,0.0052,-0.744,-0.0293,21.9
3.92,-0.1298,-0.0008,-0.6615,-0.0195,22.1
3.921,-0.0975,-0.006,-0.5985,-0.0105,22.0
3.922,-0.0525,-0.0083,-0.5175,0.0135,21.8
3.923,-0.0263,-0.0083,-0.456,0.0045,21.7
3.924,-0.0173,-0.0068,-0.3938,0.0195,21.6
3.925,-0.0195,-0.0098,-0.3466,-0.0128,21.8
3.926,0.0105,-0.0105,-0.3165,-0.0443,21.5
3.927,0.0502,-0.0113,-0.2858,-0.0398,21.6
3.928,0.0532,-0.0105,-0.2708,-0.084,21.4
3.929,0.0532,-0.0068,-0.2475,-0.1043,21.5
3.93,0.0532,-0.0015,-0.2325,-0.027,21.2
3.931,0.0532,0.0052,-0.2303,0.0367,21.4
3.932,0.063,0.0097,-0.2408,0.042,21.3
3.933,0.093,0.0105,-0.2618,0.0637,21.3
3.934,0.1207,-0.0015,-0.2798,0.0862,21.3
3.935,0.108,-0.0158,-0.2978,0.0502,21.3
3.936,0.0577,-0.012,-0.2955,-0.0878,21.2
3.937,0.0097,-0.0091,-0.291,-0.114,21.5
3.938,-0.0368,-0.0053,-0.2993,-0.0113,21.1
3.939,-0.0818,-0.0083,-0.2903,0.0015,21.5
3.94,-0.0871,-0.0181,-0.2783,0.0045,21.5
3.941,-0.0795,-0.0128,-0.2573,0.003,21.6
3.942,-0.0503,-0.006,-0.222,-0.0091,21.4
3.943,-0.0091,-0.0023,-0.1703,0.006,21.2
3.944,0.0345,-0.003,-0.12,0.009,21.4
3.945,0.09,-0.0068,-0.099,0.0127,21.1
3.946,0.1485,-0.0023,-0.0713,0.0225,21.2
3.947,0.21,0.0,-0.0548,0.042,21.1
3.948,0.252,-0.0083,-0.063,0.042,21.2
3.949,0.2805,-0.0165,-0.039,0.0067,21.1
3.95,0.294,-0.0218,-0.003,-0.012,21.1
3.951,0.2932,-0.027,0.0255,-0.0143,21.2
3.952,0.2887,-0.0203,0.0712,0.033,21.1
3.953,0.2737,-0.0068,0.12,0.102,21.1
3.954,0.2475,0.0015,0.1687,0.0457,21.3
3.955,0.21,0.009,0.2032,0.0082,21.0
3.956,0.171,0.015,0.2272,-0.0046,21.2
3.957,0.1327,0.0127,0.258,-0.0623,21.0
3.958,0.099,0.0157,0.2835,-0.0518,21.1
3.959,0.0735,0.0195,0.294,-0.0165,21.2
3.96,0.0337,0.0195,0.285,0.0405,21.0
3.961,-0.0278,0.0187,0.2632,0.0262,21.2
3.962,-0.0871,0.0165,0.2257,-0.0008,20.9
3.963,-0.1418,0.009,0.1882,0.012,21.0
3.964,-0.1898,0.0045,0.168,-0.0023,21.0
3.965,-0.2295,0.0007,0.1597,0.0112,21.2
3.966,-0.2693,-0.0008,0.1612,0.0007,21.2
3.967,-0.2918,-0.0046,0.159,-0.0008,21.1
3.968,-0.3083,-0.0083,0.1702,-0.0038,21.2
3.969,-0.3158,-0.006,0.1905,-0.0113,21.3
3.97,-0.3023,-0.0046,0.2077,0.0007,21.2
3.971,-0.2798,0.003,0.2392,0.0052,21.1
3.972,-0.2543,0.0075,0.2782,0.0045,21.1
3.973,-0.2198,0.0105,0.3022,-0.027,21.3
3.974,-0.1815,0.009,0.3202,-0.0353,21.2
3.975,-0.1448,0.0007,0.3412,-0.0353,21.2
3.976,-0.1103,-0.0075,0.36,-0.0188,21.1
3.977,-0.078,-0.0188,0.3742,0.0292,21.0
3.978,-0.0428,-0.0203,0.393,0.0532,21.2
3.979,-0.0091,-0.0188,0.414,0.0907,21.1
3.98,0.0225,-0.0203,0.4012,0.1125,21.2
3.981,0.0465,-0.0158,0.3345,0.0817,21.1
3.982,0.0825,-0.0075,0.2497,0.036,21.0
3.983,0.1252,0.0007,0.1635,-0.0443,21.0
3.984,0.1485,0.0052,0.069,-0.108,21.0
3.985,0.1777,0.009,-0.0165,-0.0728,20.9
3.986,0.1995,0.0127,-0.0893,-0.0315,21.1
3.987,0.21,0.0105,-0.1155,-0.003,20.8
3.988,0.216,0.003,-0.1035,0.0292,21.0
3.989,0.2137,0.0,-0.0998,0.015,20.7
3.99,0.2062,-0.0008,-0.1118,0.0097,21.0
3.991,0.1777,-0.0008,-0.1275,-0.0323,21.0
3.992,0.153,0.0067,-0.147,-0.0353,20.7
3.993,0.135,0.0097,-0.1673,0.0217,21.0
3.994,0.1192,0.0007,-0.1726,-0.0091,20.7
3.995,0.1125,-0.0083,-0.1748,-0.0405,20.7
3.996,0.105,-0.0046,-0.1688,-0.0225,20.7
3.997,0.0982,0.0,-0.1613,-0.0225,20.8
3.998,0.0892,-0.0023,-0.156,-0.0383,20.7
3.999,0.0765,-0.0046,-0.1508,-0.0105,20.7
4.0,0.06,-0.012,-0.1426,0.0,21.0
4.001,0.0465,-0.0091,-0.1245,0.0105,20.8
4.002,0.0315,-0.0068,-0.1095,0.045,20.8
4.003,0.0157,-0.0091,-0.0863,0.0367,20.9
4.004,-0.0015,-0.0083,-0.0578,0.0607,20.8
4.005,-0.0173,-0.0091,-0.0308,0.0577,21.1
4.006,-0.0308,-0.006,-0.0091,0.0427,20.9
4.007,-0.048,0.0015,0.0082,-0.0105,21.0
4.008,-0.057,0.0157,0.0262,-0.1245,21.0
4.009,-0.0615,0.0255,0.0435,-0.108,21.0
4.01,-0.0706,0.0285,0.0705,-0.0488,21.1
4.011,-0.0691,0.0217,0.1065,-0.0503,21.1
4.012,-0.0683,0.0097,0.147,-0.033,21.1
4.013,-0.0706,0.0052,0.192,0.0022,21.1
4.014,-0.0743,0.0007,0.2332,0.0307,21.0
4.015,-0.081,-0.0015,0.252,0.0705,21.1
4.016,-0.078,0.003,0.258,0.0667,21.1
4.017,-0.0765,0.0067,0.258,0.0442,21.2
4.018,-0.0758,0.0045,0.2482,0.0187,21.0
4.019,-0.0683,0.0007,0.243,-0.0346,20.9
4.02,-0.0593,-0.0105,0.2347,0.0075,21.1
4.021,-0.0495,-0.0203,0.2212,0.0592,21.0
4.022,-0.0428,-0.0203,0.2017,-0.0165,21.0
4.023,-0.039,-0.0143,0.177,-0.0885,21.0
4.024,-0.0398,-0.0098,0.147,-0.0856,21.0
4.025,-0.0443,-0.0053,0.108,-0.0346,21.0
4.026,-0.0488,-0.003,0.0667,0.012,20.8
4.027,-0.0525,-0.0015,0.0195,0.009,20.8
4.028,-0.0473,0.0,-0.0218,0.0082,20.9
4.029,-0.0353,-0.003,-0.0525,0.0195,20.7
4.03,-0.0278,-0.0046,-0.0825,0.0142,20.9
4.031,-0.0225,-0.0046,-0.1163,0.012,20.5
4.032,-0.0225,0.0,-0.1553,-0.015,20.7
4.033,-0.024,0.0052,-0.1883,-0.0353,20.6
4.034,-0.021,0.0045,-0.2198,-0.0143,20.5
4.035,-0.021,0.003,-0.252,-0.0105,20.5
4.036,-0.0158,0.0015,-0.2798,0.003,20.4
4.037,-0.0053,-0.0053,-0.2858,0.0472,20.5
4.038,0.0015,-0.0128,-0.2768,0.0607,20.4
4.039,0.0045,-0.0083,-0.2633,0.0345,20.5
4.04,0.0022,-0.0046,-0.2505,0.0165,20.2
4.041,0.003,-0.0046,-0.2453,0.0142,20.5
4.042,0.0015,-0.0023,-0.2295,0.0015,20.4
4.043,0.0007,-0.003,-0.2123,0.0045,20.2
4.044,-0.0023,-0.0008,-0.189,0.0195,20.3
4.045,-0.0098,0.0022,-0.1635,0.024,20.3
4.046,-0.0083,0.0037,-0.1388,0.009,20.1
4.047,-0.003,0.0045,-0.1103,0.0045,20.2
4.048,0.0007,0.0015,-0.0856,0.0052,20.1
4.049,0.0007,0.0007,-0.0615,-0.0023,20.2
4.05,-0.006,0.0007,-0.0398,0.003,20.1
4.051,-0.0143,0.0007,-0.0165,-0.0015,20.0
4.052,-0.0188,0.0007,0.0037,0.0,20.2
4.053,-0.0188,0.0007,0.0262,-0.0015,20.0
4.054,-0.0158,0.0007,0.045,-0.003,20.1
4.055,-0.0128,-0.0008,0.063,-0.0015,19.8
4.056,-0.0143,0.0007,0.0802,-0.0068,19.9
4.057,-0.0091,-0.0008,0.0877,-0.003,19.8
4.058,-0.0053,-0.0008,0.0937,-0.0046,19.8
4.059,-0.0098,0.0007,0.102,-0.0046,19.7
4.06,-0.0091,-0.0015,0.114,-0.0046,19.6
4.061,-0.0098,-0.0008,0.1237,-0.0143,19.6
4.062,-0.012,0.0007,0.1245,-0.027,19.6
4.063,-0.0075,0.0015,0.1222,-0.0308,19.3
4.064,0.003,0.0007,0.1155,-0.0278,19.4
4.065,0.009,0.0,0.105,-0.0135,19.0
4.066,0.0142,0.0007,0.093,0.0292,19.5
4.067,0.0172,0.0,0.078,0.045,19.0
4.068,0.0157,-0.0008,0.0645,0.0097,19.3
4.069,0.0157,0.0037,0.0562,-0.0128,19.0
4.07,0.018,0.0045,0.0525,-0.015,18.9
4.071,0.018,0.0045,0.048,-0.0173,19.0
4.072,0.0157,0.0015,0.0405,-0.0105,18.7
4.073,0.0127,-0.0068,0.0255,0.0217,18.8
4.074,0.0105,-0.0091,0.015,0.0457,18.6
4.075,0.0105,-0.003,0.0097,0.0135,18.6
4.076,0.0075,0.0015,0.0015,-0.0015,18.5
4.077,0.006,0.0007,-0.003,0.0052,18.5
4.078,0.0067,-0.0008,-0.0075,-0.006,18.3
4.079,0.0075,-0.0015,-0.0143,-0.003,18.4
4.08,0.0105,-0.0038,-0.0173,-0.0091,18.1
4.081,0.0075,-0.0046,-0.0165,-0.0091,18.3
4.082,0.0082,-0.0023,-0.0181,-0.0046,18.0
4.083,0.0022,-0.0046,-0.0233,-0.0046,18.1
4.084,-0.0015,-0.0083,-0.027,-0.0053,18.0
4.085,-0.0023,-0.0091,-0.0308,-0.0181,18.0
4.086,-0.0046,-0.0068,-0.0361,-0.0278,17.9
4.087,-0.003,-0.0053,-0.0346,-0.0308,17.9
4.088,-0.0008,-0.003,-0.0315,-0.0285,18.0
4.089,0.003,0.003,-0.0346,-0.0203,17.8
4.09,0.0067,0.006,-0.0368,0.018,17.8
4.091,0.0052,0.0067,-0.042,0.0435,17.7
4.092,0.0022,0.012,-0.0443,0.018,17.6
4.093,-0.0015,0.015,-0.0443,0.012,17.5
4.094,-0.0046,0.012,-0.0458,0.0127,17.5
4.095,-0.0023,0.0052,-0.0398,0.0,17.5
4.096,-0.0046,0.0022,-0.0315,-0.0091,17.5
4.097,-0.006,0.0045,-0.024,-0.0218,17.4
4.098,-0.003,0.0007,-0.0181,-0.0105,17.3
4.099,-0.003,-0.0015,-0.012,0.003,17.1
4.1,-0.0015,-0.0015,-0.012,0.0,17.1
4.101,0.0,-0.0015,-0.0098,0.0015,17.0
4.102,0.003,-0.006,-0.0075,0.0105,17.0
4.103,0.0052,-0.0098,-0.0091,-0.0046,17.0
4.104,0.0045,-0.0128,-0.0105,0.0217,16.8
4.105,0.0052,-0.0165,-0.0135,0.0652,16.8
4.106,0.0045,-0.012,-0.0158,0.0052,16.6
4.107,0.003,-0.0158,-0.0188,-0.0278,16.6
4.108,-0.0015,-0.0091,-0.024,-0.0398,16.6
4.109,-0.006,0.0015,-0.03,-0.1028,16.5
4.11,-0.0053,0.009,-0.0308,-0.0885,16.4
4.111,-0.0038,0.009,-0.0323,0.0127,16.3
4.112,-0.0015,0.0037,-0.0315,0.0592,16.2
4.113,0.0,0.0075,-0.03,0.0157,16.3
4.114,0.0037,0.0045,-0.024,0.0105,16.1
4.115,0.0037,0.0037,-0.0173,0.0142,16.2
4.116,0.0052,0.0037,-0.012,0.0165,16.0
4.117,0.0097,0.0,-0.006,0.0472,16.2
4.118,0.0142,-0.0105,0.0,0.0442,16.0
4.119,0.0142,-0.0158,0.0067,-0.0218,16.0
4.12,0.006,-0.0113,0.012,-0.0428,15.8
4.121,0.0022,-0.0068,0.018,-0.0218,15.7
4.122,-0.0015,0.0007,0.0202,-0.0495,15.6
4.123,-0.006,-0.0046,0.0225,-0.0083,15.5
4.124,-0.0046,-0.0053,0.0292,0.0277,15.6
4.125,-0.0008,-0.0008,0.0367,-0.0023,15.6
4.126,0.0045,0.0045,0.042,-0.0083,15.4
4.127,0.009,0.0082,0.0405,0.0052,15.4
4.128,0.0142,0.0097,0.0405,0.039,15.2
4.129,0.0172,0.0082,0.0427,0.0682,15.2
4.13,0.0157,0.0,0.042,0.0705,15.1
4.131,0.0142,-0.0015,0.0412,0.0487,14.8
4.132,0.009,-0.0008,0.0367,-0.0091,15.0
4.133,0.0067,-0.0023,0.0352,-0.1043,14.7
4.134,0.009,0.0037,0.0307,-0.1268,14.8
4.135,0.0067,0.0045,0.027,-0.0383,14.7
4.136,0.003,-0.003,0.0187,0.0262,14.6
4.137,0.0007,-0.0046,0.009,0.033,14.4
4.138,-0.0038,0.0007,0.0015,0.0045,14.4
4.139,-0.003,0.0082,-0.003,-0.012,14.2
4.14,-0.0015,0.009,-0.0068,0.018,14.1
4.141,-0.0023,0.0037,-0.0128,0.003,14.1
4.142,-0.0046,0.0045,-0.0195,-0.06,14.0
4.143,-0.0068,0.0007,-0.024,-0.0713,13.7
4.144,-0.0068,-0.003,-0.0218,0.0187,14.0
4.145,-0.0053,-0.0068,-0.0173,0.0637,13.8
4.146,-0.006,-0.0091,-0.012,0.0367,13.6
4.147,-0.0091,-0.0083,-0.0091,0.0255,13.8
4.148,-0.0128,-0.0068,-0.0098,0.009,13.6
4.149,-0.0158,-0.0038,-0.0068,0.0105,13.5
4.15,-0.0188,-0.0053,-0.0075,0.0045,13.3
4.151,-0.0181,-0.0053,-0.0135,0.003,13.3
4.152,-0.0181,-0.003,-0.0203,0.0052,13.4
4.153,-0.0105,-0.003,-0.0263,0.0015,13.1
4.154,-0.0046,-0.0015,-0.0315,0.0075,13.3
4.155,-0.0038,-0.0023,-0.0338,0.003,13.0
4.156,0.0007,-0.0023,-0.0308,0.006,13.0
4.157,0.0037,-0.0015,-0.0233,0.0045,12.8
4.158,0.0082,0.0015,-0.0135,0.0015,12.9
4.159,0.0067,0.003,-0.0083,0.0015,12.8
4.16,0.0037,0.003,-0.0053,0.0007,12.7
4.161,0.006,0.0015,0.0,0.0022,12.8
4.162,0.0105,0.0015,0.0082,0.0015,12.7
4.163,0.012,0.0015,0.0015,0.003,12.4
4.164,0.0097,0.0007,-0.012,-0.0008,12.6
4.165,0.0067,-0.0015,-0.0158,-0.0023,12.4
4.166,0.0045,-0.003,-0.0203,-0.0023,12.4
4.167,0.0082,-0.0015,-0.0203,-0.0038,12.4
4.168,0.012,-0.0008,-0.0181,-0.0046,12.1
4.169,0.0142,-0.0015,-0.0188,-0.0053,12.1
4.17,0.0157,-0.0015,-0.0098,-0.006,12.1
4.171,0.0195,-0.0015,-0.0083,-0.0046,12.0
4.172,0.0157,-0.0015,-0.0083,-0.0015,12.0
4.173,0.009,0.0,-0.012,-0.0015,12.0
4.174,0.0052,-0.0008,-0.0181,-0.0008,11.9
4.175,0.0,-0.0015,-0.0225,-0.0015,11.8
4.176,0.0,-0.0015,-0.0218,-0.0015,11.8
4.177,-0.0023,0.0007,-0.0188,0.0,11.7
4.178,-0.0075,0.003,-0.0143,0.0007,11.6
4.179,-0.012,0.0007,-0.0083,0.0007,11.6
4.18,-0.0128,0.0,-0.0015,-0.0023,11.4
4.181,-0.0165,-0.0008,0.0045,-0.003,11.6
4.182,-0.021,0.0,0.0022,-0.0008,11.5
4.183,-0.0195,0.003,0.0007,0.0007,11.4
4.184,-0.015,0.0007,-0.0075,0.0015,11.5
4.185,-0.0135,0.0,-0.0233,0.0,11.2
4.186,-0.012,0.0015,-0.0346,-0.0023,11.5
4.187,-0.012,0.0007,-0.0315,-0.0046,11.2
4.188,-0.015,0.0007,-0.0225,-0.0038,11.3
4.189,-0.0158,-0.0023,-0.0173,-0.0038,11.2
4.19,-0.012,-0.0038,-0.0158,-0.0023,11.2
4.191,-0.0083,-0.003,-0.0143,-0.003,11.3
4.192,-0.0053,-0.0015,-0.006,-0.003,11.2
4.193,-0.0023,-0.0008,0.0015,-0.0008,11.3
4.194,0.0045,0.0007,0.009,0.0007,11.2
4.195,0.0105,0.0,0.0112,0.0015,11.1
4.196,0.0157,-0.0015,0.0082,-0.0008,11.2
4.197,0.0172,-0.0015,0.0052,-0.0015,11.0
4.198,0.015,-0.0038,0.0015,0.0007,11.1
4.199,0.0172,-0.0038,-0.0008,0.0015,11.0
4.2,0.0217,-0.003,-0.0046,0.0007,10.9
4.201,0.0195,-0.003,-0.0091,0.0015,10.9
4.202,0.0142,-0.0008,-0.0053,0.0015,10.7
4.203,0.0097,-0.0008,-0.0008,0.0015,10.9
4.204,0.0067,0.0,0.0015,0.0007,10.8
4.205,0.006,-0.0008,0.0045,0.0015,11.0
4.206,0.0187,-0.0008,0.006,0.0015,10.7
4.207,0.0667,-0.0015,0.0082,0.0007,10.8
4.208,0.0967,-0.0015,0.0067,0.0015,10.7
4.209,0.0652,-0.0008,0.003,0.0,10.8
4.21,0.0525,-0.0015,0.0015,0.0022,10.6
4.211,0.0352,-0.0023,-0.0023,0.0045,10.7
4.212,0.0067,-0.0008,-0.0083,0.0015,10.5
4.213,0.006,-0.0008,-0.0165,0.0015,10.5
4.214,0.0067,0.0007,-0.024,0.0015,10.5
4.215,0.0075,-0.0008,-0.0308,0.0015,10.6
4.216,-0.0075,-0.0015,-0.0353,0.0007,10.6
4.217,0.006,0.0007,-0.0398,-0.0015,10.4
4.218,0.0802,-0.003,-0.0443,-0.0023,10.5
4.219,0.0922,-0.003,-0.0436,-0.0038,10.4
4.22,-0.0195,-0.0023,-0.0443,-0.0038,10.4
4.221,-0.0443,-0.0015,-0.0443,-0.003,10.4
4.222,-0.0285,-0.0015,-0.039,-0.003,10.4
4.223,0.0585,-0.003,-0.0413,-0.0046,10.3
4.224,0.2647,0.0,-0.0533,-0.0038,10.4
4.225,0.315,0.0007,-0.0675,-0.0023,10.1
4.226,0.2497,-0.0008,-0.0803,-0.0015,10.4
4.227,0.1072,-0.0008,-0.0788,-0.003,10.1
4.228,-0.0233,-0.0023,-0.0713,-0.003,10.2
4.229,-0.1298,-0.0015,-0.0675,-0.0038,10.1
4.23,-0.231,-0.0008,-0.057,-0.003,10.1
4.231,-0.2678,0.0007,-0.0346,-0.0008,10.2
4.232,-0.2866,0.0,-0.0046,0.0,10.0
4.233,-0.2738,-0.0008,0.0232,-0.0008,10.1
4.234,-0.2723,-0.0015,0.0442,0.0,10.1
4.235,-0.2618,0.0015,0.0645,-0.0023,10.1
4.236,-0.2535,0.003,0.081,-0.0046,10.1
4.237,-0.2385,0.003,0.0832,-0.003,10.1
4.238,-0.2003,0.0015,0.0765,-0.0015,10.0
4.239,-0.1635,0.0007,0.0787,0.0015,10.0
4.24,-0.0893,0.0007,0.093,-0.0008,9.9
4.241,0.0225,0.0007,0.1215,-0.003,9.9
4.242,0.114,-0.0015,0.1582,-0.003,9.9
4.243,0.135,-0.0008,0.1882,-0.0015,10.0
4.244,0.1335,-0.003,0.2077,0.0007,9.9
4.245,0.1185,-0.0038,0.2197,0.0007,9.8
4.246,0.0772,-0.0053,0.2272,0.0007,9.9
4.247,0.018,-0.006,0.2317,0.0,9.6
4.248,-0.0143,-0.0008,0.246,0.0,9.9
4.249,-0.0113,0.0015,0.273,0.0015,9.6
4.25,-0.003,0.0045,0.2895,0.0022,9.9
4.251,0.0607,0.0052,0.285,0.0015,9.7
4.252,0.0922,0.0037,0.2632,-0.0008,9.8
4.253,0.081,0.0015,0.2145,0.0,9.6
4.254,0.135,0.0007,0.1522,0.003,9.8
4.255,0.1912,0.0015,0.09,0.003,9.8
4.256,0.1972,0.0015,0.048,0.0045,9.8
4.257,0.204,0.003,0.0382,0.0067,9.6
4.258,0.2062,0.003,0.0412,0.0052,9.9
4.259,0.1897,0.0022,0.0502,0.006,9.5
4.26,0.1815,0.0022,0.084,0.0045,9.7
4.261,0.1612,0.0,0.132,0.0015,9.5
4.262,0.141,-0.0015,0.1755,0.0007,9.5
4.263,0.114,-0.0008,0.225,0.0007,9.6
4.264,0.0795,0.0007,0.2932,0.0022,9.6
4.265,0.0532,0.0007,0.36,0.0022,9.7
4.266,0.018,-0.0008,0.3862,0.0037,9.5
4.267,-0.0195,-0.0038,0.348,0.003,9.5
4.268,-0.0488,-0.0046,0.2332,0.0022,9.5
4.269,-0.0675,-0.0023,0.1102,0.0022,9.8
4.27,-0.0848,0.0015,0.0712,0.0015,9.6
4.271,-0.096,0.003,0.0345,0.0015,9.5
4.272,-0.1021,0.0022,-0.0668,0.0007,9.4
4.273,-0.1021,0.0022,-0.1763,0.0015,9.5
4.274,-0.105,-0.0015,-0.3015,0.0007,9.5
4.275,-0.12,-0.0015,-0.4148,-0.0008,9.5
4.276,-0.1118,-0.0008,-0.4703,-0.0015,9.5
4.277,-0.093,-0.0015,-0.4898,-0.003,9.4
4.278,-0.0825,-0.0015,-0.4935,-0.0008,9.6
4.279,-0.0691,-0.0015,-0.492,-0.0008,9.3
4.28,-0.0593,-0.0015,-0.4845,-0.0015,9.5
4.281,-0.0525,-0.003,-0.4658,-0.0008,9.3
4.282,-0.0436,-0.0008,-0.4313,-0.0015,9.4
4.283,-0.0458,0.0007,-0.3915,-0.0015,9.3
4.284,-0.0443,0.0015,-0.3578,0.0007,9.3
4.285,-0.039,0.0015,-0.3203,0.0015,9.3
4.286,-0.0488,0.0,-0.2693,0.0007,9.5
4.287,-0.0638,0.0,-0.2175,0.0007,9.3
4.288,-0.0706,-0.0008,-0.1778,0.0007,9.4
4.289,-0.0728,-0.0015,-0.1538,0.0,9.3
4.29,-0.0691,-0.003,-0.1463,0.0007,9.4
4.291,-0.0615,-0.003,-0.1478,0.0022,9.4
4.292,-0.0503,0.0,-0.1441,0.003,9.3
4.293,-0.0361,0.0007,-0.1418,0.0037,9.4
4.294,-0.0188,-0.0015,-0.147,0.003,9.4
4.295,-0.0053,0.0022,-0.1433,0.0015,9.5
4.296,-0.0046,0.003,-0.126,0.0015,9.3
4.297,-0.0105,0.0007,-0.1095,0.0015,9.5
4.298,-0.0165,-0.0015,-0.0908,0.0022,9.4
4.299,-0.0165,-0.003,-0.0706,0.0015,9.3
4.3,-0.0046,-0.0046,-0.0473,0.0,9.3
4.301,0.018,-0.0038,-0.0233,-0.0008,9.4
4.302,0.0412,-0.0008,-0.0053,-0.0008,9.5
4.303,0.0615,-0.0023,0.0045,-0.0015,9.4
4.304,0.0757,-0.003,0.015,-0.0015,9.4
4.305,0.0855,-0.0015,0.0255,0.0,9.5
4.306,0.0885,0.0,0.0217,0.0007,9.4
4.307,0.0802,0.0015,0.018,-0.0015,9.5
4.308,0.0705,0.0015,0.018,-0.003,9.6
4.309,0.0592,-0.0023,0.024,-0.0015,9.6
4.31,0.042,-0.0008,0.0367,0.0,9.8
4.311,0.0307,0.0007,0.0502,0.003,9.5
4.312,0.0247,-0.0008,0.0675,0.0022,9.6
4.313,0.0195,0.0007,0.093,0.0015,9.7
4.314,0.0202,0.0007,0.1215,-0.0008,9.6
4.315,0.0142,0.003,0.1537,-0.0008,9.8
4.316,-0.0008,0.0015,0.189,0.0015,9.6
4.317,-0.0158,0.0015,0.2175,0.0007,9.8
4.318,-0.0383,0.0015,0.24,0.0015,9.9
4.319,-0.0525,0.0007,0.2542,-0.0015,9.8
4.32,-0.0563,0.0007,0.258,-0.0015,10.0
4.321,-0.0638,-0.0015,0.2542,-0.0015,9.9
4.322,-0.0653,-0.003,0.2632,-0.0015,10.1
4.323,-0.0443,-0.0046,0.2842,0.0,10.0
4.324,-0.0278,-0.003,0.2857,0.0,10.0
4.325,-0.0181,-0.0015,0.276,0.0007,10.3
4.326,-0.024,-0.003,0.2655,-0.0008,10.1
4.327,-0.0691,-0.0023,0.246,-0.0008,10.4
4.328,-0.1253,-0.003,0.2235,0.0,10.1
4.329,-0.1973,-0.003,0.2017,-0.0008,10.4
4.33,-0.2543,-0.0023,0.174,-0.0008,10.4
4.331,-0.2881,-0.003,0.1425,-0.0008,10.4
4.332,-0.309,-0.0046,0.117,-0.0038,10.4
4.333,-0.2948,-0.0038,0.0847,-0.0023,10.4
4.334,-0.2453,-0.0023,0.0502,-0.0015,10.7
4.335,-0.1463,-0.003,0.012,-0.0015,10.7
4.336,-0.0098,-0.003,-0.024,-0.003,10.7
4.337,0.1425,-0.003,-0.0623,-0.0023,10.7
4.338,0.2752,0.0,-0.1095,-0.0046,10.8
4.339,0.3547,-0.0015,-0.1463,-0.0068,10.8
4.34,0.402,-0.0008,-0.159,-0.0046,11.0
4.341,0.4312,0.0015,-0.156,-0.0038,10.8
4.342,0.4237,0.0007,-0.1441,-0.0046,11.1
4.343,0.3795,-0.0008,-0.126,-0.0046,11.0
4.344,0.3247,-0.0008,-0.1185,-0.0053,11.2
4.345,0.2797,-0.0008,-0.1163,-0.003,11.2
4.346,0.2332,0.0022,-0.1185,-0.0015,11.2
4.347,0.189,0.0067,-0.1253,-0.0008,11.4
4.348,0.1612,0.0045,-0.126,0.003,11.4
4.349,0.1402,0.0037,-0.132,0.0022,11.4
4.35,0.1132,0.0022,-0.1448,0.0015,11.6
4.351,0.0795,-0.0008,-0.1568,-0.0008,11.6
4.352,0.0457,-0.0008,-0.1583,-0.0015,11.8
4.353,0.0135,0.0007,-0.1478,-0.0015,11.6
4.354,-0.0203,0.0015,-0.1185,-0.0015,12.0
4.355,-0.0473,0.0007,-0.075,-0.0008,11.9
4.356,-0.0713,0.0,-0.0511,-0.0008,12.1
4.357,-0.0915,-0.0008,-0.0405,0.0007,12.1
4.358,-0.1006,-0.0015,-0.027,0.0007,12.2
4.359,-0.1208,-0.0008,-0.0083,-0.0008,12.5
4.36,-0.1365,-0.0015,0.003,0.0,12.3
4.361,-0.1388,-0.0023,0.0135,-0.0008,12.6
4.362,-0.1426,-0.0038,0.0187,0.0015,12.6
4.363,-0.1388,-0.003,0.0292,0.0015,12.6
4.364,-0.1358,-0.0015,0.039,-0.0008,12.8
4.365,-0.1365,-0.003,0.0487,-0.0015,13.0
4.366,-0.1253,0.0,0.0675,-0.0046,13.0
4.367,-0.108,-0.003,0.0772,-0.003,13.1
4.368,-0.0968,-0.003,0.0847,-0.0015,13.0
4.369,-0.084,-0.003,0.0885,-0.0023,13.3
4.37,-0.0645,-0.0015,0.0915,-0.003,13.3
4.371,-0.0533,-0.0008,0.0922,-0.0015,13.5
4.372,-0.0413,-0.003,0.0937,-0.003,13.5
4.373,-0.0233,-0.003,0.1005,-0.0046,13.6
4.374,-0.0091,-0.003,0.1042,-0.0008,13.9
4.375,0.0,-0.003,0.1035,0.0,13.8
4.376,0.003,0.0,0.099,0.0015,14.0
4.377,0.0142,-0.0008,0.0952,0.0007,14.0
4.378,0.0165,-0.0046,0.09,-0.0008,14.4
4.379,0.0105,-0.0038,0.0825,-0.0008,14.3
4.38,0.0105,-0.0023,0.0675,0.0007,14.5
4.381,0.0067,0.0015,0.0502,0.0007,14.6
4.382,0.0022,0.0007,0.0285,-0.0008,14.7
4.383,0.0045,0.0,-0.006,0.0007,14.6
4.384,0.009,0.0045,-0.021,-0.0015,14.9
4.385,0.003,0.0045,-0.015,-0.0046,15.0
4.386,-0.0091,0.0,-0.012,-0.0053,15.1
4.387,-0.0195,-0.0015,-0.0263,-0.0046,15.2
4.388,-0.0233,-0.0008,-0.0405,-0.0053,15.3
4.389,-0.0165,-0.0015,-0.0465,-0.0046,15.5
4.39,-0.0068,-0.0023,-0.0383,-0.0038,15.5
4.391,0.0045,-0.0015,-0.0263,-0.0015,15.9
4.392,0.0007,0.0,-0.0346,0.0007,15.6
4.393,-0.0053,0.0022,-0.0428,0.0007,15.9
4.394,0.0052,0.0015,-0.0368,0.0,16.2
4.395,0.0157,0.0015,-0.0315,0.0,16.1
4.396,0.0165,-0.0008,-0.0458,-0.0008,16.2
4.397,0.0067,-0.003,-0.063,-0.0015,16.3
4.398,-0.0091,-0.0015,-0.0563,-0.0015,16.4
4.399,-0.0195,-0.0015,-0.0346,-0.0023,16.6
4.4,-0.0158,-0.0008,-0.033,-0.0046,16.6
4.401,-0.0023,-0.0008,-0.0361,-0.0023,17.0
4.402,0.009,0.0,-0.0346,0.0007,16.8
4.403,0.0127,0.0007,-0.0398,0.0,17.1
4.404,0.0172,-0.0008,-0.0458,0.0007,17.1
4.405,0.0277,0.0007,-0.0683,0.0007,17.3
4.406,0.0315,0.0,-0.1028,0.0,17.4
4.407,0.0322,0.0015,-0.135,0.0007,17.5
4.408,0.0322,0.003,-0.156,-0.0008,17.6
4.409,0.0262,0.0015,-0.1343,-0.0015,17.8
4.41,0.0255,0.0015,-0.0856,-0.003,17.9
4.411,0.0195,0.0007,-0.0518,-0.0046,18.0
4.412,0.012,0.0007,-0.0368,-0.0046,18.0
4.413,0.009,-0.0008,-0.0233,-0.006,18.1
4.414,0.0052,-0.0008,-0.0165,-0.0075,18.4
4.415,-0.0015,-0.0023,-0.0105,-0.0083,18.4
4.416,-0.0046,-0.0015,-0.0046,-0.0083,18.9
4.417,-0.0165,-0.0015,-0.0008,-0.0053,18.9
4.418,-0.0323,-0.0046,0.009,-0.0015,19.0
4.419,-0.0338,-0.003,0.0067,-0.0008,19.1
4.42,-0.0218,-0.0015,-0.003,-0.0023,19.3
4.421,-0.0046,-0.0038,-0.0173,-0.0023,19.5
4.422,0.009,-0.0038,-0.0293,-0.0008,19.5
4.423,0.0135,-0.0015,-0.0361,0.0,19.8
4.424,0.0157,0.0007,-0.0428,0.0007,19.8
4.425,0.0165,0.003,-0.0405,-0.0015,20.0
4.426,0.0187,-0.0008,-0.0338,0.0007,20.1
4.427,0.0165,0.0015,-0.0143,0.0045,20.4
4.428,0.0217,0.003,0.012,0.009,20.4
4.429,0.027,0.003,0.0255,0.0097,20.7
4.43,0.024,0.003,0.018,0.0082,20.9
4.431,0.024,0.003,0.0037,0.0067,21.1
4.432,0.027,0.003,0.0007,0.0045,21.2
4.433,0.027,0.0007,0.0195,0.006,21.4
4.434,0.0277,-0.003,0.0405,0.012,21.6
4.435,0.027,-0.0083,0.039,0.009,21.7
4.436,0.0217,-0.0128,0.0412,0.0015,22.1
4.437,0.0195,-0.0128,0.042,-0.006,22.1
4.438,0.0142,-0.0068,0.0345,-0.0075,22.5
4.439,0.0105,0.0015,0.0292,-0.0083,22.5
4.44,0.009,-0.0038,0.0187,-0.0091,22.8
4.441,0.0052,-0.0053,0.012,-0.0083,23.0
4.442,0.0037,0.0022,0.0067,-0.0083,23.1
4.443,-0.0008,0.0037,0.0045,-0.0083,23.4
4.444,-0.003,0.0052,-0.0008,-0.0083,23.6
4.445,-0.0068,0.0052,-0.006,-0.0053,23.8
4.446,-0.0091,0.0022,-0.012,0.0,24.1
4.447,-0.0105,0.0007,-0.0203,0.0007,24.2
4.448,-0.0083,-0.003,-0.027,0.0007,24.6
4.449,-0.0023,-0.006,-0.0338,0.0007,24.5
4.45,0.0007,-0.006,-0.0368,0.0015,25.0
4.451,0.003,-0.0046,-0.0405,0.003,25.0
4.452,0.0037,-0.0053,-0.0405,0.003,25.5
4.453,0.0015,-0.003,-0.0375,0.003,25.6
4.454,-0.0008,0.0007,-0.0361,0.0037,25.8
4.455,-0.0015,0.0007,-0.033,0.0015,26.1
4.456,-0.003,-0.0008,-0.0285,-0.0008,26.4
4.457,-0.0046,0.0,-0.0256,-0.0015,26.5
4.458,-0.0083,0.0037,-0.0218,0.003,26.7
4.459,-0.0128,0.0022,-0.0165,0.0075,27.0
4.46,-0.0158,-0.0015,-0.0105,0.0037,27.1
4.461,-0.0165,-0.0023,-0.0046,0.0067,27.4
4.462,-0.0203,-0.0015,0.0015,0.003,27.7
4.463,-0.0308,-0.0053,0.0075,-0.003,27.9
4.464,-0.039,-0.0098,0.0157,-0.003,28.0
4.465,-0.0495,-0.0075,0.0255,-0.003,28.4
4.466,-0.054,-0.003,0.0345,-0.0015,28.6
4.467,-0.0495,0.0075,0.0397,-0.0023,28.8
4.468,-0.048,0.0112,0.0472,0.0022,29.2
4.469,-0.0473,0.0045,0.0525,0.0097,29.2
4.47,-0.0443,0.0067,0.0562,0.0135,29.7
4.471,-0.0405,0.006,0.0592,0.0142,29.7
4.472,-0.0293,0.0022,0.0577,0.0082,30.2
4.473,-0.0143,0.0015,0.0585,0.0007,30.4
4.474,-0.0038,-0.0023,0.0615,-0.003,30.5
4.475,0.0022,-0.0053,0.0592,-0.0008,30.8
4.476,0.0015,-0.0068,0.054,0.0045,31.1
4.477,0.0007,-0.0075,0.0495,0.0052,31.2
4.478,-0.0015,-0.0068,0.0427,0.0022,31.4
4.479,-0.0023,-0.0015,0.0345,-0.0008,31.7
4.48,0.0,0.0007,0.0307,-0.0046,31.9
4.481,0.0007,0.0015,0.024,-0.006,32.2
4.482,0.0052,0.0105,0.018,0.0,32.5
4.483,0.0082,0.0082,0.0127,0.0105,32.8
4.484,0.0112,0.0015,0.009,0.0165,32.8
4.485,0.0142,0.0007,0.0045,0.0195,33.2
4.486,0.0157,-0.003,-0.0053,0.0165,33.3
4.487,0.0202,-0.0046,-0.0173,-0.0008,33.6
4.488,0.0232,-0.0023,-0.0293,-0.0143,33.8
4.489,0.024,-0.0008,-0.0413,-0.012,33.9
4.49,0.0255,-0.0008,-0.0495,-0.0083,34.3
4.491,0.0285,-0.0015,-0.042,-0.0075,34.2
4.492,0.0315,-0.0015,0.0142,-0.0053,34.6
4.493,0.036,-0.0008,0.1342,-0.0113,34.9
4.494,0.0382,0.0067,0.282,-0.0143,35.1
4.495,0.0367,0.0165,0.4245,-0.006,35.3
4.496,0.0375,0.0105,0.5317,0.0052,35.3
4.497,0.0345,-0.0015,0.5715,0.0105,35.8
4.498,0.0292,-0.0038,0.5317,0.0105,36.0
4.499,0.027,-0.0083,0.4485,0.0082,36.2
4.5,0.024,-0.0075,0.3712,0.0075,36.4
4.501,0.0232,-0.003,0.2932,0.006,36.5
4.502,0.0307,-0.006,0.2175,0.006,36.9
4.503,0.0307,-0.0075,0.147,0.0052,37.0
4.504,0.024,-0.0083,0.075,0.0045,37.3
4.505,0.0225,-0.0053,0.012,0.003,37.6
4.506,0.0165,0.003,-0.0555,0.0007,37.6
4.507,0.015,0.012,-0.1238,-0.0015,38.0
4.508,0.0105,0.0127,-0.1838,0.0015,38.2
4.509,0.0015,0.0015,-0.2363,0.0082,38.4
4.51,-0.012,-0.0046,-0.2806,0.0082,38.5
4.511,-0.0293,-0.0008,-0.327,0.0105,38.7
4.512,-0.039,0.0007,-0.3713,0.0127,39.1
4.513,-0.0488,-0.0008,-0.4125,0.0105,39.4
4.514,-0.0525,-0.0098,-0.4553,0.0082,39.4
4.515,-0.0585,-0.0165,-0.4973,0.0052,39.8
4.516,-0.063,-0.0105,-0.5393,-0.0008,39.8
4.517,-0.0638,-0.0068,-0.5798,-0.0053,40.3
4.518,-0.0675,-0.0075,-0.6135,-0.0128,40.4
4.519,-0.0668,-0.0128,-0.633,-0.0165,40.8
4.52,-0.0653,-0.0188,-0.6405,-0.0113,40.9
4.521,-0.0593,-0.0143,-0.6443,-0.006,41.0
4.522,-0.0495,-0.0068,-0.6293,-0.0023,41.5
4.523,-0.0353,0.0015,-0.5888,-0.0046,41.5
4.524,-0.021,0.0127,-0.5393,-0.0091,41.7
4.525,-0.0158,0.0157,-0.4823,-0.0113,42.0
4.526,-0.0135,0.021,-0.4005,-0.0218,42.1
4.527,-0.0091,0.024,-0.2985,-0.03,42.4
4.528,-0.0083,0.0142,-0.1898,-0.0158,42.8
4.529,0.0,0.0015,-0.0818,-0.006,42.8
4.53,0.006,-0.0046,0.0202,-0.0015,43.1
4.531,0.0015,-0.0038,0.1185,0.0045,43.1
4.532,0.0052,-0.0046,0.2062,0.009,43.4
4.533,0.0082,-0.0075,0.2775,0.018,43.6
4.534,0.0075,-0.0091,0.3352,0.0195,43.9
4.535,0.0067,-0.0053,0.3817,0.018,44.2
4.536,0.0075,-0.0083,0.4147,0.0105,44.2
4.537,0.0075,-0.0091,0.4357,0.0007,44.4
4.538,0.0097,0.0015,0.4485,-0.0015,44.5
4.539,0.0135,0.0045,0.4575,-0.003,44.8
4.54,0.0127,0.0037,0.459,-0.0083,45.0
4.541,0.0127,0.0105,0.4545,-0.0158,45.2
4.542,0.0157,0.0142,0.4402,-0.0181,45.2
4.543,0.0202,0.003,0.4177,-0.0068,45.4
4.544,0.0195,-0.0046,0.3907,0.0015,45.6
4.545,0.0187,-0.0015,0.36,0.0067,45.8
4.546,0.0165,0.0007,0.33,0.009,46.0
4.547,0.0127,0.0037,0.303,0.0052,46.3
4.548,0.0105,0.0075,0.2692,-0.0023,46.3
4.549,0.0097,0.0127,0.2272,-0.0143,46.5
4.55,0.0082,0.0247,0.1912,-0.0181,46.7
4.551,0.0045,0.0195,0.165,-0.0105,46.9
4.552,0.0022,0.0015,0.1477,0.0007,47.3
4.553,0.003,-0.006,0.132,0.0052,47.3
4.554,0.0022,-0.0098,0.12,0.0052,47.6
4.555,-0.0015,-0.0098,0.1155,0.0045,47.9
4.556,-0.003,-0.0068,0.1102,0.0045,48.1
4.557,-0.0053,-0.0046,0.1027,0.0022,48.2
4.558,-0.0046,-0.003,0.1117,0.0015,48.4
4.559,-0.0015,-0.0015,0.1215,0.0007,48.7
4.56,0.0007,-0.003,0.12,0.0,49.1
4.561,0.0052,-0.0023,0.123,0.0007,49.0
4.562,0.0112,-0.0015,0.1185,0.0022,49.5
4.563,0.0165,-0.0023,0.1132,0.0045,49.4
4.564,0.0202,-0.0053,0.1027,0.0045,49.9
4.565,0.0262,-0.0053,0.0855,0.0045,50.0
4.566,0.033,-0.0053,0.0652,0.0052,50.3
4.567,0.0405,-0.0038,0.042,0.006,50.4
4.568,0.0532,-0.0015,0.0157,0.0082,50.5
4.569,0.0652,-0.0015,-0.0091,0.009,50.7
4.57,0.0772,0.0007,-0.0323,0.0052,50.9
4.571,0.0855,0.0037,-0.0533,-0.0046,51.1
4.572,0.0832,0.0067,-0.0691,-0.0105,51.3
4.573,0.0825,0.0037,-0.0848,-0.0091,51.5
4.574,0.0757,-0.0038,-0.0945,-0.0091,51.7
4.575,0.0652,-0.0083,-0.1013,-0.0091,51.8
4.576,0.0592,-0.0091,-0.1058,-0.0046,51.9
4.577,0.0525,-0.006,-0.1088,-0.0015,52.2
4.578,0.0457,-0.003,-0.1118,-0.0015,52.4
4.579,0.0412,-0.0023,-0.1103,-0.0008,52.6
4.58,0.036,-0.0015,-0.1058,0.0007,52.6
4.581,0.0277,-0.0038,-0.0975,0.003,53.0
4.582,0.0195,-0.0008,-0.0863,0.0037,53.1
4.583,0.018,0.0007,-0.078,0.0045,53.2
4.584,0.0142,-0.0008,-0.0728,0.003,53.5
4.585,0.0045,0.0007,-0.0721,0.0045,53.4
4.586,-0.0053,0.0015,-0.0683,0.006,53.9
4.587,-0.012,0.0015,-0.0615,0.0045,53.9
4.588,-0.0181,0.0007,-0.0555,0.0045,54.0
4.589,-0.024,0.0007,-0.0495,0.003,54.1
4.59,-0.0285,0.0015,-0.0465,0.0037,54.0
4.591,-0.0308,0.0015,-0.045,0.0015,54.3
4.592,-0.0338,0.0037,-0.0443,0.0015,54.4
4.593,-0.0361,0.0045,-0.0428,0.0007,54.4
4.594,-0.0383,0.0022,-0.042,-0.0015,54.5
4.595,-0.0428,0.003,-0.0413,-0.0008,54.5
4.596,-0.0473,0.0015,-0.0465,0.0007,54.6
4.597,-0.0518,0.0,-0.0623,0.0,54.9
4.598,-0.057,0.0015,-0.0728,0.003,54.9
4.599,-0.0593,0.0015,-0.0795,0.0045,55.0
4.6,-0.0615,-0.0008,-0.09,0.0015,54.9
4.601,-0.0615,-0.0008,-0.1028,0.0007,55.2
4.602,-0.0585,0.0,-0.1133,-0.003,55.1
4.603,-0.0518,-0.0008,-0.1178,-0.0046,55.3
4.604,-0.0465,-0.0023,-0.1215,-0.003,55.4
4.605,-0.0413,-0.0015,-0.1155,-0.0046,55.4
4.606,-0.0353,-0.0038,-0.1103,-0.003,55.5
4.607,-0.03,-0.0046,-0.1155,-0.0053,55.6
4.608,-0.0278,-0.0046,-0.1208,-0.0046,55.6
4.609,-0.024,-0.003,-0.1238,-0.003,55.9
4.61,-0.0165,-0.0015,-0.1268,-0.003,55.8
4.611,-0.012,0.0015,-0.132,-0.0015,55.9
4.612,-0.0105,0.0015,-0.129,0.0007,56.0
4.613,-0.0083,0.0015,-0.1253,0.0007,56.1
4.614,-0.0046,0.0015,-0.126,0.0022,56.3
4.615,-0.0053,0.0015,-0.1253,0.003,56.2
4.616,-0.0083,0.0007,-0.1155,0.0007,56.3
4.617,-0.0075,-0.0008,-0.1006,0.0015,56.5
4.618,-0.0091,-0.0008,-0.081,-0.0008,56.3
4.619,-0.0091,-0.0015,-0.06,0.0,56.5
4.62,-0.0046,0.0,-0.042,0.003,56.5
4.621,0.0082,0.0015,-0.0248,0.0037,56.7
4.622,0.0262,0.0007,-0.0091,0.0045,56.8
4.623,0.0337,0.0015,0.0052,0.0037,56.8
4.624,0.036,0.0,0.0232,0.0022,57.0
4.625,0.0352,-0.0008,0.042,-0.0008,56.8
4.626,0.0322,-0.0015,0.0532,-0.0023,57.1
4.627,0.0307,0.0007,0.06,-0.0015,57.1
4.628,0.027,0.0015,0.0652,-0.0015,57.1
4.629,0.0157,0.003,0.0622,-0.0023,57.4
4.63,-0.0091,0.0052,0.0495,-0.0015,57.3
4.631,-0.0256,0.006,0.039,-0.0008,57.4
4.632,-0.0308,0.006,0.033,0.0015,57.4
4.633,-0.03,0.0052,0.03,0.0015,57.4
4.634,-0.0248,0.003,0.0307,0.0015,57.4
4.635,-0.0203,-0.0008,0.0337,0.003,57.5
4.636,-0.0195,0.0,0.0352,0.0015,57.5
4.637,-0.0195,-0.0038,0.0382,0.0015,57.5
4.638,-0.0158,-0.0068,0.0427,0.0,57.6
4.639,-0.0143,-0.0083,0.0427,-0.0046,57.6
4.64,-0.012,-0.0068,0.039,-0.0083,57.6
4.641,-0.012,-0.0053,0.0352,-0.006,57.7
4.642,-0.0173,-0.0068,0.0367,0.0015,57.7
4.643,-0.0218,-0.0038,0.0367,0.0,57.7
4.644,-0.0218,-0.0038,0.0367,-0.0015,57.8
4.645,-0.0203,-0.0046,0.0405,-0.003,57.7
4.646,-0.0181,-0.0046,0.039,-0.0046,57.9
4.647,-0.015,-0.0053,0.0412,-0.0015,57.8
4.648,-0.0105,-0.0038,0.0412,-0.0008,57.8
4.649,-0.006,-0.003,0.0405,0.0,57.7
4.65,-0.0015,-0.0023,0.0412,-0.0023,57.7
4.651,-0.0008,-0.0023,0.0405,-0.0038,57.8
4.652,-0.0008,-0.003,0.0382,-0.0038,57.6
4.653,-0.003,-0.0046,0.036,-0.0053,57.7
4.654,-0.0068,-0.0038,0.033,-0.0053,57.8
4.655,-0.0053,-0.0023,0.0262,-0.0068,57.8
4.656,-0.0068,-0.003,0.0202,-0.0083,57.7
4.657,-0.0083,-0.0038,0.015,-0.0075,57.7
4.658,-0.0053,-0.0015,0.012,-0.006,57.7
4.659,-0.0046,-0.0008,0.0105,-0.0053,57.9
4.66,-0.0046,0.0015,0.0127,-0.0053,57.6
4.661,-0.0015,0.0007,0.018,0.003,57.7
4.662,0.0015,-0.0023,0.012,0.0112,57.7
4.663,0.003,-0.0038,0.006,0.0075,57.6
4.664,-0.0023,-0.0015,0.0007,-0.003,57.7
4.665,-0.0023,-0.0008,-0.0068,-0.003,57.5
4.666,0.0067,-0.0008,-0.0105,-0.0046,57.6
4.667,0.0157,-0.0015,-0.0143,-0.0083,57.5
4.668,0.012,-0.003,-0.0203,0.0007,57.5
4.669,0.0067,-0.0015,-0.0263,0.0165,57.4
4.67,0.0067,-0.0008,-0.0263,0.0112,57.4
4.671,0.0052,0.0015,-0.024,-0.0091,57.5
4.672,0.006,0.0022,-0.0225,-0.0015,57.5
4.673,0.0067,0.003,-0.0165,-0.0015,57.3
4.674,0.0052,0.0045,-0.012,-0.0091,57.5
4.675,0.0075,0.0007,-0.003,0.0105,57.1
4.676,0.0097,-0.003,0.0045,0.0195,57.4
4.677,0.0112,-0.003,0.0112,0.0075,57.3
4.678,0.0157,-0.0008,0.0202,0.0045,57.5
4.679,0.0165,-0.0008,0.027,0.0052,57.3
4.68,0.0157,0.0015,0.0322,0.0045,57.1
4.681,0.015,0.0015,0.033,0.0142,57.2
4.682,0.0127,-0.0008,0.0367,0.0075,56.9
4.683,0.0127,0.0,0.0397,0.003,57.0
4.684,0.0127,0.0015,0.0405,-0.0015,56.7
4.685,0.015,-0.0008,0.0427,-0.0173,56.7
4.686,0.0157,0.0015,0.0405,-0.0181,56.8
4.687,0.0157,0.0015,0.0382,-0.0128,56.5
4.688,0.0165,0.0,0.0367,-0.0068,56.4
4.689,0.0172,0.0,0.0352,-0.0075,56.4
4.69,0.018,0.0,0.0292,-0.0046,55.9
4.691,0.0202,0.0015,0.0202,-0.003,56.1
4.692,0.0202,0.0022,0.012,-0.0015,55.7
4.693,0.021,0.003,0.0022,0.0015,55.7
4.694,0.0217,0.0007,-0.0046,0.0,55.5
4.695,0.0202,0.0007,-0.0091,0.0015,55.4
4.696,0.018,0.0015,-0.0165,0.0007,55.4
4.697,0.0232,-0.0008,-0.021,0.0007,54.9
4.698,0.0225,0.0007,-0.0278,-0.0008,54.9
4.699,0.012,-0.0015,-0.0315,0.0,54.7
4.7,0.0037,0.0007,-0.033,0.0007,54.6
4.701,0.0022,0.003,-0.0353,0.0015,54.4
4.702,-0.0008,0.0015,-0.039,0.0037,54.2
4.703,-0.0023,0.0,-0.0413,0.0015,54.0
4.704,-0.0008,0.0007,-0.042,0.0037,54.0
4.705,0.0007,0.0007,-0.0443,0.0037,53.7
4.706,0.003,-0.0015,-0.0443,0.003,53.5
4.707,0.003,-0.003,-0.0436,0.0007,53.2
4.708,0.0015,-0.003,-0.0458,0.0007,53.2
4.709,0.0015,-0.0015,-0.0458,0.0015,53.1
4.71,-0.0015,-0.0015,-0.0458,0.0007,53.0
4.711,-0.0023,-0.0015,-0.0443,0.0022,53.0
4.712,-0.0046,-0.0015,-0.042,-0.0008,52.6
4.713,0.0,-0.003,-0.039,-0.006,52.7
4.714,0.0015,-0.0015,-0.033,-0.0113,52.3
4.715,0.0007,-0.003,-0.027,-0.012,52.2
4.716,0.0015,-0.0038,-0.021,-0.0128,52.0
4.717,0.0007,-0.0046,-0.0173,-0.012,51.8
4.718,0.0015,-0.006,-0.0128,0.012,51.8
4.719,0.0037,-0.006,-0.0091,0.0382,51.7
4.72,0.0007,-0.0023,-0.0075,0.0127,51.4
4.721,0.0015,0.0,-0.0075,-0.0075,51.6
4.722,0.0007,-0.0038,-0.0068,0.0067,51.2
4.723,0.0015,-0.003,-0.003,-0.0046,51.3
4.724,0.0037,-0.0046,0.0007,-0.0008,51.0
4.725,0.006,-0.0038,0.0037,0.0007,50.8
4.726,0.0075,-0.0015,0.0067,-0.0053,50.7
4.727,0.006,-0.0023,0.0112,0.0007,50.5
4.728,0.003,-0.0015,0.0157,-0.0075,50.5
4.729,-0.0015,-0.0023,0.0202,-0.0046,50.3
4.73,-0.0068,-0.0015,0.0255,-0.0053,50.3
4.731,-0.0083,-0.003,0.0292,-0.006,50.0
4.732,-0.0068,-0.0038,0.033,-0.003,49.9
4.733,-0.003,-0.0015,0.0337,-0.003,49.8
4.734,0.003,-0.0015,0.0345,0.0,49.5
4.735,0.0052,-0.0015,0.036,-0.0046,49.5
4.736,0.0067,-0.003,0.0375,-0.003,49.4
4.737,0.0075,-0.0015,0.0367,-0.0046,49.0
4.738,0.0067,-0.0015,0.0382,-0.006,49.0
4.739,0.0045,-0.0015,0.0382,-0.0091,48.6
4.74,0.003,0.0,0.036,-0.0091,48.5
4.741,0.0022,-0.0015,0.0337,-0.0113,48.4
4.742,0.003,-0.0068,0.0292,-0.0091,48.1
4.743,0.0052,-0.0135,0.0262,-0.0015,48.1
4.744,0.0045,-0.0068,0.0232,-0.0008,47.6
4.745,0.0052,-0.0046,0.0202,0.0172,47.6
4.746,0.0052,-0.003,0.0195,0.0195,47.2
4.747,0.0037,0.0015,0.0165,0.0045,47.2
4.748,0.0007,0.003,0.015,-0.0008,46.8
4.749,-0.003,0.0052,0.0127,-0.0083,46.7
4.75,-0.0053,-0.0015,0.012,-0.024,46.3
4.751,-0.006,-0.0023,0.0105,-0.0383,46.2
4.752,-0.0068,-0.003,0.0075,0.006,45.9
4.753,-0.0038,-0.0008,0.0067,0.0457,45.8
4.754,-0.0038,0.009,0.0045,0.0337,45.5
4.755,-0.003,0.0075,0.003,0.057,45.4
4.756,-0.0023,0.0067,0.0007,0.0495,44.9
4.757,-0.0015,0.003,0.0,0.039,44.6
4.758,0.0007,0.0007,-0.0008,0.0262,44.8
4.759,0.0,0.0007,0.0015,-0.0668,44.1
4.76,0.0015,0.0015,0.0022,-0.1118,43.9
4.761,0.0007,0.003,0.0037,-0.0578,43.7
4.762,0.003,0.0037,0.0105,-0.0195,43.6
4.763,0.003,0.0045,0.0105,-0.0083,43.2
4.764,0.003,0.0,0.009,0.0277,43.0
4.765,0.0082,0.0007,0.0075,0.0165,42.8
4.766,0.0105,0.003,0.006,-0.0195,42.6
4.767,0.0105,0.0007,0.0052,-0.0181,42.4
4.768,0.0105,0.0007,0.006,-0.0256,42.1
4.769,0.0105,0.0007,0.0075,-0.0308,41.9
4.77,0.009,-0.0015,0.0075,-0.0233,41.5
4.771,0.0052,-0.0053,0.0082,-0.0225,41.2
4.772,0.003,-0.0083,0.0082,0.0015,41.3
4.773,0.0007,-0.0113,0.0082,0.081,41.0
4.774,-0.0008,-0.0091,0.0097,0.084,40.7
4.775,-0.0008,-0.0008,0.0082,-0.0038,40.5
4.776,-0.0091,0.0052,0.0082,0.0,40.1
4.777,-0.0218,0.009,0.0075,0.009,40.1
4.778,-0.027,0.0045,0.0067,-0.0046,39.7
4.779,-0.0285,-0.0015,0.0067,0.0187,39.3
4.78,-0.0315,-0.0046,0.0067,0.009,39.4
4.781,-0.0315,-0.0038,0.009,0.0127,38.9
4.782,-0.0346,0.0007,0.0052,0.009,38.8
4.783,-0.0368,-0.0015,0.0067,-0.0008,38.4
4.784,-0.0383,-0.0046,0.009,0.003,38.3
4.785,-0.0368,-0.0105,0.0097,0.018,38.2
4.786,-0.0361,-0.0113,0.0112,0.0292,37.6
4.787,-0.0353,-0.0008,0.0105,-0.021,37.5
4.788,-0.0346,0.0067,0.0105,-0.0263,37.0
4.789,-0.033,0.0082,0.0097,0.0202,36.9
4.79,-0.0308,0.006,0.009,0.0217,36.8
4.791,-0.0248,0.0037,0.0082,0.0247,36.2
4.792,-0.0173,0.0015,0.006,0.0285,36.3
4.793,-0.0083,0.0007,0.0052,0.0217,35.6
4.794,0.0015,0.0,0.0037,0.009,35.6
4.795,0.0052,0.0015,0.0045,-0.0428,35.3
4.796,0.0075,0.003,0.0045,-0.0713,34.8
4.797,0.0075,0.0052,0.0045,-0.0323,34.7
4.798,0.0052,0.003,0.0052,-0.0068,34.5
4.799,0.0052,-0.0015,0.003,-0.0135,34.2
4.8,0.0075,-0.006,-0.0008,-0.0083,33.9
4.801,0.0105,-0.0068,-0.003,-0.0053,33.7
4.802,0.0105,-0.0023,-0.003,0.0007,33.5
4.803,0.012,0.0022,0.0,0.0052,33.0
4.804,0.0172,0.0045,0.0007,0.0015,32.9
4.805,0.0195,0.0067,0.0007,0.0052,32.7
4.806,0.0195,0.0052,-0.0015,0.0037,32.3
4.807,0.0165,0.0037,-0.0046,0.0045,32.1
4.808,0.0105,0.0015,-0.0068,0.003,31.5
4.809,0.0052,-0.0008,-0.0091,0.0,31.5
4.81,0.0022,-0.0015,-0.012,-0.0015,31.2
4.811,0.0045,-0.003,-0.015,-0.006,30.8
4.812,0.006,-0.0015,-0.0158,-0.0038,30.7
4.813,0.0082,0.0,-0.0143,0.0097,30.2
4.814,0.009,0.0007,-0.0165,0.0247,29.9
4.815,0.0067,0.0015,-0.0188,0.0105,29.7
4.816,0.0052,0.0015,-0.0181,0.0,29.3
4.817,0.0007,0.0015,-0.0165,0.0007,29.0
4.818,-0.0008,-0.0008,-0.0158,-0.0038,28.5
4.819,0.006,-0.0023,-0.015,-0.0015,28.4
4.82,0.012,-0.0015,-0.0128,-0.0015,28.1
4.821,0.021,-0.0008,-0.0098,0.0,27.7
4.822,0.0285,0.0007,-0.0075,0.0045,27.6
4.823,0.0315,0.0,-0.0015,0.0165,27.2
4.824,0.0352,-0.0023,0.0015,0.0352,27.0
4.825,0.0352,-0.003,-0.0015,0.0375,26.6
4.826,0.0307,-0.0015,-0.0075,0.0307,26.1
4.827,0.03,-0.0015,-0.0128,0.0105,26.1
4.828,0.03,-0.0008,-0.0165,-0.0308,25.6
4.829,0.027,0.0007,-0.0203,-0.0758,25.5
4.83,0.0165,0.0015,-0.0195,-0.0706,25.0
4.831,0.009,0.0045,-0.0218,-0.0285,24.8
4.832,0.0067,0.0067,-0.0203,-0.0278,24.4
4.833,0.0105,0.0082,-0.0158,-0.033,24.1
4.834,0.015,0.0105,-0.0165,-0.0346,23.8
4.835,0.0157,0.0045,-0.0165,-0.0533,23.5
4.836,0.0157,-0.0015,-0.0165,-0.033,23.1
4.837,0.0165,-0.0053,-0.0173,0.018,22.9
4.838,0.018,-0.0083,-0.0181,0.0405,22.5
4.839,0.0195,-0.0113,-0.0188,0.027,22.4
4.84,0.0217,-0.0135,-0.0173,0.0615,21.9
4.841,0.0195,-0.0128,-0.0181,0.1065,21.8
4.842,0.0142,-0.0105,-0.0173,0.0592,21.2
4.843,0.0082,-0.0083,-0.0158,-0.0248,21.0
4.844,0.0015,-0.0053,-0.0165,-0.0405,20.7
4.845,-0.0008,-0.003,-0.0195,-0.0465,20.3
4.846,-0.0038,0.0007,-0.0165,-0.0405,19.8
4.847,-0.006,0.0075,-0.0091,0.0075,19.8
4.848,-0.0068,0.0127,-0.0098,0.012,19.4
4.849,-0.0105,0.0127,-0.012,0.0367,19.0
4.85,-0.0135,0.0097,-0.015,0.039,18.8
4.851,-0.0173,0.0067,-0.0173,0.018,18.4
4.852,-0.0181,0.0022,-0.0195,0.0517,18.2
4.853,-0.0165,-0.006,-0.0195,0.069,17.6
4.854,-0.0105,-0.0181,-0.0225,0.099,17.5
4.855,-0.0075,-0.03,-0.0263,0.1312,17.0
4.856,-0.0053,-0.0278,-0.0233,0.0442,16.9
4.857,-0.0083,-0.0165,-0.0203,-0.1418,16.5
4.858,-0.0143,0.003,-0.015,-0.2063,16.1
4.859,-0.0195,0.0157,-0.0083,-0.1103,16.0
4.86,-0.0233,0.0127,0.0,-0.0728,15.4
4.861,-0.024,0.009,0.0022,-0.0308,15.4
4.862,-0.0225,0.0037,0.0052,0.0427,15.0
4.863,-0.0203,0.0015,0.0075,0.0405,14.7
4.864,-0.0165,0.0022,0.0052,0.0525,14.4
4.865,-0.0181,0.0045,0.0015,0.0352,14.0
4.866,-0.021,-0.0008,-0.0075,0.009,13.6
4.867,-0.0233,-0.0053,-0.0128,-0.0181,13.3
4.868,-0.024,-0.0068,-0.0135,-0.0638,13.0
4.869,-0.024,-0.0128,-0.0128,-0.0503,12.8
4.87,-0.0225,-0.0135,-0.0143,-0.0225,12.4
4.871,-0.0188,-0.006,-0.0173,-0.0623,12.1
4.872,-0.0165,0.0067,-0.0195,-0.0511,11.8
4.873,-0.0158,0.0127,-0.0218,0.0397,11.6
4.874,-0.0165,0.0075,-0.0203,0.036,11.3
4.875,-0.0158,-0.0023,-0.0195,0.0405,10.8
4.876,-0.0135,-0.0105,-0.0128,0.0382,10.7
4.877,-0.0143,-0.0165,0.0007,0.0015,10.2
4.878,-0.0143,-0.0203,0.012,-0.0668,10.1
4.879,-0.0135,-0.012,0.018,-0.135,9.9
4.88,-0.015,0.0052,0.021,-0.0353,9.5
4.881,-0.0165,0.0105,0.024,0.0292,9.2
4.882,-0.0158,0.0135,0.0307,0.03,9.0
4.883,-0.0128,0.0097,0.0322,0.0285,8.7
4.884,-0.0128,0.003,0.0247,-0.0158,8.5
4.885,-0.0256,0.0045,0.0165,-0.0135,7.9
4.886,-0.0383,0.0015,0.0142,0.0015,7.8
4.887,-0.0413,-0.0015,0.009,0.0097,7.4
4.888,-0.0405,-0.0023,0.0097,0.0045,7.3
4.889,-0.039,0.0007,0.0112,0.0082,7.0
4.89,-0.0375,-0.0008,0.0105,0.0082,6.7
4.891,-0.0293,-0.0008,0.012,0.0067,6.6
4.892,-0.0203,-0.003,0.012,0.012,6.2
4.893,-0.0165,-0.0046,0.0112,0.0187,6.2
4.894,-0.012,-0.006,0.0082,0.0472,5.8
4.895,-0.012,-0.0091,0.0007,0.0465,5.7
4.896,-0.0158,-0.006,-0.0046,0.0255,5.4
4.897,-0.0165,-0.003,-0.0068,0.0112,5.3
4.898,-0.0091,0.0007,-0.0053,-0.012,4.9
4.899,-0.0015,-0.0023,-0.0046,-0.0181,5.1
4.9,-0.0046,-0.0023,-0.003,-0.0165,4.8
4.901,-0.006,0.0,-0.0023,-0.0105,4.6
4.902,-0.0046,-0.0015,0.0015,0.0075,4.4
4.903,0.0067,-0.003,0.0142,0.0255,4.4
4.904,0.0195,-0.006,0.0142,0.0367,4.6
4.905,0.0232,-0.0053,0.0052,0.0217,4.3
4.906,0.03,-0.0015,0.0045,0.009,4.4
4.907,0.03,-0.0015,0.003,0.009,4.0
4.908,0.024,-0.0046,0.0052,0.003,4.0
4.909,0.0195,-0.0046,0.012,-0.0158,4.0
4.91,0.0202,-0.0038,0.0105,-0.0353,3.6
4.911,0.0232,-0.003,0.006,-0.0113,3.5
4.912,0.0202,-0.0038,0.0097,0.0007,3.3
4.913,0.012,-0.0053,0.0202,-0.0075,3.1
4.914,0.0045,-0.0008,0.0382,0.003,3.0
4.915,-0.0008,-0.0015,0.0555,-0.0023,3.0
4.916,-0.0105,0.0,0.0532,0.0037,2.9
4.917,-0.0098,0.0022,0.0495,0.0045,2.9
4.918,-0.0046,0.0015,0.0427,0.0037,2.7
4.919,-0.0046,0.0052,0.0262,0.0075,2.9
4.92,-0.0053,0.006,-0.0008,0.003,2.6
4.921,-0.012,0.0045,-0.0308,0.0082,2.8
4.922,-0.0128,0.0022,-0.0428,0.0045,2.4
4.923,-0.012,0.003,-0.0353,0.003,2.4
4.924,-0.0053,0.0015,-0.0075,0.0015,2.5
4.925,0.0067,-0.0008,0.0165,-0.0008,2.3
4.926,0.0112,0.0,0.0247,-0.0015,2.2
4.927,0.0075,0.0052,0.0142,-0.0023,2.2
4.928,0.0015,0.009,-0.0083,0.0,2.1
4.929,0.0007,0.0082,-0.0293,-0.0015,2.1
4.93,0.0045,0.0052,-0.0465,-0.0015,1.8
4.931,0.009,0.006,-0.054,-0.003,2.1
4.932,0.0202,0.0045,-0.0525,-0.0046,1.8
4.933,0.0825,0.0045,-0.0353,-0.0038,1.8
4.934,0.1725,0.003,-0.0218,-0.003,1.8
4.935,0.2145,0.003,-0.0353,-0.003,1.6
4.936,0.2535,0.0045,-0.0503,-0.0015,1.8
4.937,0.246,0.003,-0.0623,0.003,1.6
4.938,0.18,0.0052,-0.0788,0.0045,1.7
4.939,0.1335,0.0015,-0.0863,0.003,1.5
4.94,0.0427,0.0015,-0.0773,0.003,1.4
4.941,-0.0353,0.0022,-0.054,0.0007,1.7
4.942,-0.0878,0.003,-0.0308,-0.0008,1.4
4.943,-0.1365,0.0045,-0.0015,0.003,1.6
4.944,-0.1628,0.0037,0.027,0.0052,1.6
4.945,-0.1756,0.003,0.045,0.0082,1.5
4.946,-0.1628,0.0007,0.0517,0.0097,1.7
4.947,-0.1605,0.0045,0.0472,0.0067,1.6
4.948,-0.1396,0.0045,0.0397,0.0082,1.5
4.949,-0.1088,0.0037,0.0352,-0.006,1.9
4.95,-0.0856,0.0037,0.0352,-0.0091,1.5
4.951,-0.0555,-0.0008,0.024,0.0255,1.9
4.952,-0.0256,0.0,0.0157,0.033,1.7
4.953,0.0045,0.0,0.009,0.0307,1.8
4.954,0.021,-0.0015,-0.0068,0.039,1.7
4.955,0.0292,-0.006,-0.0256,0.0255,1.8
4.956,0.0397,-0.006,-0.0383,-0.0008,1.9
4.957,0.0495,-0.0046,-0.0533,-0.0578,1.8
4.958,0.051,-0.0053,-0.0765,-0.0975,2.0
4.959,0.0592,-0.0008,-0.0788,-0.0615,2.0
4.96,0.069,0.003,-0.0773,-0.0256,2.1
4.961,0.0727,0.0045,-0.084,-0.0256,2.2
4.962,0.084,0.0007,-0.0908,0.0052,2.2
4.963,0.0915,-0.0023,-0.0983,0.0142,2.3
4.964,0.1237,0.0007,-0.1028,-0.0105,2.4
4.965,0.1387,0.0007,-0.1043,-0.012,2.4
4.966,-0.1148,-0.0038,-0.1035,-0.0128,2.7
4.967,-0.2895,-0.0046,-0.12,-0.0023,2.6
4.968,0.006,-0.0038,-0.123,0.006,2.6
4.969,0.201,-0.0008,-0.096,0.0105,2.8
4.97,0.3675,-0.0023,-0.084,0.0277,2.9
4.971,0.318,-0.0068,-0.0743,0.0532,3.1
4.972,-0.2078,-0.0053,-0.0458,0.063,3.0
4.973,-0.4883,0.0015,-0.0368,0.0495,3.2
4.974,-0.468,0.0067,-0.0465,0.0442,3.2
4.975,-0.333,0.0045,-0.0615,0.0127,3.4
4.976,-0.063,0.0037,-0.0788,-0.0143,3.6
4.977,0.1687,0.0037,-0.1028,-0.0293,3.6
4.978,0.2122,0.0022,-0.1665,-0.027,3.6
4.979,0.3345,0.0007,-0.1373,-0.0083,3.8
4.98,0.4305,0.0015,0.1387,-0.0458,3.9
4.981,0.342,0.0045,0.5752,-0.0803,4.0
4.982,0.3202,0.0045,1.077,-0.0443,4.1
4.983,0.333,0.0022,1.4782,0.0157,4.1
4.984,0.3712,0.0037,1.5082,0.0405,4.3
4.985,0.384,0.0,1.3747,0.054,4.1
4.986,0.3667,0.0,1.2562,0.0645,4.6
4.987,0.3795,-0.0015,1.152,0.0195,4.4
4.988,0.42,-0.0068,1.0552,-0.0533,4.6
4.989,0.474,-0.0015,0.9675,-0.0653,4.7
4.99,0.4725,-0.0008,0.8145,-0.0346,4.9
4.991,0.399,0.006,0.4942,-0.0135,4.9
4.992,0.2917,0.0142,0.0825,0.0097,5.0
4.993,0.186,0.0052,-0.207,-0.0413,5.3
4.994,0.0397,0.0037,-0.3893,-0.054,5.3
4.995,-0.1013,0.0105,-0.615,-0.0015,5.3
4.996,-0.2288,0.012,-0.8415,-0.012,5.7
4.997,-0.357,0.0142,-1.0718,0.0105,5.5
4.998,-0.435,0.0127,-1.2555,0.0127,5.8
4.999,-0.4823,0.0075,-1.3928,0.0037,5.9
5.0,-0.5325,-0.0046,-1.551,0.0352,6.0
5.001,-0.5985,-0.0165,-1.665,0.0502,6.3
5.002,-0.6376,-0.0323,-1.587,0.0765,6.3
5.003,-0.6226,-0.0503,-1.449,0.105,6.3
5.004,-0.5693,-0.06,-1.3245,0.1215,6.6
5.005,-0.513,-0.0548,-1.212,0.0832,6.5
5.006,-0.4628,-0.0233,-1.1101,-0.0046,6.8
5.007,-0.4185,-0.0008,-1.0163,-0.0473,7.0
5.008,-0.3743,0.006,-0.9323,-0.0735,7.1
5.009,-0.3368,0.0067,-0.8558,-0.0975,7.2
5.01,-0.2873,-0.0008,-0.7845,-0.0773,7.3
5.011,-0.2093,-0.0038,-0.7215,-0.0525,7.5
5.012,-0.1635,-0.003,-0.6585,-0.0338,7.7
5.013,-0.1335,0.0015,-0.507,-0.0158,7.8
5.014,-0.0443,0.0007,-0.2115,0.0022,8.1
5.015,0.1492,0.0007,0.1447,0.0045,8.0
5.016,0.1627,0.003,0.4995,0.0007,8.4
5.017,-0.054,0.0037,0.8692,0.0052,8.2
5.018,-0.0645,0.0052,1.1902,0.006,8.5
5.019,-0.0495,0.0082,1.446,0.0127,8.6
5.02,-0.0091,0.0172,1.65,0.0022,8.6
5.021,0.1147,0.0292,1.788,-0.0113,8.8
5.022,0.141,0.0367,1.8675,-0.0203,8.8
5.023,0.1642,0.0292,1.7745,-0.0278,8.9
5.024,0.0765,0.0127,1.6207,-0.021,9.1
5.025,-0.0128,-0.0015,1.482,0.0,9.3
5.026,-0.0713,-0.0083,1.3147,0.009,9.3
5.027,-0.0983,-0.0068,1.0875,-0.0038,9.2
5.028,-0.078,-0.0038,0.8602,0.0127,9.1
5.029,-0.0683,-0.006,0.6,0.0622,9.5
5.03,-0.027,-0.0098,0.348,0.0742,9.4
5.031,-0.0278,-0.0068,0.1155,0.0345,9.6
5.032,-0.0218,-0.0083,-0.0706,0.0015,9.5
5.033,-0.0181,-0.012,-0.18,-0.012,9.5
5.034,-0.015,-0.0135,-0.2655,0.0,9.8
5.035,-0.012,-0.0098,-0.3615,0.0172,9.7
5.036,-0.015,-0.0046,-0.4455,0.006,9.9
5.037,0.0142,-0.0015,-0.492,0.0127,9.9
5.038,0.0412,-0.0038,-0.5333,0.0015,10.0
5.039,0.087,-0.0046,-0.546,-0.0368,9.9
5.04,0.1177,0.0,-0.534,-0.0638,10.1
5.041,0.135,0.0,-0.4965,-0.057,10.1
5.042,0.1432,0.0007,-0.4365,-0.0165,10.3
5.043,0.135,0.0007,-0.39,-0.0075,10.3
5.044,0.1237,-0.0008,-0.3473,-0.0091,10.3
5.045,0.1087,-0.003,-0.2836,-0.0083,10.3
5.046,0.09,-0.0068,-0.1995,-0.0046,10.3
5.047,0.0615,-0.0068,-0.1215,-0.0188,10.3
5.048,0.036,-0.006,-0.0488,-0.0398,10.3
5.049,-0.0015,-0.0075,0.0157,-0.003,10.6
5.05,-0.0128,-0.0075,0.0765,0.0112,10.3
5.051,-0.0008,-0.0075,0.1267,0.0217,10.4
5.052,-0.0053,-0.0113,0.1807,0.0367,10.4
5.053,0.006,-0.0091,0.2257,0.024,10.4
5.054,0.0195,-0.0068,0.2415,0.0247,10.4
5.055,0.0457,-0.0046,0.24,0.0172,10.3
5.056,0.0832,0.0007,0.2032,-0.0068,10.2
5.057,0.1072,0.006,0.1755,-0.0825,10.2
5.058,0.1297,0.0052,0.1807,-0.1006,10.1
5.059,0.1365,0.0007,0.2002,-0.0525,10.3
5.06,0.1395,0.0045,0.237,-0.0968,9.9
5.061,0.147,0.003,0.2407,-0.0915,10.1
5.062,0.1335,-0.003,0.252,0.0195,10.0
5.063,0.1125,-0.0053,0.291,0.078,10.1
5.064,0.1012,-0.0083,0.2992,0.1162,10.1
5.065,0.087,-0.012,0.3105,0.1117,9.9
5.066,0.0652,-0.0128,0.3052,0.051,10.1
5.067,0.0382,-0.0105,0.2617,0.0285,10.1
5.068,-0.0165,-0.0083,0.18,0.0067,10.3
5.069,-0.0608,-0.0068,0.0937,0.0052,10.3
5.07,-0.0608,-0.0053,0.039,0.0142,10.8
5.071,-0.0533,-0.0015,0.0157,0.006,10.7
5.072,-0.0518,0.0045,0.0255,0.0195,10.5
5.073,-0.06,0.0045,0.0367,0.0157,10.9
5.074,-0.0706,-0.0023,0.0345,0.0097,11.0
5.075,-0.0691,-0.0008,-0.0083,-0.0008,10.7
5.076,-0.0653,0.0015,-0.042,0.0015,10.9
5.077,-0.0653,0.0015,-0.0706,0.0067,11.1
5.078,-0.054,0.0045,-0.105,-0.0315,11.2
5.079,-0.0323,0.0052,-0.129,-0.0158,11.6
5.08,-0.0015,0.0075,-0.1538,0.0285,11.3
5.081,0.0277,0.0067,-0.1493,0.0322,11.8
5.082,0.0457,0.0045,-0.1155,0.0165,11.8
5.083,0.0585,0.0052,-0.084,-0.0181,12.0
5.084,0.0532,0.0075,-0.0765,-0.0218,12.1
5.085,0.0427,0.009,-0.0728,-0.0105,12.1
5.086,0.039,0.0082,-0.0668,-0.0091,12.4
5.087,0.0517,0.009,-0.066,-0.0015,12.4
5.088,0.0712,0.0105,-0.0968,0.003,12.6
5.089,0.0637,0.0082,-0.1613,0.0045,12.8
5.09,0.0667,0.009,-0.2505,0.0007,12.9
5.091,0.0675,0.0097,-0.366,-0.0008,13.3
5.092,0.0675,0.009,-0.4538,-0.0008,13.4
5.093,0.0502,0.009,-0.5198,-0.0015,13.3
5.094,-0.0046,0.0082,-0.5731,-0.0053,13.6
5.095,-0.0511,0.006,-0.6203,-0.0143,13.5
5.096,-0.0818,0.0037,-0.6765,-0.0128,14.1
5.097,-0.1043,0.003,-0.6863,-0.0075,14.0
5.098,-0.1238,0.006,-0.651,-0.0113,14.1
5.099,-0.12,0.0082,-0.6188,-0.0075,14.4
5.1,-0.0975,0.0075,-0.5798,0.0007,14.3
5.101,-0.0488,0.0082,-0.5213,0.0022,14.7
5.102,-0.0128,0.0052,-0.4725,0.0007,14.4
5.103,-0.0015,0.003,-0.441,-0.0008,14.8
5.104,0.0292,0.0045,-0.4148,0.0082,14.9
5.105,0.0277,0.0007,-0.414,0.012,14.9
5.106,0.0202,-0.0008,-0.4103,0.0165,15.0
5.107,0.0345,-0.0046,-0.3765,0.006,15.0
5.108,0.054,-0.0083,-0.3406,-0.0091,15.0
5.109,0.0427,-0.0113,-0.306,-0.0405,15.3
5.11,0.0045,-0.0083,-0.2633,-0.0795,15.2
5.111,-0.0015,0.0,-0.2288,-0.0195,15.3
5.112,0.015,-0.0015,-0.2033,0.0427,15.4
5.113,0.0592,-0.0053,-0.1763,0.0517,15.3
5.114,0.1252,-0.006,-0.1365,0.0405,15.6
5.115,0.2032,-0.003,-0.084,0.009,15.3
5.116,0.2707,-0.0038,-0.0443,0.009,15.7
5.117,0.2767,-0.006,-0.027,-0.003,15.6
5.118,0.2497,-0.0015,-0.0181,0.0022,15.9
5.119,0.1897,-0.0015,0.0225,0.0037,15.8
5.12,0.0982,-0.0015,0.0712,-0.0038,15.7
5.121,0.0442,-0.0008,0.1035,0.0022,15.8
5.122,0.0232,0.0015,0.1192,-0.006,15.8
5.123,-0.0128,0.0015,0.1155,-0.0008,15.7
5.124,-0.0458,0.0007,0.1327,-0.0053,15.8
5.125,-0.0578,0.0007,0.1785,-0.0038,15.8
5.126,-0.0706,0.0,0.2197,-0.003,16.1
5.127,-0.0938,-0.0008,0.2497,-0.0053,16.1
5.128,-0.1073,-0.0015,0.2857,0.0,16.2
5.129,-0.099,0.0007,0.309,-0.003,16.2
5.13,-0.0983,-0.0008,0.3217,0.0007,16.3
5.131,-0.0968,0.0,0.3217,-0.003,16.3
5.132,-0.0863,-0.0015,0.3067,-0.0068,16.4
5.133,-0.0706,-0.003,0.2827,-0.0068,16.5
5.134,-0.0608,-0.003,0.2505,-0.0083,16.3
5.135,-0.063,-0.0053,0.2332,-0.0105,16.6
5.136,-0.0503,-0.003,0.2422,-0.0128,16.5
5.137,-0.027,-0.0046,0.2647,-0.0083,16.6
5.138,0.0022,-0.0053,0.276,-0.006,16.5
5.139,0.0232,-0.0053,0.2857,-0.006,16.8
5.14,0.0457,-0.0023,0.2857,-0.006,16.6
5.141,0.054,0.0,0.2625,-0.0053,16.8
5.142,0.0405,-0.0008,0.2257,-0.003,16.8
5.143,0.0352,-0.0008,0.2047,-0.0046,16.6
5.144,0.039,-0.0053,0.192,-0.0068,16.7
5.145,0.0457,-0.0046,0.162,-0.0068,16.6
5.146,0.042,-0.0046,0.1357,-0.006,16.8
5.147,0.033,-0.0053,0.1185,-0.0053,16.6
5.148,0.0217,-0.006,0.1072,-0.006,16.7
5.149,0.0015,-0.0091,0.1005,-0.0075,16.6
5.15,-0.0188,-0.0083,0.093,-0.0046,16.7
5.151,-0.033,-0.003,0.0817,-0.0015,16.5
5.152,-0.0383,0.0022,0.0705,0.0015,16.5
5.153,-0.0443,0.0045,0.0615,0.0022,16.6
5.154,-0.0465,0.0045,0.06,0.0022,16.5
5.155,-0.0488,0.0007,0.0592,-0.0008,16.3
5.156,-0.0578,-0.0008,0.0547,-0.0015,16.5
5.157,-0.0638,0.0007,0.066,0.0015,16.4
5.158,-0.0728,-0.0008,0.0705,0.0142,16.5
5.159,-0.0893,-0.0008,0.0705,0.0255,16.4
5.16,-0.105,-0.0008,0.0735,0.0127,16.2
5.161,-0.105,0.0007,0.0667,0.0082,16.4
5.162,-0.0765,0.0015,0.063,0.009,16.3
5.163,-0.0608,0.0,0.057,0.0045,16.2
5.164,-0.0668,0.0007,0.0577,0.009,16.2
5.165,-0.0638,0.0007,0.0622,0.0082,16.2
5.166,-0.0698,0.0015,0.0555,0.0082,16.2
5.167,-0.0713,0.0007,0.048,0.0082,16.3
5.168,-0.0638,-0.0038,0.0487,0.0112,16.2
5.169,-0.0555,-0.0053,0.0345,0.0187,16.2
5.17,-0.0368,-0.0046,0.0232,0.0202,16.2
5.171,-0.0233,-0.0023,0.0217,0.021,16.2
5.172,-0.015,-0.003,0.0082,0.0225,16.2
5.173,-0.0053,-0.0053,-0.0068,0.0165,16.2
5.174,0.0105,-0.0038,-0.0195,-0.0143,16.1
5.175,0.024,-0.003,-0.0188,-0.0428,16.1
5.176,0.0315,0.0022,-0.0083,-0.0278,16.2
5.177,0.036,0.0052,0.0217,-0.0068,16.2
5.178,0.0345,0.003,0.048,-0.0008,16.1
5.179,0.033,0.0007,0.033,0.0022,16.2
5.18,0.027,-0.0046,0.006,-0.0015,15.9
5.181,0.0142,-0.006,-0.0091,-0.0038,16.1
5.182,0.018,-0.006,-0.0181,-0.006,16.0
5.183,0.0142,-0.0046,-0.024,-0.0091,16.0
5.184,0.0045,-0.003,-0.0128,-0.0105,16.1
5.185,0.0015,0.0,-0.0008,-0.0068,16.1
5.186,-0.0046,0.0045,-0.006,-0.0008,16.0
5.187,-0.0113,0.0037,-0.0038,-0.0083,16.2
5.188,-0.0053,0.0,-0.0008,-0.0128,16.1
5.189,0.0007,-0.0008,-0.0008,-0.0068,16.2
5.19,0.003,-0.0008,-0.0023,-0.003,16.1
5.191,0.0127,-0.0023,-0.0046,-0.0068,16.4
5.192,0.0165,-0.0046,-0.0015,-0.0046,16.1
5.193,0.012,-0.0068,-0.0023,-0.0008,16.2
5.194,0.0007,-0.003,-0.0008,-0.0023,16.1
5.195,0.0,-0.0038,-0.0098,0.0015,15.9
5.196,0.0067,-0.003,-0.03,-0.0015,16.1
5.197,0.0067,-0.0023,-0.0398,0.0007,16.1
5.198,0.0165,-0.0023,-0.0503,0.0052,16.1
5.199,0.0307,0.0007,-0.0706,0.0052,16.0
5.2,0.033,0.0045,-0.0893,0.009,16.1
5.201,0.0255,0.0022,-0.1028,0.0105,16.2
5.202,0.0127,-0.0015,-0.1043,0.0142,16.0
5.203,0.0127,-0.0008,-0.1013,0.0075,15.8
5.204,0.0172,0.0007,-0.1035,-0.0053,16.1
5.205,0.009,0.0022,-0.0915,-0.0091,15.7
5.206,0.0097,0.0015,-0.0743,0.0105,15.8
5.207,0.0157,0.0022,-0.0743,0.0105,15.8
5.208,0.0217,0.003,-0.0818,-0.0008,15.7
5.209,0.033,0.003,-0.093,0.009,15.9
5.21,0.0345,0.0015,-0.0848,0.0037,15.6
5.211,0.0315,0.0007,-0.063,0.0135,15.8
5.212,0.0277,-0.0008,-0.0488,0.0112,15.7
5.213,0.033,-0.0015,-0.0383,0.0015,15.6
5.214,0.0367,-0.0008,-0.03,-0.0015,15.6
5.215,0.033,-0.0015,-0.0173,-0.027,15.6
5.216,0.0232,0.0007,-0.0105,-0.033,15.6
5.217,0.0052,-0.0008,-0.0128,-0.015,15.7
5.218,-0.0053,0.0007,-0.0068,0.0007,15.7
5.219,0.0,0.0007,0.0015,-0.0105,15.7
5.22,0.009,-0.0015,0.0105,-0.0278,15.6
5.221,0.0187,-0.0068,0.0255,-0.027,15.7
5.222,0.0225,-0.0083,0.0405,-0.024,15.7
5.223,0.0202,-0.0008,0.0465,-0.0256,15.7
5.224,0.0217,-0.0008,0.045,-0.0113,15.8
5.225,0.0195,-0.0023,0.0427,0.0262,15.7
5.226,0.015,-0.0046,0.042,0.0607,15.7
5.227,0.0037,-0.0053,0.0382,0.0465,15.8
5.228,-0.012,-0.003,0.0382,0.0195,15.8
5.229,-0.0128,-0.003,0.039,0.0172,15.7
5.23,-0.0023,-0.0008,0.039,-0.0023,15.5
5.231,0.0045,0.0,0.0352,-0.0105,15.7
5.232,0.003,0.0022,0.0307,-0.0143,15.8
5.233,-0.0038,0.003,0.0232,-0.0113,15.7
5.234,-0.0181,0.0045,0.0157,-0.0023,15.7
5.235,-0.0323,0.0045,0.0127,0.0015,15.6
5.236,-0.039,0.003,0.0105,0.0112,15.7
5.237,-0.0383,-0.0008,0.0075,0.0142,15.6
5.238,-0.0293,-0.0023,0.0067,0.0262,15.5
5.239,-0.0158,-0.0046,0.0052,0.0195,15.6
5.24,-0.0098,-0.006,-0.0015,0.0135,15.5
5.241,0.0,-0.0053,-0.0053,0.006,15.5
5.242,0.0165,-0.0053,-0.0046,-0.0173,15.4
5.243,0.021,-0.0015,-0.006,-0.0645,15.3
5.244,0.024,0.0,-0.0023,-0.1013,15.3
5.245,0.0202,0.0015,0.0015,-0.0346,15.3
5.246,0.012,-0.0008,0.0045,0.0105,15.4
5.247,0.0142,-0.0015,0.009,0.0135,15.3
5.248,0.012,0.0045,0.009,0.0315,15.4
5.249,0.0082,0.0037,0.009,0.0105,15.3
5.25,0.003,0.0015,0.0082,0.0075,15.3
5.251,-0.0015,0.0015,0.0082,0.0105,15.1
5.252,-0.0038,0.0015,0.0097,0.0052,15.1
5.253,-0.006,0.0007,0.0097,0.0105,15.0
5.254,-0.012,-0.0015,0.012,0.0045,15.1
5.255,-0.0203,0.0007,0.0165,0.0142,14.9
5.256,-0.0218,0.003,0.0217,0.0217,15.0
5.257,-0.0158,0.0045,0.0255,0.0165,14.8
5.258,-0.0105,0.0075,0.027,-0.0023,14.8
5.259,-0.012,0.0067,0.024,-0.0315,14.7
5.26,-0.012,0.0045,0.021,-0.0428,14.6
5.261,-0.0091,0.0,0.0247,-0.0458,14.6
5.262,-0.0038,0.0015,0.0307,-0.0158,14.5
5.263,0.0015,0.0007,0.0322,0.021,14.6
5.264,0.0037,0.0022,0.0307,0.0577,14.6
5.265,0.009,0.0,0.0232,0.069,14.4
5.266,0.0052,-0.0046,0.012,0.024,14.4
5.267,-0.0091,-0.003,0.0007,-0.003,14.4
5.268,-0.0248,-0.0046,-0.0113,-0.0353,14.2
5.269,-0.033,-0.003,-0.0218,-0.0375,14.4
5.27,-0.0323,-0.003,-0.0195,-0.0098,14.1
5.271,-0.0315,-0.0023,-0.0135,-0.0091,14.1
5.272,-0.0195,-0.003,-0.0083,0.0082,13.9
5.273,-0.0068,0.0007,-0.0098,0.0045,14.0
5.274,-0.003,0.003,-0.0158,0.0045,14.0
5.275,-0.0038,0.0007,-0.0143,0.0067,13.5
5.276,-0.0113,0.0007,-0.0128,-0.0008,14.0
5.277,-0.0165,-0.0015,-0.0165,0.0015,13.9
5.278,-0.0165,0.0007,-0.0256,-0.0015,13.6
5.279,-0.0203,-0.0015,-0.0315,0.003,13.8
5.28,-0.0218,-0.0023,-0.0353,0.003,13.5
5.281,-0.0218,-0.0008,-0.0346,0.003,13.5
5.282,-0.021,-0.003,-0.0278,0.0045,13.6
5.283,-0.0233,-0.0053,-0.0263,0.0022,13.3
5.284,-0.03,-0.0068,-0.033,0.003,13.5
5.285,-0.033,-0.0053,-0.0428,-0.0015,13.3
5.286,-0.0315,-0.0046,-0.048,-0.0008,13.3
5.287,-0.0256,-0.0038,-0.0473,-0.0023,13.2
5.288,-0.0195,-0.006,-0.0428,-0.003,12.9
5.289,-0.0113,-0.0046,-0.0338,-0.006,13.2
5.29,-0.0015,-0.0023,-0.0233,-0.0091,12.8
5.291,0.0045,0.0007,-0.0165,-0.0053,13.0
5.292,0.0082,0.0015,-0.012,-0.0068,12.8
5.293,0.0127,0.0007,-0.0075,-0.0105,12.7
5.294,0.0135,-0.0008,-0.003,-0.0053,13.0
5.295,0.0127,-0.0008,-0.003,0.0195,12.6
5.296,0.0165,-0.0008,-0.003,0.027,12.7
5.297,0.0195,-0.0046,-0.0068,0.0082,12.4
5.298,0.009,-0.0038,-0.0083,0.0067,12.4
5.299,0.0007,-0.003,0.0,0.0045,12.2
5.3,0.0007,-0.003,0.0105,-0.0046,12.4
5.301,0.0105,0.0,0.0255,-0.0128,12.4
5.302,0.027,0.0015,0.033,-0.0218,12.3
5.303,0.0322,0.0007,0.0255,-0.0083,12.1
5.304,0.0322,-0.0023,0.018,-0.003,12.1
5.305,0.0307,-0.0008,0.0157,-0.0023,12.1
5.306,0.0255,0.0015,0.0127,-0.0008,12.1
5.307,0.021,0.0015,0.0142,-0.0015,11.9
5.308,0.0165,0.0015,0.0165,0.0007,11.7
5.309,0.0172,0.0015,0.0157,-0.0015,11.8
5.31,0.0165,0.0015,0.009,0.003,11.8
5.311,0.0135,0.0007,0.003,0.0045,11.8
5.312,0.009,0.0007,-0.003,0.0037,11.6
5.313,0.0052,0.0007,-0.0091,0.0052,11.4
5.314,0.0015,0.0015,-0.0128,0.003,11.4
5.315,-0.0023,0.0015,-0.0158,0.0015,11.3
5.316,-0.0023,-0.0015,-0.0158,-0.0015,11.1
5.317,0.0015,-0.0015,-0.0128,-0.0008,11.2
5.318,0.0067,-0.0008,-0.0008,0.0015,11.1
5.319,0.0052,-0.0008,0.009,0.0067,11.3
5.32,0.0007,0.0007,0.0075,0.0142,10.9
5.321,-0.0008,-0.0023,0.003,0.009,11.1
5.322,0.0015,-0.0008,0.003,-0.0158,10.9
5.323,0.003,-0.003,0.0045,-0.039,10.8
5.324,0.0045,-0.006,0.0045,-0.039,10.7
5.325,0.006,-0.0068,0.0045,-0.0436,10.7
5.326,0.0052,-0.0038,0.003,-0.027,10.7
5.327,0.0052,0.0015,0.0052,0.0435,10.5
5.328,0.0105,-0.0008,0.0105,0.0622,10.4
5.329,0.0097,0.0045,0.0105,0.0202,10.4
5.33,0.0082,0.0067,0.0112,-0.0053,10.4
5.331,0.0075,0.0045,0.0082,-0.0135,10.3
5.332,0.0045,0.006,0.0052,-0.0143,10.4
5.333,0.0015,0.0067,0.0052,-0.006,10.1
5.334,0.0022,0.012,0.0045,-0.0091,10.2
5.335,0.0045,0.0127,0.0045,0.0,10.1
5.336,0.0037,0.0067,0.0045,0.009,10.0
5.337,0.0022,-0.003,0.0022,-0.015,9.9
5.338,-0.0015,-0.0068,-0.0038,-0.0046,9.6
5.339,-0.0015,-0.0105,-0.0098,0.0532,9.9
5.34,-0.0015,-0.021,-0.0128,0.0885,9.6
5.341,-0.003,-0.0263,-0.0158,0.0075,9.6
5.342,-0.0053,-0.0105,-0.0135,-0.066,9.5
5.343,-0.0091,0.009,-0.0091,-0.0053,9.5
5.344,-0.0113,0.009,-0.0098,0.027,9.4
5.345,-0.0105,0.0082,-0.015,0.012,9.3
5.346,-0.0083,0.0052,-0.0173,-0.0023,9.4
5.347,-0.0091,0.0082,-0.0128,-0.0135,9.1
5.348,-0.0128,0.006,-0.0128,-0.006,9.0
5.349,-0.0128,0.0,-0.0143,-0.0256,9.1
5.35,-0.012,-0.0008,-0.0158,-0.0135,9.0
5.351,-0.0128,-0.0023,-0.0195,0.0397,9.0
5.352,-0.0128,-0.0008,-0.0173,0.009,9.0
5.353,-0.0113,0.0,-0.0158,-0.03,8.8
5.354,-0.0128,-0.0015,-0.015,-0.0068,8.9
5.355,-0.0135,-0.0008,-0.012,-0.0143,8.6
5.356,-0.0143,-0.0023,-0.012,-0.0046,8.7
5.357,-0.0165,-0.0075,-0.0128,0.0172,8.7
5.358,-0.0188,-0.0083,-0.0143,0.0105,8.4
5.359,-0.0173,-0.003,-0.0165,0.0067,8.5
5.36,-0.0128,0.0007,-0.0135,-0.0015,8.4
5.361,-0.0091,0.003,-0.0128,-0.0068,8.4
5.362,-0.006,0.0015,-0.0158,-0.0105,8.3
5.363,-0.0075,0.0007,-0.0165,0.0007,8.1
5.364,-0.0068,0.0,-0.0173,0.0075,8.4
5.365,-0.012,0.0007,-0.0165,0.0045,8.2
5.366,-0.0278,0.0,-0.0188,0.0082,8.0
5.367,-0.0398,-0.0008,-0.0195,0.0015,8.1
5.368,-0.0436,-0.0008,-0.012,0.0015,7.9
5.369,-0.0308,-0.0008,0.0007,0.0,8.1
5.37,-0.0075,0.0007,0.0112,-0.0023,7.9
5.371,0.003,-0.0008,0.0105,-0.0008,7.9
5.372,0.009,-0.003,0.0075,0.0165,8.0
5.373,0.0067,-0.0046,0.0067,0.0255,7.7
5.374,0.0007,-0.0046,0.006,0.0015,7.7
5.375,-0.0015,-0.003,0.0045,-0.0173,7.6
5.376,-0.0038,-0.0008,0.0045,-0.0256,7.7
5.377,0.0007,0.003,0.0015,-0.039,7.6
5.378,0.0007,0.0022,-0.0008,-0.0458,7.6
5.379,-0.0023,-0.0015,-0.0046,-0.0083,7.6
5.38,0.0015,-0.003,-0.006,0.0007,7.3
5.381,0.0022,-0.003,-0.0083,-0.0083,7.3
5.382,-0.0075,-0.0015,-0.0195,0.0082,7.2
5.383,-0.0218,0.0015,-0.0248,0.0015,7.1
5.384,-0.0203,0.0045,-0.0195,0.0112,7.4
5.385,-0.0135,0.0015,-0.0158,0.009,7.0
5.386,-0.006,0.0007,-0.012,0.0075,7.2
5.387,0.0052,-0.0008,-0.0015,0.0105,7.1
5.388,0.012,-0.0008,0.0007,0.0045,7.1
5.389,0.0135,0.0,-0.0038,0.0105,7.0
5.39,0.0127,0.0,-0.0053,0.006,6.8
5.391,0.0142,0.0015,-0.0083,0.0082,7.0
5.392,0.0142,0.0015,-0.0068,0.0067,6.9
5.393,0.012,0.0,-0.003,0.0037,7.0
5.394,0.0082,0.0007,0.003,0.0,7.0
5.395,0.012,-0.0023,0.0037,-0.0015,6.8
5.396,0.015,-0.0038,0.0007,0.003,6.7
5.397,0.0097,-0.0015,0.0,0.0007,6.7
5.398,0.003,-0.003,-0.0015,0.0015,6.7
5.399,0.0,-0.003,-0.0038,0.0,6.7
5.4,0.006,-0.003,-0.003,0.0022,6.7
5.401,0.0105,-0.003,-0.0038,0.0007,6.6
5.402,0.0187,-0.0015,-0.0075,-0.003,6.5
5.403,0.0277,-0.0046,-0.0091,-0.0038,6.3
5.404,0.0292,-0.0053,-0.0158,-0.0046,6.7
5.405,0.0232,-0.003,-0.0188,-0.003,6.3
5.406,0.0142,-0.003,-0.0165,-0.003,6.4
5.407,0.0157,-0.0046,-0.012,0.0007,6.3
5.408,0.0202,-0.003,-0.0046,0.0007,6.4
5.409,0.0232,0.0007,0.0067,0.0007,6.3
5.41,0.0315,0.0007,0.0202,-0.0023,6.4
5.411,0.0345,-0.0015,0.0262,-0.0038,6.3
5.412,0.033,-0.0008,0.0255,-0.003,6.4
5.413,0.0292,-0.0015,0.0217,-0.0046,6.2
5.414,0.0172,-0.0008,0.015,-0.0023,6.2
5.415,-0.0181,0.0,0.0067,-0.003,6.1
5.416,-0.0758,-0.0015,0.0007,-0.003,6.2
5.417,-0.0825,-0.003,-0.0098,-0.003,6.2
5.418,-0.0443,-0.0023,-0.0165,-0.003,6.0
5.419,-0.039,-0.0015,-0.0128,-0.0008,6.2
5.42,-0.0458,-0.0015,-0.003,-0.0015,6.1
5.421,-0.0511,0.0007,-0.0091,-0.0008,6.2
5.422,-0.054,0.003,-0.039,0.0007,6.1
5.423,-0.0503,0.0022,-0.0908,-0.0008,6.0
5.424,-0.042,0.0022,-0.1508,-0.0038,6.1
5.425,-0.0188,0.0022,-0.1868,0.0045,6.0
5.426,0.0007,0.0007,-0.1868,0.0135,6.1
5.427,0.0187,0.0015,-0.1523,0.012,6.0
5.428,0.0315,0.0022,-0.0945,0.012,5.8
5.429,0.0405,0.0022,-0.0353,0.0097,5.9
5.43,0.0577,0.0007,0.0232,-0.0135,5.9
5.431,0.0697,0.0007,0.084,-0.0091,5.8
5.432,0.0817,0.0037,0.1515,0.021,6.0
5.433,0.1042,0.0045,0.2182,0.0277,5.8
5.434,0.1372,0.0067,0.279,0.0232,6.1
5.435,0.1627,0.003,0.324,0.012,5.8
5.436,0.159,0.0007,0.3465,-0.012,5.8
5.437,0.1335,0.0015,0.3532,-0.0668,5.8
5.438,0.144,0.0007,0.339,-0.0803,5.7
5.439,0.1515,-0.0046,0.3127,-0.0195,5.9
5.44,0.138,-0.0075,0.282,0.0015,5.6
5.441,0.1222,-0.0068,0.2482,0.0015,5.6
5.442,0.087,-0.0046,0.2145,0.0142,5.7
5.443,0.0502,-0.003,0.1942,-0.006,5.6
5.444,-0.0008,-0.0015,0.2235,-0.0053,5.8
5.445,-0.0398,0.0007,0.2962,0.0075,5.8
5.446,-0.0713,0.0015,0.3877,0.0045,5.6
5.447,-0.1043,0.0007,0.4822,0.0082,5.6
5.448,-0.1193,-0.0015,0.5752,0.003,5.5
5.449,-0.1305,-0.0015,0.6585,0.0052,5.6
5.45,-0.135,0.0015,0.696,0.0067,5.5
5.451,-0.1238,0.0037,0.6607,0.0045,5.5
5.452,-0.1043,0.0022,0.546,0.0045,5.6
5.453,-0.0938,0.0007,0.3727,0.0015,5.5
5.454,-0.0788,0.003,0.1897,0.0052,5.6
5.455,-0.0578,0.003,0.0082,0.0037,5.3
5.456,-0.0405,0.0007,-0.1688,0.003,5.4
5.457,-0.024,-0.003,-0.3233,0.0112,5.4
5.458,0.0,-0.006,-0.4478,0.0217,5.5
5.459,0.0225,-0.0083,-0.5415,0.009,5.4
5.46,0.0232,-0.0068,-0.6098,-0.0053,5.4
5.461,0.0052,-0.0046,-0.6593,-0.0008,5.3
5.462,-0.0256,-0.0023,-0.6908,-0.0008,5.6
5.463,-0.0615,-0.0008,-0.7035,-0.0008,5.3
5.464,-0.0915,-0.0008,-0.6991,-0.012,5.5
5.465,-0.1028,0.0007,-0.6788,-0.0218,5.4
5.466,-0.0878,-0.0015,-0.6488,-0.0143,5.5
5.467,-0.0548,0.0007,-0.6045,-0.0015,5.4
5.468,-0.0165,0.0015,-0.5528,0.0217,5.3
5.469,0.0105,-0.0015,-0.495,0.039,5.5
5.47,0.0142,-0.003,-0.4365,0.0217,5.2
5.471,0.006,-0.003,-0.3765,-0.0083,5.6
5.472,0.015,-0.0008,-0.3135,-0.0046,5.4
5.473,0.024,0.0,-0.2543,-0.0083,5.4
5.474,0.018,0.0007,-0.2026,-0.012,5.4
5.475,0.0195,0.0007,-0.1508,0.0,5.5
5.476,0.0195,0.0007,-0.105,-0.0046,5.5
5.477,0.021,-0.0015,-0.0683,-0.0015,5.4
5.478,0.0217,0.0,-0.039,-0.003,5.3
5.479,0.0232,-0.0008,-0.024,-0.0053,5.4
5.48,0.0247,-0.0008,-0.0181,-0.003,5.3
5.481,0.024,0.0015,-0.0218,-0.0053,5.3
5.482,0.018,0.0007,-0.033,-0.0015,5.3
5.483,0.0165,0.0,-0.0443,-0.0053,5.3
5.484,0.0195,-0.003,-0.0518,-0.0046,5.5
5.485,0.018,-0.0046,-0.0548,-0.0038,5.3
5.486,0.0172,-0.0015,-0.0518,-0.0053,5.4
5.487,0.0187,0.0007,-0.0443,-0.003,5.3
5.488,0.0225,0.0015,-0.033,-0.003,5.4
5.489,0.0225,0.0007,-0.0158,-0.0015,5.3
5.49,0.024,0.003,0.0045,0.0015,5.3
5.491,0.021,0.0022,0.024,0.0105,5.2
5.492,0.0157,0.0037,0.0457,0.0157,5.3
5.493,0.0165,0.0015,0.0637,0.0135,5.3
5.494,0.0135,-0.0008,0.0765,0.0135,5.4
5.495,0.009,0.0,0.0862,-0.0046,5.2
5.496,0.0,-0.0015,0.0877,-0.0488,5.4
5.497,-0.0091,-0.0015,0.0862,-0.0518,5.2
5.498,-0.0105,-0.003,0.0915,-0.0068,5.2
5.499,-0.0091,-0.0015,0.1012,-0.0015,5.3
5.5,0.0,-0.0015,0.1125,0.0015,5.2
5.501,0.0127,0.0,0.1185,0.003,5.2
5.502,0.0142,0.0045,0.1185,-0.0038,5.1
5.503,0.0127,0.0045,0.126,0.0165,5.3
5.504,0.0142,0.003,0.135,0.0247,5.1
5.505,0.0127,0.0045,0.141,0.0277,5.2
5.506,0.0082,0.003,0.1447,0.0135,5.0
5.507,0.0082,-0.0038,0.1455,-0.0278,5.1
5.508,0.0142,-0.0083,0.1537,-0.0608,5.2
5.509,0.0225,-0.0008,0.162,-0.0533,5.1
5.51,0.0277,0.003,0.1695,-0.0218,5.0
5.511,0.0255,-0.0015,0.1702,0.0082,5.2
5.512,0.0172,0.0007,0.1665,0.0442,4.9
5.513,0.0105,-0.0008,0.1582,0.0787,5.2
5.514,0.009,-0.0053,0.1485,0.0847,5.0
5.515,0.009,-0.0083,0.1387,0.0345,5.0
5.516,0.0105,-0.0158,0.1267,0.0015,5.1
5.517,0.0052,-0.0165,0.1177,0.0127,4.9
5.518,-0.003,-0.0128,0.1042,0.0157,5.1
5.519,-0.0038,-0.0053,0.0937,-0.0068,4.9
5.52,-0.0008,0.0045,0.0877,-0.0638,5.0
5.521,0.0052,0.0105,0.081,-0.0398,5.0
5.522,0.0037,0.0037,0.0765,0.0127,5.0
5.523,-0.0091,-0.0068,0.0705,-0.012,4.9
5.524,-0.0165,-0.003,0.0652,0.003,4.9
5.525,-0.0233,0.009,0.0615,0.0007,4.8
5.526,-0.024,0.0172,0.0615,-0.0638,5.0
5.527,-0.0181,0.0157,0.063,-0.054,4.9
5.528,-0.0165,0.0052,0.0652,-0.0046,5.0
5.529,-0.0158,-0.0023,0.0637,0.0165,5.0
5.53,-0.0173,-0.0053,0.0585,0.0472,5.0
5.531,-0.0195,-0.0046,0.0577,0.0367,5.2
5.532,-0.0188,-0.0015,0.0592,-0.0113,4.9
5.533,-0.0181,-0.0053,0.0622,-0.0285,5.2
5.534,-0.0203,-0.0083,0.0615,-0.0128,5.0
5.535,-0.0256,-0.0091,0.06,0.0195,5.0
5.536,-0.027,-0.0038,0.0592,0.0457,5.0
5.537,-0.0278,0.0045,0.057,0.0615,5.0
5.538,-0.0248,0.0007,0.0547,0.0337,5.0
5.539,-0.0203,0.003,0.0555,-0.0225,5.2
5.54,-0.0165,0.0097,0.0607,-0.048,5.0
5.541,-0.0143,0.0097,0.0577,-0.0346,5.0
5.542,-0.0165,0.012,0.0457,-0.0128,4.9
5.543,-0.015,0.0135,0.0345,-0.0143,5.1
5.544,-0.0158,0.0105,0.0232,-0.0053,4.9
5.545,-0.012,0.0022,0.0165,0.009,5.1
5.546,-0.0105,-0.0053,0.0105,0.015,5.0
5.547,-0.0083,-0.0105,0.0067,0.0105,5.0
5.548,-0.0046,-0.0135,0.0045,-0.0023,5.1
5.549,-0.0038,-0.0143,0.0015,-0.0015,5.0
5.55,0.0007,-0.0135,-0.003,-0.0091,5.1
5.551,0.0,-0.0053,-0.0068,-0.0165,4.9
5.552,-0.0015,0.006,-0.0091,-0.0091,4.9
5.553,-0.0053,0.0127,-0.0203,0.0015,4.9
5.554,-0.0075,0.0067,-0.0338,0.0052,4.9
5.555,-0.0046,-0.0008,-0.0465,0.0082,4.9
5.556,-0.0053,-0.003,-0.063,0.0082,5.1
5.557,-0.0046,-0.003,-0.078,0.012,4.8
5.558,-0.0015,-0.0046,-0.0856,0.0232,5.0
5.559,0.0067,-0.0053,-0.0938,0.0307,5.1
5.56,0.0097,-0.0068,-0.1013,0.0307,5.0
5.561,0.0142,-0.0068,-0.1095,0.0285,5.0
5.562,0.0165,-0.0053,-0.1163,0.009,4.9
5.563,0.0112,-0.0053,-0.1155,-0.0361,5.3
5.564,0.0105,-0.0046,-0.1163,-0.0428,5.0
5.565,0.0157,-0.0068,-0.1215,-0.006,5.0
5.566,0.0195,-0.003,-0.1238,-0.003,5.1
5.567,0.0127,-0.0015,-0.1253,0.0015,5.1
5.568,-0.0015,-0.0046,-0.1223,0.0067,5.0
5.569,-0.0105,-0.0053,-0.1155,-0.0015,5.1
5.57,0.0,-0.0046,-0.1021,0.0045,5.1
5.571,0.0052,-0.003,-0.0915,-0.0015,5.1
5.572,0.0007,-0.0015,-0.0818,0.0007,5.1
5.573,0.003,-0.0008,-0.0691,0.0007,5.2
5.574,0.003,-0.0008,-0.054,-0.0008,4.9
5.575,0.0067,0.0,-0.0443,0.003,5.1
5.576,0.0052,0.0015,-0.0398,-0.0015,5.3
5.577,-0.003,0.0007,-0.0398,0.0022,5.1
5.578,-0.0015,-0.0008,-0.0405,0.0045,5.4
5.579,0.0045,-0.0015,-0.0383,0.0052,5.1
5.58,0.009,-0.003,-0.0346,-0.003,5.5
5.581,0.0142,-0.0023,-0.0285,-0.0053,5.2
5.582,0.018,-0.0053,-0.0203,-0.0023,5.3
5.583,0.0142,-0.0083,-0.0256,-0.0023,5.3
5.584,0.0105,-0.006,-0.033,0.0,5.3
5.585,0.0082,-0.0053,-0.0361,0.0082,5.3
5.586,0.009,-0.0046,-0.0375,0.0142,5.4
5.587,0.009,0.0,-0.0346,-0.0008,5.2
5.588,0.0082,0.0097,-0.0285,-0.0113,5.5
5.589,0.009,0.0195,-0.024,0.0082,5.3
5.59,0.0067,0.0195,-0.0263,0.0195,5.5
5.591,0.009,0.0217,-0.0256,-0.0083,5.5
5.592,0.0127,0.0217,-0.0203,0.0037,5.5
5.593,0.0262,-0.0023,-0.0158,0.0277,5.5
5.594,0.0262,-0.0225,-0.0068,-0.0346,5.5
5.595,-0.0315,-0.0091,0.0,-0.0443,5.7
5.596,-0.1006,0.0007,0.0045,-0.0091,5.6
5.597,-0.1125,0.0,0.0052,-0.0308,5.7
5.598,-0.0713,0.0022,0.0045,-0.0383,5.7
5.599,-0.0135,0.0015,0.0015,-0.0278,5.7
5.6,0.0345,-0.0046,-0.0068,0.0037,5.7
5.601,0.0645,-0.0046,-0.0165,0.0277,5.7
5.602,0.0675,0.003,-0.021,0.0195,5.8
5.603,0.0405,0.0045,-0.0195,0.0015,5.8
5.604,-0.0068,0.0052,-0.0188,-0.0181,5.8
5.605,-0.0353,0.0082,-0.0195,-0.0091,6.0
5.606,-0.0256,0.0,-0.0173,-0.0128,5.8
5.607,-0.0023,-0.0091,-0.012,-0.0248,5.8
5.608,0.0345,-0.0091,-0.0075,0.0067,6.1
5.609,0.0712,-0.0091,-0.003,0.0352,5.9
5.61,0.0675,-0.0128,0.0052,0.0607,6.1
5.611,0.048,-0.003,0.0157,0.0277,6.0
5.612,0.0495,0.0045,0.024,-0.063,6.1
5.613,0.0405,0.003,0.027,-0.0405,6.1
5.614,0.0292,0.0037,0.0285,0.0022,6.3
5.615,0.021,-0.0008,0.0307,-0.0135,6.1
5.616,0.0052,-0.0053,0.0345,0.009,6.3
5.617,0.0015,-0.0046,0.0352,0.0082,6.3
5.618,-0.006,0.0037,0.0345,0.006,6.4
5.619,-0.0105,0.015,0.0322,0.0022,6.5
5.62,-0.012,0.0255,0.0292,-0.0105,6.6
5.621,-0.0143,0.015,0.0247,-0.0256,6.3
5.622,-0.0128,0.0007,0.0202,-0.0443,6.5
5.623,-0.0091,0.0015,0.0165,-0.0098,6.7
5.624,0.0,-0.0046,0.0135,0.0,6.6
5.625,0.0082,-0.0113,0.0067,-0.0008,6.6
5.626,0.0157,-0.0113,0.003,0.0082,6.6
5.627,0.0232,-0.0105,-0.0015,0.0045,6.8
5.628,0.024,-0.0038,-0.006,0.0135,6.7
5.629,0.0165,-0.0015,-0.0053,0.012,6.8
5.63,0.009,-0.0068,-0.0015,0.0127,6.8
5.631,0.0045,-0.0068,0.0007,0.018,6.7
5.632,-0.0008,-0.0053,0.0045,0.0277,7.0
5.633,-0.0068,-0.0105,0.0082,0.0382,7.0
5.634,-0.015,-0.012,0.012,0.0292,7.0
5.635,-0.0195,-0.0046,0.0157,0.0082,7.0
5.636,-0.0248,0.0082,0.0202,-0.0083,7.0
5.637,-0.0308,0.0112,0.0277,-0.0315,7.2
5.638,-0.0308,0.0097,0.0315,-0.06,7.0
5.639,-0.0278,0.0165,0.0315,-0.0233,7.1
5.64,-0.0338,0.0045,0.0322,-0.0008,7.2
5.641,-0.0465,-0.0046,0.033,-0.0203,7.2
5.642,-0.054,-0.0053,0.0315,-0.012,7.3
5.643,-0.06,-0.012,0.0322,-0.0046,7.2
5.644,-0.063,-0.0098,0.033,0.0067,7.3
5.645,-0.063,-0.0068,0.027,0.009,7.2
5.646,-0.0585,-0.0008,0.0285,0.012,7.4
5.647,-0.0443,0.0045,0.039,0.0135,7.6
5.648,-0.0346,0.0,0.0457,0.0082,7.4
5.649,-0.0293,-0.0015,0.0457,0.0105,7.5
5.65,-0.0195,0.0015,0.0457,0.0075,7.5
5.651,-0.0128,-0.0015,0.0457,0.0082,7.6
5.652,-0.0105,-0.003,0.0427,0.006,7.7
5.653,-0.0091,-0.0046,0.042,0.0067,7.6
5.654,-0.0068,-0.003,0.0352,0.0067,7.5
5.655,-0.0008,-0.0023,0.0292,0.0045,7.8
5.656,0.0015,-0.0046,0.024,0.0075,7.6
5.657,0.0007,-0.0015,0.0172,0.0067,7.7
5.658,-0.0046,-0.0015,0.015,0.0052,7.7
5.659,-0.0083,-0.0008,0.0082,0.0045,7.9
5.66,-0.0068,-0.0008,0.0052,0.006,7.8
5.661,0.0097,-0.0008,0.0015,0.003,8.1
5.662,0.0217,-0.0015,-0.0038,-0.0008,8.0
5.663,0.024,-0.0008,-0.0113,-0.0015,8.0
5.664,0.0315,0.0007,-0.0128,-0.003,8.0
5.665,0.042,0.0007,-0.0046,-0.0008,8.1
5.666,0.0517,0.0015,0.0052,-0.0008,8.1
5.667,0.057,-0.0023,0.009,-0.0008,8.2
5.668,0.057,0.0,0.0157,0.0,8.1
5.669,0.0555,0.0015,0.0127,0.0022,8.4
5.67,0.0525,0.0015,-0.0053,0.0022,8.3
5.671,0.0457,0.0015,-0.0075,-0.0008,8.3
5.672,0.042,0.0022,-0.012,-0.0008,8.3
5.673,0.039,0.003,-0.024,-0.0008,8.3
5.674,0.0367,0.003,-0.0248,0.0007,8.5
5.675,0.0352,0.0045,-0.015,0.0,8.3
5.676,0.0292,0.0015,0.0015,-0.0023,8.5
5.677,0.0232,0.0015,0.012,-0.003,8.6
5.678,0.0165,-0.0008,0.0187,-0.0023,8.7
5.679,0.0127,-0.0038,0.0202,-0.0015,8.7
5.68,0.012,-0.0015,0.0217,-0.0008,8.7
5.681,0.0067,-0.0038,0.0195,-0.0015,8.9
5.682,0.0007,-0.0046,0.0202,-0.0023,8.7
5.683,-0.0068,-0.0053,0.0202,-0.0038,8.8
5.684,-0.0195,0.0,0.0195,-0.0046,9.0
5.685,-0.0315,0.0015,0.018,-0.0023,8.8
5.686,-0.0383,-0.0008,0.0187,-0.0015,9.0
5.687,-0.0405,0.0037,0.0165,-0.0023,9.0
5.688,-0.0405,0.0022,0.0105,-0.0008,9.0
5.689,-0.042,-0.0008,0.0052,-0.0008,9.1
5.69,-0.0413,0.0007,-0.0008,-0.0015,9.1
5.691,-0.0361,0.0007,-0.0023,-0.0015,9.2
5.692,-0.03,0.0007,-0.0075,0.0,9.0
5.693,-0.0263,0.0007,-0.012,-0.0008,9.0
5.694,-0.0248,0.0015,-0.0158,-0.0008,9.2
5.695,-0.024,0.0015,-0.021,0.0,9.1
5.696,-0.0263,-0.0008,-0.0293,-0.0008,9.5
5.697,-0.027,-0.0008,-0.0375,-0.0008,9.3
5.698,-0.0278,-0.0038,-0.0428,-0.0015,9.5
5.699,-0.03,-0.0053,-0.0503,-0.003,9.3
5.7,-0.0278,-0.0046,-0.0555,-0.0046,9.4
5.701,-0.0248,-0.003,-0.0593,-0.0046,9.5
5.702,-0.0218,-0.0015,-0.06,-0.0046,9.6
5.703,-0.0173,0.0,-0.057,-0.003,9.5
5.704,-0.0091,-0.0008,-0.0563,-0.0008,9.6
5.705,-0.0038,0.0,-0.0555,0.0007,9.5
5.706,-0.0008,0.0015,-0.0503,0.0015,9.9
5.707,0.0067,0.0007,-0.045,0.0015,9.6
5.708,0.012,-0.0008,-0.0458,0.0007,9.9
5.709,0.012,-0.003,-0.042,-0.0008,9.9
5.71,0.0142,-0.003,-0.033,-0.0008,9.9
5.711,0.0195,-0.003,-0.027,-0.0008,10.0
5.712,0.0247,-0.0023,-0.0256,0.0007,9.9
5.713,0.024,-0.003,-0.0256,0.0015,10.0
5.714,0.0232,-0.0038,-0.0233,0.0,10.1
5.715,0.024,-0.0008,-0.0195,-0.0008,10.1
5.716,0.0225,-0.0008,-0.0128,-0.0015,10.1
5.717,0.021,-0.0008,-0.0083,-0.003,10.2
5.718,0.0165,-0.0015,-0.0023,-0.0015,10.2
5.719,0.0157,-0.003,-0.0008,-0.0015,10.2
5.72,0.0157,-0.0015,0.0037,-0.0008,10.2
5.721,0.0195,-0.0015,0.0075,0.0007,10.3
5.722,0.0195,0.0015,0.0082,-0.0008,10.3
5.723,0.0157,0.0007,0.009,0.0,10.3
5.724,0.0157,0.0022,0.0097,-0.0008,10.4
5.725,0.0157,0.0015,0.0112,0.0007,10.3
5.726,0.0157,0.0007,0.012,0.0022,10.5
5.727,0.012,0.0015,0.012,0.0022,10.2
5.728,0.006,-0.0008,0.0112,0.0022,10.7
5.729,0.0045,-0.0008,0.0127,0.0015,10.6
5.73,0.003,0.0,0.012,0.0015,10.7
5.731,0.0015,0.0007,0.0112,0.0007,10.8
5.732,0.003,0.0007,0.0127,-0.0008,10.5
5.733,0.0037,0.0015,0.0135,0.0,10.8
5.734,0.0022,0.0037,0.0135,-0.0008,10.7
5.735,0.0,0.0022,0.012,-0.0023,10.8
5.736,-0.0015,0.0015,0.0135,-0.0015,10.9
5.737,0.0007,0.0007,0.012,-0.0015,10.9
5.738,-0.0023,0.0015,0.0112,-0.0023,11.1
5.739,-0.0053,0.0007,0.0097,-0.0015,10.9
5.74,-0.006,0.0,0.009,-0.0008,11.1
5.741,-0.006,-0.0008,0.009,0.0,11.1
5.742,-0.006,-0.003,0.0105,-0.0015,11.0
5.743,-0.0083,-0.0046,0.0142,-0.003,11.4
5.744,-0.0105,-0.0046,0.0142,-0.0015,11.3
5.745,-0.0113,-0.003,0.0135,0.0,11.3
5.746,-0.0165,-0.0008,0.0165,0.0,11.4
5.747,-0.0181,-0.0008,0.0165,0.0,11.3
5.748,-0.0181,0.0007,0.0165,-0.0008,11.5
5.749,-0.0173,0.0007,0.0127,-0.003,11.4
5.75,-0.0143,-0.0015,0.0127,-0.0023,11.4
5.751,-0.0113,-0.0053,0.0142,-0.0015,11.7
5.752,-0.0083,-0.0053,0.015,0.0,11.5
5.753,-0.0046,-0.0046,0.0165,0.0015,11.8
5.754,-0.0008,-0.003,0.018,0.003,11.5
5.755,0.0015,-0.0008,0.0165,0.0037,11.8
5.756,0.003,-0.0015,0.012,0.0022,11.7
5.757,0.003,-0.0008,0.009,0.003,11.9
5.758,0.0037,-0.0015,0.006,0.0037,12.0
5.759,0.0052,-0.0023,0.0067,0.003,12.0
5.76,0.003,-0.0008,0.0052,0.0045,12.1
5.761,0.0037,0.0007,0.0022,0.003,12.1
5.762,0.003,0.0022,0.003,0.003,12.1
5.763,0.0007,0.0045,0.0007,0.0015,12.1
5.764,0.0007,0.003,0.0,0.0007,12.2
5.765,0.0052,0.003,-0.0015,-0.0008,12.4
5.766,0.006,0.0,-0.0008,-0.0015,12.5
5.767,0.0045,-0.0015,-0.0008,-0.0008,12.5
5.768,0.0067,-0.0015,-0.0015,0.0,12.7
5.769,0.009,-0.0015,0.0015,0.0007,12.6
5.77,0.0067,-0.0015,0.0045,-0.0008,12.8
5.771,0.0045,-0.0015,0.0045,-0.0008,12.7
5.772,0.0007,0.0007,0.0022,0.0015,12.9
5.773,0.0007,0.0022,-0.0008,0.0052,12.9
5.774,0.0007,0.0015,-0.003,0.0067,13.0
5.775,-0.0023,0.003,-0.006,0.0082,13.1
5.776,-0.003,0.003,-0.0083,0.0067,13.1
5.777,-0.003,-0.0008,-0.012,0.0007,13.1
5.778,-0.0015,-0.0046,-0.012,-0.003,13.3
5.779,0.0045,-0.0083,-0.012,-0.0038,13.5
5.78,0.0052,-0.0113,-0.012,-0.003,13.5
5.781,0.0067,-0.0083,-0.0128,-0.0068,13.5
5.782,0.0082,-0.0053,-0.0135,-0.0083,13.8
5.783,0.0067,-0.0038,-0.015,-0.0038,13.8
5.784,0.0067,-0.0008,-0.0105,0.0,13.8
5.785,0.0045,-0.0023,-0.0075,0.0007,14.2
5.786,0.0015,-0.0015,-0.0053,0.0022,14.1
5.787,-0.0008,-0.0015,-0.0046,0.003,14.4
5.788,-0.0015,0.0007,-0.0038,0.0007,14.3
5.789,-0.0015,0.0045,-0.0008,0.0,14.6
5.79,-0.0015,0.003,0.003,-0.003,14.7
5.791,-0.0015,0.0015,0.0082,-0.0038,14.5
5.792,0.0007,0.0,0.0165,-0.0053,14.9
5.793,0.0,-0.0008,0.0165,-0.0023,14.9
5.794,-0.0008,0.0007,0.0157,0.0,15.0
5.795,0.0022,0.0022,0.0157,0.0,15.2
5.796,0.0045,0.0022,0.0195,0.0015,15.4
5.797,0.0045,0.0,0.0202,0.0015,15.5
5.798,0.0015,-0.0008,0.0157,0.0007,15.6
5.799,-0.003,-0.0008,0.0105,-0.0008,15.6
5.8,-0.0053,-0.003,0.0112,-0.0008,15.9
5.801,-0.0053,-0.0038,0.0142,0.0,15.8
5.802,-0.0068,-0.0015,0.0165,-0.0015,16.2
5.803,-0.0068,-0.0015,0.0195,0.0,16.0
5.804,-0.0053,-0.0015,0.0217,0.0,16.3
5.805,-0.0046,-0.0046,0.0217,-0.0015,16.6
5.806,-0.0053,-0.0053,0.018,-0.0008,16.4
5.807,-0.0046,-0.0038,0.0157,-0.0023,16.7
5.808,-0.003,-0.0046,0.0142,-0.0015,16.7
5.809,-0.003,-0.0053,0.012,0.0007,17.0
5.81,-0.0038,-0.0015,0.0097,0.0007,17.2
5.811,-0.0053,0.0,0.006,0.0022,17.4
5.812,-0.0053,-0.0008,0.0045,0.003,17.4
5.813,-0.0068,0.0,0.0015,0.003,17.5
5.814,-0.0098,-0.0008,0.0,-0.0008,17.8
5.815,-0.0113,-0.0015,-0.0023,-0.0038,18.0
5.816,-0.012,-0.003,-0.0046,-0.0015,17.9
5.817,-0.0105,0.0,-0.0075,-0.0008,18.1
5.818,-0.0075,0.0015,-0.012,-0.003,18.2
5.819,-0.0068,0.0015,-0.0143,-0.003,18.4
5.82,-0.0046,0.003,-0.0158,-0.0023,18.6
5.821,-0.0038,0.0022,-0.0173,-0.0015,18.9
5.822,-0.0053,0.003,-0.0195,-0.0008,19.0
5.823,-0.0046,0.006,-0.0225,-0.0008,19.1
5.824,-0.0053,0.0045,-0.0256,-0.0008,19.6
5.825,-0.0083,0.0037,-0.027,0.0007,19.4
5.826,-0.0128,0.003,-0.03,0.003,19.8
5.827,-0.0128,0.0007,-0.0338,0.003,19.8
5.828,-0.0105,0.0,-0.0346,0.003,20.0
5.829,-0.0128,0.0,-0.033,0.0037,20.2
5.83,-0.0158,0.0007,-0.033,0.0037,20.4
5.831,-0.0203,-0.0008,-0.0361,0.0015,20.6
5.832,-0.0203,-0.003,-0.0368,0.0007,20.8
5.833,-0.0218,-0.003,-0.0368,-0.0015,20.9
5.834,-0.0218,-0.0038,-0.0353,-0.0008,21.3
5.835,-0.0218,-0.0015,-0.033,0.0007,21.4
5.836,-0.0203,-0.0023,-0.0315,-0.003,21.7
5.837,-0.0195,0.0,-0.0323,-0.003,21.9
5.838,-0.0181,0.0015,-0.0353,-0.0046,21.9
5.839,-0.0143,0.0007,-0.0353,-0.0075,22.5
5.84,-0.0105,0.0,-0.033,-0.0053,22.4
5.841,-0.0053,-0.0015,-0.0308,-0.0053,22.6
5.842,-0.003,-0.003,-0.0256,-0.0046,22.8
5.843,0.0037,-0.0008,-0.0233,-0.003,23.0
5.844,0.0105,0.0007,-0.0203,-0.0015,23.1
5.845,0.015,0.0,-0.0203,0.0015,23.5
5.846,0.0135,0.0,-0.0218,0.0045,23.6
5.847,0.009,-0.0008,-0.0203,0.0045,23.9
5.848,0.0105,0.0007,-0.0203,0.003,24.0
5.849,0.006,0.0007,-0.0165,0.0022,24.5
5.85,0.0082,0.0,-0.0113,0.0015,24.4
5.851,0.009,-0.0015,-0.0083,0.0007,24.7
5.852,0.0105,-0.0046,-0.0083,-0.0015,24.9
5.853,0.0187,-0.0015,-0.0091,-0.0008,25.2
5.854,0.0277,-0.0015,-0.0091,-0.0015,25.6
5.855,0.0405,0.0,-0.0135,-0.0015,25.5
5.856,0.039,-0.003,-0.0143,0.0,25.9
5.857,0.0322,-0.0038,-0.0143,-0.0015,26.1
5.858,0.0292,-0.0008,-0.0165,0.0,26.3
5.859,0.0232,-0.0008,-0.0181,0.0037,26.5
5.86,0.0225,0.0022,-0.024,0.0067,26.8
5.861,0.0217,0.0045,-0.0278,0.009,27.0
5.862,0.0232,0.003,-0.0308,0.0082,27.0
5.863,0.0277,0.0015,-0.03,0.0067,27.2
5.864,0.033,0.0015,-0.0308,0.0067,27.5
5.865,0.039,0.0015,-0.0375,0.0052,27.6
5.866,0.0427,0.0007,-0.039,0.0045,28.2
5.867,0.0825,0.0015,-0.0375,0.0045,28.2
5.868,0.1717,0.0,-0.033,0.0007,28.4
5.869,0.1935,0.0,-0.0278,-0.0008,28.7
5.87,0.1402,-0.0008,-0.0203,-0.0008,28.9
5.871,0.1215,-0.0015,-0.0091,-0.003,29.4
5.872,0.0802,-0.0015,0.003,-0.0068,29.3
5.873,0.0517,-0.0038,0.0165,-0.0068,29.7
5.874,0.066,-0.0015,0.0292,-0.0023,29.8
5.875,0.0652,0.0,0.0405,-0.003,30.1
5.876,0.0645,-0.0015,0.048,-0.0083,30.3
5.877,0.0585,-0.003,0.0487,-0.0091,30.5
5.878,0.042,-0.0046,0.045,-0.0068,30.9
5.879,0.003,-0.003,0.0367,-0.0053,31.0
5.88,-0.0368,-0.0046,0.0292,-0.0038,31.1
5.881,-0.0668,-0.0023,0.0202,-0.0053,31.5
5.882,-0.0863,0.0007,0.0135,-0.0046,31.6
5.883,-0.0893,0.0015,0.0067,-0.0008,31.9
5.884,-0.0945,0.0045,0.0052,-0.0023,31.9
5.885,-0.0915,0.0022,0.0142,-0.0038,32.1
5.886,-0.0885,0.0,0.024,-0.0008,32.4
5.887,-0.0803,0.0007,0.0315,-0.0015,32.5
5.888,-0.0653,0.0015,0.0382,-0.0015,32.8
5.889,-0.0503,0.0015,0.051,-0.0015,32.8
5.89,,,,,
