Time_s,RF,BF,VM,ST,FX
0.0,0.0007,-0.0083,0.0045,-0.0091,57.6
0.001,-0.0008,-0.0038,0.0007,-0.0046,57.5
0.002,-0.0008,-0.0068,0.0015,-0.0023,57.3
0.003,-0.0008,-0.0053,0.0045,-0.0038,57.1
0.004,0.0007,0.0015,0.0082,-0.0075,56.9
0.005,0.003,0.0052,0.009,-0.0083,56.7
0.006,0.0015,0.003,0.0067,-0.0038,56.5
0.007,0.0015,0.0022,0.0022,-0.0023,56.3
0.008,0.0015,0.003,-0.0008,0.0015,56.1
0.009,0.0022,0.0045,-0.0008,0.0082,55.9
0.01,0.0022,0.0067,-0.0023,0.0082,55.7
0.011,0.0,0.006,0.0007,0.0007,55.5
0.012,0.0007,0.0045,0.0015,-0.0068,55.3
0.013,0.0022,0.0067,-0.0015,-0.0083,55.1
0.014,0.0015,0.0097,-0.0038,-0.0015,54.9
0.015,0.0045,0.0127,-0.0068,0.0067,54.7
0.016,0.003,0.0105,-0.006,0.006,54.5
0.017,0.0045,0.0007,-0.0098,-0.0015,54.3
0.018,0.003,-0.0053,-0.012,0.0022,54.1
0.019,0.0007,-0.0091,-0.0143,0.003,53.9
0.02,0.0007,-0.0105,-0.015,-0.003,53.7
0.021,-0.0008,-0.003,-0.0143,0.0,53.5
0.022,0.0,0.003,-0.0135,0.0067,53.2
0.023,0.0007,0.003,-0.0038,0.0097,53.0
0.024,0.0022,0.0,-0.0053,0.012,52.7
0.025,0.0052,-0.0008,-0.0105,0.0067,52.5
0.026,0.0052,-0.0008,-0.0165,-0.0068,52.2
0.027,0.009,0.003,-0.0225,-0.0248,52.0
0.028,0.0105,0.0067,-0.0225,-0.0315,51.7
0.029,0.012,0.0082,-0.0256,-0.0218,51.5
0.03,0.0105,0.009,-0.0278,-0.0068,51.2
0.031,0.0105,0.0067,-0.024,0.0082,50.9
0.032,0.0112,0.0082,-0.0181,0.0217,50.7
0.033,0.0127,0.009,-0.0181,0.0262,50.4
0.034,0.0165,0.0075,-0.0173,0.0232,50.2
0.035,0.0135,0.0052,-0.0165,0.006,49.9
0.036,0.0127,0.0052,-0.0128,-0.0263,49.7
0.037,0.009,0.009,-0.0038,-0.0608,49.5
0.038,0.0082,0.015,-0.0053,-0.0713,49.2
0.039,0.0045,0.0142,-0.0098,-0.0346,49.0
0.04,0.0015,0.009,-0.0128,0.0135,48.6
0.041,0.003,0.0067,-0.0135,0.057,48.4
0.042,0.0007,0.0022,-0.0105,0.0817,48.1
0.043,0.0007,-0.0023,-0.0083,0.0585,47.8
0.044,-0.003,-0.0053,-0.0053,0.0277,47.5
0.045,-0.0053,-0.0083,-0.0015,0.0045,47.2
0.046,-0.006,-0.0053,0.0007,-0.0046,46.9
0.047,-0.0053,-0.0083,0.003,0.0015,46.6
0.048,-0.0046,-0.012,0.006,-0.0015,46.3
0.049,-0.003,-0.015,-0.0038,-0.0038,45.9
0.05,0.0022,-0.0128,-0.0173,-0.0083,45.6
0.051,0.0022,-0.0068,-0.0053,-0.0053,45.4
0.052,-0.0046,-0.012,0.0195,0.0052,45.0
0.053,-0.0105,-0.0105,0.0262,0.0015,44.7
0.054,-0.0105,-0.0068,0.0247,-0.0053,44.4
0.055,-0.0083,-0.006,0.021,-0.0046,44.1
0.056,-0.0083,-0.003,0.0202,-0.0023,43.8
0.057,-0.0083,-0.003,0.0202,-0.0046,43.5
0.058,-0.0075,-0.0015,0.0195,-0.0075,43.2
0.059,-0.0091,-0.0008,0.0232,-0.0098,42.9
0.06,-0.0091,-0.0008,0.0255,-0.0135,42.6
0.061,-0.0083,0.0015,0.0195,-0.024,42.3
0.062,-0.0046,0.0067,0.0105,-0.0293,41.9
0.063,-0.003,0.0097,0.009,-0.0143,41.5
0.064,-0.0008,0.0075,0.0007,0.0,41.2
0.065,0.0007,0.0045,-0.003,0.006,40.8
0.066,-0.0046,0.006,-0.0068,0.0082,40.4
0.067,-0.012,0.0037,-0.015,0.0105,40.0
0.068,-0.0143,-0.0046,-0.0195,0.0067,39.7
0.069,-0.0075,-0.0113,-0.0285,-0.0075,39.3
0.07,-0.0046,-0.0105,-0.033,-0.0113,39.0
0.071,0.0,-0.0046,-0.0293,-0.0068,38.6
0.072,0.0045,0.0007,-0.024,-0.0015,38.2
0.073,0.0067,0.0,-0.0225,0.003,37.9
0.074,0.0052,-0.0023,-0.0233,-0.0008,37.5
0.075,0.0037,-0.0015,-0.0203,-0.0053,37.1
0.076,0.006,-0.0008,-0.0128,-0.0023,36.8
0.077,0.0075,0.0007,-0.0008,-0.0046,36.4
0.078,0.0127,0.003,0.0142,-0.0113,36.0
0.079,0.0127,0.0015,0.0225,-0.015,35.7
0.08,0.0127,0.0015,0.0232,-0.0143,35.3
0.081,0.0157,-0.0008,0.0187,-0.0098,35.0
0.082,0.0195,-0.0015,0.0187,-0.0023,34.6
0.083,0.0232,0.0007,0.024,-0.0015,34.2
0.084,0.0247,0.0067,0.0307,-0.0053,33.8
0.085,0.024,0.0067,0.03,-0.0068,33.4
0.086,0.0157,0.003,0.0142,-0.0015,33.1
0.087,0.0045,0.0037,0.0022,-0.006,32.7
0.088,-0.0023,0.0067,-0.0023,-0.0361,32.4
0.089,-0.0075,0.0082,-0.0091,-0.0691,31.9
0.09,-0.0158,0.003,-0.0128,-0.0773,31.6
0.091,-0.0195,0.0007,-0.0188,-0.054,31.2
0.092,-0.0181,0.0015,-0.021,0.0022,30.8
0.093,-0.0165,-0.003,-0.0195,0.0585,30.5
0.094,-0.0128,-0.0053,-0.0225,0.0832,30.1
0.095,-0.0075,-0.0083,-0.0181,0.0795,29.7
0.096,-0.0053,-0.012,-0.0091,0.0592,29.3
0.097,-0.0046,-0.012,0.0037,0.0262,29.0
0.098,-0.0038,-0.012,0.0052,-0.0083,28.6
0.099,0.003,-0.0053,-0.0105,-0.0233,28.2
0.1,0.0045,0.003,-0.0091,-0.021,27.8
0.101,-0.0015,0.003,0.0007,-0.0113,27.4
0.102,-0.0023,0.0052,0.0007,0.0045,27.1
0.103,-0.0015,0.0022,-0.0091,0.0195,26.7
0.104,0.0,-0.006,-0.0165,0.0202,26.3
0.105,0.0045,-0.006,-0.0143,0.0007,25.9
0.106,0.0075,-0.0046,-0.0046,-0.0143,25.6
0.107,0.0052,-0.003,0.0045,-0.012,25.2
0.108,0.0022,-0.0015,0.0105,-0.0068,24.8
0.109,0.0007,0.0007,0.0165,0.003,24.4
0.11,-0.0008,0.0037,0.0285,0.0127,24.0
0.111,-0.0083,-0.0015,0.0427,0.012,23.6
0.112,-0.0188,-0.003,0.0442,0.0112,23.2
0.113,-0.015,0.0007,0.0367,0.009,22.9
0.114,-0.0098,-0.0008,0.0217,0.0082,22.5
0.115,-0.0075,-0.0015,0.003,0.0015,22.1
0.116,-0.0046,-0.0046,-0.0068,-0.0008,21.7
0.117,-0.0015,-0.0075,-0.0083,0.0,21.3
0.118,-0.0046,-0.0091,0.0015,-0.0046,20.9
0.119,-0.0128,-0.0105,0.0127,-0.0053,20.6
0.12,-0.0038,-0.0068,0.0232,-0.006,20.1
0.121,0.012,-0.0038,0.027,-0.003,19.8
0.122,0.0172,-0.0046,0.0195,0.0007,19.4
0.123,0.0195,-0.0023,0.015,0.003,19.1
0.124,0.0202,0.003,0.009,0.003,18.7
0.125,0.0142,0.0067,0.0045,-0.0015,18.3
0.126,0.006,0.0067,0.0067,-0.0068,18.0
0.127,-0.0053,0.0067,0.012,-0.0128,17.6
0.128,-0.0128,0.0082,0.009,-0.0218,17.2
0.129,-0.0188,0.012,0.009,-0.0293,16.9
0.13,-0.0188,0.0135,0.0067,-0.0218,16.5
0.131,-0.0091,0.0127,0.0052,-0.006,16.2
0.132,-0.0053,0.0075,0.0037,0.0112,15.8
0.133,-0.0008,0.0022,-0.003,0.0292,15.4
0.134,0.003,-0.003,-0.0008,0.0457,15.1
0.135,0.0037,-0.0105,-0.0046,0.0495,14.7
0.136,0.0082,-0.0158,-0.0083,0.0292,14.3
0.137,0.0142,-0.024,-0.003,0.0082,13.9
0.138,0.0157,-0.0233,-0.0008,0.003,13.6
0.139,0.0105,-0.0091,-0.0015,0.0015,13.2
0.14,0.0052,-0.0023,-0.0083,-0.0008,12.8
0.141,0.0007,0.0037,-0.0075,0.0037,12.6
0.142,-0.0075,0.0082,-0.0158,0.0037,12.3
0.143,-0.0165,0.0082,-0.0233,-0.0015,12.1
0.144,-0.0143,0.0097,-0.0181,-0.0046,11.8
0.145,-0.0113,0.009,-0.0203,-0.0068,11.5
0.146,-0.012,0.0082,-0.0181,-0.0075,11.2
0.147,-0.012,0.0052,-0.0091,-0.0083,11.0
0.148,-0.0091,0.0007,-0.0008,-0.0105,10.7
0.149,-0.0008,-0.0008,0.0067,-0.0046,10.4
0.15,0.0142,0.0015,0.0075,-0.003,10.2
0.151,0.0285,0.0045,0.0045,-0.003,9.9
0.152,0.0352,0.0075,-0.003,0.0015,9.6
0.153,0.039,0.009,-0.0091,0.006,9.4
0.154,0.045,0.009,-0.0218,0.0082,9.1
0.155,0.0465,0.0097,-0.0465,0.0015,8.8
0.156,0.0427,0.0112,-0.0743,-0.0068,8.5
0.157,0.039,0.0082,-0.084,-0.0098,8.3
0.158,0.0315,0.0067,-0.0623,-0.0068,8.0
0.159,0.0067,0.003,-0.012,-0.0083,7.7
0.16,-0.0158,-0.0015,0.024,-0.021,7.4
0.161,-0.03,-0.0023,0.036,-0.0218,7.4
0.162,-0.042,-0.0068,0.0495,-0.0105,7.3
0.163,-0.0503,-0.006,0.0562,0.0052,7.2
0.164,-0.0585,-0.0068,0.0667,0.027,7.1
0.165,-0.06,-0.012,0.063,0.033,7.0
0.166,-0.0465,-0.012,0.054,0.021,6.9
0.167,-0.0308,-0.0098,0.039,0.0075,6.8
0.168,-0.015,-0.003,0.0202,0.0,6.7
0.169,-0.0091,0.0015,0.0045,0.003,6.7
0.17,-0.0091,0.0052,-0.024,0.0105,6.6
0.171,-0.0091,0.006,-0.0233,0.009,6.5
0.172,-0.0083,0.0007,-0.0083,0.0067,6.4
0.173,-0.0023,-0.003,0.0022,0.0142,6.3
0.174,-0.006,-0.006,0.009,0.0127,6.3
0.175,-0.0091,-0.0068,0.0045,0.0007,6.2
0.176,-0.003,-0.0038,0.0052,-0.0105,6.1
0.177,0.0067,-0.0068,0.0127,-0.0218,6.0
0.178,0.0127,-0.0128,0.0202,-0.0203,5.9
0.179,0.0142,-0.012,0.0217,-0.0195,5.8
0.18,0.0082,-0.0173,0.0157,-0.0218,5.7
0.181,-0.0091,-0.0278,0.021,-0.003,5.7
0.182,-0.021,-0.0405,0.0352,0.0172,5.7
0.183,-0.0256,-0.057,0.0405,0.0292,5.7
0.184,-0.0256,-0.063,0.0502,0.039,5.7
0.185,-0.0143,-0.0495,0.0427,0.0382,5.7
0.186,0.0007,-0.0181,-0.003,0.0217,5.7
0.187,0.0165,0.0067,-0.054,0.0052,5.7
0.188,0.009,0.006,-0.042,0.006,5.7
0.189,-0.0135,0.0045,-0.0113,0.003,5.7
0.19,-0.012,0.0255,-0.0053,-0.0053,5.7
0.191,-0.0105,0.0592,0.0105,-0.0083,5.7
0.192,-0.0053,0.075,0.0045,-0.0135,5.7
0.193,0.0157,0.054,-0.003,-0.0135,5.7
0.194,0.0427,0.0435,-0.0218,-0.0098,5.7
0.195,0.0787,0.0502,-0.0278,-0.0015,5.7
0.196,0.108,0.0585,-0.0195,0.0052,5.7
0.197,0.1065,0.06,-0.0278,0.0052,5.7
0.198,0.078,0.0315,-0.0165,-0.0023,5.7
0.199,0.0465,0.0052,-0.0165,-0.0158,5.7
0.2,0.0142,-0.0128,-0.0105,-0.027,5.7
0.201,-0.0158,-0.0263,-0.0105,-0.0308,5.7
0.202,-0.0548,-0.0278,-0.0165,-0.0263,5.8
0.203,-0.0698,-0.024,-0.0165,-0.0203,5.8
0.204,-0.0495,-0.0083,-0.0203,-0.0135,5.8
0.205,-0.0323,0.0045,-0.024,-0.0068,5.8
0.206,-0.0068,0.0165,-0.0285,-0.003,5.8
0.207,0.0045,0.009,-0.0195,-0.003,5.8
0.208,0.0135,-0.0068,-0.0143,-0.0046,5.8
0.209,0.0285,-0.0053,-0.0128,-0.003,5.8
0.21,0.0292,-0.012,-0.0023,-0.0038,5.8
0.211,0.0255,-0.0128,0.006,-0.0135,5.8
0.212,0.0232,-0.0053,0.0052,-0.0285,5.9
0.213,0.021,0.0,0.0,-0.0428,5.9
0.214,0.0202,0.0067,-0.0105,-0.0413,5.9
0.215,0.0195,0.0037,-0.027,-0.0338,5.9
0.216,0.012,0.0067,-0.045,-0.024,5.9
0.217,0.0015,0.0112,-0.0533,0.0142,5.9
0.218,-0.0075,0.0052,-0.0473,0.051,5.9
0.219,-0.0128,-0.0053,-0.0368,0.0652,6.0
0.22,-0.0203,-0.0165,-0.0188,0.0757,6.0
0.221,-0.024,-0.0203,-0.0075,0.0712,6.0
0.222,-0.0256,-0.027,0.0052,0.0487,6.1
0.223,-0.027,-0.0346,0.0232,0.0232,6.1
0.224,-0.0248,-0.0256,0.0307,-0.0015,6.2
0.225,-0.0315,-0.012,0.0277,-0.021,6.3
0.226,-0.0263,-0.0038,0.0217,-0.021,6.3
0.227,-0.0105,-0.0008,0.0202,-0.0075,6.3
0.228,0.0007,-0.0083,0.024,0.0067,6.4
0.229,0.009,-0.0143,0.0195,0.018,6.4
0.23,0.009,-0.0091,0.0112,0.0067,6.5
0.231,0.0135,-0.0091,0.0075,-0.0046,6.6
0.232,0.0165,-0.0068,0.0045,-0.0015,6.6
0.233,0.0097,-0.0046,0.009,-0.012,6.7
0.234,0.0007,-0.0053,0.0195,-0.024,6.7
0.235,-0.0046,-0.0038,0.0247,-0.0263,6.7
0.236,-0.0075,-0.0008,0.0217,-0.03,6.8
0.237,-0.0075,0.0015,0.0082,-0.024,6.9
0.238,-0.015,-0.0046,-0.0105,-0.0158,6.9
0.239,-0.0323,-0.0046,-0.0338,-0.0105,7.0
0.24,-0.0473,0.0075,-0.0465,-0.0068,7.0
0.241,-0.0525,0.0217,-0.0413,-0.0083,7.1
0.242,-0.039,0.0292,-0.0353,-0.0075,7.1
0.243,-0.0181,0.0232,-0.0353,-0.0068,7.1
0.244,-0.0023,0.0225,-0.0285,-0.0046,7.1
0.245,0.0202,0.0225,-0.0181,-0.0083,7.2
0.246,0.0352,0.0165,-0.0046,-0.012,7.2
0.247,0.0457,0.0082,0.0045,-0.0098,7.2
0.248,0.06,0.006,0.0105,0.0015,7.2
0.249,0.0577,0.0112,0.0217,0.0232,7.2
0.25,0.0427,0.0075,0.039,0.0277,7.3
0.251,0.0232,-0.003,0.0495,0.0105,7.3
0.252,0.0112,-0.012,0.0352,-0.0098,7.3
0.253,0.0037,-0.0128,0.0375,-0.0203,7.4
0.254,-0.0173,-0.0105,0.0465,-0.0165,7.4
0.255,-0.0293,-0.0046,0.0367,-0.0046,7.4
0.256,-0.0195,0.0022,0.0352,0.0105,7.5
0.257,-0.0015,0.006,0.0315,0.0217,7.5
0.258,0.0135,0.0022,0.033,0.0165,7.5
0.259,0.0045,-0.0068,0.0277,0.0022,7.5
0.26,-0.0046,-0.0098,0.0217,-0.0053,7.6
0.261,0.0037,-0.012,0.027,-0.012,7.6
0.262,0.0105,-0.0105,0.0195,-0.0173,7.6
0.263,0.018,-0.0068,0.012,-0.0315,7.7
0.264,0.0172,-0.003,0.0105,-0.057,7.7
0.265,0.012,0.0022,0.0157,-0.0533,7.8
0.266,0.0007,0.0015,0.0247,-0.0315,7.8
0.267,-0.0105,0.0037,0.0367,-0.021,7.9
0.268,-0.0181,0.009,0.0307,-0.003,7.9
0.269,-0.0233,0.009,0.0127,0.0352,8.0
0.27,-0.0203,0.0045,0.0105,0.0682,8.1
0.271,-0.0225,-0.0023,0.0142,0.0697,8.1
0.272,-0.033,-0.0091,0.0157,0.0592,8.1
0.273,-0.042,-0.0158,0.0007,0.0577,8.2
0.274,-0.042,-0.0195,-0.0105,0.0457,8.2
0.275,-0.027,-0.0203,-0.0203,0.0307,8.3
0.276,-0.0091,-0.0195,-0.0165,0.0277,8.3
0.277,0.0015,-0.0135,-0.0128,0.0142,8.4
0.278,0.0067,-0.0128,-0.0203,-0.0023,8.4
0.279,0.0052,-0.0165,-0.0218,-0.012,8.5
0.28,0.0045,-0.0165,-0.0248,-0.0188,8.5
0.281,0.003,-0.0091,-0.0225,-0.0188,8.6
0.282,-0.0015,0.0007,-0.03,-0.0143,8.8
0.283,-0.0143,0.003,-0.0233,-0.0068,8.9
0.284,-0.0165,0.0007,-0.0195,-0.0046,9.0
0.285,-0.0075,0.0045,-0.021,-0.0075,9.2
0.286,-0.0098,0.006,-0.0128,-0.0053,9.3
0.287,-0.024,0.0075,-0.0128,-0.0091,9.4
0.288,-0.0293,0.0105,-0.0068,-0.0128,9.6
0.289,-0.0135,0.012,-0.0015,-0.0128,9.7
0.29,-0.0091,0.0067,0.0052,-0.0128,9.9
0.291,-0.0008,0.0045,0.0142,-0.0113,10.0
0.292,0.024,0.0067,0.012,-0.0046,10.1
0.293,0.039,0.0082,0.0052,0.0022,10.3
0.294,0.0532,0.0105,0.0105,0.0052,10.4
0.295,0.0555,0.0082,0.006,0.0037,10.5
0.296,0.0607,0.0007,0.0015,-0.0068,10.7
0.297,0.0705,-0.0038,0.0127,-0.0181,10.8
0.298,0.0622,-0.0015,0.0135,-0.0233,10.9
0.299,0.0232,-0.0015,0.0067,-0.0203,11.1
0.3,-0.0203,-0.006,-0.0068,-0.0158,11.2
0.301,-0.0346,-0.0046,-0.0143,-0.012,11.4
0.302,-0.0293,0.0015,-0.0195,-0.0053,11.5
0.303,-0.0143,0.0105,-0.0308,-0.0053,11.7
0.304,-0.0098,0.012,-0.0398,-0.0143,11.9
0.305,-0.0015,0.0105,-0.0405,-0.024,12.1
0.306,0.0067,0.0142,-0.0315,-0.0278,12.2
0.307,-0.0023,0.0105,-0.0308,-0.012,12.4
0.308,-0.012,0.003,-0.0285,0.0082,12.6
0.309,-0.0181,-0.0008,-0.0218,0.0232,12.7
0.31,-0.0143,0.0015,-0.0128,0.0435,12.9
0.311,-0.0113,-0.0008,-0.0173,0.0405,13.0
0.312,-0.0091,-0.0046,-0.0195,0.0225,13.2
0.313,-0.0038,-0.0008,-0.015,0.0067,13.4
0.314,0.0015,0.0007,-0.0233,-0.0046,13.5
0.315,0.009,0.006,-0.027,-0.0046,13.7
0.316,0.009,0.0082,-0.0256,-0.0068,13.9
0.317,0.0097,0.0052,-0.0233,-0.0083,14.1
0.318,0.012,0.0052,-0.0195,-0.006,14.3
0.319,0.0127,0.0045,-0.0128,-0.0053,14.4
0.32,0.0097,0.003,-0.0075,-0.0046,14.6
0.321,0.0015,-0.0015,-0.0098,-0.0068,14.6
0.322,0.0052,-0.0015,-0.0128,-0.0091,14.7
0.323,0.0135,0.0015,-0.0113,-0.0113,14.8
0.324,0.018,0.0037,-0.0015,-0.0091,14.8
0.325,0.0217,0.0052,0.0037,-0.0083,14.9
0.326,0.018,0.0045,0.0022,-0.0158,14.9
0.327,0.015,0.0015,0.0,-0.021,15.0
0.328,0.0202,0.0015,-0.0008,-0.0158,15.0
0.329,0.018,0.003,-0.0008,-0.0075,15.1
0.33,0.0015,0.0022,0.0,0.0007,15.2
0.331,-0.0113,-0.0008,0.0022,0.018,15.2
0.332,-0.0158,-0.003,0.0,0.0277,15.3
0.333,-0.0195,-0.0046,0.0015,0.0217,15.3
0.334,-0.027,-0.0075,0.0097,0.012,15.4
0.335,-0.027,-0.0068,0.0195,0.0015,15.5
0.336,-0.0188,-0.0083,0.024,-0.0053,15.5
0.337,-0.0008,-0.0091,0.0225,-0.0023,15.6
0.338,0.0165,-0.0053,0.024,0.0,15.6
0.339,0.018,-0.0038,0.0247,0.0015,15.7
0.34,0.0202,-0.0008,0.03,0.0037,15.7
0.341,0.027,-0.0008,0.0345,0.0037,15.7
0.342,0.024,-0.0038,0.033,0.0045,15.6
0.343,0.0142,-0.0083,0.0345,0.0052,15.4
0.344,-0.0008,-0.0143,0.0345,0.0037,15.3
0.345,-0.0128,-0.0165,0.033,0.0045,15.2
0.346,-0.0143,-0.0158,0.0277,0.0067,15.1
0.347,-0.0128,-0.0143,0.0292,0.006,14.9
0.348,-0.012,-0.0128,0.0232,0.0052,14.8
0.349,-0.0113,-0.0091,0.015,0.0067,14.7
0.35,-0.012,-0.0023,0.0225,0.0082,14.6
0.351,-0.0105,0.0105,0.0225,0.009,14.4
0.352,-0.0105,0.0307,0.0195,0.0097,14.4
0.353,-0.0083,0.0382,0.0232,0.009,14.2
0.354,-0.0075,0.0225,0.0187,0.0067,14.1
0.355,-0.006,0.006,0.0165,0.0052,13.9
0.356,-0.0053,0.0,0.0105,0.003,13.9
0.357,-0.0068,-0.0046,0.0015,0.0015,13.7
0.358,-0.0038,-0.0046,-0.0068,0.0007,13.6
0.359,-0.003,-0.0046,-0.0113,0.0007,13.5
0.36,-0.0023,-0.0053,-0.0091,0.0015,13.3
0.361,-0.003,-0.0053,-0.0053,0.0007,13.3
0.362,-0.0068,-0.0038,-0.0015,0.0022,13.2
0.363,-0.006,-0.003,-0.0015,0.003,13.1
0.364,-0.0068,-0.0046,-0.0015,0.0045,13.1
0.365,-0.003,-0.003,-0.0008,0.0052,13.0
0.366,0.0015,-0.0023,-0.0053,0.0015,13.0
0.367,0.0052,-0.0008,-0.0113,0.0,12.9
0.368,0.0082,-0.0015,-0.0068,-0.0008,12.8
0.369,0.0105,-0.0046,0.0075,0.0007,12.7
0.37,0.0075,-0.006,0.0127,0.0007,12.6
0.371,0.0052,-0.0053,0.0135,-0.0008,12.6
0.372,0.0,-0.006,0.0157,0.0,12.5
0.373,-0.0068,-0.006,0.009,0.0007,12.5
0.374,-0.0046,-0.0046,0.0067,-0.0015,12.4
0.375,-0.006,-0.0053,0.0127,-0.0023,12.3
0.376,-0.0091,-0.0046,0.024,0.0007,12.2
0.377,-0.012,-0.0053,0.0262,0.0,12.2
0.378,-0.015,-0.0046,0.024,-0.0008,12.1
0.379,-0.015,-0.003,0.0217,-0.0015,12.1
0.38,-0.0143,-0.0046,0.0172,-0.0015,11.9
0.381,-0.0128,-0.003,0.0135,-0.003,12.0
0.382,-0.0128,-0.0023,0.0037,-0.0046,12.0
0.383,-0.0128,-0.0015,0.0022,-0.0023,12.1
0.384,-0.0083,0.0,0.0037,-0.0015,12.1
0.385,-0.003,-0.0008,0.003,-0.0015,12.1
0.386,0.0007,-0.0008,0.0007,-0.0023,12.2
0.387,0.0015,-0.0008,-0.0046,-0.0023,12.2
0.388,-0.0008,-0.0023,-0.0015,-0.0038,12.3
0.389,-0.0015,-0.003,0.003,-0.0053,12.3
0.39,-0.0038,-0.0008,0.009,-0.003,12.4
0.391,0.0,0.0022,-0.0008,-0.0053,12.4
0.392,0.006,0.0045,-0.0068,-0.006,12.5
0.393,0.0075,0.0015,0.0052,-0.003,12.5
0.394,0.0082,-0.0008,0.0105,-0.0015,12.6
0.395,0.0082,-0.0015,0.0082,-0.003,12.6
0.396,0.0097,0.0022,-0.0015,-0.003,12.6
0.397,0.0097,0.0015,-0.0046,-0.0023,12.7
0.398,0.012,0.0015,0.0,-0.003,12.7
0.399,0.0142,0.003,0.0,-0.0046,12.8
0.4,0.0075,0.0007,-0.003,-0.003,12.8
0.401,-0.0015,-0.0015,-0.0135,-0.0023,12.8
0.402,-0.0008,0.0,-0.0323,-0.0046,12.9
0.403,0.009,0.0022,-0.0428,-0.0053,12.9
0.404,0.021,0.0037,-0.0458,-0.0038,12.9
0.405,0.018,0.0052,-0.048,-0.0046,12.9
0.406,0.0105,0.0067,-0.0503,-0.0068,12.9
0.407,-0.0015,0.009,-0.0533,-0.0068,12.9
0.408,-0.0105,0.0082,-0.0518,-0.0038,12.9
0.409,-0.003,0.0067,-0.0465,-0.0038,13.0
0.41,0.003,0.009,-0.0436,-0.0046,13.0
0.411,0.009,0.0082,-0.039,-0.003,13.0
0.412,0.0105,0.0067,-0.0405,-0.0046,13.0
0.413,0.0052,0.0037,-0.048,-0.0075,13.0
0.414,0.0105,0.0045,-0.0458,-0.0068,13.0
0.415,0.0157,0.0052,-0.0458,-0.0046,13.0
0.416,0.0165,0.0037,-0.0465,-0.0046,13.0
0.417,0.0262,0.0045,-0.0353,-0.0046,13.0
0.418,0.033,0.0045,-0.024,-0.0046,13.0
0.419,0.0277,0.003,-0.0195,-0.0038,13.1
0.42,0.0165,0.0045,-0.0181,-0.003,13.1
0.421,0.0142,0.0075,-0.0165,-0.0053,13.1
0.422,0.0247,0.0082,-0.0173,-0.0053,13.1
0.423,0.03,0.006,-0.0225,-0.0068,13.1
0.424,0.024,0.003,-0.0278,-0.0091,13.1
0.425,0.0127,0.0015,-0.0225,-0.0038,13.1
0.426,0.0037,0.0015,-0.0135,-0.003,13.1
0.427,0.0007,0.0007,-0.0098,-0.0038,13.1
0.428,-0.0015,0.0007,-0.012,-0.0008,13.1
0.429,-0.0038,-0.0015,-0.0165,0.0,13.1
0.43,-0.0008,-0.0008,-0.0203,0.0,13.1
0.431,-0.0015,0.0007,-0.0188,0.0007,13.1
0.432,-0.0046,0.0007,-0.0165,0.0007,13.1
0.433,-0.0053,0.003,-0.0128,0.0015,13.1
0.434,-0.0046,0.0037,-0.0113,0.0022,13.1
0.435,-0.0046,0.0045,-0.0105,0.0015,13.1
0.436,-0.0023,0.0045,-0.0068,0.0015,13.1
0.437,-0.0015,0.0015,-0.0068,0.0022,13.1
0.438,-0.0015,0.0007,-0.0023,0.003,13.1
0.439,-0.0038,-0.0008,0.003,0.0037,13.1
0.44,-0.006,-0.0008,0.0067,0.0045,13.1
0.441,-0.0068,-0.0023,0.012,0.0052,13.1
0.442,-0.0068,-0.0023,0.0127,0.0067,13.0
0.443,-0.0083,-0.0023,0.0142,0.0052,13.0
0.444,-0.0091,-0.0046,0.0157,0.0037,13.0
0.445,-0.0105,-0.0023,0.012,0.003,13.0
0.446,-0.0091,-0.0008,0.012,0.0045,12.9
0.447,-0.0083,-0.0015,0.0127,0.0045,12.9
0.448,-0.0075,-0.003,0.0112,0.0045,12.9
0.449,-0.0046,-0.0038,0.0105,0.0045,12.8
0.45,0.0007,-0.0015,0.0105,0.003,12.8
0.451,0.0007,-0.0008,0.0127,0.003,12.7
0.452,-0.003,0.0007,0.0112,0.0045,12.7
0.453,0.0045,0.0022,0.0082,0.0015,12.7
0.454,0.006,0.0007,0.012,0.0015,12.6
0.455,0.0052,0.0007,0.0142,0.0015,12.6
0.456,0.0007,0.0015,0.018,0.003,12.6
0.457,-0.0038,0.0007,0.0195,0.0037,12.5
0.458,-0.0038,-0.003,0.0157,0.0007,12.5
0.459,-0.006,-0.0075,0.012,0.0,12.5
0.46,-0.0075,-0.0083,0.0172,0.0015,12.4
0.461,-0.0105,-0.0075,0.024,0.0022,12.4
0.462,-0.0091,-0.0068,0.0277,0.0007,12.3
0.463,-0.0068,-0.0068,0.0232,-0.0015,12.3
0.464,-0.006,-0.006,0.018,0.0007,12.3
0.465,-0.0046,-0.0068,0.0202,0.0022,12.2
0.466,-0.0023,-0.0053,0.0217,0.0015,12.2
0.467,0.0,-0.003,0.024,0.0037,12.1
0.468,-0.0015,-0.003,0.024,0.0045,12.1
0.469,-0.0008,-0.0023,0.0202,0.0045,12.1
0.47,0.0022,-0.0008,0.0135,0.0022,12.1
0.471,0.0045,0.0,0.0097,0.0015,12.0
0.472,0.006,0.0015,0.0082,-0.0008,12.0
0.473,0.003,0.0007,0.0067,-0.0023,12.0
0.474,-0.0046,0.0,0.0037,-0.0015,11.9
0.475,-0.0091,0.0007,0.0015,-0.003,11.9
0.476,-0.0075,-0.0015,-0.0015,-0.003,11.8
0.477,-0.0083,-0.0008,-0.003,-0.0023,11.8
0.478,-0.0068,0.0,0.0045,-0.0008,11.8
0.479,-0.0105,-0.0015,0.0075,-0.0008,11.7
0.48,-0.0128,-0.0008,0.0075,-0.0015,11.7
0.481,-0.0113,-0.0008,0.0052,-0.0008,11.7
0.482,-0.0113,-0.0008,0.0045,0.0007,11.7
0.483,-0.0046,0.0,0.0112,0.0015,11.7
0.484,-0.0023,-0.0008,0.0172,0.0022,11.6
0.485,-0.0008,-0.0023,0.0127,0.0015,11.6
0.486,0.0037,-0.0023,0.009,-0.0015,11.6
0.487,0.0015,-0.0015,0.0075,-0.0023,11.6
0.488,0.0037,-0.0015,0.0067,-0.0015,11.5
0.489,0.006,0.0,0.012,0.0,11.5
0.49,0.0052,-0.0015,0.0135,0.0,11.5
0.491,0.0022,-0.0008,0.0135,0.0007,11.5
0.492,-0.0008,0.0007,0.0142,0.0015,11.5
0.493,0.0,0.0007,0.0112,0.0007,11.4
0.494,-0.0008,0.0,0.009,0.0,11.4
0.495,-0.0015,-0.0015,0.0045,-0.0008,11.4
0.496,-0.0046,-0.0046,0.0037,-0.0008,11.4
0.497,-0.0038,-0.006,0.0067,-0.0015,11.3
0.498,-0.003,-0.0053,0.0052,-0.0015,11.3
0.499,-0.006,-0.0038,0.009,0.0,11.3
0.5,-0.0075,-0.0046,0.018,0.0022,11.2
0.501,-0.0091,-0.0038,0.0255,0.0037,11.2
0.502,-0.0091,-0.006,0.0277,0.003,11.2
0.503,-0.012,-0.0053,0.0255,0.003,11.2
0.504,-0.0105,-0.0046,0.0202,0.003,11.2
0.505,-0.0083,-0.003,0.0165,0.003,11.2
0.506,-0.0091,-0.0038,0.0202,0.0052,11.2
0.507,-0.0098,-0.006,0.0262,0.003,11.2
0.508,-0.0105,-0.0083,0.024,0.003,11.2
0.509,-0.0053,-0.0068,0.0255,0.0037,11.2
0.51,-0.0023,-0.0068,0.0285,0.003,11.2
0.511,-0.0053,-0.0068,0.027,0.003,11.2
0.512,-0.0053,-0.0068,0.0277,0.003,11.2
0.513,-0.0075,-0.006,0.021,0.0022,11.2
0.514,-0.0053,-0.003,0.015,0.0007,11.2
0.515,-0.0015,-0.0038,0.018,0.0,11.2
0.516,-0.0015,-0.0053,0.0157,0.0015,11.2
0.517,0.0007,-0.0015,0.0097,-0.0008,11.2
0.518,0.0015,-0.0015,0.0067,-0.0015,11.2
0.519,0.0037,0.0015,0.0022,-0.0015,11.2
0.52,0.0037,0.003,-0.0008,-0.0015,11.1
0.521,0.0022,0.0022,-0.0046,-0.0008,11.1
0.522,0.0015,0.003,-0.006,0.0007,11.1
0.523,0.0,-0.0008,0.0007,0.0015,11.0
0.524,-0.0015,-0.0015,0.0082,0.003,11.0
0.525,-0.0038,-0.0046,0.015,0.0045,10.9
0.526,-0.006,-0.0075,0.0232,0.0067,10.9
0.527,-0.0083,-0.0038,0.027,0.0052,10.9
0.528,-0.0046,0.0,0.0255,0.0037,10.8
0.529,0.0007,0.0015,0.0172,0.0037,10.8
0.53,0.0052,0.0022,0.009,0.0007,10.7
0.531,0.012,0.0045,0.0015,0.0,10.7
0.532,0.0135,0.0045,-0.0053,-0.003,10.7
0.533,0.0112,0.0052,-0.0181,-0.0046,10.6
0.534,0.009,0.0037,-0.0278,-0.006,10.6
0.535,0.009,0.0007,-0.0323,-0.0083,10.5
0.536,0.0082,0.003,-0.0413,-0.0098,10.5
0.537,0.0142,0.0052,-0.0465,-0.0105,10.5
0.538,0.0165,0.0075,-0.0383,-0.0075,10.4
0.539,0.0105,0.0037,-0.0248,-0.0046,10.4
0.54,0.0067,0.0007,-0.0195,-0.0023,10.3
0.541,0.0022,0.0015,-0.0143,-0.0023,10.3
0.542,0.0007,0.0,-0.012,-0.0038,10.3
0.543,0.003,0.0015,-0.0158,-0.003,10.2
0.544,0.0045,0.0022,-0.0195,-0.003,10.2
0.545,0.0075,0.0037,-0.0203,-0.003,10.1
0.546,0.0067,0.0045,-0.012,-0.0015,10.1
0.547,0.003,0.0015,-0.0068,-0.0015,10.1
0.548,0.0015,0.0015,-0.0053,-0.0015,10.0
0.549,0.003,0.0037,-0.0083,-0.0023,10.0
0.55,0.003,0.0052,-0.0105,-0.003,9.9
0.551,0.003,0.003,-0.0068,-0.0015,9.9
0.552,0.0,0.0007,-0.0046,-0.0015,9.9
0.553,-0.0008,0.0015,-0.0091,-0.0008,9.8
0.554,0.003,0.0022,-0.0143,-0.0008,9.8
0.555,0.0052,0.0045,-0.0188,-0.003,9.7
0.556,0.006,0.0045,-0.0203,-0.003,9.7
0.557,0.0052,0.0045,-0.0165,-0.0023,9.7
0.558,0.0045,0.0052,-0.0143,-0.0015,9.6
0.559,0.0022,0.003,-0.012,-0.0015,9.6
0.56,0.0007,-0.0008,-0.0143,-0.0038,9.5
0.561,0.0045,0.0015,-0.0203,-0.003,9.5
0.562,0.0067,0.003,-0.0225,-0.0023,9.4
0.563,0.0082,0.0015,-0.0165,-0.003,9.4
0.564,0.0067,0.0007,-0.0105,-0.0023,9.4
0.565,0.003,0.0007,-0.0098,-0.0023,9.4
0.566,0.0037,0.0015,-0.0105,-0.003,9.3
0.567,0.0037,0.0007,-0.0091,-0.0038,9.3
0.568,0.003,0.0007,-0.0105,-0.0046,9.2
0.569,0.0015,0.0007,-0.0158,-0.0053,9.2
0.57,0.003,0.0007,-0.0233,-0.0068,9.1
0.571,0.0082,0.003,-0.0278,-0.0068,9.1
0.572,0.0112,0.0045,-0.027,-0.006,9.1
0.573,0.0105,0.0045,-0.024,-0.0053,9.0
0.574,0.0052,0.0022,-0.0195,-0.0046,9.0
0.575,0.0037,0.0022,-0.0195,-0.003,9.0
0.576,0.0052,0.003,-0.0173,-0.0046,8.9
0.577,0.0052,0.0015,-0.0105,-0.0038,8.9
0.578,0.0045,0.0007,-0.0083,-0.003,8.9
0.579,0.0045,-0.0023,-0.0053,-0.0023,8.8
0.58,0.0015,-0.0038,0.0015,-0.0008,8.7
0.581,-0.003,-0.0038,0.0022,0.0007,8.7
0.582,-0.0015,-0.003,-0.0038,-0.0015,8.7
0.583,-0.0015,-0.0015,-0.0113,-0.0015,8.7
0.584,0.0,0.0007,-0.0091,0.0,8.7
0.585,-0.0015,-0.0015,0.0022,-0.0008,8.6
0.586,-0.0053,-0.0038,0.0067,-0.0008,8.6
0.587,-0.0083,-0.003,0.009,0.0,8.6
0.588,-0.0105,0.0,0.0105,0.0007,8.5
0.589,-0.0091,0.0007,0.0105,0.0007,8.5
0.59,-0.0068,-0.0008,0.0082,-0.0008,8.5
0.591,-0.0015,0.0015,0.0052,-0.0008,8.5
0.592,0.0007,-0.0008,0.0037,-0.0015,8.5
0.593,0.0015,-0.0015,0.0015,-0.0023,8.4
0.594,0.0015,-0.0008,0.0007,-0.0008,8.4
0.595,0.0022,-0.0023,0.0007,0.0007,8.4
0.596,0.0007,-0.003,0.0052,0.0007,8.3
0.597,-0.0015,-0.003,0.0022,-0.0008,8.3
0.598,-0.0015,-0.0015,-0.003,-0.0015,8.3
0.599,-0.0023,-0.0015,-0.0053,-0.003,8.3
0.6,0.0,-0.0023,-0.0128,-0.0053,8.2
0.601,0.0045,-0.0015,-0.0128,-0.0046,8.2
0.602,0.006,-0.0015,-0.0113,-0.0015,8.2
0.603,0.0067,0.0007,-0.012,-0.0015,8.2
0.604,0.0037,0.0007,-0.0046,-0.0015,8.2
0.605,0.0007,0.0,0.003,0.0007,8.2
0.606,0.0007,0.0,0.0067,0.0007,8.2
0.607,-0.0008,0.0007,0.0037,0.0,8.2
0.608,0.0007,0.0015,0.0015,-0.0008,8.1
0.609,0.0015,0.0007,0.0015,-0.0008,8.1
0.61,0.0022,0.0007,0.0007,-0.0015,8.1
0.611,0.0007,-0.0008,0.0045,0.0,8.1
0.612,0.0015,-0.0015,0.0082,0.003,8.1
0.613,-0.0015,-0.003,0.012,0.0037,8.1
0.614,-0.003,-0.0008,0.0082,0.0015,8.1
0.615,-0.0015,0.0015,0.0045,0.0007,8.1
0.616,-0.003,-0.0015,0.0052,0.003,8.1
0.617,-0.003,-0.003,0.0052,0.0015,8.1
0.618,-0.0046,-0.003,0.0067,0.0015,8.1
0.619,-0.0053,-0.0008,0.0015,0.0015,8.1
0.62,-0.0015,0.0,0.003,0.0,8.0
0.621,0.0007,-0.0015,-0.0008,0.0,8.0
0.622,0.003,-0.0015,-0.0023,0.0007,8.0
0.623,0.0037,-0.0023,0.0022,0.0007,8.0
0.624,0.0015,-0.003,0.0045,0.0022,8.0
0.625,-0.0015,-0.003,0.0075,0.0015,7.9
0.626,-0.0046,0.0007,0.0052,0.0007,7.9
0.627,-0.003,-0.0008,0.0045,0.003,7.9
0.628,-0.003,-0.0008,0.0067,0.0037,7.9
0.629,-0.0023,0.0007,0.0082,0.0037,7.8
0.63,-0.0023,-0.0015,0.0097,0.003,7.8
0.631,-0.0038,-0.003,0.012,0.003,7.8
0.632,-0.0068,-0.0046,0.0157,0.006,7.7
0.633,-0.0091,-0.006,0.0225,0.0067,7.7
0.634,-0.0091,-0.0023,0.015,0.0037,7.7
0.635,-0.006,-0.0008,0.0045,0.0015,7.7
0.636,-0.0046,-0.0015,0.0045,0.0007,7.6
0.637,-0.0015,0.0007,0.006,-0.0008,7.6
0.638,-0.0008,0.0015,0.0067,-0.0008,7.6
0.639,-0.0015,-0.0015,0.0052,-0.0008,7.6
0.64,0.0007,-0.0008,0.0037,0.0007,7.5
0.641,0.0007,0.0,0.009,0.003,7.5
0.642,-0.0015,-0.0008,0.0097,0.0037,7.5
0.643,-0.003,0.0015,0.0015,0.003,7.5
0.644,0.0,0.003,0.0007,0.0022,7.4
0.645,-0.0008,0.0022,0.0007,0.003,7.4
0.646,-0.0008,0.0015,-0.003,0.003,7.3
0.647,0.0015,0.003,0.0037,0.0022,7.3
0.648,0.0022,0.003,0.0045,0.0015,7.3
0.649,0.0045,0.003,-0.0008,0.0007,7.2
0.65,0.0037,0.0015,-0.0046,0.0007,7.2
0.651,0.0045,0.0007,-0.0068,-0.0008,7.2
0.652,0.003,0.0007,0.0007,0.0007,7.1
0.653,0.0007,0.0007,0.0007,-0.0008,7.1
0.654,0.0007,0.0007,-0.0008,-0.0015,7.1
0.655,0.0015,-0.0015,0.0045,-0.0008,7.0
0.656,0.0,-0.0023,0.0067,0.0,7.0
0.657,-0.0015,-0.0008,0.0052,0.0015,6.9
0.658,-0.003,-0.0015,0.0052,-0.0008,6.9
0.659,-0.0038,-0.0023,0.0105,-0.0008,6.9
0.66,-0.0038,-0.0023,0.0082,-0.0015,6.8
0.661,-0.003,-0.0023,0.0022,-0.003,6.8
0.662,0.0007,-0.0015,-0.0008,-0.0015,6.7
0.663,0.0007,-0.003,-0.003,-0.0008,6.7
0.664,-0.0008,-0.0038,-0.0015,0.0,6.7
0.665,0.0015,-0.0015,0.0,0.0007,6.7
0.666,-0.0008,-0.003,0.003,0.0015,6.6
0.667,0.0007,-0.003,0.0045,0.0015,6.6
0.668,0.0022,-0.0015,0.003,0.0007,6.6
0.669,0.0022,-0.0015,0.0045,0.0015,6.5
0.67,0.0,-0.0015,0.0082,0.0022,6.5
0.671,-0.0038,-0.0015,0.0045,0.0007,6.4
0.672,-0.0008,-0.0008,0.0,-0.0023,6.4
0.673,0.0007,-0.0015,0.0045,-0.0015,6.4
0.674,0.003,0.0,0.003,-0.0008,6.3
0.675,0.0037,0.0015,-0.0046,-0.0008,6.3
0.676,0.0067,0.0015,-0.0015,0.0007,6.3
0.677,0.0067,0.0007,-0.003,-0.0015,6.2
0.678,0.006,0.0015,-0.0068,-0.0008,6.2
0.679,0.003,0.0,-0.0015,0.0007,6.2
0.68,-0.0008,-0.0015,0.0,0.0007,6.1
0.681,0.0,0.0007,0.0007,0.0015,6.1
0.682,0.0,0.0015,0.0007,0.0007,6.0
0.683,-0.0015,-0.0015,0.006,0.0,6.0
0.684,-0.0046,-0.0015,0.0082,0.0,6.0
0.685,-0.0038,-0.0023,0.0082,0.0015,5.9
0.686,-0.003,-0.0015,0.0135,0.0037,5.9
0.687,-0.0053,-0.003,0.0195,0.0045,5.8
0.688,-0.006,-0.0053,0.0165,0.0015,5.8
0.689,-0.003,-0.003,0.0045,0.0007,5.8
0.69,-0.0015,-0.0023,0.0082,0.0007,5.8
0.691,-0.0023,-0.0053,0.0097,-0.0015,5.7
0.692,-0.0023,-0.0046,0.0067,0.0007,5.7
0.693,-0.0023,-0.0015,0.0052,0.0007,5.7
0.694,-0.003,-0.0008,-0.0008,0.0,5.6
0.695,-0.0015,-0.0008,-0.0015,0.0,5.6
0.696,-0.0008,-0.0008,-0.0023,-0.0023,5.5
0.697,0.0007,0.0007,-0.0038,-0.0015,5.5
0.698,0.0007,-0.0008,-0.006,-0.0008,5.5
0.699,0.003,0.0015,-0.006,0.0007,5.4
0.7,0.0052,0.0022,-0.0015,0.0015,5.3
0.701,0.0052,0.0007,-0.0008,0.0015,5.3
0.702,0.003,0.0007,0.0022,0.0015,5.3
0.703,0.003,0.0,-0.0083,-0.0015,5.3
0.704,0.0082,0.003,-0.0233,-0.0046,5.3
0.705,0.009,0.0037,-0.0143,-0.0008,5.2
0.706,0.0,0.0007,0.0015,0.0022,5.2
0.707,-0.0046,0.0007,0.0045,0.0022,5.2
0.708,-0.0046,-0.0023,0.012,0.0045,5.1
0.709,-0.0083,-0.0053,0.0255,0.0067,5.1
0.71,-0.012,-0.0083,0.033,0.0082,5.1
0.711,-0.0128,-0.0068,0.033,0.0067,5.0
0.712,-0.0091,-0.0046,0.027,0.0045,5.0
0.713,-0.0083,-0.006,0.0202,0.0015,5.0
0.714,-0.0046,-0.006,0.0127,0.0007,4.9
0.715,-0.0015,-0.003,0.0082,-0.0015,4.9
0.716,0.0,-0.0015,0.0067,-0.0008,4.9
0.717,0.0007,-0.0015,0.0045,-0.0008,4.9
0.718,0.0015,0.0007,0.0015,-0.003,4.8
0.719,0.0015,0.0007,0.0015,-0.0015,4.8
0.72,0.0015,0.0007,-0.003,-0.0015,4.7
0.721,0.0015,0.0037,-0.0098,-0.0053,4.7
0.722,0.003,0.0045,-0.0098,-0.0053,4.7
0.723,0.0037,0.003,-0.0083,-0.0023,4.7
0.724,0.0007,0.0007,-0.0068,-0.0015,4.7
0.725,0.0022,0.0007,-0.0105,-0.0023,4.6
0.726,0.0082,0.003,-0.0165,-0.0046,4.6
0.727,0.0105,0.0045,-0.0233,-0.0038,4.6
0.728,0.012,0.0052,-0.0218,-0.0023,4.5
0.729,0.0082,0.0045,-0.0165,-0.003,4.5
0.73,0.0052,0.0015,-0.012,-0.0015,4.5
0.731,0.0045,0.0015,-0.0113,-0.0015,4.5
0.732,0.003,0.0015,-0.0105,-0.0046,4.5
0.733,0.0037,0.003,-0.0091,-0.0046,4.4
0.734,0.003,0.0037,-0.0105,-0.0046,4.4
0.735,0.0007,0.0037,-0.0091,-0.0046,4.4
0.736,0.0015,0.0045,-0.0038,-0.003,4.3
0.737,-0.0008,0.0007,0.0015,-0.003,4.3
0.738,-0.003,0.0007,0.0022,-0.0008,4.3
0.739,-0.003,0.0022,0.0007,0.0007,4.3
0.74,-0.0038,-0.0008,0.0015,0.0,4.2
0.741,-0.003,-0.0015,0.0052,-0.0008,4.2
0.742,-0.0046,-0.0015,0.006,-0.0008,4.2
0.743,-0.003,-0.0023,0.0067,0.003,4.2
0.744,-0.0015,-0.0053,0.0105,0.0045,4.2
0.745,-0.0015,-0.0083,0.0112,0.0082,4.2
0.746,-0.0046,-0.0075,0.012,0.0052,4.2
0.747,-0.003,-0.0075,0.009,-0.0015,4.2
0.748,-0.0008,-0.006,0.0045,-0.0046,4.2
0.749,0.003,-0.003,-0.0023,-0.0053,4.2
0.75,0.0075,0.0022,-0.0105,-0.0075,4.2
0.751,0.009,0.0007,-0.0113,-0.0083,4.2
0.752,0.0105,-0.0008,-0.0143,-0.0091,4.2
0.753,0.012,0.0015,-0.0203,-0.0128,4.2
0.754,0.0105,0.0022,-0.0181,-0.012,4.2
0.755,0.009,0.0037,-0.0203,-0.0083,4.2
0.756,0.0082,0.003,-0.0233,-0.0068,4.2
0.757,0.009,0.0052,-0.0285,-0.0068,4.2
0.758,0.012,0.0067,-0.03,-0.0038,4.2
0.759,0.0105,0.006,-0.0256,-0.0023,4.2
0.76,0.0097,0.006,-0.0293,-0.0023,4.1
0.761,0.0097,0.0075,-0.033,-0.0015,4.1
0.762,0.0082,0.0082,-0.0278,-0.0023,4.2
0.763,0.009,0.0067,-0.027,-0.0015,4.2
0.764,0.0082,0.0052,-0.024,-0.0008,4.2
0.765,0.0082,0.0045,-0.021,-0.0015,4.2
0.766,0.0067,0.0045,-0.0218,0.0,4.3
0.767,0.0052,0.0052,-0.0181,0.0015,4.3
0.768,0.0045,0.0045,-0.0181,-0.0008,4.3
0.769,0.003,0.006,-0.024,-0.003,4.3
0.77,0.0052,0.006,-0.0225,-0.0046,4.4
0.771,0.0052,0.0037,-0.0181,-0.0038,4.4
0.772,0.006,0.003,-0.0165,-0.0038,4.4
0.773,0.0052,0.0022,-0.0105,-0.0023,4.4
0.774,0.0022,0.0007,0.0015,0.0,4.4
0.775,0.0007,-0.0015,0.0007,-0.0008,4.5
0.776,-0.0015,-0.003,0.0015,-0.0008,4.5
0.777,-0.0015,-0.0023,0.0067,0.0,4.5
0.778,-0.003,-0.0023,0.0052,-0.0008,4.5
0.779,-0.0015,-0.003,0.0037,-0.0008,4.5
0.78,-0.0053,-0.003,0.0097,-0.0008,4.5
0.781,-0.0053,-0.0023,0.0127,0.0,4.6
0.782,-0.0053,-0.003,0.0112,0.0022,4.6
0.783,-0.0083,-0.0053,0.0202,0.0015,4.6
0.784,-0.0075,-0.006,0.0202,0.0022,4.7
0.785,-0.0068,-0.0068,0.0165,0.0022,4.7
0.786,-0.0068,-0.0068,0.0217,0.003,4.7
0.787,-0.0075,-0.0046,0.0172,0.0045,4.8
0.788,-0.0083,-0.0046,0.018,0.0052,4.8
0.789,-0.0083,-0.0046,0.0202,0.0045,4.9
0.79,-0.0083,-0.003,0.0172,0.0022,4.9
0.791,-0.0083,-0.0038,0.0172,0.003,4.9
0.792,-0.0083,-0.0038,0.015,0.003,4.9
0.793,-0.0068,-0.0046,0.012,0.0015,5.0
0.794,-0.006,-0.0046,0.012,0.0007,5.0
0.795,-0.0053,-0.0038,0.0127,0.0007,5.0
0.796,-0.006,-0.0038,0.0097,0.0007,5.1
0.797,-0.0046,-0.0015,0.009,-0.0008,5.1
0.798,-0.003,0.0,0.006,-0.0008,5.1
0.799,-0.0023,0.0007,0.0045,-0.0008,5.2
0.8,0.0,0.0007,0.006,-0.0023,5.2
0.801,-0.0015,0.0,0.0075,-0.0008,5.3
0.802,-0.0046,0.0007,0.009,-0.0008,5.3
0.803,-0.003,0.0,0.0097,0.0007,5.3
0.804,-0.0015,-0.0008,0.0082,0.0015,5.4
0.805,-0.0008,0.0,0.0067,0.0015,5.4
0.806,0.0015,0.0007,0.0015,0.0,5.5
0.807,0.003,0.0,0.0,-0.0008,5.5
0.808,0.0037,0.0007,-0.0015,0.0007,5.6
0.809,0.0022,0.0022,-0.0046,0.0015,5.6
0.81,0.0045,0.003,-0.0068,-0.0008,5.7
0.811,0.0052,0.0015,-0.0068,0.0007,5.7
0.812,0.0022,0.0007,-0.0023,-0.0008,5.8
0.813,0.003,0.0007,0.0007,0.0,5.8
0.814,0.0037,0.0007,0.0,0.0015,5.8
0.815,0.0015,0.0007,-0.0023,0.0015,5.9
0.816,0.0022,-0.0008,-0.0053,0.0015,5.9
0.817,0.003,-0.0008,-0.0046,0.0007,6.0
0.818,0.0045,-0.0008,-0.0015,0.0007,6.0
0.819,0.0067,0.0,-0.0038,0.0,6.1
0.82,0.0067,0.0015,-0.006,0.0,6.1
0.821,0.0052,0.0015,-0.0068,-0.0015,6.2
0.822,0.006,0.0007,-0.0105,-0.0023,6.3
0.823,0.0052,0.0007,-0.0083,-0.003,6.3
0.824,0.006,0.0007,-0.006,-0.0023,6.3
0.825,0.0052,0.003,-0.003,-0.0015,6.4
0.826,0.0022,0.003,0.0015,-0.003,6.5
0.827,0.0015,0.0015,0.0007,-0.0023,6.5
0.828,0.0015,0.0022,0.0007,-0.003,6.6
0.829,0.0022,0.003,-0.0008,-0.0008,6.7
0.83,0.0015,0.0015,-0.0053,0.0007,6.7
0.831,0.0007,0.0015,-0.0091,-0.0015,6.7
0.832,0.0022,0.0007,-0.0128,-0.0008,6.8
0.833,0.0015,-0.0015,-0.0113,-0.0008,6.9
0.834,0.0,-0.003,-0.0113,0.0007,6.9
0.835,0.0015,-0.0046,-0.0105,0.0022,7.0
0.836,0.0015,-0.0046,-0.0075,0.0015,7.1
0.837,0.0007,-0.003,-0.0091,0.0015,7.1
0.838,0.0015,-0.0023,-0.0083,0.0,7.2
0.839,0.0007,-0.0008,-0.0083,-0.0015,7.2
0.84,0.0007,0.0,-0.0105,-0.0008,7.3
0.841,0.0007,0.0007,-0.0105,-0.0015,7.4
0.842,0.0007,-0.0008,-0.0143,-0.0015,7.4
0.843,0.003,-0.0008,-0.0135,-0.0015,7.5
0.844,0.0015,-0.0008,-0.0083,-0.0008,7.6
0.845,0.0007,0.0015,-0.0053,-0.0008,7.6
0.846,0.003,0.0045,0.0007,0.0,7.7
0.847,0.0007,0.0007,0.0015,0.0022,7.8
0.848,-0.0015,-0.0008,0.003,0.0052,7.9
0.849,-0.0015,-0.0023,0.0037,0.0052,8.0
0.85,-0.003,-0.0023,0.0045,0.0045,8.1
0.851,-0.0008,-0.003,0.006,0.003,8.1
0.852,-0.0015,-0.0015,0.0052,0.0022,8.2
0.853,-0.0008,-0.0008,0.0045,0.0022,8.2
0.854,-0.0015,-0.0023,0.0037,0.003,8.3
0.855,0.0007,0.0,0.003,0.0015,8.4
0.856,-0.0008,0.0015,0.0045,0.0015,8.5
0.857,-0.0038,0.0007,0.0052,0.0015,8.5
0.858,-0.0008,0.0007,0.0075,0.0015,8.6
0.859,-0.0038,0.003,0.0052,-0.0008,8.7
0.86,-0.0068,0.0015,0.0052,-0.0015,8.8
0.861,-0.0046,-0.0008,0.0082,-0.0015,8.9
0.862,-0.006,-0.0008,0.0075,0.0007,9.0
0.863,-0.006,-0.0015,0.0052,0.0015,9.1
0.864,-0.0068,-0.0008,0.0037,0.0007,9.2
0.865,-0.0068,-0.0008,0.0045,0.0015,9.3
0.866,-0.0046,0.0,0.0052,0.003,9.4
0.867,-0.0038,-0.0015,0.0075,0.0045,9.5
0.868,-0.0046,-0.0046,0.0112,0.0052,9.6
0.869,-0.0046,-0.0038,0.012,0.0045,9.7
0.87,-0.003,-0.006,0.0082,0.003,9.8
0.871,0.0007,-0.0046,0.0045,0.0015,9.9
0.872,-0.0015,-0.0015,-0.0008,0.0,10.0
0.873,-0.0015,-0.0008,-0.0046,-0.0015,10.1
0.874,-0.003,0.0007,-0.0053,-0.0046,10.2
0.875,-0.0038,-0.0008,-0.0053,-0.003,10.3
0.876,-0.003,0.0007,-0.0015,-0.003,10.4
0.877,-0.0023,0.0007,0.0007,-0.003,10.5
0.878,-0.0008,-0.0008,0.0,-0.0008,10.6
0.879,-0.0008,0.0007,-0.0053,0.0,10.7
0.88,0.0007,0.0,-0.006,-0.0008,10.8
0.881,-0.0015,-0.003,0.0045,0.0,10.9
0.882,-0.0075,-0.0053,0.0127,0.0,11.1
0.883,-0.0075,-0.0068,0.0142,0.0015,11.2
0.884,-0.0053,-0.003,0.0105,0.003,11.4
0.885,-0.003,-0.0008,0.0075,0.0022,11.5
0.886,-0.0008,0.0015,0.009,0.003,11.7
0.887,-0.0008,0.003,0.0105,0.003,11.8
0.888,0.0007,0.0022,0.0067,0.0015,12.0
0.889,0.0015,0.0022,0.0022,0.0,12.1
0.89,0.0,-0.0015,0.0142,0.0007,12.2
0.891,-0.003,-0.0046,0.0195,-0.0008,12.4
0.892,-0.003,-0.0046,0.018,-0.0023,12.5
0.893,-0.0053,-0.0046,0.0217,-0.003,12.7
0.894,-0.003,-0.0015,0.009,-0.0038,12.8
0.895,0.0007,0.0007,0.0082,0.0007,13.0
0.896,-0.0023,-0.0038,0.021,0.0052,13.1
0.897,-0.0046,-0.0046,0.018,0.0045,13.2
0.898,-0.003,-0.003,0.0112,0.003,13.4
0.899,-0.0015,-0.0015,0.015,0.0045,13.5
0.9,-0.0023,-0.0008,0.0172,0.0052,13.7
0.901,-0.0015,-0.0038,0.018,0.0052,13.9
0.902,-0.003,-0.0068,0.027,0.0067,14.0
0.903,-0.0015,-0.0053,0.0165,0.0045,14.2
0.904,0.006,-0.0023,0.0045,0.003,14.4
0.905,0.0082,-0.0008,0.0045,0.0045,14.6
0.906,0.0052,-0.0008,0.006,0.0045,14.8
0.907,0.0045,0.0007,0.0075,0.003,14.9
0.908,0.0037,0.0015,0.0052,-0.0008,15.1
0.909,0.0037,0.003,0.003,-0.003,15.3
0.91,0.006,0.0082,-0.003,-0.006,15.5
0.911,0.003,0.0105,-0.003,-0.0038,15.7
0.912,0.0037,0.0142,-0.0165,-0.0023,15.9
0.913,0.009,0.0157,-0.027,0.0,16.1
0.914,0.0067,0.0097,-0.0233,0.0007,16.2
0.915,0.009,0.003,-0.03,-0.0083,16.4
0.916,0.0075,-0.0023,-0.027,-0.012,16.6
0.917,0.0067,-0.0143,-0.033,-0.0158,16.8
0.918,0.0112,-0.024,-0.039,-0.0165,17.0
0.919,0.0105,-0.021,-0.039,-0.0128,17.1
0.92,0.0127,-0.0143,-0.0458,-0.012,17.3
0.921,0.0142,-0.0068,-0.042,-0.0091,17.5
0.922,0.0157,-0.003,-0.0495,-0.0083,17.8
0.923,0.015,0.0015,-0.0473,-0.0091,18.0
0.924,0.0127,0.006,-0.0428,-0.0075,18.2
0.925,0.012,0.0075,-0.039,-0.0068,18.5
0.926,0.0075,0.0202,-0.0353,-0.0038,18.7
0.927,0.0052,0.042,-0.0323,0.0,18.9
0.928,0.003,0.0465,-0.0195,-0.0008,19.2
0.929,0.0022,0.0232,-0.0143,-0.0053,19.4
0.93,0.0022,0.0067,-0.0083,-0.0046,19.6
0.931,-0.0008,-0.0046,-0.0008,-0.0046,19.8
0.932,-0.0023,-0.0128,-0.0015,-0.0053,20.1
0.933,-0.0046,-0.0098,0.0015,-0.0015,20.3
0.934,-0.003,-0.012,0.0052,-0.0008,20.5
0.935,-0.0053,-0.0091,0.0075,0.0007,20.8
0.936,-0.0053,-0.0098,0.009,-0.0008,21.0
0.937,-0.0015,-0.0075,0.0045,-0.0008,21.2
0.938,0.0,-0.0038,0.0022,-0.0015,21.5
0.939,0.0015,-0.0046,0.0045,0.0007,21.7
0.94,0.0015,-0.0008,0.0052,0.0015,21.9
0.941,0.0007,0.0007,0.0082,0.0015,22.2
0.942,0.0007,-0.0008,0.0075,0.0007,22.5
0.943,-0.0008,0.0007,0.0045,-0.0008,22.7
0.944,-0.0008,0.003,0.0037,0.0007,23.0
0.945,-0.0008,0.0015,0.0045,0.0007,23.3
0.946,-0.0015,0.0007,0.0067,0.0,23.5
0.947,-0.0015,0.0007,0.0075,0.0022,23.8
0.948,-0.0008,-0.0008,0.0052,0.0015,24.1
0.949,0.0007,0.0015,0.0045,-0.0015,24.3
0.95,0.0007,0.0037,0.0037,-0.0008,24.6
0.951,0.0,0.0037,0.0037,0.0007,24.9
0.952,-0.0015,0.003,0.006,0.0007,25.2
0.953,-0.0015,0.0045,0.0037,0.003,25.4
0.954,-0.0015,0.0045,0.0067,0.003,25.7
0.955,-0.0008,0.003,0.0105,0.0015,26.0
0.956,-0.0008,0.0022,0.0165,0.003,26.2
0.957,-0.0015,-0.0008,0.0202,0.0015,26.5
0.958,-0.0015,-0.0015,0.027,0.003,26.8
0.959,-0.0091,-0.0046,0.039,0.006,27.0
0.96,-0.012,-0.006,0.048,0.0075,27.3
0.961,-0.015,-0.0068,0.0622,0.0105,27.5
0.962,-0.0203,-0.0091,0.072,0.009,27.8
0.963,-0.0218,-0.012,0.0735,0.009,28.0
0.964,-0.0233,-0.0135,0.075,0.0127,28.3
0.965,-0.0203,-0.0143,0.072,0.012,28.5
0.966,-0.0181,-0.012,0.0652,0.009,28.7
0.967,-0.015,-0.0091,0.0562,0.0067,28.9
0.968,-0.0091,-0.0068,0.0495,0.0067,29.2
0.969,-0.0068,-0.0053,0.045,0.006,29.4
0.97,-0.0068,-0.0053,0.0367,0.0022,29.7
0.971,-0.0091,-0.0053,0.027,-0.0008,29.9
0.972,-0.0053,-0.003,0.0157,0.0,30.1
0.973,-0.003,-0.0053,0.0217,0.0015,30.3
0.974,-0.0053,-0.0083,0.0345,0.003,30.6
0.975,-0.0068,-0.0098,0.0345,0.0045,30.8
0.976,-0.0068,-0.0083,0.0322,0.0045,31.0
0.977,-0.0046,-0.0068,0.0277,0.003,31.3
0.978,-0.0023,-0.0068,0.0217,0.0022,31.5
0.979,0.0,-0.006,0.0165,0.0007,31.7
0.98,0.0007,-0.0053,0.0105,-0.0008,31.9
0.981,0.0022,-0.003,-0.0015,-0.003,32.1
0.982,0.0037,-0.0015,-0.0046,-0.003,32.4
0.983,0.0037,-0.0015,-0.0091,-0.003,32.5
0.984,0.0067,0.0007,-0.0143,-0.003,32.7
0.985,0.009,0.0045,-0.015,-0.0015,32.9
0.986,0.0112,0.0082,-0.0278,-0.0053,33.1
0.987,0.0135,0.0105,-0.0375,-0.0068,33.3
0.988,0.0142,0.0097,-0.045,-0.0083,33.5
0.989,0.0127,0.0082,-0.0473,-0.0098,33.7
0.99,0.0135,0.009,-0.0503,-0.0091,33.9
0.991,0.0142,0.0097,-0.0473,-0.0091,34.1
0.992,0.0127,0.0082,-0.0436,-0.0098,34.3
0.993,0.0142,0.009,-0.0495,-0.0098,34.5
0.994,0.0165,0.0082,-0.0503,-0.0098,34.6
0.995,0.0157,0.0067,-0.0533,-0.0113,34.9
0.996,0.0165,0.0082,-0.0555,-0.0113,35.1
0.997,0.0142,0.0067,-0.048,-0.0105,35.2
0.998,0.0135,0.0067,-0.048,-0.0105,35.4
0.999,0.015,0.006,-0.0428,-0.0113,35.6
1.0,0.0105,0.0045,-0.0293,-0.0105,35.8
1.001,0.0082,-0.0008,-0.0233,-0.0091,36.0
1.002,0.0067,-0.0015,-0.0225,-0.0083,36.3
1.003,0.0082,-0.0008,-0.0256,-0.0091,36.5
1.004,0.0067,-0.0008,-0.0225,-0.0091,36.7
1.005,0.0007,-0.0015,-0.0143,-0.0075,36.9
1.006,0.0007,-0.0015,-0.0098,-0.006,37.2
1.007,0.0,-0.0008,-0.0128,-0.0083,37.4
1.008,0.0015,-0.0008,-0.0158,-0.0091,37.6
1.009,0.0007,-0.0008,-0.0143,-0.006,37.8
1.01,0.0015,0.0015,-0.0195,-0.0053,38.1
1.011,0.0052,0.003,-0.015,-0.0046,38.2
1.012,0.0037,0.0015,-0.0053,0.0007,38.5
1.013,0.0015,0.0037,0.0045,0.0022,38.7
1.014,-0.0015,0.0045,0.0105,0.0015,38.9
1.015,-0.0015,0.0045,0.0067,0.0007,39.1
1.016,-0.0023,0.003,0.0,-0.003,39.4
1.017,-0.0015,0.0045,-0.0053,-0.003,39.6
1.018,0.0,0.0052,-0.0113,-0.0023,39.8
1.019,0.003,0.0067,-0.0181,-0.0038,40.0
1.02,0.0052,0.0052,-0.0188,-0.0015,40.3
1.021,0.0045,0.0045,-0.0233,-0.003,40.5
1.022,0.0082,0.0045,-0.027,-0.0015,40.7
1.023,0.0067,0.003,-0.0225,0.0007,40.9
1.024,0.0045,0.003,-0.0203,0.0007,41.1
1.025,0.003,0.0007,-0.0181,0.0015,41.4
1.026,0.003,-0.0023,-0.0158,0.0015,41.6
1.027,0.0015,-0.003,-0.012,0.0,41.8
1.028,-0.0008,-0.006,-0.0083,-0.0008,42.0
1.029,-0.0008,-0.0068,-0.0053,0.0007,42.2
1.03,-0.003,-0.0091,0.0067,0.0022,42.4
1.031,-0.0068,-0.0113,0.0157,0.0045,42.7
1.032,-0.0113,-0.0105,0.0217,0.0067,42.9
1.033,-0.0158,-0.0105,0.0255,0.0052,43.1
1.034,-0.0143,-0.0105,0.0285,0.006,43.3
1.035,-0.0143,-0.0113,0.0345,0.006,43.5
1.036,-0.0128,-0.0113,0.0367,0.0067,43.7
1.037,-0.0128,-0.0091,0.0352,0.0082,44.0
1.038,-0.0105,-0.0083,0.033,0.0067,44.1
1.039,-0.0053,-0.0046,0.0255,0.0037,44.4
1.04,-0.0038,-0.003,0.0232,0.003,44.6
1.041,-0.0046,-0.0038,0.027,0.0052,44.8
1.042,-0.0068,-0.003,0.0217,0.003,45.0
1.043,-0.0046,-0.0023,0.0157,0.0007,45.2
1.044,-0.003,-0.0015,0.0142,0.0015,45.4
1.045,-0.0038,-0.0008,0.012,0.0015,45.6
1.046,-0.0015,0.0015,0.012,0.0022,45.8
1.047,-0.0046,0.0015,0.009,0.003,46.0
1.048,-0.0083,0.0022,0.0097,0.0022,46.2
1.049,-0.0068,0.0022,0.009,0.0015,46.4
1.05,-0.006,0.0022,0.0045,0.003,46.6
1.051,-0.003,0.003,0.0045,0.003,46.8
1.052,0.0015,0.006,-0.0023,0.0015,47.0
1.053,0.003,0.0075,-0.0113,0.0015,47.2
1.054,0.006,0.0075,-0.0143,-0.0008,47.4
1.055,0.0067,0.0045,-0.0165,-0.0015,47.6
1.056,0.0075,0.0037,-0.0188,-0.0046,47.8
1.057,0.009,0.0022,-0.0233,-0.0068,48.1
1.058,0.0105,0.0015,-0.0256,-0.0075,48.2
1.059,0.009,0.003,-0.0256,-0.0075,48.5
1.06,0.009,0.0052,-0.0278,-0.0053,48.6
1.061,0.0127,0.0075,-0.024,-0.0015,48.8
1.062,0.0105,0.009,-0.0173,-0.0008,49.0
1.063,0.009,0.0082,-0.0181,-0.0023,49.2
1.064,0.0097,0.0082,-0.0233,-0.0046,49.4
1.065,0.0112,0.0067,-0.0285,-0.0068,49.5
1.066,0.0112,0.0037,-0.0285,-0.0075,49.7
1.067,0.0112,0.003,-0.0256,-0.0068,49.9
1.068,0.0105,0.0037,-0.0218,-0.006,50.1
1.069,0.0067,0.0067,-0.0218,-0.0068,50.3
1.07,0.0082,0.009,-0.027,-0.0053,50.4
1.071,0.0097,0.0105,-0.03,-0.0023,50.6
1.072,0.0112,0.0105,-0.0256,-0.0015,50.8
1.073,0.0082,0.009,-0.0188,-0.0008,50.9
1.074,0.006,0.0052,-0.0165,0.0022,51.1
1.075,0.0045,0.0015,-0.012,0.0015,51.3
1.076,0.003,-0.003,-0.012,0.0007,51.5
1.077,0.0037,-0.006,-0.0128,0.0007,51.7
1.078,0.0022,-0.0083,-0.0053,0.0,51.8
1.079,0.0045,-0.006,-0.003,0.0007,52.0
1.08,0.0015,-0.0068,0.003,0.0037,52.2
1.081,0.0007,-0.0105,0.0105,0.0045,52.3
1.082,-0.0008,-0.0128,0.0142,0.0052,52.5
1.083,-0.0053,-0.0128,0.0195,0.0037,52.6
1.084,-0.0091,-0.015,0.0225,0.0045,52.7
1.085,-0.012,-0.015,0.0255,0.0052,52.8
1.086,-0.0128,-0.012,0.0307,0.0045,53.0
1.087,-0.0135,-0.0091,0.0337,0.0075,53.1
1.088,-0.015,-0.0083,0.0352,0.0082,53.2
1.089,-0.0143,-0.0075,0.033,0.0082,53.4
1.09,-0.0128,-0.0053,0.03,0.009,53.5
1.091,-0.0143,-0.003,0.0292,0.0082,53.6
1.092,-0.0113,-0.0008,0.0307,0.009,53.7
1.093,-0.0091,-0.0015,0.033,0.012,53.9
1.094,-0.0105,-0.003,0.0382,0.012,54.0
1.095,-0.0098,-0.0046,0.0427,0.0135,54.1
1.096,-0.012,-0.0046,0.0465,0.0165,54.3
1.097,-0.012,-0.0023,0.0502,0.018,54.4
1.098,-0.0105,-0.003,0.0472,0.018,54.5
1.099,-0.0091,-0.0053,0.0457,0.0165,54.6
1.1,-0.0091,-0.0053,0.0427,0.0157,54.8
1.101,-0.0083,-0.0023,0.0367,0.0135,54.9
1.102,-0.0083,-0.0046,0.0322,0.0097,55.0
1.103,-0.0083,-0.0053,0.0277,0.0067,55.1
1.104,-0.0075,-0.0046,0.0225,0.0052,55.2
1.105,-0.0053,-0.0023,0.018,0.0045,55.3
1.106,-0.0015,-0.0008,0.0127,0.0007,55.3
1.107,-0.0008,-0.0015,0.0067,0.0007,55.5
1.108,-0.0015,-0.0023,0.0045,0.0,55.6
1.109,-0.0015,0.0022,-0.006,-0.0015,55.7
1.11,0.0037,0.0067,-0.012,-0.0015,55.8
1.111,0.0075,0.0075,-0.0113,-0.003,55.9
1.112,0.006,0.0052,-0.0128,-0.0046,56.0
1.113,0.0067,0.003,-0.0135,-0.0046,56.1
1.114,0.006,0.0,-0.0173,-0.0038,56.2
1.115,0.003,-0.006,-0.0165,-0.0046,56.3
1.116,0.0015,-0.0053,-0.0181,-0.0046,56.4
1.117,0.0022,0.0007,-0.0195,-0.003,56.5
1.118,0.0045,0.0007,-0.0135,-0.0023,56.6
1.119,0.0052,0.0015,-0.0158,-0.003,56.7
1.12,0.003,0.0037,-0.0165,-0.0046,56.8
1.121,0.0045,0.006,-0.015,-0.0015,56.8
1.122,0.0045,0.0157,-0.0158,-0.0023,56.9
1.123,0.003,0.0232,-0.0158,-0.0046,56.9
1.124,0.003,0.0217,-0.0165,-0.0068,57.0
1.125,0.0045,0.0187,-0.015,-0.0091,57.0
1.126,0.0067,0.009,-0.0165,-0.015,57.1
1.127,0.0082,0.003,-0.0173,-0.0165,57.1
1.128,0.0067,0.0022,-0.0128,-0.0098,57.1
1.129,0.003,-0.0008,-0.0091,-0.0083,57.2
1.13,0.0015,-0.0015,-0.0053,-0.0091,57.2
1.131,0.0022,-0.0053,-0.0068,-0.0091,57.2
1.132,0.0022,-0.0091,-0.0083,-0.006,57.3
1.133,0.0007,-0.0075,-0.0083,-0.0046,57.3
1.134,0.0015,-0.0053,-0.0068,-0.0053,57.4
1.135,0.003,-0.0038,-0.0038,-0.003,57.4
1.136,0.0037,0.0007,-0.003,-0.003,57.5
1.137,0.0045,0.0045,-0.0008,0.0007,57.5
1.138,0.0082,0.0022,0.003,0.0037,57.6
1.139,0.0097,0.0015,0.0052,0.0067,57.6
1.14,0.0082,0.0022,0.0082,0.0045,57.6
1.141,0.0052,-0.0008,0.0067,0.0007,57.6
1.142,0.0007,-0.0038,0.0,-0.0015,57.6
1.143,-0.0046,-0.0053,-0.0046,-0.0053,57.6
1.144,-0.006,-0.0053,0.0015,-0.0053,57.6
1.145,-0.0075,-0.0046,0.003,-0.0015,57.6
1.146,-0.0083,-0.0038,0.0022,0.0007,57.6
1.147,-0.0083,-0.0046,0.0052,-0.0008,57.6
1.148,-0.0083,-0.0053,0.009,-0.0008,57.6
1.149,-0.0075,-0.0083,0.0105,-0.0015,57.6
1.15,-0.0075,-0.0091,0.0127,-0.0008,57.6
1.151,-0.0091,-0.0068,0.0195,0.0015,57.6
1.152,-0.0105,-0.0053,0.018,0.0007,57.5
1.153,-0.0083,-0.003,0.0172,0.0022,57.5
1.154,-0.0083,-0.0038,0.0187,0.0037,57.5
1.155,-0.0075,-0.0046,0.0142,0.003,57.5
1.156,-0.0053,-0.0053,0.0142,0.0022,57.5
1.157,-0.003,-0.0068,0.012,0.0022,57.5
1.158,-0.0015,-0.0046,0.0082,0.0022,57.5
1.159,0.0,-0.0023,0.0082,0.003,57.4
1.16,0.0015,0.0015,0.0067,0.0052,57.4
1.161,0.0007,0.0015,0.0082,0.0082,57.3
1.162,0.003,0.0007,0.009,0.0067,57.3
1.163,0.006,0.0,0.003,0.0037,57.2
1.164,0.0082,0.0022,-0.0008,0.0007,57.1
1.165,0.0097,0.0052,-0.003,-0.0038,57.1
1.166,0.0097,0.0037,-0.0068,-0.0053,57.0
1.167,0.0082,0.0045,-0.012,-0.0008,56.9
1.168,0.0045,0.0015,-0.0083,0.0045,56.8
1.169,0.003,0.0015,-0.0068,0.0015,56.7
1.17,0.0045,0.003,-0.0091,-0.0068,56.7
1.171,0.003,0.0007,-0.0046,-0.0143,56.6
1.172,0.0045,-0.0008,-0.0015,-0.015,56.5
1.173,0.0045,-0.0008,0.0,-0.0075,56.5
1.174,0.0022,0.0007,-0.0015,-0.0046,56.4
1.175,0.0015,0.0007,-0.0046,-0.003,56.3
1.176,-0.0023,-0.0008,-0.0046,0.0015,56.2
1.177,-0.0008,-0.0015,-0.0053,0.0082,56.2
1.178,-0.0008,-0.0046,-0.0023,0.0127,56.1
1.179,-0.0038,-0.003,-0.0068,0.0075,56.0
1.18,-0.0008,-0.0015,-0.0091,0.0015,55.9
1.181,0.0,-0.0008,-0.012,-0.0015,55.8
1.182,0.0037,0.0015,-0.0248,-0.0083,55.7
1.183,0.0075,0.0007,-0.0323,-0.0105,55.5
1.184,0.0105,0.0037,-0.0308,-0.0105,55.4
1.185,0.0112,0.0037,-0.0278,-0.0083,55.3
1.186,0.0097,0.0015,-0.0256,-0.0023,55.1
1.187,0.0082,0.0007,-0.0173,0.0015,55.0
1.188,0.0045,0.0,-0.0068,0.0015,54.9
1.189,0.0052,-0.0008,0.0037,-0.0008,54.7
1.19,0.0052,0.0007,0.0142,-0.003,54.6
1.191,0.0067,0.0045,0.0202,0.0045,54.4
1.192,0.0045,0.0052,0.0187,0.0067,54.3
1.193,-0.0008,0.003,0.0157,0.0007,54.2
1.194,-0.0023,0.0007,0.0112,0.0015,54.0
1.195,-0.0053,0.0007,0.0082,0.0015,53.9
1.196,-0.0053,-0.0008,0.009,0.0007,53.8
1.197,-0.0068,0.0007,0.0067,0.0052,53.6
1.198,-0.0053,0.0,0.0045,0.009,53.5
1.199,-0.0046,-0.003,0.0045,0.0075,53.4
1.2,-0.0083,-0.0038,0.009,0.0052,53.2
1.201,-0.0091,-0.0053,0.015,0.0007,53.1
1.202,-0.012,-0.006,0.018,-0.0023,52.8
1.203,-0.0128,-0.0046,0.0165,0.0007,52.6
1.204,-0.0105,-0.0038,0.0142,0.003,52.5
1.205,-0.0068,-0.0038,0.0067,0.0037,52.2
1.206,-0.0015,-0.0023,-0.0053,0.003,52.1
1.207,0.0045,-0.0008,-0.0091,0.003,51.9
1.208,0.0045,0.0007,-0.0023,0.003,51.7
1.209,0.0015,-0.0008,0.0007,0.0007,51.5
1.21,0.0007,-0.0015,0.0007,0.0015,51.3
1.211,0.0015,0.0,0.0,-0.0068,51.1
1.212,0.0015,0.0,-0.0053,-0.0195,50.9
1.213,0.003,0.0015,-0.012,-0.0218,50.7
1.214,0.0067,0.0052,-0.0143,-0.0158,50.5
1.215,0.009,0.0075,-0.0203,-0.0068,50.3
1.216,0.0105,0.0082,-0.027,0.0007,50.1
1.217,0.0127,0.006,-0.0256,0.0127,49.9
1.218,0.0127,0.0015,-0.0218,0.0157,49.8
1.219,0.012,-0.0015,-0.0233,0.009,49.5
1.22,0.0112,0.0022,-0.0263,0.0015,49.3
1.221,0.0127,0.0045,-0.0323,-0.0068,49.1
1.222,0.0165,0.0052,-0.0361,-0.0083,48.9
1.223,0.018,0.0082,-0.0353,-0.0083,48.6
1.224,0.0157,0.0052,-0.033,-0.0091,48.4
1.225,0.0127,0.0052,-0.03,-0.0091,48.1
1.226,0.0097,0.003,-0.0218,-0.0091,47.8
1.227,0.0067,0.0015,-0.0181,-0.0068,47.6
1.228,0.0045,0.0015,-0.0158,-0.0046,47.3
1.229,0.0015,0.0007,-0.0105,-0.0046,47.1
1.23,0.0,0.0022,-0.0105,-0.0083,46.8
1.231,-0.0023,0.0052,-0.0053,-0.0165,46.6
1.232,-0.0046,0.0045,-0.0008,-0.021,46.3
1.233,-0.0046,0.0045,0.0007,-0.015,46.1
1.234,-0.0023,0.0037,0.0037,-0.0143,45.9
1.235,0.0,0.0,0.0022,-0.012,45.6
1.236,0.0,-0.0008,0.0015,0.0067,45.3
1.237,-0.0008,-0.0046,0.0052,0.0157,45.1
1.238,-0.0008,-0.0053,0.009,-0.0023,44.8
1.239,-0.0023,-0.0046,0.012,-0.0128,44.6
1.24,-0.003,-0.006,0.0157,0.003,44.3
1.241,-0.003,-0.0015,0.0157,0.012,44.0
1.242,-0.003,0.003,0.0112,0.018,43.7
1.243,-0.0008,0.0022,0.0082,0.024,43.4
1.244,0.0007,-0.0038,0.0082,0.0142,43.1
1.245,-0.003,-0.0068,0.0105,0.0097,42.8
1.246,-0.0068,-0.006,0.0127,0.0045,42.5
1.247,-0.0075,-0.0046,0.0127,-0.0083,42.3
1.248,-0.0053,0.0,0.009,-0.0068,41.9
1.249,-0.0068,-0.0008,0.009,0.0052,41.7
1.25,-0.0075,-0.0023,0.009,0.0142,41.4
1.251,-0.0046,-0.0015,0.006,0.009,41.0
1.252,-0.0053,0.0,0.0082,0.0022,40.8
1.253,-0.006,0.0022,0.0015,0.0007,40.5
1.254,-0.0046,0.0037,-0.0046,-0.0038,40.2
1.255,-0.0046,0.0037,-0.0046,-0.0098,39.9
1.256,-0.0015,0.003,-0.0083,-0.0128,39.6
1.257,-0.0008,0.0015,-0.003,-0.0098,39.3
1.258,0.0,-0.0008,-0.0008,-0.012,39.0
1.259,0.0,-0.0008,-0.0015,-0.012,38.7
1.26,0.0007,-0.0046,0.0007,0.0037,38.3
1.261,0.0,-0.0083,0.006,0.0255,38.1
1.262,-0.0015,-0.0068,0.0052,0.0217,37.8
1.263,-0.003,-0.003,0.003,0.009,37.4
1.264,-0.0023,0.0022,0.0045,-0.0008,37.1
1.265,0.0015,0.0052,0.0067,-0.027,36.8
1.266,0.003,0.0067,0.009,-0.033,36.5
1.267,0.0037,0.0015,0.0082,-0.0135,36.2
1.268,0.0022,-0.0053,0.009,-0.0083,35.9
1.269,0.003,-0.006,0.0067,-0.0008,35.5
1.27,0.0015,-0.0053,0.0045,0.006,35.2
1.271,-0.0008,-0.0053,-0.0038,-0.006,34.9
1.272,-0.0015,-0.0068,-0.012,-0.0233,34.6
1.273,-0.0046,-0.0015,-0.0143,-0.03,34.3
1.274,-0.0053,0.0015,-0.0113,-0.0158,34.0
1.275,-0.003,0.003,-0.0068,0.0157,33.7
1.276,-0.003,0.003,-0.0053,0.054,33.3
1.277,-0.003,-0.003,-0.0015,0.0675,33.0
1.278,-0.003,-0.0075,0.0037,0.0487,32.7
1.279,-0.0023,-0.012,0.0142,0.0262,32.4
1.28,-0.0008,-0.0143,0.0217,-0.0143,32.0
1.281,0.0015,-0.0113,0.0202,-0.057,31.8
1.282,0.0045,-0.006,0.021,-0.0608,31.4
1.283,0.0045,-0.0008,0.0195,-0.0353,31.1
1.284,0.0075,-0.0008,0.0112,-0.0135,30.7
1.285,0.012,0.003,0.0022,0.0127,30.4
1.286,0.0135,0.0052,-0.003,0.039,30.1
1.287,0.0105,0.0015,-0.0068,0.03,29.7
1.288,0.0052,0.0,-0.0165,0.0142,29.4
1.289,0.003,0.0015,-0.0263,0.0007,29.1
1.29,-0.0015,0.0007,-0.0263,-0.012,28.7
1.291,-0.0046,-0.0015,-0.024,-0.012,28.4
1.292,-0.0038,-0.0008,-0.0248,-0.0158,28.1
1.293,-0.0053,0.0015,-0.0218,-0.0256,27.7
1.294,-0.0015,0.0052,-0.0158,-0.0458,27.4
1.295,-0.0023,0.0082,-0.0113,-0.0578,27.0
1.296,-0.0008,0.0105,-0.0143,-0.0428,26.7
1.297,0.0015,0.009,-0.0188,-0.0203,26.4
1.298,0.0015,0.0082,-0.0158,0.0075,26.1
1.299,0.0007,0.009,-0.0023,0.042,25.7
1.3,0.0045,0.003,0.012,0.066,25.3
1.301,0.009,-0.0053,0.0127,0.0562,25.0
1.302,0.009,-0.0098,0.0037,0.0285,24.7
1.303,0.012,-0.0068,0.009,0.009,24.3
1.304,0.0075,-0.003,0.0195,-0.0046,23.9
1.305,0.0052,0.0,0.0172,-0.0083,23.6
1.306,0.0075,0.0015,0.0232,-0.0068,23.2
1.307,0.0015,0.0007,0.021,-0.0091,22.9
1.308,-0.006,0.0045,0.0135,-0.0218,22.5
1.309,-0.0158,0.006,0.0045,-0.0458,22.1
1.31,-0.0173,0.0082,-0.003,-0.0503,21.8
1.311,-0.0091,0.0082,-0.0038,-0.0256,21.4
1.312,0.003,0.0067,-0.0053,-0.006,21.1
1.313,0.0052,0.0067,0.0015,0.012,20.7
1.314,-0.0008,0.0015,0.003,0.027,20.3
1.315,-0.0023,-0.0023,0.0067,0.0187,20.0
1.316,-0.0046,-0.0053,0.0067,-0.0046,19.6
1.317,-0.0083,-0.0083,0.0015,-0.0256,19.3
1.318,-0.012,-0.0053,0.003,-0.0181,18.9
1.319,-0.0143,-0.0015,0.0007,0.0045,18.5
1.32,-0.0158,0.0,-0.0068,0.0292,18.1
1.321,-0.0105,0.0022,-0.0143,0.0495,17.9
1.322,-0.0023,0.0007,-0.0203,0.0495,17.6
1.323,0.0015,-0.0083,-0.0165,0.0442,17.3
1.324,0.003,-0.0128,0.0045,0.0277,17.0
1.325,0.0067,-0.0083,0.0217,0.006,16.7
1.326,0.0067,-0.0046,0.0217,-0.0075,16.4
1.327,0.0075,-0.0046,0.018,-0.0165,16.1
1.328,0.0045,-0.0046,0.0052,-0.0068,15.8
1.329,0.0045,-0.0068,-0.0091,0.003,15.5
1.33,0.0105,-0.0046,-0.0233,0.0075,15.2
1.331,0.018,0.0007,-0.0315,0.0127,14.9
1.332,0.024,0.003,-0.0263,0.0097,14.6
1.333,0.0195,0.003,-0.0225,0.0037,14.4
1.334,0.0172,0.0015,-0.0158,-0.0023,14.0
1.335,0.0127,0.0,-0.0068,-0.0053,13.8
1.336,0.0045,-0.0046,0.0007,-0.0053,13.5
1.337,0.0045,-0.0053,0.0075,-0.0075,13.2
1.338,0.003,-0.0008,-0.0038,-0.0188,12.9
1.339,0.0015,0.0082,-0.015,-0.024,12.6
1.34,-0.0053,0.012,-0.0173,-0.0165,12.2
1.341,-0.0143,0.0052,-0.0158,-0.0105,12.1
1.342,-0.021,0.0,-0.0105,-0.0008,11.9
1.343,-0.0256,-0.0015,-0.003,0.0157,11.7
1.344,-0.024,-0.003,0.0187,0.0315,11.6
1.345,-0.0195,-0.0046,0.0367,0.0307,11.4
1.346,-0.0135,-0.0053,0.0405,0.018,11.2
1.347,-0.006,-0.0015,0.039,0.0187,11.1
1.348,0.003,0.0015,0.0277,0.018,10.9
1.349,0.009,0.0045,0.0202,0.0195,10.7
1.35,0.0105,0.0022,0.0217,0.0262,10.5
1.351,0.003,-0.0038,0.0622,0.0277,10.4
1.352,-0.0075,-0.006,0.1042,0.0247,10.2
1.353,-0.0083,-0.0015,0.0922,0.0105,10.0
1.354,-0.0068,-0.0023,0.078,-0.0015,9.9
1.355,-0.0203,-0.0075,0.063,-0.0068,9.7
1.356,-0.027,-0.0015,0.0345,-0.0091,9.5
1.357,-0.0233,0.0007,0.0157,-0.0053,9.4
1.358,-0.0233,0.0022,-0.0015,-0.0053,9.2
1.359,-0.0158,0.0067,-0.0068,-0.0053,9.0
1.36,-0.0046,0.0075,-0.0098,-0.0068,8.8
1.361,0.0075,0.0045,-0.0105,-0.0038,8.7
1.362,0.0217,0.0015,-0.0098,-0.0023,8.7
1.363,0.0345,0.0015,-0.0203,-0.0128,8.6
1.364,0.0427,-0.0038,-0.0218,-0.0203,8.5
1.365,0.0405,-0.0075,-0.0248,-0.024,8.5
1.366,0.027,-0.006,-0.0285,-0.0158,8.4
1.367,0.0105,-0.0038,-0.027,0.0052,8.3
1.368,-0.0113,-0.0046,-0.0315,0.0195,8.2
1.369,-0.0203,-0.0053,-0.0458,0.0165,8.2
1.37,-0.0233,-0.0068,-0.048,0.009,8.1
1.371,-0.027,-0.012,-0.0293,0.0022,8.0
1.372,-0.0195,-0.0105,-0.0091,-0.0023,8.0
1.373,-0.0128,-0.012,0.009,-0.003,7.9
1.374,-0.0023,-0.0075,0.0067,-0.0023,7.8
1.375,0.009,0.0007,0.0007,-0.003,7.7
1.376,0.0187,0.0045,-0.003,-0.0046,7.6
1.377,0.0225,0.009,-0.0143,-0.0113,7.6
1.378,0.0157,0.0082,-0.0173,-0.0158,7.5
1.379,0.0157,0.0082,-0.0181,-0.0173,7.5
1.38,0.018,0.0097,-0.0165,-0.0143,7.3
1.381,0.0135,0.0097,-0.0135,-0.0015,7.3
1.382,0.018,0.012,-0.0188,0.0082,7.3
1.383,0.0277,0.0112,-0.0233,0.009,7.3
1.384,0.0232,0.0112,-0.0293,0.0037,7.2
1.385,0.0142,0.0082,-0.0375,-0.0068,7.2
1.386,0.0045,0.0067,-0.0338,-0.0143,7.2
1.387,0.0007,0.0052,-0.0113,-0.0173,7.2
1.388,-0.0015,-0.0046,0.0315,-0.0158,7.1
1.389,-0.0225,-0.015,0.0712,-0.0053,7.1
1.39,-0.033,-0.0203,0.0667,0.0045,7.0
1.391,-0.0233,-0.0143,0.036,0.0082,7.0
1.392,-0.0143,-0.0098,0.0217,0.003,7.0
1.393,-0.0105,-0.0083,0.0037,-0.003,6.9
1.394,-0.0046,-0.0091,-0.0098,-0.0053,6.9
1.395,-0.0008,-0.0158,-0.0158,-0.0068,6.9
1.396,-0.0008,-0.0181,-0.0218,-0.0046,6.8
1.397,-0.0008,-0.0285,-0.0203,-0.0023,6.8
1.398,-0.0008,-0.0338,-0.0173,-0.0053,6.7
1.399,0.0045,-0.0323,-0.0165,-0.0091,6.7
1.4,0.003,-0.0308,-0.015,-0.0105,6.7
1.401,0.0007,-0.0091,-0.0128,-0.0105,6.7
1.402,0.0022,0.012,-0.0203,-0.0105,6.7
1.403,-0.0083,0.0217,-0.0308,-0.0068,6.7
1.404,-0.0135,0.0322,-0.024,0.0052,6.7
1.405,-0.0068,0.0382,-0.0105,0.015,6.7
1.406,-0.0008,0.039,-0.0053,0.0172,6.7
1.407,0.006,0.0292,0.0007,0.0097,6.7
1.408,0.0165,0.0165,0.0067,0.0045,6.7
1.409,0.0232,0.021,0.0067,-0.0015,6.7
1.41,0.0097,0.0202,0.012,-0.003,6.7
1.411,-0.0046,0.0195,0.018,-0.0046,6.7
1.412,-0.0098,0.0285,0.0157,-0.012,6.7
1.413,-0.0105,0.0397,0.003,-0.012,6.7
1.414,-0.0053,0.054,-0.0158,-0.0091,6.7
1.415,-0.0015,0.0495,-0.0293,-0.006,6.6
1.416,0.0022,0.024,-0.0338,-0.0023,6.6
1.417,0.0,0.0,-0.0278,-0.0008,6.6
1.418,0.0067,-0.0105,-0.0278,-0.0015,6.6
1.419,0.024,-0.0113,-0.0368,-0.0015,6.6
1.42,0.0322,-0.0113,-0.0353,0.0045,6.6
1.421,0.0382,-0.0128,-0.0233,0.0075,6.6
1.422,0.0405,-0.0195,-0.0105,0.0105,6.7
1.423,0.0315,-0.021,0.0045,0.0105,6.7
1.424,0.0225,-0.0203,0.009,0.0075,6.8
1.425,0.0112,-0.0203,0.003,0.0052,6.8
1.426,-0.0015,-0.0225,-0.0023,0.0037,6.9
1.427,-0.0068,-0.0256,0.0015,0.0052,6.9
1.428,-0.0135,-0.0248,0.0105,0.0007,7.0
1.429,-0.0218,-0.0203,0.012,-0.0091,7.0
1.43,-0.0346,-0.0105,0.0172,-0.0128,7.1
1.431,-0.0405,-0.0046,0.024,-0.0075,7.2
1.432,-0.0368,-0.0068,0.0232,0.0075,7.2
1.433,-0.0383,-0.0128,0.0307,0.0202,7.2
1.434,-0.0383,-0.0181,0.0382,0.021,7.3
1.435,-0.045,-0.0165,0.0345,0.0157,7.3
1.436,-0.0495,-0.0098,0.0277,0.009,7.4
1.437,-0.057,-0.0068,0.0465,0.0067,7.5
1.438,-0.06,-0.012,0.0615,0.0052,7.5
1.439,-0.0465,-0.0113,0.0622,0.003,7.6
1.44,-0.024,-0.0083,0.0675,-0.0015,7.6
1.441,0.0045,-0.0053,0.0592,-0.0015,7.7
1.442,0.0315,-0.006,0.0555,0.0015,7.8
1.443,0.0615,-0.0053,0.0592,0.0052,7.9
1.444,0.0765,-0.0015,0.0622,0.012,8.0
1.445,0.072,0.0,0.0652,0.0097,8.1
1.446,0.0517,-0.0008,0.063,0.0075,8.1
1.447,0.039,-0.0015,0.048,0.0015,8.2
1.448,0.0307,0.0015,0.0315,-0.0053,8.3
1.449,0.0202,-0.0008,0.0157,-0.0083,8.4
1.45,0.018,-0.0038,-0.0008,-0.015,8.5
1.451,0.0142,-0.0023,-0.0046,-0.0158,8.5
1.452,-0.0053,0.0,-0.0135,-0.0143,8.6
1.453,-0.0308,0.0052,-0.0203,-0.0128,8.7
1.454,-0.048,0.0067,-0.0278,-0.012,8.8
1.455,-0.0623,0.0067,-0.039,-0.0091,8.9
1.456,-0.0555,0.006,-0.0428,-0.0083,9.0
1.457,-0.0383,0.0022,-0.0405,-0.0098,9.1
1.458,-0.015,0.003,-0.0383,-0.0068,9.2
1.459,0.0052,0.0082,-0.039,-0.0046,9.3
1.46,0.0165,0.0135,-0.0465,-0.0015,9.4
1.461,0.0345,0.018,-0.0548,0.0,9.4
1.462,0.0517,0.0217,-0.0653,-0.0038,9.4
1.463,0.0615,0.0142,-0.0713,-0.0083,9.3
1.464,0.0615,0.003,-0.057,-0.0135,9.3
1.465,0.0532,-0.0046,-0.0405,-0.0173,9.2
1.466,0.0352,-0.0008,-0.0293,-0.0143,9.2
1.467,0.009,0.0045,-0.0165,-0.0091,9.2
1.468,-0.0053,0.0075,-0.0128,-0.0113,9.1
1.469,0.0105,0.009,-0.0173,-0.012,9.1
1.47,0.0142,0.0067,-0.021,-0.012,9.0
1.471,-0.0008,0.0052,-0.015,-0.0113,9.0
1.472,-0.0135,0.003,-0.012,-0.0105,9.0
1.473,-0.0285,-0.0015,-0.0165,-0.0105,9.0
1.474,-0.0203,-0.0008,-0.015,-0.0075,8.9
1.475,-0.0188,0.003,-0.0128,-0.0053,8.9
1.476,-0.0233,0.0067,-0.0195,-0.0068,8.9
1.477,-0.0293,0.0045,-0.0165,-0.0083,8.8
1.478,-0.0315,0.0015,-0.0143,-0.0083,8.8
1.479,-0.0091,0.0015,-0.0173,-0.0091,8.8
1.48,0.0015,-0.0015,-0.0143,-0.0083,8.7
1.481,-0.0023,-0.0046,-0.003,-0.0015,8.8
1.482,-0.0098,-0.0075,0.0052,0.0045,8.9
1.483,-0.0165,-0.006,-0.0023,0.0082,9.0
1.484,0.0045,0.0007,-0.0046,0.0105,9.1
1.485,0.0457,0.0082,-0.0195,0.0105,9.2
1.486,0.0817,0.0112,-0.033,0.0105,9.3
1.487,0.0832,0.0045,-0.0128,0.0067,9.4
1.488,0.0555,-0.0083,0.0157,0.0045,9.4
1.489,0.0165,-0.0203,0.0352,0.0022,9.5
1.49,-0.0181,-0.0181,0.045,0.0015,9.7
1.491,-0.0383,-0.0105,0.0502,0.0082,9.8
1.492,-0.0458,-0.0091,0.0442,0.0105,9.9
1.493,-0.0308,-0.0053,0.0412,0.0142,9.9
1.494,-0.024,-0.0053,0.042,0.0172,10.0
1.495,-0.027,-0.003,0.042,0.018,10.1
1.496,-0.0293,-0.0008,0.0457,0.018,10.2
1.497,-0.0368,0.0007,0.045,0.018,10.3
1.498,-0.0368,0.0022,0.048,0.0172,10.4
1.499,-0.0458,-0.0008,0.039,0.0165,10.5
1.5,-0.0698,-0.0015,0.0187,0.015,10.6
1.501,-0.0773,-0.003,0.0075,0.012,10.7
1.502,-0.0615,-0.003,-0.0083,0.0082,10.9
1.503,-0.0346,0.0052,-0.0165,0.0067,11.0
1.504,-0.0015,0.0067,-0.0181,0.0045,11.2
1.505,0.0232,0.0007,-0.0158,0.0007,11.3
1.506,0.0502,-0.0046,-0.0143,-0.0015,11.4
1.507,0.0697,-0.003,-0.0218,-0.003,11.5
1.508,0.0735,0.0007,-0.0278,-0.0038,11.7
1.509,0.0885,0.0007,-0.027,-0.0046,11.8
1.51,0.0975,0.0052,-0.0256,-0.0038,11.9
1.511,0.1005,0.003,-0.027,-0.0046,12.1
1.512,0.075,-0.0038,-0.0181,-0.0083,12.2
1.513,0.0082,-0.0068,-0.0091,-0.0075,12.3
1.514,-0.0503,-0.0091,-0.0083,-0.0068,12.5
1.515,-0.063,-0.0083,-0.0128,-0.0083,12.6
1.516,-0.033,-0.0068,-0.0068,-0.0046,12.7
1.517,-0.0143,-0.0008,0.006,0.0007,12.8
1.518,-0.0165,0.0052,0.0157,0.0007,13.0
1.519,-0.0173,0.0052,0.0255,-0.0038,13.1
1.52,-0.0218,0.0075,0.0127,-0.006,13.2
1.521,-0.0256,0.009,-0.003,-0.0038,13.3
1.522,-0.0181,0.009,-0.0068,0.0,13.4
1.523,-0.0075,0.0067,-0.0105,-0.0015,13.5
1.524,0.0037,0.0037,-0.0165,-0.0046,13.5
1.525,0.0067,0.003,-0.0158,-0.003,13.6
1.526,-0.0008,0.0037,-0.0143,-0.0038,13.6
1.527,-0.0105,0.0037,-0.0256,-0.003,13.7
1.528,-0.0143,0.003,-0.0346,-0.0023,13.8
1.529,-0.0181,0.0015,-0.0278,-0.0015,13.9
1.53,-0.0218,0.0022,-0.0203,-0.0015,13.9
1.531,-0.0225,0.003,-0.0181,-0.0008,14.0
1.532,-0.0203,0.0037,-0.0195,0.0,14.1
1.533,-0.0165,0.0075,-0.0285,0.0,14.1
1.534,-0.0188,0.0067,-0.0233,-0.0008,14.2
1.535,-0.0105,0.0045,-0.0068,0.0,14.3
1.536,0.0045,-0.003,0.003,-0.0008,14.4
1.537,0.009,-0.0098,-0.0023,-0.0023,14.4
1.538,0.0142,-0.0075,-0.0008,-0.0015,14.5
1.539,0.0202,0.0,0.0075,-0.0023,14.5
1.54,0.0345,0.0007,0.0157,-0.0015,14.6
1.541,0.0502,-0.0015,0.0285,-0.0015,14.6
1.542,0.0645,-0.0046,0.0262,-0.003,14.6
1.543,0.063,-0.0038,0.0247,-0.0023,14.6
1.544,0.042,-0.0008,0.0232,0.0,14.5
1.545,0.0292,0.0007,0.012,0.003,14.5
1.546,0.0202,0.0045,0.0067,0.0052,14.5
1.547,0.018,0.0045,0.0015,0.0052,14.4
1.548,0.0202,0.003,-0.003,0.0045,14.4
1.549,0.0157,0.0015,-0.0083,0.003,14.4
1.55,0.0067,-0.0008,-0.0113,0.0015,14.4
1.551,-0.0053,0.003,-0.0165,0.0,14.3
1.552,-0.0083,0.0052,-0.0128,0.0015,14.3
1.553,-0.0135,-0.0008,0.0075,0.003,14.3
1.554,-0.0218,-0.0053,0.0157,0.0015,14.2
1.555,-0.024,-0.006,0.0195,0.0015,14.2
1.556,-0.0256,-0.003,0.0255,0.003,14.2
1.557,-0.03,-0.0008,0.0255,0.0037,14.1
1.558,-0.0443,-0.0023,0.03,0.0045,14.1
1.559,-0.0405,-0.003,0.0322,0.006,14.1
1.56,-0.0368,-0.0053,0.0345,0.0082,14.0
1.561,-0.0368,-0.0038,0.0345,0.006,13.9
1.562,-0.0248,-0.0015,0.03,0.0045,13.9
1.563,-0.0105,-0.0046,0.024,0.0045,13.8
1.564,0.0015,-0.0075,0.0135,0.003,13.7
1.565,0.0135,-0.0098,0.0082,0.0022,13.6
1.566,0.0202,-0.0075,0.0105,0.0067,13.5
1.567,0.0202,-0.0038,0.0127,0.0067,13.5
1.568,0.024,-0.003,0.0105,0.0052,13.4
1.569,0.03,-0.0015,0.0067,0.0007,13.3
1.57,0.0255,-0.0046,0.0045,-0.0015,13.2
1.571,0.0105,-0.0075,0.0052,0.0007,13.1
1.572,0.0082,-0.0023,0.0105,0.0037,13.0
1.573,0.015,0.003,0.0127,0.0045,13.0
1.574,0.0105,0.0037,0.0157,0.0015,12.9
1.575,-0.003,0.0007,0.018,-0.0015,12.8
1.576,-0.0143,-0.0053,0.0165,-0.0015,12.7
1.577,-0.0181,-0.0083,0.0217,0.0007,12.6
1.578,-0.0128,-0.0091,0.0202,0.0022,12.6
1.579,-0.0128,-0.0075,0.018,0.0015,12.5
1.58,-0.0098,-0.0053,0.0165,0.0007,12.3
1.581,-0.0075,-0.0015,0.0112,0.0015,12.3
1.582,-0.012,0.0015,0.0082,0.0037,12.3
1.583,-0.0158,-0.0008,0.0052,0.0052,12.3
1.584,-0.0218,0.0015,0.003,0.0045,12.3
1.585,-0.0256,-0.0008,-0.0008,0.003,12.3
1.586,-0.0285,-0.0008,-0.0046,0.0022,12.3
1.587,-0.0256,0.0015,-0.0046,0.0015,12.3
1.588,-0.0143,0.0015,-0.0083,0.0007,12.3
1.589,-0.0046,0.0037,-0.0091,-0.0015,12.3
1.59,0.0045,0.0045,-0.012,-0.0015,12.3
1.591,0.0105,0.003,-0.0165,-0.0023,12.3
1.592,0.0135,-0.003,-0.0098,-0.003,12.3
1.593,0.018,-0.0075,-0.0008,-0.0038,12.3
1.594,0.0165,-0.0091,0.0052,-0.003,12.3
1.595,0.0097,-0.0068,0.009,-0.0038,12.3
1.596,-0.0015,-0.0023,0.0067,-0.0053,12.3
1.597,-0.0128,-0.0008,0.0015,-0.0046,12.3
1.598,-0.0195,0.0007,0.0015,-0.0046,12.3
1.599,-0.0225,0.0007,0.0105,-0.0046,12.3
1.6,-0.0181,0.0007,0.0157,-0.0038,12.2
1.601,-0.0008,0.0022,0.006,-0.0075,12.3
1.602,0.0142,0.0015,-0.0105,-0.0091,12.3
1.603,0.0157,0.003,-0.0105,-0.0091,12.4
1.604,0.015,0.0045,0.0007,-0.0083,12.4
1.605,0.0007,0.0045,0.0052,-0.0091,12.5
1.606,-0.0105,-0.003,0.0075,-0.0105,12.5
1.607,-0.012,-0.0068,0.0142,-0.0083,12.5
1.608,-0.0068,-0.003,0.0232,-0.0053,12.6
1.609,0.0142,0.0,0.0187,-0.0068,12.6
1.61,0.0172,-0.0008,0.0135,-0.0053,12.6
1.611,0.0127,-0.0015,0.006,-0.0046,12.7
1.612,0.015,0.0015,-0.0113,-0.0046,12.7
1.613,0.0135,0.0052,-0.0233,-0.0053,12.8
1.614,0.0217,0.006,-0.033,-0.0068,12.8
1.615,0.0345,0.0045,-0.0398,-0.0053,12.9
1.616,0.0375,0.0007,-0.039,-0.0068,12.9
1.617,0.021,-0.0015,-0.0353,-0.0068,12.9
1.618,0.006,0.0,-0.0278,-0.0046,13.0
1.619,0.0007,0.0015,-0.024,-0.0015,13.0
1.62,-0.0046,0.0022,-0.0263,-0.0015,13.0
1.621,-0.003,0.003,-0.027,-0.003,13.1
1.622,-0.0046,0.003,-0.027,-0.0008,13.1
1.623,-0.0091,0.003,-0.0308,-0.0008,13.1
1.624,-0.0038,0.0037,-0.0353,-0.0015,13.2
1.625,0.0007,0.0037,-0.0338,-0.0015,13.2
1.626,0.0015,0.0022,-0.0315,-0.003,13.2
1.627,0.0015,0.0007,-0.027,-0.0015,13.3
1.628,0.0,0.003,-0.0158,0.0,13.3
1.629,-0.0008,0.003,-0.0091,0.0007,13.4
1.63,0.0015,0.0037,-0.0128,0.0015,13.4
1.631,0.0045,0.0045,-0.0173,-0.0008,13.4
1.632,0.0022,0.0022,-0.0158,0.0015,13.5
1.633,-0.0023,0.003,-0.0188,0.003,13.5
1.634,-0.0023,0.0037,-0.0248,0.0007,13.5
1.635,0.0007,0.0067,-0.0405,-0.0015,13.5
1.636,0.0045,0.009,-0.0548,-0.003,13.6
1.637,0.009,0.0105,-0.0615,-0.0053,13.6
1.638,0.009,0.0112,-0.063,-0.0075,13.7
1.639,0.012,0.0105,-0.0593,-0.0083,13.7
1.64,0.0157,0.009,-0.054,-0.0075,13.7
1.641,0.0135,0.0067,-0.048,-0.006,13.7
1.642,0.0135,0.006,-0.0458,-0.0083,13.7
1.643,0.0172,0.0045,-0.0405,-0.0091,13.7
1.644,0.018,0.003,-0.0368,-0.0068,13.7
1.645,0.0202,0.006,-0.0383,-0.0053,13.7
1.646,0.0217,0.0052,-0.033,-0.0046,13.7
1.647,0.0262,0.0082,-0.0278,-0.0015,13.7
1.648,0.0352,0.0105,-0.0218,-0.0015,13.7
1.649,0.042,0.009,-0.0143,-0.0015,13.7
1.65,0.0345,0.006,-0.0113,-0.0046,13.7
1.651,0.0165,0.0,-0.0105,-0.003,13.7
1.652,0.0052,-0.0015,-0.0068,-0.0015,13.7
1.653,-0.0091,-0.0023,0.0007,-0.0008,13.7
1.654,-0.0195,-0.003,0.0067,-0.0008,13.7
1.655,-0.0181,-0.0008,0.0045,-0.0023,13.7
1.656,-0.0188,-0.0008,0.0052,0.0,13.7
1.657,-0.012,0.0022,0.0037,0.0022,13.7
1.658,-0.0105,0.003,0.0015,0.0015,13.7
1.659,-0.0128,0.0015,0.009,0.0015,13.7
1.66,-0.0098,0.0,0.0217,0.0015,13.7
1.661,-0.0098,-0.0023,0.0322,0.003,13.7
1.662,-0.0083,-0.0023,0.0352,0.0037,13.6
1.663,-0.0105,-0.0046,0.0292,0.0045,13.5
1.664,-0.0105,-0.0068,0.0232,0.0022,13.5
1.665,-0.0038,-0.006,0.0195,0.0007,13.5
1.666,0.0045,-0.0015,0.018,0.0022,13.4
1.667,0.0067,-0.0023,0.0217,0.003,13.3
1.668,0.0045,-0.0068,0.018,0.003,13.3
1.669,0.0045,-0.006,0.0082,0.0015,13.2
1.67,0.0,-0.0038,0.0045,0.0007,13.1
1.671,-0.0068,-0.0038,0.0015,0.0,13.1
1.672,-0.0068,-0.0015,0.0015,-0.0008,13.0
1.673,-0.0046,0.0007,0.009,0.0015,13.0
1.674,-0.0008,0.003,0.012,0.003,12.9
1.675,0.0082,0.0045,0.0067,0.0015,12.9
1.676,0.012,0.0045,0.0037,0.0007,12.8
1.677,0.006,-0.0008,0.009,-0.0008,12.8
1.678,0.0037,-0.0053,0.009,-0.0023,12.7
1.679,0.0052,-0.0046,0.0045,-0.0008,12.6
1.68,0.0015,-0.0053,0.0082,-0.0008,12.6
1.681,-0.0015,-0.0046,0.0105,-0.0008,12.6
1.682,-0.0091,-0.0038,0.0135,0.0007,12.5
1.683,-0.012,-0.0038,0.0172,0.003,12.4
1.684,-0.0098,-0.0038,0.0165,0.003,12.4
1.685,-0.0128,-0.003,0.0127,0.003,12.3
1.686,-0.0113,-0.0038,0.0142,0.0015,12.3
1.687,-0.0143,-0.0046,0.0127,0.0022,12.2
1.688,-0.0173,-0.0053,0.0097,0.0007,12.1
1.689,-0.0143,-0.0046,0.009,0.0015,12.1
1.69,-0.0105,-0.0038,0.0082,0.003,12.1
1.691,-0.0083,-0.003,0.009,0.003,12.0
1.692,-0.0075,-0.0046,0.0022,0.0015,12.0
1.693,-0.0053,-0.0046,-0.0015,0.0015,11.9
1.694,-0.0023,-0.003,-0.0015,-0.0008,11.8
1.695,0.0022,-0.0038,-0.003,0.0007,11.8
1.696,0.0075,-0.0008,0.0022,0.003,11.7
1.697,0.0082,0.0,0.0082,0.0015,11.7
1.698,0.0052,-0.0008,0.0105,0.0022,11.6
1.699,0.003,-0.0008,0.015,0.003,11.6
1.7,0.003,-0.003,0.024,0.0052,11.5
1.701,-0.0023,-0.003,0.0217,0.0045,11.5
1.702,-0.0023,-0.0038,0.0157,0.0022,11.4
1.703,0.0007,-0.0053,0.0202,0.0037,11.4
1.704,-0.0015,-0.003,0.024,0.0015,11.3
1.705,-0.0046,-0.0046,0.0307,0.0022,11.3
1.706,-0.0053,-0.006,0.0345,0.003,11.3
1.707,-0.0046,-0.0083,0.0352,0.0022,11.2
1.708,-0.0075,-0.0068,0.0337,0.003,11.2
1.709,-0.0053,-0.0046,0.039,0.006,11.2
1.71,-0.0083,-0.006,0.048,0.0075,11.1
1.711,-0.0158,-0.0091,0.0502,0.0075,11.1
1.712,-0.0173,-0.0091,0.0555,0.009,11.0
1.713,-0.0248,-0.0098,0.0637,0.0105,11.0
1.714,-0.03,-0.0083,0.0585,0.0105,10.9
1.715,-0.0278,-0.0083,0.0532,0.0075,10.9
1.716,-0.021,-0.0098,0.0532,0.0082,10.9
1.717,-0.0173,-0.0083,0.0525,0.0082,10.8
1.718,-0.0143,-0.0075,0.0487,0.0067,10.8
1.719,-0.0113,-0.0053,0.0427,0.0045,10.7
1.72,-0.0113,-0.0015,0.0352,0.0045,10.7
1.721,-0.0083,-0.0015,0.027,0.0037,10.7
1.722,-0.0053,0.0007,0.0232,0.003,10.7
1.723,-0.003,0.0007,0.0195,0.0045,10.6
1.724,-0.003,0.0007,0.0157,0.003,10.6
1.725,-0.0046,0.0015,0.009,0.0022,10.5
1.726,-0.0023,0.0007,0.006,0.0022,10.5
1.727,-0.003,-0.0015,0.012,0.0007,10.5
1.728,-0.0038,-0.0046,0.0165,0.0015,10.4
1.729,-0.003,-0.006,0.018,0.003,10.4
1.73,-0.0038,-0.0038,0.0142,0.0015,10.4
1.731,0.0,-0.0015,0.009,0.0015,10.3
1.732,0.0015,-0.003,0.0075,0.0015,10.3
1.733,0.0015,-0.0023,0.0067,-0.0008,10.3
1.734,0.0015,-0.0015,0.0067,-0.0015,10.3
1.735,0.0045,-0.0015,0.0015,-0.0008,10.2
1.736,0.0067,0.0,0.0,-0.0008,10.2
1.737,0.0037,-0.0015,0.003,0.0007,10.2
1.738,0.003,-0.0023,0.0045,0.0,10.1
1.739,0.0015,-0.0015,0.0022,-0.0008,10.1
1.74,0.0015,0.0015,0.003,0.0007,10.0
1.741,0.003,0.0007,0.0045,-0.0008,10.0
1.742,0.0015,-0.0008,0.0007,-0.0015,10.0
1.743,0.0015,0.0,0.0007,0.0007,9.9
1.744,-0.0008,-0.0008,0.0022,0.0,9.9
1.745,0.0015,-0.0008,-0.0023,-0.0008,9.8
1.746,0.003,0.0007,-0.0053,-0.003,9.8
1.747,0.0052,0.0015,-0.0098,-0.0053,9.7
1.748,0.0082,0.0022,-0.0143,-0.0046,9.6
1.749,0.009,0.003,-0.0173,-0.0053,9.6
1.75,0.0127,0.003,-0.0181,-0.0038,9.5
1.751,0.0105,0.003,-0.0218,-0.0046,9.5
1.752,0.012,0.0052,-0.027,-0.006,9.4
1.753,0.0127,0.0045,-0.0278,-0.0046,9.4
1.754,0.0105,0.0037,-0.0293,-0.0068,9.3
1.755,0.0097,0.0037,-0.0338,-0.0075,9.3
1.756,0.0082,0.003,-0.0353,-0.0068,9.2
1.757,0.0082,0.0037,-0.0375,-0.0053,9.2
1.758,0.0105,0.0037,-0.039,-0.0046,9.1
1.759,0.0127,0.0052,-0.0405,-0.0053,9.0
1.76,0.0142,0.0067,-0.0368,-0.0038,9.0
1.761,0.0142,0.0052,-0.0353,-0.0046,9.0
1.762,0.0135,0.0075,-0.0361,-0.0046,8.9
1.763,0.0127,0.0082,-0.033,-0.0046,8.9
1.764,0.0127,0.0037,-0.024,-0.0068,8.8
1.765,0.009,0.0015,-0.0158,-0.006,8.8
1.766,0.0082,0.0007,-0.0128,-0.0053,8.7
1.767,0.0037,0.0007,-0.0105,-0.0046,8.7
1.768,0.0007,0.0007,-0.015,-0.003,8.6
1.769,0.0007,0.0015,-0.0165,-0.0015,8.6
1.77,0.0007,0.003,-0.0181,-0.0023,8.5
1.771,0.0015,0.003,-0.0225,-0.0008,8.5
1.772,0.0007,0.0015,-0.0128,-0.0008,8.4
1.773,0.003,0.0015,-0.0091,-0.0015,8.4
1.774,0.0015,0.0037,-0.0128,-0.003,8.3
1.775,0.003,0.003,-0.0181,-0.0038,8.3
1.776,0.0052,0.0022,-0.0195,-0.0015,8.2
1.777,0.003,0.003,-0.0113,-0.0015,8.2
1.778,0.0037,0.0015,-0.006,-0.0015,8.1
1.779,0.0007,0.0015,-0.0023,0.0007,8.1
1.78,-0.0015,0.0007,-0.0023,0.0,8.0
1.781,-0.0015,0.0007,-0.0038,-0.0015,8.0
1.782,-0.0015,0.0,-0.0038,-0.0023,8.0
1.783,0.0,-0.0008,-0.0038,0.0007,7.9
1.784,0.0,0.0015,-0.0046,0.0,7.8
1.785,0.0015,0.0022,-0.012,-0.003,7.8
1.786,0.0045,0.0015,-0.015,-0.003,7.7
1.787,0.0052,0.003,-0.0135,-0.0038,7.6
1.788,0.0067,0.0045,-0.0135,-0.0046,7.6
1.789,0.009,0.0037,-0.015,-0.0053,7.6
1.79,0.0067,0.0015,-0.0158,-0.0038,7.5
1.791,0.0045,0.0007,-0.0181,-0.003,7.4
1.792,0.0052,0.003,-0.024,-0.003,7.4
1.793,0.0052,0.0045,-0.0203,-0.0015,7.3
1.794,0.0045,0.0045,-0.015,-0.003,7.2
1.795,0.003,0.0037,-0.0135,-0.0046,7.2
1.796,0.0045,0.003,-0.0128,-0.003,7.2
1.797,0.0067,0.0015,-0.0135,-0.0023,7.1
1.798,0.0052,0.003,-0.012,-0.0008,7.0
1.799,0.0045,0.0015,-0.0098,0.0,7.0
1.8,0.006,0.0,-0.0053,0.0007,6.9
1.801,0.0007,-0.0023,-0.003,0.0007,6.9
1.802,-0.0008,-0.003,-0.0046,-0.0008,6.8
1.803,0.003,0.0007,-0.0105,-0.0046,6.8
1.804,0.0015,0.0,-0.0128,-0.0046,6.7
1.805,0.0007,-0.0008,-0.0098,-0.0023,6.7
1.806,0.0,-0.0015,-0.0083,-0.0015,6.7
1.807,0.0015,-0.003,-0.0091,-0.0023,6.6
1.808,0.0007,-0.0008,-0.012,-0.0008,6.6
1.809,0.0,0.0,-0.0113,0.0015,6.5
1.81,-0.0008,0.0007,-0.0075,0.0022,6.5
1.811,-0.0015,0.0007,-0.0046,0.0015,6.5
1.812,-0.0015,0.0015,0.0007,0.0015,6.4
1.813,-0.003,0.0007,0.0045,0.0015,6.4
1.814,-0.003,0.0022,0.0015,0.0015,6.3
1.815,-0.0038,0.0022,0.0037,0.0007,6.3
1.816,-0.0053,0.0007,0.009,-0.0008,6.3
1.817,-0.003,0.0007,0.009,0.0,6.2
1.818,-0.0008,-0.0008,0.0067,0.0007,6.2
1.819,-0.0008,0.0,-0.0023,-0.0008,6.1
1.82,0.0015,-0.0008,-0.0008,0.0007,6.0
1.821,0.0015,-0.0023,0.0075,0.0015,6.0
1.822,-0.0008,-0.0015,0.003,-0.0015,6.0
1.823,0.0052,-0.003,0.0015,0.0007,5.9
1.824,0.0022,-0.0038,0.0037,0.0015,5.9
1.825,0.0,-0.0015,0.0007,-0.0008,5.9
1.826,0.0007,-0.0008,0.0022,0.0007,5.8
1.827,-0.0015,-0.0023,0.0052,0.0,5.8
1.828,-0.0023,-0.003,0.0052,-0.0008,5.8
1.829,-0.0053,0.0,0.0045,-0.0015,5.7
1.83,-0.0023,0.0015,0.0,-0.0053,5.7
1.831,0.0,-0.0008,-0.0008,-0.0046,5.7
1.832,-0.0023,-0.003,0.0045,-0.003,5.6
1.833,-0.0053,-0.0046,0.0105,0.0007,5.6
1.834,-0.0083,-0.006,0.0172,0.0007,5.5
1.835,-0.0075,-0.0068,0.018,-0.0046,5.5
1.836,-0.0075,-0.0068,0.0217,-0.0068,5.4
1.837,-0.0083,-0.0068,0.0217,-0.0083,5.4
1.838,-0.0083,-0.0046,0.018,-0.0068,5.4
1.839,-0.0075,-0.0053,0.0202,-0.0023,5.3
1.84,-0.0075,-0.0068,0.0172,-0.0015,5.3
1.841,-0.006,-0.003,0.015,-0.0008,5.3
1.842,-0.0046,-0.0015,0.0127,-0.0008,5.2
1.843,-0.0038,-0.003,0.0127,0.0007,5.2
1.844,-0.003,-0.0023,0.0127,0.0015,5.1
1.845,-0.003,-0.0023,0.009,0.003,5.1
1.846,-0.0038,-0.0008,0.0105,0.0052,5.0
1.847,-0.003,0.0,0.0105,0.0052,5.0
1.848,-0.0038,-0.0008,0.0082,0.003,4.9
1.849,-0.0053,-0.0015,0.009,0.003,4.9
1.85,-0.0053,-0.0015,0.0082,0.0015,4.9
1.851,-0.0015,0.0007,-0.006,-0.003,4.8
1.852,0.0045,0.003,-0.0181,-0.0015,4.8
1.853,0.0045,0.003,-0.0083,0.0015,4.7
1.854,0.0015,0.0007,0.0075,0.0052,4.7
1.855,-0.0015,-0.003,0.0195,0.0045,4.6
1.856,0.0007,-0.0015,0.0022,-0.0008,4.6
1.857,0.0052,0.0007,0.0015,-0.0008,4.5
1.858,0.0007,-0.0015,0.0165,0.0007,4.5
1.859,-0.0008,0.0,0.0135,0.0015,4.5
1.86,-0.0023,-0.0008,0.0157,0.0015,4.4
1.861,-0.0015,0.0,0.0082,0.0007,4.4
1.862,-0.0015,-0.0008,0.0127,0.003,4.3
1.863,-0.0053,-0.003,0.018,0.0015,4.3
1.864,-0.0046,-0.0053,0.0202,0.0007,4.2
1.865,-0.0053,-0.0046,0.0195,0.0015,4.2
1.866,-0.0015,-0.003,0.015,-0.0008,4.2
1.867,-0.0008,-0.0046,0.018,0.003,4.1
1.868,-0.0008,-0.0015,0.0127,0.003,4.1
1.869,0.0015,0.0015,0.0097,0.0007,4.0
1.87,0.0,0.003,0.0052,-0.0008,4.0
1.871,0.0007,0.003,0.006,0.0,4.0
1.872,-0.0015,0.0015,0.009,0.003,3.9
1.873,-0.0023,0.003,0.0082,0.0022,3.9
1.874,-0.0015,0.0007,0.0045,0.0015,3.8
1.875,-0.0023,0.0007,-0.0038,0.0015,3.8
1.876,-0.0008,0.0007,-0.0008,0.003,3.8
1.877,-0.0046,-0.0008,0.0015,0.0015,3.7
1.878,-0.0053,-0.0023,-0.0008,0.0015,3.7
1.879,-0.0023,-0.0023,0.0015,0.003,3.6
1.88,-0.0046,-0.0053,0.006,0.0045,3.6
1.881,-0.0053,-0.0083,0.0067,0.006,3.6
1.882,-0.0053,-0.0068,0.0022,0.0082,3.6
1.883,-0.003,-0.0015,0.0015,0.0045,3.6
1.884,-0.0046,-0.0015,0.0037,0.0,3.5
1.885,-0.0046,-0.0023,0.0007,-0.0023,3.5
1.886,-0.0008,0.0,-0.003,-0.0046,3.5
1.887,-0.0008,-0.0015,-0.0046,-0.0046,3.5
1.888,0.0007,-0.0038,-0.0038,-0.006,3.5
1.889,0.0,-0.0053,0.0,-0.003,3.4
1.89,0.0,-0.0008,-0.0015,-0.0015,3.4
1.891,0.0037,0.0015,-0.0083,-0.0015,3.4
1.892,0.0082,0.003,-0.0098,0.0,3.4
1.893,0.0105,0.0045,-0.0008,0.0007,3.4
1.894,0.0105,0.0022,0.003,0.0007,3.3
1.895,0.0105,0.003,0.0,-0.0008,3.3
1.896,0.0067,0.0,0.003,0.0,3.3
1.897,0.0045,-0.0015,0.003,0.0007,3.3
1.898,0.003,-0.0015,0.0007,0.0007,3.3
1.899,0.0045,-0.0008,0.0022,0.003,3.2
1.9,0.0007,0.0,0.0045,0.0045,3.2
1.901,-0.003,0.0015,0.0015,0.0045,3.2
1.902,-0.0008,0.0045,-0.006,0.0022,3.2
1.903,-0.0008,0.0022,-0.0083,0.0007,3.2
1.904,0.0007,0.0015,-0.0105,-0.0008,3.2
1.905,0.0015,0.0015,-0.0135,-0.0008,3.2
1.906,0.0045,0.0015,-0.0165,-0.0015,3.2
1.907,0.0045,0.0022,-0.0218,-0.0038,3.1
1.908,0.0067,0.0015,-0.024,-0.003,3.1
1.909,0.009,0.0037,-0.0248,-0.0015,3.1
1.91,0.0105,0.0045,-0.021,-0.0015,3.1
1.911,0.009,0.0052,-0.0195,-0.0015,3.1
1.912,0.0052,0.0045,-0.015,-0.003,3.1
1.913,0.003,0.0007,-0.006,0.0,3.1
1.914,-0.0015,-0.0015,0.0015,0.0015,3.1
1.915,-0.0038,-0.003,0.0015,-0.0008,3.1
1.916,-0.003,-0.003,-0.003,0.0,3.1
1.917,-0.0053,-0.0023,0.0082,0.003,3.1
1.918,-0.0053,-0.0008,0.0112,0.0037,3.0
1.919,-0.0046,-0.0015,0.0127,0.003,3.0
1.92,-0.0068,-0.0015,0.0195,0.0052,3.0
1.921,-0.0046,-0.0008,0.0165,0.0052,3.0
1.922,-0.0083,-0.003,0.021,0.0045,3.0
1.923,-0.0068,-0.0008,0.0172,0.0045,3.0
1.924,-0.0046,-0.0008,0.015,0.0015,3.0
1.925,-0.0023,-0.0008,0.012,0.0007,3.0
1.926,0.0015,-0.0015,0.0082,0.0007,3.0
1.927,-0.003,-0.0068,0.0165,0.0,3.0
1.928,-0.0046,-0.0075,0.0187,0.0022,3.0
1.929,-0.0046,-0.0068,0.0202,0.003,3.0
1.93,-0.0023,-0.0046,0.0142,0.0015,2.9
1.931,0.0015,-0.0008,0.0045,0.0007,2.9
1.932,0.0037,-0.0008,0.0015,-0.0015,2.9
1.933,0.0052,-0.0008,-0.0008,0.0007,2.9
1.934,0.0037,0.0015,-0.0046,0.0015,2.9
1.935,0.0067,0.003,-0.0135,-0.0015,2.9
1.936,0.0097,0.0052,-0.0225,-0.0023,2.9
1.937,0.0105,0.0082,-0.027,-0.003,2.9
1.938,0.012,0.009,-0.0278,-0.0053,2.9
1.939,0.0097,0.0075,-0.0285,-0.006,2.9
1.94,0.0112,0.0067,-0.027,-0.0046,2.8
1.941,0.0097,0.0067,-0.024,-0.0046,2.8
1.942,0.0075,0.0045,-0.027,-0.0046,2.8
1.943,0.0082,0.0037,-0.024,-0.0038,2.8
1.944,0.009,0.0037,-0.0218,-0.0038,2.8
1.945,0.0082,0.0045,-0.0225,-0.006,2.8
1.946,0.009,0.0052,-0.024,-0.0083,2.8
1.947,0.012,0.0067,-0.0293,-0.0068,2.8
1.948,0.0105,0.0067,-0.03,-0.0015,2.8
1.949,0.0097,0.0052,-0.0308,-0.0008,2.8
1.95,0.0075,0.003,-0.0285,-0.0046,2.9
1.951,0.0052,0.0015,-0.0248,-0.0068,2.9
1.952,0.006,0.003,-0.0256,-0.0098,2.9
1.953,0.0067,0.003,-0.0256,-0.012,2.9
1.954,0.0067,0.003,-0.0256,-0.0091,2.9
1.955,0.0045,0.003,-0.0203,-0.0046,2.9
1.956,0.0052,-0.0015,-0.021,-0.0008,2.9
1.957,0.0052,-0.0038,-0.0181,0.0007,2.9
1.958,0.003,-0.0038,-0.0143,0.0015,2.9
1.959,0.0007,-0.0015,-0.0113,0.0007,2.9
1.96,-0.0008,-0.0023,0.0007,0.003,2.9
1.961,-0.0046,-0.0053,0.009,0.0007,2.9
1.962,-0.0091,-0.0068,0.018,-0.0008,2.9
1.963,-0.0113,-0.0105,0.0255,0.0045,2.9
1.964,-0.0135,-0.0091,0.0262,0.006,2.9
1.965,-0.0105,-0.0075,0.0292,0.0015,3.0
1.966,-0.0128,-0.0083,0.0345,-0.0015,3.0
1.967,-0.015,-0.0083,0.036,-0.0023,3.0
1.968,-0.012,-0.0068,0.0285,-0.0038,3.0
1.969,-0.0105,-0.003,0.0202,0.0007,3.0
1.97,-0.006,-0.0023,0.0127,0.0015,3.1
1.971,-0.003,-0.0015,0.0067,-0.0008,3.1
1.972,-0.0008,0.0007,0.0082,0.0,3.1
1.973,0.0007,0.0007,0.0067,0.0,3.1
1.974,0.0007,0.0015,0.0,0.0015,3.1
1.975,0.0015,0.0015,-0.0053,-0.0008,3.1
1.976,0.003,0.0015,-0.003,-0.0015,3.1
1.977,0.003,0.0015,-0.0008,0.0007,3.1
1.978,0.0022,0.0022,-0.0023,0.0,3.1
1.979,0.0007,0.0037,-0.003,-0.0008,3.2
1.98,0.0,0.0037,-0.0075,-0.0015,3.2
1.981,0.0015,0.003,-0.0105,-0.003,3.2
1.982,0.0022,0.0015,-0.0068,-0.003,3.2
1.983,0.0015,-0.0008,-0.0008,-0.003,3.2
1.984,-0.0008,-0.0015,0.0007,-0.0038,3.3
1.985,0.003,0.0007,-0.0053,-0.003,3.3
1.986,0.0045,0.0022,-0.0091,-0.0046,3.3
1.987,0.0052,0.003,-0.0158,-0.0075,3.3
1.988,0.009,0.0022,-0.021,-0.0075,3.3
1.989,0.0097,0.0015,-0.0165,-0.006,3.4
1.99,0.009,0.003,-0.0158,-0.0053,3.4
1.991,0.0082,0.003,-0.0203,-0.0083,3.4
1.992,0.0097,0.0045,-0.0195,-0.0075,3.4
1.993,0.0075,0.0015,-0.0098,-0.003,3.4
1.994,0.0045,0.0,-0.0053,-0.0046,3.5
1.995,0.003,0.0007,-0.003,-0.0038,3.5
1.996,-0.0008,-0.0015,0.0045,-0.0008,3.5
1.997,-0.003,0.0007,0.0067,-0.0015,3.5
1.998,-0.0053,-0.0008,0.0067,-0.0015,3.5
1.999,-0.0038,-0.0015,0.0082,-0.0046,3.6
2.0,-0.003,-0.0008,0.0127,-0.003,3.6
2.001,-0.0053,-0.003,0.0097,-0.0015,3.6
2.002,-0.0015,-0.0015,0.003,-0.0015,3.6
2.003,-0.0015,-0.0015,0.003,-0.0015,3.6
2.004,-0.003,-0.003,0.003,-0.0015,3.7
2.005,-0.0038,-0.003,0.0075,-0.0008,3.7
2.006,-0.0023,-0.0015,0.009,-0.0008,3.7
2.007,-0.0015,0.0,0.0075,-0.0008,3.8
2.008,-0.0008,-0.0008,0.0067,-0.0008,3.8
2.009,0.0007,-0.0008,0.0067,0.0015,3.8
2.01,-0.0008,-0.0015,0.0135,0.0022,3.9
2.011,-0.0046,-0.0023,0.0157,0.0015,3.9
2.012,-0.0046,-0.0008,0.0142,0.0037,3.9
2.013,-0.003,-0.0023,0.0112,0.0022,3.9
2.014,-0.003,-0.0023,0.0075,0.0015,4.0
2.015,-0.003,-0.0015,0.009,0.0015,4.0
2.016,-0.003,-0.0038,0.012,0.003,4.0
2.017,-0.003,-0.0023,0.0157,0.0037,4.0
2.018,-0.003,-0.0038,0.0135,0.003,4.1
2.019,-0.0015,-0.0023,0.009,0.0022,4.1
2.02,-0.003,-0.0015,0.006,0.003,4.1
2.021,-0.0015,-0.003,0.0052,0.0015,4.2
2.022,-0.0008,-0.0015,0.0052,0.0022,4.2
2.023,-0.0008,-0.0008,0.0067,0.0037,4.3
2.024,0.0015,0.0007,0.0067,0.0045,4.4
2.025,0.0015,-0.0008,0.0015,0.0037,4.4
2.026,0.0015,-0.0008,0.0045,0.0015,4.5
2.027,-0.0015,0.0,0.009,0.0015,4.5
2.028,-0.0015,-0.0008,0.0105,0.0022,4.6
2.029,0.0,-0.0015,0.0135,0.0015,4.6
2.03,-0.0015,-0.0023,0.0082,0.0037,4.7
2.031,0.0,-0.0008,0.0067,0.003,4.7
2.032,-0.0008,0.0,0.0082,0.0007,4.8
2.033,-0.0008,0.0,0.0045,0.0007,4.9
2.034,-0.003,-0.0008,0.0052,0.0015,4.9
2.035,-0.0015,0.0015,0.0045,0.0007,4.9
2.036,-0.003,0.0015,0.0007,-0.0008,5.0
2.037,-0.0015,0.0007,0.0,-0.0008,5.0
2.038,0.0015,0.0007,-0.003,0.0,5.1
2.039,0.0015,-0.0008,-0.0053,0.0015,5.2
2.04,0.0045,0.0,-0.006,0.0015,5.2
2.041,0.0052,-0.0008,-0.0068,0.0007,5.3
2.042,0.0037,-0.0008,-0.0053,0.0,5.3
2.043,0.0007,-0.0008,0.0007,0.0,5.4
2.044,-0.0008,-0.0008,0.003,0.0015,5.5
2.045,-0.003,0.0015,0.0082,0.0022,5.6
2.046,-0.0046,-0.0008,0.012,0.0015,5.7
2.047,-0.0046,-0.0023,0.0097,0.0022,5.8
2.048,-0.003,-0.003,0.0067,0.0015,5.8
2.049,-0.003,-0.0053,0.0037,0.0,5.9
2.05,-0.0053,-0.006,0.009,0.0015,6.0
2.051,-0.0053,-0.0053,0.0075,-0.0008,6.1
2.052,-0.003,-0.0038,-0.0008,-0.0008,6.1
2.053,-0.0008,-0.003,0.0015,0.0007,6.2
2.054,0.0022,-0.0015,0.0015,-0.0008,6.3
2.055,-0.0023,-0.0008,0.0037,0.0007,6.4
2.056,-0.003,-0.0008,0.006,0.0015,6.4
2.057,-0.0038,-0.0015,0.009,0.0015,6.5
2.058,-0.0038,-0.003,0.006,0.0007,6.6
2.059,0.0,-0.0008,0.0022,-0.0015,6.7
2.06,-0.0008,-0.0015,0.0045,-0.0008,6.7
2.061,0.0007,-0.0008,0.0045,0.0015,6.8
2.062,-0.0023,-0.0038,0.0067,0.003,6.9
2.063,-0.0008,-0.0023,0.0015,0.0015,7.0
2.064,0.0022,0.0007,-0.0091,0.0007,7.1
2.065,0.003,0.0007,-0.0165,0.0,7.2
2.066,0.0082,0.0015,-0.0128,-0.0015,7.3
2.067,0.0052,0.0007,-0.0091,-0.0023,7.4
2.068,0.006,0.0037,-0.0173,-0.003,7.5
2.069,0.0082,0.0052,-0.0181,-0.0046,7.6
2.07,0.0082,0.006,-0.0218,-0.0046,7.6
2.071,0.009,0.0075,-0.0233,-0.0023,7.7
2.072,0.0067,0.0052,-0.0203,-0.0023,7.8
2.073,0.0082,0.0045,-0.024,-0.003,7.9
2.074,0.0052,0.0045,-0.0256,-0.0038,8.0
2.075,0.0045,0.0037,-0.024,-0.0015,8.1
2.076,0.003,0.003,-0.0218,0.0007,8.2
2.077,0.003,0.0015,-0.0195,0.0,8.3
2.078,0.0037,0.0,-0.0173,0.0,8.4
2.079,0.0015,0.0007,-0.0128,0.0015,8.5
2.08,0.0045,-0.0008,-0.0113,0.0015,8.5
2.081,0.0022,0.0,-0.0135,0.0007,8.6
2.082,0.0015,0.0007,-0.015,0.0,8.7
2.083,-0.0008,-0.0015,-0.0098,0.0007,8.8
2.084,-0.0015,0.0007,-0.0128,0.0,8.9
2.085,0.0052,0.0015,-0.0195,-0.0015,9.0
2.086,0.0067,0.0,-0.0188,-0.0015,9.1
2.087,0.006,-0.0015,-0.0181,-0.0023,9.2
2.088,0.0045,0.0,-0.0181,-0.0046,9.3
2.089,0.006,0.0015,-0.0203,-0.0046,9.4
2.09,0.0067,0.0045,-0.0195,-0.003,9.5
2.091,0.0067,0.0067,-0.021,-0.0015,9.6
2.092,0.0097,0.0067,-0.0225,-0.0015,9.7
2.093,0.009,0.0067,-0.0135,0.0,9.8
2.094,0.0067,0.0045,-0.012,-0.0008,9.9
2.095,0.0045,0.003,-0.0105,-0.0008,10.0
2.096,0.0022,0.0007,-0.003,0.0007,10.1
2.097,0.0015,-0.0008,-0.0046,-0.0008,10.2
2.098,-0.0008,0.0007,-0.0015,0.0015,10.3
2.099,-0.003,-0.0008,0.0052,0.0037,10.3
2.1,-0.006,-0.0023,0.009,0.003,10.4
2.101,-0.0075,-0.0015,0.009,0.0015,10.5
2.102,-0.0046,-0.003,0.0105,0.0007,10.7
2.103,-0.0046,-0.0038,0.012,0.0015,10.7
2.104,-0.0038,-0.0046,0.009,0.0015,10.8
2.105,-0.0038,-0.0038,0.0105,0.0015,11.0
2.106,-0.0053,-0.0023,0.009,0.0007,11.1
2.107,-0.006,-0.003,0.009,0.0007,11.2
2.108,-0.006,-0.0038,0.009,0.003,11.3
2.109,-0.0053,-0.003,0.0105,0.0045,11.4
2.11,-0.0091,-0.0046,0.0217,0.0052,11.5
2.111,-0.0091,-0.0068,0.0262,0.0067,11.6
2.112,-0.0098,-0.006,0.0322,0.009,11.7
2.113,-0.012,-0.0068,0.0352,0.0082,11.8
2.114,-0.012,-0.0068,0.0367,0.0082,11.9
2.115,-0.0143,-0.0083,0.0405,0.0067,12.0
2.116,-0.0143,-0.0105,0.0442,0.0075,12.1
2.117,-0.0165,-0.0128,0.0495,0.0082,12.2
2.118,-0.0165,-0.0105,0.0435,0.0075,12.3
2.119,-0.0128,-0.0068,0.0397,0.0052,12.5
2.12,-0.012,-0.0053,0.0367,0.003,12.6
2.121,-0.0068,-0.0015,0.0285,0.0007,12.7
2.122,-0.0046,0.0007,0.0277,0.0015,12.8
2.123,-0.0008,0.0015,0.0232,0.0007,13.0
2.124,0.0037,0.0037,0.0127,-0.0015,13.1
2.125,0.0052,0.003,0.006,-0.0015,13.3
2.126,0.006,-0.0008,0.0,-0.0008,13.4
2.127,0.003,-0.0008,-0.0008,0.0015,13.5
2.128,0.0015,-0.0015,0.0,0.0007,13.7
2.129,0.003,-0.003,-0.0023,-0.0008,13.9
2.13,0.0022,-0.003,-0.0053,-0.0008,14.0
2.131,0.003,-0.003,-0.003,-0.0015,14.1
2.132,0.0015,-0.003,-0.0015,-0.0023,14.3
2.133,0.0015,-0.003,-0.0008,-0.0023,14.4
2.134,0.0007,-0.003,-0.003,-0.003,14.6
2.135,0.0037,-0.0023,-0.012,-0.006,14.7
2.136,0.0052,0.0,-0.012,-0.0091,14.8
2.137,0.0052,0.0007,-0.015,-0.0105,15.0
2.138,0.0052,0.0015,-0.0195,-0.0113,15.2
2.139,0.0067,0.003,-0.0181,-0.0091,15.3
2.14,0.0082,0.003,-0.015,-0.0068,15.4
2.141,0.0045,0.0015,-0.0105,-0.006,15.6
2.142,0.0045,0.003,-0.0165,-0.0046,15.8
2.143,0.0052,0.0045,-0.012,-0.0015,16.0
2.144,0.0007,0.0015,0.0045,0.0015,16.2
2.145,-0.003,0.0022,0.0157,0.003,16.3
2.146,-0.0083,0.0,0.0232,0.003,16.5
2.147,-0.006,-0.0008,0.0112,-0.0008,16.6
2.148,0.0,0.0045,-0.006,-0.0046,16.8
2.149,0.0045,0.0082,-0.027,-0.0075,17.0
2.15,0.0142,0.0127,-0.0413,-0.0083,17.2
2.151,0.0172,0.0105,-0.0465,-0.0083,17.4
2.152,0.0165,0.0112,-0.054,-0.0075,17.5
2.153,0.018,0.0112,-0.0511,-0.0068,17.7
2.154,0.0165,0.009,-0.0518,-0.0068,17.9
2.155,0.018,0.009,-0.0465,-0.006,18.1
2.156,0.015,0.0067,-0.0436,-0.006,18.2
2.157,0.0142,0.006,-0.0465,-0.0053,18.4
2.158,0.0157,0.0037,-0.0428,-0.0053,18.6
2.159,0.0135,0.0015,-0.0353,-0.0046,18.8
2.16,0.0112,0.0,-0.027,-0.006,18.9
2.161,0.0105,0.003,-0.0278,-0.0068,19.2
2.162,0.0105,0.0052,-0.0225,-0.0053,19.4
2.163,0.009,0.0037,-0.0218,-0.0068,19.6
2.164,0.009,0.0052,-0.0218,-0.006,19.8
2.165,0.006,0.0052,-0.012,-0.003,20.1
2.166,0.0015,0.003,0.0007,-0.0015,20.3
2.167,-0.003,0.0007,0.0105,-0.0008,20.5
2.168,-0.0046,-0.0023,0.0135,0.0015,20.7
2.169,-0.0046,-0.003,0.021,0.003,21.0
2.17,-0.0053,-0.0015,0.0165,0.003,21.2
2.171,-0.003,-0.0015,0.0127,0.0022,21.4
2.172,-0.0023,-0.0038,0.0142,0.0007,21.6
2.173,-0.0038,-0.0038,0.0142,-0.0008,21.9
2.174,-0.0046,-0.0046,0.015,-0.0015,22.1
2.175,-0.003,-0.003,0.0097,-0.0015,22.3
2.176,-0.003,-0.0053,0.0165,0.0007,22.5
2.177,-0.006,-0.0046,0.0217,0.0015,22.8
2.178,-0.0091,-0.0046,0.0202,0.003,23.0
2.179,-0.0075,-0.006,0.0195,0.003,23.2
2.18,-0.0083,-0.0053,0.0142,0.0022,23.4
2.181,-0.0075,-0.006,0.0195,0.003,23.7
2.182,-0.0098,-0.0046,0.0255,0.0022,24.0
2.183,-0.0113,-0.003,0.027,0.0015,24.3
2.184,-0.0105,-0.0038,0.0277,0.0007,24.5
2.185,-0.0091,-0.0023,0.0202,-0.0015,24.7
2.186,-0.0046,-0.0008,0.0142,-0.0008,25.0
2.187,-0.0015,-0.0008,0.0135,-0.0008,25.3
2.188,-0.0046,-0.0015,0.0195,0.0,25.6
2.189,-0.0068,-0.0038,0.021,0.0007,25.8
2.19,-0.0053,-0.0038,0.0142,-0.0008,26.1
2.191,-0.003,-0.0015,0.0105,-0.0015,26.3
2.192,-0.0008,-0.0015,0.0082,0.0,26.6
2.193,-0.003,-0.0046,0.0165,0.0015,26.9
2.194,-0.0053,-0.003,0.0195,0.0015,27.1
2.195,-0.0083,-0.0023,0.0262,0.003,27.4
2.196,-0.0135,-0.0053,0.0367,0.0037,27.7
2.197,-0.0105,-0.0053,0.0307,0.0007,27.9
2.198,-0.0083,-0.0046,0.0285,0.0,28.2
2.199,-0.0098,-0.006,0.0277,0.0022,28.4
2.2,-0.0083,-0.0053,0.0292,0.003,28.7
2.201,-0.0083,-0.006,0.0262,0.003,29.0
2.202,-0.0053,-0.0053,0.0232,0.0045,29.2
2.203,-0.003,-0.0053,0.0262,0.0052,29.5
2.204,-0.0068,-0.0046,0.0277,0.0045,29.7
2.205,-0.0091,-0.0008,0.0345,0.0045,30.0
2.206,-0.0105,-0.0015,0.0412,0.0067,30.2
2.207,-0.012,-0.0038,0.0427,0.0052,30.5
2.208,-0.0105,-0.0038,0.0405,0.0052,30.8
2.209,-0.0128,-0.0068,0.0465,0.006,31.0
2.21,-0.0158,-0.0083,0.0532,0.0075,31.3
2.211,-0.015,-0.0083,0.0502,0.0082,31.5
2.212,-0.0165,-0.012,0.0532,0.006,31.8
2.213,-0.015,-0.0135,0.045,0.006,32.1
2.214,-0.0113,-0.0105,0.0367,0.0045,32.4
2.215,-0.0091,-0.0075,0.0307,0.0045,32.6
2.216,-0.0053,-0.0053,0.0232,0.0045,32.8
2.217,-0.0015,-0.0053,0.024,0.0015,33.1
2.218,0.0015,-0.0046,0.0127,0.0007,33.4
2.219,0.0045,-0.0008,0.0037,0.0007,33.6
2.22,0.0075,0.0007,-0.0046,-0.0015,33.9
2.221,0.009,0.003,-0.0068,0.0015,34.1
2.222,0.0067,0.0015,-0.0046,0.0007,34.3
2.223,0.0097,0.0015,-0.0135,-0.0008,34.6
2.224,0.0105,0.003,-0.0135,0.0015,34.7
2.225,0.0082,0.0045,-0.0165,0.0,35.0
2.226,0.0067,0.0052,-0.0181,0.0015,35.2
2.227,0.0075,0.0037,-0.0158,0.0022,35.4
2.228,0.0082,0.0052,-0.0225,-0.0008,35.6
2.229,0.009,0.006,-0.0256,-0.0023,35.9
2.23,0.012,0.0067,-0.0278,-0.0023,36.1
2.231,0.0097,0.0067,-0.0315,-0.003,36.3
2.232,0.0105,0.0067,-0.0315,-0.0023,36.5
2.233,0.0082,0.0037,-0.021,-0.0008,36.7
2.234,0.0052,0.0015,-0.0203,-0.003,36.9
2.235,0.0067,0.003,-0.024,-0.0038,37.2
2.236,0.0067,0.0022,-0.0256,-0.003,37.4
2.237,0.0075,0.003,-0.0248,-0.0023,37.6
2.238,0.0045,0.0015,-0.0113,0.0,37.8
2.239,0.0007,0.0007,-0.0068,0.0,38.0
2.24,-0.0008,0.0007,-0.003,-0.0015,38.2
2.241,0.003,0.003,-0.012,-0.0046,38.5
2.242,0.0082,0.006,-0.0181,-0.0046,38.6
2.243,0.0082,0.0037,-0.015,-0.0023,38.9
2.244,0.0105,0.0052,-0.0293,-0.0083,39.1
2.245,0.012,0.0052,-0.0323,-0.0083,39.3
2.246,0.0105,0.003,-0.033,-0.0083,39.5
2.247,0.0097,0.0007,-0.0278,-0.0091,39.7
2.248,0.0052,-0.0015,-0.0195,-0.0046,39.9
2.249,0.0052,-0.0008,-0.0128,-0.0068,40.1
2.25,0.003,0.0007,-0.0135,-0.0091,40.3
2.251,0.0082,0.003,-0.0338,-0.0128,40.5
2.252,0.018,0.0052,-0.0436,-0.015,40.7
2.253,0.0157,0.0067,-0.0465,-0.0135,40.9
2.254,0.0157,0.0067,-0.0443,-0.0143,41.1
2.255,0.0165,0.0045,-0.0458,-0.0128,41.3
2.256,0.0157,0.0067,-0.0503,-0.012,41.5
2.257,0.0165,0.0082,-0.0503,-0.0143,41.7
2.258,0.0165,0.0082,-0.0638,-0.0165,41.9
2.259,0.0195,0.0097,-0.063,-0.0143,42.1
2.26,0.0135,0.0067,-0.0518,-0.0113,42.3
2.261,0.009,0.0052,-0.0495,-0.012,42.6
2.262,0.009,0.0045,-0.0368,-0.0105,42.8
2.263,0.0052,0.0037,-0.0293,-0.0091,43.0
2.264,0.0045,0.0015,-0.0233,-0.0068,43.2
2.265,0.0022,-0.0015,-0.0165,-0.006,43.4
2.266,0.0015,-0.0008,-0.0218,-0.006,43.6
2.267,0.0022,-0.0008,-0.0195,-0.0046,43.9
2.268,0.0015,-0.0008,-0.0195,-0.0053,44.1
2.269,0.0007,0.0,-0.0181,-0.0046,44.3
2.27,0.0,0.0007,-0.0143,-0.003,44.5
2.271,0.003,0.0015,-0.0083,0.0,44.7
2.272,0.0022,0.0015,-0.0008,0.0045,45.0
2.273,0.003,0.0015,-0.0015,0.0067,45.1
2.274,0.0067,0.0015,-0.003,0.0067,45.4
2.275,0.0052,0.0015,-0.0008,0.0045,45.6
2.276,0.003,-0.0015,0.009,0.0067,45.8
2.277,-0.0008,-0.0015,0.0105,0.0067,46.0
2.278,-0.0046,-0.0023,0.018,0.0067,46.2
2.279,-0.0075,-0.0008,0.0255,0.0082,46.4
2.28,-0.0075,0.0015,0.0195,0.0075,46.7
2.281,-0.0091,-0.0023,0.0247,0.0082,46.9
2.282,-0.012,-0.0038,0.0292,0.009,47.1
2.283,-0.012,-0.0053,0.0315,0.012,47.3
2.284,-0.012,-0.0046,0.0307,0.0112,47.6
2.285,-0.012,-0.0038,0.024,0.009,47.8
2.286,-0.0105,-0.0068,0.0232,0.0082,48.0
2.287,-0.012,-0.0038,0.0165,0.0082,48.2
2.288,-0.0113,-0.0038,0.018,0.009,48.5
2.289,-0.0091,-0.0053,0.0157,0.0067,48.7
2.29,-0.0083,-0.0053,0.0127,0.0052,48.9
2.291,-0.0046,-0.0053,0.012,0.0052,49.1
2.292,-0.0008,-0.0015,0.0067,0.0045,49.3
2.293,-0.0023,-0.0008,0.0037,0.0052,49.5
2.294,-0.0015,0.0,-0.0008,0.0037,49.8
2.295,0.0007,-0.0008,0.0007,0.003,50.0
2.296,0.0007,-0.003,0.0045,0.0022,50.2
2.297,-0.0008,-0.0015,0.0037,0.0015,50.4
2.298,0.0015,-0.0015,0.003,0.0037,50.7
2.299,0.0015,-0.0015,0.006,0.0052,50.9
2.3,-0.0015,-0.003,0.0105,0.0052,51.1
2.301,0.0,-0.003,0.0052,0.0045,51.3
2.302,0.0015,-0.0023,0.003,0.0045,51.5
2.303,0.0,-0.0023,0.0015,0.0045,51.7
2.304,-0.0015,-0.0015,0.003,0.0052,51.9
2.305,-0.003,-0.0015,0.0075,0.0052,52.1
2.306,-0.0053,-0.0008,0.0082,0.0067,52.3
2.307,-0.0068,-0.0015,0.0075,0.0067,52.5
2.308,-0.0046,-0.0008,0.0052,0.0052,52.7
2.309,-0.0015,0.0007,0.0045,0.0082,52.9
2.31,-0.0008,-0.0015,0.0142,0.0082,53.1
2.311,-0.003,-0.003,0.0202,0.0082,53.3
2.312,-0.0083,-0.0023,0.0255,0.009,53.5
2.313,-0.0091,0.0,0.0307,0.0082,53.7
2.314,-0.0083,0.0,0.033,0.009,53.9
2.315,-0.0075,-0.0023,0.0345,0.0097,54.0
2.316,-0.0068,-0.0046,0.0337,0.0097,54.3
2.317,-0.0091,-0.0038,0.033,0.009,54.4
2.318,-0.0083,-0.0023,0.027,0.006,54.6
2.319,-0.0068,-0.0015,0.024,0.006,54.9
2.32,-0.0046,-0.0015,0.021,0.0045,55.0
2.321,-0.003,-0.003,0.024,0.0037,55.2
2.322,-0.0068,-0.0046,0.0277,0.0052,55.3
2.323,-0.0083,-0.0053,0.0255,0.003,55.4
2.324,-0.0075,-0.0046,0.0277,0.0015,55.5
2.325,-0.0075,-0.0046,0.0255,0.0015,55.6
2.326,-0.0083,-0.0053,0.027,0.0007,55.8
2.327,-0.0091,-0.0053,0.027,0.0,55.8
2.328,-0.0083,-0.0053,0.0255,-0.0015,56.0
2.329,-0.0083,-0.0075,0.0247,-0.0023,56.1
2.33,-0.0068,-0.0068,0.0202,-0.003,56.2
2.331,-0.0053,-0.0068,0.018,-0.0046,56.3
2.332,-0.0068,-0.006,0.0142,-0.006,56.4
2.333,-0.0091,-0.0053,0.0142,-0.0053,56.6
2.334,-0.0053,-0.0046,0.0052,-0.0068,56.7
2.335,-0.0008,-0.0015,-0.0075,-0.0091,56.8
2.336,0.0022,0.0,-0.0135,-0.0098,56.9
2.337,0.0067,0.003,-0.0218,-0.0083,57.0
2.338,0.0075,0.0052,-0.0233,-0.0091,57.1
2.339,0.0105,0.0052,-0.0256,-0.0091,57.2
2.34,0.0112,0.0045,-0.0256,-0.012,57.4
2.341,0.012,0.0045,-0.0278,-0.0143,57.5
2.342,0.0142,0.0075,-0.0315,-0.0135,57.6
2.343,0.0135,0.0067,-0.0218,-0.012,57.6
2.344,0.012,0.0067,-0.0188,-0.0113,57.7
2.345,0.0105,0.006,-0.015,-0.0091,57.8
2.346,0.0105,0.0045,-0.0165,-0.0083,57.9
2.347,0.012,0.006,-0.0203,-0.0068,58.0
2.348,0.012,0.0075,-0.0165,-0.0053,58.0
2.349,0.0082,0.0067,-0.0143,-0.0053,58.1
2.35,0.0067,0.0052,-0.0098,-0.0046,58.2
2.351,0.0037,0.003,-0.0128,-0.0046,58.3
2.352,0.0052,0.003,-0.0195,-0.003,58.4
2.353,0.0082,0.0045,-0.0233,-0.0023,58.4
2.354,0.009,0.0052,-0.0218,-0.0015,58.5
2.355,0.0082,0.0052,-0.0158,-0.0008,58.6
2.356,0.0067,0.0045,-0.0113,0.0,58.7
2.357,0.0082,0.0022,-0.0105,0.0,58.8
2.358,0.0067,0.003,-0.0135,-0.0008,58.8
2.359,0.0052,0.0022,-0.0105,-0.0008,58.9
2.36,0.0007,0.0022,-0.0091,-0.0015,59.0
2.361,0.0022,0.0015,-0.012,-0.0023,59.0
2.362,0.0,0.0022,-0.0105,-0.0015,59.0
2.363,-0.0008,0.003,-0.0143,-0.0046,59.0
2.364,0.0015,0.0015,-0.0165,-0.0038,59.1
2.365,-0.0008,0.003,-0.0165,-0.0053,59.1
2.366,-0.0015,0.003,-0.012,-0.0053,59.1
2.367,-0.0023,0.0007,-0.0105,-0.0075,59.1
2.368,0.0007,0.0022,-0.0181,-0.0083,59.2
2.369,0.0015,0.0007,-0.0195,-0.0083,59.2
2.37,0.0045,-0.0008,-0.021,-0.0075,59.2
2.371,0.003,0.0007,-0.0203,-0.0046,59.2
2.372,0.0015,0.0007,-0.015,-0.0023,59.2
2.373,0.006,0.0007,-0.0135,-0.0008,59.3
2.374,0.0075,0.0015,-0.0181,-0.0008,59.3
2.375,0.0097,0.0022,-0.021,-0.0015,59.3
2.376,0.0067,0.0015,-0.0143,-0.0008,59.3
2.377,0.0045,-0.0008,-0.0113,-0.0015,59.4
2.378,0.003,-0.0015,-0.0113,-0.003,59.4
2.379,0.0015,-0.0046,-0.0091,-0.003,59.4
2.38,0.0007,-0.0046,-0.0083,-0.003,59.4
2.381,-0.0015,-0.0046,-0.0068,-0.003,59.4
2.382,-0.0008,-0.0046,-0.006,-0.003,59.4
2.383,-0.003,-0.0046,-0.0015,-0.003,59.4
2.384,-0.0046,-0.0038,-0.003,-0.0015,59.3
2.385,0.0007,-0.0023,-0.0053,-0.0008,59.3
2.386,0.003,-0.0015,-0.003,0.0,59.2
2.387,0.006,0.0,-0.0053,0.0022,59.2
2.388,0.0105,0.0,-0.0015,0.0045,59.2
2.389,0.012,0.0007,0.0045,0.0082,59.1
2.39,0.0142,0.006,0.0067,0.012,59.1
2.391,0.0135,0.009,0.0097,0.0105,59.0
2.392,0.0112,0.0082,0.0082,0.0075,59.0
2.393,0.0082,0.0015,0.0052,0.0007,59.0
2.394,0.0015,-0.0008,0.0022,-0.0015,58.9
2.395,-0.003,0.0,0.0015,-0.0023,58.9
2.396,-0.0046,0.0007,0.0022,-0.0038,58.9
2.397,-0.0053,-0.0008,-0.0008,-0.0038,58.8
2.398,-0.0053,-0.0015,0.0037,-0.0038,58.8
2.399,-0.0091,-0.003,0.0105,-0.0023,58.8
2.4,-0.012,-0.0038,0.0127,-0.003,58.7
2.401,-0.0105,-0.0046,0.0097,-0.003,58.6
2.402,-0.0098,-0.0038,0.0067,-0.0015,58.5
2.403,-0.0083,-0.0015,0.0052,-0.0023,58.4
2.404,-0.0053,-0.0023,0.003,-0.0015,58.3
2.405,-0.0046,-0.0015,0.003,0.0,58.1
2.406,-0.0008,-0.0015,0.0045,0.0015,58.0
2.407,0.0015,-0.0015,0.0045,0.0037,57.9
2.408,0.003,-0.0008,0.0007,0.006,57.8
2.409,0.003,-0.0023,0.0052,0.0082,57.7
2.41,0.0015,-0.003,0.0127,0.0075,57.6
2.411,-0.0015,-0.0015,0.0142,-0.0008,57.5
2.412,-0.0053,-0.0015,0.0225,-0.0075,57.3
2.413,-0.0091,-0.0046,0.0277,-0.0098,57.2
2.414,-0.0135,-0.0053,0.0315,-0.012,57.1
2.415,-0.0135,-0.0046,0.0405,-0.003,57.0
2.416,-0.0158,-0.0068,0.0442,0.0142,56.9
2.417,-0.0181,-0.0091,0.045,0.0255,56.8
2.418,-0.0165,-0.012,0.0427,0.027,56.7
2.419,-0.0158,-0.0105,0.0435,0.0217,56.6
2.42,-0.0128,-0.0091,0.0427,0.0202,56.4
2.421,-0.0135,-0.0098,0.0427,0.0127,56.2
2.422,-0.0135,-0.0091,0.0405,0.0105,56.1
2.423,-0.0143,-0.0083,0.0367,0.0105,55.9
2.424,-0.0105,-0.0053,0.024,0.0015,55.7
2.425,-0.0046,-0.0015,0.003,-0.0046,55.5
2.426,-0.0008,0.0015,-0.0053,-0.0068,55.3
2.427,0.0037,0.003,-0.0053,-0.0075,55.1
2.428,0.006,0.003,-0.0053,-0.0068,54.9
2.429,0.0037,0.0015,-0.0046,-0.003,54.8
2.43,-0.0008,0.0022,-0.003,0.0015,54.5
2.431,0.0,0.0007,-0.0015,0.0015,54.4
2.432,0.0,-0.0015,0.0015,0.003,54.2
2.433,-0.0008,-0.0015,0.003,0.0015,54.0
2.434,0.0022,-0.0008,0.0007,-0.0015,53.8
2.435,0.0052,-0.0015,-0.0015,-0.0015,53.6
2.436,0.0045,-0.003,-0.0038,-0.0015,53.5
2.437,0.0037,-0.003,-0.003,-0.0008,53.2
2.438,0.0045,-0.0015,-0.0038,-0.0015,53.1
2.439,0.003,0.0,-0.003,-0.0023,52.9
2.44,0.0007,0.0007,-0.0023,0.0015,52.6
2.441,0.0015,0.003,-0.0046,0.0015,52.5
2.442,0.0022,0.0015,-0.0015,0.003,52.2
2.443,0.0015,-0.0015,0.0007,0.0037,52.0
2.444,0.0015,0.0,0.0015,0.006,51.7
2.445,0.0015,0.0,0.0037,0.0052,51.5
2.446,0.0015,0.0007,0.0,0.003,51.3
2.447,0.003,0.0,-0.0008,0.003,51.0
2.448,0.0022,-0.0008,0.0,0.0015,50.8
2.449,0.0015,0.0007,0.0015,0.0022,50.5
2.45,-0.0008,0.0007,0.0015,0.0,50.3
2.451,0.0007,0.0015,-0.0068,-0.0008,50.0
2.452,0.003,0.0045,-0.0128,0.0007,49.8
2.453,0.0067,0.003,-0.0203,-0.0091,49.5
2.454,0.0105,0.0052,-0.0278,-0.0248,49.3
2.455,0.0105,0.009,-0.0293,-0.0353,49.0
2.456,0.009,0.009,-0.0308,-0.0368,48.8
2.457,0.0097,0.009,-0.03,-0.0308,48.6
2.458,0.0105,0.0067,-0.0278,-0.03,48.3
2.459,0.0097,0.0045,-0.024,-0.0128,48.1
2.46,0.009,0.0022,-0.0225,0.0292,47.8
2.461,0.0082,-0.0008,-0.0203,0.0307,47.5
2.462,0.0045,-0.0023,-0.015,0.0052,47.2
2.463,0.0015,-0.0038,-0.0091,0.0015,46.9
2.464,0.003,-0.0038,-0.0098,0.003,46.6
2.465,0.0015,-0.0008,-0.0046,-0.0008,46.3
2.466,0.0015,-0.0015,0.006,-0.0083,46.0
2.467,0.0022,-0.0023,0.0015,-0.003,45.7
2.468,0.003,-0.003,-0.0053,-0.003,45.4
2.469,0.009,0.0015,-0.0203,-0.0113,45.1
2.47,0.0105,0.0075,-0.0285,-0.0008,44.8
2.471,0.0105,0.0082,-0.0233,0.0082,44.5
2.472,0.0105,0.0052,-0.027,0.0075,44.2
2.473,0.0082,0.0037,-0.0285,0.003,43.9
2.474,0.006,0.0037,-0.0278,-0.0053,43.6
2.475,0.0067,0.0015,-0.0285,-0.0188,43.3
2.476,0.0045,0.0015,-0.0218,-0.024,43.0
2.477,0.0015,0.0037,-0.0181,-0.0165,42.7
2.478,-0.0015,0.0015,-0.0158,-0.0053,42.3
2.479,-0.0038,-0.0046,-0.0075,0.0037,42.1
2.48,-0.0015,-0.003,-0.0053,0.009,41.7
2.481,-0.0046,-0.0023,-0.003,0.009,41.4
2.482,-0.0038,-0.0008,0.0022,0.0082,41.1
2.483,-0.0038,-0.0008,0.0075,0.0067,40.8
2.484,-0.0038,-0.0068,0.0067,0.0007,40.5
2.485,0.0,-0.0075,0.0045,-0.0068,40.2
2.486,0.0015,-0.0053,0.0052,-0.0091,39.9
2.487,0.0,-0.0023,0.0045,-0.0083,39.6
2.488,0.0,0.0037,0.003,0.0,39.2
2.489,0.0015,0.0067,0.0052,0.0082,38.9
2.49,-0.0015,0.009,0.0052,0.0142,38.6
2.491,-0.0008,0.006,0.0052,0.018,38.2
2.492,0.0,0.003,0.0082,0.003,37.9
2.493,-0.0038,-0.003,0.0127,-0.0233,37.6
2.494,-0.0038,-0.006,0.0142,-0.0315,37.3
2.495,-0.0068,-0.0046,0.0165,-0.0165,37.0
2.496,-0.0075,-0.0046,0.0172,0.006,36.7
2.497,-0.0075,-0.003,0.0165,0.0285,36.4
2.498,-0.0091,-0.006,0.018,0.0367,36.0
2.499,-0.0068,-0.0075,0.0165,0.0277,35.7
2.5,-0.0068,-0.0046,0.0172,0.009,35.4
2.501,-0.0053,0.0015,0.0165,-0.0075,35.1
2.502,-0.003,0.006,0.0165,-0.0098,34.7
2.503,-0.0038,0.006,0.015,0.003,34.4
2.504,-0.0015,0.003,0.0105,0.0202,34.1
2.505,-0.003,-0.0015,0.0082,0.0277,33.7
2.506,-0.003,-0.003,0.0052,0.024,33.4
2.507,-0.0015,-0.006,0.003,0.0105,33.1
2.508,0.0022,-0.0068,-0.0008,0.0,32.8
2.509,0.0022,-0.003,0.003,-0.0053,32.4
2.51,0.0015,-0.0023,0.0045,-0.0083,32.1
2.511,0.0007,-0.0008,0.0015,-0.0091,31.8
2.512,0.0007,0.0007,-0.0008,-0.0098,31.5
2.513,0.0022,0.0015,-0.0046,-0.0083,31.1
2.514,0.0007,0.0007,-0.0046,-0.0068,30.8
2.515,0.0015,0.0,-0.0046,-0.0053,30.5
2.516,0.0007,-0.0023,-0.0015,-0.0053,30.1
2.517,-0.0008,-0.003,-0.003,-0.0105,29.8
2.518,0.0007,-0.0038,-0.006,-0.0105,29.5
2.519,-0.0008,-0.003,-0.0008,-0.0083,29.1
2.52,-0.003,-0.0008,-0.0008,-0.0083,28.8
2.521,-0.0015,0.0015,0.0,-0.0068,28.4
2.522,-0.0015,0.0022,0.0015,-0.0143,28.1
2.523,0.0007,0.0052,-0.003,-0.0285,27.8
2.524,0.0022,0.009,-0.0105,-0.0465,27.4
2.525,0.003,0.012,-0.0158,-0.0578,27.0
2.526,0.0015,0.0157,-0.0181,-0.0518,26.7
2.527,-0.0008,0.0157,-0.0195,-0.039,26.3
2.528,0.0015,0.0142,-0.0188,-0.012,26.0
2.529,0.0015,0.0135,-0.0195,0.018,25.6
2.53,0.0052,0.0105,-0.0181,0.0427,25.3
2.531,0.0045,0.0052,-0.0143,0.0615,24.9
2.532,0.0015,-0.006,-0.012,0.0562,24.6
2.533,0.0007,-0.0165,-0.003,0.0442,24.3
2.534,0.0007,-0.0158,0.0,0.0352,23.9
2.535,0.0052,-0.0181,0.003,0.018,23.5
2.536,0.0045,-0.0195,0.0015,-0.0046,23.2
2.537,0.0075,-0.0098,0.0015,-0.015,22.8
2.538,0.0052,-0.0046,0.009,-0.0113,22.5
2.539,0.0045,-0.0015,0.012,-0.0053,22.1
2.54,0.0067,-0.0008,0.012,-0.0015,21.7
2.541,0.003,-0.003,0.006,0.006,21.5
2.542,0.0015,-0.0053,0.0127,0.009,21.1
2.543,-0.0015,-0.0068,0.0165,0.0015,20.8
2.544,0.0007,-0.0023,-0.0046,-0.0038,20.4
2.545,0.0075,0.0052,-0.0218,-0.0053,20.1
2.546,0.006,0.006,-0.0188,-0.0083,19.8
2.547,0.0045,0.0045,-0.015,-0.012,19.4
2.548,0.0037,0.0052,-0.0128,-0.0158,19.1
2.549,0.0045,0.0022,-0.0015,-0.0098,18.8
2.55,0.003,0.0007,0.0,-0.0046,18.4
2.551,0.0067,0.0015,0.0015,-0.003,18.1
2.552,0.0045,-0.0015,0.0142,0.0,17.8
2.553,-0.0023,-0.0038,0.0217,-0.0008,17.5
2.554,-0.0023,-0.0015,0.0142,-0.0046,17.1
2.555,-0.0023,0.0015,0.0045,-0.0075,16.8
2.556,-0.003,0.0045,0.0015,-0.012,16.5
2.557,-0.0023,0.0045,-0.0038,-0.0158,16.1
2.558,-0.003,0.0045,-0.0128,-0.0195,15.8
2.559,-0.0015,0.0037,-0.0173,-0.0195,15.4
2.56,-0.0015,0.0015,-0.0195,-0.0105,15.1
2.561,-0.0008,-0.0015,-0.0293,0.0007,14.9
2.562,0.0007,-0.0015,-0.03,0.0075,14.7
2.563,0.0015,-0.0008,-0.0218,0.0165,14.4
2.564,0.003,-0.0008,-0.0143,0.0262,14.2
2.565,-0.0015,-0.003,0.0037,0.0285,14.0
2.566,-0.0008,-0.0083,0.0255,0.0315,13.8
2.567,0.0015,-0.0083,0.039,0.0277,13.5
2.568,-0.0015,-0.0068,0.0427,0.0187,13.3
2.569,-0.0015,-0.0053,0.0345,0.0127,13.1
2.57,-0.003,0.0,0.0247,0.012,12.9
2.571,-0.0046,0.0015,0.0157,0.009,12.6
2.572,-0.003,0.0015,0.0082,0.0052,12.4
2.573,0.0045,0.0052,0.0007,0.003,12.2
2.574,0.0082,0.0082,-0.0128,0.0007,12.0
2.575,0.003,0.0067,-0.0128,0.0015,11.7
2.576,-0.0046,0.0015,-0.0091,-0.0008,11.5
2.577,-0.0091,-0.0008,-0.012,-0.0008,11.3
2.578,-0.0128,-0.0023,-0.0083,0.0007,11.1
2.579,-0.0173,-0.0015,-0.012,-0.0008,10.8
2.58,-0.0158,0.0015,-0.015,-0.0015,10.6
2.581,-0.0105,0.003,-0.0128,-0.0008,10.5
2.582,-0.003,0.003,-0.0158,-0.0015,10.5
2.583,0.0045,0.0045,-0.0233,-0.0046,10.4
2.584,0.012,0.0052,-0.0368,-0.0075,10.3
2.585,0.0165,0.0015,-0.0346,-0.0068,10.3
2.586,0.0127,-0.003,-0.003,-0.0023,10.2
2.587,0.0022,-0.0038,0.027,0.0,10.1
2.588,0.003,-0.0008,0.027,-0.003,10.0
2.589,0.006,-0.0008,0.033,-0.0046,10.0
2.59,-0.0015,-0.0015,0.0367,-0.0083,9.9
2.591,-0.0015,-0.0046,0.0315,-0.0053,9.8
2.592,-0.0091,-0.0113,0.0405,0.003,9.8
2.593,-0.0128,-0.012,0.039,0.0097,9.7
2.594,-0.012,-0.0075,0.051,0.0165,9.6
2.595,-0.0113,-0.0068,0.0517,0.0202,9.5
2.596,-0.0046,-0.0068,0.039,0.021,9.4
2.597,-0.0038,-0.0068,0.0307,0.012,9.4
2.598,-0.003,-0.0068,0.0142,0.0007,9.3
2.599,-0.0046,-0.0083,0.012,-0.003,9.3
2.6,-0.0015,-0.0053,0.0082,-0.006,9.1
2.601,0.0105,-0.0015,-0.0015,-0.0053,9.1
2.602,0.0232,0.0022,-0.0083,-0.0015,9.1
2.603,0.0195,0.0052,-0.0181,0.003,9.1
2.604,0.006,0.0045,-0.024,0.0045,9.1
2.605,-0.0015,0.0052,-0.0256,-0.0015,9.1
2.606,-0.0105,0.0067,-0.0256,-0.0068,9.1
2.607,-0.0181,0.0052,-0.0256,-0.0083,9.0
2.608,-0.0195,0.0045,-0.0285,-0.0128,9.0
2.609,-0.0181,0.003,-0.021,-0.0143,9.0
2.61,-0.0165,0.0007,-0.0075,-0.015,9.0
2.611,-0.0098,0.0015,-0.0038,-0.0195,9.0
2.612,-0.0015,0.0075,-0.0105,-0.0218,9.0
2.613,0.0067,0.0105,-0.0143,-0.0128,9.0
2.614,0.009,0.0045,-0.0083,0.0037,8.9
2.615,0.0067,-0.003,-0.0008,0.0142,8.9
2.616,0.0127,-0.0091,0.0315,0.024,8.9
2.617,0.0157,-0.0158,0.0517,0.027,8.9
2.618,0.0135,-0.0135,0.0457,0.0217,8.9
2.619,0.0037,-0.0128,0.0442,0.009,8.8
2.62,0.0007,-0.0135,0.0352,-0.0046,8.8
2.621,0.0015,-0.0105,0.0352,-0.0053,8.8
2.622,-0.003,-0.0083,0.0292,-0.0053,8.8
2.623,-0.003,-0.0046,0.0202,-0.0083,8.7
2.624,0.0,-0.0015,0.0135,-0.0091,8.7
2.625,0.0052,0.0007,0.0007,-0.0128,8.6
2.626,0.0037,0.0015,0.0015,-0.0165,8.6
2.627,0.0,0.0007,-0.0015,-0.021,8.6
2.628,-0.0091,-0.0046,-0.0023,-0.0218,8.5
2.629,-0.0218,-0.0053,0.0045,-0.0135,8.5
2.63,-0.0233,0.0007,-0.0008,-0.0068,8.5
2.631,-0.0158,0.0015,-0.0113,-0.0068,8.5
2.632,-0.0105,0.0022,-0.0173,-0.0038,8.5
2.633,-0.0091,0.0045,-0.0225,-0.0023,8.4
2.634,-0.006,0.0067,-0.0218,-0.012,8.4
2.635,-0.0105,0.0105,-0.012,-0.0181,8.3
2.636,-0.0165,0.0112,-0.0046,-0.0135,8.3
2.637,-0.0173,0.0097,0.0067,-0.006,8.3
2.638,-0.0091,0.009,0.0067,-0.003,8.2
2.639,-0.0008,0.0052,0.0067,0.0097,8.2
2.64,-0.006,-0.0015,0.0082,0.0307,8.1
2.641,-0.0023,-0.0053,-0.0195,0.0247,8.2
2.642,0.0082,-0.0091,-0.0278,0.012,8.2
2.643,0.0067,-0.0128,-0.024,0.0022,8.3
2.644,0.009,-0.0091,-0.0263,-0.012,8.4
2.645,0.009,-0.0053,-0.0128,-0.0128,8.4
2.646,0.0112,-0.0008,-0.0053,-0.006,8.5
2.647,0.0172,0.0007,-0.003,0.0045,8.5
2.648,0.0142,-0.003,0.0037,0.0172,8.6
2.649,0.012,-0.0091,0.009,0.0232,8.6
2.65,0.0142,-0.0143,0.0127,0.0232,8.7
2.651,0.0172,-0.0143,0.009,0.0157,8.7
2.652,0.0172,-0.0091,0.009,0.0082,8.8
2.653,0.0195,-0.0023,0.0105,0.0052,8.9
2.654,0.0232,0.0052,0.0015,0.0052,8.9
2.655,0.0277,0.0097,0.0022,0.006,9.0
2.656,0.0337,0.0142,0.0045,0.0067,9.0
2.657,0.039,0.018,0.003,-0.0008,9.0
2.658,0.0382,0.0217,0.0015,-0.0091,9.1
2.659,0.0322,0.024,-0.0098,-0.0105,9.2
2.66,0.0352,0.0195,-0.0173,-0.0143,9.2
2.661,0.0337,0.0052,-0.012,-0.0203,9.4
2.662,0.0127,-0.0098,0.0015,-0.0233,9.4
2.663,-0.012,-0.0143,0.0067,-0.0293,9.6
2.664,-0.0315,-0.0128,0.0022,-0.0315,9.7
2.665,-0.0458,-0.0128,0.0,-0.027,9.9
2.666,-0.0503,-0.0135,-0.0053,-0.0225,9.9
2.667,-0.0428,-0.0113,-0.0195,-0.003,10.1
2.668,-0.0256,-0.0083,-0.0346,0.0217,10.2
2.669,-0.0158,-0.0068,-0.0353,0.0142,10.3
2.67,-0.006,-0.003,-0.0165,-0.003,10.4
2.671,0.0015,0.0097,-0.0083,-0.0015,10.6
2.672,0.003,0.0285,-0.0075,0.0082,10.7
2.673,0.0082,0.0352,-0.0023,0.0232,10.8
2.674,0.0067,0.0217,-0.003,0.0217,10.9
2.675,-0.003,0.0075,-0.0015,0.012,11.1
2.676,-0.0346,0.003,0.0,0.003,11.2
2.677,-0.063,-0.0038,0.0015,-0.0113,11.3
2.678,-0.0721,-0.0053,-0.003,-0.015,11.4
2.679,-0.0645,-0.0075,-0.0008,-0.0128,11.5
2.68,-0.042,-0.0098,0.0127,0.003,11.7
2.681,-0.0165,-0.0023,0.0157,0.0195,11.7
2.682,0.0165,0.0007,0.0232,0.0187,11.8
2.683,0.0352,-0.0023,0.024,0.0157,11.8
2.684,0.048,-0.0038,0.024,0.0052,11.9
2.685,0.066,-0.0023,0.0202,0.0067,12.0
2.686,0.075,0.0045,0.006,0.0112,12.0
2.687,0.0855,0.0082,-0.0113,0.0037,12.1
2.688,0.0885,0.0052,-0.0308,-0.0023,12.1
2.689,0.0742,-0.0023,-0.0375,-0.0075,12.2
2.69,0.0345,-0.0128,-0.042,-0.012,12.2
2.691,-0.0091,-0.0158,-0.054,-0.0128,12.3
2.692,-0.039,-0.012,-0.063,-0.0113,12.4
2.693,-0.057,-0.0068,-0.0458,-0.012,12.4
2.694,-0.048,0.0007,-0.0256,-0.0128,12.5
2.695,-0.0413,0.0045,-0.0218,-0.0113,12.6
2.696,-0.0413,0.0052,-0.0098,-0.0091,12.6
2.697,-0.0413,0.0082,-0.0008,-0.0075,12.6
2.698,-0.0465,0.0112,0.0052,-0.0038,12.7
2.699,-0.0293,0.0165,0.0112,-0.0023,12.8
2.7,-0.0083,0.0172,0.0157,-0.0015,12.8
2.701,0.0127,0.0142,0.021,-0.0038,12.8
2.702,0.0405,0.0045,0.015,-0.012,12.8
2.703,0.0457,-0.006,0.012,-0.0165,12.8
2.704,0.0487,-0.0091,0.012,-0.0158,12.8
2.705,0.0465,-0.0068,0.0082,-0.0143,12.8
2.706,0.021,-0.0038,-0.003,-0.0135,12.8
2.707,0.0172,-0.003,-0.024,-0.012,12.8
2.708,0.027,-0.0046,-0.0368,-0.0083,12.8
2.709,0.0345,-0.0105,-0.0353,-0.0075,12.8
2.71,0.0352,-0.0091,-0.0346,-0.0053,12.8
2.711,0.0307,-0.0008,-0.0256,-0.0008,12.8
2.712,0.033,0.0015,-0.0165,0.0007,12.8
2.713,0.0367,0.0037,-0.0128,0.0007,12.8
2.714,0.0405,-0.0015,-0.0015,-0.0015,12.8
2.715,0.0232,-0.0083,0.0112,0.0045,12.8
2.716,-0.0068,-0.0091,0.027,0.0105,12.8
2.717,-0.0353,-0.0091,0.0292,0.0097,12.8
2.718,-0.0593,-0.0038,0.0315,0.0082,12.8
2.719,-0.0721,-0.0023,0.0337,0.0015,12.8
2.72,-0.0668,-0.0038,0.0285,-0.003,12.8
2.721,-0.0503,-0.0053,0.0352,0.0022,12.9
2.722,-0.0511,-0.0053,0.0397,0.009,12.9
2.723,-0.0405,-0.0015,0.039,0.0172,13.0
2.724,-0.0315,-0.0015,0.0352,0.027,13.0
2.725,-0.039,-0.0053,0.0315,0.03,13.1
2.726,-0.0361,-0.0053,0.0277,0.027,13.2
2.727,-0.0225,-0.003,0.0255,0.021,13.3
2.728,0.0015,-0.0023,0.0285,0.0165,13.4
2.729,0.009,-0.0015,0.0232,0.0157,13.4
2.73,0.003,0.0015,0.0157,0.015,13.5
2.731,-0.0008,0.003,0.012,0.012,13.6
2.732,-0.0098,0.0022,0.0172,0.0082,13.6
2.733,-0.0293,-0.003,0.024,0.0022,13.7
2.734,-0.0511,-0.0105,0.0135,-0.0023,13.8
2.735,-0.0578,-0.0068,0.0015,-0.0008,13.9
2.736,-0.0533,-0.0008,-0.0046,0.0,13.9
2.737,-0.0458,0.0022,-0.012,-0.0008,14.0
2.738,-0.0203,0.0052,-0.0165,0.0007,14.1
2.739,0.009,0.0052,-0.0173,0.0007,14.1
2.74,0.0337,0.0097,-0.0015,0.0007,14.2
2.741,0.0592,0.0082,0.0082,-0.0023,14.2
2.742,0.0825,0.0067,0.0045,-0.0053,14.3
2.743,0.09,0.0067,0.0157,-0.0038,14.3
2.744,0.0787,0.003,0.0322,-0.0046,14.3
2.745,0.069,0.0,0.0352,-0.0046,14.3
2.746,0.048,-0.0008,0.0142,-0.0015,14.3
2.747,0.027,-0.0023,-0.0023,-0.0015,14.4
2.748,0.003,-0.0053,-0.0105,-0.0015,14.4
2.749,-0.0165,-0.0053,-0.0068,0.003,14.4
2.75,-0.0188,-0.003,-0.0068,0.0045,14.4
2.751,-0.0128,0.0007,-0.0293,0.0045,14.4
2.752,-0.0135,0.003,-0.0458,0.0007,14.4
2.753,-0.0098,0.0045,-0.0503,-0.003,14.4
2.754,0.0105,0.012,-0.0405,-0.0008,14.5
2.755,0.0045,0.0157,-0.0256,-0.0038,14.5
2.756,-0.0233,0.0112,-0.0218,-0.0053,14.5
2.757,-0.0293,0.009,-0.0383,-0.0075,14.5
2.758,-0.0128,0.006,-0.0353,-0.0068,14.5
2.759,0.0015,0.0007,-0.0128,-0.0053,14.6
2.76,0.0277,0.0045,-0.012,-0.0046,14.6
2.761,0.048,0.0067,-0.012,-0.0015,14.6
2.762,0.0495,-0.0068,-0.0105,-0.006,14.6
2.763,0.0472,-0.0181,-0.0128,-0.0105,14.6
2.764,0.0292,-0.0128,-0.0053,-0.0075,14.6
2.765,0.0127,-0.003,-0.0015,-0.0053,14.6
2.766,0.003,-0.0008,-0.0083,-0.0053,14.5
2.767,-0.0053,-0.0046,-0.0195,-0.0098,14.5
2.768,-0.0143,-0.0075,-0.0248,-0.012,14.5
2.769,-0.0293,-0.0053,-0.024,-0.0091,14.5
2.77,-0.0346,-0.0046,-0.0165,-0.0053,14.5
2.771,-0.0323,-0.003,-0.0068,-0.0015,14.5
2.772,-0.0338,-0.0023,-0.0098,-0.0038,14.5
2.773,-0.03,-0.0015,-0.015,-0.003,14.5
2.774,-0.0278,-0.0008,-0.0225,-0.0015,14.5
2.775,-0.0293,0.0045,-0.024,0.0015,14.4
2.776,-0.033,0.009,-0.0218,0.0067,14.4
2.777,-0.033,0.0127,-0.0248,0.0082,14.4
2.778,-0.0225,0.015,-0.0195,0.009,14.4
2.779,-0.0195,0.0112,-0.0083,0.0067,14.4
2.78,-0.0143,0.0015,0.0067,0.0037,14.4
2.781,-0.0128,-0.0046,0.0202,0.0022,14.4
2.782,-0.012,-0.0038,0.0315,0.0037,14.4
2.783,0.0015,-0.0008,0.0345,0.006,14.4
2.784,0.0202,-0.0015,0.0352,0.0052,14.4
2.785,0.0382,-0.0068,0.0405,0.0075,14.4
2.786,0.054,-0.0091,0.042,0.0067,14.4
2.787,0.069,-0.0046,0.048,0.0067,14.4
2.788,0.0652,-0.0068,0.0577,0.0075,14.4
2.789,0.0637,-0.0105,0.0547,0.0007,14.4
2.79,0.0615,-0.0113,0.048,-0.0008,14.4
2.791,0.0277,-0.0113,0.0532,0.0015,14.4
2.792,-0.0128,-0.0068,0.0532,0.0045,14.4
2.793,-0.0256,-0.0053,0.0427,0.0052,14.4
2.794,-0.0293,-0.0046,0.0337,0.0045,14.4
2.795,-0.0338,-0.0046,0.0307,0.0045,14.4
2.796,-0.0315,-0.0038,0.0255,0.0045,14.4
2.797,-0.0315,-0.0008,0.0172,0.0045,14.4
2.798,-0.03,-0.0015,0.012,0.003,14.4
2.799,-0.0263,0.0015,0.015,0.0022,14.4
2.8,-0.0195,0.0022,0.0165,0.003,14.4
2.801,-0.012,0.003,0.0142,0.0015,14.4
2.802,-0.0091,0.003,0.0195,0.0007,14.4
2.803,-0.0068,0.0007,0.0165,0.0015,14.4
2.804,-0.0143,-0.0015,0.006,0.0015,14.3
2.805,-0.0225,-0.0015,-0.003,-0.0008,14.2
2.806,-0.0203,0.0015,-0.0128,-0.0023,14.2
2.807,-0.0068,0.0037,-0.0256,-0.003,14.1
2.808,0.0037,0.0052,-0.0263,-0.0015,14.1
2.809,0.0097,0.003,-0.0195,0.0,14.0
2.81,0.0105,0.0007,-0.0195,0.0,13.9
2.811,0.0067,-0.0008,-0.0218,0.0007,13.9
2.812,0.0105,-0.0015,-0.0225,0.0,13.9
2.813,0.0135,0.0007,-0.0233,-0.0015,13.8
2.814,0.0165,0.0015,-0.0233,-0.0023,13.8
2.815,0.027,0.0015,-0.0315,-0.0046,13.7
2.816,0.0375,0.003,-0.0443,-0.0068,13.7
2.817,0.0315,0.0052,-0.0525,-0.006,13.6
2.818,0.0142,0.0052,-0.0368,-0.0023,13.5
2.819,0.0052,0.0007,-0.0188,-0.0008,13.5
2.82,0.0015,0.0007,-0.0128,-0.0008,13.4
2.821,-0.0046,-0.0015,-0.0038,0.0007,13.4
2.822,-0.0068,-0.003,-0.0008,0.0007,13.4
2.823,-0.0113,-0.0038,-0.0008,0.0,13.4
2.824,-0.0091,-0.003,0.0037,0.0007,13.4
2.825,0.0015,0.0,0.0195,0.0015,13.4
2.826,0.0067,0.0007,0.0292,-0.0008,13.4
2.827,0.0082,0.0015,0.0255,-0.0023,13.4
2.828,0.0067,-0.0008,0.0195,-0.0015,13.4
2.829,0.0082,-0.0015,0.0105,-0.003,13.4
2.83,0.0075,-0.0008,0.009,-0.0015,13.4
2.831,0.0015,0.0,0.0142,-0.0008,13.4
2.832,-0.0053,-0.0015,0.0142,-0.0038,13.4
2.833,-0.0158,-0.0068,0.0135,-0.0046,13.4
2.834,-0.0195,-0.003,0.0112,-0.0053,13.4
2.835,-0.0233,-0.003,0.0135,-0.0053,13.4
2.836,-0.0225,-0.003,0.018,-0.0046,13.4
2.837,-0.0181,-0.0008,0.0217,-0.0046,13.3
2.838,-0.0195,-0.003,0.018,-0.003,13.3
2.839,-0.0173,-0.003,0.0037,-0.0023,13.3
2.84,-0.0046,-0.0015,-0.0046,-0.0008,13.3
2.841,0.015,0.0007,-0.0098,-0.0015,13.3
2.842,0.0262,0.0037,-0.0105,-0.0023,13.3
2.843,0.033,0.003,-0.0105,-0.0046,13.3
2.844,0.0397,0.0052,-0.0068,-0.0046,13.3
2.845,0.0352,0.003,0.0015,-0.006,13.4
2.846,0.0195,-0.0068,0.0045,-0.0113,13.4
2.847,-0.0008,-0.0105,0.003,-0.0091,13.4
2.848,-0.0083,-0.0068,0.0045,-0.0091,13.4
2.849,-0.0105,-0.0068,0.012,-0.0098,13.4
2.85,-0.0135,-0.0053,0.0075,-0.0091,13.5
2.851,-0.0158,-0.003,0.0037,-0.0083,13.5
2.852,-0.0165,-0.0046,0.003,-0.0068,13.5
2.853,-0.015,0.0007,-0.0046,-0.0075,13.5
2.854,-0.0105,0.003,-0.0083,-0.0053,13.5
2.855,0.0015,0.0052,-0.012,-0.0053,13.5
2.856,0.0127,0.009,-0.0165,-0.0068,13.5
2.857,0.0157,0.0082,-0.0181,-0.0083,13.5
2.858,0.009,0.0045,-0.027,-0.012,13.5
2.859,0.0037,0.0037,-0.0308,-0.012,13.6
2.86,0.0,0.0067,-0.0315,-0.0098,13.6
2.861,-0.0015,0.0112,-0.0278,-0.0091,13.6
2.862,-0.0015,0.009,-0.024,-0.0105,13.6
2.863,-0.0135,0.0082,-0.033,-0.0105,13.6
2.864,-0.0128,0.006,-0.0383,-0.0083,13.6
2.865,-0.0038,0.0045,-0.033,-0.0083,13.6
2.866,0.003,0.003,-0.0263,-0.0068,13.6
2.867,0.0082,0.0007,-0.0218,-0.003,13.6
2.868,0.0127,-0.0008,-0.0218,-0.0008,13.6
2.869,0.0157,0.003,-0.0248,0.0,13.6
2.87,0.0195,0.006,-0.024,0.0,13.6
2.871,0.0202,0.0045,-0.0195,0.0007,13.6
2.872,0.009,-0.0023,-0.0165,0.0,13.6
2.873,0.0045,-0.003,-0.0113,0.0007,13.6
2.874,0.0045,-0.0008,-0.012,0.003,13.6
2.875,0.0045,-0.0008,-0.0113,0.0045,13.7
2.876,0.0015,-0.0023,-0.0105,0.0045,13.7
2.877,-0.0046,-0.003,-0.0188,0.0015,13.7
2.878,-0.006,-0.003,-0.0195,0.0015,13.7
2.879,-0.0083,-0.0046,-0.0158,0.0052,13.7
2.88,-0.006,-0.003,-0.012,0.0052,13.7
2.881,-0.003,-0.0015,-0.0158,0.0045,13.7
2.882,-0.0008,0.0007,-0.021,0.0052,13.6
2.883,0.0052,0.0015,-0.024,0.0037,13.6
2.884,0.0135,0.0045,-0.0346,0.0015,13.6
2.885,0.0202,0.0112,-0.0405,0.003,13.5
2.886,0.024,0.0157,-0.042,0.0045,13.5
2.887,0.0255,0.0202,-0.0458,0.003,13.5
2.888,0.024,0.018,-0.0518,0.0007,13.4
2.889,0.0232,0.015,-0.0578,-0.003,13.4
2.89,0.0232,0.0127,-0.0653,-0.0053,13.3
2.891,0.024,0.0082,-0.0615,-0.0053,13.3
2.892,0.0157,0.0052,-0.048,-0.003,13.3
2.893,0.0045,0.003,-0.0428,-0.0046,13.2
2.894,0.0052,0.0015,-0.0368,-0.0038,13.2
2.895,0.0105,0.0015,-0.033,-0.0015,13.1
2.896,0.0112,0.003,-0.0278,-0.0023,13.1
2.897,0.012,0.0052,-0.0218,-0.0015,13.1
2.898,0.0127,0.0045,-0.0158,-0.0008,13.0
2.899,0.0157,0.0015,-0.0075,-0.0008,13.0
2.9,0.0165,-0.0008,-0.0046,-0.0008,12.9
2.901,0.009,-0.0023,-0.0015,0.0015,12.9
2.902,-0.0008,-0.003,0.0015,0.0,12.9
2.903,-0.0046,-0.0023,0.0045,0.0015,12.8
2.904,-0.0075,-0.0008,0.0075,0.0052,12.7
2.905,-0.0083,-0.0015,0.0097,0.0067,12.7
2.906,-0.0105,-0.0008,0.0082,0.0082,12.6
2.907,-0.0135,-0.0015,0.009,0.009,12.6
2.908,-0.0203,-0.0046,0.0157,0.0082,12.5
2.909,-0.0308,-0.0068,0.0232,0.009,12.5
2.91,-0.042,-0.0075,0.0307,0.009,12.4
2.911,-0.0428,-0.0083,0.036,0.0127,12.4
2.912,-0.0383,-0.0091,0.0382,0.0127,12.3
2.913,-0.033,-0.0113,0.039,0.012,12.2
2.914,-0.0256,-0.0128,0.039,0.0127,12.2
2.915,-0.0165,-0.0075,0.042,0.0127,12.1
2.916,-0.0068,-0.0046,0.0442,0.0127,12.1
2.917,0.003,-0.0023,0.0457,0.0097,12.1
2.918,0.0097,-0.003,0.054,0.0105,12.0
2.919,0.0142,-0.0075,0.0585,0.009,11.9
2.92,0.0202,-0.0083,0.0652,0.0052,11.8
2.921,0.0195,-0.0083,0.0652,0.0052,11.8
2.922,0.0142,-0.0083,0.0532,0.003,11.8
2.923,0.0052,-0.0083,0.0457,0.0015,11.7
2.924,-0.0023,-0.0098,0.0427,0.0,11.7
2.925,-0.0053,-0.0128,0.0457,-0.0008,11.6
2.926,-0.015,-0.0143,0.039,0.0007,11.6
2.927,-0.0165,-0.0113,0.0307,0.0007,11.5
2.928,-0.0158,-0.0068,0.0225,0.0007,11.5
2.929,-0.015,-0.0046,0.0127,0.0007,11.4
2.93,-0.0105,-0.003,0.0075,0.0007,11.4
2.931,-0.0105,-0.0023,0.0022,0.0015,11.3
2.932,-0.0098,-0.003,0.0045,0.0015,11.3
2.933,-0.0091,-0.0008,0.0015,-0.0008,11.2
2.934,-0.0068,0.0022,-0.003,-0.0038,11.2
2.935,-0.0046,0.0022,-0.003,-0.0046,11.1
2.936,0.0,0.0045,-0.006,-0.003,11.1
2.937,0.0022,0.003,-0.0053,-0.0015,11.0
2.938,0.0,-0.0008,-0.0015,-0.0008,11.0
2.939,-0.0015,-0.0023,-0.0015,-0.003,10.9
2.94,-0.0008,-0.0015,-0.0015,-0.0023,10.8
2.941,-0.0015,0.0015,-0.0023,-0.0015,10.8
2.942,-0.0015,0.0007,-0.0008,-0.003,10.8
2.943,0.0007,0.0022,-0.0008,-0.0008,10.7
2.944,-0.0015,0.0015,0.0022,0.0,10.7
2.945,-0.0008,0.0007,0.0045,-0.0008,10.7
2.946,0.0007,0.003,0.0045,-0.0008,10.6
2.947,0.0,0.0007,0.009,0.0007,10.6
2.948,-0.0008,-0.0008,0.0142,0.0007,10.5
2.949,-0.0015,-0.0015,0.0157,0.0,10.5
2.95,0.0015,-0.0046,0.015,0.0007,10.4
2.951,0.0022,-0.003,0.0075,0.0007,10.4
2.952,0.0022,-0.003,0.0052,-0.0015,10.3
2.953,0.0007,-0.0008,0.0067,-0.0015,10.3
2.954,-0.0015,-0.0015,0.0052,0.0007,10.3
2.955,-0.003,0.0,0.0037,-0.0008,10.2
2.956,-0.0038,0.0007,0.0045,-0.0008,10.2
2.957,0.0007,0.0007,0.003,-0.0015,10.1
2.958,0.003,0.0007,0.003,-0.003,10.1
2.959,0.0015,-0.003,0.006,0.0007,10.0
2.96,0.0015,-0.0008,0.003,-0.0008,9.9
2.961,0.0,0.0,0.006,0.0,9.9
2.962,0.0015,-0.0015,0.0105,0.0007,9.9
2.963,0.0,-0.0008,0.0127,-0.0008,9.9
2.964,-0.0023,-0.0023,0.0142,0.0007,9.8
2.965,-0.003,-0.0015,0.0127,0.0,9.8
2.966,-0.0038,-0.0008,0.012,0.003,9.7
2.967,-0.0008,0.0015,0.0075,0.0022,9.7
2.968,-0.0008,0.0015,0.0067,-0.0008,9.6
2.969,-0.0008,-0.0008,0.0075,-0.0015,9.6
2.97,-0.0008,-0.0015,0.009,-0.0015,9.5
2.971,-0.0015,-0.0008,0.0127,-0.0015,9.5
2.972,-0.0023,-0.0015,0.0135,-0.0068,9.4
2.973,-0.0015,-0.0046,0.015,-0.0068,9.4
2.974,-0.0008,-0.003,0.0202,-0.003,9.4
2.975,-0.0053,-0.003,0.0315,-0.0023,9.3
2.976,-0.0083,-0.006,0.039,-0.0023,9.3
2.977,-0.0105,-0.0068,0.045,0.003,9.2
2.978,-0.0128,-0.0068,0.0547,0.0105,9.2
2.979,-0.0143,-0.0075,0.0585,0.0067,9.1
2.98,-0.0143,-0.0083,0.0577,-0.0023,9.0
2.981,-0.0143,-0.0083,0.057,-0.0091,9.0
2.982,-0.0158,-0.0075,0.0547,-0.0053,9.0
2.983,-0.012,-0.0075,0.0517,0.0007,9.0
2.984,-0.0091,-0.0083,0.042,0.0067,9.0
2.985,-0.0053,-0.0091,0.0367,0.024,8.9
2.986,-0.0023,-0.0083,0.0315,0.03,8.9
2.987,-0.0008,-0.0068,0.0255,0.0232,8.9
2.988,-0.003,-0.0068,0.0202,0.0157,8.8
2.989,-0.0015,-0.0038,0.012,0.0082,8.8
2.99,0.003,-0.0008,0.0105,0.003,8.7
2.991,-0.0008,-0.0008,0.0112,-0.0015,8.7
2.992,-0.0008,-0.0008,0.015,-0.0023,8.7
2.993,-0.0023,-0.0015,0.018,-0.003,8.6
2.994,-0.0015,-0.003,0.015,-0.0046,8.6
2.995,0.0,-0.0023,0.0037,-0.0053,8.6
2.996,0.0015,0.0,-0.0068,-0.006,8.5
2.997,0.003,-0.0008,-0.0068,-0.0046,8.5
2.998,0.003,0.0007,-0.0113,-0.006,8.5
2.999,0.0045,0.0007,-0.012,-0.0053,8.5
3.0,0.003,0.0015,-0.0188,-0.0083,8.4
3.001,0.006,0.0045,-0.024,-0.0083,8.4
3.002,0.0067,0.0045,-0.0256,-0.0075,8.4
3.003,0.009,0.0052,-0.03,-0.0075,8.3
3.004,0.0082,0.0037,-0.0263,-0.006,8.3
3.005,0.0067,0.003,-0.027,-0.0075,8.2
3.006,0.0082,0.0082,-0.0285,-0.0083,8.2
3.007,0.009,0.0067,-0.0315,-0.0075,8.2
3.008,0.0105,0.0082,-0.0353,-0.0083,8.1
3.009,0.0105,0.0067,-0.0315,-0.0046,8.1
3.01,0.0105,0.006,-0.0308,-0.0046,8.1
3.011,0.0075,0.0067,-0.0315,-0.006,8.1
3.012,0.0097,0.0052,-0.033,-0.006,8.0
3.013,0.0082,0.0045,-0.0315,-0.0068,8.0
3.014,0.0052,0.0037,-0.0285,-0.0068,8.0
3.015,0.0075,0.0045,-0.0256,-0.0053,7.9
3.016,0.0052,0.0022,-0.0233,-0.003,7.9
3.017,0.0067,0.003,-0.027,-0.003,7.8
3.018,0.0105,0.0045,-0.0278,-0.0046,7.8
3.019,0.0097,0.003,-0.0293,-0.006,7.8
3.02,0.0082,0.0045,-0.033,-0.006,7.7
3.021,0.0075,0.0045,-0.0346,-0.0053,7.7
3.022,0.009,0.0052,-0.039,-0.0053,7.7
3.023,0.0105,0.0067,-0.045,-0.0075,7.7
3.024,0.0142,0.0067,-0.0495,-0.0083,7.6
3.025,0.0142,0.0067,-0.0465,-0.0068,7.6
3.026,0.0127,0.009,-0.0458,-0.0068,7.6
3.027,0.0112,0.006,-0.021,-0.0015,7.6
3.028,-0.0008,-0.0008,0.0,0.0007,7.6
3.029,0.0015,0.0015,-0.024,-0.0046,7.6
3.03,0.0082,0.0015,-0.0195,-0.0015,7.6
3.031,0.003,-0.0008,-0.0046,0.0007,7.6
3.032,0.0015,-0.0008,-0.0068,0.0,7.5
3.033,-0.0015,-0.0023,-0.0075,0.0,7.5
3.034,-0.0008,0.0007,-0.0135,-0.0008,7.5
3.035,-0.0015,-0.0008,-0.0105,-0.0008,7.5
3.036,0.0007,0.0007,-0.012,-0.0015,7.5
3.037,0.003,0.003,-0.0113,-0.003,7.4
3.038,0.0007,0.0015,-0.0128,-0.0015,7.4
3.039,0.0007,0.0007,-0.0158,-0.0038,7.4
3.04,0.003,0.0007,-0.0173,-0.0038,7.3
3.041,0.0075,0.0015,-0.012,-0.0015,7.3
3.042,0.0075,-0.0008,-0.0046,-0.0008,7.3
3.043,0.012,0.0007,-0.0015,0.0,7.3
3.044,0.009,0.0,0.0075,0.0015,7.3
3.045,0.009,-0.0046,0.012,0.0007,7.3
3.046,0.009,-0.0023,0.0097,-0.0015,7.3
3.047,0.003,-0.0053,0.009,-0.0008,7.3
3.048,-0.0008,-0.0053,0.0105,-0.0015,7.2
3.049,-0.0083,-0.0046,0.009,-0.003,7.2
3.05,-0.0053,-0.0046,0.0022,-0.0038,7.2
3.051,0.0,0.0007,-0.0046,-0.003,7.2
3.052,0.0052,0.0015,-0.0098,-0.003,7.2
3.053,0.0112,0.003,-0.0083,-0.0046,7.2
3.054,0.0112,0.0015,-0.0046,-0.0015,7.2
3.055,0.0067,-0.0008,0.0,0.0,7.2
3.056,0.003,0.0015,-0.0015,-0.0015,7.1
3.057,0.0007,0.0007,-0.0008,-0.0008,7.1
3.058,-0.0015,0.0007,0.0045,0.0015,7.1
3.059,-0.0038,0.0,0.009,0.0015,7.1
3.06,-0.0053,0.0,0.0105,0.0007,7.0
3.061,-0.0023,0.0,0.0007,-0.003,7.0
3.062,-0.0008,0.0,-0.0038,-0.003,7.0
3.063,0.0,0.0015,-0.0038,-0.0008,7.0
3.064,-0.0015,0.0007,-0.0053,0.0015,7.0
3.065,-0.003,0.0,-0.0015,0.0007,7.0
3.066,-0.0053,0.0007,-0.0046,-0.0015,7.0
3.067,-0.0053,0.0015,-0.0143,-0.003,7.0
3.068,-0.0015,0.003,-0.0181,-0.003,7.0
3.069,-0.0008,0.003,-0.021,-0.0046,6.9
3.07,-0.0023,0.003,-0.0195,-0.0038,6.9
3.071,-0.0038,0.0037,-0.015,-0.0023,6.9
3.072,-0.0046,0.003,-0.0158,-0.003,6.9
3.073,-0.0046,0.0022,-0.0188,-0.0015,6.9
3.074,-0.0038,0.0007,-0.024,-0.0015,6.9
3.075,-0.003,0.0007,-0.0218,-0.0023,6.8
3.076,-0.0015,0.0,-0.0181,0.0,6.8
3.077,-0.0008,-0.0015,-0.0113,-0.0008,6.8
3.078,-0.0008,-0.0015,-0.0068,-0.0015,6.8
3.079,0.0052,-0.0023,-0.0053,0.0007,6.8
3.08,0.009,-0.0008,0.0082,0.003,6.7
3.081,0.0105,-0.0008,0.0105,0.0037,6.7
3.082,0.0142,0.0,0.0105,0.003,6.7
3.083,0.0105,0.0,0.0157,0.0022,6.7
3.084,0.003,-0.0015,0.0195,0.0007,6.7
3.085,-0.0015,-0.0015,0.0247,0.0015,6.7
3.086,-0.006,-0.0015,0.0247,0.0015,6.7
3.087,-0.0068,0.0007,0.0277,0.0015,6.7
3.088,-0.0083,-0.0008,0.0262,0.0022,6.7
3.089,-0.0083,-0.0008,0.018,0.0015,6.7
3.09,-0.003,-0.0015,0.0105,0.0015,6.7
3.091,-0.0023,-0.0023,0.0037,0.0015,6.7
3.092,-0.0023,0.0007,0.0067,0.0022,6.6
3.093,-0.0046,-0.0008,0.0052,0.0015,6.6
3.094,-0.0046,-0.003,0.0052,0.0015,6.6
3.095,-0.0038,-0.0015,0.0067,0.0022,6.6
3.096,-0.0068,-0.0008,0.0045,0.0015,6.6
3.097,-0.0053,-0.003,0.0067,0.0045,6.6
3.098,-0.0046,-0.003,0.0082,0.0052,6.6
3.099,-0.0046,-0.003,0.0142,0.0052,6.5
3.1,-0.0053,-0.0053,0.012,0.0037,6.5
3.101,-0.0046,-0.0046,0.0082,0.0015,6.5
3.102,-0.0023,-0.0038,0.0075,0.0015,6.5
3.103,-0.0046,-0.003,0.009,0.0015,6.5
3.104,-0.0015,-0.003,0.009,0.0022,6.5
3.105,-0.003,-0.0008,0.0067,0.0022,6.5
3.106,-0.003,-0.0008,0.0037,0.0015,6.5
3.107,-0.0008,-0.0008,-0.0015,0.0007,6.5
3.108,-0.0015,-0.0008,0.0022,0.0007,6.4
3.109,-0.0023,-0.0015,0.0052,0.003,6.4
3.11,-0.0023,0.0,0.009,0.0015,6.4
3.111,-0.0053,-0.0008,0.0082,0.0022,6.4
3.112,-0.0046,-0.0015,0.0022,0.0015,6.4
3.113,-0.0053,0.0007,0.0067,0.0015,6.4
3.114,-0.006,0.0007,0.0067,0.0015,6.4
3.115,-0.0053,-0.0008,0.0082,0.0015,6.4
3.116,-0.003,-0.0008,0.003,0.0007,6.4
3.117,0.0007,-0.0008,0.0015,0.0,6.4
3.118,-0.0008,0.0007,0.0022,0.0007,6.3
3.119,0.0007,0.0015,-0.003,-0.0015,6.3
3.12,0.0015,0.003,-0.0083,-0.0023,6.3
3.121,0.0052,0.0045,-0.024,-0.0053,6.3
3.122,0.0067,0.003,-0.0143,-0.0008,6.3
3.123,-0.0015,0.0007,0.0082,0.0052,6.3
3.124,-0.0053,-0.0015,0.0112,0.0052,6.3
3.125,-0.0083,-0.0015,0.0165,0.0052,6.3
3.126,-0.0053,-0.003,0.0202,0.0045,6.2
3.127,-0.006,-0.0053,0.027,0.0067,6.2
3.128,-0.0105,-0.0046,0.027,0.0045,6.2
3.129,-0.0091,-0.0053,0.0255,0.0037,6.2
3.13,-0.0105,-0.006,0.0255,0.0067,6.1
3.131,-0.0053,-0.0046,0.0225,0.0052,6.1
3.132,-0.0068,-0.0053,0.0217,0.0067,6.1
3.133,-0.0068,-0.003,0.012,0.0052,6.1
3.134,-0.0015,0.0,0.006,0.0045,6.1
3.135,-0.0015,-0.0015,0.0052,0.0037,6.0
3.136,0.0022,-0.0015,0.0015,0.003,6.0
3.137,0.003,-0.0015,0.003,0.0045,6.0
3.138,0.0007,-0.0015,0.0052,0.003,6.0
3.139,0.0007,-0.0015,0.0037,0.003,5.9
3.14,0.003,-0.003,0.0052,0.0037,5.9
3.141,0.0052,-0.0023,0.0082,0.0015,5.9
3.142,0.0045,-0.0015,0.0082,0.0,5.9
3.143,0.0037,-0.0008,0.0067,0.0007,5.8
3.144,0.0007,0.0,0.0082,0.0022,5.8
3.145,-0.0008,0.0,0.0142,0.0022,5.8
3.146,-0.0008,-0.0023,0.018,0.0022,5.8
3.147,-0.0008,-0.0038,0.0232,0.0037,5.8
3.148,-0.0046,-0.0038,0.024,0.0052,5.8
3.149,-0.0053,-0.0046,0.0247,0.0045,5.7
3.15,-0.0053,-0.0046,0.0187,0.0022,5.7
3.151,-0.0015,-0.003,0.0067,0.0007,5.7
3.152,0.0037,0.0,0.003,-0.0008,5.6
3.153,0.0052,0.003,-0.0046,0.0022,5.6
3.154,0.0067,0.0037,-0.0105,0.0015,5.6
3.155,0.0045,0.0015,-0.0135,-0.0015,5.6
3.156,0.0067,0.0022,-0.0233,-0.0053,5.5
3.157,0.009,0.0045,-0.0308,-0.0098,5.5
3.158,0.0105,0.003,-0.0315,-0.012,5.5
3.159,0.0105,0.0015,-0.0293,-0.0128,5.5
3.16,0.0127,0.003,-0.0293,-0.0098,5.4
3.161,0.0135,0.0037,-0.027,-0.0068,5.4
3.162,0.0105,0.0022,-0.024,-0.0083,5.4
3.163,0.0105,0.003,-0.0263,-0.0068,5.3
3.164,0.012,0.003,-0.0195,-0.006,5.3
3.165,0.0105,0.0015,-0.0128,-0.0046,5.3
3.166,0.0045,0.0007,-0.0105,-0.0038,5.3
3.167,0.0045,0.0,-0.0091,-0.003,5.3
3.168,0.0037,-0.0015,-0.012,-0.0015,5.3
3.169,0.0052,0.0,-0.0105,-0.0015,5.2
3.17,0.0052,0.0007,-0.0075,0.0007,5.2
3.171,0.0007,0.0007,-0.0038,-0.0008,5.2
3.172,-0.0015,0.0022,0.0007,-0.0015,5.1
3.173,-0.003,0.0015,-0.0008,-0.0015,5.1
3.174,-0.0015,0.003,-0.003,-0.0038,5.1
3.175,-0.0046,0.0022,0.0,-0.0053,5.1
3.176,-0.003,0.003,-0.003,-0.0046,5.0
3.177,-0.003,0.003,-0.0053,0.0015,5.0
3.178,-0.0053,0.0,-0.0023,0.0045,5.0
3.179,0.0,-0.0008,-0.0023,0.0022,5.0
3.18,0.0,-0.003,-0.0023,0.0015,4.9
3.181,-0.0015,-0.0015,-0.0046,-0.0008,4.9
3.182,0.0015,-0.0015,-0.0053,-0.0023,4.9
3.183,0.0022,-0.003,-0.0113,-0.0053,4.9
3.184,0.0022,-0.003,-0.0128,-0.006,4.9
3.185,0.0022,-0.003,-0.0135,-0.0046,4.8
3.186,0.0045,-0.0015,-0.0128,-0.0046,4.8
3.187,0.0022,-0.0008,-0.0053,-0.0008,4.8
3.188,-0.0015,0.0015,-0.0053,0.0015,4.8
3.189,-0.0015,0.0022,-0.0046,0.0022,4.7
3.19,0.0007,0.0007,-0.006,0.0067,4.7
3.191,0.0,-0.0008,-0.0053,0.0067,4.7
3.192,0.0007,0.0007,-0.003,0.0,4.6
3.193,0.0022,0.0015,-0.003,-0.0046,4.6
3.194,0.0015,0.0022,-0.0008,-0.0083,4.6
3.195,0.0,0.0045,-0.0053,-0.012,4.6
3.196,0.0015,0.0052,-0.0068,-0.012,4.5
3.197,0.0007,0.0052,-0.003,-0.0083,4.5
3.198,-0.0008,0.0052,0.0007,-0.0008,4.5
3.199,0.0007,0.003,0.0045,0.003,4.5
3.2,0.0015,0.0037,-0.0008,0.003,4.4
3.201,0.0015,0.0045,0.0007,0.0007,4.4
3.202,0.0007,0.006,0.003,-0.0008,4.4
3.203,0.0015,0.0075,0.0015,0.0015,4.4
3.204,0.0015,0.0052,-0.0008,0.0015,4.4
3.205,0.0015,0.0,0.0022,0.0015,4.4
3.206,0.0007,-0.0083,0.0045,0.0037,4.4
3.207,-0.0008,-0.0135,0.0037,0.0127,4.4
3.208,0.0015,-0.0143,0.0067,0.021,4.3
3.209,-0.0008,-0.0135,0.0097,0.0255,4.3
3.21,-0.0008,-0.0113,0.0067,0.0202,4.3
3.211,-0.0023,-0.0068,0.0045,0.0052,4.3
3.212,-0.0053,-0.0083,0.0052,-0.0015,4.3
3.213,-0.0008,-0.0091,0.0082,-0.0046,4.2
3.214,-0.003,-0.0046,0.006,-0.0053,4.2
3.215,-0.0015,-0.0015,0.0075,-0.0098,4.2
3.216,0.0,-0.0008,0.0007,-0.0165,4.2
3.217,0.0007,0.0022,-0.003,-0.0158,4.2
3.218,0.0022,0.0007,0.0015,-0.0165,4.2
3.219,0.0007,0.0015,-0.0038,-0.0173,4.1
3.22,0.0007,0.0045,-0.0068,-0.0143,4.1
3.221,0.0007,0.0045,-0.0083,-0.0113,4.1
3.222,0.0045,0.0045,-0.0143,-0.0091,4.1
3.223,0.0075,0.0052,-0.0195,-0.0053,4.1
3.224,0.0097,0.0015,-0.015,0.0052,4.1
3.225,0.0067,-0.0046,-0.0053,0.0127,4.1
3.226,0.0037,-0.0053,0.0007,0.0142,4.1
3.227,-0.0015,-0.0015,0.009,0.0112,4.1
3.228,-0.0023,0.0015,0.003,0.0067,4.1
3.229,0.0015,0.0007,0.003,0.0097,4.1
3.23,0.0015,-0.0015,0.006,0.0022,4.1
3.231,-0.0008,-0.003,0.0067,-0.0083,4.1
3.232,-0.0038,-0.0046,0.0142,-0.0075,4.1
3.233,-0.0053,-0.0046,0.012,-0.0075,4.1
3.234,-0.006,-0.0008,0.0082,-0.006,4.1
3.235,-0.0038,0.0015,0.0045,-0.0053,4.1
3.236,-0.0038,0.0015,0.0037,-0.0053,4.1
3.237,-0.0053,0.0007,0.0082,-0.003,4.1
3.238,-0.0046,0.0,0.0067,-0.006,4.1
3.239,-0.0008,-0.0008,0.0045,-0.003,4.1
3.24,0.0007,0.0007,0.0022,0.0007,4.0
3.241,-0.0008,0.0015,0.0022,0.0007,4.0
3.242,-0.003,-0.0008,0.0045,-0.0008,4.1
3.243,-0.0023,-0.0015,0.0082,-0.003,4.1
3.244,-0.0023,-0.0015,0.0142,-0.0023,4.1
3.245,-0.003,0.0,0.0127,-0.003,4.1
3.246,-0.0008,0.0007,0.0075,-0.0008,4.1
3.247,0.0007,-0.0015,0.0067,0.0052,4.1
3.248,0.0007,-0.0008,0.0067,0.0127,4.1
3.249,-0.0008,0.0007,0.0067,0.012,4.2
3.25,-0.0015,0.0,0.0052,0.0022,4.2
3.251,-0.003,0.0007,0.0015,-0.0015,4.2
3.252,-0.0008,0.003,-0.003,-0.0023,4.2
3.253,0.0015,0.003,-0.0053,-0.0015,4.2
3.254,0.0022,0.0045,-0.0068,0.0,4.2
3.255,0.003,0.0045,-0.0091,-0.0008,4.3
3.256,0.0022,0.003,-0.0158,0.0,4.3
3.257,0.003,0.0022,-0.0195,0.0007,4.3
3.258,0.0015,0.0015,-0.0128,-0.0008,4.3
3.259,0.0022,0.0007,-0.0105,-0.0023,4.3
3.26,0.0052,-0.0008,-0.0105,-0.003,4.3
3.261,0.003,-0.0015,-0.0083,-0.0053,4.4
3.262,0.0022,0.0,-0.0091,-0.0038,4.4
3.263,0.0022,0.0007,-0.0053,-0.003,4.4
3.264,0.0007,-0.0008,-0.0008,-0.0015,4.5
3.265,0.0,-0.0008,0.0007,-0.0008,4.5
3.266,-0.0008,0.0007,-0.0015,-0.003,4.5
3.267,0.0022,0.003,-0.0053,-0.003,4.5
3.268,0.003,0.003,-0.0046,-0.0008,4.5
3.269,0.0045,0.003,-0.0068,-0.003,4.6
3.27,0.0045,0.0045,-0.0075,-0.0038,4.6
3.271,0.0045,0.0045,-0.0053,-0.0023,4.6
3.272,0.0045,0.003,-0.0053,-0.0008,4.7
3.273,0.006,0.003,-0.0046,-0.003,4.7
3.274,0.0082,0.0015,-0.0068,-0.0046,4.7
3.275,0.0045,0.0007,-0.0053,-0.0008,4.8
3.276,0.003,0.0015,-0.0083,-0.0015,4.8
3.277,0.003,0.0015,-0.0091,-0.003,4.8
3.278,0.0015,-0.0008,-0.0075,-0.0023,4.9
3.279,0.0007,-0.0038,-0.0068,0.0,4.9
3.28,0.0015,-0.0053,-0.0015,0.0067,4.9
3.281,0.0,-0.0046,0.0022,0.0142,4.9
3.282,-0.003,-0.0015,0.0082,0.0112,5.0
3.283,-0.0038,0.0,0.0045,0.0037,5.0
3.284,-0.003,0.0007,-0.0008,0.0007,5.1
3.285,-0.0023,0.003,0.0,0.0007,5.1
3.286,0.0,0.0022,-0.0023,0.0037,5.2
3.287,-0.0008,0.0007,-0.0023,0.0037,5.2
3.288,0.0,-0.0008,-0.003,-0.0008,5.3
3.289,0.003,-0.003,-0.0046,-0.0068,5.3
3.29,0.003,-0.0015,-0.0083,-0.0098,5.4
3.291,0.0015,-0.0015,-0.0083,-0.0091,5.4
3.292,0.0022,-0.0015,-0.0046,-0.0083,5.5
3.293,0.0022,-0.0015,-0.003,-0.0053,5.5
3.294,0.0015,-0.0023,-0.0015,-0.0053,5.6
3.295,0.0007,-0.003,-0.003,-0.003,5.6
3.296,-0.0008,-0.003,0.0007,-0.0023,5.7
3.297,-0.0008,-0.0015,0.003,0.0007,5.7
3.298,-0.0023,-0.0008,0.0052,0.0037,5.8
3.299,-0.0023,-0.0008,0.006,0.0007,5.8
3.3,-0.0008,0.0007,0.0022,0.0007,5.8
3.301,-0.0023,0.0015,0.0022,0.0007,5.9
3.302,-0.0008,0.0015,-0.003,-0.0008,5.9
3.303,0.0022,0.0022,-0.006,-0.0008,6.0
3.304,0.0037,0.003,-0.0105,-0.0015,6.1
3.305,0.0067,0.003,-0.0165,-0.0038,6.1
3.306,0.0045,0.003,-0.0135,-0.0038,6.2
3.307,0.003,0.0037,-0.0128,-0.003,6.3
3.308,0.0037,0.0015,-0.0091,0.0007,6.3
3.309,-0.0008,-0.0015,-0.0023,0.0045,6.3
3.31,0.0,-0.0008,-0.003,0.0052,6.4
3.311,0.0007,-0.003,-0.0015,0.0045,6.5
3.312,0.0,-0.0053,0.0015,0.0037,6.5
3.313,0.0022,-0.0023,-0.0008,0.0045,6.6
3.314,0.003,-0.0015,0.0022,0.003,6.6
3.315,0.0007,-0.0008,0.006,0.003,6.7
3.316,-0.0008,-0.0015,-0.0015,0.0007,6.7
3.317,0.003,-0.0008,-0.0015,0.0007,6.8
3.318,0.0007,-0.0008,0.0037,0.003,6.9
3.319,-0.0008,-0.0008,0.003,0.0015,6.9
3.32,0.0015,0.0007,0.0045,0.0015,7.0
3.321,0.0,0.0,0.003,0.0007,7.1
3.322,0.0007,0.0,0.0045,0.0,7.1
3.323,-0.0015,-0.0008,0.0045,0.0,7.2
3.324,-0.0008,-0.0008,0.003,0.0015,7.2
3.325,-0.0038,-0.0015,0.009,0.0015,7.3
3.326,-0.0068,-0.0038,0.0127,0.0007,7.4
3.327,-0.0068,-0.0015,0.0105,0.003,7.4
3.328,-0.0091,0.0007,0.0112,0.0007,7.5
3.329,-0.0046,0.0022,0.0082,0.0007,7.6
3.33,-0.003,0.003,0.0067,0.0007,7.6
3.331,-0.0023,0.0,0.0082,0.0007,7.7
3.332,-0.0046,0.0007,0.0075,0.0022,7.8
3.333,-0.003,0.0007,0.003,0.0007,7.9
3.334,-0.0008,-0.0015,0.0007,0.0007,7.9
3.335,-0.0023,-0.0023,0.0,0.0015,8.0
3.336,-0.0015,-0.0046,-0.003,0.0015,8.1
3.337,-0.003,-0.0068,-0.0046,0.0015,8.1
3.338,-0.0015,-0.0046,-0.0046,0.0007,8.2
3.339,-0.0015,-0.0068,-0.0068,0.0015,8.2
3.34,0.0,-0.0083,-0.0105,0.0015,8.3
3.341,0.0037,-0.0053,-0.0091,0.0022,8.4
3.342,0.0022,-0.0038,-0.0046,0.0022,8.5
3.343,0.0007,-0.0008,-0.0068,-0.0023,8.6
3.344,-0.0015,-0.0008,-0.0098,-0.003,8.7
3.345,-0.0015,-0.0015,-0.0105,-0.0023,8.8
3.346,0.0015,-0.0015,-0.0083,-0.003,8.9
3.347,0.0015,0.0007,-0.0105,-0.0046,9.0
3.348,0.0022,0.0022,-0.012,-0.0046,9.0
3.349,0.0022,0.0015,-0.0105,-0.0053,9.1
3.35,0.0045,0.003,-0.0105,-0.0046,9.2
3.351,0.0045,0.0045,-0.0105,-0.0038,9.3
3.352,0.0052,0.0052,-0.0091,-0.0046,9.4
3.353,0.0082,0.0067,-0.0053,-0.0046,9.4
3.354,0.009,0.006,0.0015,-0.0015,9.5
3.355,0.0097,0.0067,0.0037,0.0007,9.6
3.356,0.0082,0.0067,-0.0038,-0.0008,9.7
3.357,0.006,0.0045,-0.0105,-0.0053,9.8
3.358,0.0037,0.0037,-0.0091,-0.0046,9.9
3.359,0.0007,0.0045,-0.0068,-0.0046,10.0
3.36,-0.003,0.003,-0.0046,-0.0046,10.1
3.361,-0.0008,0.003,-0.0098,-0.0038,10.2
3.362,0.003,0.0022,-0.0128,-0.0015,10.3
3.363,0.0,0.0,-0.012,-0.0008,10.4
3.364,-0.0023,-0.0008,-0.0098,-0.0008,10.5
3.365,-0.003,0.0007,-0.0068,0.0015,10.6
3.366,-0.0046,0.0007,-0.0083,-0.0008,10.7
3.367,-0.0046,-0.0008,-0.0091,-0.0008,10.8
3.368,-0.0046,-0.003,-0.0083,-0.0008,10.9
3.369,-0.0008,-0.0046,-0.0046,0.0007,11.0
3.37,-0.0023,-0.0015,0.0,0.003,11.2
3.371,-0.003,-0.0023,0.003,0.0067,11.2
3.372,0.0,-0.003,0.0037,0.0067,11.3
3.373,0.0022,-0.0023,0.0015,0.0052,11.5
3.374,0.0037,-0.0038,0.0015,0.003,11.6
3.375,0.003,-0.0046,0.0045,0.0037,11.7
3.376,-0.0015,-0.0068,0.0112,0.006,11.8
3.377,-0.0046,-0.0091,0.0142,0.0052,11.9
3.378,-0.0068,-0.0083,0.0142,0.003,12.0
3.379,-0.0083,-0.0083,0.0142,0.0007,12.1
3.38,-0.0098,-0.0083,0.0172,0.0022,12.2
3.381,-0.0105,-0.0046,0.0262,0.0052,12.3
3.382,-0.0091,-0.003,0.0292,0.003,12.5
3.383,-0.0068,-0.003,0.024,0.0015,12.6
3.384,-0.003,-0.003,0.0255,0.0,12.7
3.385,-0.0053,-0.0015,0.0255,-0.0023,12.9
3.386,-0.0053,0.0,0.0247,0.0007,13.0
3.387,-0.003,-0.0015,0.0285,0.003,13.2
3.388,-0.003,-0.0015,0.0262,0.0,13.3
3.389,-0.0023,0.0007,0.0225,-0.0046,13.5
3.39,-0.0008,0.003,0.0135,-0.0068,13.6
3.391,-0.0008,0.0045,0.012,-0.006,13.7
3.392,-0.003,0.0,0.0142,-0.0053,13.9
3.393,-0.0046,-0.003,0.0075,-0.006,14.0
3.394,-0.0038,-0.0046,0.006,-0.003,14.1
3.395,-0.0053,-0.003,0.0007,-0.0015,14.3
3.396,-0.0053,-0.0015,-0.006,-0.003,14.4
3.397,-0.003,-0.0023,-0.0068,-0.0008,14.6
3.398,-0.0015,-0.003,-0.0038,0.0007,14.7
3.399,-0.0038,-0.006,0.0007,0.0015,14.8
3.4,-0.0023,-0.0038,-0.0015,0.0022,15.0
3.401,0.003,-0.0015,-0.0053,0.0007,15.2
3.402,0.0037,0.0007,-0.0091,0.0015,15.3
3.403,0.0075,0.0015,-0.0105,0.003,15.5
3.404,0.0075,0.0007,-0.0091,0.0015,15.7
3.405,0.006,0.0037,-0.0158,0.0,15.9
3.406,0.0112,0.0067,-0.0293,-0.0038,16.0
3.407,0.0165,0.009,-0.0405,-0.0083,16.2
3.408,0.015,0.0067,-0.0315,-0.006,16.4
3.409,0.0112,0.006,-0.0233,-0.003,16.6
3.41,0.0112,0.0067,-0.0181,-0.0023,16.7
3.411,0.0075,0.003,-0.0046,0.0,16.9
3.412,0.0052,0.0015,0.006,0.0022,17.1
3.413,0.0015,-0.0008,0.0082,0.0045,17.3
3.414,0.0045,0.0,0.0045,0.0037,17.5
3.415,0.0037,-0.0015,0.0142,0.006,17.6
3.416,-0.0038,-0.0046,0.018,0.0067,17.8
3.417,-0.0008,-0.0046,0.018,0.0052,18.0
3.418,-0.0053,-0.006,0.0202,0.0045,18.1
3.419,-0.003,-0.0015,0.0037,0.0007,18.3
3.42,0.0015,0.0015,-0.0046,-0.0015,18.5
3.421,0.0037,0.0045,-0.0083,-0.0046,18.7
3.422,0.0075,0.0067,-0.0105,-0.0075,18.9
3.423,0.0075,0.0067,-0.0105,-0.0068,19.2
3.424,0.009,0.0067,-0.0091,-0.0083,19.4
3.425,0.003,0.0037,0.0,-0.0091,19.6
3.426,0.0022,0.003,0.0052,-0.0068,19.8
3.427,0.0,0.0,0.0112,-0.0038,20.1
3.428,-0.0046,-0.003,0.0165,-0.0008,20.3
3.429,-0.0046,-0.003,0.0202,0.0015,20.5
3.43,-0.0075,-0.0053,0.0142,0.0007,20.7
3.431,-0.0046,-0.0053,0.012,0.0022,21.0
3.432,-0.006,-0.0053,0.0195,0.0022,21.2
3.433,-0.0053,-0.0046,0.012,0.0015,21.4
3.434,-0.003,-0.003,0.0067,0.0015,21.6
3.435,-0.003,-0.0023,0.0097,0.0007,21.9
3.436,-0.0008,-0.0015,0.009,0.0007,22.1
3.437,0.0015,-0.0008,0.0097,-0.0015,22.3
3.438,0.0015,0.0,0.0082,-0.0008,22.5
3.439,-0.0008,0.0,0.003,-0.0008,22.8
3.44,0.0037,0.0022,-0.0015,-0.003,23.0
3.441,0.0052,0.003,-0.0038,-0.0008,23.3
3.442,0.003,0.0015,-0.003,-0.0008,23.6
3.443,0.0022,-0.0008,-0.0008,0.0,23.8
3.444,0.0015,-0.003,-0.0008,0.0015,24.1
3.445,0.0007,-0.0008,-0.0023,0.0,24.4
3.446,0.003,-0.0015,0.0,0.0,24.7
3.447,0.0045,-0.0023,0.0052,-0.0008,25.0
3.448,-0.0015,-0.0038,0.0127,0.0007,25.2
3.449,-0.006,-0.0015,0.0165,0.003,25.6
3.45,-0.0068,-0.0008,0.0105,0.0,25.8
3.451,-0.003,0.0,0.0045,-0.0023,26.1
3.452,0.0,0.0022,0.0045,-0.0015,26.4
3.453,0.0,0.0,0.0082,-0.0008,26.7
3.454,-0.0008,-0.0015,0.012,-0.0015,27.0
3.455,-0.0038,-0.0008,0.009,-0.003,27.3
3.456,-0.003,-0.0015,0.0067,-0.003,27.5
3.457,-0.0038,0.0,0.0067,-0.003,27.8
3.458,-0.0053,-0.0023,0.015,-0.0008,28.1
3.459,-0.0068,-0.0046,0.0217,0.0015,28.4
3.46,-0.0068,-0.0046,0.0202,0.0007,28.7
3.461,-0.0068,-0.0053,0.0202,0.0,28.9
3.462,-0.0068,-0.003,0.0195,0.0007,29.2
3.463,-0.0053,-0.0053,0.0232,0.003,29.5
3.464,-0.0068,-0.0053,0.027,0.0015,29.8
3.465,-0.0053,-0.0046,0.0195,-0.0008,30.1
3.466,-0.0023,-0.003,0.0112,-0.0015,30.4
3.467,0.0015,0.0007,0.0112,-0.0015,30.6
3.468,-0.0015,-0.0015,0.018,-0.0008,30.9
3.469,-0.0038,-0.0015,0.0292,0.0015,31.2
3.47,-0.0068,-0.0023,0.0405,0.0052,31.5
3.471,-0.0113,-0.0038,0.0435,0.0045,31.8
3.472,-0.0083,-0.003,0.0375,0.003,32.1
3.473,-0.0053,-0.0038,0.0307,0.0022,32.4
3.474,-0.0046,-0.0046,0.0292,0.003,32.6
3.475,-0.0083,-0.0083,0.0405,0.0052,32.9
3.476,-0.0135,-0.0098,0.054,0.0082,33.2
3.477,-0.0188,-0.0105,0.0675,0.012,33.5
3.478,-0.024,-0.012,0.0705,0.0142,33.7
3.479,-0.0225,-0.0128,0.066,0.0142,34.1
3.48,-0.0233,-0.012,0.0592,0.0135,34.3
3.481,-0.0203,-0.0091,0.0465,0.0105,34.6
3.482,-0.0143,-0.0068,0.0352,0.0097,34.8
3.483,-0.0091,-0.003,0.0232,0.0082,35.1
3.484,-0.0083,-0.0046,0.0322,0.0097,35.3
3.485,-0.0105,-0.0046,0.0382,0.0105,35.5
3.486,-0.0053,-0.003,0.024,0.0052,35.8
3.487,-0.0008,-0.003,0.003,0.003,36.0
3.488,0.006,0.0007,-0.012,0.0007,36.3
3.489,0.0097,0.0007,-0.0195,-0.0015,36.5
3.49,0.0142,0.0045,-0.0315,-0.0008,36.8
3.491,0.0142,0.0052,-0.0353,-0.003,37.0
3.492,0.0135,0.0067,-0.0428,-0.0046,37.2
3.493,0.0165,0.0075,-0.0405,-0.0046,37.5
3.494,0.0105,0.0052,-0.0278,-0.0015,37.7
3.495,0.0082,0.006,-0.0278,-0.0008,37.9
3.496,0.0082,0.0045,-0.024,0.0,38.2
3.497,0.0052,0.003,-0.0135,0.0022,38.4
3.498,0.0022,-0.0015,-0.0053,0.0015,38.6
3.499,-0.0008,-0.0038,-0.0098,-0.0015,38.9
3.5,0.0052,0.0015,-0.0218,-0.0038,39.1
3.501,0.0097,0.0015,-0.0181,-0.0046,39.4
3.502,0.0052,0.0015,-0.015,-0.0053,39.6
3.503,0.0045,0.0007,-0.0165,-0.0053,39.8
3.504,0.003,0.0007,-0.003,-0.0015,40.0
3.505,-0.0015,0.0,0.0045,-0.0046,40.3
3.506,0.0007,0.0,-0.0008,-0.0053,40.5
3.507,0.003,0.0015,0.003,-0.0023,40.7
3.508,-0.0023,-0.0008,0.0142,-0.0015,40.9
3.509,-0.0038,-0.0008,0.0052,-0.0053,41.1
3.51,0.0007,0.0015,-0.0188,-0.012,41.4
3.511,0.0075,0.0037,-0.0436,-0.0158,41.6
3.512,0.0165,0.0082,-0.0555,-0.0181,41.8
3.513,0.018,0.009,-0.0518,-0.0158,42.0
3.514,0.0172,0.0105,-0.0495,-0.0128,42.3
3.515,0.015,0.0082,-0.0405,-0.012,42.5
3.516,0.0127,0.0075,-0.048,-0.015,42.7
3.517,0.0195,0.009,-0.0623,-0.0173,42.9
3.518,0.0285,0.0127,-0.0863,-0.021,43.1
3.519,0.0405,0.0202,-0.1215,-0.0285,43.3
3.52,0.0487,0.0262,-0.1411,-0.0308,43.6
3.521,0.0532,0.027,-0.1523,-0.0308,43.8
3.522,0.0547,0.0277,-0.1613,-0.03,44.0
3.523,0.0577,0.03,-0.1793,-0.033,44.2
3.524,0.0592,0.0307,-0.1823,-0.0323,44.4
3.525,0.054,0.027,-0.1673,-0.027,44.6
3.526,0.045,0.0217,-0.153,-0.024,44.9
3.527,0.039,0.0195,-0.1396,-0.0203,45.0
3.528,0.0367,0.0202,-0.1298,-0.0181,45.3
3.529,0.0345,0.018,-0.1223,-0.0165,45.5
3.53,0.0352,0.0165,-0.1163,-0.015,45.7
3.531,0.0307,0.0127,-0.096,-0.0105,45.9
3.532,0.0255,0.0112,-0.0825,-0.0083,46.1
3.533,0.0255,0.0127,-0.0878,-0.0105,46.3
3.534,0.0232,0.0097,-0.078,-0.0091,46.5
3.535,0.0195,0.0082,-0.0645,-0.0053,46.8
3.536,0.0127,0.0067,-0.0548,-0.0053,47.0
3.537,0.009,0.0015,-0.0518,-0.0068,47.2
3.538,0.0135,0.0052,-0.0743,-0.012,47.4
3.539,0.0195,0.0067,-0.078,-0.012,47.6
3.54,0.0165,0.0067,-0.0675,-0.0091,47.8
3.541,0.0105,0.0067,-0.0488,-0.0046,48.1
3.542,-0.0008,-0.0008,-0.0083,0.0045,48.3
3.543,-0.0128,-0.0068,0.0157,0.009,48.5
3.544,-0.0173,-0.0098,0.0405,0.0135,48.7
3.545,-0.024,-0.0128,0.0682,0.0187,48.9
3.546,-0.0346,-0.0165,0.0907,0.0202,49.1
3.547,-0.0383,-0.0203,0.1117,0.0232,49.4
3.548,-0.045,-0.0225,0.129,0.0247,49.6
3.549,-0.0518,-0.024,0.1312,0.0232,49.8
3.55,-0.048,-0.0218,0.1192,0.021,50.0
3.551,-0.0465,-0.0188,0.1177,0.021,50.2
3.552,-0.0436,-0.0188,0.108,0.0195,50.4
3.553,-0.0368,-0.0173,0.105,0.021,50.7
3.554,-0.0398,-0.0188,0.1132,0.024,50.9
3.555,-0.042,-0.0181,0.114,0.021,51.1
3.556,-0.0413,-0.0173,0.1192,0.0232,51.3
3.557,-0.045,-0.0203,0.1305,0.0255,51.5
3.558,-0.0518,-0.0248,0.1537,0.03,51.7
3.559,-0.057,-0.0278,0.1605,0.033,52.0
3.56,-0.0555,-0.03,0.1665,0.0337,52.2
3.561,-0.0578,-0.0308,0.1695,0.0315,52.4
3.562,-0.0503,-0.0293,0.162,0.03,52.6
3.563,-0.0458,-0.0278,0.165,0.033,52.9
3.564,-0.0465,-0.0256,0.165,0.0337,53.1
3.565,-0.045,-0.024,0.1732,0.0345,53.3
3.566,-0.0443,-0.0225,0.1642,0.0307,53.5
3.567,-0.0361,-0.0195,0.1425,0.0262,53.8
3.568,-0.0285,-0.0158,0.126,0.0232,54.0
3.569,-0.0195,-0.0105,0.099,0.018,54.2
3.57,-0.0143,-0.0068,0.0772,0.0142,54.4
3.571,-0.0083,-0.0023,0.0585,0.0127,54.6
3.572,0.0015,0.003,0.0292,0.0082,54.9
3.573,0.0105,0.0067,0.0015,0.0022,55.1
3.574,0.018,0.0075,-0.0075,0.0007,55.3
3.575,0.0157,0.0075,-0.0113,-0.0008,55.5
3.576,0.0157,0.0067,-0.0195,-0.0038,55.8
3.577,0.0165,0.0052,-0.027,-0.006,56.0
3.578,0.0142,0.0067,-0.0353,-0.0091,56.2
3.579,0.012,0.0052,-0.0361,-0.0083,56.4
3.58,0.0105,0.006,-0.0353,-0.0068,56.7
3.581,0.0157,0.0067,-0.0323,-0.006,56.8
3.582,0.0127,0.003,-0.0285,-0.006,57.0
3.583,0.0127,0.0045,-0.0315,-0.0075,57.1
3.584,0.0127,0.003,-0.0308,-0.0068,57.3
3.585,0.0127,0.0015,-0.033,-0.0091,57.5
3.586,0.012,0.0022,-0.0338,-0.0113,57.6
3.587,0.0105,0.0015,-0.03,-0.0105,57.8
3.588,0.012,0.003,-0.0308,-0.0105,58.0
3.589,0.0127,0.0052,-0.0308,-0.0091,58.1
3.59,0.0127,0.0082,-0.033,-0.0075,58.3
3.591,0.0135,0.0082,-0.0308,-0.006,58.5
3.592,0.012,0.0052,-0.0308,-0.0053,58.6
3.593,0.012,0.006,-0.0285,-0.0068,58.8
3.594,0.0105,0.006,-0.0308,-0.0091,58.9
3.595,0.0082,0.0067,-0.0361,-0.0068,59.1
3.596,0.0082,0.009,-0.033,-0.0068,59.3
3.597,0.0082,0.006,-0.0308,-0.0053,59.4
3.598,0.0052,0.0052,-0.0256,-0.003,59.6
3.599,0.0067,0.006,-0.0233,-0.0015,59.8
3.6,0.0075,0.009,-0.0218,-0.0008,59.9
3.601,0.006,0.0105,-0.0218,-0.003,60.0
3.602,0.0067,0.0067,-0.0256,-0.006,60.1
3.603,0.0082,0.006,-0.024,-0.006,60.2
3.604,0.0097,0.0052,-0.027,-0.0075,60.3
3.605,0.009,0.003,-0.0346,-0.0105,60.4
3.606,0.0112,0.0015,-0.0428,-0.012,60.5
3.607,0.015,0.0022,-0.0443,-0.0128,60.6
3.608,0.015,0.003,-0.0368,-0.0105,60.7
3.609,0.0127,0.003,-0.0338,-0.0083,60.8
3.61,0.012,0.003,-0.0323,-0.0091,60.9
3.611,0.012,0.0015,-0.0361,-0.012,61.0
3.612,0.0082,0.0,-0.0398,-0.0158,61.1
3.613,0.0105,-0.0015,-0.0383,-0.0158,61.2
3.614,0.0105,-0.003,-0.0308,-0.0128,61.2
3.615,0.0112,-0.0023,-0.0323,-0.0128,61.4
3.616,0.012,-0.0008,-0.0428,-0.0128,61.5
3.617,0.012,0.003,-0.0443,-0.0105,61.6
3.618,0.009,0.0022,-0.042,-0.012,61.6
3.619,0.0045,0.0007,-0.0383,-0.0091,61.7
3.62,0.0067,0.0015,-0.0368,-0.0083,61.8
3.621,0.0045,0.0007,-0.0368,-0.0083,61.9
3.622,0.0045,0.003,-0.0346,-0.0053,61.9
3.623,0.0067,0.0045,-0.0353,-0.0046,62.0
3.624,0.006,0.0067,-0.033,-0.0046,62.0
3.625,0.006,0.0067,-0.027,-0.003,62.1
3.626,0.003,0.0052,-0.0233,-0.003,62.1
3.627,0.003,0.003,-0.0195,-0.0015,62.1
3.628,0.0052,0.003,-0.0195,-0.0015,62.1
3.629,0.0052,0.003,-0.0181,-0.0008,62.2
3.63,0.0052,0.003,-0.0143,0.0007,62.2
3.631,0.0045,0.0045,-0.0083,0.003,62.3
3.632,0.0022,0.0037,-0.0068,0.0052,62.3
3.633,0.0015,0.0052,-0.0083,0.0045,62.4
3.634,0.0015,0.0052,-0.0068,0.003,62.4
3.635,0.0022,0.0045,-0.0068,0.0007,62.5
3.636,0.0007,0.003,-0.0015,-0.0008,62.5
3.637,-0.0023,0.0015,0.0015,0.0015,62.5
3.638,-0.0015,0.0007,0.0045,0.003,62.5
3.639,-0.0008,-0.0008,0.0082,0.003,62.6
3.64,0.0,0.0,0.0097,0.003,62.6
3.641,-0.0008,-0.0008,0.0187,0.0052,62.6
3.642,-0.003,-0.003,0.0195,0.0052,62.6
3.643,-0.0038,-0.0046,0.0187,0.006,62.6
3.644,-0.0046,-0.0038,0.0195,0.0082,62.6
3.645,-0.0023,-0.003,0.0165,0.0052,62.6
3.646,-0.003,-0.0053,0.0165,0.0052,62.6
3.647,-0.0046,-0.0046,0.0202,0.0052,62.6
3.648,-0.0038,-0.0046,0.0225,0.0052,62.6
3.649,-0.0046,-0.0053,0.0217,0.003,62.6
3.65,-0.0046,-0.006,0.0232,0.003,62.6
3.651,-0.0046,-0.0046,0.0232,0.0037,62.6
3.652,-0.006,-0.0046,0.0202,0.0015,62.6
3.653,-0.0046,-0.003,0.015,0.003,62.6
3.654,-0.0023,-0.0008,0.012,0.0045,62.6
3.655,0.0007,0.0022,0.0105,0.003,62.6
3.656,0.003,0.0022,0.0052,0.0015,62.6
3.657,0.0007,0.0,0.0105,-0.0008,62.6
3.658,-0.0038,-0.0015,0.0127,0.0,62.6
3.659,-0.0046,-0.0023,0.0142,0.0007,62.6
3.66,-0.0068,-0.0046,0.018,0.0007,62.5
3.661,-0.0098,-0.0046,0.0127,0.0007,62.5
3.662,-0.0083,-0.0046,0.0135,-0.0008,62.4
3.663,-0.0068,-0.006,0.0187,0.0022,62.3
3.664,-0.0083,-0.006,0.024,0.0052,62.2
3.665,-0.0091,-0.006,0.027,0.0037,62.1
3.666,-0.0083,-0.0075,0.0217,0.0045,62.0
3.667,-0.0098,-0.006,0.0225,0.003,61.9
3.668,-0.0098,-0.0053,0.0247,0.0015,61.8
3.669,-0.0068,-0.0046,0.0247,0.0045,61.7
3.67,-0.0046,-0.0038,0.0255,0.0015,61.6
3.671,-0.0023,-0.0015,0.024,-0.0053,61.5
3.672,-0.003,-0.0008,0.0202,-0.006,61.4
3.673,-0.003,-0.0008,0.0135,-0.003,61.3
3.674,-0.003,-0.0008,0.012,-0.0015,61.2
3.675,-0.0046,-0.003,0.0105,-0.0038,61.2
3.676,-0.0053,-0.0008,0.0082,-0.0046,61.1
3.677,-0.0015,-0.0008,0.0052,-0.003,60.9
3.678,0.0007,0.0007,0.003,-0.0053,60.8
3.679,-0.0008,-0.0008,0.003,-0.006,60.7
3.68,0.0007,-0.0008,0.0015,-0.0046,60.6
3.681,-0.0008,-0.0015,0.0045,-0.0046,60.5
3.682,-0.0023,-0.0046,0.0045,-0.003,60.3
3.683,-0.0008,-0.003,0.0037,-0.0015,60.2
3.684,-0.0015,-0.003,0.0037,-0.0046,60.0
3.685,-0.003,-0.0015,0.0007,-0.0046,59.8
3.686,-0.003,-0.0015,-0.0008,-0.0068,59.7
3.687,-0.0008,-0.0008,-0.0015,-0.0105,59.5
3.688,0.0,-0.0008,-0.0038,-0.0098,59.4
3.689,-0.0023,-0.003,-0.0015,-0.003,59.2
3.69,-0.0015,-0.0015,0.0022,-0.0023,59.0
3.691,-0.0015,-0.0015,0.0007,-0.0098,58.9
3.692,-0.003,-0.0008,0.0075,-0.0128,58.7
3.693,-0.0046,-0.003,0.012,-0.0143,58.5
3.694,-0.003,-0.0023,0.0045,-0.0128,58.4
3.695,-0.003,-0.0015,0.0007,-0.012,58.2
3.696,-0.003,-0.0015,-0.0023,-0.0046,58.0
3.697,0.0037,0.0007,0.0015,0.0127,57.9
3.698,0.0052,0.0,0.006,0.0232,57.7
3.699,0.0045,0.0,0.0082,0.0195,57.6
3.7,0.0022,0.0,0.0105,0.0127,57.4
3.701,-0.0015,0.0007,0.012,0.0105,57.2
3.702,-0.0015,0.0007,0.0127,0.0052,57.0
3.703,-0.0038,-0.0008,0.0127,-0.0008,56.7
3.704,-0.0038,-0.0015,0.0127,-0.0046,56.6
3.705,-0.0038,0.0,0.0105,-0.0068,56.3
3.706,-0.0015,-0.0008,0.003,-0.0046,56.1
3.707,0.0007,-0.0015,-0.0023,-0.0053,55.9
3.708,0.0015,-0.0008,-0.0053,-0.0046,55.7
3.709,0.0037,0.0007,-0.0105,-0.003,55.4
3.71,0.0022,0.0037,-0.012,-0.003,55.2
3.711,0.003,0.0022,-0.012,-0.0053,55.0
3.712,0.0052,0.0037,-0.0195,-0.0195,54.8
3.713,0.0045,0.0052,-0.0203,-0.0233,54.6
3.714,0.0067,0.0045,-0.0203,-0.0263,54.4
3.715,0.0082,0.0037,-0.0248,-0.0256,54.1
3.716,0.0097,0.0045,-0.03,-0.0046,53.9
3.717,0.0097,0.0052,-0.0315,0.0105,53.7
3.718,0.0105,0.006,-0.03,0.0105,53.5
3.719,0.0082,0.0082,-0.0263,0.0172,53.3
3.72,0.0067,0.0052,-0.0256,0.0217,53.0
3.721,0.0097,0.0015,-0.0308,0.0045,52.8
3.722,0.012,0.0015,-0.0315,-0.0008,52.5
3.723,0.0112,0.0007,-0.0293,0.0105,52.2
3.724,0.0105,-0.0015,-0.0256,0.0067,52.0
3.725,0.009,-0.003,-0.0233,0.0067,51.7
3.726,0.0067,-0.0015,-0.0165,0.0045,51.5
3.727,0.0045,-0.0015,-0.0165,-0.0008,51.2
3.728,0.0052,0.0007,-0.021,-0.0015,50.9
3.729,0.0067,0.0037,-0.024,-0.003,50.7
3.73,0.009,0.0037,-0.0308,-0.003,50.4
3.731,0.0127,0.0052,-0.0368,-0.006,50.1
3.732,0.012,0.0037,-0.0233,-0.0015,49.9
3.733,0.0022,-0.0008,0.0037,0.0067,49.6
3.734,-0.0038,-0.0038,0.0217,0.009,49.3
3.735,-0.0083,-0.0046,0.0367,0.012,49.0
3.736,-0.0128,-0.0053,0.048,0.0165,48.8
3.737,-0.0158,-0.0068,0.0555,0.018,48.6
3.738,-0.0165,-0.0091,0.0562,0.0135,48.3
3.739,-0.0158,-0.0113,0.0622,0.0127,48.0
3.74,-0.0203,-0.012,0.0742,0.009,47.7
3.741,-0.0218,-0.0105,0.0765,0.0067,47.4
3.742,-0.0248,-0.012,0.0802,0.009,47.1
3.743,-0.024,-0.012,0.0682,0.0045,46.8
3.744,-0.0195,-0.0068,0.0555,0.0007,46.4
3.745,-0.0181,-0.003,0.048,0.0082,46.1
3.746,-0.0105,0.0007,0.0255,0.0127,45.8
3.747,0.0,0.003,0.0015,0.003,45.4
3.748,0.009,0.0067,-0.0233,-0.0075,45.1
3.749,0.0157,0.0067,-0.0436,-0.0015,44.8
3.75,0.015,0.003,-0.0361,0.0075,44.5
3.751,0.009,0.0007,-0.0225,0.0127,44.1
3.752,0.0045,-0.0015,-0.0098,0.024,43.8
3.753,-0.0015,-0.0046,0.0067,0.033,43.5
3.754,-0.0053,-0.0053,0.0105,0.024,43.1
3.755,-0.003,-0.0023,-0.0015,0.0007,42.8
3.756,0.003,-0.0008,-0.0158,-0.0128,42.5
3.757,0.0075,0.0007,-0.0225,-0.0091,42.2
3.758,0.0097,0.0022,-0.024,-0.0053,41.8
3.759,0.0127,0.0052,-0.0315,-0.0068,41.5
3.76,0.015,0.009,-0.0458,-0.0105,41.1
3.761,0.0172,0.0105,-0.0585,-0.0143,40.8
3.762,0.021,0.0142,-0.0623,-0.015,40.5
3.763,0.0225,0.0142,-0.0668,-0.0158,40.1
3.764,0.0217,0.0135,-0.0653,-0.0173,39.8
3.765,0.0225,0.0112,-0.0615,-0.0181,39.4
3.766,0.0255,0.012,-0.0638,-0.0188,39.1
3.767,0.0247,0.009,-0.0533,-0.0256,38.7
3.768,0.0195,0.0067,-0.0458,-0.0315,38.3
3.769,0.018,0.0105,-0.0383,-0.0218,38.0
3.77,0.0157,0.0082,-0.0315,-0.0113,37.6
3.771,0.0142,0.0075,-0.0308,-0.0015,37.3
3.772,0.0127,0.0067,-0.0248,0.0037,36.9
3.773,0.009,0.0037,-0.0218,-0.006,36.6
3.774,0.0075,0.0067,-0.0158,-0.0143,36.2
3.775,0.0067,0.006,-0.0091,-0.0068,35.9
3.776,0.003,0.0052,-0.0046,0.0,35.5
3.777,-0.0015,0.0067,-0.0046,-0.0098,35.2
3.778,-0.0015,0.009,-0.0046,-0.003,34.8
3.779,-0.003,0.0082,0.0,0.0247,34.5
3.78,-0.0038,0.0,0.003,0.012,34.1
3.781,-0.0053,-0.0105,0.0015,-0.0068,33.7
3.782,-0.0068,-0.012,-0.0015,0.0135,33.4
3.783,-0.006,-0.0113,0.0007,0.0157,33.0
3.784,-0.0075,-0.012,0.0007,0.0007,32.7
3.785,-0.006,-0.0083,-0.0038,-0.006,32.3
3.786,-0.0068,-0.0046,-0.0068,-0.0091,31.9
3.787,-0.0083,-0.0015,-0.0075,0.0022,31.5
3.788,-0.0075,0.0007,-0.003,0.0135,31.2
3.789,-0.0053,0.0037,-0.0015,0.0135,30.8
3.79,-0.0015,0.003,0.0007,0.0217,30.5
3.791,-0.003,-0.003,0.0007,0.036,30.1
3.792,-0.0068,-0.0091,-0.003,0.042,29.7
3.793,-0.0068,-0.0128,-0.0023,0.024,29.4
3.794,-0.0023,-0.0143,-0.0008,0.0022,29.0
3.795,-0.0023,-0.0128,0.0067,-0.0008,28.6
3.796,-0.0008,-0.0083,0.0172,-0.0038,28.3
3.797,0.0015,-0.0053,0.0187,-0.0098,27.9
3.798,0.003,-0.0023,0.0127,-0.0203,27.5
3.799,0.0037,0.0007,0.012,-0.0323,27.2
3.8,0.003,0.0015,0.0127,-0.033,26.8
3.801,0.0007,0.0007,0.015,-0.027,26.4
3.802,-0.0038,0.0007,0.0142,-0.024,26.1
3.803,-0.0046,0.003,0.0127,-0.0091,25.6
3.804,-0.0038,0.0052,0.012,0.0097,25.2
3.805,-0.0046,0.0067,0.0052,-0.0053,24.9
3.806,-0.0075,0.003,0.0037,-0.0518,24.5
3.807,-0.0083,0.0052,0.006,-0.0728,24.1
3.808,-0.0053,0.0097,0.0037,-0.0593,23.7
3.809,0.0037,0.0082,0.0037,-0.0375,23.3
3.81,0.0112,0.0082,0.012,-0.0015,22.9
3.811,0.0082,0.009,0.015,0.0592,22.5
3.812,0.006,0.0037,0.0195,0.1132,22.1
3.813,0.0015,-0.0128,0.0315,0.114,21.8
3.814,-0.0083,-0.03,0.0427,0.0592,21.4
3.815,-0.015,-0.0338,0.0472,0.0,21.0
3.816,-0.0181,-0.0256,0.0502,-0.0181,20.6
3.817,-0.0218,-0.0188,0.0592,-0.0181,20.2
3.818,-0.021,-0.0105,0.033,-0.0105,19.8
3.819,-0.0128,-0.0008,0.0052,0.0105,19.4
3.82,-0.012,-0.0008,0.0157,0.0195,19.0
3.821,-0.0165,-0.0038,0.0105,0.0135,18.6
3.822,-0.0128,-0.0046,0.0015,-0.0023,18.3
3.823,-0.0181,-0.0046,0.0067,-0.0225,17.9
3.824,-0.0233,0.0007,0.0052,-0.0353,17.5
3.825,-0.0158,0.0045,0.0052,-0.033,17.0
3.826,-0.0105,0.003,0.012,-0.0195,16.7
3.827,-0.0053,0.0,0.0142,-0.006,16.3
3.828,0.0007,-0.0015,0.0082,0.0052,15.9
3.829,0.003,0.0015,0.0015,0.0105,15.5
3.83,0.0015,0.003,0.0052,0.0142,15.1
3.831,-0.0008,0.0022,0.0052,0.012,14.7
3.832,0.0007,0.0015,-0.0015,0.0052,14.4
3.833,0.0022,-0.0008,-0.0068,-0.0015,13.9
3.834,0.0045,-0.0015,-0.012,-0.0046,13.5
3.835,0.0067,-0.0015,-0.0105,-0.0038,13.1
3.836,0.0022,0.0007,0.009,-0.0038,12.8
3.837,-0.003,0.0052,0.0187,-0.0038,12.4
3.838,-0.0015,0.0075,0.0172,-0.0046,12.0
3.839,0.0045,0.0097,0.0135,-0.003,11.6
3.84,0.0075,0.009,0.009,-0.0008,11.2
3.841,0.0067,0.0037,0.015,0.003,10.9
3.842,0.0067,0.0015,0.0127,0.0045,10.7
3.843,0.0067,-0.0015,0.0112,-0.0008,10.4
3.844,0.0067,-0.003,0.0052,-0.006,10.1
3.845,0.0045,-0.0038,-0.0008,-0.0068,9.9
3.846,0.0015,-0.0053,-0.0053,-0.0053,9.6
3.847,0.0007,-0.0038,-0.0113,-0.0015,9.3
3.848,-0.0015,-0.0038,-0.0068,0.006,9.0
3.849,0.0007,-0.0008,-0.003,0.0142,8.8
3.85,0.0007,0.0,0.003,0.018,8.5
3.851,0.0007,-0.0008,0.003,0.0112,8.2
3.852,0.003,0.003,0.0045,-0.0008,8.0
3.853,0.0022,0.006,0.0082,-0.0068,7.7
3.854,0.0045,0.006,0.0082,-0.0105,7.4
3.855,0.0007,0.0075,0.0082,-0.0128,7.2
3.856,-0.012,0.0075,0.0015,-0.0091,6.9
3.857,-0.0293,0.0015,-0.0038,0.0015,6.6
3.858,-0.0308,-0.003,-0.0053,0.0112,6.3
3.859,-0.0181,-0.003,-0.003,0.015,6.1
3.86,-0.0053,-0.0053,0.003,0.0157,5.8
3.861,0.0037,-0.0083,0.0097,0.0112,5.7
3.862,0.009,-0.0091,0.012,0.0007,5.5
3.863,0.024,-0.0053,-0.0008,-0.0091,5.4
3.864,0.0292,-0.003,0.0127,-0.0128,5.2
3.865,0.0202,-0.0046,0.0187,-0.0083,5.1
3.866,0.0157,-0.0038,0.006,-0.003,4.9
3.867,0.012,-0.0038,0.0142,0.0,4.8
3.868,0.0105,-0.0053,0.0135,0.0015,4.7
3.869,0.0142,-0.003,0.027,-0.0053,4.5
3.87,0.018,0.0,0.0457,-0.0181,4.4
3.871,0.0232,-0.0008,0.042,-0.0293,4.2
3.872,0.0202,-0.0015,0.0172,-0.0368,4.1
3.873,0.0157,0.0037,-0.0091,-0.0278,4.0
3.874,0.012,0.0105,-0.0225,-0.0015,3.8
3.875,0.006,0.0127,-0.0338,0.0247,3.7
3.876,0.0067,0.009,-0.0338,0.0412,3.6
3.877,-0.0053,-0.0015,-0.0383,0.0405,3.4
3.878,-0.0158,-0.0068,-0.0465,0.03,3.2
3.879,-0.0181,-0.0105,-0.0503,0.012,3.1
3.88,-0.0173,-0.0083,-0.0405,-0.0046,2.9
3.881,-0.0053,-0.0008,-0.0293,-0.012,2.9
3.882,0.003,0.003,-0.0218,-0.0143,2.8
3.883,0.0045,0.009,-0.015,-0.0046,2.8
3.884,0.0007,0.0067,-0.0165,0.0022,2.7
3.885,-0.0046,-0.0008,-0.0143,0.0022,2.6
3.886,-0.0165,-0.003,-0.0083,0.0007,2.6
3.887,-0.0256,-0.003,-0.0015,-0.003,2.5
3.888,-0.0225,-0.0046,-0.0015,0.003,2.4
3.889,-0.015,-0.0053,0.009,0.0097,2.4
3.89,-0.0113,-0.0038,0.0217,-0.0015,2.3
3.891,-0.0285,-0.0053,0.0045,-0.0105,2.2
3.892,-0.0308,-0.0046,-0.0158,-0.0128,2.2
3.893,-0.0195,-0.003,-0.0256,-0.0181,2.1
3.894,-0.0165,-0.003,-0.0278,-0.0188,2.1
3.895,-0.0053,-0.0008,-0.0293,-0.0181,2.0
3.896,-0.0023,-0.0008,-0.0158,-0.0128,1.9
3.897,0.0082,-0.003,0.0165,-0.0046,1.8
3.898,0.0165,-0.0046,0.024,-0.0068,1.8
3.899,0.0352,-0.0008,0.0015,-0.0158,1.7
3.9,0.0457,0.0007,0.0007,-0.0158,1.6
3.901,0.0255,0.0,0.0052,-0.0098,1.6
3.902,0.0217,0.0007,-0.0143,-0.0091,1.6
3.903,0.0232,-0.0008,-0.0158,-0.0053,1.6
3.904,0.0195,0.0022,-0.0181,0.0,1.6
3.905,0.0142,0.0045,-0.0158,0.0015,1.6
3.906,0.0067,0.0045,-0.0015,0.0,1.6
3.907,0.0075,0.0067,0.0052,-0.0008,1.6
3.908,0.006,0.0082,0.0187,0.009,1.6
3.909,0.0082,0.0067,0.024,0.012,1.5
3.91,0.0052,0.0007,0.0255,0.0007,1.5
3.911,-0.006,-0.0015,0.024,-0.0143,1.5
3.912,-0.0068,0.0045,0.024,-0.021,1.5
3.913,0.0007,0.0082,0.0187,-0.012,1.5
3.914,0.0082,0.006,0.0202,-0.0008,1.5
3.915,0.0172,0.0045,0.0255,0.0142,1.4
3.916,0.0142,0.0022,0.0307,0.0277,1.4
3.917,-0.0015,0.0015,0.036,0.0202,1.4
3.918,-0.0128,0.0,0.0195,0.0105,1.4
3.919,-0.0225,-0.0038,0.0075,0.009,1.4
3.92,-0.0278,-0.0068,0.0052,0.0015,1.3
3.921,-0.033,-0.012,-0.0023,0.0052,1.4
3.922,-0.027,-0.0105,-0.003,0.024,1.5
3.923,-0.0203,-0.0105,-0.0038,0.0382,1.6
3.924,-0.0188,-0.0195,-0.0015,0.0367,1.7
3.925,-0.0105,-0.0293,0.0217,0.024,1.8
3.926,-0.0091,-0.0375,0.0427,0.015,1.8
3.927,0.0015,-0.0383,0.0412,0.0067,1.9
3.928,0.0082,-0.0315,0.0315,-0.0023,2.0
3.929,0.0157,-0.0135,0.0135,-0.0008,2.1
3.93,0.0285,0.0112,-0.003,0.006,2.2
3.931,0.036,0.0277,-0.0128,0.0127,2.2
3.932,0.0397,0.0367,-0.0195,0.0112,2.3
3.933,0.0277,0.051,-0.015,0.0007,2.4
3.934,0.0195,0.0577,-0.0256,-0.006,2.5
3.935,0.018,0.057,-0.0436,-0.0105,2.6
3.936,0.0142,0.0442,-0.0503,-0.0068,2.7
3.937,0.0142,0.0277,-0.0615,-0.015,2.7
3.938,0.0157,0.015,-0.0773,-0.03,2.8
3.939,0.018,0.0022,-0.0915,-0.0353,2.9
3.94,0.018,-0.003,-0.084,-0.0383,3.0
3.941,0.0172,-0.0128,-0.0488,-0.0308,3.2
3.942,0.015,-0.0195,-0.0405,-0.0248,3.4
3.943,0.009,-0.0218,-0.0563,-0.0248,3.6
3.944,0.0045,-0.027,-0.0548,-0.0256,3.7
3.945,-0.0053,-0.027,-0.0555,-0.033,3.9
3.946,-0.0233,-0.0225,-0.0465,-0.0346,4.1
3.947,-0.039,-0.0195,-0.0233,-0.0203,4.3
3.948,-0.0503,-0.0091,-0.0068,0.0007,4.5
3.949,-0.042,0.009,0.0165,0.0082,4.6
3.95,-0.0256,0.0157,0.0412,0.0067,4.9
3.951,-0.0195,0.0172,0.0465,-0.0015,5.0
3.952,-0.0165,0.0337,0.045,-0.0068,5.2
3.953,-0.0203,0.0442,0.0412,-0.0015,5.4
3.954,-0.0233,0.0405,0.039,0.0037,5.6
3.955,-0.0353,0.0262,0.0307,0.012,5.8
3.956,-0.0346,0.0037,0.0165,0.018,5.9
3.957,-0.0256,-0.0128,0.0015,0.024,6.1
3.958,-0.0233,-0.0233,-0.0181,0.0195,6.3
3.959,-0.0046,-0.024,-0.0203,0.0075,6.5
3.96,-0.0046,-0.0263,-0.0143,0.006,6.7
3.961,-0.0158,-0.0233,-0.0128,0.0037,6.7
3.962,-0.015,-0.0068,-0.0068,0.0052,6.7
3.963,0.0075,0.0157,0.006,0.0105,6.8
3.964,0.0495,0.0285,0.0232,0.0105,6.8
3.965,0.0712,0.0135,0.0195,0.0052,6.9
3.966,0.0825,-0.0083,0.0097,0.0015,6.9
3.967,0.0877,-0.0173,0.0135,0.003,7.0
3.968,0.0772,-0.0233,0.0127,0.0037,7.0
3.969,0.0487,-0.0128,0.018,0.006,7.1
3.97,0.006,-0.0053,0.0465,0.006,7.2
3.971,-0.0375,-0.0128,0.0817,0.0007,7.2
3.972,-0.0495,-0.0135,0.0885,-0.0015,7.2
3.973,-0.0353,-0.0105,0.063,-0.0008,7.3
3.974,-0.0338,-0.0053,0.0435,0.0007,7.3
3.975,-0.024,0.0045,0.033,0.0007,7.4
3.976,0.0015,0.0037,0.024,0.0007,7.4
3.977,0.0277,0.003,0.0285,-0.0046,7.5
3.978,0.0435,-0.0008,0.0405,-0.0128,7.5
3.979,0.0352,-0.006,0.0465,-0.0173,7.6
3.98,0.0195,-0.0068,0.0435,-0.0188,7.6
3.981,0.0195,-0.0105,0.0262,-0.021,7.6
3.982,0.033,-0.0105,0.0015,-0.0181,7.5
3.983,0.033,-0.015,-0.0128,-0.0188,7.4
3.984,0.006,-0.0173,-0.021,-0.0263,7.3
3.985,-0.0263,-0.0105,-0.0128,-0.0233,7.2
3.986,-0.042,-0.003,-0.0046,-0.0105,7.1
3.987,-0.0368,0.0067,-0.0098,0.0067,7.0
3.988,-0.024,0.0097,-0.0165,0.0352,6.9
3.989,-0.0256,0.0075,-0.0263,0.0472,6.8
3.99,-0.0233,0.0075,-0.03,0.0457,6.7
3.991,-0.0195,0.0045,-0.0233,0.0502,6.7
3.992,-0.0233,0.0067,-0.0173,0.0442,6.6
3.993,-0.0218,0.0082,-0.0098,0.027,6.5
3.994,-0.0203,0.0045,-0.003,0.0157,6.4
3.995,-0.0203,-0.0038,0.015,0.012,6.3
3.996,-0.0278,-0.0105,0.0232,0.0157,6.2
3.997,-0.0315,-0.006,0.0105,0.0142,6.1
3.998,-0.0143,0.0007,0.0045,0.0082,6.0
3.999,0.003,0.0015,-0.003,0.0037,5.9
4.0,0.0067,-0.0068,0.006,0.003,5.8
4.001,0.0082,-0.0098,0.009,0.0015,5.8
4.002,0.0105,-0.0015,-0.0046,-0.0008,5.8
4.003,0.018,0.0,-0.0135,-0.0008,5.8
4.004,0.0217,-0.0068,-0.0225,-0.0023,5.9
4.005,0.0165,-0.0098,-0.027,-0.003,5.9
4.006,0.0135,-0.006,-0.0278,-0.0015,5.9
4.007,0.0022,0.0015,-0.0323,-0.0015,5.9
4.008,-0.0046,0.0082,-0.0353,-0.003,6.0
4.009,-0.0158,0.0052,-0.0323,-0.0083,6.0
4.01,-0.0353,-0.0015,-0.0315,-0.0113,6.0
4.011,-0.0315,-0.003,-0.0158,-0.0105,6.0
4.012,-0.0195,-0.0015,0.0105,-0.0068,6.0
4.013,-0.0053,0.0007,0.0352,-0.003,6.1
4.014,0.0082,0.0067,0.0442,0.0015,6.1
4.015,0.0142,0.0105,0.0277,-0.0008,6.1
4.016,0.021,0.0045,0.0157,-0.0038,6.1
4.017,0.015,0.003,0.0015,-0.003,6.2
4.018,0.009,0.009,-0.0218,-0.0046,6.2
4.019,0.012,0.0082,-0.0323,-0.0068,6.2
4.02,0.012,0.0015,-0.0256,-0.0091,6.2
4.021,0.0015,-0.0068,-0.0248,-0.0098,6.3
4.022,-0.0203,-0.0128,-0.0308,-0.0075,6.5
4.023,-0.0368,-0.0128,-0.0398,-0.0068,6.7
4.024,-0.0503,-0.0098,-0.0458,-0.0038,6.8
4.025,-0.057,-0.0008,-0.0361,-0.0023,7.0
4.026,-0.0353,0.0052,-0.0181,-0.0046,7.1
4.027,-0.0098,0.006,-0.003,-0.0015,7.3
4.028,-0.0008,0.0067,-0.0046,0.003,7.4
4.029,-0.0046,0.0052,-0.0135,0.0045,7.6
4.03,-0.0181,0.0067,-0.0225,0.006,7.7
4.031,-0.0195,0.0075,-0.0218,0.0075,7.9
4.032,0.0105,0.0082,-0.0158,0.0052,8.1
4.033,0.0337,0.0045,-0.0053,0.003,8.2
4.034,0.0555,0.0052,0.0045,0.0015,8.4
4.035,0.0795,0.0082,0.0052,-0.0015,8.5
4.036,0.0817,0.0,0.0195,-0.0046,8.6
4.037,0.0892,-0.0038,0.0165,-0.0068,8.8
4.038,0.099,0.0022,0.0075,-0.0046,9.0
4.039,0.0982,0.0007,0.0022,-0.0046,9.1
4.04,0.0862,-0.0046,0.0082,-0.0068,9.3
4.041,0.0502,-0.0068,0.0225,-0.003,9.4
4.042,0.009,-0.0083,0.0232,-0.003,9.5
4.043,0.0015,-0.003,0.0195,-0.0015,9.7
4.044,-0.0046,-0.0046,0.0082,0.0007,9.8
4.045,-0.0278,-0.0083,0.0007,0.0007,9.9
4.046,-0.027,-0.003,0.0045,0.0015,10.1
4.047,-0.0195,0.0007,0.0097,0.0015,10.2
4.048,-0.0203,0.0007,0.0105,0.0007,10.3
4.049,-0.0278,0.0007,0.0045,-0.0015,10.5
4.05,-0.027,0.006,-0.0046,-0.003,10.6
4.051,-0.0308,0.0097,-0.0181,-0.006,10.7
4.052,-0.0308,0.0135,-0.024,-0.0083,10.8
4.053,-0.0195,0.015,-0.0248,-0.0105,11.0
4.054,-0.033,0.0157,-0.0218,-0.0105,11.1
4.055,-0.0488,0.0135,-0.012,-0.0083,11.2
4.056,-0.045,0.0067,-0.0128,-0.0068,11.4
4.057,-0.033,0.0045,-0.0023,-0.0023,11.5
4.058,-0.0203,0.003,0.0007,-0.003,11.7
4.059,-0.0068,0.0022,-0.0091,-0.0046,11.8
4.06,-0.0008,0.0,-0.0083,-0.0046,11.9
4.061,0.0037,-0.003,-0.0143,-0.006,11.9
4.062,0.018,-0.003,-0.0098,-0.003,11.8
4.063,0.0255,-0.0015,-0.0075,-0.0015,11.7
4.064,0.0262,-0.0008,-0.0008,-0.003,11.6
4.065,0.0225,-0.0015,0.0015,-0.003,11.5
4.066,0.0195,-0.0008,0.0,-0.0015,11.4
4.067,0.0045,-0.0008,0.009,0.0022,11.3
4.068,-0.0046,0.0007,0.0082,0.0007,11.2
4.069,-0.0068,0.0015,0.0082,0.0015,11.1
4.07,-0.0075,-0.0015,0.0105,0.003,11.0
4.071,-0.0091,-0.0053,0.0165,0.0037,10.9
4.072,-0.0195,-0.0068,0.0345,0.0067,10.8
4.073,-0.0233,-0.0075,0.057,0.0097,10.7
4.074,-0.0323,-0.0105,0.063,0.0097,10.6
4.075,-0.0353,-0.0083,0.0532,0.0082,10.5
4.076,-0.0218,-0.0098,0.048,0.0067,10.4
4.077,-0.0068,-0.0143,0.0345,0.0015,10.3
4.078,0.0067,-0.0135,0.0345,0.0015,10.2
4.079,0.003,-0.0165,0.0465,0.0037,10.1
4.08,-0.0091,-0.0158,0.0615,0.0045,10.0
4.081,-0.0105,-0.0075,0.066,0.0052,10.0
4.082,-0.003,-0.0068,0.0502,0.0067,9.9
4.083,0.0097,-0.0053,0.0442,0.0075,9.9
4.084,0.0202,-0.0053,0.0442,0.0082,9.8
4.085,0.024,-0.0068,0.039,0.0082,9.8
4.086,0.0232,0.0,0.036,0.009,9.7
4.087,0.0195,0.003,0.0307,0.0052,9.6
4.088,0.0127,-0.003,0.015,-0.0015,9.6
4.089,0.0052,-0.0053,0.0007,-0.0053,9.5
4.09,-0.0053,-0.0068,-0.0023,-0.0053,9.4
4.091,-0.012,-0.003,-0.0015,-0.0053,9.4
4.092,-0.0173,0.0007,-0.0098,-0.0046,9.4
4.093,-0.0173,0.0,-0.0181,-0.0053,9.3
4.094,-0.0015,0.0007,-0.0188,-0.0075,9.3
4.095,0.006,0.003,-0.0248,-0.0083,9.2
4.096,0.0135,0.0067,-0.0308,-0.0083,9.1
4.097,0.0082,0.009,-0.0346,-0.0068,9.1
4.098,-0.0038,0.0067,-0.0428,-0.0046,9.0
4.099,-0.0083,0.0052,-0.0405,-0.0015,9.0
4.1,-0.0143,0.0052,-0.0315,-0.0008,8.9
4.101,-0.0083,0.0045,-0.0346,-0.003,8.9
4.102,-0.006,0.0015,-0.0233,-0.0008,9.0
4.103,-0.003,0.0007,-0.0053,0.0022,9.0
4.104,-0.0008,0.0,-0.0008,0.0007,9.0
4.105,-0.003,0.0007,-0.0083,0.0007,9.0
4.106,0.0,0.0045,-0.0203,-0.0008,9.1
4.107,-0.0053,0.0015,-0.024,-0.0015,9.1
4.108,-0.0128,-0.0008,-0.0173,0.0015,9.2
4.109,-0.0218,-0.003,-0.003,0.0022,9.2
4.11,-0.0165,-0.0046,0.0052,0.0037,9.3
4.111,0.0052,0.0007,0.0067,0.0037,9.3
4.112,0.0112,0.0007,0.0037,0.0045,9.3
4.113,0.0195,-0.0008,0.006,0.0052,9.4
4.114,0.0292,-0.0015,0.0157,0.0052,9.4
4.115,0.0277,-0.0015,0.0195,0.003,9.4
4.116,0.024,-0.0046,0.0105,-0.0008,9.5
4.117,0.0187,-0.0046,0.0052,0.0007,9.5
4.118,0.0165,-0.0015,0.0045,0.0,9.5
4.119,0.0172,0.0,-0.0015,-0.0008,9.6
4.12,0.0172,0.0022,-0.0068,-0.0015,9.6
4.121,0.0127,0.0015,-0.0135,-0.0023,9.7
4.122,0.0015,0.0015,-0.0165,0.0,9.8
4.123,-0.0113,0.0015,-0.0105,0.003,9.8
4.124,-0.0143,0.0015,-0.0091,0.003,9.9
4.125,-0.0075,0.0045,-0.0135,0.0022,9.9
4.126,-0.0068,0.0037,-0.0105,0.0045,10.0
4.127,-0.006,0.0007,-0.0083,0.003,10.0
4.128,-0.0053,-0.0015,-0.012,0.0007,10.1
4.129,-0.0015,-0.0008,-0.0128,-0.0008,10.2
4.13,-0.0008,-0.0008,-0.0068,0.0007,10.2
4.131,-0.003,-0.0008,-0.0053,-0.0008,10.3
4.132,-0.0008,0.0015,-0.012,-0.003,10.3
4.133,0.0007,0.0037,-0.015,-0.0008,10.4
4.134,0.006,0.0067,-0.0218,-0.0015,10.4
4.135,0.0105,0.0075,-0.0263,-0.003,10.5
4.136,0.0112,0.006,-0.0256,-0.0053,10.6
4.137,0.0105,0.0052,-0.0278,-0.0046,10.6
4.138,0.0127,0.0037,-0.0285,-0.0038,10.7
4.139,0.0165,0.0037,-0.0323,-0.0053,10.7
4.14,0.0157,0.003,-0.027,-0.0046,10.8
4.141,0.0112,0.0022,-0.0181,-0.0046,10.8
4.142,0.003,0.003,-0.0158,-0.006,10.8
4.143,-0.0015,0.003,-0.0165,-0.006,10.8
4.144,0.0022,0.0037,-0.0173,-0.006,10.8
4.145,0.0052,0.0007,-0.0181,-0.0053,10.8
4.146,0.0045,0.0,-0.0195,-0.0038,10.8
4.147,0.0015,0.0007,-0.0203,-0.0038,10.8
4.148,0.0007,0.0022,-0.024,-0.003,10.8
4.149,0.0045,0.0045,-0.0181,-0.003,10.8
4.15,0.0067,0.003,-0.0091,-0.0023,10.8
4.151,0.0067,0.0015,-0.0015,-0.0008,10.8
4.152,0.009,0.0,0.0007,-0.0008,10.8
4.153,0.0082,-0.0008,-0.003,-0.003,10.8
4.154,0.0037,-0.0015,-0.0083,-0.0046,10.8
4.155,-0.003,0.0007,-0.0113,-0.0038,10.8
4.156,-0.0098,0.0045,-0.0105,-0.003,10.8
4.157,-0.012,0.0037,-0.0091,-0.003,10.8
4.158,-0.0083,0.0022,-0.0075,-0.003,10.8
4.159,-0.0008,0.0037,-0.0008,-0.0015,10.8
4.16,0.0052,0.0037,-0.0015,-0.0015,10.7
4.161,0.012,0.0045,-0.0075,-0.0015,10.7
4.162,0.0127,0.0052,-0.0046,-0.0008,10.7
4.163,0.0202,0.003,0.0045,0.0007,10.6
4.164,0.0255,-0.0008,0.0142,0.0007,10.6
4.165,0.0172,-0.0015,0.0195,-0.0015,10.5
4.166,0.0082,-0.0008,0.0202,0.0007,10.4
4.167,-0.0023,-0.0015,0.0195,0.003,10.4
4.168,-0.006,-0.003,0.0195,0.0015,10.3
4.169,-0.0068,-0.003,0.0105,0.0,10.3
4.17,-0.0083,-0.0015,-0.0075,-0.0038,10.2
4.171,-0.0046,0.0007,-0.0203,-0.006,10.2
4.172,-0.0008,0.0052,-0.0405,-0.0083,10.1
4.173,0.006,0.0067,-0.0465,-0.0105,10.1
4.174,0.0075,0.006,-0.0465,-0.0098,10.0
4.175,0.0082,0.0067,-0.057,-0.0128,9.9
4.176,0.015,0.0067,-0.0668,-0.0158,9.9
4.177,0.015,0.0067,-0.0743,-0.015,9.9
4.178,0.0112,0.0067,-0.075,-0.0158,9.8
4.179,0.012,0.0067,-0.075,-0.0143,9.7
4.18,0.0142,0.0052,-0.0691,-0.0113,9.6
4.181,0.0135,0.006,-0.063,-0.0105,9.6
4.182,0.0127,0.0067,-0.0638,-0.0091,9.5
4.183,0.0105,0.0067,-0.0555,-0.0083,9.5
4.184,0.0052,0.0045,-0.042,-0.0046,9.4
4.185,-0.0015,0.0015,-0.033,-0.0015,9.4
4.186,-0.003,0.0,-0.0278,-0.0015,9.3
4.187,-0.0008,0.0007,-0.0188,0.0015,9.3
4.188,0.0,0.0,-0.0083,0.0015,9.2
4.189,0.0015,-0.0008,-0.0046,-0.0008,9.1
4.19,0.0,-0.0015,0.009,0.0,9.1
4.191,-0.0015,-0.0068,0.0232,0.003,9.0
4.192,-0.0046,-0.0105,0.033,0.0052,9.0
4.193,-0.0113,-0.0105,0.0397,0.0067,8.9
4.194,-0.0173,-0.0105,0.0442,0.0082,8.9
4.195,-0.0218,-0.0128,0.0487,0.0067,8.8
4.196,-0.0195,-0.015,0.0465,0.0052,8.7
4.197,-0.0165,-0.012,0.0427,0.0075,8.7
4.198,-0.0128,-0.0091,0.0382,0.0082,8.6
4.199,-0.0105,-0.006,0.0315,0.0067,8.5
4.2,-0.0091,-0.0053,0.0315,0.0052,8.5
4.201,-0.0091,-0.0046,0.0337,0.0075,8.5
4.202,-0.0098,-0.003,0.0345,0.0082,8.4
4.203,-0.006,-0.0038,0.0375,0.0082,8.3
4.204,-0.0046,-0.0053,0.0352,0.006,8.3
4.205,-0.0038,-0.0068,0.0322,0.0037,8.2
4.206,-0.0053,-0.0053,0.0307,0.0045,8.1
4.207,-0.012,-0.0053,0.0345,0.0067,8.1
4.208,-0.0143,-0.0083,0.0375,0.0082,8.1
4.209,-0.0173,-0.0068,0.039,0.0082,8.0
4.21,-0.0181,-0.006,0.0375,0.0075,7.9
4.211,-0.0188,-0.0068,0.033,0.006,7.9
4.212,-0.0195,-0.0068,0.0397,0.0075,7.8
4.213,-0.0181,-0.0083,0.048,0.0082,7.7
4.214,-0.0195,-0.0075,0.0502,0.009,7.7
4.215,-0.0181,-0.0068,0.042,0.0075,7.6
4.216,-0.0135,-0.0075,0.033,0.0052,7.6
4.217,-0.0098,-0.0068,0.027,0.0052,7.5
4.218,-0.006,-0.0046,0.0232,0.0045,7.5
4.219,-0.0046,-0.0038,0.0285,0.0052,7.4
4.22,-0.0046,-0.003,0.0277,0.0045,7.3
4.221,-0.0038,-0.0015,0.0232,0.0022,7.3
4.222,-0.0015,0.0,0.0112,0.0,7.2
4.223,0.0007,0.0007,0.0015,-0.0015,7.2
4.224,0.0022,0.0015,0.0007,-0.0008,7.1
4.225,0.0022,0.0015,-0.0008,0.0,7.1
4.226,0.0022,0.0007,0.003,0.0007,7.0
4.227,0.0007,0.0007,0.0045,0.0007,7.0
4.228,0.0007,0.0,0.0015,-0.0008,6.9
4.229,0.0022,0.0022,-0.0015,-0.0015,6.9
4.23,0.0052,0.003,-0.0075,-0.0038,6.8
4.231,0.0105,0.0007,-0.0038,-0.003,6.7
4.232,0.0105,-0.0015,0.009,0.0,6.7
4.233,0.006,-0.003,0.018,0.0015,6.7
4.234,0.0015,-0.0046,0.0217,0.0007,6.6
4.235,-0.0015,-0.003,0.0232,-0.0008,6.6
4.236,-0.003,-0.003,0.0277,0.0007,6.5
4.237,-0.0053,-0.0053,0.033,0.0015,6.4
4.238,-0.0083,-0.006,0.033,0.0022,6.4
4.239,-0.0091,-0.006,0.033,0.0037,6.3
4.24,-0.0091,-0.0053,0.036,0.0045,6.3
4.241,-0.012,-0.0053,0.0382,0.003,6.3
4.242,-0.0113,-0.0038,0.0307,0.0,6.2
4.243,-0.0091,-0.003,0.0307,0.0007,6.2
4.244,-0.0083,-0.003,0.0285,0.0015,6.1
4.245,-0.0046,-0.0023,0.0195,0.0007,6.1
4.246,-0.0038,-0.0008,0.0142,-0.0015,6.0
4.247,-0.003,0.0,0.0052,-0.0046,6.0
4.248,0.0007,0.0015,-0.0053,-0.006,5.9
4.249,0.0052,0.003,-0.012,-0.0053,5.9
4.25,0.0075,0.0045,-0.0135,-0.0046,5.8
4.251,0.009,0.0067,-0.0181,-0.0068,5.8
4.252,0.0135,0.0067,-0.021,-0.0068,5.8
4.253,0.0142,0.0052,-0.0203,-0.0053,5.8
4.254,0.0142,0.0045,-0.0188,-0.0038,5.7
4.255,0.012,0.0045,-0.0181,-0.0053,5.7
4.256,0.0105,0.0052,-0.015,-0.0046,5.6
4.257,0.0097,0.0045,-0.0098,-0.003,5.6
4.258,0.0067,0.0045,-0.0091,-0.003,5.5
4.259,0.0045,0.0037,-0.0098,-0.0023,5.5
4.26,0.0045,0.006,-0.0158,-0.0038,5.4
4.261,0.0075,0.006,-0.0135,-0.0038,5.4
4.262,0.0067,0.003,-0.0068,-0.0023,5.4
4.263,0.0052,0.0015,-0.003,-0.0015,5.4
4.264,0.0045,0.0007,-0.0053,-0.0046,5.3
4.265,0.0067,0.003,-0.0195,-0.0053,5.3
4.266,0.0097,0.0022,-0.0128,-0.0008,5.3
4.267,0.0037,0.0,-0.0068,0.0007,5.3
4.268,0.0037,0.0007,-0.0128,-0.0015,5.3
4.269,0.0045,0.0015,-0.0105,-0.0008,5.3
4.27,0.0052,0.0015,-0.0135,-0.003,5.2
4.271,0.006,0.0015,-0.0083,-0.003,5.2
4.272,0.003,0.003,-0.0083,-0.0023,5.2
4.273,0.0037,0.003,-0.006,-0.0046,5.2
4.274,0.0022,0.0007,-0.0015,-0.0015,5.2
4.275,0.003,0.0007,0.0015,0.0,5.1
4.276,-0.0023,-0.0015,0.0142,0.0015,5.1
4.277,-0.006,-0.0046,0.015,0.0045,5.1
4.278,-0.0046,-0.0046,0.0165,0.0037,5.1
4.279,-0.0075,-0.0046,0.0225,0.003,5.0
4.28,-0.0105,-0.006,0.0345,0.006,5.0
4.281,-0.0128,-0.0068,0.0427,0.0067,5.0
4.282,-0.0158,-0.0075,0.042,0.006,5.0
4.283,-0.015,-0.0068,0.042,0.0067,4.9
4.284,-0.0128,-0.0083,0.039,0.0045,4.9
4.285,-0.0105,-0.0105,0.039,0.0067,4.9
4.286,-0.0113,-0.0098,0.0427,0.0075,4.9
4.287,-0.0113,-0.006,0.0427,0.0052,4.9
4.288,-0.0083,-0.0053,0.033,0.0037,4.9
4.289,-0.0068,-0.003,0.0262,0.0015,4.9
4.29,-0.0046,-0.0023,0.0165,0.0,4.8
4.291,-0.0023,-0.003,0.0067,-0.0015,4.8
4.292,-0.0023,-0.003,0.0187,0.0015,4.8
4.293,-0.0053,-0.0053,0.0255,0.003,4.7
4.294,-0.0053,-0.0038,0.0157,-0.0008,4.7
4.295,0.0,0.0007,0.009,-0.0015,4.7
4.296,0.0015,0.0007,0.012,0.0007,4.7
4.297,-0.0008,-0.0015,0.0142,0.0015,4.7
4.298,-0.0008,-0.0023,0.0052,0.0007,4.6
4.299,0.0007,-0.0008,0.003,-0.0008,4.6
4.3,0.0015,0.0007,0.0015,-0.0008,4.5
4.301,0.0045,0.0015,-0.0068,0.0,4.5
4.302,0.0052,0.0007,-0.0091,-0.0008,4.5
4.303,0.0045,0.0007,-0.012,-0.0008,4.5
4.304,0.003,0.0015,-0.0158,-0.0015,4.5
4.305,0.003,0.0037,-0.0181,-0.0046,4.5
4.306,0.0045,0.003,-0.0181,-0.0046,4.5
4.307,0.0015,0.003,-0.0188,-0.003,4.5
4.308,0.0022,0.0045,-0.0233,-0.003,4.5
4.309,0.003,0.0022,-0.024,-0.0015,4.5
4.31,0.0037,0.003,-0.027,-0.0023,4.5
4.311,0.0112,0.0067,-0.0315,-0.003,4.5
4.312,0.015,0.0052,-0.0315,-0.0046,4.4
4.313,0.0127,0.0037,-0.0293,-0.0046,4.4
4.314,0.0075,0.0007,-0.0308,-0.003,4.4
4.315,0.009,0.0037,-0.0361,-0.003,4.4
4.316,0.0112,0.0067,-0.0398,-0.0046,4.4
4.317,0.0105,0.0067,-0.042,-0.0068,4.4
4.318,0.0105,0.0067,-0.0405,-0.0083,4.4
4.319,0.0082,0.0052,-0.0375,-0.0068,4.3
4.32,0.0045,0.0052,-0.039,-0.0083,4.3
4.321,0.003,0.0052,-0.0368,-0.0068,4.3
4.322,0.006,0.0045,-0.0368,-0.0038,4.3
4.323,0.0037,0.003,-0.0308,-0.003,4.3
4.324,0.0015,0.0007,-0.0225,-0.003,4.3
4.325,0.003,0.0007,-0.021,-0.003,4.2
4.326,0.0022,0.0,-0.0143,0.0007,4.2
4.327,0.003,0.0007,-0.0128,0.0,4.2
4.328,0.0045,0.0015,-0.012,-0.0008,4.2
4.329,0.0045,0.0,-0.0068,0.0015,4.2
4.33,0.0075,-0.0008,-0.0046,0.0007,4.2
4.331,0.012,-0.0015,-0.0053,-0.0008,4.2
4.332,0.0142,-0.0008,-0.006,0.0007,4.1
4.333,0.015,0.0,-0.0053,0.0007,4.1
4.334,0.0165,-0.0008,-0.0083,-0.0008,4.1
4.335,0.0165,-0.0008,-0.0068,0.0,4.1
4.336,0.0045,-0.0008,-0.0053,-0.0008,4.1
4.337,-0.0046,0.0,-0.0053,-0.0015,4.1
4.338,-0.0083,0.0007,-0.0046,-0.0008,4.1
4.339,-0.0143,-0.0008,-0.0015,-0.0008,4.0
4.34,-0.0195,-0.0015,0.0045,0.0007,4.0
4.341,-0.0233,-0.0015,0.0052,0.0007,4.0
4.342,-0.0203,-0.0015,0.0052,0.0015,4.0
4.343,-0.0135,-0.0015,0.0,0.0,4.0
4.344,-0.003,0.0007,-0.0038,-0.0015,4.0
4.345,0.006,0.0007,-0.0015,0.0007,4.0
4.346,0.0082,0.0007,-0.0008,0.0007,4.0
4.347,0.009,0.0,0.006,0.0,4.0
4.348,0.0045,-0.0008,0.0015,-0.0015,4.0
4.349,0.0022,-0.0015,-0.0023,-0.0015,4.0
4.35,0.0022,-0.0008,-0.0008,-0.0008,4.0
4.351,-0.0008,0.0015,-0.0046,-0.0008,4.0
4.352,-0.0008,0.0015,-0.0046,0.0015,4.0
4.353,-0.0008,0.0007,-0.0046,0.0,4.0
4.354,-0.0008,0.0007,-0.0068,-0.0008,4.0
4.355,0.0007,0.0015,-0.0128,-0.003,4.0
4.356,0.003,0.0015,-0.0158,-0.0023,4.0
4.357,0.0022,0.0007,-0.0128,-0.0015,3.9
4.358,0.0007,0.0015,-0.0128,-0.003,3.9
4.359,0.0015,0.0015,-0.0113,-0.0015,3.9
4.36,0.003,-0.0008,-0.0091,-0.0015,3.9
4.361,0.003,0.0,-0.0113,-0.0023,3.9
4.362,0.0067,0.0015,-0.0173,-0.003,3.9
4.363,0.0067,0.0015,-0.0143,-0.0015,3.9
4.364,0.0045,0.0007,-0.0091,-0.0008,3.9
4.365,0.0045,0.0015,-0.0181,-0.0038,3.9
4.366,0.0067,0.0022,-0.0181,-0.0046,3.9
4.367,0.009,0.0007,-0.0181,-0.0046,3.9
4.368,0.009,0.0015,-0.0218,-0.003,3.9
4.369,0.0097,0.0022,-0.0195,-0.0046,3.9
4.37,0.0105,0.003,-0.0218,-0.0053,3.9
4.371,0.0127,0.0045,-0.0233,-0.003,3.9
4.372,0.0127,0.0052,-0.027,-0.0046,3.9
4.373,0.015,0.0052,-0.0278,-0.006,3.9
4.374,0.0127,0.0015,-0.0256,-0.0046,3.9
4.375,0.0112,0.0007,-0.0248,-0.003,3.9
4.376,0.009,0.003,-0.0173,-0.0015,3.9
4.377,0.0052,0.0022,-0.0098,-0.0015,3.9
4.378,0.006,0.003,-0.0083,-0.0015,3.9
4.379,0.0052,0.0045,-0.0098,-0.0008,3.9
4.38,0.0037,0.0015,-0.0008,0.003,3.9
4.381,0.0,-0.0015,0.0135,0.0052,3.9
4.382,-0.0053,-0.003,0.0225,0.0052,3.9
4.383,-0.0091,-0.0015,0.024,0.0045,3.9
4.384,-0.0091,0.0,0.0127,0.0015,3.9
4.385,-0.0046,0.003,0.0067,0.0022,3.9
4.386,-0.006,0.0007,0.012,0.0037,3.9
4.387,-0.0083,-0.0008,0.0127,0.003,3.9
4.388,-0.0075,-0.0015,0.0157,0.0037,3.9
4.389,-0.0091,-0.003,0.015,0.0045,3.9
4.39,-0.0105,-0.0046,0.0217,0.006,3.8
4.391,-0.0113,-0.0053,0.027,0.006,3.8
4.392,-0.0105,-0.003,0.027,0.0045,3.8
4.393,-0.0053,-0.0046,0.0255,0.003,3.8
4.394,-0.0053,-0.0053,0.018,0.0,3.8
4.395,-0.0053,-0.0046,0.0135,-0.0046,3.8
4.396,-0.0046,-0.0068,0.0127,-0.006,3.8
4.397,-0.0023,-0.0068,0.0097,-0.0053,3.8
4.398,0.0,-0.0038,0.003,-0.003,3.8
4.399,-0.0008,-0.0015,0.0015,-0.0015,3.8
4.4,0.003,0.0,-0.003,-0.0008,3.7
4.401,0.0045,0.0007,0.0,0.0,3.7
4.402,0.003,-0.0008,0.0052,-0.0008,3.7
4.403,0.0052,-0.0008,0.0,-0.0015,3.7
4.404,0.003,-0.0023,-0.003,0.0,3.7
4.405,0.003,-0.0046,-0.0068,0.0,3.7
4.406,0.003,-0.003,-0.0015,0.0045,3.7
4.407,-0.0038,-0.003,0.0082,0.009,3.7
4.408,-0.0083,-0.003,0.0105,0.0082,3.7
4.409,-0.0083,-0.003,0.0112,0.0045,3.7
4.41,-0.0068,-0.0015,0.0052,0.0007,3.8
4.411,-0.0053,-0.0008,0.003,0.0015,3.8
4.412,-0.0068,0.0,0.0105,0.0022,3.8
4.413,-0.0083,0.0,0.0165,0.0022,3.8
4.414,-0.0098,-0.0015,0.0195,0.0007,3.8
4.415,-0.0105,-0.003,0.0202,0.0,3.8
4.416,-0.0075,-0.003,0.0127,-0.0008,3.8
4.417,-0.0046,-0.0008,0.0015,-0.003,3.8
4.418,-0.0008,-0.0015,0.0037,-0.0015,3.8
4.419,-0.0023,-0.003,0.0105,0.0,3.8
4.42,-0.0046,-0.0008,0.006,-0.0015,3.8
4.421,0.0022,0.0015,-0.0053,-0.0008,3.8
4.422,0.0015,0.0007,-0.0053,0.0007,3.8
4.423,-0.0008,0.0,0.0022,0.0,3.8
4.424,-0.0015,-0.003,0.0007,0.0007,3.8
4.425,0.0,0.0,-0.0015,0.0015,3.8
4.426,0.003,0.0007,0.0,0.0022,3.8
4.427,0.0015,0.0,0.0037,0.0037,3.8
4.428,-0.0008,-0.0008,0.0157,0.0052,3.8
4.429,-0.0038,-0.0038,0.0232,0.0052,3.8
4.43,-0.0053,-0.0046,0.0277,0.0052,3.8
4.431,-0.0075,-0.006,0.021,0.003,3.8
4.432,-0.003,-0.003,0.009,0.0007,3.8
4.433,-0.0023,-0.0008,0.0075,-0.0008,3.8
4.434,0.0,-0.0023,0.003,-0.0015,3.8
4.435,0.0015,-0.0015,0.009,-0.003,3.9
4.436,-0.0008,-0.003,0.0127,-0.0053,3.9
4.437,0.0007,-0.0023,0.006,-0.0053,3.9
4.438,0.0015,-0.0008,-0.0015,-0.0053,3.9
4.439,0.003,-0.0015,-0.0053,-0.0068,3.9
4.44,0.0045,-0.0046,0.0022,-0.0046,3.9
4.441,0.0037,-0.0023,0.0045,-0.0046,3.9
4.442,0.0045,-0.0023,-0.0015,-0.0046,3.9
4.443,0.0067,-0.0008,-0.0068,-0.003,3.9
4.444,0.0045,0.0007,-0.003,0.0,3.9
4.445,0.0015,-0.0023,0.0045,0.0045,3.9
4.446,-0.003,-0.0008,0.012,0.0052,4.0
4.447,-0.0075,-0.0015,0.0225,0.0045,4.0
4.448,-0.0068,-0.0015,0.0195,0.003,4.0
4.449,-0.0075,-0.0008,0.0187,0.003,4.0
4.45,-0.0083,-0.0023,0.021,0.0045,4.0
4.451,-0.0091,-0.003,0.0202,0.0045,4.0
4.452,-0.0075,-0.0053,0.0232,0.0022,4.0
4.453,-0.0053,-0.0046,0.018,0.003,4.0
4.454,-0.0046,-0.003,0.0157,0.0037,4.0
4.455,-0.003,-0.0038,0.0127,0.0045,4.0
4.456,0.0,-0.0008,0.0127,0.0037,4.0
4.457,-0.0015,0.0015,0.0112,0.0007,4.0
4.458,-0.0023,0.0007,0.0112,0.0,4.1
4.459,-0.0015,0.0015,0.0135,0.0,4.1
4.46,-0.003,0.0015,0.006,-0.0015,4.1
4.461,-0.0015,0.0022,0.0045,-0.0023,4.1
4.462,-0.0008,0.003,0.003,0.0,4.1
4.463,0.0015,0.0007,0.0037,0.0022,4.2
4.464,0.0015,0.0007,0.0,0.0015,4.2
4.465,0.0052,0.0015,-0.0091,0.0,4.2
4.466,0.0075,0.0022,-0.0091,-0.0015,4.3
4.467,0.0052,0.003,-0.0135,-0.003,4.3
4.468,0.0105,0.0037,-0.0135,-0.0038,4.3
4.469,0.0082,0.0015,-0.0128,-0.0046,4.4
4.47,0.0067,0.0015,-0.0143,-0.0046,4.4
4.471,0.006,0.003,-0.015,-0.006,4.4
4.472,0.006,0.0015,-0.0165,-0.0068,4.5
4.473,0.006,-0.0008,-0.0098,-0.0068,4.5
4.474,0.0015,-0.0008,-0.0068,-0.0083,4.5
4.475,0.0007,0.0007,-0.0023,-0.0091,4.5
4.476,-0.0015,-0.0008,0.0045,-0.0098,4.5
4.477,-0.0015,-0.0023,0.003,-0.0091,4.6
4.478,-0.0023,-0.003,0.0067,-0.0053,4.6
4.479,-0.0015,-0.0068,0.0082,-0.0008,4.6
4.48,-0.0023,-0.0053,0.012,0.006,4.7
4.481,-0.0046,-0.0008,0.012,0.0052,4.7
4.482,-0.003,0.0015,0.0052,0.0015,4.7
4.483,0.0,0.0015,0.0007,0.0015,4.8
4.484,0.0015,0.003,-0.006,0.0,4.8
4.485,0.0052,0.0037,-0.0075,0.0022,4.9
4.486,0.006,0.0015,-0.0046,0.003,4.9
4.487,0.006,-0.0015,-0.0053,0.0007,4.9
4.488,0.0052,0.0015,-0.0105,-0.0015,4.9
4.489,0.0037,0.0022,-0.0091,-0.003,4.9
4.49,0.0022,-0.0015,-0.0053,-0.003,5.0
4.491,-0.0008,-0.003,-0.0068,-0.0015,5.0
4.492,0.0015,-0.003,-0.0068,-0.0015,5.0
4.493,0.0022,-0.0038,-0.006,-0.0008,5.1
4.494,0.0015,-0.0046,-0.0008,0.0007,5.1
4.495,0.0015,-0.0046,0.0022,0.0007,5.2
4.496,-0.0008,-0.0023,0.0015,0.0045,5.2
4.497,-0.0038,0.0007,0.0045,0.0052,5.2
4.498,-0.0015,0.003,-0.0008,0.006,5.3
4.499,0.0007,0.0037,-0.006,0.0067,5.3
4.5,-0.0008,0.0045,-0.0091,0.0045,5.3
4.501,0.0015,0.0045,-0.0128,0.0015,5.3
4.502,0.0015,0.0037,-0.0105,-0.003,5.4
4.503,0.003,0.0045,-0.0105,-0.0068,5.4
4.504,0.0045,0.0045,-0.012,-0.0083,5.4
4.505,0.0045,0.0045,-0.0128,-0.0053,5.5
4.506,0.0067,0.0045,-0.0128,-0.0023,5.5
4.507,0.006,0.0045,-0.0098,-0.003,5.6
4.508,0.0045,0.0037,-0.0068,-0.0015,5.6
4.509,0.0022,0.0022,0.0,-0.0023,5.7
4.51,0.0015,0.0,-0.0015,-0.0053,5.7
4.511,0.0007,0.0007,-0.003,-0.0038,5.7
4.512,0.0,0.0015,-0.0046,-0.003,5.8
4.513,0.0007,0.003,-0.0038,-0.0008,5.8
4.514,0.0,0.0007,0.0007,0.0022,5.8
4.515,0.0015,0.0,-0.0053,0.0022,5.9
4.516,0.0022,0.0,-0.0068,0.003,5.9
4.517,0.0045,-0.0015,-0.0098,-0.0008,5.9
4.518,0.006,-0.0008,-0.0105,-0.0008,6.0
4.519,0.0037,-0.0008,-0.0068,0.0007,6.0
4.52,0.0045,0.0007,-0.0098,-0.0008,6.1
4.521,0.0045,0.0,-0.0091,0.0015,6.1
4.522,0.0045,0.0,-0.0083,0.0022,6.2
4.523,0.0015,0.0007,-0.0023,0.0007,6.2
4.524,-0.003,0.0,-0.0015,0.0007,6.2
4.525,-0.003,-0.0008,-0.0015,0.0015,6.3
4.526,-0.0015,-0.003,0.0045,0.0022,6.3
4.527,0.0007,-0.0023,0.0037,0.003,6.3
4.528,-0.0008,0.0,-0.0008,0.0007,6.3
4.529,0.0007,0.0007,-0.0015,0.0007,6.4
4.53,-0.0008,0.0007,-0.0015,0.0007,6.4
4.531,-0.0008,0.0022,-0.0068,-0.0015,6.5
4.532,0.0015,0.003,-0.0105,-0.003,6.5
4.533,0.003,0.0045,-0.0105,-0.0023,6.5
4.534,0.0045,0.0045,-0.0143,-0.0038,6.6
4.535,0.0037,0.0045,-0.015,-0.0046,6.6
4.536,0.003,0.0045,-0.0165,-0.0038,6.7
4.537,0.0045,0.0052,-0.0158,-0.0038,6.7
4.538,0.0045,0.003,-0.0181,-0.0053,6.7
4.539,0.0067,0.003,-0.0188,-0.0015,6.7
4.54,0.0052,0.0007,-0.0091,-0.0008,6.8
4.541,0.003,0.0,-0.0053,-0.0008,6.8
4.542,0.0045,0.0007,-0.0083,-0.0008,6.9
4.543,0.003,0.0,-0.0083,-0.0015,6.9
4.544,0.0037,-0.0008,-0.0083,-0.0008,7.0
4.545,0.003,0.0,-0.0083,-0.0015,7.1
4.546,0.0045,0.0007,-0.0053,-0.0008,7.1
4.547,0.0037,-0.0015,-0.0023,0.0,7.2
4.548,0.003,-0.0008,-0.006,-0.0023,7.2
4.549,0.0045,0.0007,-0.0053,-0.0015,7.2
4.55,0.0037,0.0015,-0.0068,-0.003,7.3
4.551,0.0052,0.0007,-0.0068,-0.006,7.4
4.552,0.003,-0.0015,-0.0015,-0.0023,7.4
4.553,0.0015,-0.0015,0.0007,-0.0008,7.5
4.554,0.0007,-0.0023,0.0015,-0.0015,7.5
4.555,0.0,-0.0015,-0.0008,-0.0015,7.6
4.556,0.0015,-0.0015,0.0015,-0.0008,7.6
4.557,-0.0008,-0.0008,0.003,-0.0008,7.7
4.558,-0.0008,0.0,0.0037,0.0007,7.7
4.559,-0.0053,-0.003,0.0157,0.0037,7.8
4.56,-0.0091,-0.0053,0.018,0.003,7.8
4.561,-0.0068,-0.0015,0.0105,0.0007,7.9
4.562,-0.0068,-0.003,0.0157,0.003,7.9
4.563,-0.0105,-0.0038,0.0165,0.0015,8.0
4.564,-0.0083,-0.0038,0.0112,0.0,8.0
4.565,-0.0068,-0.003,0.0157,0.0007,8.1
4.566,-0.006,-0.0008,0.0082,-0.0008,8.1
4.567,-0.0015,0.0,0.0105,0.0015,8.1
4.568,-0.0038,-0.0015,0.0172,0.0015,8.2
4.569,-0.0038,-0.003,0.0127,0.0,8.2
4.57,-0.0015,-0.003,0.0105,0.0015,8.3
4.571,-0.0015,-0.0008,0.0015,0.0,8.4
4.572,-0.0015,0.0015,0.0007,-0.0015,8.4
4.573,0.0,0.0015,0.0037,-0.0008,8.5
4.574,-0.0023,-0.0008,0.0045,0.0007,8.5
4.575,-0.0015,-0.0015,0.0067,0.0,8.5
4.576,-0.0015,-0.0038,0.0067,0.0015,8.6
4.577,-0.0038,-0.003,0.0052,0.0015,8.6
4.578,-0.0023,-0.0015,0.0075,0.0015,8.7
4.579,-0.006,-0.0038,0.009,0.003,8.7
4.58,-0.0083,-0.003,0.0165,0.003,8.8
4.581,-0.0091,-0.0046,0.0157,0.0015,8.8
4.582,-0.0075,-0.0053,0.0127,0.0015,8.9
4.583,-0.006,-0.0046,0.0135,0.0007,8.9
4.584,-0.003,-0.0015,0.0045,-0.0008,9.0
4.585,-0.0008,-0.0008,0.0067,0.0007,9.0
4.586,-0.0008,-0.0015,0.0082,0.0015,9.0
4.587,0.0007,0.0007,0.0015,-0.0015,9.1
4.588,0.0015,0.0007,-0.003,-0.0015,9.1
4.589,0.003,0.0,-0.003,0.0,9.2
4.59,0.0015,0.0,-0.0023,0.0007,9.2
4.591,0.0037,-0.0015,-0.003,0.0015,9.3
4.592,0.006,0.0007,-0.0015,0.0007,9.3
4.593,0.0067,0.0015,-0.0068,0.003,9.4
4.594,0.0067,0.0007,-0.0083,0.003,9.4
4.595,0.0052,0.0007,-0.0091,-0.0008,9.4
4.596,0.006,0.0007,-0.0158,-0.003,9.5
4.597,0.0112,0.0045,-0.0375,-0.0083,9.5
4.598,0.0202,0.0105,-0.0615,-0.0105,9.6
4.599,0.0217,0.0112,-0.0653,-0.0091,9.6
4.6,0.0232,0.0112,-0.0691,-0.0083,9.7
4.601,0.0195,0.0097,-0.0593,-0.0091,9.7
4.602,0.0142,0.0067,-0.0465,-0.006,9.8
4.603,0.012,0.0067,-0.0383,-0.003,9.8
4.604,0.0082,0.0052,-0.0346,-0.0046,9.9
4.605,0.0105,0.0037,-0.0405,-0.006,9.9
4.606,0.009,0.0022,-0.0346,-0.0053,10.0
4.607,0.0075,0.0015,-0.0285,-0.0023,10.0
4.608,0.0037,0.0015,-0.0233,-0.003,10.1
4.609,-0.0015,0.0015,-0.0181,-0.003,10.1
4.61,-0.0023,0.0015,-0.012,0.0007,10.2
4.611,-0.003,0.0015,-0.0068,0.0007,10.3
4.612,-0.003,-0.0015,-0.0015,0.003,10.3
4.613,-0.0053,-0.0038,0.0045,0.0045,10.3
4.614,-0.0038,-0.003,-0.0008,0.0015,10.4
4.615,-0.0046,-0.0015,-0.0008,0.0007,10.4
4.616,-0.0046,-0.0015,-0.0015,0.0015,10.5
4.617,-0.0008,-0.0015,-0.0038,0.0007,10.6
4.618,-0.0038,-0.0008,0.0,0.0015,10.6
4.619,-0.0046,-0.0008,0.0007,0.003,10.7
4.62,-0.0053,-0.0008,0.003,0.0007,10.7
4.621,-0.0038,0.0,0.0007,-0.0008,10.7
4.622,-0.0015,0.0,-0.0015,0.0015,10.8
4.623,-0.0038,-0.0015,0.0052,0.003,10.9
4.624,-0.0046,-0.0053,0.0082,0.0045,11.0
4.625,-0.0046,-0.0046,0.0082,0.0037,11.0
4.626,-0.0053,-0.0038,0.012,0.0045,11.1
4.627,-0.0075,-0.0053,0.0142,0.0067,11.2
4.628,-0.0075,-0.0053,0.0195,0.009,11.2
4.629,-0.0083,-0.0053,0.0232,0.0082,11.3
4.63,-0.012,-0.0083,0.0262,0.0082,11.3
4.631,-0.0128,-0.0091,0.0255,0.0067,11.4
4.632,-0.0105,-0.0091,0.0195,0.0045,11.5
4.633,-0.0068,-0.0083,0.012,0.0022,11.5
4.634,-0.0023,-0.003,0.0,-0.0015,11.6
4.635,0.0,-0.0015,-0.0046,-0.0015,11.7
4.636,0.0015,0.0007,-0.0053,-0.0015,11.7
4.637,0.0015,0.0022,-0.0105,-0.003,11.8
4.638,0.0022,0.003,-0.0195,-0.0038,11.8
4.639,0.0052,0.003,-0.0181,-0.0015,11.9
4.64,0.0045,0.003,-0.0128,-0.003,12.0
4.641,0.0045,0.0022,-0.012,-0.0046,12.1
4.642,0.0045,0.0015,-0.006,-0.003,12.1
4.643,0.0022,0.003,-0.0068,-0.0023,12.2
4.644,0.0052,0.0022,-0.006,-0.0023,12.3
4.645,0.003,0.003,0.0007,-0.0023,12.4
4.646,0.0015,0.003,0.0075,-0.0015,12.5
4.647,0.0007,0.0007,0.0157,-0.0015,12.6
4.648,-0.0008,-0.0008,0.0105,-0.0008,12.6
4.649,0.0015,-0.0015,0.0127,0.0015,12.7
4.65,-0.0015,-0.0046,0.0172,0.0015,12.8
4.651,-0.0015,-0.0038,0.0165,0.0007,12.9
4.652,-0.0023,-0.0038,0.0202,0.0007,13.0
4.653,-0.003,-0.0046,0.0202,0.0,13.0
4.654,-0.0038,-0.003,0.0217,-0.0015,13.1
4.655,-0.0038,-0.0015,0.024,-0.0008,13.2
4.656,-0.0068,-0.0046,0.0315,0.0045,13.3
4.657,-0.0113,-0.0083,0.0405,0.0067,13.4
4.658,-0.0113,-0.0068,0.0465,0.0067,13.4
4.659,-0.0158,-0.0083,0.051,0.0052,13.5
4.66,-0.0165,-0.0098,0.0472,0.0015,13.6
4.661,-0.0158,-0.0083,0.0472,0.003,13.7
4.662,-0.0165,-0.0075,0.0465,0.0075,13.8
4.663,-0.0128,-0.0098,0.0517,0.0067,13.9
4.664,-0.0128,-0.0128,0.0532,0.0082,14.0
4.665,-0.012,-0.012,0.0487,0.0075,14.2
4.666,-0.0083,-0.0091,0.0465,0.0052,14.3
4.667,-0.0091,-0.006,0.0412,0.0045,14.4
4.668,-0.0068,-0.003,0.0382,0.003,14.5
4.669,-0.0046,-0.0015,0.033,0.0007,14.6
4.67,-0.003,0.0007,0.0232,-0.0008,14.8
4.671,0.0007,0.003,0.0135,-0.003,14.8
4.672,0.0022,0.0022,0.0082,-0.003,15.0
4.673,0.0007,0.0015,0.009,-0.0023,15.1
4.674,0.0015,0.0007,0.012,-0.0015,15.2
4.675,-0.0015,-0.0008,0.012,0.0,15.3
4.676,-0.0046,0.0007,0.012,0.0007,15.4
4.677,0.0,0.0,0.012,-0.003,15.5
4.678,-0.0008,-0.0008,0.0075,-0.0038,15.7
4.679,0.0007,-0.003,0.0067,-0.0023,15.7
4.68,0.0015,-0.003,0.0075,-0.0023,15.9
4.681,0.0007,-0.0008,0.003,-0.0053,16.0
4.682,0.0022,0.0007,0.0037,-0.0046,16.2
4.683,0.0015,0.003,-0.0008,-0.0046,16.3
4.684,0.0052,0.003,-0.0105,-0.0068,16.5
4.685,0.0082,0.0045,-0.0135,-0.0068,16.6
4.686,0.0097,0.0052,-0.0203,-0.0068,16.7
4.687,0.0135,0.0052,-0.024,-0.0046,16.9
4.688,0.0112,0.0045,-0.0278,-0.0046,17.0
4.689,0.0127,0.0022,-0.0315,-0.0053,17.2
4.69,0.009,0.0007,-0.021,-0.0008,17.3
4.691,0.006,0.0015,-0.0083,0.0015,17.5
4.692,0.003,0.0015,0.0045,0.0037,17.6
4.693,0.0007,0.0007,0.0105,0.0015,17.8
4.694,0.0015,0.0015,0.003,0.0,17.9
4.695,0.0015,0.003,0.0067,0.0007,18.0
4.696,-0.0015,0.0,0.0172,0.0007,18.2
4.697,-0.0015,0.0,0.003,-0.0008,18.3
4.698,-0.0008,0.0022,0.0,0.0007,18.5
4.699,-0.0008,0.0007,0.0045,0.003,18.6
4.7,0.0,0.0015,0.0007,0.0007,18.8
4.701,-0.0008,0.003,-0.0038,0.0007,18.9
4.702,0.0052,0.0022,-0.0158,-0.0008,19.1
4.703,0.0105,0.003,-0.0181,-0.0046,19.3
4.704,0.0097,0.0037,-0.0225,-0.0046,19.5
4.705,0.0112,0.0045,-0.0308,-0.006,19.7
4.706,0.0105,0.006,-0.0278,-0.0046,19.8
4.707,0.012,0.006,-0.0256,-0.0046,20.0
4.708,0.0105,0.003,-0.0203,-0.0046,20.2
4.709,0.0052,0.0007,-0.0188,-0.0053,20.4
4.71,0.0082,0.0015,-0.021,-0.0046,20.6
4.711,0.0075,0.0,-0.0188,-0.003,20.8
4.712,0.006,0.0,-0.0233,-0.0038,21.0
4.713,0.0067,0.0007,-0.0218,-0.0023,21.1
4.714,0.0037,0.0,-0.021,-0.0015,21.3
4.715,0.0067,0.0015,-0.0278,-0.003,21.5
4.716,0.0082,0.003,-0.0248,0.0,21.7
4.717,0.006,0.003,-0.0188,0.0015,21.9
4.718,0.0045,0.0015,-0.0128,0.0007,22.0
4.719,-0.0008,-0.0008,-0.0105,-0.0008,22.2
4.72,-0.0015,0.0007,-0.0113,-0.0015,22.4
4.721,0.0007,0.0022,-0.0203,-0.003,22.6
4.722,0.0052,0.0022,-0.0218,-0.0046,22.9
4.723,0.0067,0.0007,-0.0128,-0.0008,23.1
4.724,0.0045,0.0007,-0.0083,0.0007,23.4
4.725,0.003,0.0015,-0.0068,-0.0008,23.6
4.726,0.003,0.003,-0.0158,-0.0015,23.8
4.727,0.0045,0.0037,-0.0158,-0.0023,24.0
4.728,0.0015,0.0015,-0.0068,0.0,24.3
4.729,-0.0015,0.0,-0.0038,0.0015,24.5
4.73,-0.0015,0.0007,-0.0053,0.0007,24.7
4.731,-0.0015,0.0007,-0.0046,-0.0015,25.0
4.732,-0.003,0.0007,-0.0068,-0.0015,25.2
4.733,0.0007,0.0015,-0.0113,-0.0023,25.5
4.734,0.0007,0.003,-0.006,-0.0023,25.7
4.735,-0.0015,0.0007,-0.0015,-0.0008,25.9
4.736,-0.0015,-0.0015,0.003,0.0,26.1
4.737,-0.0023,-0.0015,0.0037,-0.0008,26.4
4.738,0.0,-0.0008,-0.0015,-0.0015,26.6
4.739,0.0022,-0.0008,-0.003,-0.003,26.9
4.74,0.0,-0.0008,0.003,-0.0008,27.1
4.741,-0.0015,-0.0023,0.0052,0.0007,27.4
4.742,-0.0008,-0.0008,0.003,0.0015,27.6
4.743,-0.0023,-0.0008,0.009,0.0015,27.9
4.744,-0.0038,-0.003,0.0135,0.003,28.1
4.745,-0.006,-0.0046,0.0255,0.0052,28.4
4.746,-0.0091,-0.0068,0.0315,0.0037,28.6
4.747,-0.006,-0.0053,0.0262,0.003,28.9
4.748,-0.0046,-0.0053,0.024,0.003,29.2
4.749,-0.0053,-0.0053,0.0292,0.0052,29.4
4.75,-0.0091,-0.0083,0.0405,0.0082,29.7
4.751,-0.0143,-0.0098,0.0472,0.0067,29.9
4.752,-0.0181,-0.0091,0.0442,0.0052,30.1
4.753,-0.0158,-0.0075,0.039,0.0045,30.4
4.754,-0.0113,-0.0068,0.0322,0.003,30.7
4.755,-0.0091,-0.003,0.0217,0.003,31.0
4.756,-0.006,-0.003,0.027,0.0037,31.2
4.757,-0.0091,-0.0046,0.0307,0.003,31.5
4.758,-0.0091,-0.0038,0.024,0.003,31.7
4.759,-0.0083,-0.0053,0.0262,0.0037,31.9
4.76,-0.0068,-0.0038,0.0262,0.0015,32.2
4.761,-0.0046,-0.0038,0.0202,-0.0008,32.4
4.762,-0.006,-0.0046,0.0202,0.0007,32.7
4.763,-0.0046,-0.0038,0.0165,0.0015,32.9
4.764,-0.0008,-0.003,0.003,-0.0023,33.2
4.765,0.003,0.0007,-0.0038,-0.0008,33.4
4.766,0.0037,0.0007,-0.0053,-0.0008,33.7
4.767,0.003,0.0015,-0.0068,-0.0038,33.9
4.768,0.0067,0.003,-0.0158,-0.006,34.2
4.769,0.0127,0.0045,-0.0256,-0.0083,34.4
4.77,0.0127,0.0052,-0.0165,-0.006,34.7
4.771,0.0082,0.0015,-0.0113,-0.003,34.9
4.772,0.0067,0.0007,-0.0083,0.0007,35.1
4.773,0.0007,-0.0008,0.006,0.003,35.4
4.774,-0.0046,-0.0046,0.0127,0.0022,35.6
4.775,-0.003,-0.0038,0.0105,0.0015,35.9
4.776,-0.003,-0.0053,0.0255,0.0052,36.1
4.777,-0.0128,-0.0091,0.054,0.0135,36.4
4.778,-0.021,-0.0128,0.0645,0.0142,36.6
4.779,-0.0218,-0.012,0.0555,0.0097,36.9
4.78,-0.0195,-0.0083,0.0472,0.0097,37.1
4.781,-0.0158,-0.006,0.042,0.006,37.3
4.782,-0.0091,-0.003,0.0225,0.003,37.6
4.783,-0.0015,0.0007,0.0052,0.0007,37.8
4.784,0.0045,0.003,-0.0091,-0.0038,38.0
4.785,0.0105,0.0067,-0.0285,-0.0068,38.2
4.786,0.0127,0.0067,-0.03,-0.0068,38.4
4.787,0.0127,0.0082,-0.0413,-0.0105,38.6
4.788,0.0202,0.0127,-0.063,-0.0143,38.9
4.789,0.0232,0.012,-0.0653,-0.0128,39.1
4.79,0.0232,0.0105,-0.063,-0.012,39.3
4.791,0.0255,0.012,-0.0645,-0.0128,39.6
4.792,0.021,0.012,-0.0608,-0.012,39.8
4.793,0.0202,0.012,-0.0578,-0.0075,40.0
4.794,0.0157,0.0097,-0.042,-0.0053,40.2
4.795,0.009,0.0067,-0.033,-0.0053,40.5
4.796,0.0082,0.0037,-0.0188,-0.0015,40.6
4.797,-0.0023,-0.0008,0.0067,0.0015,40.9
4.798,-0.006,-0.0046,0.009,0.0022,41.1
4.799,-0.0083,-0.0053,0.0262,0.0052,41.3
4.8,-0.0113,-0.0068,0.0247,0.003,41.5
4.801,-0.0046,-0.0053,0.0097,0.0015,41.8
4.802,-0.0068,-0.0046,0.0105,0.0007,42.0
4.803,-0.0023,-0.0008,-0.0053,-0.0023,42.2
4.804,0.0052,0.0037,-0.0218,-0.0053,42.4
4.805,0.012,0.0067,-0.0428,-0.0105,42.7
4.806,0.0187,0.0082,-0.0511,-0.0105,42.9
4.807,0.018,0.0082,-0.0488,-0.0105,43.1
4.808,0.0165,0.0052,-0.0293,-0.0068,43.3
4.809,0.0052,-0.0015,-0.0046,-0.0015,43.6
4.81,-0.0008,-0.0023,-0.0053,-0.0023,43.8
4.811,0.003,-0.0008,-0.0098,-0.003,44.1
4.812,0.0037,0.0015,-0.0195,-0.0068,44.3
4.813,0.0067,0.003,-0.0293,-0.0091,44.5
4.814,0.012,0.0022,-0.045,-0.0098,44.7
4.815,0.0157,0.006,-0.048,-0.0091,45.0
4.816,0.0157,0.0052,-0.0428,-0.0083,45.2
4.817,0.0165,0.006,-0.0511,-0.0105,45.4
4.818,0.0142,0.0082,-0.0495,-0.012,45.6
4.819,0.012,0.006,-0.0443,-0.012,45.9
4.82,0.0135,0.0075,-0.0488,-0.0135,46.1
4.821,0.0195,0.009,-0.0683,-0.0173,46.3
4.822,0.0255,0.0112,-0.0735,-0.0158,46.5
4.823,0.021,0.009,-0.0608,-0.0105,46.8
4.824,0.0165,0.009,-0.0585,-0.0113,47.0
4.825,0.0157,0.009,-0.0525,-0.0105,47.2
4.826,0.0105,0.0067,-0.0443,-0.0083,47.4
4.827,0.0097,0.006,-0.0368,-0.0068,47.6
4.828,0.0052,0.0052,-0.0323,-0.0046,47.9
4.829,0.0045,0.0052,-0.0233,-0.0046,48.1
4.83,0.0015,0.0022,-0.012,-0.0023,48.3
4.831,0.0007,0.0045,-0.0233,-0.0015,48.5
4.832,0.0067,0.0052,-0.027,-0.0038,48.7
4.833,0.009,0.0075,-0.0346,-0.006,49.0
4.834,0.0127,0.0112,-0.042,-0.0075,49.2
4.835,0.0157,0.012,-0.0525,-0.0091,49.4
4.836,0.0172,0.0135,-0.0653,-0.0075,49.6
4.837,0.0172,0.009,-0.0465,-0.003,49.9
4.838,0.012,0.0067,-0.0353,-0.0015,50.1
4.839,0.0067,0.003,-0.0143,0.0037,50.3
4.84,-0.0015,-0.0046,0.0157,0.0075,50.5
4.841,-0.0098,-0.0053,0.0292,0.0097,50.7
4.842,-0.0165,-0.0083,0.0457,0.012,50.9
4.843,-0.0188,-0.0105,0.048,0.012,51.1
4.844,-0.0165,-0.0098,0.0502,0.0142,51.3
4.845,-0.0203,-0.0128,0.0562,0.015,51.5
4.846,-0.0195,-0.0128,0.0682,0.0172,51.7
4.847,-0.0248,-0.015,0.0787,0.0195,51.9
4.848,-0.0293,-0.0158,0.0802,0.0195,52.1
4.849,-0.0256,-0.015,0.084,0.018,52.3
4.85,-0.03,-0.0165,0.087,0.0157,52.5
4.851,-0.0293,-0.0173,0.09,0.0172,52.7
4.852,-0.0278,-0.0158,0.084,0.0157,52.9
4.853,-0.0278,-0.0143,0.0877,0.0165,53.1
4.854,-0.033,-0.0195,0.117,0.024,53.3
4.855,-0.0436,-0.0248,0.135,0.027,53.5
4.856,-0.0465,-0.0248,0.1432,0.0285,53.7
4.857,-0.0495,-0.027,0.1485,0.0277,53.9
4.858,-0.0436,-0.0263,0.1327,0.024,54.1
4.859,-0.0368,-0.021,0.114,0.0202,54.3
4.86,-0.0315,-0.0165,0.0967,0.0165,54.5
4.861,-0.024,-0.0135,0.0817,0.0157,54.7
4.862,-0.0218,-0.0113,0.0705,0.0142,54.9
4.863,-0.0165,-0.0091,0.0622,0.012,55.1
4.864,-0.0128,-0.0075,0.0502,0.0097,55.3
4.865,-0.0075,-0.0046,0.0352,0.0075,55.4
4.866,-0.0046,-0.0046,0.027,0.0067,55.6
4.867,-0.0023,-0.003,0.0157,0.0052,55.8
4.868,-0.0008,-0.0008,0.0112,0.003,56.0
4.869,0.0,0.0,0.0045,0.0015,56.2
4.87,0.003,0.0022,-0.0046,0.0007,56.4
4.871,0.0067,0.0052,-0.0135,0.0,56.6
4.872,0.0105,0.0052,-0.0165,0.0,56.7
4.873,0.009,0.0045,-0.012,0.0,57.0
4.874,0.009,0.0052,-0.012,0.0,57.1
4.875,0.0067,0.0045,-0.0083,0.0007,57.3
4.876,0.0052,0.003,-0.0105,-0.0008,57.5
4.877,0.006,0.003,-0.0105,-0.003,57.7
4.878,0.0082,0.0022,-0.006,-0.003,57.9
4.879,0.0082,0.0015,-0.006,-0.0008,58.1
4.88,0.0067,0.0022,-0.0075,-0.0008,58.3
4.881,0.0097,0.0022,-0.0158,-0.003,58.4
4.882,0.009,0.0052,-0.0188,-0.0023,58.5
4.883,0.0105,0.0067,-0.024,-0.0046,58.6
4.884,0.0105,0.0067,-0.0293,-0.0075,58.7
4.885,0.0105,0.009,-0.03,-0.0053,58.9
4.886,0.0112,0.0082,-0.0346,-0.0083,59.0
4.887,0.012,0.009,-0.0443,-0.0098,59.1
4.888,0.018,0.0105,-0.0511,-0.0098,59.2
4.889,0.018,0.0097,-0.0488,-0.0105,59.3
4.89,0.018,0.009,-0.0413,-0.0105,59.4
4.891,0.0142,0.0082,-0.0346,-0.012,59.6
4.892,0.0127,0.0067,-0.0368,-0.0105,59.7
4.893,0.0142,0.0052,-0.0375,-0.012,59.8
4.894,0.0127,0.0052,-0.0368,-0.0105,59.9
4.895,0.012,0.0052,-0.033,-0.0098,60.0
4.896,0.009,0.0052,-0.027,-0.0091,60.2
4.897,0.0082,0.0052,-0.0278,-0.0091,60.3
4.898,0.009,0.0052,-0.0263,-0.0113,60.4
4.899,0.0082,0.0045,-0.0233,-0.0105,60.5
4.9,0.0067,0.0007,-0.0256,-0.0113,60.6
4.901,0.0067,0.0015,-0.0278,-0.012,60.7
4.902,0.0067,0.0007,-0.0278,-0.012,60.7
4.903,0.0067,-0.0008,-0.03,-0.0135,60.8
4.904,0.009,-0.0008,-0.0323,-0.0135,60.9
4.905,0.0105,0.0007,-0.0315,-0.0113,60.9
4.906,0.0097,-0.0008,-0.0256,-0.0105,61.0
4.907,0.0067,-0.0023,-0.024,-0.0091,61.1
4.908,0.006,0.0007,-0.024,-0.0083,61.2
4.909,0.006,-0.0008,-0.0225,-0.0091,61.2
4.91,0.0045,-0.0015,-0.0188,-0.006,61.3
4.911,0.0037,-0.0015,-0.0181,-0.0053,61.3
4.912,0.006,-0.0038,-0.0128,-0.0068,61.4
4.913,0.0037,-0.006,-0.0053,-0.0046,61.5
4.914,0.0022,-0.0075,-0.0083,-0.0046,61.5
4.915,0.0045,-0.0053,-0.0128,-0.003,61.6
4.916,0.003,-0.0046,-0.0128,-0.0023,61.6
4.917,0.003,-0.0015,-0.012,-0.0015,61.7
4.918,0.0022,-0.0015,-0.0083,-0.0008,61.8
4.919,0.0007,-0.0015,-0.0068,0.0007,61.9
4.92,-0.0008,-0.0015,-0.0053,0.0015,61.9
4.921,-0.0015,-0.0008,-0.0083,-0.0015,61.9
4.922,0.0007,0.003,-0.0091,-0.0008,61.9
4.923,0.0007,0.0022,-0.0053,-0.0008,61.9
4.924,0.0007,0.0022,-0.0023,0.0007,61.9
4.925,-0.0023,0.003,0.003,0.0022,61.9
4.926,-0.0038,0.0015,0.003,0.0015,61.9
4.927,-0.0053,0.0037,0.003,0.0015,61.9
4.928,-0.0068,0.0045,0.0082,0.0022,61.9
4.929,-0.0046,0.003,0.0105,0.0045,61.9
4.93,-0.0023,0.003,0.0082,0.0045,61.9
4.931,0.0007,0.0037,0.0015,0.0015,61.9
4.932,0.0022,0.0045,-0.0023,0.0007,61.9
4.933,0.0022,0.0037,-0.0098,-0.0008,61.9
4.934,0.0037,0.0052,-0.0143,-0.0008,61.9
4.935,0.0067,0.0052,-0.0158,-0.0015,61.9
4.936,0.009,0.0052,-0.0181,-0.003,61.9
4.937,0.0105,0.0067,-0.0225,-0.003,61.9
4.938,0.0112,0.0075,-0.024,-0.0015,61.9
4.939,0.0082,0.0045,-0.0143,0.0,61.9
4.94,0.0052,0.0045,-0.0135,-0.0015,61.9
4.941,0.0045,0.0037,-0.0091,0.0007,61.9
4.942,0.003,0.003,-0.003,0.0045,61.8
4.943,0.003,0.0052,-0.0046,0.0022,61.8
4.944,0.003,0.0037,-0.006,0.0015,61.7
4.945,0.003,0.0037,-0.0046,0.0015,61.6
4.946,0.003,0.0015,0.0007,0.0015,61.6
4.947,0.0052,0.0007,-0.0015,0.0022,61.6
4.948,0.0022,0.0007,-0.003,0.0015,61.5
4.949,0.0007,-0.0008,-0.0046,0.0022,61.4
4.95,0.0007,0.0015,-0.006,0.0015,61.3
4.951,-0.0008,0.0015,-0.0075,-0.0023,61.3
4.952,0.0007,0.0007,-0.0053,-0.0015,61.2
4.953,-0.0015,-0.0008,-0.0075,-0.0015,61.2
4.954,-0.003,-0.0008,-0.0128,-0.0015,61.1
4.955,0.0007,0.0007,-0.0075,-0.0008,61.1
4.956,0.0007,-0.0023,0.0015,-0.0008,61.0
4.957,-0.0015,-0.003,0.0052,-0.0008,60.9
4.958,-0.0046,-0.003,0.009,0.0,60.9
4.959,-0.0053,-0.003,0.0112,0.0007,60.8
4.96,-0.0053,-0.0046,0.015,0.0007,60.7
4.961,-0.0068,-0.003,0.0142,0.0,60.6
4.962,-0.006,-0.0038,0.0142,-0.0008,60.4
4.963,-0.0091,-0.006,0.0195,-0.0008,60.3
4.964,-0.012,-0.0053,0.0157,-0.0015,60.1
4.965,-0.0083,-0.0053,0.0165,-0.0008,59.9
4.966,-0.0105,-0.0046,0.0195,0.0015,59.8
4.967,-0.0083,-0.0053,0.018,0.0007,59.6
4.968,-0.0068,-0.0053,0.0195,0.0007,59.4
4.969,-0.006,-0.0053,0.018,0.0015,59.3
4.97,-0.0046,-0.0053,0.0142,0.0007,59.1
4.971,-0.003,-0.0023,0.0157,-0.0008,58.9
4.972,-0.0015,-0.003,0.021,0.0015,58.8
4.973,-0.0038,-0.0038,0.027,0.0052,58.6
4.974,-0.0015,-0.0015,0.0322,0.0045,58.4
4.975,-0.0038,-0.003,0.0285,0.003,58.2
4.976,-0.0046,-0.0008,0.0202,-0.0008,58.1
4.977,-0.0038,-0.0015,0.0127,-0.0023,57.9
4.978,-0.0053,-0.0023,0.0135,-0.0008,57.7
4.979,-0.0046,-0.0015,0.0255,0.0037,57.6
4.98,-0.0083,-0.0038,0.0292,0.0045,57.4
4.981,-0.0113,-0.0038,0.0292,0.0037,57.2
4.982,-0.0128,-0.0046,0.0352,0.0037,56.9
4.983,-0.0143,-0.0068,0.0367,0.0075,56.7
4.984,-0.0128,-0.006,0.0352,0.0105,56.4
4.985,-0.0098,-0.0053,0.0352,0.006,56.2
4.986,-0.0053,-0.0068,0.0322,0.0015,56.0
4.987,-0.0023,-0.0075,0.0255,0.003,55.7
4.988,-0.0015,-0.0046,0.0202,0.0037,55.5
4.989,-0.003,-0.0023,0.0225,0.0045,55.2
4.99,-0.0068,-0.006,0.0255,0.0007,55.0
4.991,-0.0091,-0.0068,0.0255,-0.003,54.8
4.992,-0.012,-0.0046,0.0217,-0.0068,54.5
4.993,-0.012,-0.003,0.0195,-0.012,54.3
4.994,-0.0105,-0.0038,0.0217,-0.012,54.0
4.995,-0.0128,-0.0068,0.0277,-0.006,53.8
4.996,-0.0135,-0.0091,0.0247,0.0067,53.5
4.997,-0.0113,-0.0075,0.0172,0.0202,53.3
4.998,-0.0083,-0.0053,0.0135,0.0285,53.1
4.999,-0.0068,-0.003,0.0097,0.0292,52.8
5.0,-0.0046,0.0,0.0067,0.0202,52.5
5.001,0.0007,-0.0008,0.0037,0.009,52.3
5.002,0.0052,0.003,-0.0091,-0.0008,52.0
5.003,0.0105,0.006,-0.024,-0.0181,51.7
5.004,0.0157,0.0082,-0.0353,-0.0361,51.4
5.005,0.0165,0.0105,-0.039,-0.0353,51.2
5.006,0.0157,0.0075,-0.0368,-0.0143,50.9
5.007,0.0157,0.0082,-0.039,-0.0008,50.6
5.008,0.0157,0.0067,-0.0405,0.003,50.3
5.009,0.0157,0.0067,-0.0428,0.0127,50.0
5.01,0.0165,0.0052,-0.0443,0.0247,49.8
5.011,0.018,0.0015,-0.0458,0.0217,49.5
5.012,0.0165,0.0045,-0.042,0.0067,49.2
5.013,0.0142,0.003,-0.0293,-0.0068,48.9
5.014,0.0105,0.0015,-0.0218,-0.015,48.6
5.015,0.0082,-0.0008,-0.0195,-0.0173,48.4
5.016,0.0075,-0.0015,-0.0173,-0.015,48.1
5.017,0.009,-0.0008,-0.0188,-0.0195,47.8
5.018,0.0097,0.003,-0.0195,-0.0263,47.5
5.019,0.0105,0.0082,-0.0195,-0.0203,47.2
5.02,0.0097,0.0067,-0.0248,-0.0008,46.9
5.021,0.0052,0.0015,-0.0165,0.012,46.7
5.022,0.0007,-0.0046,-0.0038,0.0202,46.3
5.023,-0.003,-0.0068,0.0127,0.0195,46.0
5.024,-0.0083,-0.0091,0.0285,0.0097,45.6
5.025,-0.0098,-0.0068,0.0307,0.0022,45.3
5.026,-0.0128,-0.0015,0.0337,0.0007,45.0
5.027,-0.0135,0.003,0.036,0.009,44.6
5.028,-0.015,0.0037,0.048,0.0255,44.3
5.029,-0.0218,-0.0023,0.0667,0.036,44.0
5.03,-0.0263,-0.0075,0.0735,0.0285,43.6
5.031,-0.0263,-0.0098,0.0697,0.015,43.3
5.032,-0.0248,-0.0128,0.0607,0.012,43.0
5.033,-0.024,-0.015,0.048,-0.0008,42.7
5.034,-0.0203,-0.015,0.0375,-0.0135,42.3
5.035,-0.0181,-0.015,0.0255,-0.0173,42.0
5.036,-0.0098,-0.0113,0.0067,-0.021,41.7
5.037,0.0007,-0.0068,-0.0195,-0.0218,41.3
5.038,0.0082,0.0007,-0.0383,-0.0225,41.0
5.039,0.0165,0.0067,-0.0436,-0.0181,40.6
5.04,0.018,0.0052,-0.0465,-0.0165,40.3
5.041,0.0225,0.009,-0.0518,-0.0165,39.9
5.042,0.027,0.0112,-0.0615,-0.0143,39.6
5.043,0.0307,0.0135,-0.063,-0.0143,39.1
5.044,0.0345,0.0157,-0.0555,-0.012,38.7
5.045,0.0337,0.0157,-0.0555,-0.0128,38.4
5.046,0.0345,0.0142,-0.0608,-0.0165,38.0
5.047,0.0337,0.012,-0.0668,-0.0218,37.6
5.048,0.0315,0.012,-0.0713,-0.0203,37.2
5.049,0.0285,0.012,-0.0691,-0.0143,36.8
5.05,0.0262,0.012,-0.0691,-0.0165,36.4
5.051,0.0255,0.0127,-0.0683,-0.0188,36.0
5.052,0.0262,0.012,-0.0653,-0.0218,35.6
5.053,0.0232,0.015,-0.0638,-0.0218,35.3
5.054,0.0225,0.0157,-0.0593,-0.024,34.9
5.055,0.0165,0.0142,-0.0555,-0.0248,34.5
5.056,0.0127,0.015,-0.0473,-0.0218,34.1
5.057,0.0105,0.0157,-0.048,-0.0195,33.7
5.058,0.0045,0.0142,-0.048,-0.0091,33.3
5.059,-0.003,0.0112,-0.039,0.0135,32.9
5.06,-0.0091,0.0067,-0.0285,0.0367,32.5
5.061,-0.0083,0.0022,-0.0098,0.0495,32.1
5.062,-0.0128,-0.0015,0.0127,0.0592,31.8
5.063,-0.0165,-0.0143,0.0315,0.0667,31.4
5.064,-0.0173,-0.0285,0.0382,0.06,31.0
5.065,-0.0165,-0.0285,0.0465,0.048,30.6
5.066,-0.0083,-0.0256,0.057,0.0307,30.2
5.067,-0.0083,-0.0203,0.0622,0.0157,29.8
5.068,-0.0143,-0.0105,0.0592,0.0037,29.4
5.069,-0.0195,-0.0053,0.045,-0.003,29.0
5.07,-0.0263,-0.0046,0.0315,-0.0023,28.6
5.071,-0.0203,-0.0091,0.0262,-0.0053,28.3
5.072,-0.0143,-0.0053,0.024,-0.0165,27.9
5.073,-0.0098,-0.0023,0.0165,-0.0578,27.5
5.074,-0.0098,-0.0015,0.0165,-0.0818,27.1
5.075,-0.0091,0.0022,0.0202,-0.0495,26.7
5.076,-0.0046,0.003,0.0202,-0.0203,26.3
5.077,-0.0053,0.0082,0.0202,0.009,25.9
5.078,-0.0008,0.0097,0.0225,0.0292,25.5
5.079,0.003,0.009,0.0232,0.0202,25.2
5.08,0.0015,0.009,0.012,0.0187,24.7
5.081,0.0007,0.0052,-0.0008,0.0202,24.3
5.082,0.0015,-0.0015,0.0015,0.0277,23.9
5.083,0.0112,-0.0015,0.0045,0.0495,23.5
5.084,0.0202,-0.0015,0.0052,0.0697,23.1
5.085,0.0202,-0.0091,0.003,0.0577,22.6
5.086,0.0105,-0.012,-0.0068,0.0232,22.2
5.087,0.003,-0.015,-0.0128,0.0015,21.8
5.088,-0.0053,-0.0158,-0.0105,-0.024,21.4
5.089,-0.0098,-0.0105,-0.0053,-0.0293,21.0
5.09,-0.0105,-0.0046,-0.0083,-0.0181,20.5
5.091,-0.0053,0.0022,-0.0105,-0.0158,20.1
5.092,-0.0008,0.0007,-0.0143,-0.0098,19.7
5.093,-0.0008,0.0007,-0.0165,-0.0143,19.3
5.094,0.0022,0.003,-0.0165,-0.0218,18.9
5.095,0.0052,0.0045,-0.024,-0.0256,18.4
5.096,0.0015,0.0045,-0.012,-0.0278,18.0
5.097,-0.0008,0.0052,-0.0181,-0.0315,17.6
5.098,0.006,0.0105,-0.027,-0.0256,17.2
5.099,-0.0015,0.003,0.0217,-0.0068,16.7
5.1,-0.0158,-0.0053,0.0405,0.0015,16.3
5.101,-0.0083,0.0015,0.003,-0.0008,15.9
5.102,0.0075,0.003,-0.003,0.003,15.5
5.103,0.003,-0.003,0.0352,0.0097,15.0
5.104,-0.0075,-0.006,0.042,0.0022,14.6
5.105,-0.0083,-0.0008,0.0367,-0.0038,14.2
5.106,-0.0083,0.0007,0.048,-0.0046,13.8
5.107,-0.0083,0.0007,0.0405,-0.0068,13.3
5.108,-0.0008,0.0052,0.0187,-0.0038,12.9
5.109,0.003,0.0045,0.0165,0.0037,12.5
5.11,-0.0053,-0.0008,0.0247,0.0067,12.0
5.111,-0.0083,-0.0015,0.0135,0.0045,11.6
5.112,-0.006,-0.003,0.015,0.009,11.2
5.113,-0.0046,-0.0083,0.0195,0.0127,10.7
5.114,-0.0008,-0.003,-0.0053,0.003,10.3
5.115,0.0052,0.0,-0.0135,0.0007,9.9
5.116,0.0052,-0.0046,0.0037,0.003,9.4
5.117,-0.0053,-0.0068,0.0075,0.003,9.0
5.118,-0.0075,-0.0038,0.0007,0.0,8.6
5.119,-0.0053,-0.003,0.0082,0.0,8.2
5.12,-0.0053,-0.003,0.012,0.0015,7.7
5.121,-0.0053,0.0007,0.0075,0.0,7.5
5.122,-0.0068,0.0,0.0195,0.0015,7.2
5.123,-0.0098,-0.0015,0.0277,0.0022,7.0
5.124,-0.0105,-0.003,0.0232,0.003,6.7
5.125,-0.0098,-0.0053,0.0195,0.0015,6.4
5.126,-0.0075,-0.0105,0.0112,-0.0023,6.2
5.127,-0.0015,-0.0181,-0.0068,-0.012,5.9
5.128,0.0052,-0.0158,-0.021,-0.0113,5.7
5.129,0.009,-0.0105,-0.0308,-0.0068,5.4
5.13,0.018,-0.0068,-0.0458,-0.0046,5.1
5.131,0.0247,-0.0053,-0.0608,0.003,4.9
5.132,0.0187,-0.012,-0.0323,0.0157,4.6
5.133,-0.0023,-0.0233,0.0142,0.0232,4.4
5.134,-0.0075,-0.0256,0.0067,0.018,4.1
5.135,0.0045,-0.0233,0.0135,0.018,3.9
5.136,-0.0008,-0.0188,0.03,0.015,3.6
5.137,0.0007,-0.006,0.0165,0.0082,3.3
5.138,0.0,0.0067,0.0315,0.009,3.1
5.139,-0.0053,0.0232,0.0292,0.0052,2.8
5.14,-0.0046,0.0412,0.027,0.006,2.5
5.141,-0.0105,0.0532,0.036,0.0082,2.5
5.142,-0.0105,0.0457,0.0397,0.0052,2.5
5.143,-0.0128,0.0292,0.039,0.003,2.5
5.144,-0.0158,0.0217,0.0292,0.0015,2.5
5.145,-0.0181,0.0082,0.0315,0.0015,2.5
5.146,-0.0165,-0.0015,0.033,-0.0023,2.5
5.147,-0.0128,0.0022,0.0292,-0.0023,2.4
5.148,-0.012,0.0157,0.0262,-0.0008,2.4
5.149,-0.0105,0.0292,0.0202,-0.0008,2.4
5.15,-0.0091,0.024,0.0112,-0.0008,2.4
5.151,-0.003,-0.0015,0.006,-0.0091,2.4
5.152,-0.0008,-0.0323,0.0037,-0.0165,2.3
5.153,0.0037,-0.0495,-0.0053,-0.0195,2.3
5.154,0.0067,-0.0518,-0.0128,-0.0233,2.3
5.155,0.0082,-0.054,-0.015,-0.0233,2.3
5.156,0.0075,-0.048,-0.0165,-0.0203,2.3
5.157,0.009,-0.0293,-0.0225,-0.0158,2.2
5.158,0.0105,-0.0195,-0.024,-0.0128,2.2
5.159,0.0112,-0.024,-0.024,-0.0105,2.2
5.16,0.0127,-0.0248,-0.0263,-0.0083,2.2
5.161,0.009,-0.0218,-0.0173,-0.0091,2.2
5.162,0.006,-0.0068,-0.0165,-0.0091,2.2
5.163,0.0052,0.0345,-0.0218,-0.0015,2.3
5.164,0.0052,0.084,-0.0218,0.0082,2.3
5.165,0.0037,0.1125,-0.027,0.0157,2.4
5.166,0.0075,0.0982,-0.0278,0.0165,2.4
5.167,0.0112,0.063,-0.027,0.0105,2.5
5.168,0.0157,0.0442,-0.0375,0.0082,2.5
5.169,0.0232,0.0307,-0.0473,0.0105,2.6
5.17,0.018,0.0112,-0.0308,0.0105,2.6
5.171,0.0105,-0.006,-0.0068,0.0067,2.7
5.172,0.0022,-0.0218,0.012,0.0045,2.7
5.173,-0.0083,-0.0368,0.0502,0.0105,2.8
5.174,-0.0173,-0.039,0.0645,0.0097,2.8
5.175,-0.0173,-0.0315,0.0607,0.0045,2.9
5.176,-0.0188,-0.0353,0.0592,0.0,2.9
5.177,-0.0188,-0.0368,0.0382,-0.006,3.0
5.178,-0.0165,-0.0308,0.0337,-0.0068,3.0
5.179,-0.0225,-0.0263,0.0337,-0.012,3.1
5.18,-0.024,-0.0225,0.0225,-0.0128,3.1
5.181,-0.0248,-0.0165,0.003,-0.0046,3.1
5.182,-0.0181,-0.0128,-0.0113,0.0022,3.1
5.183,-0.0053,-0.0046,-0.0218,0.0082,3.1
5.184,0.003,-0.0008,-0.0375,0.0105,3.1
5.185,0.003,-0.0068,-0.0398,0.009,3.1
5.186,0.003,-0.0083,-0.039,0.0045,3.2
5.187,0.0082,-0.0083,-0.042,-0.0053,3.2
5.188,0.018,-0.003,-0.0398,-0.0135,3.2
5.189,0.0225,0.003,-0.033,-0.0158,3.2
5.19,0.012,0.0067,-0.0256,-0.0195,3.2
5.191,0.0007,0.0067,-0.024,-0.0203,3.2
5.192,-0.003,0.0015,-0.0165,-0.0181,3.2
5.193,-0.0008,-0.0165,-0.0038,-0.0173,3.2
5.194,-0.0053,-0.0218,0.0067,-0.0128,3.2
5.195,-0.015,0.0007,0.009,-0.0083,3.3
5.196,-0.0083,0.0135,0.0015,-0.0023,3.3
5.197,0.0045,0.0225,-0.0165,0.0127,3.3
5.198,0.0075,0.0247,-0.0293,0.0195,3.3
5.199,0.0157,0.0112,-0.0278,0.015,3.3
5.2,0.0225,0.0015,-0.0203,0.012,3.3
5.201,0.027,-0.0015,-0.006,0.0105,3.4
5.202,0.036,-0.0015,0.0067,0.009,3.6
5.203,0.0472,0.0045,0.0165,-0.0008,3.6
5.204,0.0495,0.0217,0.0247,-0.0113,3.8
5.205,0.042,0.0457,0.0202,-0.0105,3.9
5.206,0.033,0.048,0.0112,-0.0091,4.0
5.207,0.024,0.0262,-0.003,-0.0068,4.1
5.208,0.0157,0.0075,-0.0128,-0.0075,4.2
5.209,0.0052,-0.0188,-0.0225,-0.006,4.3
5.21,0.0045,-0.0315,-0.0308,0.0045,4.4
5.211,0.0052,-0.039,-0.0315,0.0052,4.5
5.212,-0.0046,-0.0495,-0.0308,-0.0015,4.6
5.213,-0.0053,-0.048,-0.024,-0.0046,4.7
5.214,-0.0015,-0.0443,-0.0203,-0.0038,4.9
5.215,-0.003,-0.0285,-0.0188,-0.0053,4.9
5.216,-0.0068,-0.012,-0.0188,-0.0068,5.0
5.217,-0.0091,-0.0068,-0.0248,-0.0068,5.2
5.218,-0.0023,0.0022,-0.042,-0.0008,5.3
5.219,0.0015,0.012,-0.048,0.0045,5.4
5.22,0.0037,0.0217,-0.0428,0.0022,5.5
5.221,0.0037,0.039,-0.0361,-0.0023,5.7
5.222,-0.0015,0.0465,-0.0188,-0.0083,5.9
5.223,-0.0038,0.0472,0.0082,-0.006,6.1
5.224,-0.0015,0.0495,0.03,-0.0038,6.3
5.225,-0.0046,0.033,0.0367,-0.0046,6.5
5.226,-0.012,0.0225,0.0292,-0.0015,6.7
5.227,-0.0218,0.0142,0.0165,-0.0015,6.8
5.228,-0.0248,-0.0023,0.0052,0.006,7.1
5.229,-0.0165,-0.0083,0.0015,0.0195,7.2
5.23,-0.015,-0.012,-0.0008,0.0172,7.5
5.231,-0.0075,0.0007,-0.0075,0.0075,7.6
5.232,-0.0068,0.0195,-0.0068,0.0045,7.8
5.233,-0.0083,0.0165,-0.0068,0.0022,8.1
5.234,-0.006,0.0135,-0.0105,0.009,8.2
5.235,-0.0105,0.0127,-0.0015,0.0202,8.4
5.236,-0.024,0.0157,0.0052,0.0142,8.6
5.237,-0.0293,0.0277,-0.0046,0.003,8.8
5.238,-0.0038,0.0157,-0.006,-0.0046,9.0
5.239,0.003,-0.0075,0.0052,-0.0143,9.2
5.24,0.0105,-0.0113,0.0052,-0.0128,9.4
5.241,0.0285,-0.0203,0.027,0.003,9.5
5.242,0.0217,-0.0218,0.0367,0.0165,9.5
5.243,0.0255,-0.0218,0.0307,0.0277,9.6
5.244,0.0217,-0.0278,0.0405,0.033,9.7
5.245,0.0202,-0.024,0.048,0.027,9.8
5.246,0.012,-0.0233,0.069,0.015,9.8
5.247,-0.0165,-0.015,0.069,-0.0015,9.9
5.248,-0.0195,-0.0105,0.0532,-0.0105,9.9
5.249,-0.0143,-0.012,0.0352,-0.0075,10.0
5.25,-0.015,-0.0143,0.009,-0.006,10.1
5.251,-0.0181,-0.0188,-0.0023,-0.0188,10.2
5.252,-0.0308,-0.0203,-0.0091,-0.0518,10.3
5.253,-0.0203,-0.0203,-0.0143,-0.0818,10.3
5.254,0.003,-0.0135,-0.0158,-0.0683,10.4
5.255,0.015,-0.0023,-0.0135,-0.0428,10.4
5.256,0.03,0.0082,-0.0098,-0.0165,10.5
5.257,0.0307,0.018,0.0015,0.0195,10.6
5.258,0.0292,0.0112,0.0037,0.0367,10.7
5.259,0.027,0.0052,-0.0046,0.0315,10.7
5.26,0.0127,0.0015,-0.0068,0.0187,10.8
5.261,0.009,-0.0143,-0.0053,0.006,10.8
5.262,0.012,-0.0233,0.0007,-0.0083,10.8
5.263,0.0142,-0.0203,0.0015,-0.0195,10.8
5.264,0.0075,-0.0143,0.0037,-0.0068,10.8
5.265,-0.0053,-0.0165,0.0105,0.0097,10.9
5.266,-0.0203,-0.0233,0.018,0.0225,10.9
5.267,-0.0383,-0.0158,0.0195,0.0285,10.9
5.268,-0.0405,-0.0083,0.009,0.0285,10.9
5.269,-0.0315,-0.0015,-0.0105,0.0262,10.9
5.27,-0.0173,0.003,-0.0263,0.0195,10.9
5.271,-0.0113,0.003,-0.0233,0.0202,10.9
5.272,-0.0181,-0.0023,-0.0135,0.0112,11.0
5.273,-0.033,-0.012,-0.0158,-0.0053,11.0
5.274,-0.0518,-0.0135,-0.0218,-0.012,11.0
5.275,-0.0615,-0.0083,-0.0143,-0.0195,11.0
5.276,-0.0465,-0.0046,-0.0098,-0.0218,11.0
5.277,-0.0278,-0.003,-0.0143,-0.0158,11.0
5.278,-0.0083,0.0075,-0.0046,-0.0075,11.0
5.279,0.015,0.0142,0.0082,-0.003,11.1
5.28,0.0292,0.0277,0.0037,0.0007,11.1
5.281,0.0502,0.0427,-0.0075,0.0015,11.1
5.282,0.0652,0.0495,-0.012,-0.003,11.2
5.283,0.063,0.063,-0.0113,-0.0015,11.2
5.284,0.054,0.0465,-0.0053,0.0,11.2
5.285,0.0442,0.0172,-0.0046,-0.0015,11.3
5.286,0.0345,0.009,-0.0015,-0.0038,11.3
5.287,0.0255,-0.0038,-0.0015,-0.0075,11.4
5.288,0.0232,-0.0091,-0.0098,-0.0075,11.4
5.289,0.0217,-0.0181,-0.0068,-0.0083,11.5
5.29,-0.0015,-0.0278,0.0075,-0.0098,11.6
5.291,-0.0465,-0.024,0.0037,-0.0128,11.6
5.292,-0.0863,-0.0158,-0.0083,-0.012,11.7
5.293,-0.111,0.0007,-0.006,-0.0068,11.7
5.294,-0.0968,-0.0015,-0.0128,-0.003,11.7
5.295,-0.0608,-0.0075,-0.0165,0.0022,11.8
5.296,-0.0315,-0.0008,-0.0105,0.0067,11.8
5.297,0.0015,-0.0008,-0.0068,0.0052,11.9
5.298,0.0202,0.0015,0.0037,0.0037,11.9
5.299,0.0277,0.003,0.0172,0.0052,12.0
5.3,0.054,0.0052,0.0382,0.009,12.0
5.301,0.093,0.0105,0.0682,0.012,12.1
5.302,0.1012,0.0097,0.0825,0.0105,12.2
5.303,0.0862,0.0052,0.0862,0.0097,12.4
5.304,0.0577,0.0015,0.078,0.006,12.5
5.305,0.0187,-0.0046,0.0495,0.003,12.6
5.306,-0.0008,-0.0113,0.0172,0.003,12.7
5.307,-0.0053,-0.0181,-0.0105,0.0015,12.8
5.308,-0.0143,-0.0173,-0.0046,0.0037,12.9
5.309,-0.0218,-0.0143,0.0195,0.0022,13.0
5.31,-0.0278,-0.0143,0.0142,0.0015,13.2
5.311,-0.0105,-0.0091,0.0015,0.0045,13.3
5.312,0.009,-0.003,-0.0075,0.0067,13.4
5.313,0.012,0.0015,-0.0165,0.0067,13.5
5.314,0.0195,0.0097,-0.015,0.0067,13.6
5.315,0.0217,0.0082,-0.0158,0.0015,13.7
5.316,0.0195,0.0007,-0.024,-0.0046,13.9
5.317,0.0135,-0.003,-0.0263,-0.0046,13.9
5.318,-0.0053,-0.0083,-0.0173,-0.0053,14.1
5.319,-0.03,-0.0053,-0.0158,-0.003,14.2
5.32,-0.0465,0.0052,-0.0368,-0.0015,14.3
5.321,-0.0608,0.0052,-0.0503,-0.0015,14.3
5.322,-0.078,0.0052,-0.0413,0.0007,14.3
5.323,-0.0885,0.0067,-0.0323,0.0015,14.3
5.324,-0.0818,0.0045,-0.0218,0.0022,14.4
5.325,-0.063,0.0052,-0.0203,0.0015,14.4
5.326,-0.039,0.006,-0.0165,0.0045,14.4
5.327,-0.0046,0.009,-0.0046,0.0067,14.4
5.328,0.0187,0.0067,0.0052,0.0082,14.4
5.329,0.0232,0.0045,0.0187,0.006,14.4
5.33,0.0382,0.009,0.027,0.0022,14.4
5.331,0.0682,0.0067,0.03,-0.0015,14.4
5.332,0.0787,-0.0015,0.0322,-0.0038,14.4
5.333,0.06,-0.003,0.0292,-0.003,14.4
5.334,0.042,0.0022,0.0202,-0.0046,14.4
5.335,0.0277,0.0007,0.0075,-0.0046,14.4
5.336,0.0195,-0.0046,-0.0046,-0.006,14.4
5.337,0.021,-0.0128,-0.0173,-0.0083,14.4
5.338,0.0195,-0.0113,-0.0188,-0.0053,14.4
5.339,0.009,-0.006,-0.0165,-0.0023,14.4
5.34,-0.0113,-0.003,-0.0195,-0.0015,14.4
5.341,-0.0248,0.0007,-0.0218,-0.0008,14.4
5.342,-0.0248,-0.0023,-0.0195,0.0007,14.4
5.343,-0.0256,-0.0053,-0.0128,0.0015,14.4
5.344,-0.0293,-0.0046,-0.0083,0.003,14.4
5.345,-0.0263,-0.0023,-0.0038,0.006,14.3
5.346,-0.0173,-0.0023,0.0007,0.003,14.3
5.347,-0.0188,0.0015,0.0007,0.0,14.2
5.348,-0.03,0.0045,0.0007,0.0007,14.2
5.349,-0.0315,0.003,-0.0053,0.0007,14.1
5.35,-0.0173,0.0007,-0.0165,-0.0015,14.1
5.351,0.0082,-0.0008,-0.0181,-0.003,14.1
5.352,0.0375,0.0052,-0.012,-0.0038,14.0
5.353,0.0465,0.0097,-0.0053,-0.003,14.0
5.354,0.045,0.009,0.0015,-0.003,13.9
5.355,0.0517,0.0067,0.0082,-0.0015,13.9
5.356,0.0517,0.0,0.012,-0.0015,13.9
5.357,0.054,-0.0023,0.0082,-0.0015,13.9
5.358,0.0555,-0.0038,-0.003,-0.0015,13.8
5.359,0.0457,0.0007,-0.0098,-0.0015,13.8
5.36,0.036,0.006,-0.0046,-0.0038,13.7
5.361,0.0127,0.0007,0.0082,-0.006,13.7
5.362,-0.0181,-0.0068,0.0292,-0.006,13.7
5.363,-0.0443,-0.0068,0.042,-0.0023,13.6
5.364,-0.0615,-0.0015,0.039,-0.0008,13.6
5.365,-0.057,-0.0015,0.03,0.0015,13.5
5.366,-0.039,-0.0023,0.0082,0.0015,13.5
5.367,-0.03,-0.003,-0.003,0.0015,13.5
5.368,-0.0195,-0.0023,-0.0015,0.003,13.5
5.369,-0.0203,-0.0008,-0.0046,0.0,13.5
5.37,-0.0353,-0.0008,-0.0091,-0.0015,13.4
5.371,-0.0405,0.0007,-0.0195,-0.0023,13.4
5.372,-0.0383,0.0007,-0.0188,-0.0023,13.4
5.373,-0.0368,-0.0015,-0.0023,-0.0008,13.3
5.374,-0.0293,-0.0015,0.0165,0.0015,13.3
5.375,-0.0083,-0.0015,0.0202,0.0015,13.2
5.376,0.0135,-0.003,0.0195,0.0015,13.2
5.377,0.0307,-0.0046,0.0157,0.0007,13.2
5.378,0.0442,-0.0023,0.0082,0.0022,13.1
5.379,0.0465,-0.0008,0.0052,0.0007,13.1
5.38,0.0525,0.0015,-0.0008,-0.0015,13.0
5.381,0.0502,-0.0008,0.0052,0.0007,13.0
5.382,0.042,-0.003,0.0135,0.0015,13.1
5.383,0.0285,-0.003,0.0217,-0.0015,13.1
5.384,0.0015,-0.0053,0.0255,-0.0023,13.1
5.385,-0.0181,-0.0053,0.0195,-0.0023,13.1
5.386,-0.0293,-0.0053,0.0105,-0.003,13.1
5.387,-0.024,-0.0046,-0.0008,-0.003,13.1
5.388,-0.0181,-0.0046,0.0022,-0.0008,13.1
5.389,-0.0256,-0.0053,0.0045,-0.0008,13.1
5.39,-0.0278,-0.0053,0.0082,-0.0008,13.2
5.391,-0.0293,-0.0046,0.015,0.0015,13.2
5.392,-0.0278,-0.0023,0.018,0.0015,13.2
5.393,-0.0293,-0.0046,0.024,0.003,13.2
5.394,-0.039,-0.0038,0.024,0.0052,13.2
5.395,-0.048,-0.003,0.0285,0.0045,13.2
5.396,-0.0465,-0.0046,0.0247,0.0045,13.2
5.397,-0.0353,-0.0023,0.0112,0.0007,13.2
5.398,-0.0315,-0.0015,0.0007,0.0,13.2
5.399,-0.0195,-0.0015,-0.0083,0.0015,13.3
5.4,-0.0023,-0.0015,-0.0113,-0.0008,13.3
5.401,0.0262,-0.0015,-0.0143,-0.0008,13.3
5.402,0.0547,-0.0008,-0.0181,-0.003,13.3
5.403,0.0615,-0.0008,-0.0158,-0.0083,13.3
5.404,0.0652,0.0,-0.003,-0.0053,13.3
5.405,0.069,-0.0015,0.0082,-0.0046,13.3
5.406,0.0787,-0.0046,-0.0015,-0.0046,13.3
5.407,0.0705,0.0,0.0015,0.0,13.3
5.408,0.0502,0.0052,0.0097,0.0022,13.3
5.409,0.0412,0.0112,0.0067,0.0007,13.3
5.41,0.0307,0.0052,0.0195,-0.0023,13.3
5.411,0.012,-0.0023,0.024,-0.0053,13.3
5.412,-0.0113,-0.0046,0.0262,-0.0053,13.3
5.413,-0.0361,-0.0046,0.0135,-0.0053,13.3
5.414,-0.0465,-0.0015,-0.0143,-0.006,13.3
5.415,-0.0405,-0.0008,-0.024,-0.003,13.3
5.416,-0.0353,0.0022,-0.0285,-0.0015,13.3
5.417,-0.0256,0.0067,-0.024,0.0015,13.3
5.418,-0.024,0.0067,-0.0218,0.0045,13.3
5.419,-0.0195,0.0067,-0.0256,0.003,13.3
5.42,-0.0053,0.0082,-0.0315,0.003,13.3
5.421,0.0082,0.0082,-0.033,0.003,13.3
5.422,0.0202,0.0067,-0.0293,0.003,13.3
5.423,0.0345,0.003,-0.03,0.003,13.3
5.424,0.042,0.0015,-0.0203,0.0045,13.3
5.425,0.0307,0.0022,-0.0158,0.0045,13.2
5.426,0.021,-0.0008,-0.0143,0.0007,13.2
5.427,0.0127,0.0015,-0.012,-0.0008,13.2
5.428,0.0022,0.003,-0.0105,-0.0008,13.2
5.429,-0.006,0.0007,-0.0083,-0.0008,13.1
5.43,-0.0203,0.0015,-0.0098,-0.0008,13.1
5.431,-0.033,0.0015,-0.0091,-0.0015,13.1
5.432,-0.0458,0.0067,-0.0113,-0.0015,13.0
5.433,-0.0465,0.0052,-0.0195,-0.003,13.0
5.434,-0.0488,0.0007,-0.024,-0.003,13.0
5.435,-0.0346,0.0015,-0.0338,-0.0046,13.0
5.436,-0.0128,-0.0008,-0.0443,-0.006,13.0
5.437,-0.0015,0.003,-0.0503,-0.0068,13.0
5.438,0.0142,0.0045,-0.0398,-0.0068,12.9
5.439,0.024,0.003,-0.0308,-0.0075,12.9
5.44,0.0352,0.0052,-0.0353,-0.0053,12.8
5.441,0.042,0.0082,-0.039,-0.003,12.8
5.442,0.0442,0.0075,-0.0443,-0.0023,12.8
5.443,0.0435,0.0067,-0.0503,-0.0038,12.7
5.444,0.0367,0.0045,-0.0518,-0.0053,12.7
5.445,0.033,0.003,-0.0443,-0.003,12.6
5.446,0.03,0.003,-0.0353,-0.0015,12.6
5.447,0.0285,0.0037,-0.033,-0.003,12.6
5.448,0.0232,0.0045,-0.033,-0.0038,12.6
5.449,0.0135,0.0045,-0.0375,-0.0068,12.5
5.45,0.0007,0.0045,-0.0346,-0.006,12.5
5.451,-0.0128,0.0007,-0.033,-0.0053,12.4
5.452,-0.0128,-0.0008,-0.024,-0.0046,12.4
5.453,-0.012,-0.003,0.0007,-0.0046,12.3
5.454,-0.0053,-0.003,0.0217,-0.003,12.3
5.455,0.0015,0.0,0.0352,0.0,12.2
5.456,0.0007,0.0007,0.033,0.0007,12.2
5.457,0.0045,0.0015,0.024,0.0015,12.2
5.458,0.012,0.003,0.0165,0.0015,12.1
5.459,0.0262,0.0052,0.0052,0.0007,12.1
5.46,0.0352,0.0067,0.0015,0.0037,12.0
5.461,0.0277,0.003,0.0105,0.0007,12.0
5.462,0.006,-0.0038,0.0187,-0.0015,12.0
5.463,-0.0158,-0.0091,0.0195,-0.0008,12.0
5.464,-0.0285,-0.0083,0.0142,0.0,11.9
5.465,-0.0308,-0.0068,0.0045,0.0022,11.9
5.466,-0.0233,-0.0023,-0.0046,0.0015,11.8
5.467,-0.015,-0.0015,-0.0023,0.0022,11.8
5.468,-0.0053,-0.0023,-0.0015,0.0037,11.8
5.469,0.0015,0.0007,-0.0023,0.003,11.7
5.47,0.0015,-0.0008,-0.0015,0.0015,11.7
5.471,-0.0015,-0.0015,0.0045,0.0007,11.7
5.472,-0.0038,-0.0015,0.0067,0.0007,11.6
5.473,-0.0075,-0.0008,0.0022,0.0,11.6
5.474,-0.015,0.0,0.003,0.0007,11.6
5.475,-0.0203,-0.0015,0.009,0.003,11.5
5.476,-0.0188,-0.003,0.0142,0.0045,11.5
5.477,-0.0091,-0.003,0.0165,0.003,11.4
5.478,-0.0053,-0.0038,0.0195,0.003,11.4
5.479,-0.0046,-0.0046,0.018,0.0007,11.4
5.48,-0.0015,-0.0008,0.0135,-0.0023,11.3
5.481,-0.0023,0.0,0.0105,0.0,11.3
5.482,0.0015,0.0015,0.0052,-0.0008,11.2
5.483,0.0052,0.0022,-0.0008,-0.003,11.2
5.484,0.0052,0.0007,-0.0091,-0.0053,11.2
5.485,-0.0015,0.0007,-0.0188,-0.0053,11.2
5.486,-0.0053,0.003,-0.0323,-0.006,11.1
5.487,-0.0015,0.0067,-0.042,-0.0075,11.1
5.488,-0.0038,0.0112,-0.0458,-0.006,11.1
5.489,-0.0075,0.0105,-0.048,-0.0083,11.0
5.49,-0.0015,0.0067,-0.0405,-0.0083,11.0
5.491,0.009,0.0045,-0.0278,-0.0068,10.9
5.492,0.0165,0.0022,-0.0225,-0.0075,10.9
5.493,0.021,0.003,-0.0203,-0.0068,10.9
5.494,0.0232,0.0015,-0.0158,-0.0068,10.8
5.495,0.024,-0.003,-0.0128,-0.0068,10.8
5.496,0.0225,-0.0075,-0.0173,-0.0083,10.7
5.497,0.0232,-0.0091,-0.0203,-0.0091,10.7
5.498,0.027,-0.0008,-0.0143,-0.0053,10.7
5.499,0.0277,0.0037,-0.0143,-0.003,10.7
5.5,0.024,0.0045,-0.0143,-0.003,10.6
5.501,0.0105,0.0022,-0.0098,-0.0008,10.6
5.502,-0.0008,-0.0008,-0.0046,0.0015,10.6
5.503,-0.0038,-0.0015,-0.0015,0.003,10.5
5.504,-0.0083,-0.003,0.0007,0.0045,10.5
5.505,-0.0105,-0.003,0.009,0.003,10.4
5.506,-0.0173,-0.0046,0.0135,0.003,10.4
5.507,-0.0278,-0.0038,0.0165,0.006,10.4
5.508,-0.0323,-0.0053,0.0232,0.0052,10.3
5.509,-0.0338,-0.0068,0.0285,0.0052,10.3
5.51,-0.0293,-0.0068,0.033,0.006,10.3
5.511,-0.0233,-0.0075,0.0382,0.0082,10.3
5.512,-0.0181,-0.0091,0.048,0.009,10.3
5.513,-0.0173,-0.0105,0.0502,0.0082,10.2
5.514,-0.0195,-0.0105,0.0495,0.0082,10.2
5.515,-0.015,-0.0128,0.0502,0.0075,10.1
5.516,-0.0053,-0.0091,0.0502,0.0075,10.1
5.517,0.003,-0.0083,0.0577,0.009,10.1
5.518,0.0052,-0.0091,0.063,0.0112,10.0
5.519,-0.0008,-0.0053,0.0652,0.012,10.0
5.52,-0.006,-0.0068,0.0645,0.009,9.9
5.521,-0.0091,-0.0105,0.069,0.0082,9.9
5.522,-0.0105,-0.0143,0.0832,0.0097,9.9
5.523,-0.0128,-0.0143,0.09,0.012,9.9
5.524,-0.0218,-0.0135,0.0892,0.0127,9.9
5.525,-0.0285,-0.012,0.0855,0.0112,9.9
5.526,-0.0308,-0.012,0.084,0.012,9.8
5.527,-0.0346,-0.0128,0.0855,0.0135,9.8
5.528,-0.0346,-0.0128,0.0885,0.0127,9.8
5.529,-0.0346,-0.0128,0.0817,0.012,9.8
5.53,-0.0308,-0.0105,0.0712,0.0097,9.7
5.531,-0.0256,-0.0105,0.0667,0.009,9.7
5.532,-0.0203,-0.0068,0.057,0.0075,9.7
5.533,-0.015,-0.0038,0.0532,0.0052,9.6
5.534,-0.0128,-0.0068,0.0495,0.0045,9.6
5.535,-0.0105,-0.0046,0.0382,0.0015,9.6
5.536,-0.006,-0.003,0.0307,0.0,9.5
5.537,-0.0015,-0.0015,0.018,-0.0008,9.5
5.538,-0.0015,-0.0023,0.0172,-0.0015,9.5
5.539,-0.003,-0.0015,0.018,0.0,9.5
5.54,0.0,0.0007,0.012,-0.0008,9.4
5.541,0.003,0.0015,0.0082,-0.0015,9.4
5.542,0.006,0.0037,-0.0046,-0.003,9.4
5.543,0.009,0.0052,-0.0188,-0.006,9.4
5.544,0.0165,0.0067,-0.0315,-0.0083,9.3
5.545,0.018,0.009,-0.0375,-0.0068,9.3
5.546,0.018,0.0082,-0.039,-0.0068,9.3
5.547,0.018,0.0075,-0.027,-0.0038,9.2
5.548,0.0082,0.0037,-0.0083,0.0007,9.2
5.549,0.0075,0.003,-0.0158,-0.0038,9.2
5.55,0.0105,0.0045,-0.0218,-0.0046,9.1
5.551,0.0105,0.0045,-0.0233,-0.0046,9.1
5.552,0.015,0.0045,-0.0248,-0.0053,9.1
5.553,0.0135,0.0045,-0.027,-0.0046,9.0
5.554,0.0157,0.0075,-0.0353,-0.0046,9.0
5.555,0.0142,0.0082,-0.0323,-0.0046,9.0
5.556,0.0127,0.0067,-0.0353,-0.0053,9.0
5.557,0.012,0.0067,-0.0346,-0.006,8.9
5.558,0.0082,0.0037,-0.0353,-0.0053,8.9
5.559,0.0112,0.003,-0.0368,-0.0053,8.9
5.56,0.0067,0.0052,-0.0346,-0.0023,8.8
5.561,0.0067,0.0052,-0.0338,-0.0023,8.8
5.562,0.0045,0.0045,-0.0293,-0.0038,8.7
5.563,0.0067,0.0037,-0.0346,-0.003,8.7
5.564,0.012,0.0052,-0.033,-0.0046,8.6
5.565,0.012,0.0052,-0.0315,-0.0053,8.6
5.566,0.009,0.0045,-0.0315,-0.0053,8.6
5.567,0.0075,0.0052,-0.0278,-0.0046,8.5
5.568,0.009,0.0052,-0.0293,-0.0046,8.5
5.569,0.0082,0.0045,-0.0263,-0.006,8.5
5.57,0.0105,0.0052,-0.0278,-0.0068,8.4
5.571,0.0105,0.0037,-0.027,-0.0053,8.4
5.572,0.0052,0.0022,-0.0233,-0.0046,8.3
5.573,0.0045,0.0015,-0.0233,-0.0053,8.3
5.574,0.0075,0.0007,-0.0188,-0.0053,8.2
5.575,0.0052,0.0022,-0.0203,-0.003,8.2
5.576,0.0022,0.0037,-0.0233,-0.003,8.2
5.577,0.003,0.0045,-0.024,-0.003,8.1
5.578,0.003,0.0037,-0.0248,-0.0038,8.1
5.579,0.0052,0.0007,-0.027,-0.0053,8.1
5.58,0.009,0.0015,-0.0308,-0.0053,8.0
5.581,0.015,0.0015,-0.0315,-0.0053,8.0
5.582,0.0165,0.0007,-0.0323,-0.003,7.9
5.583,0.0195,0.0015,-0.0263,-0.003,7.9
5.584,0.0202,0.0015,-0.0181,-0.0038,7.8
5.585,0.0165,0.0007,-0.0165,-0.003,7.8
5.586,0.0127,-0.0008,-0.012,-0.003,7.7
5.587,0.009,0.0015,-0.0113,-0.0015,7.7
5.588,0.003,0.0,-0.0083,-0.0008,7.6
5.589,-0.0015,-0.0008,-0.003,0.0,7.6
5.59,-0.0046,-0.0008,-0.0008,0.0015,7.6
5.591,-0.0046,-0.0015,0.0007,-0.0015,7.6
5.592,-0.003,-0.0015,-0.0008,-0.003,7.5
5.593,-0.0046,0.0007,-0.0015,-0.003,7.5
5.594,-0.0015,0.0007,-0.0015,-0.0038,7.4
5.595,-0.003,-0.0015,0.003,-0.0015,7.4
5.596,-0.0053,-0.0008,0.0022,-0.0008,7.3
5.597,-0.003,-0.0008,-0.0015,-0.0008,7.3
5.598,-0.0046,-0.003,0.0015,0.0007,7.2
5.599,-0.0046,-0.003,0.0045,0.0022,7.2
5.6,-0.0068,-0.0046,0.0105,0.0045,7.1
5.601,-0.0091,-0.0023,0.0105,0.0045,7.1
5.602,-0.0068,-0.0023,0.0045,0.0045,7.1
5.603,-0.0053,-0.0015,0.0045,0.003,7.0
5.604,-0.006,-0.0008,0.0105,0.0045,7.0
5.605,-0.0083,-0.0015,0.0127,0.0045,6.9
5.606,-0.0091,-0.0008,0.009,0.003,6.9
5.607,-0.0075,-0.003,0.015,0.0022,6.9
5.608,-0.0091,-0.003,0.0157,0.0007,6.8
5.609,-0.0068,-0.0015,0.0112,0.0022,6.8
5.61,-0.0053,-0.0015,0.0157,0.003,6.7
5.611,-0.006,-0.003,0.018,0.003,6.7
5.612,-0.0068,-0.003,0.0157,0.0022,6.7
5.613,-0.0046,-0.003,0.009,0.0,6.6
5.614,-0.0023,-0.003,0.009,0.0,6.6
5.615,-0.0015,-0.003,0.0097,0.0,6.5
5.616,0.0022,-0.0015,0.0045,-0.0015,6.5
5.617,0.003,0.0007,-0.0008,-0.0053,6.5
5.618,0.0067,0.0015,-0.0128,-0.0053,6.4
5.619,0.009,0.0037,-0.0181,-0.0053,6.4
5.62,0.0105,0.0052,-0.021,-0.006,6.3
5.621,0.0105,0.003,-0.015,-0.003,6.3
5.622,0.003,0.0007,-0.0068,-0.0008,6.3
5.623,0.0022,0.0015,-0.0046,-0.0008,6.2
5.624,0.0015,-0.0008,0.0022,0.003,6.2
5.625,-0.0008,-0.003,0.006,0.003,6.1
5.626,-0.0008,-0.0023,0.009,0.003,6.1
5.627,-0.0015,-0.0015,0.0127,0.003,6.0
5.628,-0.0023,-0.0008,0.0157,0.0022,6.0
5.629,-0.0053,-0.0008,0.0142,-0.0008,5.9
5.63,-0.0038,-0.0008,0.0082,-0.0023,5.9
5.631,-0.0038,-0.0008,0.0015,-0.0015,5.9
5.632,-0.0023,-0.0008,0.0,0.0007,5.8
5.633,-0.0023,-0.0015,0.0045,0.0007,5.8
5.634,-0.0023,-0.0008,0.0052,-0.0008,5.8
5.635,0.0007,-0.0008,0.003,-0.0015,5.7
5.636,0.0045,0.0015,-0.0075,-0.0038,5.7
5.637,0.0067,0.0015,-0.012,-0.0053,5.6
5.638,0.006,0.0015,-0.0105,-0.0046,5.6
5.639,0.0037,0.003,-0.0113,-0.0038,5.5
5.64,0.003,0.003,-0.0083,-0.0008,5.4
5.641,0.0022,0.0022,-0.012,-0.0008,5.4
5.642,0.0015,0.0007,-0.0091,-0.003,5.4
5.643,0.0,-0.0008,-0.0015,-0.0023,5.3
5.644,-0.0015,-0.0008,0.0015,0.0007,5.3
5.645,-0.0023,-0.0008,0.006,0.0015,5.3
5.646,-0.0046,-0.0008,0.0067,0.0015,5.3
5.647,-0.003,-0.0008,0.003,0.0007,5.2
5.648,0.0007,-0.0023,0.0007,-0.0008,5.2
5.649,0.0045,0.0007,-0.0053,-0.003,5.1
5.65,0.0067,0.0007,-0.0091,-0.0023,5.1
5.651,0.0022,0.0,-0.0083,0.0,5.0
5.652,0.0015,-0.0008,-0.0105,-0.0008,5.0
5.653,0.0,0.0,-0.0091,-0.0015,4.9
5.654,-0.0015,0.0015,-0.0046,-0.0015,4.9
5.655,0.0007,0.0,-0.0046,-0.0015,4.9
5.656,0.0007,0.0007,-0.003,-0.0023,4.9
5.657,0.0015,0.0007,0.0,-0.0015,4.8
5.658,0.0015,-0.0008,-0.0008,0.0,4.8
5.659,0.0015,0.0007,0.0007,-0.0008,4.7
5.66,0.003,0.0,0.0015,-0.0008,4.6
5.661,0.0007,-0.0023,0.009,0.0015,4.8
5.662,-0.0038,-0.0038,0.0142,0.0022,4.9
5.663,-0.0046,-0.0038,0.0082,-0.0015,5.1
5.664,-0.0015,-0.0015,0.0067,-0.003,5.2
5.665,0.0,-0.0023,0.0037,0.0,5.3
5.666,-0.003,-0.003,0.0052,-0.0008,5.5
5.667,-0.0038,-0.003,0.0045,-0.0015,5.6
5.668,0.0,-0.0046,0.0052,-0.0008,5.8
5.669,-0.0008,-0.003,0.0067,-0.0008,5.9
5.67,0.003,-0.0008,-0.003,-0.0015,6.1
5.671,0.0045,0.0007,-0.003,-0.0008,6.2
5.672,0.003,-0.0008,-0.003,-0.0008,6.3
5.673,0.0045,0.0015,-0.0083,-0.0038,6.5
5.674,0.0022,0.003,-0.0105,-0.0023,6.7
5.675,0.0015,0.0015,-0.0091,0.0007,6.8
5.676,0.0015,0.0007,-0.0046,0.0015,6.9
5.677,-0.0015,0.003,-0.0046,0.0,7.1
5.678,-0.003,0.0015,0.0045,0.0015,7.2
5.679,-0.0046,-0.0015,0.006,0.003,7.4
5.68,0.0127,0.0097,-0.054,-0.003,7.5
5.681,,,,,7.5
5.682,,,,,7.5
5.683,,,,,7.5
5.684,,,,,7.5
5.685,,,,,7.5
5.686,,,,,7.5
5.687,,,,,7.5
5.688,,,,,7.5
5.689,,,,,7.5
5.69,,,,,7.5
5.691,,,,,7.5
5.692,,,,,7.5
5.693,,,,,7.5
5.694,,,,,7.5
5.695,,,,,7.5
5.696,,,,,7.5
5.697,,,,,7.5
5.698,,,,,7.5
5.699,,,,,7.5
5.7,,,,,
