Time_s,RF,BF,VM,ST,FX
0.0,-0.0023,-0.003,-0.0105,-0.0023,56.5
0.001,-0.0015,-0.003,-0.0068,-0.0015,56.4
0.002,0.0015,-0.003,-0.0075,-0.0008,56.4
0.003,0.0007,-0.0015,-0.0068,-0.0015,56.3
0.004,0.0015,0.0,-0.0068,-0.0023,56.2
0.005,0.0015,0.0,-0.006,-0.003,56.2
0.006,-0.0015,-0.0008,-0.0046,-0.003,56.1
0.007,-0.0015,-0.0008,-0.0038,-0.0015,56.0
0.008,-0.0015,-0.0008,-0.0008,-0.0015,55.9
0.009,-0.0046,-0.003,0.0022,0.0007,55.8
0.01,-0.003,-0.003,0.0037,0.003,55.8
0.011,-0.0046,-0.0023,0.0052,0.0037,55.7
0.012,-0.0046,-0.0015,0.009,0.006,55.6
0.013,-0.0068,-0.0008,0.0142,0.0067,55.6
0.014,-0.0075,-0.0015,0.018,0.0082,55.5
0.015,-0.0068,-0.003,0.0202,0.0075,55.4
0.016,-0.0068,-0.0046,0.021,0.0082,55.3
0.017,-0.0046,-0.003,0.024,0.0097,55.3
0.018,-0.0046,-0.0038,0.024,0.0105,55.2
0.019,-0.0038,-0.0023,0.0217,0.0082,55.1
0.02,-0.0015,0.0015,0.0195,0.0067,55.0
0.021,-0.003,-0.0008,0.0127,0.0045,54.9
0.022,-0.003,-0.0008,0.0127,0.0022,54.8
0.023,-0.0023,-0.0015,0.0142,0.003,54.6
0.024,-0.003,-0.0008,0.0135,0.0045,54.4
0.025,-0.0008,0.0007,0.0142,0.0052,54.3
0.026,0.0015,0.0,0.0105,0.0045,54.2
0.027,0.0015,0.0015,-0.0046,0.0007,54.0
0.028,0.009,0.0045,-0.0293,-0.0053,53.9
0.029,0.0165,0.009,-0.0405,-0.0068,53.8
0.03,0.0157,0.009,-0.0428,-0.0068,53.6
0.031,0.0157,0.009,-0.042,-0.006,53.5
0.032,0.0127,0.0052,-0.0368,-0.0046,53.3
0.033,0.0112,0.003,-0.0353,-0.0046,53.2
0.034,0.0097,0.0045,-0.027,-0.003,53.1
0.035,0.0067,0.0037,-0.0165,-0.0008,52.9
0.036,0.0045,0.0007,-0.0105,-0.0008,52.8
0.037,0.0007,-0.0015,-0.0053,0.0007,52.6
0.038,-0.0038,-0.0015,0.0007,0.0022,52.5
0.039,-0.0098,-0.0053,0.0112,0.0045,52.3
0.04,-0.0158,-0.006,0.021,0.006,52.2
0.041,-0.0158,-0.0083,0.0322,0.0075,52.0
0.042,-0.0165,-0.0083,0.0397,0.0105,51.8
0.043,-0.0158,-0.006,0.0457,0.0142,51.7
0.044,-0.0143,-0.0068,0.0502,0.0127,51.5
0.045,-0.015,-0.0068,0.0502,0.012,51.3
0.046,-0.0143,-0.0083,0.0495,0.0105,51.2
0.047,-0.0143,-0.0083,0.0442,0.006,51.0
0.048,-0.0135,-0.0068,0.0397,0.0067,50.8
0.049,-0.0158,-0.0083,0.036,0.0045,50.6
0.05,-0.0135,-0.0046,0.0255,0.0007,50.4
0.051,-0.0083,-0.0046,0.012,-0.0015,50.3
0.052,-0.0075,-0.0053,0.0052,-0.0046,50.1
0.053,-0.0046,-0.0023,0.0015,-0.0038,49.9
0.054,-0.003,-0.0023,0.0015,-0.0046,49.7
0.055,0.0007,-0.0008,0.0015,-0.003,49.5
0.056,0.0022,0.0,0.0007,0.0015,49.4
0.057,0.0052,-0.0008,0.0067,0.006,49.2
0.058,0.0067,0.0015,0.0195,0.0165,49.0
0.059,0.0037,0.0037,0.0307,0.0322,48.9
0.06,0.0052,0.0067,0.0307,0.0465,48.6
0.061,0.0052,0.009,0.0262,0.0322,48.5
0.062,0.0045,0.0052,0.0262,-0.0053,48.2
0.063,-0.0008,0.0007,0.0277,-0.0195,48.0
0.064,-0.0046,-0.0015,0.018,-0.0315,47.8
0.065,-0.0008,-0.0015,0.0067,-0.0503,47.5
0.066,0.0,-0.0008,-0.0015,-0.0525,47.3
0.067,0.0015,0.0,-0.0128,-0.054,47.1
0.068,0.0007,-0.0046,-0.021,-0.0615,46.8
0.069,0.0007,-0.006,-0.0338,-0.0721,46.6
0.07,0.0045,-0.0046,-0.0361,-0.0728,46.4
0.071,0.003,-0.0053,-0.033,-0.0623,46.2
0.072,0.003,-0.0023,-0.0346,-0.0465,45.9
0.073,0.0052,-0.0023,-0.0315,-0.03,45.7
0.074,0.006,-0.0023,-0.0278,-0.0225,45.5
0.075,0.0067,0.0,-0.024,-0.0173,45.2
0.076,0.0082,0.0015,-0.021,-0.0098,45.0
0.077,0.0105,0.006,-0.012,0.0007,44.8
0.078,0.0142,0.0097,0.0022,0.009,44.5
0.079,0.018,0.0127,0.009,0.015,44.3
0.08,0.0165,0.0142,0.0067,0.0157,44.1
0.081,0.0127,0.0097,-0.0053,0.0112,43.8
0.082,0.012,0.0075,-0.0195,0.009,43.6
0.083,0.0142,0.0097,-0.0353,0.0067,43.2
0.084,0.0157,0.0097,-0.0525,0.003,43.0
0.085,0.0172,0.0112,-0.0691,0.006,42.7
0.086,0.0225,0.012,-0.0863,0.0127,42.4
0.087,0.027,0.0112,-0.0968,0.0157,42.2
0.088,0.024,0.0105,-0.093,0.0165,41.8
0.089,0.0157,0.009,-0.0728,0.0217,41.6
0.09,0.0045,-0.0008,-0.0248,0.03,41.3
0.091,-0.0218,-0.0173,0.0592,0.0435,41.0
0.092,-0.0518,-0.0308,0.114,0.0472,40.8
0.093,-0.0645,-0.0368,0.1432,0.0495,40.5
0.094,-0.0871,-0.0533,0.2505,0.0652,40.2
0.095,-0.1238,-0.0691,0.3135,0.0615,39.9
0.096,-0.12,-0.0585,0.2647,0.0487,39.6
0.097,-0.0908,-0.0398,0.213,0.0442,39.4
0.098,-0.057,-0.021,0.141,0.0307,39.1
0.099,-0.027,-0.0105,0.0862,0.0202,38.8
0.1,-0.0068,-0.0023,0.0165,0.0142,38.5
0.101,0.03,0.0165,-0.039,0.012,38.2
0.102,0.0465,0.0255,-0.0323,0.012,37.9
0.103,0.0435,0.0217,0.0067,0.0007,37.6
0.104,0.0202,0.0052,0.057,-0.012,37.3
0.105,0.0015,0.0007,0.0352,-0.024,37.0
0.106,0.0067,0.0015,0.0082,-0.0173,36.7
0.107,0.0067,0.003,-0.0053,0.0037,36.4
0.108,0.012,0.0082,-0.03,0.027,36.1
0.109,0.0232,0.012,-0.0555,0.0532,35.8
0.11,0.0322,0.0127,-0.0795,0.0502,35.5
0.111,0.0382,0.0142,-0.0968,0.009,35.2
0.112,0.0427,0.0217,-0.1163,-0.0278,34.9
0.113,0.045,0.0225,-0.1223,-0.0398,34.6
0.114,0.039,0.0165,-0.1193,-0.042,34.2
0.115,0.0315,0.0165,-0.1178,-0.0383,34.0
0.116,0.0292,0.0157,-0.1148,-0.0256,33.7
0.117,0.0255,0.0157,-0.105,-0.0128,33.3
0.118,0.0217,0.0127,-0.0968,-0.0128,33.0
0.119,0.0195,0.0135,-0.0803,-0.0256,32.8
0.12,0.018,0.0142,-0.0691,-0.0315,32.4
0.121,0.015,0.012,-0.0585,-0.021,32.1
0.122,0.009,0.0082,-0.0443,-0.003,31.8
0.123,0.0097,0.0052,-0.0413,0.0105,31.5
0.124,0.0127,0.0082,-0.0398,0.0187,31.1
0.125,0.015,0.003,-0.042,0.0262,30.8
0.126,0.0142,-0.003,-0.048,0.027,30.4
0.127,0.0135,-0.0038,-0.0495,0.0127,30.1
0.128,0.0157,-0.003,-0.0518,-0.0068,29.7
0.129,0.018,0.0022,-0.0495,-0.0143,29.4
0.13,0.0165,0.0052,-0.0368,-0.0165,29.1
0.131,0.0127,0.0045,-0.0368,-0.015,28.8
0.132,0.0127,0.0037,-0.0353,-0.0158,28.4
0.133,0.0105,0.003,-0.0293,-0.0195,28.1
0.134,0.0052,0.0015,-0.0256,-0.0173,27.8
0.135,0.0007,-0.003,-0.0188,-0.0158,27.4
0.136,-0.0015,-0.0053,-0.0165,-0.0128,27.1
0.137,0.0,-0.0046,-0.0143,-0.0105,26.7
0.138,-0.0015,-0.003,-0.0181,-0.0098,26.4
0.139,-0.0046,0.003,-0.0256,-0.0105,26.1
0.14,-0.003,0.0082,-0.0278,-0.012,25.7
0.141,-0.0068,0.0082,-0.0218,-0.0195,25.4
0.142,-0.0068,0.0067,-0.0098,-0.0368,25.0
0.143,-0.0083,0.0082,-0.0008,-0.0353,24.7
0.144,-0.0105,0.0105,0.0112,-0.0195,24.3
0.145,-0.0143,0.009,0.0255,-0.0165,23.9
0.146,-0.0181,0.0082,0.0307,0.0,23.6
0.147,-0.0173,0.0082,0.027,0.0322,23.2
0.148,-0.0128,0.0037,0.0307,0.0405,22.9
0.149,-0.0068,-0.0046,0.0322,0.0277,22.5
0.15,-0.003,-0.0105,0.0315,0.0052,22.1
0.151,0.0045,-0.0113,0.03,-0.0113,21.8
0.152,0.0135,-0.0143,0.027,-0.0105,21.5
0.153,0.0165,-0.0128,0.0255,-0.0158,21.1
0.154,0.0127,-0.0068,0.0142,-0.0225,20.7
0.155,0.0105,-0.0015,0.0037,-0.0128,20.4
0.156,0.009,-0.003,0.0022,-0.0068,20.0
0.157,0.003,-0.0098,-0.0053,-0.0113,19.7
0.158,-0.0015,-0.0135,-0.0053,-0.0023,19.3
0.159,-0.0105,-0.0128,-0.0008,0.0202,18.9
0.16,-0.0135,-0.0098,0.0045,0.0345,18.5
0.161,-0.0158,-0.0128,0.0105,0.039,18.2
0.162,-0.0165,-0.0158,0.012,0.0397,17.9
0.163,-0.0105,-0.0105,0.0165,0.033,17.5
0.164,-0.003,-0.0046,0.024,0.0262,17.1
0.165,0.006,0.0052,0.0315,0.024,16.8
0.166,0.0142,0.015,0.0315,0.0165,16.4
0.167,0.0135,0.015,0.0345,0.0052,16.1
0.168,0.006,0.0075,0.0352,-0.0015,15.7
0.169,-0.0008,0.0015,0.0285,-0.0075,15.3
0.17,-0.0083,-0.0015,0.0165,-0.0143,14.9
0.171,-0.0135,-0.0023,0.0112,-0.0158,14.6
0.172,-0.0091,0.0045,-0.0075,-0.0195,14.2
0.173,0.0007,0.0097,-0.024,-0.0256,13.9
0.174,-0.0023,0.0052,0.009,-0.0263,13.5
0.175,-0.0135,0.0022,0.0255,-0.03,13.1
0.176,-0.0188,0.0022,0.0435,-0.033,12.8
0.177,-0.0323,0.0015,0.0622,-0.042,12.4
0.178,-0.0323,0.0097,0.0105,-0.0533,12.1
0.179,-0.0135,0.021,-0.0083,-0.0315,11.7
0.18,-0.0143,0.0105,0.0307,0.0007,11.3
0.181,-0.0188,-0.0068,0.0465,0.0217,11.1
0.182,-0.012,-0.015,0.0457,0.0427,10.8
0.183,-0.0091,-0.0195,0.0555,0.0397,10.5
0.184,-0.0128,-0.0285,0.0667,0.0255,10.2
0.185,-0.0128,-0.0353,0.0457,0.0135,9.9
0.186,-0.0053,-0.0338,0.0495,0.0127,9.7
0.187,-0.0068,-0.0353,0.0615,0.0202,9.4
0.188,-0.0015,-0.0263,0.0382,0.0195,9.1
0.189,0.0067,-0.0158,0.0247,0.0247,8.9
0.19,0.0045,-0.0091,0.003,0.0255,8.5
0.191,0.0015,-0.003,-0.0008,0.0202,8.3
0.192,-0.0038,0.0015,-0.0075,0.0157,8.0
0.193,-0.0008,0.0105,-0.027,0.0082,7.7
0.194,-0.0008,0.0105,-0.0143,0.0067,7.5
0.195,-0.0053,0.0045,-0.0038,0.0015,7.2
0.196,-0.006,-0.0015,-0.0008,-0.006,6.9
0.197,-0.0083,-0.003,0.0045,-0.0135,6.6
0.198,-0.0083,0.0067,0.0052,-0.0143,6.3
0.199,-0.0128,0.0082,0.0097,-0.0105,6.1
0.2,-0.0218,0.0,0.0067,-0.0135,5.8
0.201,-0.0218,-0.0046,-0.0015,-0.0135,5.7
0.202,-0.0165,-0.0053,-0.0008,-0.0113,5.5
0.203,-0.012,-0.0091,0.0037,-0.012,5.4
0.204,-0.0053,-0.0091,0.0105,-0.012,5.3
0.205,0.0007,-0.0046,0.0195,-0.0128,5.1
0.206,0.0067,-0.003,0.0195,-0.0188,5.0
0.207,0.009,0.0045,0.018,-0.0248,4.9
0.208,0.003,0.009,0.018,-0.0233,4.7
0.209,-0.0038,0.0067,0.0202,-0.0105,4.6
0.21,0.0,0.0105,0.0217,-0.0008,4.4
0.211,0.0082,0.009,0.0255,0.0052,4.3
0.212,0.012,0.0082,0.018,0.0157,4.1
0.213,0.0135,0.006,0.0037,0.0202,4.0
0.214,0.0127,-0.0046,-0.0128,0.0067,3.9
0.215,0.0067,-0.0098,-0.027,-0.0053,3.7
0.216,-0.0015,-0.0023,-0.0181,-0.003,3.6
0.217,-0.0038,0.0082,-0.0083,0.003,3.5
0.218,-0.0008,-0.0015,-0.0158,-0.0015,3.3
0.219,0.0052,-0.0203,-0.0323,-0.0091,3.2
0.22,0.018,-0.021,-0.0368,0.0052,3.0
0.221,0.0202,-0.0068,-0.0413,0.024,3.0
0.222,0.0105,0.012,-0.0555,0.0292,3.0
0.223,0.0045,0.0277,-0.054,0.0262,2.9
0.224,0.0082,0.0322,-0.0405,0.012,2.9
0.225,0.0142,0.0292,-0.0405,-0.0023,2.8
0.226,0.0217,0.0367,-0.0465,-0.012,2.7
0.227,0.0277,0.0457,-0.0525,-0.0143,2.7
0.228,0.033,0.048,-0.0511,-0.0091,2.6
0.229,0.0375,0.0457,-0.0443,-0.0083,2.6
0.23,0.0352,0.0195,-0.0353,-0.0135,2.6
0.231,0.033,-0.006,-0.0256,-0.0188,2.5
0.232,0.0285,-0.03,-0.024,-0.021,2.5
0.233,0.0195,-0.0488,-0.0233,-0.0233,2.4
0.234,0.024,-0.0495,-0.0218,-0.0308,2.4
0.235,0.0367,-0.0473,-0.0195,-0.0375,2.3
0.236,0.0322,-0.03,-0.0158,-0.0361,2.2
0.237,0.0157,-0.0158,-0.0195,-0.0315,2.2
0.238,-0.0008,-0.0008,-0.0218,-0.0278,2.2
0.239,-0.0218,0.0187,-0.0128,-0.015,2.1
0.24,-0.0278,0.03,-0.003,0.0067,2.0
0.241,-0.0181,0.0382,0.0,0.0315,2.1
0.242,-0.0098,0.0262,-0.0038,0.0442,2.1
0.243,0.0037,0.0165,-0.0181,0.0405,2.1
0.244,0.0075,0.012,0.0022,0.036,2.1
0.245,-0.0015,-0.0105,0.0502,0.0232,2.2
0.246,-0.0173,-0.033,0.0667,0.0112,2.2
0.247,-0.0346,-0.0465,0.0855,0.009,2.2
0.248,-0.0458,-0.054,0.0877,0.006,2.2
0.249,-0.039,-0.0525,0.0577,-0.0023,2.2
0.25,-0.0233,-0.0578,0.0472,-0.0038,2.3
0.251,-0.0308,-0.063,0.0607,-0.0083,2.3
0.252,-0.033,-0.0548,0.0495,-0.024,2.3
0.253,-0.0308,-0.0428,0.0367,-0.0278,2.4
0.254,-0.0248,-0.024,0.0255,-0.021,2.4
0.255,-0.0181,-0.0098,0.0127,-0.0105,2.4
0.256,-0.0218,0.0045,0.0135,0.0052,2.5
0.257,-0.0203,0.03,0.0082,0.021,2.5
0.258,-0.0128,0.0502,0.0255,0.03,2.5
0.259,-0.0038,0.0607,0.0195,0.0187,2.5
0.26,0.0045,0.069,-0.0075,-0.0008,2.6
0.261,0.0172,0.0697,-0.0143,-0.015,2.6
0.262,0.0225,0.0517,-0.0218,-0.0181,2.7
0.263,0.0232,0.0375,-0.033,-0.0075,2.9
0.264,0.018,0.039,-0.0436,-0.0008,3.0
0.265,0.0135,0.0307,-0.0518,0.0052,3.1
0.266,0.0112,0.0225,-0.0368,0.0172,3.1
0.267,0.0052,0.0195,-0.012,0.0202,3.2
0.268,0.0007,0.0075,0.0007,0.0217,3.4
0.269,-0.0015,-0.0046,0.009,0.0217,3.5
0.27,-0.0015,-0.0098,0.0052,0.0135,3.6
0.271,0.003,-0.0015,0.0007,0.0082,3.6
0.272,0.0067,0.0105,0.0082,0.0015,3.7
0.273,0.0075,0.0067,-0.0068,-0.003,3.9
0.274,0.0135,-0.003,-0.0203,0.0022,4.0
0.275,0.0217,-0.006,-0.024,0.0052,4.0
0.276,0.0202,-0.0165,-0.033,0.006,4.1
0.277,0.006,-0.0233,-0.03,0.012,4.2
0.278,-0.0113,-0.021,-0.0315,0.0075,4.4
0.279,-0.0225,-0.0225,-0.0278,-0.0083,4.5
0.28,-0.0233,-0.0263,-0.0256,-0.0263,4.5
0.281,-0.0188,-0.0225,-0.0225,-0.0315,4.7
0.282,-0.012,-0.0008,-0.0105,-0.0173,4.8
0.283,0.0022,0.0097,-0.012,-0.0075,5.0
0.284,0.0157,-0.0113,-0.0158,-0.0181,5.1
0.285,0.027,-0.0203,-0.0091,-0.0346,5.3
0.286,0.033,-0.021,0.0067,-0.045,5.4
0.287,0.0397,-0.0256,0.0127,-0.042,5.5
0.288,0.0435,-0.0158,0.0082,-0.0293,5.7
0.289,0.048,-0.0008,-0.0008,-0.0158,5.8
0.29,0.0607,0.0172,-0.0023,0.0225,6.0
0.291,0.054,0.0232,0.0052,0.06,6.1
0.292,0.0255,0.0172,0.0142,0.0675,6.3
0.293,-0.0165,0.0142,0.0195,0.0615,6.4
0.294,-0.0533,0.012,0.0157,0.0397,6.6
0.295,-0.0728,0.0052,0.0187,0.0157,6.7
0.296,-0.0863,-0.0068,0.0292,0.0045,6.8
0.297,-0.1043,-0.0068,0.0315,0.0,7.0
0.298,-0.1043,-0.0091,0.0202,0.003,7.2
0.299,-0.0608,-0.0053,0.0037,0.0105,7.3
0.3,-0.0143,0.0022,-0.0023,0.0105,7.4
0.301,0.018,0.0022,0.003,0.0105,7.5
0.302,0.0427,-0.0008,0.0015,0.0067,7.6
0.303,0.0405,-0.0105,0.0015,-0.0015,7.6
0.304,0.033,-0.0128,-0.0046,-0.0083,7.7
0.305,0.0307,-0.0083,-0.0315,-0.0105,7.7
0.306,0.0405,0.0007,-0.0495,-0.0046,7.8
0.307,0.063,0.003,-0.0465,-0.0008,7.9
0.308,0.0727,-0.0053,-0.03,-0.0008,7.9
0.309,0.0697,-0.0083,-0.0091,-0.0015,8.0
0.31,0.0525,-0.006,0.0225,-0.0068,8.1
0.311,0.0142,-0.0053,0.0427,-0.0068,8.1
0.312,-0.0195,-0.0046,0.0517,-0.0046,8.2
0.313,-0.0308,0.0022,0.042,-0.003,8.2
0.314,-0.0181,0.0082,-0.0008,-0.0038,8.3
0.315,0.0067,0.003,-0.0091,-0.0046,8.4
0.316,0.0015,-0.0068,0.0165,-0.006,8.4
0.317,-0.0181,-0.0083,0.0532,-0.0053,8.5
0.318,-0.0308,-0.0053,0.0892,-0.0038,8.5
0.319,-0.0405,-0.0053,0.0825,-0.0068,8.6
0.32,-0.0405,-0.003,0.0562,-0.0083,8.7
0.321,-0.0465,-0.0083,0.039,-0.0091,8.7
0.322,-0.0398,-0.0188,0.0255,-0.0105,8.6
0.323,-0.0203,-0.0203,0.0172,-0.0083,8.5
0.324,-0.0165,-0.012,0.0232,-0.0046,8.5
0.325,-0.0158,-0.0038,0.0367,-0.0008,8.5
0.326,-0.0158,0.0052,0.0352,0.003,8.4
0.327,-0.0105,0.009,0.0337,0.0045,8.3
0.328,0.0082,0.0082,0.018,0.0015,8.3
0.329,0.0352,0.0105,-0.0068,-0.0008,8.2
0.33,0.0322,0.0082,-0.0188,-0.006,8.1
0.331,0.0082,0.0045,-0.024,-0.0098,8.1
0.332,0.0015,0.0052,-0.0225,-0.0068,8.1
0.333,0.0075,0.0082,-0.0203,-0.0053,8.0
0.334,0.0195,0.0067,-0.0165,-0.0046,8.0
0.335,0.0187,0.0045,-0.0008,-0.003,7.9
0.336,-0.0008,0.0037,0.0187,-0.0015,7.8
0.337,-0.0195,0.0015,0.018,-0.0038,7.8
0.338,-0.024,-0.0008,0.0007,-0.0068,7.7
0.339,-0.0315,-0.003,-0.0165,-0.0008,7.6
0.34,-0.0405,-0.0008,-0.0195,0.0067,7.6
0.341,-0.0368,-0.0023,-0.003,0.0127,7.6
0.342,-0.0248,-0.0023,-0.0023,0.0217,7.6
0.343,-0.021,-0.0023,-0.0015,0.0285,7.6
0.344,-0.0308,-0.0038,-0.0068,0.0292,7.6
0.345,-0.027,-0.0023,-0.027,0.0232,7.7
0.346,-0.0256,-0.003,-0.0293,0.015,7.7
0.347,-0.0225,0.0,-0.0248,0.012,7.7
0.348,-0.0091,0.003,-0.0188,0.006,7.8
0.349,-0.0015,0.0045,-0.0158,0.003,7.8
0.35,0.021,0.0082,-0.0158,0.0015,7.8
0.351,0.0442,0.0082,-0.024,-0.003,7.9
0.352,0.054,0.0105,-0.033,-0.0046,7.9
0.353,0.0517,0.009,-0.033,-0.0075,7.9
0.354,0.0442,0.003,-0.0285,-0.012,7.9
0.355,0.039,-0.0053,-0.0248,-0.0165,8.0
0.356,0.0352,-0.0053,-0.0346,-0.0143,8.0
0.357,0.0255,-0.0015,-0.0428,-0.0105,8.0
0.358,-0.0015,-0.0015,-0.0353,-0.012,8.1
0.359,-0.0256,0.0045,-0.024,-0.0098,8.1
0.36,-0.024,0.0075,-0.0203,-0.0053,8.1
0.361,-0.0053,0.0075,-0.0165,-0.003,8.2
0.362,0.0127,0.0097,-0.012,-0.0023,8.3
0.363,0.0367,0.0067,-0.0023,-0.0046,8.4
0.364,0.0592,-0.0015,0.0045,-0.0091,8.5
0.365,0.0502,-0.0046,-0.0068,-0.012,8.6
0.366,0.0315,0.0015,-0.0165,-0.0083,8.7
0.367,0.003,0.0097,-0.0195,-0.0068,8.8
0.368,-0.0135,0.0037,-0.0353,-0.0098,8.9
0.369,-0.003,-0.0091,-0.057,-0.012,9.0
0.37,0.0045,-0.0098,-0.075,-0.0091,9.1
0.371,0.0112,-0.003,-0.0668,-0.0053,9.2
0.372,0.0045,0.0052,-0.0593,-0.003,9.4
0.373,0.0112,0.009,-0.057,-0.003,9.4
0.374,0.0277,0.012,-0.0428,-0.003,9.5
0.375,0.0232,0.0112,-0.042,-0.006,9.7
0.376,0.0082,0.003,-0.0278,-0.006,9.8
0.377,0.0015,-0.0023,-0.0046,-0.0053,9.9
0.378,0.0045,-0.0023,0.0255,-0.0038,9.9
0.379,0.0007,-0.0046,0.0367,-0.0015,10.1
0.38,0.0015,-0.0091,0.0322,0.0015,10.2
0.381,-0.0015,-0.0083,0.0442,0.0052,10.3
0.382,-0.0083,-0.0023,0.0442,0.0082,10.3
0.383,-0.0105,0.003,0.0495,0.0105,10.4
0.384,-0.0128,0.0082,0.048,0.0097,10.5
0.385,-0.0091,0.0105,0.0405,0.0052,10.6
0.386,-0.0038,0.0045,0.039,0.0,10.7
0.387,-0.003,-0.0083,0.0442,-0.003,10.7
0.388,-0.0105,-0.0113,0.0577,-0.0023,10.8
0.389,-0.0165,-0.0075,0.06,-0.0008,10.9
0.39,-0.024,-0.0046,0.0547,0.0,11.0
0.391,-0.021,-0.003,0.0382,0.0007,11.1
0.392,-0.0158,0.0007,0.0217,0.0015,11.2
0.393,-0.0158,0.0015,0.0067,0.0015,11.2
0.394,-0.0135,-0.003,-0.0053,0.0,11.3
0.395,-0.0165,-0.0046,-0.0128,0.0,11.4
0.396,-0.0195,-0.0015,-0.0128,0.0007,11.5
0.397,-0.0285,-0.0008,-0.0068,0.003,11.6
0.398,-0.0346,0.0007,-0.003,0.003,11.6
0.399,-0.0308,-0.0008,-0.0015,0.0022,11.7
0.4,-0.024,-0.0046,0.0007,0.0022,11.8
0.401,-0.012,-0.0046,0.0007,0.0,11.7
0.402,-0.0008,-0.0015,-0.006,0.0007,11.7
0.403,0.0105,-0.0015,-0.0083,0.0,11.6
0.404,0.0202,0.0007,-0.0091,-0.003,11.5
0.405,0.0307,0.0045,-0.0038,-0.0008,11.5
0.406,0.0345,0.0045,0.012,0.0007,11.4
0.407,0.0382,0.0022,0.0195,0.0015,11.3
0.408,0.0382,0.0007,0.0247,-0.0008,11.2
0.409,0.0217,0.0007,0.0247,-0.0008,11.2
0.41,0.0135,-0.0008,0.0195,-0.0008,11.1
0.411,0.0075,-0.003,0.0157,-0.0008,11.0
0.412,0.0007,-0.0023,0.0097,-0.0015,10.9
0.413,-0.0008,-0.0015,0.003,-0.0023,10.9
0.414,-0.003,-0.0008,-0.0008,-0.003,10.8
0.415,-0.0053,0.0,-0.006,-0.0046,10.7
0.416,-0.012,-0.0008,-0.0083,-0.003,10.7
0.417,-0.021,0.0007,-0.0053,-0.0023,10.6
0.418,-0.0256,0.0007,-0.0068,-0.0023,10.5
0.419,-0.0203,-0.0015,-0.0068,-0.003,10.4
0.42,-0.0158,0.0007,-0.0128,-0.003,10.3
0.421,-0.0083,0.0015,-0.0158,-0.0023,10.3
0.422,-0.0008,0.0015,-0.0203,-0.003,10.3
0.423,0.0045,0.0015,-0.0346,-0.003,10.3
0.424,0.015,0.0052,-0.0368,-0.003,10.3
0.425,0.0195,0.003,-0.021,0.0,10.2
0.426,0.018,-0.0015,-0.0008,0.0045,10.2
0.427,0.0142,0.0,0.0165,0.0052,10.2
0.428,0.015,0.0,0.0195,0.0045,10.2
0.429,0.0127,0.0015,0.018,0.0037,10.1
0.43,-0.0046,0.0037,0.021,0.0052,10.1
0.431,-0.0181,0.003,0.024,0.0037,10.1
0.432,-0.0143,0.0,0.0322,0.0015,10.0
0.433,-0.0203,-0.0098,0.0292,-0.0008,10.0
0.434,-0.0278,-0.0113,0.0247,-0.0015,10.0
0.435,-0.0158,-0.0053,0.0277,0.0022,10.0
0.436,-0.0075,-0.0053,0.0255,0.0022,9.9
0.437,0.0052,-0.0068,0.0165,0.0037,9.9
0.438,0.021,-0.0113,0.0052,0.0045,9.9
0.439,0.0195,-0.015,0.0015,0.0045,9.9
0.44,0.0195,-0.0113,0.0142,0.0075,9.8
0.441,0.0142,-0.0091,0.033,0.0067,9.9
0.442,-0.0068,-0.0143,0.0465,0.0082,10.0
0.443,-0.0293,-0.0143,0.0562,0.0127,10.1
0.444,-0.0338,-0.0083,0.0592,0.0157,10.2
0.445,-0.0233,-0.0015,0.0615,0.0165,10.3
0.446,-0.0143,-0.0015,0.0532,0.0135,10.3
0.447,-0.0105,-0.0015,0.0345,0.0127,10.4
0.448,-0.012,-0.003,0.033,0.012,10.5
0.449,-0.0105,-0.0068,0.0307,0.012,10.6
0.45,-0.0083,-0.0068,0.0292,0.0112,10.7
0.451,-0.0143,-0.0083,0.0307,0.0075,10.8
0.452,-0.024,-0.0083,0.027,0.0067,10.9
0.453,-0.0218,-0.0083,0.0217,0.0082,11.0
0.454,-0.0218,-0.0075,0.0217,0.0097,11.1
0.455,-0.0181,-0.0046,0.0135,0.0075,11.2
0.456,0.003,-0.0038,0.0105,0.0045,11.3
0.457,0.0307,-0.0023,0.0262,0.006,11.4
0.458,0.039,0.0007,0.0195,0.0022,11.5
0.459,0.0285,0.003,0.0007,0.0015,11.6
0.46,0.018,0.0045,-0.015,0.0,11.7
0.461,0.003,0.003,-0.0353,-0.0038,11.7
0.462,-0.012,0.0045,-0.0458,-0.003,11.7
0.463,-0.0181,0.0097,-0.0555,-0.003,11.8
0.464,-0.0143,0.0127,-0.0615,-0.003,11.8
0.465,-0.0083,0.0165,-0.0653,-0.0068,11.9
0.466,-0.0046,0.012,-0.0683,-0.012,11.9
0.467,-0.0135,0.003,-0.0743,-0.0135,12.0
0.468,-0.0368,-0.0008,-0.0735,-0.0135,12.0
0.469,-0.0353,0.0015,-0.0721,-0.0105,12.1
0.47,-0.0128,0.009,-0.0788,-0.0098,12.1
0.471,0.0172,0.0112,-0.078,-0.0105,12.1
0.472,0.042,0.0135,-0.0773,-0.0105,12.2
0.473,0.0532,0.0157,-0.0698,-0.0098,12.2
0.474,0.0577,0.0127,-0.0578,-0.012,12.3
0.475,0.054,0.012,-0.0383,-0.0128,12.3
0.476,0.0517,0.0112,-0.0105,-0.0113,12.4
0.477,0.0555,0.009,0.0007,-0.012,12.4
0.478,0.0585,0.0052,-0.0053,-0.0135,12.5
0.479,0.0495,0.006,-0.0203,-0.0143,12.5
0.48,0.0367,0.0045,-0.0233,-0.012,12.6
0.481,0.0285,0.0037,-0.0233,-0.0083,12.6
0.482,0.027,0.006,-0.0315,-0.0053,12.6
0.483,0.024,0.0075,-0.0308,-0.0038,12.6
0.484,0.012,0.0052,-0.03,-0.0053,12.6
0.485,0.0037,0.0015,-0.0263,-0.0083,12.5
0.486,-0.0053,0.0,-0.0248,-0.0091,12.5
0.487,-0.0091,-0.0008,-0.0278,-0.0105,12.5
0.488,-0.0068,-0.0008,-0.024,-0.0075,12.5
0.489,-0.0083,0.0007,-0.0248,-0.0053,12.5
0.49,-0.0068,0.0037,-0.0256,-0.0053,12.4
0.491,-0.003,0.0045,-0.024,-0.0068,12.4
0.492,-0.003,0.0045,-0.0218,-0.0046,12.4
0.493,-0.0075,0.0052,-0.0173,-0.0046,12.4
0.494,-0.0068,0.0037,-0.0128,-0.0046,12.4
0.495,-0.0091,0.0022,-0.0068,0.0007,12.4
0.496,-0.0105,0.0007,0.0,0.0007,12.3
0.497,-0.0105,-0.0008,0.003,0.0007,12.3
0.498,-0.0135,-0.0046,0.0037,0.0,12.3
0.499,-0.0135,-0.0053,0.009,0.0,12.3
0.5,-0.0128,-0.0053,0.0112,0.0007,12.2
0.501,-0.006,-0.0038,0.006,0.0007,12.2
0.502,0.0,-0.0008,0.012,0.003,12.2
0.503,0.0067,0.0022,0.018,0.0037,12.1
0.504,0.0142,0.0052,0.0172,0.003,12.1
0.505,0.0225,0.0052,0.0217,0.0037,12.1
0.506,0.0262,0.0052,0.03,0.003,12.0
0.507,0.0195,0.0045,0.0345,0.0007,12.0
0.508,0.0097,0.003,0.033,-0.0008,11.9
0.509,-0.0008,0.0022,0.0292,0.0007,11.9
0.51,-0.0075,0.0007,0.0232,0.0015,11.8
0.511,-0.0173,-0.0038,0.0142,0.0015,11.7
0.512,-0.0218,-0.006,0.0105,-0.0008,11.7
0.513,-0.0195,-0.0068,0.009,-0.0008,11.7
0.514,-0.0181,-0.0091,0.0097,0.0007,11.6
0.515,-0.0158,-0.0105,0.012,0.0007,11.6
0.516,-0.0158,-0.0091,0.012,0.0015,11.5
0.517,-0.0158,-0.0075,0.015,0.0015,11.5
0.518,-0.0165,-0.0053,0.0195,0.0022,11.4
0.519,-0.0143,-0.006,0.0217,0.0037,11.4
0.52,-0.0135,-0.0075,0.0247,0.006,11.3
0.521,-0.0181,-0.0098,0.0307,0.0067,11.3
0.522,-0.0195,-0.0105,0.027,0.0052,11.2
0.523,-0.0173,-0.0083,0.0157,0.0037,11.2
0.524,-0.0105,-0.0053,0.0082,0.0015,11.2
0.525,-0.0075,-0.0015,-0.0083,-0.0015,11.2
0.526,0.0,0.0015,-0.0263,-0.0053,11.1
0.527,0.009,0.0052,-0.0368,-0.0068,11.1
0.528,0.0157,0.0082,-0.0458,-0.006,11.1
0.529,0.027,0.0075,-0.0495,-0.0083,11.0
0.53,0.0315,0.0075,-0.0511,-0.0075,11.0
0.531,0.033,0.0067,-0.0436,-0.0053,11.0
0.532,0.027,0.006,-0.0346,-0.0038,10.9
0.533,0.018,0.003,-0.0278,-0.0053,10.9
0.534,0.0082,0.0007,-0.0203,-0.0053,10.9
0.535,-0.0008,0.0022,-0.0181,-0.0053,10.8
0.536,0.0015,0.0007,-0.0181,-0.006,10.8
0.537,0.0,0.0015,-0.0218,-0.0038,10.7
0.538,-0.0015,0.003,-0.0195,-0.0038,10.7
0.539,-0.0008,0.003,-0.0158,-0.003,10.7
0.54,-0.0015,0.0037,-0.0165,-0.0008,10.6
0.541,0.0007,0.003,-0.015,-0.0008,10.6
0.542,-0.0015,0.003,-0.0083,0.0007,10.6
0.543,-0.0015,0.003,-0.0075,0.0015,10.6
0.544,-0.0008,0.0,-0.006,0.0022,10.6
0.545,-0.0015,-0.0015,0.003,0.003,10.6
0.546,-0.003,-0.003,0.0075,0.0045,10.5
0.547,-0.0068,-0.0046,0.018,0.0067,10.5
0.548,-0.0105,-0.0068,0.024,0.006,10.5
0.549,-0.0143,-0.006,0.0255,0.0052,10.5
0.55,-0.0128,-0.0068,0.0277,0.0045,10.4
0.551,-0.0113,-0.0068,0.0285,0.003,10.4
0.552,-0.0143,-0.0068,0.0345,0.0052,10.4
0.553,-0.0143,-0.0083,0.0367,0.0082,10.4
0.554,-0.0143,-0.0075,0.0412,0.006,10.4
0.555,-0.0143,-0.0091,0.0412,0.0045,10.3
0.556,-0.0105,-0.0091,0.0367,0.0037,10.3
0.557,-0.0105,-0.0083,0.036,0.003,10.3
0.558,-0.0083,-0.0075,0.033,0.003,10.3
0.559,-0.0068,-0.0068,0.0255,0.0015,10.3
0.56,-0.006,-0.0046,0.0195,-0.0008,10.2
0.561,-0.0046,-0.003,0.018,-0.0015,10.2
0.562,-0.0046,-0.003,0.0157,-0.0008,10.2
0.563,-0.003,-0.0023,0.0157,-0.0008,10.2
0.564,-0.0046,-0.003,0.0187,0.0015,10.2
0.565,-0.0068,-0.0008,0.0217,0.003,10.2
0.566,-0.0075,-0.0015,0.0232,0.0022,10.2
0.567,-0.0046,-0.0008,0.0255,0.003,10.2
0.568,-0.0015,-0.0015,0.0262,0.003,10.2
0.569,-0.003,-0.0023,0.0255,0.0022,10.2
0.57,-0.0015,-0.0015,0.021,0.0015,10.2
0.571,-0.0015,-0.003,0.018,-0.0008,10.2
0.572,-0.0038,-0.0015,0.0165,-0.0008,10.2
0.573,-0.0046,-0.0023,0.015,-0.0023,10.2
0.574,-0.0038,-0.003,0.0105,-0.0023,10.2
0.575,-0.0015,-0.0015,0.012,-0.0008,10.2
0.576,-0.0046,-0.003,0.0165,0.0007,10.2
0.577,-0.0053,-0.003,0.0142,0.0015,10.2
0.578,-0.0038,-0.0015,0.012,0.0007,10.2
0.579,0.0,0.0007,0.0105,0.0007,10.2
0.58,0.003,-0.0015,0.0052,-0.0008,10.2
0.581,0.003,0.0007,-0.0008,-0.0023,10.2
0.582,0.0045,0.0015,-0.0015,-0.0008,10.2
0.583,0.0037,0.0,-0.003,-0.0015,10.2
0.584,0.0067,0.0007,-0.0053,-0.0023,10.2
0.585,0.0105,0.0,-0.0068,-0.0015,10.2
0.586,0.0105,0.0015,-0.0105,-0.0015,10.1
0.587,0.0105,0.003,-0.0188,-0.0038,10.1
0.588,0.0112,0.003,-0.0233,-0.006,10.1
0.589,0.0127,0.0037,-0.021,-0.0068,10.1
0.59,0.0127,0.003,-0.0188,-0.0046,10.0
0.591,0.0082,0.003,-0.0143,-0.0023,10.0
0.592,0.0052,0.0045,-0.0135,-0.0015,10.0
0.593,0.0007,0.0045,-0.012,-0.003,10.0
0.594,0.0022,0.003,-0.012,-0.003,10.0
0.595,0.0015,0.003,-0.012,-0.003,9.9
0.596,0.0015,0.0037,-0.0091,-0.0015,9.9
0.597,0.003,0.0037,-0.0075,-0.0008,9.9
0.598,0.0015,0.003,-0.0053,0.0007,9.9
0.599,0.0037,0.0037,-0.0091,-0.0008,9.9
0.6,0.003,0.0022,-0.0098,-0.0008,9.8
0.601,0.003,0.0015,-0.0105,-0.0015,9.8
0.602,0.0045,0.0015,-0.0135,-0.0015,9.8
0.603,0.0052,0.003,-0.0128,-0.0015,9.7
0.604,0.0045,0.0037,-0.0135,-0.0015,9.7
0.605,0.0045,0.0037,-0.0158,-0.0023,9.7
0.606,0.0075,0.003,-0.0188,-0.003,9.6
0.607,0.0052,0.0007,-0.0188,-0.0015,9.6
0.608,0.0052,0.0015,-0.0158,-0.0023,9.5
0.609,0.0015,0.0007,-0.0105,-0.0008,9.5
0.61,0.0007,-0.0015,-0.0083,0.0015,9.4
0.611,0.0007,-0.0015,-0.0046,-0.0008,9.4
0.612,-0.003,-0.0008,-0.003,-0.0015,9.4
0.613,-0.0015,0.0,-0.0015,0.0,9.4
0.614,-0.0015,-0.003,0.003,0.0,9.3
0.615,-0.0023,-0.0046,0.0105,0.0007,9.3
0.616,-0.0046,-0.006,0.0187,0.0022,9.2
0.617,-0.0068,-0.0053,0.021,0.0015,9.2
0.618,-0.0053,-0.0046,0.0195,0.003,9.2
0.619,-0.0046,-0.0068,0.018,0.0007,9.1
0.62,-0.003,-0.0046,0.0127,0.0,9.0
0.621,-0.006,-0.0015,0.0105,0.0015,9.0
0.622,-0.0068,-0.0015,0.012,-0.0008,9.0
0.623,-0.0046,-0.003,0.0067,-0.0015,9.0
0.624,-0.0008,-0.0015,-0.0008,-0.003,9.0
0.625,0.0082,0.003,-0.024,-0.0068,8.9
0.626,0.0165,0.0052,-0.024,-0.0046,8.9
0.627,0.0112,-0.003,0.0157,0.0045,8.8
0.628,0.0007,-0.0075,0.024,0.0045,8.8
0.629,0.0007,-0.006,0.0225,0.0022,8.8
0.63,-0.0008,-0.0046,0.015,0.003,8.7
0.631,0.0007,-0.0046,0.015,0.0045,8.7
0.632,-0.0023,-0.006,0.0255,0.0045,8.6
0.633,-0.003,-0.0046,0.0157,0.0022,8.6
0.634,-0.0015,-0.003,0.0112,0.0015,8.6
0.635,-0.0023,-0.0023,0.0037,0.0007,8.5
0.636,-0.0015,-0.0015,0.0127,0.0015,8.5
0.637,-0.0053,-0.0015,0.006,-0.0015,8.5
0.638,-0.003,0.0007,-0.0015,-0.003,8.5
0.639,-0.003,0.0007,-0.003,-0.0015,8.4
0.64,-0.003,0.0015,-0.0091,0.0007,8.3
0.641,-0.0015,0.0007,0.0045,0.0037,8.3
0.642,-0.0023,0.0007,-0.0008,0.0015,8.3
0.643,-0.0015,-0.0008,0.0052,0.0015,8.3
0.644,-0.003,0.0007,0.009,0.0022,8.2
0.645,-0.0038,0.0007,0.0045,0.0015,8.2
0.646,-0.003,-0.0008,0.0045,0.0015,8.1
0.647,-0.0008,0.0015,0.0015,0.0,8.1
0.648,0.0007,0.0007,0.003,-0.0008,8.1
0.649,-0.0015,0.0015,0.006,0.0007,8.1
0.65,-0.0023,-0.0008,0.0127,0.003,8.0
0.651,-0.0053,-0.0015,0.0127,0.003,8.0
0.652,-0.0075,-0.0008,0.0105,0.003,7.9
0.653,-0.0068,0.0007,0.0082,0.0037,7.9
0.654,-0.0053,0.0,0.0127,0.0037,7.9
0.655,-0.0046,-0.0046,0.0165,0.0037,7.8
0.656,-0.0053,-0.0053,0.0195,0.0045,7.8
0.657,-0.0068,-0.0053,0.0172,0.003,7.7
0.658,-0.0053,-0.0015,0.012,0.0037,7.7
0.659,-0.0046,0.0007,0.0135,0.003,7.7
0.66,-0.0053,-0.0015,0.012,0.0007,7.6
0.661,-0.0046,-0.003,0.012,0.0015,7.6
0.662,-0.0038,-0.0046,0.0135,0.0007,7.6
0.663,-0.003,-0.0046,0.0127,0.0007,7.6
0.664,-0.0015,-0.0023,0.0105,0.0015,7.6
0.665,0.0007,-0.0023,0.0082,0.003,7.5
0.666,0.0,-0.0015,0.0105,0.003,7.5
0.667,-0.0015,-0.0038,0.0135,0.0015,7.5
0.668,-0.0008,-0.0053,0.0157,0.0022,7.5
0.669,0.0007,-0.0053,0.0105,0.0015,7.4
0.67,0.0007,-0.003,0.0007,-0.0015,7.4
0.671,0.0045,-0.0015,-0.0015,-0.0023,7.4
0.672,0.0022,-0.0015,-0.0008,-0.0023,7.3
0.673,0.0015,0.0,-0.0023,-0.003,7.3
0.674,0.0015,0.0,-0.003,-0.003,7.3
0.675,-0.0015,-0.0008,-0.0008,-0.0008,7.3
0.676,-0.0008,0.0,0.0,0.0007,7.2
0.677,-0.0008,-0.0008,0.0037,0.0,7.2
0.678,-0.0015,-0.0015,0.006,-0.0008,7.2
0.679,0.0007,-0.0015,0.0015,-0.0008,7.2
0.68,0.0022,0.0015,-0.003,-0.0008,7.1
0.681,0.0015,0.003,-0.006,-0.003,7.1
0.682,0.0015,0.0,-0.0053,-0.0023,7.1
0.683,0.003,0.0,-0.0053,-0.003,7.1
0.684,0.003,0.0007,-0.003,-0.0015,7.1
0.685,0.003,0.0015,0.0022,0.0015,7.1
0.686,-0.0008,0.0015,0.0067,0.0007,7.1
0.687,0.0015,0.0015,0.0067,0.0007,7.0
0.688,0.0015,0.0015,0.003,-0.0008,7.0
0.689,0.0015,-0.0008,0.0045,0.0015,7.0
0.69,0.0022,-0.0023,0.0045,0.0015,7.0
0.691,-0.0015,-0.0015,0.0037,0.0007,7.0
0.692,-0.003,0.0,0.0052,0.0007,6.9
0.693,-0.0015,-0.0008,0.0067,0.0,6.9
0.694,-0.0015,0.0,0.0082,0.0007,6.9
0.695,-0.003,-0.0015,0.0075,-0.0008,6.9
0.696,-0.0015,-0.0023,0.006,0.0015,6.9
0.697,0.0,-0.0015,0.0045,0.0007,6.8
0.698,0.0007,-0.003,0.0007,0.0,6.8
0.699,0.0015,-0.0008,0.0,0.0015,6.8
0.7,0.003,-0.0008,0.0045,0.0007,6.7
0.701,0.0015,-0.003,0.0045,0.0007,6.7
0.702,-0.0008,-0.0015,0.0045,0.0,6.7
0.703,-0.0008,-0.0008,0.0045,0.0015,6.7
0.704,-0.0015,0.0,-0.0015,0.0007,6.7
0.705,0.0015,0.0,-0.0038,0.0,6.7
0.706,0.0015,-0.0008,-0.0008,0.0007,6.7
0.707,-0.0008,-0.0008,-0.0046,-0.0008,6.7
0.708,0.0015,-0.0015,-0.0075,-0.0015,6.7
0.709,0.0007,0.0007,-0.0098,-0.003,6.7
0.71,0.0015,0.0007,-0.0128,-0.0015,6.6
0.711,0.003,0.0,-0.0091,-0.0008,6.6
0.712,0.0022,0.0015,-0.0046,0.0007,6.6
0.713,0.0007,-0.0008,-0.0015,0.0015,6.6
0.714,-0.0008,0.0007,0.0007,0.0007,6.6
0.715,0.0,0.0022,-0.0015,0.0007,6.6
0.716,0.003,0.003,-0.0068,0.0007,6.5
0.717,0.0045,0.003,-0.0165,-0.0038,6.5
0.718,0.0067,0.0067,-0.0308,-0.0053,6.5
0.719,0.0135,0.009,-0.0405,-0.0068,6.5
0.72,0.0157,0.0105,-0.045,-0.0075,6.4
0.721,0.0157,0.0112,-0.0458,-0.0083,6.4
0.722,0.0172,0.0105,-0.0503,-0.012,6.4
0.723,0.0187,0.0142,-0.057,-0.0158,6.4
0.724,0.0202,0.0127,-0.0623,-0.0158,6.4
0.725,0.0232,0.012,-0.0653,-0.0158,6.4
0.726,0.0217,0.0105,-0.0668,-0.0181,6.4
0.727,0.0225,0.006,-0.0721,-0.0173,6.4
0.728,0.0217,0.0052,-0.0668,-0.0143,6.3
0.729,0.0202,0.0052,-0.0593,-0.012,6.3
0.73,0.0202,0.0067,-0.0495,-0.0091,6.3
0.731,0.0165,0.0082,-0.0473,-0.0083,6.3
0.732,0.018,0.0082,-0.054,-0.0091,6.3
0.733,0.0195,0.0082,-0.0495,-0.0068,6.3
0.734,0.0172,0.0082,-0.0495,-0.006,6.3
0.735,0.018,0.0082,-0.048,-0.006,6.3
0.736,0.0157,0.009,-0.0488,-0.0053,6.2
0.737,0.0157,0.0097,-0.0488,-0.0053,6.2
0.738,0.0135,0.009,-0.042,-0.0038,6.2
0.739,0.0097,0.0097,-0.039,-0.0015,6.2
0.74,0.0082,0.0082,-0.033,-0.0023,6.1
0.741,0.0067,0.006,-0.0256,0.0,6.1
0.742,0.0052,0.003,-0.0181,0.0015,6.1
0.743,0.003,0.0015,-0.0091,0.0015,6.1
0.744,-0.0008,0.0007,-0.0008,0.0,6.1
0.745,-0.0015,-0.0015,0.003,0.0015,6.1
0.746,-0.0023,-0.0015,0.003,0.0037,6.1
0.747,-0.006,-0.003,0.0045,0.0037,6.1
0.748,-0.0083,-0.003,0.009,0.0037,6.1
0.749,-0.0083,-0.0015,0.0142,0.0022,6.1
0.75,-0.0075,-0.0008,0.0112,0.0015,6.1
0.751,-0.0053,-0.0008,0.0082,0.0007,6.1
0.752,-0.0068,-0.0023,0.0045,0.0007,6.1
0.753,-0.0046,-0.0015,-0.0008,0.0007,6.0
0.754,-0.003,-0.0008,-0.0008,0.0,6.0
0.755,-0.0015,-0.0015,-0.0008,0.0,6.0
0.756,-0.0008,-0.0015,0.0045,0.0007,6.0
0.757,-0.003,-0.0015,0.0075,0.0,6.0
0.758,-0.003,-0.0008,0.0097,0.0,6.0
0.759,-0.003,-0.0015,0.0127,0.0007,6.0
0.76,-0.006,-0.003,0.0127,0.0007,5.9
0.761,-0.0083,-0.0038,0.018,0.0007,5.9
0.762,-0.0105,-0.0046,0.0217,0.0022,5.9
0.763,-0.0105,-0.0068,0.0262,0.0045,5.9
0.764,-0.0091,-0.0068,0.0307,0.0052,5.9
0.765,-0.0083,-0.0053,0.0292,0.0037,5.9
0.766,-0.0083,-0.0075,0.0315,0.0045,5.9
0.767,-0.0083,-0.0075,0.0322,0.0052,5.9
0.768,-0.0091,-0.0053,0.0292,0.0045,5.9
0.769,-0.0105,-0.0046,0.0277,0.003,5.9
0.77,-0.0091,-0.0053,0.024,0.003,5.9
0.771,-0.0083,-0.0046,0.024,0.003,5.9
0.772,-0.0098,-0.003,0.0255,0.003,5.9
0.773,-0.0091,-0.0038,0.0255,0.0037,5.9
0.774,-0.0091,-0.0053,0.024,0.0045,5.9
0.775,-0.0068,-0.0046,0.0202,0.0045,5.9
0.776,-0.0068,-0.0023,0.0165,0.0045,5.9
0.777,-0.0068,-0.0038,0.0165,0.0045,5.8
0.778,-0.0046,-0.0053,0.0217,0.0022,5.8
0.779,-0.0038,-0.0053,0.0232,0.0015,5.8
0.78,-0.003,-0.0053,0.0255,0.0007,5.8
0.781,-0.0053,-0.0046,0.0292,0.003,5.8
0.782,-0.0091,-0.0046,0.0292,0.0052,5.8
0.783,-0.0105,-0.0053,0.0315,0.0037,5.8
0.784,-0.012,-0.0083,0.0322,0.0037,5.8
0.785,-0.0098,-0.0068,0.03,0.0052,5.8
0.786,-0.0091,-0.0053,0.0277,0.0052,5.8
0.787,-0.0083,-0.0046,0.0232,0.0067,5.8
0.788,-0.0068,-0.0015,0.021,0.0082,5.8
0.789,-0.0068,-0.0008,0.0195,0.009,5.8
0.79,-0.006,0.0007,0.0187,0.0097,5.8
0.791,-0.0068,0.0007,0.0217,0.0127,5.8
0.792,-0.0068,-0.0015,0.0232,0.0127,5.8
0.793,-0.0053,-0.0015,0.0255,0.006,5.8
0.794,-0.0046,-0.0015,0.0277,0.0015,5.8
0.795,-0.0023,-0.0068,0.0262,-0.0015,5.9
0.796,-0.0015,-0.0083,0.021,-0.0046,5.9
0.797,-0.0023,-0.006,0.018,-0.003,5.9
0.798,-0.0046,-0.0075,0.018,-0.0046,5.9
0.799,-0.003,-0.0068,0.0165,-0.0075,5.9
0.8,-0.0015,-0.0068,0.012,-0.0083,5.9
0.801,-0.0015,-0.0046,0.0082,-0.0083,5.9
0.802,0.0007,-0.0046,0.0045,-0.0105,5.9
0.803,0.0045,-0.003,0.0007,-0.0113,5.9
0.804,0.0067,-0.0015,-0.0038,-0.012,5.9
0.805,0.0045,-0.0015,-0.0098,-0.0113,5.9
0.806,0.003,0.0007,-0.0158,-0.0068,5.9
0.807,0.0022,0.0015,-0.0128,-0.003,5.9
0.808,0.0015,0.0007,-0.0083,-0.0008,5.9
0.809,0.0037,0.0015,-0.0075,0.0022,5.9
0.81,0.0052,-0.0008,-0.0075,-0.0008,5.9
0.811,0.0045,0.0015,-0.0083,-0.0015,5.9
0.812,0.0015,0.0037,-0.0046,-0.0015,5.9
0.813,0.0015,0.003,-0.0091,-0.006,5.9
0.814,0.0037,0.006,-0.0173,-0.006,5.9
0.815,0.0037,0.0075,-0.012,-0.003,6.0
0.816,0.003,0.003,-0.003,0.0015,6.0
0.817,-0.0015,-0.0015,0.0045,0.0075,6.0
0.818,-0.0046,-0.0015,0.009,0.012,6.0
0.819,-0.0038,0.0,0.0082,0.0112,6.0
0.82,-0.0053,0.0007,0.009,0.006,6.0
0.821,-0.0053,-0.0015,0.0105,0.006,6.0
0.822,-0.0046,-0.0075,0.012,0.0067,6.0
0.823,-0.0068,-0.0098,0.0157,0.0097,6.0
0.824,-0.0046,-0.006,0.0142,0.0082,6.1
0.825,-0.003,-0.0015,0.009,0.0022,6.1
0.826,-0.0046,0.0007,0.0105,0.0007,6.1
0.827,-0.003,0.0022,0.0127,-0.003,6.1
0.828,-0.0023,0.003,0.0105,-0.0008,6.2
0.829,-0.003,0.0015,0.012,0.003,6.2
0.83,-0.0046,-0.0008,0.012,0.0045,6.2
0.831,-0.0075,-0.003,0.012,0.0105,6.2
0.832,-0.0038,-0.003,0.0105,0.009,6.2
0.833,-0.0008,-0.003,0.0082,0.0052,6.3
0.834,0.0,-0.003,0.0067,0.003,6.3
0.835,0.0037,-0.003,0.0037,0.0007,6.3
0.836,0.0067,-0.0008,0.0015,0.0007,6.3
0.837,0.0067,-0.0008,0.0015,-0.0023,6.3
0.838,0.0052,-0.0015,0.0,-0.0046,6.3
0.839,0.0037,0.0,-0.0023,-0.0068,6.4
0.84,0.0037,-0.0015,0.0007,-0.0083,6.4
0.841,0.0037,-0.0015,-0.0023,-0.0083,6.4
0.842,0.003,-0.0008,-0.0015,-0.006,6.4
0.843,0.0007,0.0007,-0.0015,-0.0068,6.5
0.844,0.0007,0.0007,-0.0015,-0.0046,6.5
0.845,0.0015,-0.0008,0.0022,-0.003,6.5
0.846,0.0007,0.0007,-0.0008,-0.0046,6.6
0.847,-0.0015,0.0007,0.0007,-0.0053,6.6
0.848,-0.0008,-0.0008,0.0015,-0.0046,6.6
0.849,-0.0008,0.0,-0.0015,-0.003,6.6
0.85,-0.0008,-0.0008,-0.003,-0.0015,6.7
0.851,-0.0008,-0.0008,-0.0023,0.0007,6.7
0.852,-0.0008,-0.0008,-0.0046,0.0007,6.7
0.853,0.0007,-0.0008,-0.0075,-0.0008,6.7
0.854,0.0045,0.0022,-0.0091,0.0007,6.7
0.855,0.003,0.0007,-0.0083,0.0015,6.8
0.856,0.0015,-0.0008,-0.0083,0.0045,6.8
0.857,0.0022,0.003,-0.0068,0.006,6.8
0.858,0.0015,0.0022,-0.0105,0.006,6.9
0.859,0.0045,0.0007,-0.0165,0.0015,6.9
0.86,0.006,0.0037,-0.0195,-0.0008,6.9
0.861,0.009,0.003,-0.021,-0.0015,7.0
0.862,0.0097,0.003,-0.0195,-0.0008,7.0
0.863,0.0067,0.0037,-0.0165,-0.0008,7.0
0.864,0.006,0.003,-0.0128,-0.003,7.1
0.865,0.0037,0.0022,-0.012,-0.0053,7.1
0.866,0.0045,0.003,-0.0113,-0.006,7.2
0.867,0.0052,0.0022,-0.012,-0.0053,7.2
0.868,0.0052,0.0007,-0.0135,-0.0038,7.2
0.869,0.0022,0.0007,-0.0143,-0.0046,7.2
0.87,0.003,0.0015,-0.015,-0.0068,7.3
0.871,0.0045,0.0045,-0.0113,-0.0075,7.3
0.872,0.0045,0.0067,-0.0105,-0.0053,7.4
0.873,0.0052,0.0052,-0.0091,-0.0053,7.4
0.874,0.0067,0.0045,-0.0075,-0.0068,7.4
0.875,0.006,0.0037,-0.0053,-0.0053,7.5
0.876,0.003,0.0015,-0.0046,-0.0053,7.5
0.877,0.0022,0.0,-0.0038,-0.0038,7.6
0.878,0.0052,0.0007,-0.0068,-0.0015,7.6
0.879,0.0045,0.0037,-0.006,0.0045,7.6
0.88,0.0052,0.0015,-0.0015,0.012,7.6
0.881,0.003,-0.0008,-0.0068,0.0165,7.7
0.882,0.0052,0.0007,-0.0105,0.0232,7.7
0.883,0.0045,0.003,-0.006,0.0202,7.8
0.884,0.0007,0.0045,-0.0008,0.0187,7.8
0.885,0.0022,0.009,0.0007,0.0195,7.9
0.886,0.0015,0.0105,-0.0015,0.0135,7.9
0.887,0.0022,0.0075,-0.0015,0.0097,7.9
0.888,0.003,0.0037,-0.0015,0.0015,8.0
0.889,0.0,0.0007,-0.0068,-0.0053,8.0
0.89,0.0,-0.003,-0.0075,-0.0083,8.1
0.891,0.0007,-0.0083,-0.0083,-0.0098,8.1
0.892,0.0015,-0.0135,-0.0098,-0.0068,8.1
0.893,0.0022,-0.0143,-0.0128,-0.0165,8.2
0.894,0.0022,-0.0105,-0.0105,-0.0383,8.2
0.895,0.0007,-0.0098,-0.0075,-0.0428,8.3
0.896,0.0015,-0.012,-0.0083,-0.0398,8.3
0.897,-0.0008,-0.0068,-0.0083,-0.0383,8.3
0.898,-0.0023,-0.0053,-0.0105,-0.0308,8.4
0.899,0.0,-0.0068,-0.0083,-0.0256,8.4
0.9,0.0007,-0.006,-0.0083,-0.0203,8.5
0.901,-0.0008,-0.0046,-0.0068,-0.0053,8.5
0.902,0.0,-0.0008,-0.0083,0.0097,8.5
0.903,0.0015,0.0052,-0.0098,0.015,8.6
0.904,0.0045,0.012,-0.0091,0.0112,8.6
0.905,0.0052,0.0142,-0.0105,0.012,8.6
0.906,0.0045,0.0172,-0.0083,0.009,8.7
0.907,0.003,0.0195,-0.0053,0.0045,8.7
0.908,0.0052,0.018,-0.003,0.0105,8.8
0.909,0.003,0.0142,0.003,0.0157,8.8
0.91,0.0007,0.0105,0.0007,0.027,8.9
0.911,-0.0023,0.009,0.0,0.0457,8.9
0.912,-0.0046,0.0,0.0045,0.045,8.9
0.913,-0.0053,-0.0158,0.0045,0.0292,9.0
0.914,-0.0068,-0.03,0.0112,0.0202,9.0
0.915,-0.0046,-0.0361,0.0127,0.0075,9.0
0.916,-0.0023,-0.0353,0.0052,-0.0091,9.1
0.917,-0.0023,-0.03,0.003,-0.03,9.1
0.918,-0.0046,-0.0293,-0.0038,-0.0593,9.1
0.919,-0.0023,-0.0256,-0.0091,-0.0743,9.2
0.92,0.0007,-0.012,-0.0083,-0.0668,9.2
0.921,0.0045,0.0067,-0.0075,-0.0256,9.3
0.922,0.0052,0.0405,-0.0068,0.0277,9.3
0.923,0.0037,0.0667,-0.0068,0.057,9.3
0.924,0.003,0.0495,-0.012,0.054,9.4
0.925,0.0007,0.006,-0.0143,0.033,9.4
0.926,-0.0008,-0.0233,-0.0143,0.0105,9.4
0.927,0.0007,-0.0428,-0.0218,-0.0008,9.4
0.928,0.003,-0.0383,-0.027,0.003,9.5
0.929,0.0067,-0.03,-0.0293,0.021,9.5
0.93,0.0082,-0.0315,-0.0285,0.054,9.6
0.931,0.0075,0.0075,-0.0218,0.0637,9.6
0.932,0.0105,0.0495,-0.0225,0.048,9.6
0.933,0.0105,0.054,-0.0225,0.0427,9.7
0.934,0.009,0.0322,-0.0263,0.039,9.7
0.935,0.006,0.0195,-0.0323,0.018,9.7
0.936,0.0052,-0.0068,-0.033,-0.0361,9.8
0.937,0.0105,-0.0315,-0.033,-0.084,9.8
0.938,0.0157,0.0172,-0.0353,-0.0923,9.8
0.939,0.0202,0.069,-0.0361,-0.0856,9.9
0.94,0.0225,0.0615,-0.0353,-0.0803,9.9
0.941,0.0195,-0.0053,-0.0383,-0.0856,9.9
0.942,0.0127,-0.0548,-0.0405,-0.0848,10.0
0.943,0.0097,-0.0465,-0.039,-0.0691,10.0
0.944,0.0067,-0.0615,-0.0346,-0.0511,10.1
0.945,0.0067,-0.0615,-0.0315,-0.0375,10.1
0.946,0.006,-0.0398,-0.027,-0.0233,10.2
0.947,0.003,0.0007,-0.0218,0.0,10.2
0.948,0.0,0.0855,-0.0203,0.0135,10.3
0.949,-0.0046,0.1485,-0.015,0.0315,10.3
0.95,-0.0068,0.1275,-0.0091,0.042,10.3
0.951,-0.0075,0.0637,-0.0015,0.0382,10.3
0.952,-0.0053,0.039,0.003,0.039,10.4
0.953,-0.0068,0.0517,0.0007,0.021,10.4
0.954,-0.0091,0.057,0.003,-0.0015,10.5
0.955,-0.0053,0.0255,0.0165,-0.015,10.5
0.956,0.0,0.0097,0.03,-0.0195,10.6
0.957,0.0052,0.0052,0.0367,-0.012,10.6
0.958,0.0015,0.0217,0.0382,0.0045,10.7
0.959,-0.0053,0.0382,0.0337,0.0202,10.7
0.96,-0.0091,-0.0046,0.0352,0.0232,10.7
0.961,-0.0135,-0.0578,0.0367,0.009,10.8
0.962,-0.0128,-0.1013,0.0382,-0.0023,10.9
0.963,-0.0128,-0.105,0.0442,0.0157,11.0
0.964,-0.0158,-0.099,0.0427,0.0315,11.1
0.965,-0.0181,-0.0698,0.0465,0.0405,11.1
0.966,-0.0195,-0.0128,0.0532,0.0607,11.2
0.967,-0.0165,0.009,0.054,0.1005,11.3
0.968,-0.0158,0.006,0.0517,0.147,11.3
0.969,-0.0135,0.0067,0.048,0.1545,11.4
0.97,-0.0135,0.0277,0.0442,0.138,11.5
0.971,-0.015,0.0315,0.0405,0.1372,11.6
0.972,-0.015,0.024,0.0382,0.1282,11.7
0.973,-0.0143,0.0105,0.036,0.1005,11.7
0.974,-0.0113,-0.0173,0.0345,0.1177,11.8
0.975,-0.0128,-0.0593,0.0367,0.165,11.9
0.976,-0.012,-0.0998,0.0367,0.1672,11.9
0.977,-0.0135,-0.1418,0.0345,0.1117,12.0
0.978,-0.0165,-0.1785,0.0315,0.036,12.1
0.979,-0.0165,-0.1515,0.0292,-0.0188,12.1
0.98,-0.0158,-0.0825,0.027,-0.0653,12.2
0.981,-0.0165,-0.0128,0.0277,-0.1411,12.3
0.982,-0.0158,0.0247,0.0292,-0.2498,12.5
0.983,-0.0158,0.099,0.0277,-0.2955,12.6
0.984,-0.0165,0.1545,0.0292,-0.2603,12.7
0.985,-0.012,0.1515,0.0315,-0.273,12.8
0.986,-0.0105,0.1845,0.0285,-0.3383,12.9
0.987,-0.0105,0.1612,0.0172,-0.3645,13.0
0.988,-0.012,0.0892,0.0097,-0.3375,13.1
0.989,-0.0105,-0.015,0.0112,-0.3083,13.3
0.99,-0.0083,-0.078,0.012,-0.252,13.4
0.991,-0.0053,-0.0863,0.009,-0.1155,13.5
0.992,0.0007,-0.1006,0.0135,0.0472,13.6
0.993,0.0045,-0.0488,0.0195,0.1515,13.7
0.994,0.0052,-0.0368,0.0202,0.2182,13.8
0.995,0.0067,-0.0375,0.0232,0.2572,13.9
0.996,0.0067,-0.0285,0.0217,0.249,14.0
0.997,0.0075,-0.0308,0.0157,0.2422,14.2
0.998,0.0097,-0.024,0.0105,0.237,14.3
0.999,0.0082,-0.042,0.006,0.228,14.4
1.0,0.0082,-0.0495,0.0,0.2092,14.5
1.001,0.006,-0.063,-0.0083,0.141,14.7
1.002,0.003,-0.0698,-0.0165,0.0307,14.8
1.003,0.0045,-0.0706,-0.024,-0.0923,15.0
1.004,0.003,-0.054,-0.0293,-0.1583,15.2
1.005,0.0007,-0.027,-0.0278,-0.1763,15.3
1.006,-0.0008,-0.0308,-0.0256,-0.195,15.5
1.007,0.0007,-0.0413,-0.0256,-0.1958,15.7
1.008,0.0052,-0.0458,-0.0248,-0.1875,15.8
1.009,0.0142,-0.0008,-0.033,-0.1441,16.0
1.01,0.0217,0.0862,-0.0361,-0.0915,16.2
1.011,0.027,0.0975,-0.021,-0.0383,16.3
1.012,0.0277,0.015,-0.0083,0.0405,16.5
1.013,0.0232,-0.0743,-0.0075,0.1005,16.6
1.014,0.0195,-0.0998,-0.0105,0.1597,16.8
1.015,0.0157,-0.0721,-0.0135,0.177,17.0
1.016,0.0097,-0.048,-0.024,0.1192,17.1
1.017,0.0045,-0.0135,-0.0278,0.0637,17.3
1.018,0.0015,0.0367,-0.0293,0.018,17.5
1.019,0.0007,0.1485,-0.0375,-0.0158,17.6
1.02,0.0045,0.2647,-0.0413,-0.0225,17.8
1.021,0.0097,0.219,-0.0375,-0.0278,18.0
1.022,0.009,0.1312,-0.024,-0.0083,18.3
1.023,0.0052,0.114,-0.0181,0.033,18.4
1.024,0.0052,0.0765,-0.0091,0.0442,18.7
1.025,0.0037,0.0135,-0.0128,0.045,18.9
1.026,0.0067,-0.0233,-0.0263,0.0517,19.1
1.027,0.009,-0.0338,-0.0256,0.0532,19.3
1.028,0.0105,-0.0346,-0.0361,0.048,19.5
1.029,0.0142,-0.0203,-0.0315,0.0465,19.8
1.03,0.012,0.0202,-0.0225,0.048,20.0
1.031,0.009,0.033,-0.015,0.0502,20.2
1.032,0.0067,0.0052,-0.0098,0.0592,20.4
1.033,0.0075,0.0127,-0.0188,0.0697,20.6
1.034,0.0105,0.012,-0.0218,0.069,20.8
1.035,0.0082,-0.0053,-0.0203,0.054,21.1
1.036,0.0067,-0.0083,-0.0128,0.0345,21.3
1.037,0.0052,-0.0218,-0.0068,0.0217,21.5
1.038,0.003,-0.0203,0.0007,0.0045,21.7
1.039,0.0045,-0.0203,0.0,-0.0158,21.9
1.04,0.0052,-0.012,-0.0023,-0.0353,22.1
1.041,0.0045,0.0007,0.003,-0.0465,22.5
1.042,-0.0008,0.0015,0.006,-0.0293,22.7
1.043,-0.0038,0.0075,0.0037,-0.0278,23.0
1.044,-0.0038,0.0007,-0.0008,-0.0443,23.3
1.045,-0.0038,-0.0091,0.0022,-0.0511,23.6
1.046,-0.0038,-0.0225,0.0052,-0.0743,23.9
1.047,-0.0068,-0.0428,0.0075,-0.093,24.2
1.048,-0.0046,-0.0458,0.0105,-0.0878,24.5
1.049,-0.003,-0.0361,0.0097,-0.0765,24.8
1.05,-0.0008,-0.0278,0.0097,-0.0585,25.1
1.051,0.0007,-0.0233,0.0105,-0.0203,25.4
1.052,0.0,-0.0195,0.0082,0.0135,25.7
1.053,0.0015,-0.0143,0.0097,0.0352,26.0
1.054,-0.0015,-0.003,0.0165,0.0457,26.3
1.055,-0.0008,0.0067,0.021,0.0382,26.6
1.056,-0.0015,0.0097,0.0232,0.0345,26.9
1.057,-0.0023,0.009,0.021,0.0322,27.2
1.058,-0.0023,0.0082,0.0202,0.0247,27.5
1.059,-0.0023,0.0052,0.0195,0.0142,27.8
1.06,-0.0015,0.0052,0.0217,0.006,28.1
1.061,-0.0046,0.0067,0.027,0.0045,28.4
1.062,-0.0068,0.0067,0.033,0.0052,28.7
1.063,-0.012,0.006,0.0382,0.0082,29.0
1.064,-0.0128,0.0067,0.0405,0.0082,29.3
1.065,-0.0143,0.0075,0.0427,0.0112,29.7
1.066,-0.0158,0.0045,0.0427,0.0105,29.9
1.067,-0.0158,-0.0008,0.0465,0.006,30.2
1.068,-0.0181,-0.0053,0.0472,0.0075,30.6
1.069,-0.0173,-0.0083,0.0532,0.009,30.9
1.07,-0.0173,-0.0083,0.0555,0.0105,31.2
1.071,-0.0165,-0.0091,0.0577,0.0082,31.5
1.072,-0.0158,-0.0113,0.0667,0.0082,31.8
1.073,-0.0195,-0.012,0.0652,0.0067,32.1
1.074,-0.0195,-0.0143,0.0615,0.0037,32.4
1.075,-0.0195,-0.0143,0.0577,0.0015,32.8
1.076,-0.0181,-0.0128,0.0592,0.0007,33.0
1.077,-0.0158,-0.0128,0.0615,0.0015,33.3
1.078,-0.0165,-0.012,0.057,0.003,33.7
1.079,-0.0165,-0.012,0.0592,0.0045,34.0
1.08,-0.0143,-0.0091,0.0517,0.0015,34.3
1.081,-0.0091,-0.006,0.0405,-0.0038,34.5
1.082,-0.0046,-0.0046,0.0322,-0.0068,34.8
1.083,-0.0015,-0.0008,0.0195,-0.0113,35.0
1.084,0.0007,0.0,0.012,-0.0105,35.3
1.085,0.003,0.0007,0.0067,-0.0105,35.5
1.086,0.0067,-0.0008,0.0022,-0.012,35.8
1.087,0.0067,-0.0038,0.003,-0.0091,36.0
1.088,0.003,-0.003,0.003,-0.0046,36.3
1.089,0.0007,-0.0038,-0.0038,-0.0038,36.5
1.09,0.0015,0.0,-0.012,-0.0023,36.8
1.091,0.0022,0.0022,-0.0091,-0.0046,37.0
1.092,-0.0015,-0.0008,-0.006,-0.0075,37.3
1.093,0.0015,-0.0008,-0.0105,-0.006,37.5
1.094,0.0045,0.0015,-0.0165,-0.0083,37.8
1.095,0.0037,0.003,-0.0233,-0.0068,38.0
1.096,0.0067,0.0045,-0.0285,-0.006,38.2
1.097,0.0067,0.0015,-0.0293,-0.0068,38.5
1.098,0.0067,-0.0023,-0.0293,-0.0068,38.7
1.099,0.009,-0.0046,-0.0278,-0.0068,39.0
1.1,0.0097,-0.0053,-0.0218,-0.003,39.2
1.101,0.009,0.0,-0.0173,-0.0053,39.5
1.102,0.0067,0.0015,-0.0203,-0.0083,39.8
1.103,0.0067,0.0037,-0.0203,-0.0053,40.1
1.104,0.0082,0.0067,-0.0233,-0.0075,40.4
1.105,0.009,0.0052,-0.027,-0.0091,40.6
1.106,0.012,0.0082,-0.0315,-0.0091,40.9
1.107,0.0105,0.0082,-0.0368,-0.0083,41.2
1.108,0.0105,0.0067,-0.033,-0.0091,41.5
1.109,0.009,0.0045,-0.0278,-0.0075,41.8
1.11,0.0067,0.0052,-0.0256,-0.0068,42.0
1.111,0.0082,0.0067,-0.0315,-0.0105,42.3
1.112,0.0075,0.006,-0.0346,-0.0105,42.6
1.113,0.0105,0.0052,-0.0405,-0.012,42.9
1.114,0.0165,0.0075,-0.0555,-0.015,43.1
1.115,0.021,0.0105,-0.0645,-0.0143,43.4
1.116,0.0232,0.012,-0.0668,-0.0143,43.7
1.117,0.0202,0.0112,-0.0675,-0.0128,44.0
1.118,0.0202,0.012,-0.0645,-0.0128,44.3
1.119,0.0195,0.0127,-0.0645,-0.012,44.5
1.12,0.018,0.012,-0.0653,-0.012,44.8
1.121,0.0202,0.0097,-0.0593,-0.012,45.1
1.122,0.018,0.009,-0.0533,-0.0098,45.5
1.123,0.0172,0.0082,-0.0503,-0.0098,45.8
1.124,0.015,0.0075,-0.0488,-0.0098,46.2
1.125,0.0105,0.0067,-0.0518,-0.012,46.5
1.126,0.0135,0.0097,-0.06,-0.0135,46.8
1.127,0.0165,0.0105,-0.0585,-0.0128,47.2
1.128,0.012,0.0075,-0.048,-0.0091,47.5
1.129,0.0105,0.0075,-0.0503,-0.0091,47.9
1.13,0.0127,0.0052,-0.048,-0.0083,48.2
1.131,0.0127,0.0067,-0.0518,-0.0105,48.5
1.132,0.0165,0.0082,-0.054,-0.0105,48.9
1.133,0.0142,0.0045,-0.033,-0.0046,49.2
1.134,0.0105,0.003,-0.0263,-0.0038,49.5
1.135,0.006,0.0015,-0.0181,-0.0015,49.9
1.136,0.0007,0.0,-0.0105,-0.0008,50.2
1.137,0.0007,-0.0015,-0.0046,-0.0008,50.6
1.138,-0.0015,-0.003,0.0082,0.003,50.9
1.139,-0.0023,-0.003,0.0165,0.003,51.3
1.14,-0.0046,-0.0046,0.0202,0.0045,51.6
1.141,-0.0091,-0.006,0.0217,0.0052,51.9
1.142,-0.0105,-0.0068,0.0247,0.006,52.2
1.143,-0.012,-0.0075,0.0277,0.0052,52.6
1.144,-0.0128,-0.0083,0.0337,0.006,52.9
1.145,-0.0128,-0.0083,0.0382,0.0075,53.2
1.146,-0.0143,-0.006,0.0382,0.0075,53.5
1.147,-0.0128,-0.0053,0.0382,0.0067,53.9
1.148,-0.012,-0.006,0.036,0.0052,54.2
1.149,-0.012,-0.0053,0.0315,0.0022,54.6
1.15,-0.0083,-0.0038,0.0225,0.0015,54.9
1.151,-0.0053,-0.0008,0.015,0.0007,55.2
1.152,-0.0053,-0.0008,0.0112,-0.0008,55.6
1.153,-0.0053,-0.0015,0.0067,-0.0015,55.9
1.154,-0.0015,0.0,0.0015,-0.0008,56.2
1.155,-0.0008,0.0,-0.003,0.0,56.6
1.156,-0.0008,0.0015,-0.0046,-0.0008,56.9
1.157,0.0022,0.003,-0.012,-0.0023,57.2
1.158,0.0015,0.0022,-0.012,-0.0046,57.6
1.159,0.0015,0.0015,-0.0083,-0.0046,57.9
1.16,0.0052,0.0015,-0.012,-0.0046,58.2
1.161,0.0052,0.0007,-0.0091,-0.0053,58.5
1.162,0.0037,0.0,-0.0068,-0.0038,58.8
1.163,0.0022,0.0,-0.0038,-0.0015,59.0
1.164,0.0007,-0.0008,-0.0015,-0.0008,59.3
1.165,0.0022,-0.0008,-0.0023,-0.0023,59.6
1.166,0.0015,0.0007,0.0,-0.0038,59.8
1.167,0.0007,0.0007,0.0015,-0.0038,60.1
1.168,0.0015,-0.0008,0.0015,-0.003,60.4
1.169,0.0007,-0.0008,0.0,-0.0038,60.7
1.17,-0.0008,0.0007,-0.006,-0.0038,61.0
1.171,0.0007,-0.0008,-0.0046,-0.0008,61.2
1.172,-0.0015,-0.0023,0.006,0.0007,61.5
1.173,-0.0038,-0.0015,0.012,0.0037,61.8
1.174,-0.003,-0.003,0.0142,0.0045,62.1
1.175,-0.0053,-0.003,0.0142,0.0045,62.3
1.176,-0.0068,-0.003,0.015,0.0067,62.6
1.177,-0.0083,-0.0046,0.0187,0.0067,62.9
1.178,-0.0091,-0.003,0.0127,0.0052,63.1
1.179,-0.0083,-0.0008,0.0097,0.0045,63.4
1.18,-0.006,-0.0015,0.0097,0.0052,63.7
1.181,-0.0046,0.0,0.0052,0.0052,63.9
1.182,-0.0023,0.0,0.0037,0.0052,64.1
1.183,-0.0015,-0.0015,0.003,0.0045,64.3
1.184,-0.0008,-0.0008,0.0007,0.0015,64.6
1.185,0.0015,-0.0015,0.0007,0.0045,64.8
1.186,0.0007,0.0007,0.0022,0.0067,65.0
1.187,-0.0015,-0.0008,0.0082,0.0075,65.2
1.188,-0.0023,-0.0038,0.015,0.0082,65.4
1.189,-0.0015,-0.003,0.0172,0.0067,65.7
1.19,-0.0023,-0.0046,0.018,0.0082,65.9
1.191,-0.003,-0.0053,0.0172,0.009,66.1
1.192,-0.0046,-0.0068,0.0202,0.0097,66.3
1.193,-0.0053,-0.0068,0.024,0.0127,66.6
1.194,-0.0083,-0.0053,0.0292,0.015,66.8
1.195,-0.0105,-0.0053,0.0352,0.0165,67.0
1.196,-0.012,-0.0053,0.0382,0.018,67.2
1.197,-0.012,-0.0053,0.0405,0.0172,67.4
1.198,-0.0143,-0.0068,0.0427,0.018,67.6
1.199,-0.0158,-0.0075,0.0435,0.0187,67.9
1.2,-0.0143,-0.0083,0.042,0.0165,68.1
1.201,-0.0128,-0.0083,0.0405,0.0172,68.3
1.202,-0.0105,-0.0083,0.0367,0.0157,68.4
1.203,-0.012,-0.0083,0.0375,0.0157,68.6
1.204,-0.0128,-0.0083,0.0405,0.0172,68.8
1.205,-0.0128,-0.0091,0.042,0.015,68.9
1.206,-0.0135,-0.0083,0.0442,0.0142,69.1
1.207,-0.0113,-0.0098,0.048,0.012,69.3
1.208,-0.012,-0.0105,0.0502,0.012,69.4
1.209,-0.0143,-0.0105,0.0532,0.0112,69.6
1.21,-0.0165,-0.0091,0.0525,0.012,69.8
1.211,-0.015,-0.0083,0.0532,0.0135,69.9
1.212,-0.0158,-0.0091,0.0607,0.0105,70.1
1.213,-0.0181,-0.0091,0.0577,0.012,70.3
1.214,-0.0158,-0.0075,0.0525,0.0105,70.5
1.215,-0.0143,-0.0068,0.0427,0.006,70.6
1.216,-0.0083,-0.0053,0.036,0.0067,70.8
1.217,-0.0091,-0.0046,0.036,0.0067,71.0
1.218,-0.0098,-0.003,0.024,0.0037,71.1
1.219,-0.0053,-0.003,0.0202,0.0007,71.3
1.22,-0.0053,-0.003,0.018,0.0015,71.5
1.221,-0.0038,-0.0008,0.009,0.0007,71.5
1.222,0.0007,0.0007,-0.0008,-0.0015,71.6
1.223,0.0022,0.0015,-0.0128,-0.003,71.7
1.224,0.0082,0.0052,-0.027,-0.0068,71.8
1.225,0.0127,0.0082,-0.0323,-0.0083,71.9
1.226,0.012,0.0067,-0.03,-0.0068,71.9
1.227,0.0135,0.006,-0.0368,-0.0083,72.0
1.228,0.015,0.0052,-0.039,-0.0091,72.1
1.229,0.0127,0.006,-0.045,-0.0091,72.2
1.23,0.0195,0.0067,-0.0503,-0.0105,72.3
1.231,0.0217,0.0067,-0.0488,-0.0113,72.3
1.232,0.0195,0.009,-0.0533,-0.0098,72.4
1.233,0.0195,0.009,-0.0495,-0.0105,72.5
1.234,0.0165,0.0105,-0.0465,-0.0075,72.6
1.235,0.0165,0.0097,-0.0465,-0.0046,72.6
1.236,0.015,0.009,-0.0458,-0.0068,72.7
1.237,0.0165,0.0097,-0.0488,-0.0113,72.8
1.238,0.0165,0.0105,-0.0503,-0.0143,72.8
1.239,0.0157,0.0105,-0.0511,-0.0181,72.9
1.24,0.018,0.009,-0.0533,-0.0195,73.0
1.241,0.0172,0.006,-0.0495,-0.0158,73.1
1.242,0.0157,0.0067,-0.0458,-0.0091,73.1
1.243,0.0127,0.0067,-0.0405,-0.0053,73.1
1.244,0.0105,0.0037,-0.033,-0.0046,73.2
1.245,0.0067,0.0045,-0.0315,-0.0068,73.2
1.246,0.0067,0.0045,-0.0256,-0.006,73.2
1.247,0.0067,0.0037,-0.0195,-0.0023,73.3
1.248,0.0097,0.0037,-0.0195,-0.0046,73.3
1.249,0.0105,0.003,-0.0165,-0.003,73.3
1.25,0.009,0.0015,-0.0135,-0.003,73.3
1.251,0.006,0.0,-0.0128,-0.0053,73.4
1.252,0.0015,0.0,-0.0113,-0.0015,73.4
1.253,0.003,0.0015,-0.0091,-0.0015,73.4
1.254,0.0037,-0.0008,-0.0068,-0.003,73.5
1.255,0.0037,-0.0015,0.0015,-0.0008,73.5
1.256,0.0015,-0.0038,-0.0008,-0.0023,73.5
1.257,0.0,-0.0008,-0.0015,-0.0046,73.6
1.258,-0.0023,-0.0008,0.0052,-0.0023,73.6
1.259,-0.003,-0.0023,0.0097,0.0022,73.6
1.26,-0.0046,-0.003,0.0202,0.0045,73.7
1.261,-0.0075,-0.0053,0.024,0.003,73.7
1.262,-0.0046,-0.0046,0.0217,0.0015,73.6
1.263,-0.0046,-0.0038,0.0217,0.0007,73.6
1.264,-0.0053,-0.0046,0.0165,0.0,73.6
1.265,-0.003,-0.0046,0.0127,0.0,73.5
1.266,-0.0046,-0.0038,0.012,-0.0008,73.5
1.267,-0.0046,-0.0008,0.0082,-0.003,73.4
1.268,-0.0046,0.0015,0.0082,-0.0015,73.4
1.269,0.0007,0.0015,-0.0015,-0.003,73.4
1.27,0.003,0.003,-0.0113,-0.006,73.3
1.271,0.003,0.003,-0.0091,-0.0053,73.3
1.272,0.003,0.0022,-0.0105,-0.006,73.3
1.273,0.003,0.0045,-0.0165,-0.0053,73.3
1.274,0.0045,0.0045,-0.0188,-0.0083,73.2
1.275,0.0037,0.0045,-0.0218,-0.0105,73.2
1.276,0.003,0.003,-0.0158,-0.0083,73.1
1.277,0.0007,0.0007,-0.012,-0.0075,73.1
1.278,0.0007,0.0007,-0.0143,-0.0053,73.1
1.279,0.0022,0.0007,-0.0053,-0.0015,73.0
1.28,-0.0015,0.0007,-0.0015,-0.0008,72.9
1.281,-0.0008,-0.0008,0.0037,-0.0015,72.9
1.282,-0.0008,-0.0015,0.006,-0.0015,72.8
1.283,0.0,-0.0008,0.006,-0.0015,72.7
1.284,0.0007,0.0015,0.003,-0.0038,72.6
1.285,0.0067,0.0045,-0.0218,-0.0091,72.5
1.286,0.0142,0.0082,-0.039,-0.0098,72.4
1.287,0.0157,0.0075,-0.0383,-0.0083,72.3
1.288,0.012,0.0045,-0.024,-0.0053,72.2
1.289,0.006,0.0015,0.0007,-0.0008,72.1
1.29,-0.006,-0.0053,0.0345,0.0052,72.0
1.291,-0.0203,-0.0098,0.0555,0.0105,71.9
1.292,-0.0218,-0.0091,0.0517,0.009,71.8
1.293,-0.0181,-0.0068,0.0442,0.006,71.7
1.294,-0.0128,-0.0068,0.033,0.0045,71.6
1.295,-0.0068,-0.006,0.0187,-0.0015,71.5
1.296,-0.0008,-0.003,0.0007,-0.0046,71.5
1.297,0.0045,0.0007,-0.0128,-0.0053,71.3
1.298,0.006,0.003,-0.0195,-0.0053,71.2
1.299,0.0075,0.0037,-0.0188,-0.0053,71.1
1.3,0.003,0.0015,-0.0113,-0.003,71.0
1.301,0.0015,0.0007,-0.003,-0.0008,70.9
1.302,-0.0015,-0.0015,0.0037,0.0015,70.8
1.303,-0.0053,-0.0038,0.0082,0.0007,70.6
1.304,-0.003,-0.0015,-0.0023,-0.0038,70.5
1.305,0.003,0.0052,-0.0383,-0.0105,70.3
1.306,0.0157,0.0112,-0.057,-0.0105,70.2
1.307,0.0105,0.006,-0.0248,-0.003,70.1
1.308,-0.0015,-0.0008,0.0015,-0.0015,69.9
1.309,-0.0038,-0.0015,0.012,0.0022,69.7
1.31,-0.012,-0.006,0.0315,0.009,69.6
1.311,-0.0165,-0.0105,0.0435,0.009,69.5
1.312,-0.0203,-0.012,0.048,0.0082,69.3
1.313,-0.0195,-0.0091,0.0427,0.0082,69.2
1.314,-0.0143,-0.0053,0.0277,0.003,69.0
1.315,-0.0075,-0.003,0.0112,-0.0023,68.9
1.316,0.0,-0.0015,0.0045,-0.0023,68.8
1.317,0.0,-0.0015,0.0022,0.0,68.6
1.318,0.0045,-0.0008,-0.0023,0.0007,68.4
1.319,0.0067,0.0015,-0.0091,-0.0015,68.3
1.32,0.0052,-0.0008,-0.0075,-0.0008,68.1
1.321,0.003,-0.003,0.012,0.0015,68.0
1.322,-0.006,-0.0091,0.0382,0.0067,67.8
1.323,-0.012,-0.0143,0.0472,0.0075,67.6
1.324,-0.0158,-0.012,0.0555,0.0105,67.4
1.325,-0.0195,-0.012,0.0562,0.0082,67.2
1.326,-0.0135,-0.0075,0.0232,0.0007,67.0
1.327,-0.0008,-0.0015,-0.0053,-0.0023,66.8
1.328,0.0067,0.003,-0.0158,-0.0015,66.6
1.329,0.0142,0.0067,-0.0158,0.0045,66.4
1.33,0.0142,0.0082,-0.0143,0.006,66.1
1.331,0.0105,0.009,-0.0098,0.003,66.0
1.332,0.0082,0.0052,-0.0053,0.0007,65.8
1.333,0.003,0.003,-0.0015,-0.0023,65.6
1.334,0.0,0.0015,-0.0046,-0.0053,65.4
1.335,0.0007,0.0007,-0.0181,-0.0075,65.2
1.336,0.0067,0.0045,-0.0308,-0.0068,65.0
1.337,0.012,0.0082,-0.0503,-0.0091,64.8
1.338,0.0172,0.009,-0.0608,-0.0113,64.6
1.339,0.0187,0.009,-0.0675,-0.0135,64.3
1.34,0.0217,0.0142,-0.09,-0.021,64.1
1.341,0.036,0.0217,-0.132,-0.027,63.9
1.342,0.0465,0.0225,-0.1208,-0.0181,63.6
1.343,0.0307,0.009,-0.0555,-0.003,63.4
1.344,0.0135,0.003,-0.03,-0.0008,63.1
1.345,0.0007,-0.0008,0.0052,0.0045,62.9
1.346,-0.015,-0.0091,0.0345,0.0075,62.6
1.347,-0.0203,-0.012,0.057,0.009,62.3
1.348,-0.033,-0.0173,0.0802,0.0127,62.1
1.349,-0.0315,-0.0158,0.0645,0.0105,61.8
1.35,-0.0233,-0.0105,0.0525,0.0082,61.6
1.351,-0.0181,-0.0113,0.0382,-0.0008,61.3
1.352,-0.0091,-0.0083,0.0255,-0.0053,61.0
1.353,-0.0053,-0.0038,0.0045,-0.0068,60.8
1.354,0.003,0.0007,-0.0128,-0.0113,60.5
1.355,0.009,0.0052,-0.0383,-0.0173,60.3
1.356,0.0195,0.0127,-0.0728,-0.0218,60.0
1.357,0.0277,0.012,-0.0698,-0.0165,59.7
1.358,0.027,0.012,-0.0706,-0.0143,59.5
1.359,0.0277,0.0127,-0.0578,-0.0068,59.2
1.36,0.018,0.0052,-0.0195,0.018,58.9
1.361,0.0037,-0.0023,0.0172,0.0345,58.6
1.362,-0.0075,-0.0105,0.0427,0.0345,58.3
1.363,-0.0165,-0.0128,0.0532,0.0277,58.0
1.364,-0.0195,-0.0113,0.0502,0.0067,57.7
1.365,-0.0143,-0.0105,0.039,-0.0105,57.4
1.366,-0.0091,-0.0083,0.027,-0.0143,57.1
1.367,-0.003,-0.0046,0.0067,-0.0128,56.8
1.368,0.003,0.0007,-0.0143,-0.006,56.5
1.369,0.0045,0.0022,-0.0105,0.0022,56.2
1.37,0.0007,-0.0008,-0.0068,0.0052,55.9
1.371,0.0067,0.0022,-0.024,-0.0046,55.6
1.372,0.0067,0.0015,-0.0053,-0.0075,55.3
1.373,-0.0038,0.0007,0.0052,0.0007,55.0
1.374,-0.003,0.0,0.0022,0.003,54.7
1.375,-0.0075,-0.0038,0.0165,0.0052,54.4
1.376,-0.0075,-0.003,0.0045,0.0052,54.0
1.377,0.0052,0.0015,-0.0278,-0.0015,53.7
1.378,0.0112,0.0052,-0.0278,-0.0083,53.5
1.379,0.0045,0.0015,0.0082,-0.0105,53.1
1.38,-0.0068,-0.0015,0.027,-0.0113,52.8
1.381,-0.0143,-0.0053,0.0465,-0.0128,52.5
1.382,-0.0195,-0.0038,0.048,-0.0233,52.2
1.383,-0.0128,0.0015,0.0277,-0.0143,51.8
1.384,-0.003,0.003,0.0127,0.009,51.5
1.385,-0.0008,0.0007,0.0165,0.021,51.1
1.386,-0.003,-0.0046,0.0112,0.0292,50.8
1.387,0.0007,0.0,-0.0233,0.0112,50.4
1.388,0.0037,0.0007,-0.0158,-0.0091,50.1
1.389,0.0045,0.0,-0.0225,-0.003,49.8
1.39,0.0082,0.0052,-0.0353,-0.0008,49.4
1.391,0.0112,0.0045,-0.0465,-0.0188,49.1
1.392,0.0172,0.0082,-0.0668,-0.0323,48.7
1.393,0.0195,0.0082,-0.0608,-0.0293,48.4
1.394,0.0202,0.0082,-0.0691,-0.0248,48.1
1.395,0.0255,0.0142,-0.0818,-0.0165,47.7
1.396,0.0307,0.0165,-0.0885,0.0067,47.4
1.397,0.0277,0.0135,-0.0728,0.0307,47.1
1.398,0.024,0.0097,-0.0645,0.036,46.7
1.399,0.0255,0.006,-0.054,0.0292,46.4
1.4,0.0202,-0.0008,-0.0383,0.0127,46.0
1.401,0.0165,0.0045,-0.03,-0.003,45.6
1.402,0.012,0.0015,-0.0046,-0.003,45.2
1.403,0.006,-0.003,0.009,-0.003,44.8
1.404,0.0,0.0007,0.024,0.0007,44.5
1.405,-0.0053,-0.0015,0.0367,0.0052,44.1
1.406,-0.0098,-0.0015,0.0442,0.0,43.6
1.407,-0.0135,-0.0038,0.0465,-0.0053,43.2
1.408,-0.0143,-0.0053,0.0457,-0.0158,42.8
1.409,-0.0181,-0.006,0.0465,-0.0256,42.4
1.41,-0.0181,-0.0098,0.057,-0.0225,42.0
1.411,-0.0248,-0.0113,0.0735,-0.0068,41.7
1.412,-0.0278,-0.0083,0.0712,0.0082,41.3
1.413,-0.0218,-0.0046,0.0667,0.009,40.9
1.414,-0.0203,-0.0053,0.0517,0.0052,40.5
1.415,-0.0165,-0.0075,0.033,0.0052,40.0
1.416,-0.0158,-0.0098,0.0187,0.0067,39.6
1.417,-0.0128,-0.0091,0.0082,-0.0091,39.3
1.418,-0.0068,-0.0068,0.009,-0.0105,38.9
1.419,-0.0083,-0.0046,0.0075,0.0082,38.5
1.42,-0.0068,-0.003,0.0157,0.0045,38.0
1.421,-0.0068,-0.0008,0.0277,-0.0046,37.6
1.422,-0.0091,-0.0008,0.027,0.0165,37.2
1.423,-0.0091,-0.0068,0.021,0.0397,36.7
1.424,-0.0143,-0.0128,0.0202,0.0367,36.3
1.425,-0.0181,-0.0143,0.018,0.033,35.8
1.426,-0.0203,-0.0113,0.0142,0.033,35.4
1.427,-0.0181,-0.0105,0.006,0.0232,34.9
1.428,-0.0113,-0.0083,-0.0128,0.0105,34.5
1.429,-0.0046,-0.0075,-0.0158,0.0022,34.0
1.43,-0.0015,-0.0075,-0.0053,-0.012,33.6
1.431,0.0007,-0.0008,0.009,-0.0555,33.1
1.432,0.003,0.0052,0.0292,-0.0863,32.7
1.433,0.0007,0.0067,0.039,-0.0698,32.2
1.434,0.0052,0.0075,0.0375,-0.0428,31.8
1.435,0.0082,0.0105,0.0382,-0.0143,31.3
1.436,0.012,0.012,0.0315,0.0457,30.9
1.437,0.0187,0.0067,0.015,0.0877,30.4
1.438,0.0195,0.003,-0.0015,0.0765,30.0
1.439,0.0157,-0.0015,-0.006,0.0457,29.5
1.44,0.0157,-0.0135,0.0007,0.0277,29.0
1.441,0.0195,-0.0195,0.0037,0.0105,28.6
1.442,0.018,-0.0083,0.0037,-0.0068,28.1
1.443,0.0105,0.0022,-0.0008,0.0015,27.6
1.444,0.0045,0.0007,-0.0068,0.0157,27.1
1.445,-0.0053,-0.0008,-0.0068,0.018,26.6
1.446,-0.0143,0.0067,-0.0068,0.0165,26.2
1.447,-0.0135,0.0097,-0.0008,0.0315,25.7
1.448,-0.0143,0.0082,0.006,0.0367,25.2
1.449,-0.0128,0.0075,0.0052,0.0135,24.7
1.45,-0.0053,0.0,0.0067,-0.0053,24.3
1.451,-0.0046,-0.0053,0.0105,-0.015,23.8
1.452,-0.0008,-0.0053,0.003,-0.0181,23.3
1.453,0.0075,-0.0023,-0.0091,-0.0135,22.8
1.454,0.0127,-0.0008,-0.0113,-0.0068,22.3
1.455,0.0165,0.0022,-0.0188,-0.0098,21.8
1.456,0.0135,0.0052,-0.0165,-0.0158,21.4
1.457,0.0082,0.0007,-0.0046,-0.015,20.9
1.458,0.0022,-0.0008,-0.0128,-0.0143,20.4
1.459,-0.003,-0.0015,-0.0181,-0.012,19.9
1.46,-0.0083,-0.003,-0.0195,-0.0158,19.4
1.461,-0.012,0.0015,-0.0263,-0.0158,19.0
1.462,-0.0143,0.006,-0.03,-0.0181,18.5
1.463,-0.0128,0.009,-0.0413,-0.0353,18.1
1.464,-0.012,0.009,-0.048,-0.048,17.7
1.465,-0.0143,0.0082,-0.0548,-0.054,17.2
1.466,-0.0105,0.009,-0.0495,-0.0473,16.8
1.467,-0.0046,0.0067,-0.0293,-0.0158,16.3
1.468,-0.0023,0.0067,0.009,0.0352,15.9
1.469,-0.012,-0.0068,0.114,0.0787,15.4
1.47,-0.0353,-0.0195,0.141,0.0735,15.0
1.471,-0.015,0.0037,0.0007,0.033,14.6
1.472,0.0165,0.0127,-0.0128,0.0217,14.1
1.473,-0.0188,-0.0158,0.0952,0.0255,13.7
1.474,-0.0368,-0.0203,0.0667,0.0052,13.2
1.475,-0.027,-0.0158,0.0465,0.0007,12.8
1.476,-0.027,-0.012,0.0285,-0.0008,12.3
1.477,-0.006,0.0007,-0.0158,-0.0083,11.9
1.478,-0.0015,0.0015,0.0015,-0.0023,11.5
1.479,0.0075,0.003,-0.0053,-0.0046,11.0
1.48,0.0202,-0.0008,-0.0068,-0.0053,10.5
1.481,0.018,-0.0008,-0.0195,-0.0046,10.3
1.482,0.0277,0.0022,-0.0338,-0.0046,10.0
1.483,0.024,0.0,-0.0068,0.0007,9.7
1.484,0.024,0.0037,-0.0015,-0.0038,9.4
1.485,0.0367,0.003,-0.0195,-0.0083,9.0
1.486,0.039,-0.0015,-0.0068,-0.0075,8.8
1.487,0.0352,-0.0068,0.0067,-0.0083,8.5
1.488,0.0307,-0.0098,0.0067,-0.0068,8.1
1.489,0.021,-0.0091,0.015,-0.0023,7.8
1.49,0.0045,-0.0083,0.0075,-0.0053,7.5
1.491,-0.0038,-0.0023,0.0127,-0.0083,7.2
1.492,0.0142,-0.0023,0.0247,-0.0046,6.9
1.493,0.0217,-0.0083,0.0277,-0.0053,6.6
1.494,0.0097,-0.0068,0.0307,-0.0008,6.3
1.495,-0.006,-0.006,0.0285,0.0045,6.0
1.496,-0.027,-0.0023,0.0307,0.003,5.7
1.497,-0.0338,0.0022,0.0277,0.0075,5.4
1.498,-0.027,-0.0015,0.0345,0.0105,5.1
1.499,-0.0285,-0.0038,0.039,0.009,4.8
1.5,-0.0278,-0.0008,0.0352,0.0045,4.5
1.501,-0.0293,-0.003,0.042,-0.0008,4.4
1.502,-0.0203,-0.0053,0.0495,-0.0015,4.4
1.503,-0.0015,-0.0046,0.0487,-0.0046,4.3
1.504,0.0135,-0.0083,0.0345,-0.006,4.2
1.505,0.0127,-0.0143,0.0277,-0.0053,4.1
1.506,-0.0053,-0.0128,0.0255,-0.0068,4.0
1.507,-0.0143,-0.0038,0.0165,-0.0053,4.0
1.508,-0.0218,0.0075,0.009,-0.0083,3.9
1.509,-0.0233,0.009,0.0015,-0.012,3.8
1.51,-0.0195,0.006,-0.0113,-0.012,3.7
1.511,-0.0091,0.0067,-0.0263,-0.0113,3.6
1.512,0.0015,0.0097,-0.039,-0.0105,3.6
1.513,0.0007,0.009,-0.0495,-0.0105,3.5
1.514,-0.0083,0.0105,-0.06,-0.0091,3.4
1.515,0.0015,0.012,-0.0615,-0.0068,3.3
1.516,0.0202,0.012,-0.0428,-0.0075,3.2
1.517,0.033,0.0075,-0.0233,-0.012,3.1
1.518,0.0322,-0.0015,-0.0083,-0.015,3.1
1.519,0.0112,-0.0008,-0.003,-0.0128,3.0
1.52,0.003,0.006,-0.0105,-0.0105,2.9
1.521,0.0067,0.0052,-0.0225,-0.0083,2.9
1.522,0.0127,0.0052,-0.0315,-0.0046,2.9
1.523,0.0127,0.006,-0.0346,-0.003,3.0
1.524,0.0105,0.0045,-0.0465,-0.0038,3.0
1.525,0.009,-0.0091,-0.0488,-0.0068,3.1
1.526,0.0067,-0.0218,-0.057,-0.012,3.1
1.527,0.0195,-0.0181,-0.081,-0.0105,3.1
1.528,0.0217,-0.015,-0.0728,-0.0023,3.1
1.529,0.009,-0.0181,-0.048,0.0037,3.2
1.53,-0.0008,-0.0195,-0.0361,0.0045,3.2
1.531,-0.003,-0.0195,-0.033,0.0045,3.2
1.532,0.0037,-0.0218,-0.0398,-0.0015,3.3
1.533,0.0052,-0.0165,-0.045,-0.006,3.3
1.534,-0.0068,-0.0046,-0.0346,-0.0068,3.4
1.535,-0.012,0.0112,0.0045,0.0015,3.4
1.536,-0.0225,0.0142,0.057,0.018,3.4
1.537,-0.0405,0.012,0.0742,0.027,3.5
1.538,-0.0405,0.0217,0.0742,0.0315,3.5
1.539,-0.0293,0.0345,0.0525,0.027,3.5
1.54,-0.0181,0.0382,0.0217,0.0165,3.6
1.541,-0.0135,0.0255,0.027,0.012,3.6
1.542,-0.0105,0.003,0.0352,0.0067,3.7
1.543,-0.0158,-0.0203,0.0495,0.0045,3.8
1.544,-0.0195,-0.0256,0.0442,0.003,3.9
1.545,-0.0046,0.0007,0.033,0.003,4.0
1.546,0.018,0.018,0.03,0.0037,4.1
1.547,0.0405,0.0127,0.0202,0.0015,4.2
1.548,0.0532,0.0142,0.0337,0.0022,4.3
1.549,0.0525,0.0202,0.042,0.0007,4.4
1.55,0.0465,0.0247,0.0255,-0.0015,4.5
1.551,0.0412,0.0255,0.003,-0.0053,4.5
1.552,0.0285,0.0097,-0.0083,-0.0068,4.6
1.553,0.0225,0.0007,-0.012,-0.0015,4.7
1.554,0.0225,-0.0038,-0.0143,0.0067,4.8
1.555,0.0202,-0.0083,-0.0046,0.0097,4.9
1.556,0.009,-0.0083,-0.0046,0.0037,5.0
1.557,-0.0203,-0.0091,-0.0083,0.0015,5.1
1.558,-0.0488,-0.0098,-0.0128,0.0082,5.2
1.559,-0.0615,-0.0105,-0.027,0.012,5.3
1.56,-0.0585,-0.0068,-0.0465,0.012,5.3
1.561,-0.048,-0.006,-0.0593,0.0075,5.4
1.562,-0.0308,-0.003,-0.06,-0.0015,5.5
1.563,-0.0083,-0.0023,-0.0585,-0.0038,5.7
1.564,0.0157,-0.0046,-0.0503,-0.0038,5.8
1.565,0.0225,-0.0053,-0.0346,-0.0068,5.8
1.566,0.0202,-0.0083,-0.021,-0.0113,5.9
1.567,0.0337,-0.0038,-0.0263,-0.0143,6.0
1.568,0.0532,0.0015,-0.033,-0.0105,6.2
1.569,0.0532,0.0022,-0.0405,-0.0083,6.3
1.57,0.0457,-0.0015,-0.0375,-0.0091,6.3
1.571,0.0465,-0.0098,-0.0113,-0.0105,6.4
1.572,0.0322,-0.0135,0.0007,-0.0083,6.5
1.573,0.0277,-0.0046,-0.006,-0.0053,6.7
1.574,0.0247,0.0067,-0.0135,-0.0068,6.7
1.575,0.0232,0.009,0.0,-0.006,6.8
1.576,0.0217,0.0105,0.024,-0.0038,6.9
1.577,0.0142,0.0127,0.0165,-0.0015,7.0
1.578,0.0277,0.0135,-0.0128,0.0015,7.2
1.579,0.0375,0.0067,-0.0353,-0.0008,7.2
1.58,0.0255,0.0015,-0.0495,-0.0068,7.3
1.581,-0.0181,-0.0008,-0.06,-0.0091,7.3
1.582,-0.066,0.0015,-0.066,-0.0008,7.3
1.583,-0.0721,0.0097,-0.0653,0.009,7.3
1.584,-0.0503,0.0142,-0.0555,0.0045,7.3
1.585,-0.0173,0.018,-0.0293,0.0,7.3
1.586,0.0097,0.0142,-0.0091,-0.0008,7.2
1.587,0.009,0.0015,-0.0105,-0.0083,7.2
1.588,0.0,-0.006,-0.0053,-0.012,7.2
1.589,-0.012,-0.0083,-0.0046,-0.0113,7.2
1.59,-0.0098,-0.0075,0.0052,-0.006,7.2
1.591,0.0007,-0.0083,0.0172,-0.003,7.2
1.592,-0.003,-0.0091,0.0157,-0.0046,7.2
1.593,0.003,-0.003,0.012,-0.0098,7.1
1.594,0.003,0.0007,0.009,-0.0195,7.1
1.595,-0.0128,-0.0038,0.018,-0.0195,7.1
1.596,-0.024,-0.0053,0.0262,-0.0158,7.1
1.597,-0.0256,-0.003,0.0352,-0.0038,7.0
1.598,-0.0315,-0.0046,0.0465,0.0135,7.0
1.599,-0.0578,-0.0053,0.0465,0.0217,7.0
1.6,-0.0871,-0.0023,0.042,0.0202,6.9
1.601,-0.0863,0.003,0.0367,0.015,6.9
1.602,-0.0615,0.003,0.045,0.0105,6.9
1.603,-0.0353,-0.0053,0.0555,0.0082,6.9
1.604,-0.0091,-0.0128,0.057,0.012,6.9
1.605,0.006,-0.012,0.0615,0.0127,6.9
1.606,0.0217,-0.0091,0.0607,0.015,6.9
1.607,0.0345,-0.0128,0.06,0.018,6.9
1.608,0.0397,-0.0195,0.0615,0.0165,6.9
1.609,0.0397,-0.0218,0.0592,0.0097,6.9
1.61,0.0337,-0.0135,0.048,0.0045,7.0
1.611,0.0375,-0.003,0.033,0.0022,7.0
1.612,0.0277,0.003,0.0412,0.0037,7.0
1.613,0.0127,0.009,0.0532,0.0067,7.0
1.614,0.009,0.0075,0.0555,0.003,7.0
1.615,0.0075,-0.0023,0.0502,0.003,7.0
1.616,0.015,-0.0105,0.0322,0.003,7.0
1.617,0.012,-0.006,0.0157,0.0007,7.0
1.618,-0.003,0.003,0.0067,0.0015,7.0
1.619,-0.0068,-0.0046,-0.0038,-0.0008,7.0
1.62,-0.0015,-0.0068,-0.0165,-0.0038,7.0
1.621,0.0045,0.0007,-0.0195,-0.0091,7.1
1.622,0.0007,0.0015,-0.0113,-0.0195,7.2
1.623,-0.0046,0.0052,-0.0008,-0.0278,7.4
1.624,-0.0083,0.0037,-0.0083,-0.024,7.5
1.625,-0.0158,0.0045,-0.0233,-0.0068,7.6
1.626,-0.0143,0.0052,-0.0248,0.0112,7.8
1.627,0.0015,-0.0008,-0.0293,0.0277,7.9
1.628,0.021,-0.0015,-0.0285,0.0367,8.1
1.629,0.0165,0.0015,-0.0181,0.0345,8.2
1.63,0.0045,0.0022,-0.0181,0.0202,8.3
1.631,-0.0008,0.003,-0.0173,0.003,8.5
1.632,-0.0128,0.0052,-0.0195,-0.0053,8.6
1.633,-0.0046,0.0045,-0.024,-0.0105,8.7
1.634,-0.0008,0.0007,-0.0256,-0.0128,8.9
1.635,-0.0105,-0.003,-0.03,-0.0105,9.0
1.636,-0.006,-0.0008,-0.0293,-0.006,9.1
1.637,-0.0008,0.0022,-0.0308,-0.0046,9.3
1.638,0.003,0.003,-0.0346,-0.0008,9.4
1.639,0.009,0.0082,-0.0263,0.0015,9.5
1.64,0.03,0.012,-0.0113,-0.0008,9.7
1.641,0.0442,0.009,-0.015,-0.0053,9.8
1.642,0.027,0.0067,-0.0248,-0.0091,9.9
1.643,0.0,0.003,-0.0158,-0.012,9.9
1.644,-0.033,-0.003,-0.0008,-0.0143,10.0
1.645,-0.0443,-0.0038,0.0157,-0.012,10.1
1.646,-0.0383,-0.003,0.0292,-0.0083,10.2
1.647,-0.0405,-0.0046,0.0285,-0.0053,10.3
1.648,-0.0308,-0.0008,0.0247,-0.0046,10.4
1.649,-0.0203,0.0007,0.0232,-0.006,10.5
1.65,-0.0128,0.0,0.0105,-0.006,10.6
1.651,-0.0068,-0.0008,-0.0023,-0.0038,10.6
1.652,-0.003,-0.0015,-0.0015,-0.003,10.7
1.653,0.015,-0.0008,-0.0068,-0.003,10.8
1.654,0.0217,0.0,-0.0143,-0.0023,10.9
1.655,0.0217,0.0007,-0.0278,-0.003,11.0
1.656,0.021,0.0022,-0.0428,-0.0046,11.1
1.657,0.018,0.0045,-0.0533,-0.0046,11.2
1.658,0.0217,0.003,-0.06,-0.0046,11.2
1.659,0.03,0.003,-0.0578,-0.0038,11.3
1.66,0.042,0.0045,-0.0503,-0.0046,11.4
1.661,0.0457,0.003,-0.0405,-0.0046,11.4
1.662,0.0262,0.0015,-0.0293,-0.003,11.4
1.663,-0.0015,0.0015,-0.0233,-0.0023,11.4
1.664,-0.0113,0.0007,-0.024,-0.003,11.4
1.665,-0.0053,-0.003,-0.0256,-0.0015,11.4
1.666,0.0097,-0.0046,-0.0105,-0.0008,11.4
1.667,0.009,-0.0008,0.0082,-0.003,11.4
1.668,-0.0038,0.0007,0.0135,-0.003,11.4
1.669,0.0015,0.003,0.0142,-0.003,11.4
1.67,0.0097,0.0052,0.012,-0.0038,11.4
1.671,0.0217,0.0067,0.0105,-0.003,11.4
1.672,0.0337,0.0097,0.0082,-0.003,11.4
1.673,0.0352,0.0067,0.0015,-0.006,11.3
1.674,0.0322,-0.0015,-0.0091,-0.0105,11.3
1.675,0.0217,-0.0046,-0.0143,-0.0091,11.3
1.676,0.0045,-0.0015,-0.0015,-0.0046,11.3
1.677,-0.0195,-0.0015,0.0157,-0.0008,11.3
1.678,-0.033,-0.0038,0.03,0.003,11.3
1.679,-0.0353,-0.0068,0.0345,0.0045,11.3
1.68,-0.0315,-0.0083,0.0375,0.0037,11.2
1.681,-0.0256,-0.006,0.033,0.003,11.2
1.682,-0.021,-0.003,0.0217,0.0022,11.2
1.683,-0.0218,-0.0015,0.024,0.0022,11.1
1.684,-0.021,-0.0038,0.0217,0.0022,11.0
1.685,-0.0195,-0.003,0.018,0.0007,10.9
1.686,-0.0181,-0.0015,0.0142,0.0015,10.9
1.687,-0.0128,-0.0046,0.0157,0.003,10.8
1.688,-0.0068,-0.0015,0.0067,0.0015,10.7
1.689,-0.0015,-0.0008,0.0052,0.0022,10.7
1.69,-0.0015,-0.003,0.0105,0.003,10.6
1.691,-0.0046,-0.0008,0.0067,0.003,10.5
1.692,-0.0053,0.0007,0.0082,0.0052,10.4
1.693,-0.006,-0.0015,0.0075,0.0052,10.4
1.694,-0.0038,-0.0008,0.0075,0.0022,10.3
1.695,0.0037,-0.0015,0.0067,-0.0008,10.3
1.696,0.0112,-0.0015,0.012,-0.003,10.2
1.697,0.0165,-0.003,0.021,-0.0046,10.1
1.698,0.0202,-0.0015,0.0217,-0.0008,10.0
1.699,0.0202,-0.0008,0.0217,0.0022,10.0
1.7,0.0217,0.0,0.0165,-0.0008,9.9
1.701,0.0195,0.0037,0.0067,-0.0128,9.9
1.702,0.0135,0.0052,-0.0023,-0.0285,9.8
1.703,0.0075,0.0045,-0.0091,-0.0383,9.8
1.704,0.003,0.003,-0.0128,-0.0308,9.7
1.705,-0.0015,0.0015,-0.0158,-0.0158,9.6
1.706,-0.006,-0.0008,-0.0181,0.0052,9.6
1.707,-0.0053,0.0007,-0.0188,0.0217,9.5
1.708,-0.0068,-0.0008,-0.0165,0.0217,9.5
1.709,-0.0053,-0.003,-0.0128,0.0187,9.4
1.71,-0.0046,-0.003,-0.0091,0.0217,9.4
1.711,-0.003,-0.0046,-0.0038,0.0195,9.4
1.712,-0.0053,-0.003,-0.0008,0.0015,9.3
1.713,-0.0091,-0.0046,0.0,-0.0053,9.3
1.714,-0.0098,-0.0053,-0.0008,-0.0015,9.2
1.715,-0.0091,-0.003,-0.0083,-0.0046,9.1
1.716,-0.0068,-0.0023,-0.0098,-0.003,9.1
1.717,-0.0053,0.0,-0.0015,-0.003,9.0
1.718,-0.0015,0.0,0.0037,-0.0008,9.0
1.719,-0.0075,-0.0023,0.009,0.0,9.0
1.72,-0.0135,-0.003,0.0157,-0.0008,8.9
1.721,-0.0181,-0.0008,0.0255,0.003,8.9
1.722,-0.012,-0.0015,0.0345,0.0022,8.9
1.723,0.0,-0.0046,0.0412,0.0045,9.0
1.724,-0.0053,-0.0046,0.0472,0.0067,9.0
1.725,-0.0015,-0.003,0.042,0.0067,9.0
1.726,0.0,-0.0015,0.0367,0.0067,9.0
1.727,-0.0046,-0.0053,0.0375,0.0067,9.0
1.728,-0.0046,-0.0038,0.0367,0.0082,9.0
1.729,-0.0046,-0.0008,0.0367,0.009,9.1
1.73,0.0007,-0.0015,0.039,0.0105,9.1
1.731,-0.003,-0.0091,0.0337,0.0067,9.1
1.732,-0.0091,-0.0143,0.0277,0.0067,9.1
1.733,-0.0105,-0.0091,0.0255,0.0082,9.2
1.734,-0.0091,-0.0068,0.0142,0.006,9.2
1.735,-0.0091,-0.0053,0.0067,0.0067,9.2
1.736,-0.0053,-0.0023,0.0,0.0045,9.2
1.737,-0.0015,-0.0046,-0.0083,0.0037,9.2
1.738,-0.003,-0.0068,-0.0105,0.003,9.3
1.739,-0.0015,-0.003,-0.012,0.003,9.3
1.74,0.0,-0.0008,-0.0098,0.0045,9.3
1.741,0.0007,0.0007,-0.0105,0.003,9.3
1.742,0.0045,0.0045,-0.0143,0.0022,9.4
1.743,0.0105,0.006,-0.0173,0.0007,9.4
1.744,0.0165,0.0052,-0.021,0.0015,9.4
1.745,0.0142,0.0052,-0.0218,0.0015,9.4
1.746,0.0082,0.0052,-0.0203,-0.0008,9.4
1.747,0.0097,0.006,-0.0233,-0.0008,9.4
1.748,0.0165,0.0067,-0.024,-0.0015,9.4
1.749,0.0187,0.0082,-0.027,-0.0008,9.4
1.75,0.012,0.0082,-0.0308,0.0,9.5
1.751,0.0045,0.0067,-0.0285,-0.0008,9.5
1.752,0.006,0.0052,-0.0308,-0.0015,9.5
1.753,0.0127,0.003,-0.0368,-0.003,9.5
1.754,0.027,0.0037,-0.042,-0.003,9.5
1.755,0.033,0.006,-0.0495,-0.0046,9.5
1.756,0.0307,0.0067,-0.0518,-0.003,9.6
1.757,0.0277,0.006,-0.0503,-0.0038,9.6
1.758,0.021,0.0075,-0.048,-0.0038,9.6
1.759,0.0157,0.009,-0.0428,-0.003,9.6
1.76,0.0015,0.006,-0.0383,-0.0023,9.6
1.761,-0.0105,0.0037,-0.024,0.0015,9.6
1.762,-0.0143,0.0007,-0.0165,0.0022,9.6
1.763,-0.0165,0.0007,-0.0113,0.0015,9.6
1.764,-0.0188,-0.0015,-0.0083,0.0015,9.6
1.765,-0.0218,-0.0008,-0.0105,-0.0008,9.6
1.766,-0.0203,0.0007,-0.006,-0.0008,9.6
1.767,-0.0113,-0.0015,0.009,0.0045,9.6
1.768,-0.0068,-0.003,0.0292,0.0052,9.6
1.769,-0.0083,-0.006,0.0375,0.0045,9.5
1.77,-0.0105,-0.0053,0.0367,0.0045,9.5
1.771,-0.0083,-0.0023,0.0165,-0.0023,9.5
1.772,0.0045,0.0,-0.0015,-0.003,9.5
1.773,0.003,-0.0008,0.0045,-0.0008,9.5
1.774,0.0007,-0.0015,-0.0091,-0.0075,9.5
1.775,0.0082,0.003,-0.0218,-0.0091,9.4
1.776,0.0142,0.0022,-0.0181,-0.0091,9.4
1.777,0.0195,0.0022,-0.015,-0.0098,9.4
1.778,0.0172,0.0007,-0.0053,-0.0091,9.4
1.779,0.0157,0.0007,-0.0053,-0.0083,9.4
1.78,0.0105,0.0015,-0.0053,-0.006,9.4
1.781,0.0052,0.0015,-0.0098,-0.0053,9.4
1.782,0.0067,0.0052,-0.0203,-0.0046,9.4
1.783,0.0127,0.009,-0.0308,-0.0075,9.4
1.784,0.0172,0.0105,-0.0443,-0.0135,9.3
1.785,0.021,0.0127,-0.054,-0.0143,9.3
1.786,0.021,0.0105,-0.0548,-0.0143,9.3
1.787,0.0127,0.0045,-0.0495,-0.0128,9.3
1.788,0.0105,0.0045,-0.0495,-0.0105,9.2
1.789,0.0142,0.0067,-0.0495,-0.0083,9.2
1.79,0.0135,0.0052,-0.0495,-0.006,9.2
1.791,0.009,0.003,-0.042,-0.006,9.2
1.792,0.0045,0.003,-0.0405,-0.006,9.2
1.793,0.0045,0.0037,-0.0368,-0.0038,9.1
1.794,0.003,-0.0008,-0.0225,-0.0015,9.1
1.795,-0.0008,-0.0038,-0.0165,0.0,9.1
1.796,-0.003,-0.0015,-0.0143,0.0,9.1
1.797,-0.0015,0.0,-0.0158,-0.0015,9.0
1.798,-0.0015,-0.0008,-0.012,-0.0015,9.0
1.799,-0.0008,-0.0015,-0.0105,-0.0015,9.0
1.8,0.0,0.0015,-0.0143,-0.0008,9.0
1.801,0.0015,0.006,-0.0218,-0.003,9.0
1.802,0.0082,0.0052,-0.0233,-0.0046,9.0
1.803,0.0052,0.003,-0.0135,-0.0015,8.9
1.804,0.0015,0.0015,-0.0181,-0.0015,8.9
1.805,0.003,0.0007,-0.0195,-0.003,8.9
1.806,0.006,0.0007,-0.0195,-0.0023,8.8
1.807,0.009,0.0045,-0.0248,-0.0038,8.8
1.808,0.0105,0.0045,-0.0225,-0.0046,8.8
1.809,0.0105,0.0052,-0.0195,-0.0053,8.8
1.81,0.006,0.0045,-0.0143,-0.0053,8.7
1.811,0.0015,0.0045,-0.0105,-0.0038,8.7
1.812,0.0007,0.0045,-0.0098,-0.0015,8.7
1.813,0.0,0.003,-0.0091,-0.0023,8.6
1.814,-0.0008,0.0045,-0.0083,-0.003,8.6
1.815,-0.0015,0.0045,-0.0083,-0.0046,8.6
1.816,0.0015,0.0037,-0.0105,-0.003,8.5
1.817,0.0015,0.0045,-0.0075,-0.0008,8.5
1.818,-0.0015,0.003,-0.003,0.0,8.5
1.819,-0.0015,0.0,0.0045,0.0007,8.5
1.82,-0.0015,-0.0023,0.0127,0.003,8.4
1.821,-0.0038,-0.0053,0.0195,0.0052,8.4
1.822,-0.0068,-0.0068,0.024,0.0045,8.4
1.823,-0.0113,-0.0068,0.0345,0.006,8.4
1.824,-0.0165,-0.0091,0.045,0.0082,8.4
1.825,-0.0218,-0.0105,0.0555,0.0097,8.3
1.826,-0.0233,-0.0113,0.066,0.012,8.3
1.827,-0.0218,-0.0128,0.0727,0.0112,8.3
1.828,-0.024,-0.0143,0.0802,0.0157,8.3
1.829,-0.0256,-0.0143,0.0825,0.0127,8.2
1.83,-0.027,-0.0165,0.0862,0.012,8.2
1.831,-0.0308,-0.0181,0.0885,0.0127,8.2
1.832,-0.03,-0.0181,0.0802,0.0105,8.1
1.833,-0.0293,-0.0181,0.078,0.012,8.1
1.834,-0.027,-0.0143,0.078,0.0097,8.1
1.835,-0.0256,-0.0135,0.0772,0.009,8.1
1.836,-0.0256,-0.0143,0.0825,0.0097,8.1
1.837,-0.0233,-0.015,0.0862,0.009,8.1
1.838,-0.024,-0.0165,0.0922,0.0112,8.0
1.839,-0.0248,-0.0181,0.099,0.012,8.0
1.84,-0.0256,-0.0195,0.105,0.0142,7.9
1.841,-0.0293,-0.0203,0.1155,0.0157,7.9
1.842,-0.033,-0.0203,0.1177,0.0157,7.9
1.843,-0.0323,-0.0203,0.1177,0.0157,7.9
1.844,-0.03,-0.0181,0.1185,0.0157,7.8
1.845,-0.0308,-0.0181,0.114,0.0135,7.8
1.846,-0.027,-0.0158,0.105,0.012,7.8
1.847,-0.0248,-0.0128,0.093,0.0105,7.7
1.848,-0.0225,-0.012,0.078,0.0082,7.7
1.849,-0.0195,-0.0113,0.069,0.0052,7.7
1.85,-0.0165,-0.0113,0.0562,0.003,7.6
1.851,-0.0113,-0.0083,0.0427,0.003,7.6
1.852,-0.0068,-0.0046,0.033,0.0,7.6
1.853,0.0,-0.0038,0.0232,-0.0023,7.6
1.854,0.0022,0.0007,0.015,-0.0046,7.6
1.855,0.0052,0.003,0.0045,-0.0053,7.5
1.856,0.0075,0.0022,-0.003,-0.0053,7.5
1.857,0.009,0.0045,-0.0105,-0.006,7.5
1.858,0.0127,0.0052,-0.021,-0.0075,7.4
1.859,0.0142,0.0067,-0.0346,-0.0083,7.4
1.86,0.015,0.0067,-0.0278,-0.003,7.3
1.861,0.0097,0.003,-0.0143,-0.0008,7.3
1.862,0.0082,0.0052,-0.0285,-0.0046,7.3
1.863,0.0067,0.006,-0.0361,-0.006,7.3
1.864,0.0052,0.009,-0.048,-0.0075,7.2
1.865,0.0127,0.0127,-0.0585,-0.0083,7.2
1.866,0.0105,0.0112,-0.0615,-0.0068,7.2
1.867,0.0135,0.0127,-0.0728,-0.0105,7.2
1.868,0.0202,0.0105,-0.0788,-0.0128,7.1
1.869,0.0255,0.0097,-0.0795,-0.0105,7.1
1.87,0.03,0.0097,-0.0728,-0.0105,7.0
1.871,0.0352,0.0105,-0.0743,-0.0105,7.0
1.872,0.042,0.012,-0.0653,-0.0091,7.0
1.873,0.0435,0.0097,-0.06,-0.0091,6.9
1.874,0.0465,0.0082,-0.0578,-0.0098,6.9
1.875,0.0412,0.0097,-0.0503,-0.0091,6.9
1.876,0.0412,0.0142,-0.0563,-0.0091,6.8
1.877,0.045,0.0187,-0.0495,-0.0091,6.8
1.878,0.0442,0.0157,-0.0458,-0.0098,6.7
1.879,0.0367,0.0082,-0.0458,-0.0105,6.7
1.88,0.0255,0.0067,-0.0465,-0.0113,6.7
1.881,0.0172,0.009,-0.0518,-0.0098,6.7
1.882,0.009,0.0067,-0.0533,-0.0068,6.7
1.883,0.0037,0.0067,-0.0511,-0.0053,6.6
1.884,0.0022,0.006,-0.0518,-0.0046,6.6
1.885,0.003,0.0067,-0.0495,-0.0053,6.6
1.886,-0.0015,0.0067,-0.042,-0.0046,6.5
1.887,-0.0091,0.0045,-0.0368,-0.0046,6.5
1.888,-0.012,0.003,-0.0315,-0.0046,6.5
1.889,-0.0083,0.0022,-0.033,-0.0046,6.4
1.89,-0.0038,0.0022,-0.033,-0.0038,6.4
1.891,0.0007,0.0052,-0.03,-0.0015,6.4
1.892,0.0007,0.0052,-0.0218,0.0007,6.3
1.893,-0.0015,0.003,-0.0165,0.0007,6.3
1.894,0.0,0.0022,-0.0203,0.0007,6.3
1.895,0.0022,0.003,-0.0218,0.0,6.3
1.896,0.006,0.003,-0.0188,0.0007,6.3
1.897,0.003,0.0007,-0.0113,0.003,6.2
1.898,0.0,0.0007,-0.012,0.0022,6.2
1.899,0.0015,-0.0008,-0.0128,0.0,6.2
1.9,0.0037,-0.0015,-0.0135,-0.0008,6.1
1.901,0.0015,-0.0008,-0.0105,0.0015,6.1
1.902,-0.0015,-0.0008,-0.0091,0.0,6.1
1.903,0.0022,0.0022,-0.0158,-0.0015,6.0
1.904,0.0045,0.0045,-0.0165,-0.0008,6.0
1.905,0.0045,0.003,-0.0135,-0.0015,6.0
1.906,0.0,0.0022,-0.0068,-0.0008,6.0
1.907,-0.0023,0.0022,-0.0046,-0.0023,6.0
1.908,-0.003,0.0007,-0.0023,-0.0015,5.9
1.909,-0.0015,0.0007,0.006,0.0,5.9
1.91,-0.0015,0.0007,0.0082,-0.0008,5.9
1.911,-0.0046,0.0007,0.0112,0.0,5.9
1.912,-0.0046,0.0,0.0127,0.003,5.8
1.913,-0.0053,-0.0008,0.0105,0.0007,5.8
1.914,-0.0053,0.0015,0.009,-0.0008,5.8
1.915,-0.0023,0.0007,0.009,-0.0008,5.8
1.916,-0.003,-0.0008,0.012,-0.0008,5.8
1.917,-0.0053,-0.0015,0.0112,0.0,5.8
1.918,-0.0046,-0.0023,0.0045,-0.0015,5.7
1.919,-0.003,-0.0015,0.0,-0.0008,5.7
1.92,-0.0015,-0.0015,0.0007,-0.0015,5.6
1.921,-0.0008,-0.0008,0.0,-0.0023,5.6
1.922,0.0007,0.0007,-0.0023,-0.0023,5.6
1.923,0.003,0.0007,-0.0038,-0.0023,5.6
1.924,0.0007,-0.0008,-0.0008,-0.0023,5.6
1.925,0.0007,0.0,0.0022,-0.003,5.6
1.926,0.0007,-0.0023,0.006,0.0,5.6
1.927,-0.0023,-0.006,0.0075,0.0007,5.6
1.928,-0.0038,-0.0046,0.0067,-0.0008,5.5
1.929,-0.0046,-0.0053,0.0052,0.0007,5.5
1.93,-0.0053,-0.006,0.0075,-0.0008,5.5
1.931,-0.0015,-0.003,0.0067,-0.0023,5.5
1.932,-0.0023,-0.0038,0.0075,-0.0008,5.5
1.933,-0.0023,-0.003,0.0105,0.0,5.4
1.934,-0.0015,-0.003,0.006,0.0015,5.4
1.935,-0.0015,-0.0023,0.0052,0.0007,5.4
1.936,0.0,-0.0015,0.0075,0.0007,5.4
1.937,0.0,-0.0015,0.0082,0.0015,5.4
1.938,0.0,-0.0023,0.0052,0.0,5.4
1.939,-0.0023,-0.0015,0.0045,-0.0008,5.3
1.94,-0.0015,-0.0023,0.0052,0.0,5.3
1.941,0.0007,-0.0015,0.0045,0.0,5.3
1.942,0.0007,-0.0015,0.0067,-0.0008,5.3
1.943,-0.0008,-0.003,0.0105,0.0022,5.3
1.944,-0.0053,-0.0038,0.0202,0.0045,5.3
1.945,-0.0068,-0.0053,0.024,0.0052,5.3
1.946,-0.0083,-0.0068,0.0255,0.0052,5.3
1.947,-0.0105,-0.006,0.0255,0.0037,5.3
1.948,-0.0105,-0.006,0.0217,0.003,5.2
1.949,-0.0083,-0.0053,0.0187,0.003,5.2
1.95,-0.0053,-0.0038,0.015,0.003,5.2
1.951,-0.003,-0.0053,0.0165,0.0022,5.2
1.952,-0.0015,-0.003,0.0105,-0.0008,5.2
1.953,0.0,-0.0015,0.0075,0.0,5.1
1.954,-0.003,-0.003,0.0187,0.0022,5.1
1.955,-0.006,-0.0015,0.015,0.0015,5.1
1.956,-0.003,0.0015,0.0022,-0.0008,5.1
1.957,0.0007,0.0022,0.0067,0.0015,5.1
1.958,-0.0038,-0.0015,0.018,0.0052,5.1
1.959,-0.0083,-0.0046,0.0187,0.0022,5.0
1.96,-0.0038,-0.0015,0.0142,0.0007,5.0
1.961,0.0,-0.003,0.0157,0.003,5.0
1.962,-0.0015,-0.003,0.0157,0.0045,5.0
1.963,-0.0015,-0.003,0.0187,0.0045,4.9
1.964,-0.003,-0.0038,0.0142,0.003,4.9
1.965,-0.0008,-0.0015,0.0082,0.0015,4.9
1.966,-0.0008,-0.0008,0.0045,0.0015,4.9
1.967,-0.0038,-0.0015,0.0015,0.003,4.9
1.968,-0.0015,-0.0015,0.0,0.003,4.9
1.969,-0.0008,0.0007,-0.0083,0.0015,4.8
1.97,0.003,0.0045,-0.0181,-0.003,4.8
1.971,0.0127,0.0067,-0.0383,-0.0068,4.8
1.972,0.0187,0.0082,-0.0428,-0.0091,4.7
1.973,0.0142,0.0052,-0.0225,-0.0046,4.7
1.974,0.009,0.003,-0.0091,-0.0023,4.7
1.975,0.006,0.0007,0.0037,-0.0015,4.7
1.976,0.0007,-0.0008,0.0142,0.0015,4.6
1.977,-0.0046,-0.003,0.0172,0.003,4.6
1.978,-0.0083,-0.003,0.0232,0.0037,4.6
1.979,-0.012,-0.0053,0.0262,0.0045,4.6
1.98,-0.012,-0.0053,0.0217,0.0037,4.5
1.981,-0.0105,-0.0046,0.0195,0.0045,4.5
1.982,-0.0105,-0.0068,0.021,0.0067,4.5
1.983,-0.0091,-0.0046,0.0142,0.006,4.5
1.984,-0.0046,-0.0015,0.0067,0.003,4.5
1.985,-0.0008,-0.0023,0.009,0.0022,4.5
1.986,0.0007,-0.0008,0.0045,0.003,4.4
1.987,0.0052,0.0015,-0.0083,-0.0015,4.4
1.988,0.0075,0.003,-0.0165,-0.0038,4.4
1.989,0.006,0.0015,-0.0165,-0.003,4.4
1.99,0.0067,0.0007,-0.0165,-0.003,4.3
1.991,0.0067,0.003,-0.0195,-0.003,4.3
1.992,0.0082,0.0022,-0.0128,-0.0015,4.3
1.993,0.0052,0.0007,-0.0053,0.0007,4.3
1.994,0.0015,0.0015,-0.0053,0.0,4.3
1.995,0.003,0.0007,-0.006,0.0,4.2
1.996,-0.0008,-0.0008,-0.003,0.0007,4.2
1.997,-0.0023,0.0015,-0.0008,-0.0008,4.2
1.998,-0.0008,0.0,0.0007,0.003,4.2
1.999,-0.003,-0.0008,0.0022,0.003,4.1
2.0,-0.0008,0.0037,-0.003,-0.0008,4.1
2.001,0.0007,0.0045,-0.0046,-0.0008,4.1
2.002,0.0007,0.006,-0.0075,-0.0023,4.1
2.003,0.0052,0.0045,-0.0098,-0.0023,4.1
2.004,0.0045,0.0007,-0.0091,-0.0015,4.0
2.005,0.0045,0.0022,-0.0105,-0.0015,4.0
2.006,0.0045,0.0015,-0.0083,-0.0008,4.0
2.007,0.0015,0.0015,-0.006,-0.0015,4.0
2.008,0.0022,0.0015,-0.003,0.0007,4.0
2.009,-0.0008,0.0007,0.0015,0.0037,4.0
2.01,-0.0023,-0.0008,0.006,0.0037,3.9
2.011,-0.0008,-0.0038,0.0075,0.0015,3.9
2.012,-0.0015,-0.003,0.0075,0.0,3.9
2.013,-0.0015,-0.0015,0.0075,-0.0008,3.9
2.014,-0.0015,0.0007,0.003,-0.0015,3.9
2.015,0.0007,0.003,-0.0068,-0.0038,3.8
2.016,0.0045,0.003,-0.0143,-0.003,3.8
2.017,0.0052,0.0015,-0.015,-0.0023,3.8
2.018,0.006,0.0007,-0.021,-0.0046,3.8
2.019,0.009,0.0037,-0.021,-0.0046,3.7
2.02,0.0097,0.003,-0.0203,-0.003,3.7
2.021,0.0082,0.0015,-0.0218,-0.0015,3.7
2.022,0.0075,0.006,-0.0218,-0.0046,3.7
2.023,0.009,0.0052,-0.024,-0.0046,3.7
2.024,0.0097,0.0037,-0.0203,-0.0046,3.6
2.025,0.0082,0.0045,-0.0181,-0.003,3.6
2.026,0.0105,0.003,-0.0158,-0.0023,3.6
2.027,0.0067,0.003,-0.0083,-0.0008,3.6
2.028,0.003,0.003,-0.0075,-0.0015,3.6
2.029,0.0022,0.0007,-0.0053,-0.0023,3.6
2.03,-0.0008,0.0,-0.0008,-0.0008,3.5
2.031,0.0007,0.0015,0.0,0.0007,3.5
2.032,0.0015,0.0015,-0.0008,0.0,3.5
2.033,0.003,0.0007,-0.0068,-0.0008,3.5
2.034,0.003,0.003,-0.0128,-0.003,3.5
2.035,0.0037,0.0015,-0.0128,-0.0008,3.4
2.036,0.0045,0.0,-0.012,-0.0015,3.4
2.037,0.0015,0.0015,-0.0128,-0.0015,3.4
2.038,0.0045,0.0015,-0.0165,-0.0008,3.4
2.039,0.0045,0.0015,-0.0158,-0.0008,3.3
2.04,0.0022,0.0015,-0.0128,0.0007,3.3
2.041,0.0015,0.0007,-0.012,-0.0008,3.3
2.042,-0.0015,0.0015,-0.0098,-0.0015,3.3
2.043,-0.0008,0.0007,-0.0105,0.0,3.3
2.044,-0.0008,0.0007,-0.0053,0.0015,3.3
2.045,-0.0015,0.0,-0.0015,0.0015,3.3
2.046,-0.0015,0.0007,0.0007,0.0,3.3
2.047,-0.0015,0.0,0.0007,-0.0008,3.2
2.048,0.0007,0.0007,0.0,-0.0008,3.2
2.049,-0.003,0.0,0.003,0.0,3.2
2.05,-0.0023,-0.0015,0.0052,0.0,3.2
2.051,-0.0015,-0.0015,0.0082,0.0,3.2
2.052,-0.0015,-0.0023,0.0082,0.0007,3.2
2.053,-0.0023,-0.003,0.0082,0.0022,3.2
2.054,-0.0053,-0.0038,0.0097,0.0015,3.1
2.055,-0.003,-0.0046,0.0082,0.0007,3.1
2.056,-0.0046,-0.0053,0.0105,0.0015,3.1
2.057,-0.0046,-0.0053,0.0105,0.003,3.1
2.058,-0.0053,-0.0053,0.0142,0.003,3.1
2.059,-0.006,-0.0053,0.0165,0.0015,3.1
2.06,-0.0046,-0.0038,0.0142,0.0007,3.1
2.061,-0.0053,-0.0038,0.0157,0.0007,3.1
2.062,-0.0053,-0.0038,0.0165,0.0015,3.1
2.063,-0.006,-0.0046,0.015,0.0007,3.1
2.064,-0.0038,-0.0053,0.0142,-0.0008,3.1
2.065,0.0,-0.0053,0.0135,-0.0015,3.1
2.066,-0.0008,-0.0046,0.0142,-0.0015,3.1
2.067,-0.0015,-0.003,0.0135,-0.003,3.1
2.068,0.0015,-0.0008,0.0082,-0.0046,3.1
2.069,0.0037,0.0,0.003,-0.0046,3.1
2.07,0.0075,0.0015,-0.003,-0.0053,3.1
2.071,0.0097,0.003,-0.0128,-0.0068,3.1
2.072,0.0067,0.0007,-0.0053,-0.003,3.1
2.073,0.0015,-0.0015,0.003,0.0007,3.1
2.074,0.0015,-0.0015,0.003,0.0007,3.1
2.075,-0.0008,-0.003,0.0165,0.003,3.1
2.076,-0.0046,-0.0023,0.0142,0.0015,3.1
2.077,-0.0053,-0.0023,0.0135,0.003,3.1
2.078,-0.0091,-0.003,0.0202,0.006,3.1
2.079,-0.0075,-0.0023,0.0172,0.006,3.1
2.08,-0.0083,-0.0015,0.0202,0.006,3.1
2.081,-0.0068,-0.0023,0.0195,0.003,3.1
2.082,-0.003,-0.003,0.0142,0.0022,3.1
2.083,-0.0046,-0.003,0.0157,0.0015,3.1
2.084,-0.003,-0.006,0.018,0.0022,3.1
2.085,-0.003,-0.0038,0.0142,0.003,3.1
2.086,-0.003,-0.0008,0.012,0.003,3.2
2.087,-0.0038,-0.0008,0.0082,0.0037,3.2
2.088,-0.0015,0.0015,0.0052,0.0037,3.2
2.089,0.0007,0.0007,0.0067,0.003,3.2
2.09,0.0,0.0015,0.0037,0.0022,3.3
2.091,-0.0008,0.0,0.0082,0.0015,3.3
2.092,-0.0015,0.0,0.0112,0.0,3.3
2.093,-0.0023,0.0007,0.009,-0.0015,3.3
2.094,-0.003,-0.0015,0.009,0.0,3.3
2.095,-0.003,-0.0015,0.0082,0.003,3.4
2.096,-0.003,-0.0038,0.0105,0.0007,3.4
2.097,-0.003,-0.0038,0.0105,0.0007,3.4
2.098,-0.003,-0.0008,0.0082,0.003,3.4
2.099,-0.0008,-0.0008,0.006,0.0007,3.5
2.1,-0.0015,-0.0015,0.0037,-0.0008,3.5
2.101,-0.0015,-0.003,-0.0008,-0.0015,3.5
2.102,0.0015,0.0,-0.0008,-0.0023,3.6
2.103,0.0,0.0,-0.0015,-0.0023,3.6
2.104,0.0022,-0.0015,-0.006,-0.0038,3.6
2.105,0.0045,-0.0008,-0.006,-0.0046,3.7
2.106,0.0015,-0.0008,-0.0068,-0.006,3.7
2.107,0.003,0.0007,-0.0046,-0.0075,3.8
2.108,0.003,0.0015,-0.0008,-0.006,3.8
2.109,0.003,0.0,0.003,-0.0053,3.9
2.11,0.0015,-0.0023,0.0105,-0.0053,3.9
2.111,-0.003,-0.0023,0.012,-0.003,3.9
2.112,-0.0023,0.0,0.0097,-0.0015,4.0
2.113,-0.003,0.0007,0.003,-0.0015,4.0
2.114,-0.0008,0.0007,-0.003,-0.003,4.0
2.115,-0.0008,0.0015,-0.0008,-0.0038,4.1
2.116,-0.0008,0.0,0.0015,-0.0008,4.1
2.117,-0.003,0.0007,0.0,-0.0008,4.2
2.118,-0.0015,0.0007,-0.0053,-0.0023,4.2
2.119,0.003,0.003,-0.0128,-0.0015,4.3
2.12,0.0045,0.0015,-0.0135,-0.003,4.3
2.121,0.006,0.0,-0.0143,-0.0015,4.4
2.122,0.0052,0.0007,-0.0165,-0.003,4.4
2.123,0.0052,0.0007,-0.015,-0.0046,4.5
2.124,0.0007,-0.0008,-0.0105,-0.0015,4.5
2.125,-0.0015,0.0,-0.0068,-0.0015,4.6
2.126,-0.0008,-0.0008,-0.006,-0.0008,4.6
2.127,-0.003,-0.0015,-0.0046,-0.0008,4.7
2.128,-0.0023,-0.0015,-0.003,0.0007,4.8
2.129,-0.003,-0.0015,-0.0023,0.0015,4.8
2.13,-0.0008,-0.0015,-0.0038,0.0015,4.9
2.131,-0.0008,-0.0023,-0.0015,0.003,4.9
2.132,-0.003,-0.0015,-0.0053,0.0,5.0
2.133,0.0037,0.0015,-0.012,-0.0008,5.0
2.134,0.0045,0.0007,-0.0091,0.0007,5.1
2.135,0.0052,0.0007,-0.0053,0.0,5.2
2.136,0.009,0.0037,-0.0008,0.0022,5.2
2.137,0.0105,0.006,-0.0008,0.003,5.3
2.138,0.015,0.0105,-0.003,0.003,5.3
2.139,0.018,0.0127,-0.0053,0.003,5.4
2.14,0.018,0.0097,-0.0105,-0.0008,5.4
2.141,0.0157,0.0052,-0.0098,-0.0008,5.5
2.142,0.0112,0.0007,-0.0068,-0.003,5.6
2.143,0.0067,0.0,-0.0053,-0.0046,5.6
2.144,0.0045,0.0,-0.0181,-0.0083,5.7
2.145,0.0105,0.0037,-0.0405,-0.0113,5.8
2.146,0.0157,0.0075,-0.0405,-0.0068,5.8
2.147,0.009,0.0022,-0.0165,-0.0015,5.9
2.148,-0.0008,-0.003,0.0022,0.0015,6.0
2.149,-0.0068,-0.0053,0.0142,0.0037,6.0
2.15,-0.012,-0.0068,0.0202,0.0045,6.1
2.151,-0.0143,-0.006,0.0232,0.006,6.2
2.152,-0.0128,-0.0083,0.0277,0.0075,6.2
2.153,-0.0143,-0.0083,0.0255,0.0067,6.3
2.154,-0.0135,-0.0068,0.0232,0.0045,6.3
2.155,-0.0105,-0.0075,0.0202,0.003,6.4
2.156,-0.0091,-0.0053,0.0157,0.0007,6.5
2.157,-0.0091,-0.0038,0.009,0.0007,6.6
2.158,-0.0091,-0.0053,0.0082,0.0007,6.6
2.159,-0.0083,-0.0038,0.0045,-0.0008,6.7
2.16,-0.0053,-0.0015,0.0007,-0.0015,6.7
2.161,-0.0015,0.0007,-0.0008,-0.0038,6.8
2.162,0.0007,0.0007,-0.0046,-0.0023,6.9
2.163,0.0007,0.0,-0.0038,-0.0023,7.0
2.164,0.0022,0.0007,-0.0105,-0.003,7.0
2.165,0.0007,0.0015,-0.012,-0.0015,7.1
2.166,0.0015,0.003,-0.012,-0.003,7.2
2.167,0.0037,0.0037,-0.0165,-0.0015,7.2
2.168,0.0022,0.003,-0.0203,-0.003,7.3
2.169,0.006,0.0045,-0.0225,-0.0046,7.4
2.17,0.0082,0.0022,-0.0218,-0.0053,7.5
2.171,0.0082,0.003,-0.0225,-0.0053,7.6
2.172,0.009,0.0045,-0.0203,-0.003,7.6
2.173,0.0075,0.0052,-0.0195,-0.003,7.7
2.174,0.0067,0.0052,-0.0203,-0.0046,7.7
2.175,0.0067,0.003,-0.0218,-0.0053,7.8
2.176,0.0052,0.003,-0.015,-0.0053,7.9
2.177,0.0007,0.0007,-0.0053,-0.0053,8.0
2.178,-0.0023,-0.0008,-0.0038,-0.0046,8.1
2.179,-0.0046,-0.0015,-0.0015,-0.003,8.1
2.18,-0.0053,-0.003,0.003,-0.0023,8.2
2.181,-0.0046,-0.003,0.0022,-0.003,8.3
2.182,-0.003,-0.003,0.0,-0.0023,8.4
2.183,-0.003,-0.0023,0.0,0.0007,8.5
2.184,-0.0015,-0.0046,-0.003,0.0,8.5
2.185,0.0022,-0.006,-0.006,0.0015,8.6
2.186,0.003,-0.003,-0.0083,0.0015,8.7
2.187,0.0007,-0.0015,-0.0083,-0.0008,8.8
2.188,0.0022,0.0007,-0.0068,-0.0008,8.9
2.189,0.003,0.003,-0.0015,-0.0008,9.0
2.19,0.0015,0.0037,0.0075,0.0015,9.1
2.191,0.0052,0.006,0.0082,0.003,9.2
2.192,0.0052,0.0052,0.0105,0.003,9.3
2.193,0.0015,0.0015,0.009,0.0015,9.4
2.194,0.0015,-0.0008,0.0015,0.0,9.4
2.195,-0.0008,-0.0008,0.0007,0.0,9.5
2.196,-0.0008,0.0,-0.0046,-0.0008,9.6
2.197,0.0,0.0,-0.0098,-0.0008,9.7
2.198,0.0007,-0.0023,-0.0128,-0.0038,9.8
2.199,0.0045,-0.0015,-0.0173,-0.006,9.9
2.2,0.0052,0.0007,-0.021,-0.0053,10.0
2.201,0.0067,0.0022,-0.0203,-0.0046,10.1
2.202,0.0082,0.003,-0.0218,-0.003,10.2
2.203,0.0067,0.0052,-0.027,-0.0015,10.3
2.204,0.0105,0.0067,-0.03,-0.0023,10.4
2.205,0.0105,0.0045,-0.033,-0.003,10.6
2.206,0.009,0.0015,-0.0293,-0.0046,10.7
2.207,0.012,0.0,-0.0293,-0.0046,10.8
2.208,0.009,-0.0015,-0.0293,-0.0015,10.9
2.209,0.0067,-0.003,-0.0188,0.0007,11.0
2.21,0.0037,-0.003,-0.0135,0.0022,11.2
2.211,0.0045,-0.0046,-0.0143,0.003,11.2
2.212,0.0015,-0.0053,-0.0083,0.0045,11.4
2.213,-0.0038,-0.003,-0.0068,0.0022,11.5
2.214,0.0,-0.0008,-0.0158,-0.0015,11.6
2.215,0.003,0.0015,-0.0143,-0.0015,11.7
2.216,0.003,0.0052,-0.0091,-0.0015,11.8
2.217,0.0037,0.0105,-0.0046,0.0,11.9
2.218,0.0007,0.0105,0.0007,0.0,12.1
2.219,-0.003,0.0067,0.0037,-0.0008,12.1
2.22,-0.0068,0.003,0.0105,0.0022,12.3
2.221,-0.0083,0.0015,0.0097,0.0015,12.4
2.222,-0.006,0.0015,0.009,0.0007,12.6
2.223,-0.006,-0.0015,0.0187,0.0022,12.7
2.224,-0.0068,-0.003,0.024,0.0022,12.9
2.225,-0.0098,-0.0046,0.0292,0.0052,13.0
2.226,-0.0098,-0.0046,0.0345,0.0075,13.1
2.227,-0.0091,-0.006,0.033,0.0052,13.3
2.228,-0.0098,-0.0075,0.0315,0.0045,13.5
2.229,-0.0091,-0.0053,0.0345,0.0052,13.6
2.23,-0.0091,-0.0053,0.0405,0.009,13.8
2.231,-0.0068,-0.0046,0.0435,0.012,13.9
2.232,-0.0068,-0.0053,0.0412,0.009,14.0
2.233,-0.0091,-0.0068,0.039,0.0052,14.2
2.234,-0.0075,-0.0068,0.0367,0.003,14.4
2.235,-0.0091,-0.0075,0.039,0.003,14.5
2.236,-0.0105,-0.0068,0.042,0.0022,14.6
2.237,-0.0091,-0.0068,0.039,0.0045,14.8
2.238,-0.0091,-0.0053,0.0397,0.0045,14.9
2.239,-0.0083,-0.003,0.0367,0.003,15.1
2.24,-0.006,-0.0015,0.024,0.0015,15.2
2.241,-0.0046,-0.0008,0.0082,-0.0015,15.4
2.242,-0.0008,-0.0015,-0.0038,-0.0038,15.6
2.243,0.003,0.0015,-0.0075,-0.0046,15.7
2.244,0.0045,0.0007,-0.0015,-0.0046,15.9
2.245,0.0015,-0.0008,0.0052,-0.0015,16.2
2.246,0.0,-0.0008,0.0007,-0.0008,16.3
2.247,0.0022,0.0007,-0.012,-0.0023,16.5
2.248,0.0045,0.0045,-0.0158,-0.0023,16.7
2.249,0.003,0.0022,-0.0046,0.0,16.9
2.25,0.0022,0.0007,-0.0046,-0.0015,17.0
2.251,0.0045,0.0007,-0.0068,0.0,17.2
2.252,0.0045,-0.0008,0.0,0.0037,17.4
2.253,0.0052,0.0022,-0.0068,0.0015,17.6
2.254,0.0067,-0.0015,0.0067,0.0045,17.8
2.255,0.0015,-0.006,0.0135,0.003,18.0
2.256,0.0015,-0.006,0.006,0.0015,18.2
2.257,0.0007,-0.006,0.003,0.0007,18.4
2.258,0.0015,-0.0008,-0.0105,-0.003,18.5
2.259,0.003,-0.0015,-0.0083,-0.0015,18.7
2.26,0.0015,-0.0015,-0.0091,-0.0038,18.9
2.261,0.0022,0.0007,-0.0083,-0.003,19.1
2.262,-0.0008,0.0022,-0.006,-0.0015,19.3
2.263,-0.0008,0.0045,-0.0128,-0.0038,19.6
2.264,-0.0008,0.003,-0.012,-0.0023,19.8
2.265,0.003,0.003,-0.0113,-0.0038,20.0
2.266,0.003,0.0015,-0.012,-0.0023,20.2
2.267,0.0015,0.0007,-0.0098,-0.0015,20.4
2.268,0.0015,0.0022,-0.0068,-0.003,20.7
2.269,-0.0015,0.0037,-0.0068,-0.0008,20.9
2.27,-0.0008,0.003,-0.0046,-0.0008,21.1
2.271,-0.0008,-0.0008,0.0007,-0.0008,21.3
2.272,-0.0023,-0.0008,0.0022,-0.0008,21.5
2.273,0.0007,-0.0008,0.0015,-0.0015,21.8
2.274,-0.0008,-0.0015,0.0015,0.0,22.0
2.275,0.0,0.0007,0.0007,-0.0008,22.2
2.276,0.0007,0.0015,0.0067,-0.0008,22.4
2.277,-0.0023,0.0007,0.0082,-0.0023,22.6
2.278,0.0,0.0052,0.003,-0.0023,22.9
2.279,0.0007,0.0015,0.0052,-0.0008,23.1
2.28,0.0007,0.0015,0.0,-0.0023,23.3
2.281,0.0007,0.0037,-0.0053,-0.0015,23.6
2.282,0.0007,0.0015,-0.0046,-0.0015,23.8
2.283,0.003,0.0022,-0.006,-0.0015,24.1
2.284,0.0052,0.0007,-0.0075,-0.0023,24.3
2.285,0.0052,-0.0015,-0.0091,-0.0008,24.6
2.286,0.0022,-0.0038,-0.0091,-0.0008,24.8
2.287,0.0037,-0.0038,-0.0098,-0.0015,25.1
2.288,0.003,0.0,-0.012,-0.0015,25.4
2.289,0.0045,0.0007,-0.015,-0.0015,25.6
2.29,0.0045,0.0015,-0.0098,0.0007,25.9
2.291,0.0015,-0.0015,-0.0083,0.0007,26.1
2.292,0.003,-0.0046,-0.0083,-0.0008,26.4
2.293,0.0015,-0.0053,-0.003,-0.0008,26.7
2.294,0.0007,-0.0038,-0.0015,-0.0008,27.0
2.295,0.003,-0.0038,0.003,0.0007,27.2
2.296,0.0022,-0.0046,0.0015,-0.0008,27.4
2.297,0.0037,-0.003,0.0015,-0.0023,27.7
2.298,0.003,-0.003,0.0022,-0.0015,28.0
2.299,0.0015,-0.0008,0.0007,-0.0015,28.2
2.3,0.003,0.003,0.0,-0.003,28.5
2.301,0.0015,0.0037,0.003,-0.003,28.8
2.302,-0.0008,0.003,0.0067,-0.003,29.0
2.303,-0.0015,0.0037,0.006,-0.003,29.2
2.304,-0.0023,0.0022,0.009,-0.0008,29.5
2.305,-0.0015,0.0015,0.0127,0.0,29.7
2.306,-0.0023,0.0007,0.0135,0.0015,30.0
2.307,-0.0038,-0.0015,0.018,0.003,30.2
2.308,-0.0068,-0.0053,0.0262,0.003,30.5
2.309,-0.0105,-0.0083,0.0307,0.003,30.7
2.31,-0.012,-0.0083,0.0315,0.003,31.0
2.311,-0.012,-0.0098,0.0292,0.003,31.2
2.312,-0.0105,-0.0098,0.0277,0.0022,31.5
2.313,-0.0053,-0.0068,0.024,0.003,31.7
2.314,-0.0015,-0.003,0.015,0.0015,32.0
2.315,0.0,-0.0023,0.0127,0.0015,32.2
2.316,-0.003,-0.0023,0.0135,0.0015,32.5
2.317,-0.0053,-0.0023,0.009,-0.0008,32.7
2.318,-0.0046,-0.0023,0.0097,-0.0008,33.0
2.319,-0.0015,0.0,0.0082,-0.0015,33.2
2.32,-0.0015,0.0007,0.0067,-0.0015,33.5
2.321,-0.0015,0.0007,0.0075,-0.0008,33.7
2.322,-0.0015,0.0007,0.0067,0.0007,33.9
2.323,0.0,0.0007,0.003,0.0,34.1
2.324,0.0015,0.0022,-0.0008,-0.0015,34.4
2.325,0.003,0.0022,-0.0046,-0.0008,34.6
2.326,0.0037,0.0022,-0.0008,0.0,34.8
2.327,0.0015,0.0015,0.009,0.0,35.1
2.328,0.0007,0.0015,0.009,-0.0008,35.3
2.329,0.0015,0.0045,0.0067,0.0,35.5
2.33,0.0007,0.0052,0.0067,0.0015,35.7
2.331,-0.0008,0.0022,0.0045,0.003,36.0
2.332,0.0007,0.0015,0.003,0.0045,36.2
2.333,0.0015,0.0007,-0.003,0.0045,36.4
2.334,0.0045,0.0,-0.0075,0.0045,36.6
2.335,0.0067,0.0007,-0.0128,0.0015,36.9
2.336,0.0045,0.0015,-0.0158,0.0015,37.1
2.337,0.0037,0.0,-0.012,0.0015,37.3
2.338,0.0022,-0.0008,-0.0068,0.0,37.5
2.339,0.0015,-0.0008,-0.0046,0.0022,37.8
2.34,0.0,-0.0008,-0.0015,0.0037,38.0
2.341,0.0015,-0.0008,-0.003,0.003,38.2
2.342,0.0022,-0.0008,-0.0083,0.0015,38.3
2.343,0.0015,-0.0015,-0.0075,0.0015,38.6
2.344,0.003,-0.0023,-0.0083,0.0015,38.7
2.345,0.0045,-0.0015,-0.0128,-0.0015,38.9
2.346,0.0052,-0.0008,-0.015,-0.0015,39.1
2.347,0.003,0.0,-0.0158,-0.0038,39.3
2.348,0.003,0.0015,-0.0165,-0.0053,39.5
2.349,0.003,0.0045,-0.0233,-0.006,39.7
2.35,0.0067,0.0052,-0.0285,-0.0083,39.9
2.351,0.009,0.003,-0.0323,-0.0083,40.0
2.352,0.012,0.003,-0.0383,-0.0113,40.2
2.353,0.0157,0.0052,-0.0443,-0.012,40.5
2.354,0.0165,0.0067,-0.0465,-0.012,40.6
2.355,0.018,0.0082,-0.0503,-0.0128,40.8
2.356,0.0172,0.0052,-0.0495,-0.0128,41.0
2.357,0.0142,0.0052,-0.0428,-0.012,41.2
2.358,0.0112,0.0067,-0.0383,-0.0091,41.4
2.359,0.0105,0.0067,-0.0323,-0.0105,41.6
2.36,0.0067,0.0067,-0.0263,-0.0091,41.8
2.361,0.0007,0.0067,-0.027,-0.0083,41.9
2.362,0.0015,0.0097,-0.027,-0.0083,42.1
2.363,0.0037,0.0105,-0.027,-0.0083,42.3
2.364,0.003,0.009,-0.0248,-0.0098,42.4
2.365,0.003,0.0045,-0.0256,-0.0083,42.6
2.366,0.006,0.0015,-0.0278,-0.0105,42.8
2.367,0.0067,0.0015,-0.0263,-0.0113,43.0
2.368,0.0045,-0.0015,-0.027,-0.0113,43.1
2.369,0.003,-0.0023,-0.0218,-0.0113,43.3
2.37,0.0015,-0.006,-0.0143,-0.0068,43.5
2.371,-0.0008,-0.0068,-0.0083,-0.0053,43.6
2.372,-0.0015,-0.0038,-0.0038,-0.0038,43.8
2.373,-0.0015,-0.0015,-0.003,-0.0023,44.0
2.374,-0.0008,-0.0015,-0.0008,-0.003,44.2
2.375,0.0007,-0.0053,0.0022,-0.0015,44.4
2.376,0.0015,-0.0046,0.0045,-0.0015,44.5
2.377,-0.0015,-0.0008,0.0045,-0.0015,44.7
2.378,-0.0015,0.0007,0.0052,-0.003,44.9
2.379,-0.0023,0.0007,0.003,-0.0023,45.0
2.38,-0.0023,0.0015,0.0022,0.0007,45.2
2.381,-0.0038,0.0022,0.0037,0.0015,45.4
2.382,-0.003,-0.0008,-0.0015,0.0007,45.6
2.383,-0.0008,-0.0023,-0.0046,-0.0008,45.8
2.384,0.0007,-0.0046,-0.006,-0.0008,45.9
2.385,-0.0008,-0.0091,-0.0046,-0.0015,46.1
2.386,-0.003,-0.0105,0.0007,-0.0015,46.3
2.387,-0.0008,-0.0105,0.003,0.0015,46.4
2.388,0.0022,-0.0105,0.0067,0.0045,46.6
2.389,0.0007,-0.0098,0.0165,0.006,46.8
2.39,-0.0053,-0.0113,0.0262,0.0067,47.0
2.391,-0.0083,-0.006,0.0315,0.0082,47.1
2.392,-0.0091,-0.003,0.0337,0.0082,47.3
2.393,-0.0083,-0.0068,0.0367,0.009,47.5
2.394,-0.0098,-0.0091,0.039,0.0105,47.6
2.395,-0.0098,-0.0038,0.0382,0.0127,47.8
2.396,-0.0091,0.009,0.0382,0.0127,48.0
2.397,-0.0105,0.0165,0.0375,0.012,48.1
2.398,-0.012,0.0157,0.0352,0.012,48.3
2.399,-0.012,0.0105,0.0345,0.0105,48.5
2.4,-0.012,0.0082,0.0315,0.009,48.7
2.401,-0.0113,0.006,0.0292,0.012,48.8
2.402,-0.0083,-0.0008,0.0255,0.0105,49.0
2.403,-0.006,-0.0128,0.0262,0.009,49.1
2.404,-0.0091,-0.027,0.03,0.0045,49.2
2.405,-0.0113,-0.0383,0.0225,-0.0053,49.4
2.406,-0.0105,-0.0458,0.0157,-0.0083,49.5
2.407,-0.012,-0.039,0.0157,-0.0046,49.6
2.408,-0.0143,-0.0308,0.0127,-0.0038,49.8
2.409,-0.012,-0.033,0.0097,-0.0046,49.9
2.41,-0.012,-0.0383,0.015,-0.003,50.0
2.411,-0.0128,-0.0346,0.0165,-0.0008,50.1
2.412,-0.012,-0.0075,0.0135,0.0022,50.3
2.413,-0.0098,0.0307,0.012,0.009,50.4
2.414,-0.0075,0.054,0.0097,0.0157,50.5
2.415,-0.0053,0.0637,0.0105,0.018,50.7
2.416,-0.0015,0.0307,0.012,0.0232,50.8
2.417,0.0015,-0.0518,0.0172,0.0195,50.9
2.418,0.0045,-0.0638,0.018,0.0195,51.1
2.419,0.0067,-0.024,0.018,0.03,51.2
2.42,0.0067,-0.0128,0.0195,0.0225,51.3
2.421,0.009,-0.042,0.0217,0.0045,51.4
2.422,0.0105,-0.0361,0.0217,-0.0053,51.4
2.423,0.0105,0.0817,0.0217,-0.0128,51.5
2.424,0.0135,0.1312,0.0255,-0.0158,51.6
2.425,0.0142,0.093,0.0225,-0.0068,51.6
2.426,0.012,0.084,0.018,0.0007,51.7
2.427,0.0037,0.0787,0.009,0.0015,51.7
2.428,-0.0008,0.0457,0.0007,0.0015,51.8
2.429,-0.003,-0.0248,0.0007,-0.0128,51.8
2.43,-0.006,-0.0743,-0.0091,-0.0293,51.9
2.431,-0.0075,-0.1006,-0.0143,-0.0203,52.0
2.432,-0.0091,-0.1193,-0.0158,-0.0083,52.0
2.433,-0.0083,-0.1215,-0.0181,-0.0098,52.1
2.434,-0.0068,-0.1223,-0.0165,-0.0083,52.2
2.435,-0.0046,-0.1118,-0.0143,0.0045,52.2
2.436,-0.0053,-0.1043,-0.0105,0.0187,52.2
2.437,-0.0053,-0.1013,-0.0113,0.0352,52.3
2.438,-0.003,0.018,-0.0068,0.0637,52.4
2.439,-0.0008,0.3075,-0.0008,0.0817,52.4
2.44,0.0045,0.447,0.006,0.0667,52.5
2.441,0.006,0.2872,0.009,0.0382,52.5
2.442,0.0082,0.1447,0.0097,0.018,52.5
2.443,0.0067,0.0532,0.009,0.0,52.6
2.444,0.0045,-0.021,0.003,-0.0113,52.6
2.445,0.0037,-0.0015,0.0007,-0.012,52.6
2.446,0.0075,0.0105,-0.0008,-0.0188,52.6
2.447,0.0112,-0.0181,-0.0038,-0.0218,52.6
2.448,0.012,-0.0653,-0.0105,-0.0278,52.7
2.449,0.0135,-0.0608,-0.0181,-0.0383,52.7
2.45,0.0105,-0.0293,-0.0256,-0.039,52.7
2.451,0.009,-0.0675,-0.0353,-0.0488,52.8
2.452,0.0082,-0.108,-0.0375,-0.0443,52.8
2.453,0.0045,-0.093,-0.0353,-0.0263,52.8
2.454,0.0015,-0.0765,-0.033,-0.0165,52.8
2.455,0.0007,-0.0593,-0.0338,-0.006,52.9
2.456,0.0,-0.0083,-0.0285,0.0037,52.9
2.457,0.0022,0.0675,-0.0195,0.0165,52.9
2.458,0.0045,0.0765,-0.0068,0.0247,53.0
2.459,0.0082,0.0195,0.0037,0.0142,53.0
2.46,0.0097,0.0,0.0075,0.0037,53.0
2.461,0.009,-0.0256,0.0067,-0.0075,53.0
2.462,0.0082,-0.0398,-0.0015,-0.0105,53.0
2.463,0.0045,-0.033,-0.0015,-0.0015,53.0
2.464,0.0045,-0.0375,-0.0015,-0.0046,53.1
2.465,0.0045,-0.0285,-0.0091,-0.0083,53.1
2.466,0.0015,-0.0181,-0.012,-0.0046,53.1
2.467,0.0007,-0.0068,-0.0165,-0.006,53.1
2.468,0.0,0.003,-0.0165,-0.0075,53.1
2.469,-0.0008,0.0202,-0.0158,-0.006,53.1
2.47,-0.0008,0.0322,-0.0181,-0.0083,53.1
2.471,-0.0023,0.0255,-0.0181,-0.0105,53.1
2.472,-0.0023,0.006,-0.0143,-0.0083,53.1
2.473,-0.0038,-0.003,-0.0075,-0.012,53.1
2.474,-0.003,0.006,0.0007,-0.0083,53.1
2.475,-0.003,0.0,0.009,0.0015,53.1
2.476,-0.0038,0.0105,0.0165,0.0052,53.1
2.477,-0.0015,0.0202,0.0232,0.0202,53.1
2.478,-0.003,-0.0046,0.0232,0.0247,53.1
2.479,-0.0023,-0.027,0.0217,0.0142,53.1
2.48,-0.0046,-0.0488,0.0217,-0.0053,53.1
2.481,-0.0068,-0.0735,0.0142,-0.024,53.1
2.482,-0.003,-0.0691,0.0105,-0.0218,53.1
2.483,0.0022,-0.0465,0.009,-0.0165,53.1
2.484,0.003,-0.0405,0.0052,-0.0233,53.1
2.485,0.003,-0.0008,-0.0008,-0.0233,53.1
2.486,0.003,0.054,-0.0091,-0.0158,53.1
2.487,0.003,0.0652,-0.0091,0.0015,53.1
2.488,0.003,0.063,-0.003,0.0105,53.1
2.489,0.0015,0.075,-0.003,0.0105,53.1
2.49,0.003,0.0585,-0.006,0.0172,53.1
2.491,0.0022,0.018,-0.0083,0.0052,53.1
2.492,0.0,0.033,-0.012,-0.0015,53.0
2.493,-0.0008,0.0277,-0.0128,0.0082,53.0
2.494,0.0015,-0.0023,-0.0091,0.0097,53.0
2.495,0.0007,-0.0218,-0.0068,0.0187,53.0
2.496,0.003,-0.042,-0.006,0.0232,53.0
2.497,0.0022,-0.0308,-0.0075,0.0307,53.0
2.498,0.0,-0.0533,-0.0128,0.018,53.0
2.499,0.0022,-0.0465,-0.0158,-0.0091,52.9
2.5,0.0015,0.0,-0.0128,-0.0158,52.9
2.501,0.0052,0.048,-0.012,-0.0263,52.8
2.502,0.0067,0.0547,-0.006,-0.027,52.7
2.503,0.0067,-0.0128,-0.0053,-0.024,52.6
2.504,0.0082,-0.0308,-0.0091,-0.0203,52.6
2.505,0.006,-0.0443,-0.0068,-0.012,52.4
2.506,0.0037,-0.075,-0.0098,-0.0068,52.3
2.507,-0.0015,-0.0525,-0.0068,0.0232,52.2
2.508,-0.003,0.0067,-0.003,0.0442,52.2
2.509,-0.0023,0.0337,0.003,0.024,52.1
2.51,-0.003,0.0,0.009,0.0052,52.0
2.511,-0.0046,-0.0008,0.0067,-0.0046,51.9
2.512,-0.0083,-0.021,0.009,-0.0083,51.8
2.513,-0.0075,-0.0368,0.006,0.0015,51.7
2.514,-0.0083,0.0127,0.0082,0.0007,51.6
2.515,-0.006,0.045,0.009,-0.0038,51.5
2.516,-0.0015,0.0442,0.012,-0.0008,51.4
2.517,-0.0015,0.0075,0.0082,-0.0075,51.3
2.518,-0.0015,0.0157,-0.0023,-0.0091,51.2
2.519,-0.003,0.0292,0.0,-0.0068,51.1
2.52,-0.0008,0.0082,0.003,-0.0068,51.0
2.521,0.0007,0.0097,-0.003,-0.0083,50.9
2.522,0.0045,0.003,-0.024,-0.0143,50.8
2.523,0.0067,0.0022,-0.0165,-0.0075,50.6
2.524,-0.0015,-0.0053,-0.0015,-0.0053,50.5
2.525,0.0007,-0.0091,-0.0195,-0.012,50.4
2.526,0.0022,-0.0091,-0.0068,-0.0068,50.2
2.527,-0.0015,-0.0105,0.0037,0.0007,50.1
2.528,0.0045,-0.003,-0.003,0.0015,49.9
2.529,0.0052,-0.0068,-0.0046,-0.0015,49.8
2.53,0.0022,-0.0068,-0.0038,-0.0023,49.7
2.531,0.0015,-0.0083,-0.003,-0.0008,49.6
2.532,0.0067,-0.0068,-0.0008,0.0022,49.5
2.533,0.0067,-0.006,0.0067,0.0045,49.3
2.534,0.0052,-0.0091,0.003,0.0007,49.2
2.535,0.0045,-0.0083,0.0015,0.0007,49.0
2.536,0.0007,-0.0068,0.0015,0.0007,48.9
2.537,-0.0008,-0.0046,-0.0015,-0.0015,48.8
2.538,-0.0038,0.0015,-0.0008,-0.0008,48.6
2.539,-0.0046,0.012,-0.003,0.0,48.5
2.54,-0.0015,0.0142,-0.0068,0.0,48.3
2.541,-0.0008,0.012,-0.0098,-0.0023,48.2
2.542,0.0007,0.0045,-0.0068,-0.0023,48.1
2.543,0.0015,-0.0015,-0.0068,-0.0008,47.9
2.544,0.0015,0.0007,-0.0046,-0.0015,47.7
2.545,0.0007,-0.0015,0.0015,-0.0008,47.5
2.546,-0.0008,0.0022,0.0015,-0.0008,47.4
2.547,0.0015,0.0052,0.0022,-0.0015,47.2
2.548,0.003,0.0082,0.0045,-0.0008,47.0
2.549,0.0007,0.0082,0.0075,-0.0015,46.8
2.55,0.0007,0.003,0.006,-0.0023,46.7
2.551,-0.0008,0.0015,0.0015,-0.0046,46.5
2.552,-0.0046,-0.003,0.0015,-0.006,46.3
2.553,-0.0038,-0.0053,0.0007,-0.0046,46.2
2.554,-0.0053,-0.0083,-0.0008,-0.0053,46.0
2.555,-0.0068,-0.0075,0.0015,-0.0053,45.9
2.556,-0.0075,-0.0053,0.0052,-0.0038,45.7
2.557,-0.0083,-0.0068,0.0105,-0.0015,45.5
2.558,-0.0068,-0.0083,0.0135,0.0015,45.3
2.559,-0.0046,-0.0083,0.018,0.0015,45.2
2.56,-0.0023,-0.0068,0.0217,0.006,45.0
2.561,0.0045,-0.0008,0.0217,0.009,44.7
2.562,0.0067,0.009,0.0247,0.0082,44.5
2.563,0.0075,0.0112,0.0255,0.0067,44.2
2.564,0.0082,0.0105,0.0202,0.0037,44.0
2.565,0.0067,0.009,0.0202,-0.0008,43.7
2.566,0.003,0.0067,0.0187,-0.0038,43.5
2.567,0.0,0.0007,0.0172,-0.006,43.2
2.568,-0.0046,-0.0098,0.0202,-0.0046,43.0
2.569,-0.0068,-0.0143,0.0165,-0.0053,42.7
2.57,-0.0083,-0.0083,0.0105,-0.0098,42.5
2.571,-0.0053,0.003,0.006,-0.0098,42.3
2.572,-0.0053,0.0037,0.0045,-0.0083,42.0
2.573,-0.006,-0.0015,0.0045,-0.0083,41.8
2.574,-0.0068,-0.003,0.0037,-0.0068,41.5
2.575,-0.0068,-0.012,0.0082,-0.0046,41.3
2.576,-0.0083,-0.012,0.015,-0.0008,41.0
2.577,-0.0105,-0.0075,0.0127,-0.0046,40.8
2.578,-0.0038,-0.0008,-0.0046,-0.0128,40.5
2.579,0.0067,0.0112,-0.0165,-0.0203,40.3
2.58,0.0097,0.012,-0.0203,-0.024,40.0
2.581,0.0112,0.0105,-0.0233,-0.0203,39.7
2.582,0.012,0.009,-0.0256,-0.0143,39.4
2.583,0.0105,0.0082,-0.0263,-0.003,39.1
2.584,0.009,0.0082,-0.021,0.0187,38.8
2.585,0.0045,0.003,-0.015,0.033,38.6
2.586,0.0022,-0.0046,-0.0083,0.027,38.3
2.587,0.0045,-0.012,-0.0008,0.0135,38.0
2.588,0.0022,-0.015,0.003,0.0135,37.7
2.589,0.0015,-0.0105,0.0097,0.0195,37.4
2.59,0.0015,-0.0098,0.0195,0.0157,37.1
2.591,-0.003,-0.0113,0.0217,0.0007,36.9
2.592,-0.0046,-0.0188,0.0195,-0.0068,36.5
2.593,-0.0068,-0.0315,0.0187,-0.012,36.3
2.594,-0.0128,-0.033,0.0202,-0.0181,36.0
2.595,-0.0135,-0.027,0.018,-0.0105,35.7
2.596,-0.0105,-0.003,0.0112,0.0045,35.4
2.597,-0.0068,0.0345,0.0052,0.0127,35.1
2.598,-0.0046,0.0375,0.0007,0.0127,34.8
2.599,-0.003,0.0202,-0.0053,0.0142,34.5
2.6,-0.0008,0.0187,-0.0105,0.0187,34.2
2.601,0.0015,0.0195,-0.0143,0.018,34.0
2.602,0.0037,0.0202,-0.0158,0.0277,33.7
2.603,0.0052,0.027,-0.0158,0.0352,33.4
2.604,0.006,0.0277,-0.0195,0.018,33.1
2.605,0.0037,0.0157,-0.0195,0.0015,32.8
2.606,0.0045,0.0052,-0.0165,0.0045,32.5
2.607,0.0037,0.018,-0.0135,0.0067,32.2
2.608,0.0045,0.0067,-0.0015,0.0067,31.9
2.609,0.0067,-0.012,0.0052,0.0067,31.6
2.61,0.0075,-0.0068,0.003,-0.0015,31.4
2.611,0.003,-0.0105,0.0015,-0.0091,31.1
2.612,0.0037,-0.0068,-0.0008,-0.0091,30.8
2.613,0.0045,-0.0046,-0.0023,-0.0075,30.5
2.614,-0.0008,-0.0053,0.0015,-0.003,30.2
2.615,-0.0038,-0.0068,0.0097,-0.0023,29.9
2.616,-0.0068,-0.0105,0.0105,-0.0046,29.7
2.617,-0.0046,-0.0075,0.0022,-0.0068,29.3
2.618,-0.0015,-0.0083,0.0045,-0.0046,29.1
2.619,-0.0015,-0.006,-0.0015,-0.0068,28.8
2.62,0.0015,-0.0046,-0.0083,-0.0105,28.4
2.621,-0.003,-0.0046,-0.0015,-0.006,28.2
2.622,-0.0038,-0.0046,-0.0023,-0.0053,27.9
2.623,-0.003,-0.0046,-0.006,-0.0046,27.7
2.624,-0.0023,-0.003,-0.0023,-0.0008,27.4
2.625,-0.0023,-0.0008,0.0007,0.0045,27.1
2.626,-0.003,-0.0008,-0.0015,0.0067,26.9
2.627,0.0022,-0.0015,0.0007,0.003,26.6
2.628,0.0015,-0.003,0.0037,0.0015,26.4
2.629,0.0,-0.0046,0.0037,-0.003,26.1
2.63,0.003,-0.0023,0.0022,-0.0038,25.8
2.631,0.003,0.0007,0.0007,-0.003,25.6
2.632,0.0052,0.0022,-0.0038,-0.003,25.3
2.633,0.0037,0.0045,-0.0091,-0.003,25.0
2.634,-0.0046,0.0045,-0.0143,-0.0053,24.7
2.635,-0.0105,0.003,-0.0188,-0.0068,24.5
2.636,-0.0091,0.0052,-0.0158,-0.0075,24.3
2.637,-0.0015,0.0052,-0.0075,-0.0053,24.0
2.638,0.003,0.0052,-0.0008,-0.003,23.7
2.639,0.003,0.0045,-0.0023,-0.0046,23.4
2.64,0.0045,0.0015,-0.0015,-0.0015,23.1
2.641,0.0075,0.0037,-0.0023,0.0015,22.9
2.642,0.0045,0.0045,-0.0023,0.0045,22.7
2.643,0.0015,0.0015,0.0082,0.0082,22.4
2.644,0.0,0.0022,0.0112,0.0082,22.2
2.645,0.0015,0.0007,0.0022,-0.0038,21.9
2.646,0.0105,0.0,-0.0046,-0.0098,21.7
2.647,0.0165,0.003,-0.0083,-0.0038,21.5
2.648,0.0225,0.003,-0.0083,0.003,21.2
2.649,0.0217,0.0007,-0.0143,0.0052,21.0
2.65,0.0195,0.0007,-0.0203,-0.0068,20.7
2.651,0.0165,0.0007,-0.0203,-0.0203,20.4
2.652,0.0105,0.0015,-0.0181,-0.021,20.2
2.653,0.0097,0.003,-0.0181,-0.0143,19.9
2.654,0.0067,0.003,-0.0158,0.0007,19.7
2.655,0.0052,0.003,-0.0158,0.0262,19.4
2.656,0.0052,0.0007,-0.0181,0.042,19.2
2.657,0.0,-0.003,-0.0143,0.0315,19.0
2.658,-0.0053,-0.0046,-0.0113,0.0157,18.7
2.659,-0.0083,-0.003,-0.0083,0.006,18.5
2.66,-0.0075,-0.003,-0.0038,-0.0015,18.2
2.661,-0.0068,-0.0053,-0.003,-0.006,18.0
2.662,-0.0068,-0.0015,0.0,-0.0105,17.8
2.663,-0.006,-0.0008,0.003,-0.0091,17.5
2.664,-0.0053,-0.0008,0.003,-0.0075,17.3
2.665,-0.0046,0.0007,0.0015,-0.0068,17.0
2.666,-0.0053,0.0,0.003,-0.003,16.8
2.667,-0.0046,-0.003,0.003,-0.0053,16.6
2.668,-0.0008,-0.0068,0.0037,-0.0038,16.4
2.669,0.0037,-0.0053,0.0075,-0.0023,16.2
2.67,0.0045,-0.0008,0.009,-0.0023,15.9
2.671,0.003,0.003,0.0067,0.0015,15.7
2.672,0.0015,0.0007,0.0105,0.0052,15.5
2.673,0.0007,0.0,0.0135,0.0015,15.3
2.674,0.0007,-0.0015,0.012,0.0007,15.0
2.675,-0.003,0.0007,0.0142,0.0067,14.8
2.676,-0.0068,-0.0008,0.0105,0.0022,14.5
2.677,-0.0083,-0.0038,0.0045,-0.0083,14.3
2.678,-0.0083,-0.0038,0.0,-0.0105,14.1
2.679,-0.0091,-0.0015,-0.0015,-0.006,13.9
2.68,-0.0105,0.0015,0.0007,-0.0053,13.6
2.681,-0.0075,0.0,0.0015,-0.0015,13.4
2.682,-0.0046,0.0007,0.0015,0.0045,13.2
2.683,-0.0015,0.0007,0.0007,0.0007,13.0
2.684,-0.0015,-0.0008,-0.0015,-0.0091,12.8
2.685,-0.0015,0.0007,-0.003,-0.0181,12.6
2.686,-0.0008,0.0007,-0.0008,-0.0128,12.4
2.687,-0.0008,0.0007,0.0045,-0.0053,12.2
2.688,-0.0023,-0.0015,0.0067,-0.0008,12.0
2.689,-0.003,-0.003,0.0082,0.0082,11.8
2.69,-0.0023,-0.0053,0.0082,0.0127,11.6
2.691,-0.003,-0.006,0.006,0.0165,11.3
2.692,-0.0023,-0.0038,0.003,0.0165,11.2
2.693,-0.0046,-0.003,0.0067,0.0105,10.9
2.694,-0.0038,-0.003,0.0097,0.0045,10.7
2.695,-0.0015,-0.0053,0.009,-0.003,10.5
2.696,0.0007,-0.0053,0.0075,-0.0083,10.3
2.697,0.003,-0.0038,0.0052,-0.0098,10.1
2.698,0.0045,-0.0008,0.0045,-0.0128,9.9
2.699,0.0045,0.0007,-0.0015,-0.0158,9.7
2.7,0.0015,0.0015,-0.0083,-0.015,9.4
2.701,0.0022,0.0022,-0.012,-0.0143,9.3
2.702,0.0037,0.0007,-0.0113,-0.0105,9.1
2.703,0.0045,0.0015,-0.0083,-0.0068,9.0
2.704,0.0052,0.0015,-0.003,-0.0046,8.8
2.705,0.0045,0.003,0.0007,-0.003,8.6
2.706,0.0045,0.003,0.0097,0.0,8.5
2.707,0.0052,0.003,0.0165,0.0015,8.3
2.708,0.0045,0.0052,0.015,-0.0015,8.1
2.709,0.0045,0.0052,0.0165,-0.0015,7.9
2.71,0.003,0.0045,0.009,-0.003,7.7
2.711,0.0022,0.003,0.0,-0.0015,7.6
2.712,0.006,0.0,-0.0015,0.0052,7.4
2.713,0.0052,-0.0008,-0.006,0.0052,7.2
2.714,0.003,-0.0008,-0.0091,0.0045,7.1
2.715,0.0015,-0.0008,-0.012,-0.0023,6.9
2.716,0.0007,0.0,-0.0165,-0.0143,6.7
2.717,-0.003,0.0015,-0.0203,-0.0173,6.6
2.718,-0.0046,0.003,-0.024,-0.012,6.4
2.719,0.0015,0.003,-0.0278,-0.006,6.2
2.72,0.0037,0.0022,-0.0218,0.0052,6.0
2.721,0.0045,0.0007,-0.012,0.0187,5.9
2.722,0.0045,-0.0008,-0.0015,0.0225,5.8
2.723,0.0052,-0.0046,0.015,0.021,5.7
2.724,0.0037,-0.0113,0.0255,0.0157,5.6
2.725,0.0007,-0.0128,0.033,0.0105,5.5
2.726,-0.003,-0.0083,0.0382,0.0112,5.4
2.727,-0.0083,-0.0075,0.0412,0.0165,5.3
2.728,-0.0113,-0.0046,0.0367,0.0142,5.2
2.729,-0.0068,0.0007,0.024,0.0015,5.1
2.73,-0.0023,0.0007,0.021,-0.0091,4.9
2.731,-0.003,0.003,0.0127,-0.0195,4.9
2.732,-0.0008,0.0045,0.0022,-0.024,4.8
2.733,-0.003,0.0022,-0.0015,-0.0195,4.6
2.734,-0.0083,0.0015,-0.0038,-0.0113,4.5
2.735,-0.012,-0.003,-0.0046,-0.0053,4.5
2.736,-0.012,-0.0015,-0.0105,-0.0046,4.3
2.737,-0.0046,0.0007,-0.0195,-0.012,4.2
2.738,0.003,0.0007,-0.0293,-0.0256,4.1
2.739,0.0075,0.0015,-0.0323,-0.027,4.0
2.74,0.0097,-0.0015,-0.0375,-0.0248,3.9
2.741,0.009,-0.0015,-0.0353,-0.0195,3.9
2.742,0.0052,-0.0015,-0.0195,-0.003,3.8
2.743,0.0037,-0.003,-0.012,0.009,3.7
2.744,0.0037,-0.003,-0.0008,0.0127,3.6
2.745,0.003,0.0007,0.009,0.0135,3.6
2.746,0.0015,0.0052,0.0157,0.0165,3.5
2.747,0.0,0.0007,0.0217,0.0135,3.5
2.748,0.0007,-0.003,0.027,0.0142,3.4
2.749,-0.0015,-0.0046,0.0277,0.0202,3.3
2.75,-0.0068,-0.003,0.0255,0.024,3.2
2.751,-0.0083,-0.0046,0.0277,0.0277,3.2
2.752,-0.0083,-0.0091,0.0247,0.027,3.1
2.753,-0.0083,-0.0083,0.024,0.018,3.1
2.754,-0.0083,-0.0053,0.015,0.0045,3.0
2.755,-0.006,-0.0015,0.0082,0.0007,2.9
2.756,-0.0053,0.0007,0.012,-0.003,2.9
2.757,-0.0053,0.0015,0.0067,-0.0128,2.8
2.758,-0.003,0.003,0.0082,-0.0278,2.7
2.759,-0.0046,0.006,0.006,-0.0503,2.6
2.76,-0.0046,0.012,0.0007,-0.0653,2.6
2.761,-0.003,0.0157,-0.0023,-0.06,2.6
2.762,-0.0015,0.0165,-0.0128,-0.0308,2.6
2.763,-0.0023,0.0142,-0.0181,-0.0038,2.5
2.764,-0.003,0.0127,-0.0218,0.0195,2.5
2.765,-0.0015,0.0097,-0.0203,0.0615,2.5
2.766,0.0007,0.0022,-0.0105,0.0825,2.5
2.767,0.0007,-0.0135,-0.0046,0.0607,2.5
2.768,-0.0008,-0.027,0.012,0.0345,2.4
2.769,0.0015,-0.0278,0.039,0.0187,2.4
2.77,0.0015,-0.0203,0.057,0.0045,2.4
2.771,0.0007,-0.0165,0.0622,-0.0135,2.3
2.772,0.0015,-0.0091,0.063,-0.0293,2.3
2.773,0.0,-0.0008,0.0532,-0.0346,2.3
2.774,-0.0038,0.003,0.0442,-0.0308,2.3
2.775,-0.0091,0.0015,0.0307,-0.0233,2.2
2.776,-0.0113,-0.0015,0.0225,0.006,2.2
2.777,-0.0165,-0.006,0.0217,0.0427,2.2
2.778,-0.0233,-0.0158,0.003,0.0652,2.2
2.779,-0.021,-0.0218,-0.0203,0.0825,2.2
2.78,-0.015,-0.0218,-0.0256,0.0705,2.1
2.781,-0.0091,-0.0218,-0.0128,0.0315,2.1
2.782,-0.0015,-0.0165,-0.0098,-0.003,2.2
2.783,0.0067,-0.0068,-0.0053,-0.0181,2.2
2.784,0.0165,0.0052,-0.0038,-0.0143,2.2
2.785,0.0255,0.0157,-0.0158,-0.0068,2.2
2.786,0.0345,0.0195,-0.0256,-0.0083,2.2
2.787,0.0352,0.021,-0.0278,-0.0105,2.2
2.788,0.0322,0.0232,-0.024,-0.0053,2.3
2.789,0.027,0.0202,-0.027,-0.0068,2.3
2.79,0.0195,0.0127,-0.0285,-0.0143,2.3
2.791,0.0127,0.006,-0.0353,-0.03,2.3
2.792,0.0045,0.0037,-0.0398,-0.0465,2.3
2.793,-0.0046,0.0015,-0.0293,-0.054,2.4
2.794,-0.0105,0.0007,-0.0165,-0.0638,2.4
2.795,-0.006,0.0067,-0.0105,-0.0518,2.4
2.796,0.0142,0.012,-0.0165,-0.039,2.4
2.797,0.027,0.018,-0.0225,-0.027,2.5
2.798,0.0247,0.0225,-0.027,-0.0008,2.5
2.799,0.0195,0.0172,-0.0436,0.0067,2.5
2.8,0.0187,0.0142,-0.0668,0.0015,2.5
2.801,0.0247,0.0157,-0.0788,0.003,2.6
2.802,0.0255,0.0112,-0.0593,0.0202,2.6
2.803,0.012,0.003,-0.0623,0.0142,2.6
2.804,0.0052,0.003,-0.081,-0.0135,2.7
2.805,0.003,0.0022,-0.0706,-0.0143,2.7
2.806,-0.003,0.0,-0.0615,-0.0068,2.8
2.807,-0.0038,0.0037,-0.0555,-0.0053,2.8
2.808,-0.0046,0.0045,-0.0488,-0.0046,2.9
2.809,-0.0068,0.0045,-0.0361,0.009,2.9
2.81,-0.0068,0.0037,-0.0285,0.0105,3.0
2.811,0.0,0.0082,-0.0195,0.0022,3.0
2.812,0.0082,0.0157,-0.0098,0.012,3.1
2.813,0.0165,0.0142,-0.0143,0.0217,3.1
2.814,0.0157,0.0075,-0.012,0.0255,3.1
2.815,0.0082,0.0045,-0.0098,0.0307,3.2
2.816,-0.0015,-0.0023,0.0015,0.045,3.2
2.817,-0.0165,-0.0098,0.0157,0.06,3.3
2.818,-0.0143,-0.0181,0.0202,0.0495,3.3
2.819,-0.0091,-0.0278,0.0292,0.0142,3.4
2.82,-0.0068,-0.0308,0.0352,-0.0165,3.4
2.821,-0.006,-0.0323,0.0375,-0.0375,3.5
2.822,-0.0068,-0.0323,0.0375,-0.0473,3.5
2.823,-0.0053,-0.0248,0.0382,-0.0473,3.6
2.824,-0.0046,-0.015,0.036,-0.0346,3.6
2.825,-0.0046,-0.006,0.039,-0.0195,3.7
2.826,-0.0015,-0.003,0.0367,-0.0181,3.7
2.827,0.0135,-0.0038,0.0277,-0.0248,3.8
2.828,0.018,0.0015,0.0232,-0.0308,3.8
2.829,0.0165,0.0195,0.0172,-0.039,3.9
2.83,0.0127,0.0255,0.0195,-0.0346,4.0
2.831,0.0067,0.0112,0.0172,-0.0091,4.0
2.832,0.003,0.0075,0.0127,0.0142,4.0
2.833,0.0015,0.0082,0.0067,0.0337,4.1
2.834,0.0007,0.0052,0.0067,0.0495,4.1
2.835,-0.003,0.0067,0.0165,0.0525,4.2
2.836,-0.0008,0.0045,0.039,0.0562,4.2
2.837,-0.0053,0.003,0.054,0.0525,4.3
2.838,-0.0158,0.0007,0.0442,0.0345,4.4
2.839,-0.0233,-0.003,0.0292,0.015,4.4
2.84,-0.024,-0.003,0.0067,0.0015,4.5
2.841,-0.0128,-0.0053,-0.0143,-0.0105,4.5
2.842,-0.012,-0.0105,-0.0256,-0.0128,4.6
2.843,-0.0225,-0.0158,-0.027,-0.0098,4.7
2.844,-0.0405,-0.0188,-0.0128,-0.0135,4.7
2.845,-0.0428,-0.0203,0.0052,-0.0143,4.8
2.846,-0.0315,-0.0218,0.024,-0.0075,4.9
2.847,-0.0181,-0.0218,0.0345,0.0007,4.9
2.848,-0.0053,-0.0158,0.0457,0.0022,5.0
2.849,-0.0008,-0.0091,0.0532,0.0015,5.0
2.85,0.0082,-0.0008,0.048,0.0015,5.1
2.851,0.0082,0.0082,0.0405,-0.0046,5.2
2.852,0.0037,0.0097,0.0367,-0.012,5.3
2.853,0.0007,0.0037,0.039,-0.0195,5.3
2.854,0.0015,0.0007,0.033,-0.0203,5.4
2.855,0.015,0.0,0.021,-0.0143,5.5
2.856,0.03,-0.0015,0.0225,-0.0091,5.5
2.857,0.033,-0.003,0.0315,0.0007,5.6
2.858,0.0157,-0.0023,0.0277,0.012,5.7
2.859,0.0022,0.0015,0.0142,0.0165,5.7
2.86,-0.0046,0.0045,-0.0053,0.012,5.8
2.861,-0.0143,0.0075,-0.0188,0.0007,5.8
2.862,-0.0135,0.009,-0.0143,-0.0203,5.9
2.863,0.0075,0.0082,-0.0083,-0.0398,6.0
2.864,0.0337,0.0105,-0.0181,-0.0346,6.0
2.865,0.03,0.0157,-0.0181,-0.0218,6.1
2.866,0.0082,0.015,-0.0091,-0.0015,6.2
2.867,-0.0091,0.0082,-0.0113,0.0277,6.2
2.868,-0.027,-0.0023,-0.0113,0.045,6.3
2.869,-0.0383,-0.0113,-0.0173,0.0495,6.3
2.87,-0.0436,-0.0128,-0.0233,0.0442,6.4
2.871,-0.033,-0.0105,-0.0188,0.0262,6.4
2.872,0.0,-0.0038,-0.012,0.0142,6.5
2.873,0.0217,0.003,0.0007,0.0127,6.5
2.874,0.0247,0.0052,0.0052,0.006,6.6
2.875,0.0285,0.006,0.0082,0.0015,6.7
2.876,0.0217,0.0015,0.012,-0.0046,6.7
2.877,0.0007,-0.0068,0.0127,-0.0203,6.7
2.878,-0.0203,-0.0128,0.0247,-0.0533,6.8
2.879,-0.0233,-0.0113,0.0352,-0.0885,6.9
2.88,-0.0083,-0.0053,0.0277,-0.093,6.9
2.881,0.0127,0.0075,0.0097,-0.054,7.0
2.882,0.0195,0.0135,-0.006,0.003,7.2
2.883,-0.0046,0.0067,-0.0158,0.0405,7.2
2.884,-0.027,-0.0008,-0.0165,0.0802,7.4
2.885,-0.0443,-0.0008,-0.0256,0.108,7.5
2.886,-0.0503,-0.0075,-0.0263,0.078,7.6
2.887,-0.0375,-0.0158,-0.015,0.0315,7.7
2.888,-0.0233,-0.0105,-0.0105,0.0007,7.8
2.889,-0.0113,-0.0128,-0.003,-0.0091,7.9
2.89,-0.0075,-0.0128,-0.003,-0.0091,8.1
2.891,-0.0105,-0.0046,-0.006,-0.0091,8.1
2.892,-0.0068,0.0015,-0.006,-0.0068,8.2
2.893,0.0022,0.0007,-0.006,-0.0105,8.4
2.894,0.0127,-0.0015,-0.0053,-0.015,8.5
2.895,0.0187,0.0022,-0.0053,-0.012,8.6
2.896,0.0142,0.0007,-0.006,-0.0091,8.7
2.897,0.009,-0.0008,-0.0083,-0.0083,8.8
2.898,0.0007,0.0015,-0.0075,-0.0091,8.9
2.899,0.0015,0.0007,-0.0128,-0.0091,9.0
2.9,0.0112,-0.0008,-0.0105,-0.0098,9.1
2.901,0.0157,-0.0038,0.0007,-0.0091,9.3
2.902,0.0202,-0.0038,0.0127,-0.0083,9.4
2.903,0.0142,-0.003,0.024,-0.0053,9.6
2.904,0.0127,-0.0023,0.0232,-0.0046,9.7
2.905,0.0135,-0.0038,0.0247,-0.0046,9.9
2.906,0.009,-0.0046,0.0285,-0.0038,10.0
2.907,0.006,-0.0023,0.0255,-0.0046,10.2
2.908,-0.0008,0.0,0.0285,-0.003,10.3
2.909,-0.0015,0.0015,0.0157,-0.0015,10.4
2.91,-0.003,0.0015,-0.0083,-0.0015,10.6
2.911,-0.0128,0.0067,-0.0188,-0.0008,10.7
2.912,-0.024,0.0075,-0.024,-0.0008,10.9
2.913,-0.0278,0.0045,-0.027,0.0,11.0
2.914,-0.0143,0.0037,-0.0383,-0.003,11.2
2.915,0.0007,0.003,-0.0375,-0.006,11.3
2.916,0.0045,0.0045,-0.027,-0.0105,11.5
2.917,0.0105,0.0052,-0.0315,-0.012,11.6
2.918,0.0247,0.0082,-0.0278,-0.0046,11.8
2.919,0.042,0.0082,-0.0308,0.0045,11.9
2.92,0.0517,0.009,-0.0458,0.0045,12.1
2.921,0.0615,0.0157,-0.0495,0.0,12.1
2.922,0.069,0.0127,-0.039,-0.003,12.1
2.923,0.0607,0.0052,-0.0293,-0.0068,12.2
2.924,0.0457,0.0015,-0.0323,-0.0098,12.2
2.925,0.018,-0.0008,-0.0233,-0.0098,12.2
2.926,-0.0038,0.0007,-0.0218,-0.0091,12.3
2.927,-0.0075,0.0,-0.0285,-0.0075,12.3
2.928,-0.0068,-0.0008,-0.0353,-0.0098,12.4
2.929,-0.0195,-0.0023,-0.039,-0.0128,12.4
2.93,-0.0368,-0.0008,-0.0353,-0.0091,12.5
2.931,-0.0361,0.0045,-0.0375,-0.0083,12.5
2.932,-0.0263,0.0052,-0.039,-0.0083,12.5
2.933,-0.015,0.0067,-0.039,-0.0046,12.6
2.934,0.0015,0.0082,-0.0443,-0.003,12.6
2.935,0.018,0.0082,-0.0443,-0.003,12.6
2.936,0.0322,0.0082,-0.0353,-0.0015,12.7
2.937,0.0435,0.0075,-0.027,0.0015,12.7
2.938,0.0502,0.0082,-0.0181,0.0052,12.7
2.939,0.0502,0.0082,-0.0053,0.0067,12.8
2.94,0.042,0.0015,0.0142,0.0052,12.8
2.941,0.0217,-0.003,0.0285,0.0022,12.8
2.942,-0.0091,-0.0105,0.0337,0.0,12.6
2.943,-0.0308,-0.0143,0.0382,0.0015,12.6
2.944,-0.0398,-0.012,0.0367,0.0022,12.5
2.945,-0.0405,-0.0105,0.0315,0.0045,12.3
2.946,-0.039,-0.0068,0.0307,0.0067,12.2
2.947,-0.033,-0.0053,0.042,0.0067,12.1
2.948,-0.0308,-0.0046,0.048,0.0067,12.0
2.949,-0.0346,-0.0053,0.0442,0.0045,11.9
2.95,-0.0315,-0.0068,0.0352,0.0007,11.8
2.951,-0.024,-0.0038,0.0217,0.0007,11.7
2.952,-0.0128,0.0,0.0112,-0.0008,11.6
2.953,0.0052,0.0052,0.0015,0.0,11.5
2.954,0.0277,0.0082,0.0015,0.0015,11.4
2.955,0.042,0.003,-0.0015,-0.0015,11.3
2.956,0.0412,-0.0046,-0.0053,-0.0038,11.2
2.957,0.0195,-0.0053,-0.003,-0.003,11.1
2.958,-0.0083,0.0007,-0.0053,-0.0015,11.0
2.959,-0.015,0.006,-0.0165,-0.0046,10.8
2.96,-0.0105,0.006,-0.027,-0.0053,10.7
2.961,0.0,0.0037,-0.0068,-0.0015,10.7
2.962,0.0007,-0.0023,0.0142,0.0015,10.5
2.963,-0.0046,-0.0046,0.0225,0.0022,10.4
2.964,-0.0038,-0.0053,0.0285,0.006,10.3
2.965,-0.0105,-0.0068,0.0195,0.0067,10.2
2.966,-0.0143,-0.006,0.018,0.0082,10.1
2.967,-0.0105,-0.0068,0.0345,0.0097,10.0
2.968,-0.003,-0.0068,0.042,0.0082,9.9
2.969,-0.0015,-0.0046,0.0382,0.0075,9.8
2.97,-0.0053,-0.0046,0.0412,0.0082,9.6
2.971,-0.006,-0.0053,0.0405,0.0075,9.5
2.972,-0.0075,-0.0053,0.039,0.0082,9.4
2.973,-0.0091,-0.0053,0.0442,0.009,9.3
2.974,-0.0091,-0.0053,0.0442,0.009,9.2
2.975,-0.006,-0.0053,0.042,0.009,9.1
2.976,-0.006,-0.0046,0.039,0.0067,9.0
2.977,-0.0105,-0.0068,0.0345,0.003,8.9
2.978,-0.012,-0.0053,0.036,0.0045,8.8
2.979,-0.015,-0.0046,0.0367,0.0052,8.6
2.98,-0.0195,-0.0068,0.0307,0.006,8.5
2.981,-0.0256,-0.0038,0.0255,0.0075,8.5
2.982,-0.033,-0.0023,0.0232,0.0045,8.5
2.983,-0.024,-0.003,0.0217,0.003,8.5
2.984,-0.006,-0.0008,0.0142,0.0022,8.5
2.985,0.0022,0.0007,0.003,0.0015,8.4
2.986,0.0037,0.0037,-0.0083,0.0015,8.4
2.987,-0.0008,0.0075,-0.0195,0.0,8.4
2.988,-0.0068,0.0067,-0.0233,-0.0015,8.3
2.989,-0.0091,0.0045,-0.0233,0.0,8.3
2.99,-0.006,0.003,-0.0165,-0.0008,8.3
2.991,-0.0023,0.0022,-0.0083,-0.0023,8.2
2.992,0.0105,0.0007,-0.0046,-0.0015,8.2
2.993,0.021,-0.0008,0.003,-0.0015,8.2
2.994,0.0262,0.0007,0.0157,-0.0015,8.2
2.995,0.036,0.0007,0.0217,0.0015,8.1
2.996,0.0352,-0.003,0.0165,0.0045,8.1
2.997,0.0315,-0.006,0.012,0.0015,8.1
2.998,0.033,-0.0083,0.0082,-0.0008,8.1
2.999,0.0315,-0.0091,0.0067,-0.0038,8.1
3.0,0.0195,-0.0046,0.012,-0.0023,8.0
3.001,0.006,-0.0046,0.0127,-0.003,8.0
3.002,-0.0068,-0.003,0.0142,-0.0015,8.1
3.003,-0.0195,-0.0015,0.012,-0.0023,8.1
3.004,-0.03,-0.003,0.0045,-0.003,8.1
3.005,-0.033,-0.0023,-0.0038,-0.0015,8.1
3.006,-0.027,-0.0008,-0.0158,-0.003,8.2
3.007,-0.0248,0.0022,-0.0248,-0.0046,8.2
3.008,-0.0203,0.003,-0.0285,-0.0046,8.2
3.009,-0.0225,0.0007,-0.0218,-0.0015,8.3
3.01,-0.0278,-0.0023,-0.0143,0.0,8.3
3.011,-0.0248,-0.0015,-0.0173,-0.003,8.4
3.012,-0.0181,0.003,-0.0158,-0.0008,8.4
3.013,-0.0008,0.0022,-0.0181,0.0015,8.4
3.014,0.0022,0.0015,-0.0181,0.0007,8.5
3.015,0.0022,0.0037,-0.0158,0.0015,8.5
3.016,0.0082,0.0022,-0.015,0.0007,8.5
3.017,0.0157,0.0045,-0.015,-0.003,8.6
3.018,0.0352,0.0105,-0.0181,-0.0046,8.6
3.019,0.051,0.0097,-0.0143,-0.0083,8.6
3.02,0.057,0.0067,-0.0083,-0.0105,8.7
3.021,0.0457,0.0037,-0.0023,-0.0098,8.7
3.022,0.024,0.0015,-0.006,-0.0098,8.7
3.023,0.003,0.0015,-0.0233,-0.0091,8.8
3.024,-0.0158,0.0015,-0.0315,-0.0083,8.8
3.025,-0.0195,0.0015,-0.0203,-0.0038,8.8
3.026,-0.0128,0.0,-0.0091,-0.0008,8.8
3.027,-0.0008,0.0007,-0.0113,-0.003,8.8
3.028,0.009,0.0,-0.0181,-0.0023,8.9
3.029,0.0052,0.0007,-0.0308,-0.0023,8.9
3.03,-0.0046,0.0007,-0.0495,-0.0046,8.9
3.031,-0.015,0.0,-0.063,-0.0068,9.0
3.032,-0.0143,0.003,-0.0713,-0.0083,9.0
3.033,0.003,0.0037,-0.0773,-0.0068,9.0
3.034,0.0255,0.009,-0.0743,-0.0083,9.0
3.035,0.0337,0.0075,-0.0623,-0.0113,9.0
3.036,0.0262,0.0045,-0.0578,-0.0098,9.0
3.037,0.018,0.0105,-0.06,-0.0068,9.0
3.038,0.0292,0.0172,-0.0698,-0.006,9.1
3.039,0.0562,0.0217,-0.0713,-0.0068,9.1
3.04,0.0652,0.0157,-0.0645,-0.012,9.1
3.041,0.0517,0.0105,-0.0638,-0.0165,9.1
3.042,0.0277,0.0105,-0.0585,-0.0158,9.1
3.043,0.012,0.0105,-0.0555,-0.0165,9.1
3.044,0.009,0.0105,-0.0593,-0.0173,9.1
3.045,0.009,0.0097,-0.063,-0.0143,9.1
3.046,0.012,0.0105,-0.0578,-0.0113,9.1
3.047,0.018,0.0052,-0.0443,-0.0068,9.1
3.048,0.0172,-0.0008,-0.0263,-0.0023,9.1
3.049,0.0052,-0.003,-0.0128,0.0007,9.1
3.05,0.003,-0.0015,-0.0113,0.003,9.1
3.051,-0.003,-0.0015,-0.0068,0.0015,9.1
3.052,-0.0128,-0.003,-0.0046,0.003,9.1
3.053,-0.0091,-0.0046,-0.0038,0.003,9.1
3.054,-0.0128,-0.003,0.003,0.0022,9.1
3.055,-0.0203,-0.0015,-0.0015,0.0022,9.1
3.056,-0.0203,0.0015,-0.0068,-0.0008,9.1
3.057,-0.0165,0.0045,-0.0143,-0.003,9.1
3.058,-0.0083,0.0067,-0.0203,-0.0038,9.1
3.059,0.0007,0.0052,-0.0068,0.0007,9.1
3.06,0.006,0.0022,-0.0015,0.0022,9.0
3.061,0.0127,0.0007,0.0082,0.0007,9.0
3.062,0.0105,-0.0038,0.0262,0.003,9.0
3.063,0.006,-0.0046,0.0315,0.003,9.0
3.064,0.006,-0.0046,0.039,0.0037,9.0
3.065,-0.0008,-0.0046,0.0367,0.0052,9.0
3.066,-0.0083,-0.0046,0.0405,0.0067,9.0
3.067,-0.0143,-0.0083,0.0517,0.0105,9.0
3.068,-0.0195,-0.0083,0.057,0.012,9.0
3.069,-0.0293,-0.0105,0.0667,0.0127,9.0
3.07,-0.0315,-0.0113,0.0705,0.0127,9.0
3.071,-0.0338,-0.0105,0.0705,0.012,9.0
3.072,-0.0353,-0.0113,0.0705,0.0127,9.0
3.073,-0.0315,-0.0113,0.0675,0.012,9.0
3.074,-0.0278,-0.0091,0.0637,0.009,9.0
3.075,-0.0203,-0.0098,0.063,0.009,9.0
3.076,-0.0173,-0.012,0.0637,0.0097,9.0
3.077,-0.0143,-0.0105,0.0667,0.0105,9.0
3.078,-0.0128,-0.0105,0.0675,0.0105,8.9
3.079,-0.006,-0.0113,0.0645,0.009,8.9
3.08,0.0,-0.0083,0.0607,0.0082,8.9
3.081,0.0022,-0.0046,0.051,0.006,8.9
3.082,0.0037,-0.003,0.0382,0.0045,8.8
3.083,-0.0008,-0.0046,0.0367,0.0052,8.8
3.084,-0.0068,-0.003,0.0382,0.006,8.8
3.085,-0.0105,-0.0046,0.036,0.006,8.7
3.086,-0.0091,-0.006,0.0322,0.0052,8.7
3.087,-0.0098,-0.0046,0.018,0.0052,8.6
3.088,-0.012,-0.003,0.0097,0.0045,8.6
3.089,-0.012,-0.0015,0.0075,0.0022,8.6
3.09,-0.0091,-0.0015,0.009,0.0022,8.5
3.091,-0.0091,-0.0046,0.0157,0.0015,8.5
3.092,-0.0091,-0.003,0.015,0.003,8.5
3.093,-0.0068,-0.0046,0.0202,0.0022,8.5
3.094,-0.0053,-0.0015,0.0165,-0.0015,8.4
3.095,-0.0023,0.0015,0.0075,-0.0015,8.4
3.096,-0.0015,-0.0008,0.0007,-0.0015,8.3
3.097,-0.0023,0.0015,-0.0008,-0.0008,8.3
3.098,-0.0046,-0.0008,0.0052,0.003,8.3
3.099,-0.0038,-0.0015,0.0082,0.0037,8.2
3.1,-0.003,-0.0008,0.0097,0.003,8.1
3.101,-0.0046,-0.0023,0.0082,0.0015,8.1
3.102,0.0015,-0.003,0.0097,0.0015,8.1
3.103,0.003,-0.0038,0.0142,0.0015,8.1
3.104,-0.0008,-0.0038,0.012,-0.0008,8.1
3.105,-0.003,-0.0038,0.0105,0.0007,8.1
3.106,-0.0068,-0.003,0.015,0.0015,8.1
3.107,-0.0075,-0.0053,0.0195,0.0007,8.1
3.108,-0.0068,-0.0113,0.0157,0.0015,8.1
3.109,-0.012,-0.0173,0.0195,0.0015,8.1
3.11,-0.0105,-0.0195,0.0165,0.0007,8.1
3.111,-0.0053,-0.0203,0.0127,0.0007,8.1
3.112,-0.0023,-0.0203,0.0135,0.0007,8.1
3.113,0.0007,-0.0143,0.0067,0.0015,8.1
3.114,-0.0008,-0.012,0.003,0.0015,8.1
3.115,0.003,-0.0105,-0.0015,-0.0008,8.1
3.116,0.006,-0.0046,-0.0083,-0.0023,8.1
3.117,0.009,0.0,-0.0158,-0.0053,8.1
3.118,0.0172,0.0067,-0.0203,-0.0083,8.1
3.119,0.0217,0.0217,-0.0203,-0.0075,8.1
3.12,0.0225,0.039,-0.0188,-0.0038,8.1
3.121,0.018,0.048,-0.0091,-0.0023,8.1
3.122,0.0157,0.045,-0.0068,-0.0015,8.1
3.123,0.0105,0.0405,-0.0053,-0.0015,8.1
3.124,0.0067,0.027,-0.003,-0.0046,8.1
3.125,0.0067,0.0232,-0.0008,-0.003,8.1
3.126,0.0015,0.0322,-0.003,-0.0008,8.1
3.127,-0.0008,0.0202,-0.0098,-0.003,8.1
3.128,-0.0015,-0.0023,-0.0113,-0.003,8.1
3.129,0.0007,-0.012,-0.0143,-0.006,8.1
3.13,0.0052,-0.0128,-0.0181,-0.0083,8.1
3.131,0.006,-0.0143,-0.0233,-0.0083,8.1
3.132,0.0075,-0.0113,-0.0293,-0.0091,8.0
3.133,0.0067,-0.0091,-0.027,-0.0068,8.0
3.134,0.0037,-0.0091,-0.0203,-0.0038,8.0
3.135,0.0,-0.0068,-0.0158,-0.0023,8.0
3.136,0.0015,-0.0083,-0.0143,-0.0015,8.0
3.137,0.0052,-0.0083,-0.0105,-0.003,8.0
3.138,0.0015,-0.0068,-0.0091,-0.0038,8.0
3.139,-0.0023,-0.0105,-0.0128,-0.0023,7.9
3.14,-0.003,-0.0105,-0.0165,-0.0015,7.9
3.141,-0.0015,-0.0098,-0.0135,-0.0015,7.9
3.142,0.0007,-0.0083,-0.0105,-0.0015,7.8
3.143,0.0045,-0.0038,-0.0083,-0.0015,7.8
3.144,0.0075,-0.0046,-0.0083,-0.0038,7.7
3.145,0.0097,-0.0023,-0.0135,-0.0053,7.7
3.146,0.012,-0.0008,-0.0203,-0.0046,7.6
3.147,0.0135,0.0007,-0.0256,-0.0038,7.6
3.148,0.015,0.0022,-0.027,-0.0046,7.6
3.149,0.0135,0.0015,-0.0218,-0.0038,7.5
3.15,0.0105,0.0015,-0.0165,-0.0038,7.4
3.151,0.0052,0.0,-0.0105,-0.0023,7.4
3.152,0.0015,-0.0008,-0.0008,0.0,7.3
3.153,0.0007,0.0015,0.0045,0.0007,7.3
3.154,-0.006,0.0007,0.0045,0.0,7.2
3.155,-0.0083,0.0007,0.0067,0.0007,7.2
3.156,-0.0068,-0.0008,0.0052,0.0007,7.2
3.157,-0.0075,0.0,0.0052,0.0007,7.1
3.158,-0.0046,0.0,0.0075,0.0007,7.1
3.159,-0.0068,-0.0015,0.0097,0.0022,7.0
3.16,-0.0083,0.0007,0.0082,0.0015,6.9
3.161,-0.0053,0.0015,-0.0008,-0.0008,6.9
3.162,-0.0015,0.0015,-0.0046,-0.0023,6.9
3.163,0.0015,0.0015,-0.0091,-0.003,6.8
3.164,0.0007,0.0037,-0.0113,-0.0015,6.7
3.165,0.0015,0.0045,-0.0083,-0.0015,6.7
3.166,0.0045,0.003,-0.0053,-0.0015,6.6
3.167,0.0037,0.0037,-0.0105,-0.0008,6.6
3.168,0.003,0.0022,-0.0098,0.0007,6.5
3.169,0.0022,0.0015,-0.0075,0.0015,6.5
3.17,0.0022,0.0007,-0.003,0.0007,6.4
3.171,0.003,-0.0015,0.0052,0.0007,6.3
3.172,-0.0008,-0.0008,0.0082,0.0015,6.3
3.173,-0.0015,-0.0008,0.0127,0.0007,6.3
3.174,-0.0015,-0.0023,0.0067,0.0007,6.2
3.175,-0.0008,0.0,-0.0023,0.003,6.1
3.176,-0.0008,0.0007,-0.0015,0.0052,6.1
3.177,-0.0015,0.0007,0.003,0.0037,6.0
3.178,-0.0015,-0.0023,0.0142,0.0045,5.9
3.179,-0.0015,-0.0053,0.0195,0.0067,5.9
3.18,-0.0053,-0.0068,0.0217,0.0052,5.8
3.181,-0.012,-0.0068,0.03,0.0067,5.8
3.182,-0.0143,-0.0075,0.0307,0.0067,5.8
3.183,-0.0135,-0.0075,0.0307,0.003,5.7
3.184,-0.0105,-0.0075,0.03,-0.0008,5.7
3.185,-0.0068,-0.0091,0.0232,-0.0008,5.6
3.186,-0.0068,-0.0053,0.0232,0.003,5.6
3.187,-0.0068,-0.0046,0.0225,0.0052,5.6
3.188,-0.0068,-0.0046,0.0165,0.003,5.5
3.189,-0.0053,-0.003,0.0165,0.0015,5.5
3.19,-0.0046,-0.0023,0.0157,0.0037,5.4
3.191,-0.0053,-0.0023,0.0142,0.0045,5.4
3.192,-0.0068,-0.0038,0.015,0.0037,5.3
3.193,-0.006,-0.003,0.0105,0.0022,5.3
3.194,-0.0046,0.0007,0.0037,0.0007,5.3
3.195,0.0015,0.0022,-0.0015,-0.0008,5.2
3.196,0.0052,0.0052,-0.0105,-0.0023,5.2
3.197,0.0045,0.0037,-0.0135,-0.0038,5.2
3.198,0.0052,0.0037,-0.0143,-0.0046,5.1
3.199,0.006,0.006,-0.0225,-0.0046,5.1
3.2,0.009,0.0067,-0.0158,-0.0038,5.0
3.201,0.0045,0.003,-0.0015,0.0015,5.0
3.202,-0.0008,-0.0008,0.0,0.0007,5.0
3.203,0.0015,-0.0008,-0.0046,-0.0008,4.9
3.204,0.003,-0.0015,-0.0023,0.0022,4.9
3.205,0.0015,-0.0023,0.0052,0.003,4.9
3.206,-0.0008,-0.0015,0.003,0.0022,4.9
3.207,0.0007,0.0015,-0.0038,0.0015,4.9
3.208,0.0,0.0015,-0.0083,0.0,4.9
3.209,0.003,0.0007,-0.0128,-0.0008,4.9
3.21,0.0015,0.0015,-0.0158,-0.0015,4.8
3.211,0.0045,0.0037,-0.0225,-0.0046,4.8
3.212,0.006,0.0037,-0.0263,-0.0038,4.8
3.213,0.0052,0.0045,-0.0293,-0.0053,4.7
3.214,0.012,0.0052,-0.0353,-0.0068,4.7
3.215,0.0105,0.0052,-0.0361,-0.0083,4.7
3.216,0.0127,0.0045,-0.0346,-0.0083,4.7
3.217,0.0127,0.0067,-0.0315,-0.0053,4.7
3.218,0.0097,0.006,-0.0315,-0.0053,4.6
3.219,0.0097,0.0052,-0.0293,-0.0038,4.6
3.22,0.0067,0.0052,-0.024,-0.003,4.5
3.221,0.0067,0.003,-0.0233,-0.003,4.5
3.222,0.0052,0.003,-0.021,-0.003,4.5
3.223,0.0067,0.0045,-0.0256,-0.0053,4.5
3.224,0.0097,0.0052,-0.024,-0.0038,4.5
3.225,0.0067,0.003,-0.0105,0.0015,4.5
3.226,-0.0015,-0.0008,-0.0008,0.003,4.5
3.227,-0.0046,-0.0015,0.003,0.0022,4.5
3.228,-0.0046,-0.0015,0.003,0.0007,4.5
3.229,-0.003,0.0007,0.0007,-0.0008,4.5
3.23,-0.003,-0.0008,0.006,0.0015,4.5
3.231,-0.0046,-0.0015,0.0127,0.003,4.5
3.232,-0.0015,-0.0008,0.012,0.0022,4.4
3.233,0.003,-0.003,0.012,0.0022,4.4
3.234,0.0045,-0.003,0.012,0.0015,4.4
3.235,0.003,-0.0046,0.018,0.0015,4.4
3.236,-0.0015,-0.0046,0.0217,0.0,4.4
3.237,-0.0015,-0.0053,0.0217,0.0007,4.4
3.238,-0.0038,-0.0075,0.0202,0.0007,4.4
3.239,-0.0015,-0.0053,0.0097,-0.0008,4.3
3.24,0.0015,-0.003,0.0082,0.0007,4.3
3.241,-0.0008,-0.0023,0.0082,0.0022,4.3
3.242,-0.0015,-0.0008,-0.0015,-0.0008,4.3
3.243,0.0007,0.0015,-0.0046,-0.003,4.3
3.244,0.0007,0.0015,0.003,-0.0015,4.3
3.245,-0.0046,0.0,0.0045,-0.0038,4.3
3.246,-0.003,0.0,-0.0046,-0.0068,4.3
3.247,-0.0046,-0.0008,-0.006,-0.0053,4.3
3.248,-0.003,-0.0015,-0.0091,-0.0068,4.2
3.249,-0.0008,0.0007,-0.0113,-0.0091,4.2
3.25,-0.0015,-0.0008,-0.0091,-0.0091,4.2
3.251,0.0015,0.0015,-0.0098,-0.0091,4.2
3.252,0.0007,0.0015,-0.0113,-0.0105,4.2
3.253,-0.003,-0.0008,-0.012,-0.012,4.2
3.254,-0.0015,0.0015,-0.0083,-0.0083,4.2
3.255,0.0007,0.0015,-0.0083,-0.0046,4.2
3.256,0.0052,0.0037,-0.0075,-0.0053,4.2
3.257,0.0075,0.003,-0.0053,-0.0083,4.2
3.258,0.0097,0.0015,-0.0233,-0.0143,4.1
3.259,0.0157,0.0082,-0.0465,-0.0158,4.1
3.26,0.012,0.0075,-0.0263,-0.006,4.1
3.261,0.0052,0.0015,0.0112,0.0015,4.1
3.262,0.0052,-0.0008,0.0232,0.0037,4.1
3.263,0.0015,-0.0023,0.0367,0.006,4.1
3.264,-0.0046,-0.0053,0.0397,0.0052,4.1
3.265,-0.0075,-0.0068,0.0465,0.0067,4.1
3.266,-0.0143,-0.0083,0.0442,0.006,4.1
3.267,-0.0143,-0.0083,0.0292,0.0037,4.1
3.268,-0.0128,-0.0075,0.0217,0.0045,4.1
3.269,-0.0083,-0.0068,0.0082,0.0007,4.1
3.27,-0.0053,-0.0046,0.012,0.0015,4.0
3.271,-0.0068,-0.0046,0.012,0.0022,4.0
3.272,-0.0053,-0.0015,0.0157,0.0022,4.0
3.273,-0.0083,-0.003,0.018,0.003,4.0
3.274,-0.0068,-0.0038,0.0082,0.0022,4.0
3.275,-0.0046,-0.0015,0.0097,0.003,4.0
3.276,-0.0053,-0.003,0.018,0.0052,4.0
3.277,-0.0068,-0.003,0.0157,0.0045,4.0
3.278,-0.0053,-0.0008,0.0067,0.003,4.0
3.279,-0.0046,-0.0015,0.0045,0.0037,4.0
3.28,-0.0015,0.0007,0.0007,0.0015,4.0
3.281,-0.0008,0.0015,-0.0008,0.0022,4.0
3.282,-0.0015,0.0007,-0.0008,0.0045,4.0
3.283,-0.003,0.0,0.0007,0.0045,4.0
3.284,-0.006,-0.0008,0.0,0.003,4.0
3.285,-0.003,0.0007,-0.0015,0.003,4.0
3.286,-0.0038,0.0,0.0045,0.0045,4.0
3.287,-0.0053,-0.0015,0.0105,0.0045,4.0
3.288,-0.0053,-0.003,0.0195,0.0067,4.0
3.289,-0.0053,-0.0068,0.0217,0.0052,4.0
3.29,-0.0046,-0.0075,0.0232,0.0052,4.0
3.291,-0.0068,-0.0075,0.0255,0.0067,4.0
3.292,-0.0053,-0.0068,0.0217,0.0045,4.0
3.293,0.0015,-0.0046,0.0172,0.0045,4.0
3.294,0.0037,-0.0046,0.012,0.0052,4.0
3.295,0.0067,-0.0008,0.0045,0.0045,4.0
3.296,0.009,0.0015,-0.003,0.0015,4.0
3.297,0.0082,0.0015,-0.0008,0.0007,4.1
3.298,0.006,0.0015,0.0007,0.0007,4.1
3.299,0.0067,0.003,0.0007,0.0,4.1
3.3,0.0082,0.0007,0.0052,0.0007,4.1
3.301,0.0052,-0.0008,0.0067,0.0007,4.1
3.302,0.0052,-0.0015,0.0052,0.0007,4.1
3.303,0.0045,0.0007,0.0067,0.0007,4.1
3.304,0.0007,0.0007,0.012,0.0015,4.1
3.305,-0.0023,-0.0023,0.0142,0.003,4.1
3.306,-0.0053,-0.0038,0.0105,0.003,4.2
3.307,-0.003,-0.0046,0.0105,0.0045,4.2
3.308,-0.0046,-0.0046,0.0082,0.003,4.2
3.309,-0.0015,-0.0023,0.0015,0.0015,4.2
3.31,-0.0008,-0.0008,-0.0046,0.0,4.2
3.311,-0.0008,0.0015,-0.0075,0.0007,4.2
3.312,0.0015,0.0022,-0.006,0.0007,4.2
3.313,0.0015,0.0015,-0.0068,-0.0015,4.2
3.314,0.003,0.0007,-0.0091,-0.0023,4.2
3.315,0.0037,-0.0008,-0.0091,-0.003,4.3
3.316,0.0045,0.0007,-0.0098,-0.0015,4.3
3.317,0.0045,0.0045,-0.0158,-0.0015,4.3
3.318,0.0052,0.0067,-0.0233,-0.003,4.3
3.319,0.0082,0.0075,-0.027,-0.0023,4.3
3.32,0.0082,0.006,-0.024,-0.003,4.3
3.321,0.0037,0.0015,-0.0203,-0.0038,4.3
3.322,0.0052,0.0007,-0.0256,-0.0068,4.3
3.323,0.0097,0.0015,-0.0263,-0.0053,4.4
3.324,0.0105,0.0045,-0.027,-0.003,4.4
3.325,0.0105,0.006,-0.0263,-0.003,4.4
3.326,0.012,0.0067,-0.027,-0.003,4.4
3.327,0.0112,0.0067,-0.0285,-0.0046,4.4
3.328,0.0082,0.0052,-0.0256,-0.0046,4.4
3.329,0.0067,0.0075,-0.0278,-0.006,4.4
3.33,0.0075,0.0082,-0.0353,-0.0075,4.4
3.331,0.009,0.0067,-0.0353,-0.0053,4.4
3.332,0.0097,0.0052,-0.0368,-0.006,4.4
3.333,0.009,0.0067,-0.0383,-0.006,4.5
3.334,0.0082,0.0067,-0.033,-0.0053,4.5
3.335,0.0067,0.003,-0.0308,-0.0068,4.5
3.336,0.0082,0.0022,-0.0263,-0.0053,4.5
3.337,0.0067,0.003,-0.0203,-0.003,4.5
3.338,0.0045,0.0045,-0.0173,-0.0015,4.5
3.339,0.0045,0.0037,-0.0158,-0.0008,4.5
3.34,0.003,0.0022,-0.012,0.0,4.5
3.341,0.0015,0.0022,-0.0105,-0.0008,4.5
3.342,0.0022,0.0015,-0.0091,0.0007,4.5
3.343,0.0045,0.0,-0.006,-0.0008,4.6
3.344,0.0037,-0.0015,-0.0083,-0.003,4.6
3.345,0.003,-0.0008,-0.012,-0.003,4.6
3.346,0.0045,0.0037,-0.0143,-0.0046,4.6
3.347,0.0052,0.003,-0.0143,-0.0038,4.7
3.348,0.0045,0.0015,-0.0135,-0.003,4.7
3.349,0.003,0.0007,-0.0113,-0.0053,4.7
3.35,0.0037,0.0007,-0.0098,-0.006,4.8
3.351,0.0045,0.0007,-0.0083,-0.0046,4.8
3.352,0.0052,-0.0008,-0.0046,-0.0053,4.8
3.353,0.0037,-0.0008,0.0,-0.003,4.8
3.354,-0.0008,-0.0023,0.0052,-0.0015,4.9
3.355,-0.0046,-0.0023,0.009,-0.0015,4.9
3.356,-0.0068,-0.0023,0.0127,-0.003,4.9
3.357,-0.0046,-0.0023,0.0157,-0.0023,4.9
3.358,-0.0053,-0.0015,0.0187,-0.0008,4.9
3.359,-0.0053,-0.0015,0.024,0.0015,4.9
3.36,-0.0053,-0.0015,0.0255,0.003,5.0
3.361,-0.0083,-0.0046,0.0255,0.003,5.0
3.362,-0.0091,-0.0053,0.0187,0.003,5.1
3.363,-0.0083,-0.0046,0.018,0.0037,5.1
3.364,-0.0105,-0.0053,0.0232,0.003,5.1
3.365,-0.0091,-0.0053,0.024,0.0022,5.2
3.366,-0.0083,-0.006,0.0262,0.0022,5.2
3.367,-0.0068,-0.0068,0.0255,0.003,5.3
3.368,-0.0068,-0.0068,0.0277,0.003,5.3
3.369,-0.0083,-0.0075,0.0315,0.0037,5.3
3.37,-0.0091,-0.0098,0.0352,0.0052,5.4
3.371,-0.012,-0.0105,0.039,0.0082,5.4
3.372,-0.015,-0.0083,0.0367,0.009,5.4
3.373,-0.0158,-0.0075,0.0345,0.006,5.5
3.374,-0.0158,-0.0083,0.0352,0.0045,5.5
3.375,-0.0173,-0.0075,0.0315,0.0037,5.6
3.376,-0.015,-0.0053,0.0277,0.003,5.6
3.377,-0.0113,-0.0046,0.0217,0.0015,5.6
3.378,-0.0053,-0.003,0.0105,-0.0008,5.7
3.379,0.0022,0.0007,0.0052,-0.0008,5.7
3.38,0.0045,0.0015,0.0015,-0.0008,5.8
3.381,0.003,0.0015,-0.0008,-0.0015,5.8
3.382,0.0052,0.003,-0.003,-0.003,5.8
3.383,0.0082,0.003,-0.0091,-0.003,5.9
3.384,0.0052,0.003,-0.0068,-0.0015,6.0
3.385,0.0052,0.0022,-0.0023,-0.003,6.0
3.386,0.0052,0.0,-0.006,-0.0053,6.1
3.387,0.0045,-0.0008,-0.003,-0.0053,6.2
3.388,0.0022,-0.0015,0.003,-0.0038,6.2
3.389,0.0015,-0.0015,0.0045,-0.003,6.3
3.39,0.0022,-0.0008,-0.0015,-0.003,6.3
3.391,-0.0008,0.0007,-0.0083,-0.003,6.4
3.392,-0.003,0.0,-0.0083,-0.0015,6.4
3.393,-0.003,-0.0008,-0.0083,-0.0008,6.5
3.394,0.0,0.0,-0.0113,-0.0023,6.5
3.395,0.0015,0.0007,-0.0158,-0.0023,6.6
3.396,0.0037,0.0015,-0.0181,-0.0015,6.7
3.397,0.0052,0.0015,-0.0188,-0.003,6.7
3.398,0.006,0.0015,-0.0195,-0.003,6.8
3.399,0.006,0.0045,-0.0203,-0.0053,6.8
3.4,0.0075,0.0045,-0.0195,-0.0068,6.9
3.401,0.0082,0.0045,-0.0181,-0.0053,7.0
3.402,0.009,0.0045,-0.012,-0.003,7.0
3.403,0.0082,0.0022,-0.0053,-0.0015,7.1
3.404,0.0097,0.0045,-0.0113,-0.003,7.2
3.405,0.0105,0.0037,-0.0083,-0.003,7.2
3.406,0.0045,0.0015,0.0037,-0.0008,7.3
3.407,0.0037,0.0015,0.0015,-0.0015,7.4
3.408,0.0015,0.0007,-0.003,-0.0046,7.4
3.409,-0.0015,-0.0008,-0.0015,-0.0046,7.5
3.41,0.0007,-0.0015,-0.0015,-0.003,7.6
3.411,0.0007,-0.0023,-0.0105,-0.0038,7.6
3.412,0.0067,0.0,-0.0188,-0.0046,7.7
3.413,0.0067,0.0,-0.0173,-0.0023,7.8
3.414,0.0022,-0.0008,-0.0128,-0.003,7.9
3.415,0.0015,0.0015,-0.0143,-0.0046,7.9
3.416,0.0,0.0037,-0.0135,-0.003,8.0
3.417,-0.0015,0.003,-0.0046,0.0,8.1
3.418,-0.0046,0.0007,0.0,0.0007,8.1
3.419,-0.0023,0.0007,0.0,0.0015,8.2
3.42,-0.0008,0.0015,0.003,0.0015,8.3
3.421,-0.0053,-0.0015,0.009,0.0037,8.4
3.422,-0.0038,-0.0053,0.009,0.003,8.5
3.423,-0.003,-0.003,0.0082,0.0015,8.5
3.424,-0.0038,-0.0023,0.012,0.0007,8.6
3.425,-0.0038,-0.0046,0.012,0.0,8.7
3.426,-0.0015,-0.003,0.0097,-0.0008,8.8
3.427,0.0045,-0.0008,0.0075,0.0007,8.9
3.428,0.0082,-0.0023,0.0067,-0.0008,8.9
3.429,0.0082,-0.0015,0.006,-0.0008,9.0
3.43,0.0082,-0.0008,0.0022,-0.0008,9.1
3.431,0.0075,-0.0008,0.0007,0.0,9.2
3.432,0.0075,-0.0008,-0.003,0.0015,9.3
3.433,0.0082,-0.0015,-0.0038,0.0007,9.3
3.434,0.006,-0.0008,-0.0046,0.0015,9.4
3.435,0.0037,-0.0008,-0.0038,0.003,9.5
3.436,-0.0008,-0.0008,-0.0008,0.0015,9.6
3.437,-0.0053,0.0015,-0.0008,0.0007,9.7
3.438,-0.0091,-0.0008,0.0022,0.0015,9.7
3.439,-0.0181,-0.0023,0.0022,0.0007,9.8
3.44,-0.0233,-0.003,-0.0008,0.0,9.9
3.441,-0.0173,-0.0015,-0.0053,-0.0008,10.0
3.442,-0.0068,-0.0023,-0.012,0.0007,10.1
3.443,0.0007,-0.0008,-0.012,0.0015,10.1
3.444,0.003,-0.0008,-0.0135,-0.0008,10.2
3.445,0.003,0.0007,-0.0203,0.0,10.3
3.446,0.0045,0.003,-0.0218,0.0,10.4
3.447,0.0082,0.0037,-0.0203,-0.0015,10.5
3.448,0.0105,0.0045,-0.0218,-0.0015,10.5
3.449,0.0112,0.003,-0.0195,0.0007,10.6
3.45,0.009,0.0015,-0.0143,0.0045,10.7
3.451,0.006,0.0007,-0.0135,0.0037,10.8
3.452,0.0037,0.0022,-0.012,0.0022,10.9
3.453,0.0007,0.0015,-0.0068,0.0015,10.9
3.454,0.0,0.0007,0.0007,0.0007,11.0
3.455,0.0007,0.0007,0.0015,0.0015,11.1
3.456,-0.0008,0.0,0.0007,0.0052,11.2
3.457,0.0007,0.0007,0.003,0.0045,11.3
3.458,0.0007,0.0007,0.006,0.0015,11.3
3.459,0.0015,-0.0008,0.0052,0.0007,11.4
3.46,0.0022,0.0007,0.0045,0.0015,11.5
3.461,0.003,0.0015,0.0045,0.0007,11.6
3.462,0.0067,0.0015,0.0015,0.0007,11.7
3.463,0.0082,0.0015,0.0015,0.0007,11.8
3.464,0.0097,0.0022,0.0015,0.0015,12.0
3.465,0.012,0.0015,0.0022,0.003,12.1
3.466,0.0067,0.003,0.0015,0.0007,12.2
3.467,0.0037,0.0022,0.0007,0.0007,12.3
3.468,0.0022,0.0015,0.0052,0.0015,12.4
3.469,-0.0008,0.0015,0.0067,0.0015,12.5
3.47,-0.0023,0.0007,0.0082,0.0022,12.6
3.471,-0.0068,-0.003,0.0097,0.003,12.7
3.472,-0.0083,-0.003,0.0105,0.006,12.8
3.473,-0.0105,-0.0015,0.0165,0.0052,13.0
3.474,-0.0128,-0.0008,0.0165,0.0022,13.0
3.475,-0.012,-0.0015,0.0112,0.0007,13.2
3.476,-0.012,-0.003,0.0082,0.0007,13.3
3.477,-0.0113,-0.003,0.009,0.003,13.4
3.478,-0.0098,-0.003,0.0172,0.003,13.5
3.479,-0.012,-0.0053,0.0285,0.0037,13.6
3.48,-0.015,-0.0083,0.021,0.003,13.7
3.481,-0.012,-0.0083,0.0052,0.0022,13.9
3.482,-0.006,-0.006,-0.003,0.0007,14.0
3.483,-0.0008,-0.003,-0.0068,-0.0008,14.1
3.484,0.0,-0.0008,-0.0091,0.0007,14.3
3.485,0.003,-0.0008,-0.0143,0.0,14.4
3.486,0.0045,0.0007,-0.0105,0.0015,14.6
3.487,-0.0008,-0.0015,-0.0068,0.0015,14.7
3.488,0.0,-0.003,-0.003,0.0022,14.8
3.489,-0.0015,-0.003,0.0052,0.0045,15.0
3.49,-0.0015,-0.0038,0.0082,0.0045,15.2
3.491,-0.0023,-0.0046,0.012,0.0037,15.3
3.492,-0.0008,-0.003,0.0105,0.0015,15.4
3.493,0.0015,0.0,0.0067,-0.0008,15.6
3.494,0.0045,-0.0038,0.0052,-0.003,15.7
3.495,0.0082,-0.0075,0.0,-0.006,15.8
3.496,0.0067,-0.0083,-0.0053,-0.0053,16.0
3.497,0.0067,-0.0046,-0.0015,-0.0046,16.2
3.498,0.0015,-0.0008,0.0052,-0.0053,16.3
3.499,0.0,-0.0008,0.0052,-0.0053,16.4
3.5,-0.0015,-0.0015,0.0082,-0.006,16.6
3.501,-0.006,-0.0008,0.0105,-0.0046,16.7
3.502,-0.006,0.0015,0.012,-0.0023,16.9
3.503,-0.006,0.0007,0.012,0.0,17.1
3.504,-0.0023,0.0007,0.0045,0.003,17.3
3.505,0.0007,0.0,-0.003,0.0045,17.5
3.506,-0.0008,-0.0015,0.0075,0.0045,17.7
3.507,-0.0091,0.0,0.03,0.0067,17.9
3.508,-0.0128,-0.0008,0.0367,0.0067,18.0
3.509,-0.0173,-0.0038,0.0367,0.006,18.2
3.51,-0.0181,-0.0008,0.0315,0.003,18.4
3.511,-0.0143,0.0015,0.0202,-0.0015,18.6
3.512,-0.015,0.0045,0.0142,-0.0008,18.8
3.513,-0.0098,0.0052,0.0045,0.0007,18.9
3.514,0.0007,0.0045,-0.0046,0.0007,19.1
3.515,0.0135,0.0045,-0.0143,0.0,19.3
3.516,0.0232,0.0082,-0.015,-0.0015,19.5
3.517,0.0322,0.009,-0.0128,-0.003,19.7
3.518,0.0375,0.003,-0.0181,-0.0091,19.9
3.519,0.039,-0.006,-0.0181,-0.0143,20.1
3.52,0.0322,-0.0105,-0.0068,-0.0105,20.2
3.521,0.0075,-0.012,0.0075,-0.006,20.5
3.522,-0.0128,-0.0105,0.0037,-0.0038,20.7
3.523,-0.015,-0.0068,-0.0075,-0.003,20.9
3.524,-0.0188,-0.0075,-0.0068,-0.0008,21.1
3.525,-0.0165,-0.0091,-0.0128,0.0007,21.3
3.526,-0.012,-0.0068,-0.0158,-0.0008,21.5
3.527,-0.0128,-0.003,-0.0143,0.0007,21.8
3.528,-0.0053,0.0015,-0.0181,-0.0008,22.0
3.529,0.0015,0.0052,-0.0195,-0.0008,22.2
3.53,0.0052,0.0045,-0.015,0.0007,22.4
3.531,0.006,0.0037,-0.0165,-0.0008,22.6
3.532,0.0075,0.0052,-0.0165,-0.0015,22.9
3.533,0.006,0.0067,-0.0128,-0.0015,23.0
3.534,0.0052,0.006,-0.0143,-0.0015,23.3
3.535,0.006,0.0045,-0.0113,-0.0008,23.5
3.536,0.003,0.003,-0.0113,0.0,23.7
3.537,0.003,0.0015,-0.0091,-0.0008,23.9
3.538,0.0007,0.0007,-0.0023,0.0015,24.1
3.539,-0.0008,0.0,0.0045,0.0022,24.3
3.54,-0.0008,0.0,0.0045,0.0015,24.6
3.541,-0.0008,0.0007,0.0007,0.0022,24.8
3.542,0.0007,0.0,-0.0008,0.003,25.0
3.543,0.0007,0.0,-0.0046,0.0022,25.2
3.544,0.0052,0.0015,-0.0046,0.0022,25.4
3.545,0.009,0.0022,-0.0068,0.0015,25.6
3.546,0.012,0.003,-0.0098,-0.0015,25.9
3.547,0.0127,0.0045,-0.0128,-0.0053,26.1
3.548,0.0105,0.0037,-0.0128,-0.0046,26.3
3.549,0.0097,0.0045,-0.0105,-0.0053,26.5
3.55,0.0112,0.0067,-0.015,-0.0053,26.7
3.551,0.0105,0.0045,-0.0143,-0.0075,27.0
3.552,0.006,0.0045,-0.0105,-0.0053,27.2
3.553,0.0037,0.003,-0.006,-0.003,27.4
3.554,0.0037,0.0037,-0.0046,-0.003,27.6
3.555,0.003,0.0037,-0.0105,-0.003,27.8
3.556,0.0045,0.0015,-0.0098,-0.006,28.0
3.557,0.0015,0.0022,-0.0091,-0.0053,28.3
3.558,0.0015,0.0015,-0.0165,-0.0053,28.4
3.559,0.0022,0.0022,-0.0158,-0.0046,28.7
3.56,0.0015,0.0015,-0.0105,-0.0038,28.9
3.561,0.0037,0.0007,-0.0181,-0.0053,29.1
3.562,0.0045,0.003,-0.0195,-0.0023,29.2
3.563,0.0045,0.0015,-0.0128,-0.003,29.4
3.564,0.0022,0.0015,-0.0083,-0.003,29.6
3.565,0.0007,0.0015,0.0,-0.0008,29.7
3.566,-0.0008,0.0007,0.003,-0.0008,29.9
3.567,-0.0053,0.0007,0.006,0.0,30.1
3.568,-0.006,0.0007,0.0052,0.0015,30.2
3.569,-0.0046,-0.0015,0.0067,0.0007,30.4
3.57,-0.0038,-0.003,0.0127,0.0,30.6
3.571,-0.0038,-0.0046,0.0202,0.0007,30.7
3.572,-0.0068,-0.0068,0.0277,0.0015,30.9
3.573,-0.0091,-0.0053,0.0337,0.0022,31.0
3.574,-0.0098,-0.003,0.0345,0.0045,31.2
3.575,-0.0105,-0.0023,0.0315,0.003,31.4
3.576,-0.0113,-0.0023,0.0292,0.003,31.5
3.577,-0.0091,-0.003,0.0247,0.0015,31.7
3.578,-0.0053,-0.0046,0.0202,0.0,31.9
3.579,-0.0046,-0.0053,0.0187,-0.0015,32.0
3.58,-0.0015,-0.0046,0.0195,-0.003,32.2
3.581,-0.0015,-0.0046,0.0202,-0.0015,32.4
3.582,-0.0008,-0.0046,0.018,0.0,32.5
3.583,-0.0023,-0.0046,0.0202,-0.0008,32.7
3.584,-0.0053,-0.0053,0.0217,-0.0008,32.8
3.585,-0.0053,-0.0046,0.0217,-0.0008,33.0
3.586,-0.0083,-0.006,0.0255,-0.0008,33.1
3.587,-0.0098,-0.0068,0.0292,0.0,33.3
3.588,-0.0098,-0.006,0.0285,-0.0008,33.4
3.589,-0.0091,-0.0046,0.0255,0.0007,33.6
3.59,-0.0068,-0.0015,0.0157,0.0007,33.7
3.591,-0.0015,-0.0008,0.0067,-0.0015,33.8
3.592,0.0007,-0.0008,0.0045,-0.0008,34.0
3.593,-0.0008,-0.0015,0.0022,-0.003,34.1
3.594,-0.0015,0.0,0.0015,-0.003,34.3
3.595,-0.0015,-0.0008,-0.0008,-0.0008,34.5
3.596,-0.0023,-0.0008,-0.003,0.0,34.6
3.597,0.0022,0.0015,-0.0091,0.0007,34.7
3.598,0.0045,0.0015,-0.0143,0.0007,34.9
3.599,0.0052,0.003,-0.0165,0.0,35.1
3.6,0.0067,0.0037,-0.0195,-0.0015,35.2
3.601,0.0067,0.0037,-0.0218,-0.003,35.3
3.602,0.0082,0.0037,-0.0225,-0.0015,35.5
3.603,0.0097,0.003,-0.024,-0.0023,35.6
3.604,0.0097,0.0045,-0.0248,-0.0023,35.8
3.605,0.0105,0.006,-0.0225,-0.0038,36.0
3.606,0.0105,0.0052,-0.0203,-0.0068,36.1
3.607,0.0075,0.0045,-0.015,-0.003,36.2
3.608,0.003,0.0022,-0.015,-0.0015,36.4
3.609,0.0015,0.0007,-0.0158,-0.0053,36.5
3.61,0.0037,0.0,-0.0181,-0.0053,36.7
3.611,0.0045,0.0007,-0.021,-0.0046,36.9
3.612,0.0045,0.0007,-0.0218,-0.003,37.0
3.613,0.006,0.0,-0.027,-0.0053,37.2
3.614,0.0097,-0.0008,-0.0225,-0.0046,37.3
3.615,0.0082,0.003,-0.0135,-0.0015,37.4
3.616,0.006,0.003,-0.0105,-0.0023,37.6
3.617,0.0045,0.0007,-0.0046,0.0007,37.8
3.618,0.0007,0.0007,-0.0015,0.003,37.9
3.619,0.0015,0.0,-0.003,0.0015,38.1
3.62,-0.0008,0.0007,-0.006,0.0,38.2
3.621,-0.0008,0.0,-0.0046,-0.0008,38.4
3.622,0.0,-0.0015,-0.0023,-0.0015,38.6
3.623,-0.0008,-0.0015,-0.0046,-0.0008,38.7
3.624,0.0015,0.0,-0.003,-0.0015,39.0
3.625,-0.0008,0.0007,-0.0023,-0.0038,39.1
3.626,0.0015,0.0015,-0.0023,-0.003,39.3
3.627,0.0,0.0007,-0.0068,-0.0015,39.5
3.628,0.0007,0.0015,-0.0091,-0.003,39.7
3.629,0.0,0.0007,-0.0046,-0.0023,39.9
3.63,-0.0008,-0.0008,-0.003,-0.0008,40.1
3.631,0.0022,0.0007,-0.003,-0.0008,40.3
3.632,-0.0015,0.0,0.0007,0.0015,40.5
3.633,-0.0015,-0.0015,0.0015,0.003,40.6
3.634,-0.0015,-0.0015,0.0075,0.0037,40.8
3.635,-0.003,-0.003,0.0142,0.0075,41.0
3.636,-0.0046,-0.003,0.015,0.0082,41.2
3.637,-0.006,-0.0053,0.0232,0.0097,41.4
3.638,-0.0083,-0.0068,0.0247,0.009,41.6
3.639,-0.0091,-0.0053,0.0255,0.006,41.8
3.64,-0.0091,-0.0053,0.0277,0.0067,41.9
3.641,-0.0091,-0.003,0.021,0.0075,42.2
3.642,-0.0075,-0.003,0.0217,0.0067,42.3
3.643,-0.0075,-0.0046,0.0157,0.0067,42.6
3.644,-0.0068,-0.0038,0.0082,0.0045,42.7
3.645,-0.0053,-0.003,0.0052,0.003,43.0
3.646,-0.0015,-0.0023,0.003,0.0015,43.1
3.647,-0.0008,-0.003,0.0015,0.0022,43.3
3.648,0.0,-0.0015,0.0015,0.003,43.6
3.649,-0.0015,0.0,0.0097,0.0037,43.7
3.65,-0.0023,-0.0023,0.0112,0.0045,44.0
3.651,-0.0008,-0.0023,0.0112,0.0045,44.2
3.652,-0.0008,-0.0038,0.0157,0.0045,44.4
3.653,-0.0015,-0.003,0.021,0.0045,44.6
3.654,-0.0038,-0.0015,0.0232,0.0067,44.8
3.655,-0.0038,-0.0015,0.0232,0.0067,45.0
3.656,-0.0046,-0.0015,0.0225,0.006,45.2
3.657,-0.0075,-0.0046,0.0195,0.0067,45.4
3.658,-0.0068,-0.0053,0.0195,0.006,45.6
3.659,-0.0053,-0.0046,0.0165,0.003,45.8
3.66,-0.0053,-0.003,0.0127,0.0022,46.0
3.661,-0.0023,-0.0046,0.0127,0.0007,46.1
3.662,-0.003,-0.0053,0.009,-0.0015,46.3
3.663,-0.003,-0.003,0.009,0.0007,46.4
3.664,-0.0008,-0.0023,0.0142,0.003,46.6
3.665,-0.0008,-0.0008,0.018,0.006,46.8
3.666,0.0,0.0015,0.0217,0.009,46.9
3.667,-0.0008,0.0015,0.0262,0.0105,47.1
3.668,0.0022,0.0037,0.0277,0.0127,47.2
3.669,0.0052,0.0052,0.0292,0.0142,47.4
3.67,0.006,0.006,0.0277,0.012,47.6
3.671,0.0045,0.0045,0.024,0.0082,47.7
3.672,-0.0015,0.0015,0.021,0.0052,47.8
3.673,-0.0038,-0.0015,0.018,0.0037,48.0
3.674,-0.0091,-0.003,0.0172,0.003,48.1
3.675,-0.0128,-0.0046,0.0165,0.003,48.3
3.676,-0.0128,-0.0053,0.015,0.0007,48.5
3.677,-0.0128,-0.0038,0.0082,-0.0008,48.6
3.678,-0.0083,-0.003,0.0015,-0.0008,48.8
3.679,-0.0053,-0.0046,-0.0068,-0.0015,49.0
3.68,-0.003,-0.0038,-0.0113,-0.0023,49.1
3.681,-0.0015,-0.0038,-0.0098,-0.0046,49.2
3.682,0.0007,-0.0053,-0.0105,-0.003,49.3
3.683,0.003,-0.0068,-0.012,-0.0023,49.5
3.684,0.0045,-0.0053,-0.0143,-0.003,49.6
3.685,0.0037,-0.0046,-0.012,-0.003,49.7
3.686,0.0022,-0.003,-0.0091,-0.0038,49.9
3.687,0.0007,-0.003,-0.0091,-0.003,49.9
3.688,0.0007,0.0,-0.0143,-0.0053,50.1
3.689,0.0105,0.006,-0.0195,-0.0053,50.2
3.69,0.012,0.0067,-0.0046,0.0015,50.4
3.691,0.0097,0.0067,0.0007,0.0015,50.4
3.692,0.012,0.0067,-0.0075,-0.0015,50.6
3.693,0.0075,0.003,-0.0068,-0.0015,50.7
3.694,0.0045,0.0022,-0.0158,-0.0053,50.8
3.695,0.0067,0.0052,-0.0203,-0.0083,50.9
3.696,0.006,0.0045,-0.0225,-0.0083,51.1
3.697,0.0067,0.0067,-0.0293,-0.0075,51.2
3.698,0.006,0.009,-0.0338,-0.0075,51.3
3.699,0.0067,0.0105,-0.0323,-0.0083,51.4
3.7,0.003,0.006,-0.027,-0.0083,51.6
3.701,0.0022,0.0022,-0.0256,-0.0068,51.7
3.702,0.0082,0.0015,-0.0195,-0.0038,51.7
3.703,0.0112,0.0022,-0.0158,-0.0015,51.8
3.704,0.0105,0.0,-0.0158,-0.0023,51.9
3.705,0.0097,-0.0053,-0.0188,-0.0038,52.0
3.706,0.0082,-0.0128,-0.0233,-0.0046,52.1
3.707,0.0045,-0.0181,-0.027,-0.0075,52.2
3.708,0.0037,-0.0181,-0.03,-0.0105,52.2
3.709,0.0015,-0.015,-0.0308,-0.0091,52.3
3.71,0.0045,0.0075,-0.0293,-0.0083,52.4
3.711,0.0082,0.036,-0.0233,-0.006,52.5
3.712,0.009,0.021,-0.0165,-0.0068,52.6
3.713,0.0105,0.0022,-0.0181,-0.0091,52.7
3.714,0.009,0.0105,-0.0188,-0.0113,52.8
3.715,0.0082,0.0052,-0.0181,-0.012,52.9
3.716,0.009,0.0,-0.0158,-0.0128,52.9
3.717,0.0097,-0.0181,-0.012,-0.0128,53.0
3.718,0.009,-0.0285,-0.0105,-0.0091,53.1
3.719,0.0067,-0.0248,-0.012,-0.0091,53.2
3.72,0.0015,-0.0248,-0.0113,-0.0068,53.3
3.721,0.0007,-0.0158,-0.0105,-0.0053,53.4
3.722,-0.003,-0.0203,-0.0113,-0.0053,53.4
3.723,-0.0046,-0.015,-0.0105,-0.0008,53.5
3.724,-0.0008,0.0142,-0.012,0.0007,53.5
3.725,-0.003,0.0667,-0.0091,0.006,53.6
3.726,-0.0008,0.1125,-0.0075,0.012,53.7
3.727,0.0007,0.087,-0.0068,0.0067,53.8
3.728,0.0007,0.0367,-0.006,-0.0008,53.8
3.729,0.0,0.0157,-0.0091,-0.0038,53.9
3.73,0.0015,0.0022,-0.0113,-0.003,54.0
3.731,0.0007,-0.0046,-0.0098,-0.0015,54.0
3.732,-0.0008,-0.003,-0.003,0.0007,54.1
3.733,0.0007,-0.0091,0.0022,0.0015,54.2
3.734,0.0045,-0.0083,0.006,0.0,54.3
3.735,0.0067,-0.0135,0.0045,-0.0068,54.3
3.736,0.0045,-0.0195,0.003,-0.0128,54.4
3.737,0.003,-0.0203,0.006,-0.0128,54.4
3.738,-0.0023,-0.0256,0.0067,-0.012,54.5
3.739,-0.0053,-0.0218,0.0127,-0.0046,54.6
3.74,-0.0053,-0.0128,0.0187,0.0015,54.7
3.741,-0.0046,-0.0083,0.0217,0.0052,54.7
3.742,0.0015,-0.0113,0.0217,0.0067,54.8
3.743,0.0007,-0.0075,0.0165,0.0052,54.8
3.744,-0.0008,0.0082,0.012,0.0082,54.9
3.745,0.0007,0.0105,0.0015,0.0075,54.9
3.746,-0.0015,0.0007,-0.0068,0.0045,55.0
3.747,-0.0023,-0.006,-0.0128,-0.003,55.0
3.748,0.0,-0.0113,-0.0195,-0.0083,55.1
3.749,0.0045,-0.0068,-0.0233,-0.0068,55.1
3.75,0.0067,-0.0091,-0.024,-0.006,55.2
3.751,0.0082,-0.0046,-0.0203,-0.0046,55.2
3.752,0.0067,0.0142,-0.0165,0.0015,55.3
3.753,0.0075,0.0165,-0.0098,0.0052,55.3
3.754,0.0097,0.0037,-0.0083,-0.0008,55.3
3.755,0.0037,-0.0068,-0.0046,-0.0053,55.4
3.756,0.0015,0.003,0.0067,0.0052,55.5
3.757,0.0007,0.0292,0.0135,0.0112,55.5
3.758,-0.0008,0.0277,0.0105,0.0105,55.6
3.759,-0.0015,0.0007,0.0022,0.0037,55.6
3.76,-0.0053,-0.0143,-0.0015,-0.0046,55.7
3.761,-0.0068,-0.0256,-0.0053,-0.0068,55.7
3.762,-0.0053,-0.027,-0.0105,-0.0068,55.7
3.763,-0.0023,-0.0195,-0.0105,-0.0046,55.7
3.764,0.0007,-0.0128,-0.0046,0.0,55.7
3.765,0.0045,-0.0068,0.0045,0.003,55.6
3.766,0.0052,-0.006,0.006,0.003,55.6
3.767,0.0015,-0.0053,0.0052,0.003,55.6
3.768,-0.0008,-0.0053,0.0067,0.0007,55.6
3.769,-0.003,-0.0083,0.0097,-0.0015,55.6
3.77,-0.006,-0.0105,0.012,-0.0023,55.6
3.771,-0.0083,-0.0046,0.0172,-0.0008,55.6
3.772,-0.0091,0.015,0.0187,0.003,55.5
3.773,-0.0098,0.0292,0.0135,0.0007,55.5
3.774,-0.0083,0.024,0.0105,-0.0023,55.5
3.775,-0.0091,0.0052,0.0082,-0.0015,55.5
3.776,-0.0083,-0.0053,0.012,-0.0015,55.5
3.777,-0.006,-0.0068,0.0127,-0.0015,55.5
3.778,-0.006,-0.0068,0.0112,-0.0015,55.5
3.779,-0.0023,-0.0083,0.0127,0.0007,55.4
3.78,-0.0015,-0.0068,0.0157,0.003,55.4
3.781,-0.0015,-0.003,0.0232,0.0082,55.4
3.782,0.0007,-0.0068,0.027,0.0097,55.3
3.783,0.0007,-0.0128,0.0217,0.0052,55.3
3.784,-0.0008,-0.0181,0.0172,0.003,55.3
3.785,-0.003,-0.0173,0.0157,0.0022,55.2
3.786,-0.0083,-0.0113,0.0105,-0.0023,55.2
3.787,-0.0128,0.0007,0.0075,-0.0038,55.1
3.788,-0.012,0.015,0.0067,-0.0023,55.1
3.789,-0.0098,0.0202,-0.0008,-0.0046,55.0
3.79,-0.0105,0.0127,-0.0046,-0.0068,55.0
3.791,-0.0083,0.006,0.0,-0.0046,54.9
3.792,-0.0068,0.0082,0.0067,-0.0008,54.9
3.793,-0.0068,-0.003,0.0157,0.0045,54.9
3.794,-0.0023,-0.0068,0.0225,0.0105,54.8
3.795,0.0052,-0.0075,0.03,0.0142,54.8
3.796,0.009,-0.0113,0.0292,0.0105,54.7
3.797,0.0105,-0.0091,0.0195,0.0045,54.7
3.798,0.0097,-0.0068,0.0075,0.0015,54.6
3.799,0.0052,-0.0008,-0.003,-0.0008,54.6
3.8,0.0022,-0.0068,-0.0053,-0.0068,54.5
3.801,-0.0008,-0.0105,-0.0091,-0.0068,54.4
3.802,-0.0023,0.0007,-0.0091,-0.0083,54.4
3.803,-0.003,0.0142,-0.003,-0.006,54.3
3.804,-0.003,0.003,-0.0038,-0.0068,54.2
3.805,-0.003,-0.0225,-0.0075,-0.0068,54.1
3.806,-0.0015,-0.0285,0.0007,-0.0008,54.0
3.807,-0.0023,-0.0315,0.0067,0.003,53.9
3.808,-0.0008,-0.0315,0.0097,0.0052,53.8
3.809,-0.0008,-0.0278,0.0202,0.0082,53.7
3.81,-0.0008,-0.0285,0.0127,0.0075,53.6
3.811,-0.003,0.0007,0.0075,0.0097,53.5
3.812,-0.003,0.0592,-0.0008,0.009,53.4
3.813,0.0007,0.0825,-0.0068,0.0067,53.3
3.814,0.0015,0.0555,-0.0105,0.0082,53.2
3.815,0.006,0.0532,-0.027,0.0045,53.1
3.816,0.0052,0.0495,-0.012,0.0,53.1
3.817,-0.0015,0.006,-0.0015,-0.003,53.0
3.818,-0.003,-0.003,-0.0053,-0.0046,52.9
3.819,-0.003,-0.003,-0.003,-0.0046,52.8
3.82,-0.0015,-0.0083,-0.0068,-0.0053,52.6
3.821,-0.0046,-0.0023,0.0022,-0.0038,52.6
3.822,-0.006,-0.0068,0.0022,-0.0053,52.4
3.823,-0.0023,-0.0068,-0.0068,-0.0053,52.3
3.824,0.0015,-0.0083,-0.0053,-0.0046,52.1
3.825,0.003,-0.0091,-0.0046,-0.0053,52.0
3.826,0.003,-0.0068,-0.0068,-0.0053,51.8
3.827,0.0052,-0.0075,-0.0046,-0.0053,51.7
3.828,0.003,-0.0053,-0.0083,-0.0038,51.6
3.829,0.0045,-0.0023,-0.0128,-0.0015,51.4
3.83,0.0105,0.0,-0.0068,-0.0008,51.3
3.831,0.012,0.003,-0.0068,0.0022,51.1
3.832,0.0127,0.006,-0.0083,0.003,51.0
3.833,0.0112,0.0052,-0.012,-0.0008,50.8
3.834,0.009,0.0007,-0.0143,-0.0015,50.7
3.835,0.006,-0.0023,-0.0135,-0.003,50.6
3.836,0.0067,-0.0008,-0.0188,-0.0053,50.4
3.837,0.0052,-0.003,-0.0128,-0.003,50.3
3.838,0.003,-0.0023,-0.0075,-0.0038,50.1
3.839,0.0037,-0.0008,-0.0083,-0.0038,50.0
3.84,0.0037,-0.003,-0.0083,-0.0015,49.8
3.841,0.006,-0.0038,-0.012,-0.0015,49.7
3.842,0.003,-0.006,-0.0105,-0.003,49.5
3.843,-0.0023,-0.0038,-0.012,-0.003,49.3
3.844,-0.0008,-0.0008,-0.0165,-0.0053,49.1
3.845,-0.0015,-0.0038,-0.0143,-0.0053,48.9
3.846,0.0,-0.0053,-0.0105,-0.0015,48.7
3.847,0.0007,-0.0046,-0.006,0.0007,48.5
3.848,0.0015,-0.0053,-0.0015,0.0045,48.3
3.849,0.0075,-0.0046,0.0022,0.0082,48.1
3.85,0.0112,0.003,0.009,0.0105,47.9
3.851,0.0127,0.0052,0.0075,0.0097,47.7
3.852,0.0082,0.003,0.0105,0.0052,47.6
3.853,-0.0046,-0.0038,0.0127,0.003,47.4
3.854,-0.0083,-0.0046,0.0082,0.0015,47.2
3.855,-0.0075,-0.0046,0.0112,0.0015,47.0
3.856,-0.0068,-0.0053,0.0105,0.0015,46.8
3.857,-0.006,-0.0008,0.012,0.0015,46.6
3.858,-0.006,-0.0008,0.0157,0.0015,46.4
3.859,-0.0038,-0.0008,0.0172,0.003,46.2
3.86,-0.0008,-0.0008,0.015,0.0015,46.0
3.861,0.0007,0.0007,0.0105,-0.0008,45.8
3.862,0.0007,0.0,0.0082,-0.0015,45.6
3.863,0.0007,-0.003,0.0007,-0.0038,45.4
3.864,-0.0008,-0.0023,0.0,-0.0046,45.2
3.865,0.0007,-0.0015,-0.0008,-0.0053,45.0
3.866,0.0015,-0.0015,-0.0038,-0.0068,44.7
3.867,0.0015,-0.003,-0.0046,-0.0083,44.5
3.868,0.0,-0.0023,-0.0091,-0.0091,44.3
3.869,-0.0038,-0.0015,-0.0083,-0.0068,44.1
3.87,-0.0068,-0.0038,-0.0091,-0.0038,43.9
3.871,-0.006,-0.0046,-0.012,-0.003,43.6
3.872,-0.003,-0.0053,-0.0083,-0.0046,43.4
3.873,-0.0053,-0.0038,-0.0015,-0.0046,43.2
3.874,-0.0068,-0.003,0.003,-0.0038,43.0
3.875,-0.003,-0.0008,0.0075,-0.0015,42.8
3.876,-0.0008,0.003,0.0097,-0.003,42.6
3.877,0.0015,0.0022,0.009,-0.0046,42.3
3.878,0.0045,0.0052,0.0105,-0.0015,42.2
3.879,0.0082,0.0075,0.0105,0.0037,41.9
3.88,0.0082,0.0067,0.0067,0.0082,41.7
3.881,0.0045,0.0037,0.003,0.0082,41.5
3.882,0.003,0.0,0.0015,0.0015,41.3
3.883,0.0022,-0.0023,0.0015,-0.0015,41.0
3.884,0.0015,-0.0046,0.0007,0.0015,40.8
3.885,0.0015,-0.0091,-0.0008,0.0037,40.5
3.886,-0.0015,-0.0113,0.0015,0.006,40.3
3.887,-0.0046,-0.0098,0.0052,0.0067,40.1
3.888,-0.0046,-0.0083,0.003,0.0052,39.9
3.889,-0.0046,-0.0038,0.003,0.0015,39.6
3.89,-0.003,-0.0008,0.0015,0.0007,39.4
3.891,-0.003,0.0007,0.003,0.0,39.2
3.892,-0.0023,0.0015,0.0045,-0.0008,39.0
3.893,-0.0008,0.0007,0.0022,0.0,38.7
3.894,0.0,0.0,0.003,-0.0008,38.5
3.895,-0.0015,0.0,0.0007,-0.0023,38.2
3.896,-0.003,0.0007,-0.0008,-0.0023,38.0
3.897,-0.003,0.0022,-0.0008,-0.0046,37.8
3.898,-0.0053,0.0,-0.0015,-0.0038,37.6
3.899,-0.0068,-0.0008,-0.0015,-0.0053,37.3
3.9,-0.0046,-0.0015,-0.0046,-0.0038,37.1
3.901,-0.003,-0.0008,-0.0046,-0.0008,36.9
3.902,-0.0023,-0.0023,-0.0015,-0.0015,36.7
3.903,-0.0015,-0.0053,-0.0008,-0.0008,36.4
3.904,0.0,-0.0068,0.0007,0.0007,36.2
3.905,-0.0008,-0.006,0.0082,0.0045,36.0
3.906,0.0007,-0.0008,0.0157,0.0067,35.7
3.907,0.0052,0.0015,0.0195,0.0097,35.5
3.908,0.0075,0.0045,0.0202,0.012,35.2
3.909,0.0067,0.0052,0.0157,0.0067,35.0
3.91,0.0022,0.0037,0.0082,0.0022,34.8
3.911,0.003,0.0015,0.0015,0.0007,34.6
3.912,0.0022,0.0015,0.0015,0.0015,34.3
3.913,0.0007,0.0015,-0.0015,0.0007,34.1
3.914,0.0,0.0007,-0.0068,-0.0023,33.8
3.915,-0.0008,0.003,-0.0091,-0.0008,33.6
3.916,-0.0008,0.0007,-0.0113,-0.0008,33.4
3.917,-0.0015,0.0007,-0.0128,-0.003,33.2
3.918,-0.003,0.0,-0.0128,-0.0015,32.9
3.919,-0.0038,-0.0023,-0.0075,-0.0015,32.7
3.92,-0.0023,-0.0008,-0.0038,-0.0015,32.4
3.921,-0.0023,-0.0015,0.0022,-0.0008,32.2
3.922,-0.0046,-0.0008,0.0037,0.0015,32.0
3.923,-0.003,-0.0008,0.006,0.0015,31.7
3.924,-0.0008,0.0,0.012,0.0052,31.5
3.925,0.0015,-0.0008,0.0127,0.0067,31.3
3.926,0.0,-0.0023,0.0127,0.0015,31.0
3.927,-0.003,-0.003,0.0082,-0.0008,30.8
3.928,-0.0008,-0.0046,0.003,-0.0015,30.6
3.929,-0.0015,-0.0008,0.0022,-0.0023,30.3
3.93,-0.0038,-0.0008,-0.0008,-0.0015,30.1
3.931,-0.0046,-0.0008,-0.0008,-0.003,29.9
3.932,-0.0015,0.0007,0.0007,-0.0015,29.7
3.933,0.0015,0.0022,-0.0008,-0.003,29.4
3.934,0.003,0.003,-0.0053,-0.006,29.2
3.935,0.003,-0.0008,-0.0053,-0.0053,28.9
3.936,0.0045,0.0,-0.0053,-0.003,28.7
3.937,0.003,-0.0015,-0.003,-0.0023,28.5
3.938,0.0015,-0.003,-0.0015,-0.0023,28.2
3.939,0.0,0.0007,-0.003,-0.003,28.0
3.94,-0.0008,0.0,-0.0008,-0.003,27.7
3.941,-0.0015,-0.003,-0.0008,-0.0015,27.5
3.942,-0.0046,-0.0015,0.0007,-0.0008,27.3
3.943,-0.0046,-0.0008,-0.0008,-0.0015,27.1
3.944,-0.0015,0.0,-0.0046,-0.0038,26.9
3.945,-0.0008,0.0,-0.003,-0.0105,26.6
3.946,0.0007,-0.0008,-0.0083,-0.0158,26.4
3.947,0.0045,0.003,-0.0083,-0.0128,26.2
3.948,0.0037,0.0015,-0.0053,-0.0091,26.0
3.949,0.0052,0.0007,-0.006,-0.0068,25.7
3.95,0.0052,0.0037,-0.003,0.0,25.5
3.951,0.0045,0.0045,-0.0008,0.009,25.3
3.952,0.0045,0.0052,0.003,0.018,25.1
3.953,0.0045,0.0045,0.0052,0.0255,24.8
3.954,0.0082,0.003,0.006,0.0255,24.6
3.955,0.0052,0.003,0.0067,0.0195,24.4
3.956,0.0052,0.003,0.0097,0.012,24.2
3.957,0.003,0.003,0.009,0.0052,23.9
3.958,0.0007,0.0007,0.0037,-0.0015,23.7
3.959,-0.0008,-0.003,0.0007,-0.0068,23.5
3.96,-0.0023,-0.003,0.0007,-0.0091,23.2
3.961,-0.0015,-0.0046,-0.0023,-0.0105,23.0
3.962,0.0,-0.003,-0.0068,-0.0091,22.8
3.963,0.0007,-0.0023,-0.0098,-0.0046,22.6
3.964,0.0007,-0.0008,-0.0158,-0.003,22.4
3.965,0.003,0.0022,-0.0203,-0.003,22.1
3.966,0.003,0.0022,-0.0158,-0.0068,21.9
3.967,0.0015,0.0037,-0.0173,-0.0068,21.7
3.968,-0.0008,0.0045,-0.0173,-0.0015,21.5
3.969,-0.0008,0.003,-0.0158,0.0015,21.2
3.97,-0.0008,0.003,-0.0143,0.0015,21.0
3.971,0.0,0.003,-0.0128,-0.0008,20.8
3.972,0.0007,0.0007,-0.0113,-0.003,20.6
3.973,0.0015,-0.0015,-0.0038,-0.0015,20.4
3.974,0.0015,-0.0046,0.0,-0.0008,20.2
3.975,0.0052,-0.0038,-0.0053,-0.0015,19.9
3.976,0.0067,-0.0038,-0.0068,-0.0015,19.7
3.977,0.0052,-0.0038,-0.0038,-0.0008,19.5
3.978,0.0075,0.0015,-0.0053,-0.0015,19.3
3.979,0.009,0.0037,-0.0046,-0.0023,19.0
3.98,0.009,0.0037,-0.0046,0.0,18.8
3.981,0.0105,0.0037,-0.0083,-0.0015,18.6
3.982,0.0067,0.003,-0.012,-0.003,18.4
3.983,0.0037,0.003,-0.0143,0.003,18.1
3.984,0.003,0.0015,-0.015,0.0037,17.9
3.985,0.0007,0.0007,-0.0098,0.0022,17.7
3.986,0.0,-0.0008,-0.006,0.0007,17.5
3.987,-0.003,-0.0008,-0.0046,0.0,17.2
3.988,-0.0015,0.0,-0.0038,0.0015,17.0
3.989,0.0007,-0.0023,-0.0068,0.0022,16.8
3.99,0.0007,-0.0015,-0.0083,0.0022,16.6
3.991,0.0015,0.0015,-0.0091,-0.0015,16.4
3.992,0.0022,0.0015,-0.0083,-0.0046,16.2
3.993,0.003,0.0007,-0.0046,-0.0046,15.9
3.994,0.003,0.0,-0.0015,-0.0046,15.7
3.995,0.003,-0.0008,0.0,-0.0038,15.5
3.996,0.0022,-0.0008,0.0022,-0.0091,15.3
3.997,0.0,0.0,0.0015,-0.0315,15.0
3.998,0.0015,0.003,0.0007,-0.048,14.8
3.999,0.0037,0.0067,-0.0053,-0.0346,14.6
4.0,0.006,0.0075,-0.0075,-0.0278,14.3
4.001,0.0067,0.0067,-0.0038,-0.0181,14.2
4.002,0.0052,0.0052,-0.0046,0.0067,14.0
4.003,0.0045,0.0045,-0.0023,0.0405,13.8
4.004,0.0015,0.0037,0.003,0.0742,13.6
4.005,-0.0023,-0.0068,0.006,0.075,13.5
4.006,-0.0046,-0.012,0.0067,0.0547,13.3
4.007,-0.0038,-0.0128,0.0105,0.033,13.1
4.008,-0.0015,-0.0135,0.0112,0.0127,12.9
4.009,-0.0015,-0.0113,0.006,-0.0008,12.7
4.01,-0.0015,-0.0083,0.0015,-0.0105,12.5
4.011,-0.003,-0.0046,0.0022,-0.012,12.3
4.012,-0.003,-0.0023,0.003,-0.0091,12.1
4.013,-0.0015,0.0,-0.0008,-0.0091,12.0
4.014,-0.0008,0.0015,0.0,-0.0105,11.8
4.015,0.0007,0.0022,-0.0008,-0.0105,11.6
4.016,-0.0015,0.0045,-0.0046,-0.0083,11.4
4.017,0.0007,0.003,-0.0015,-0.0075,11.2
4.018,0.0,0.0045,-0.0008,-0.006,11.1
4.019,-0.0008,0.0045,0.0022,-0.0053,10.9
4.02,0.0,0.0015,0.0067,-0.0053,10.7
4.021,-0.0015,0.0015,0.0067,-0.0023,10.6
4.022,-0.0008,0.0,0.009,-0.0046,10.4
4.023,-0.0023,0.0015,0.0142,-0.0053,10.3
4.024,-0.006,-0.0008,0.0232,-0.0015,10.2
4.025,-0.0105,-0.0053,0.027,0.0007,10.0
4.026,-0.0113,-0.0046,0.0217,0.0,9.9
4.027,-0.0075,-0.0053,0.0142,0.0007,9.8
4.028,-0.0053,-0.003,0.0112,0.0007,9.6
4.029,-0.0023,-0.0008,0.0075,0.0007,9.5
4.03,-0.0015,0.0007,0.0037,0.003,9.4
4.031,-0.0023,-0.0008,0.0022,0.003,9.3
4.032,-0.003,-0.0038,0.0007,-0.0008,9.1
4.033,-0.0053,-0.003,0.0045,-0.003,9.0
4.034,-0.0023,-0.0023,0.0045,-0.0015,8.9
4.035,-0.0008,-0.0008,0.006,0.0007,8.7
4.036,-0.0046,-0.0015,0.0105,0.0007,8.6
4.037,-0.006,-0.0038,0.0112,-0.0008,8.5
4.038,-0.0068,-0.0023,0.0112,-0.0015,8.3
4.039,-0.0053,-0.003,0.0105,-0.0008,8.2
4.04,-0.003,-0.003,0.0127,-0.0008,8.0
4.041,-0.0046,-0.0023,0.0165,0.0022,8.0
4.042,-0.0038,-0.0008,0.021,0.0045,7.9
4.043,-0.0053,0.0,0.0232,0.0045,7.8
4.044,-0.0023,0.0007,0.0217,0.0045,7.7
4.045,0.0015,0.0015,0.0127,0.003,7.6
4.046,0.0015,0.003,0.0045,0.0022,7.5
4.047,0.0022,0.003,0.0007,0.0,7.4
4.048,0.0015,0.0037,-0.0053,-0.0008,7.3
4.049,0.0037,0.0045,-0.0091,-0.003,7.2
4.05,0.006,0.0015,-0.0053,-0.0015,7.1
4.051,0.0015,0.0007,-0.0008,0.0007,7.0
4.052,-0.0015,-0.0015,0.003,0.0015,6.9
4.053,-0.0023,-0.0015,0.0045,0.0022,6.8
4.054,-0.0008,0.0007,0.0082,0.0015,6.7
4.055,0.0007,-0.0008,0.0112,0.0015,6.7
4.056,-0.0015,-0.0015,0.0067,-0.0015,6.6
4.057,-0.0023,-0.0038,0.0105,-0.0015,6.5
4.058,-0.0046,-0.0068,0.0127,-0.0015,6.4
4.059,-0.0046,-0.0046,0.0112,0.0007,6.3
4.06,-0.0015,-0.0008,0.0105,0.0037,6.2
4.061,-0.0023,0.0,0.003,0.0022,6.1
4.062,0.0007,0.0007,-0.0091,-0.0008,6.0
4.063,0.0052,0.0015,-0.0203,-0.0105,5.9
4.064,0.0067,0.003,-0.0256,-0.0165,5.8
4.065,0.0067,0.0067,-0.027,-0.0188,5.7
4.066,0.0037,0.0045,-0.0225,-0.024,5.5
4.067,0.0052,0.006,-0.0158,-0.0248,5.4
4.068,0.006,0.0082,-0.0143,-0.0158,5.3
4.069,0.0022,0.0067,-0.012,0.0,5.2
4.07,0.0022,0.003,-0.0075,0.0195,5.1
4.071,0.0015,-0.0023,0.0015,0.0255,5.0
4.072,0.003,-0.0083,0.003,0.0157,4.9
4.073,0.0045,-0.0083,0.0052,-0.0008,4.8
4.074,0.0015,-0.0008,0.0082,-0.0173,4.7
4.075,0.0015,0.0007,0.0127,-0.0105,4.5
4.076,0.0007,-0.003,0.021,0.0007,4.5
4.077,0.0015,-0.0053,0.0187,0.0135,4.3
4.078,0.0015,-0.0053,0.0142,0.0352,4.2
4.079,0.003,-0.0008,0.0052,0.0495,4.1
4.08,0.0045,0.0007,0.0067,0.06,4.0
4.081,0.003,-0.0091,0.0082,0.0495,3.9
4.082,0.0015,-0.0165,0.0,0.0225,3.8
4.083,-0.0008,-0.0091,-0.0105,-0.0083,3.6
4.084,0.0015,-0.0023,-0.0173,-0.0361,3.6
4.085,0.0015,0.0007,-0.0128,-0.0346,3.4
4.086,0.0022,0.0045,-0.0158,-0.0233,3.3
4.087,0.0045,0.0045,-0.0256,-0.0225,3.2
4.088,0.003,0.0045,-0.0256,-0.0278,3.1
4.089,0.0052,0.0045,-0.027,-0.033,3.0
4.09,0.003,0.0067,-0.0285,-0.0256,2.9
4.091,0.0007,0.009,-0.0278,-0.0143,2.7
4.092,-0.0008,0.0105,-0.024,-0.0083,2.6
4.093,0.0,0.0105,-0.024,0.009,2.5
4.094,0.003,0.009,-0.0248,0.0277,2.4
4.095,0.0022,0.0037,-0.0203,0.0195,2.3
4.096,0.0007,0.0,-0.0181,-0.0053,2.2
4.097,0.0022,0.0007,-0.0143,-0.0158,2.1
4.098,0.0,0.0015,-0.0135,-0.0158,2.0
4.099,-0.003,0.0045,-0.012,-0.0188,1.9
4.1,0.0015,0.0037,0.0007,-0.0158,1.7
4.101,0.0007,0.0007,0.0157,-0.0158,1.7
4.102,0.0007,-0.0023,0.0165,-0.0203,1.7
4.103,0.003,-0.0068,0.009,-0.0218,1.6
4.104,0.0037,-0.0053,0.003,-0.0203,1.6
4.105,0.0052,0.0,-0.0091,-0.0091,1.5
4.106,0.0082,0.0007,-0.0165,0.003,1.5
4.107,0.0135,0.0015,-0.0203,0.006,1.4
4.108,0.0172,0.0015,-0.0181,0.006,1.4
4.109,0.0202,-0.003,-0.0181,-0.0023,1.3
4.11,0.0217,-0.0015,-0.0263,-0.0128,1.3
4.111,0.0202,-0.0008,-0.0278,-0.0053,1.2
4.112,0.012,-0.0008,-0.0248,-0.0135,1.2
4.113,0.003,0.0007,-0.0203,-0.0315,1.1
4.114,-0.0053,0.0052,-0.0173,-0.0248,1.1
4.115,-0.0083,0.012,-0.0218,-0.0075,1.0
4.116,-0.0128,0.009,-0.0263,0.0172,1.0
4.117,-0.0188,0.006,-0.0195,0.0195,0.9
4.118,-0.0165,-0.0023,-0.006,0.0082,0.9
4.119,-0.0195,-0.0158,0.0052,0.0052,0.9
4.12,-0.024,-0.0218,0.012,0.0082,0.8
4.121,-0.0256,-0.0218,0.0157,0.0255,0.8
4.122,-0.0233,-0.0165,0.018,0.0225,0.8
4.123,-0.0128,-0.0091,0.0217,0.0165,0.8
4.124,-0.0046,-0.003,0.033,0.0112,0.8
4.125,0.0,0.0037,0.0367,-0.0038,0.9
4.126,0.0037,0.0067,0.0382,-0.0008,0.9
4.127,-0.0015,0.0082,0.0442,-0.003,0.9
4.128,-0.0053,0.009,0.0495,-0.0015,0.9
4.129,-0.0053,0.009,0.0622,-0.0128,0.9
4.13,-0.0015,0.009,0.0577,-0.0465,0.9
4.131,0.0007,0.0142,0.0465,-0.06,0.9
4.132,-0.0008,0.0112,0.0442,-0.057,0.9
4.133,0.0015,0.0022,0.0382,-0.0465,0.9
4.134,0.0007,-0.0038,0.0292,-0.0158,0.9
4.135,-0.0008,-0.0083,0.024,0.0172,1.0
4.136,-0.0075,-0.0135,0.033,0.0487,1.0
4.137,-0.0105,-0.0195,0.0255,0.0712,1.0
4.138,-0.0053,-0.0195,0.0157,0.072,1.0
4.139,-0.0053,-0.0233,0.0255,0.06,1.0
4.14,-0.0091,-0.0308,0.033,0.0232,1.0
4.141,-0.015,-0.0443,0.0427,-0.0128,1.1
4.142,-0.0195,-0.0495,0.0375,-0.0353,1.1
4.143,-0.0128,-0.0375,0.0367,-0.0375,1.2
4.144,-0.0068,-0.0256,0.051,-0.0203,1.2
4.145,-0.0015,-0.0165,0.036,-0.0195,1.3
4.146,0.003,-0.0105,0.0195,-0.0128,1.3
4.147,0.0067,0.0015,0.0105,0.0105,1.4
4.148,0.0165,0.0165,-0.0046,0.0232,1.4
4.149,0.018,0.0292,-0.0165,0.012,1.5
4.15,0.0112,0.0442,-0.0195,-0.0091,1.5
4.151,0.0105,0.0517,-0.0165,-0.0315,1.6
4.152,0.0105,0.048,-0.0158,-0.0518,1.6
4.153,0.0135,0.0382,-0.012,-0.0413,1.7
4.154,0.0157,0.0277,-0.0188,-0.0203,1.7
4.155,0.015,0.0142,-0.0293,0.003,1.8
4.156,0.0142,0.0,-0.0285,0.0352,1.8
4.157,0.0157,-0.0053,-0.0278,0.0412,1.9
4.158,0.0165,-0.0091,-0.0495,0.0337,1.9
4.159,0.0225,-0.0181,-0.0743,0.0367,2.0
4.16,0.0262,-0.033,-0.0856,0.0405,2.0
4.161,0.0277,-0.042,-0.09,0.0307,2.1
4.162,0.0202,-0.0413,-0.0856,0.0037,2.2
4.163,0.0127,-0.03,-0.0856,-0.027,2.2
4.164,0.0112,-0.0105,-0.0758,-0.0405,2.3
4.165,0.0022,0.012,-0.0578,-0.0338,2.3
4.166,-0.0046,0.0255,-0.0503,-0.0256,2.4
4.167,-0.0135,0.0277,-0.0383,-0.0053,2.5
4.168,-0.0181,0.0405,-0.0256,0.0232,2.6
4.169,-0.0128,0.0592,-0.0188,0.051,2.6
4.17,-0.0105,0.078,-0.0158,0.0742,2.7
4.171,-0.0113,0.069,-0.006,0.0682,2.7
4.172,-0.0143,0.0375,0.027,0.0397,2.8
4.173,-0.012,0.0067,0.0435,0.009,2.9
4.174,-0.0068,-0.0263,0.0322,-0.0165,2.9
4.175,0.0007,-0.0383,0.0292,-0.0308,3.0
4.176,0.006,-0.0368,0.0277,-0.021,3.1
4.177,0.015,-0.027,0.0232,-0.0173,3.1
4.178,0.027,-0.0128,0.015,-0.0181,3.2
4.179,0.03,-0.003,0.0007,-0.0128,3.3
4.18,0.0255,0.0097,-0.0068,-0.0143,3.3
4.181,0.0127,0.012,-0.0083,-0.0053,3.4
4.182,-0.0015,0.0067,-0.0023,0.0067,3.5
4.183,-0.0128,-0.0046,-0.0046,0.015,3.6
4.184,-0.0203,-0.0128,0.0007,0.009,3.7
4.185,-0.0195,-0.024,0.0202,-0.0113,3.8
4.186,-0.0181,-0.0346,0.0382,-0.0353,3.8
4.187,-0.0195,-0.0256,0.0382,-0.0495,3.9
4.188,-0.0188,-0.0046,0.039,-0.024,4.0
4.189,-0.0195,0.0082,0.0502,-0.0023,4.1
4.19,-0.0188,0.009,0.063,0.009,4.2
4.191,-0.0203,0.0112,0.0765,0.0337,4.3
4.192,-0.033,0.0142,0.0652,0.0502,4.4
4.193,-0.0495,0.018,0.051,0.0495,4.5
4.194,-0.0488,0.0045,0.0315,0.0165,4.5
4.195,-0.0263,-0.012,0.009,-0.0165,4.6
4.196,-0.0053,-0.0083,-0.0091,-0.033,4.7
4.197,0.018,-0.003,-0.0256,-0.0458,4.8
4.198,0.0292,-0.0023,-0.0338,-0.0555,4.9
4.199,0.0307,-0.0023,-0.0383,-0.0645,4.9
4.2,0.033,0.003,-0.024,-0.042,5.0
4.201,0.0315,0.0157,-0.015,-0.0008,5.1
4.202,0.0337,0.0277,-0.0181,0.0457,5.2
4.203,0.0315,0.0217,-0.0225,0.093,5.2
4.204,0.0262,0.0037,-0.0353,0.102,5.3
4.205,0.024,-0.0053,-0.0443,0.0862,5.3
4.206,0.0277,-0.0173,-0.0533,0.0585,5.4
4.207,0.0217,-0.027,-0.057,0.0247,5.5
4.208,0.0075,-0.0285,-0.0533,-0.0128,5.5
4.209,-0.0068,-0.0218,-0.0458,-0.0563,5.6
4.21,-0.0143,-0.0083,-0.0405,-0.0765,5.7
4.211,-0.012,-0.0046,-0.0428,-0.0563,5.7
4.212,-0.0053,0.0007,-0.0473,-0.0203,5.8
4.213,0.003,0.0067,-0.0405,0.012,5.8
4.214,0.0045,0.0075,-0.0233,0.0465,5.9
4.215,0.0052,0.0082,-0.0008,0.0705,6.0
4.216,0.0075,0.0052,0.009,0.0652,6.0
4.217,-0.0023,-0.0008,0.0015,0.0367,6.1
4.218,-0.0188,-0.0046,-0.0008,0.0052,6.2
4.219,-0.03,-0.006,0.0045,-0.0105,6.3
4.22,-0.0436,-0.0075,0.015,-0.0143,6.3
4.221,-0.0503,-0.006,0.0142,-0.015,6.3
4.222,-0.024,0.0022,0.003,-0.0135,6.3
4.223,0.0127,0.009,0.0007,-0.015,6.2
4.224,0.0375,0.0105,0.009,-0.012,6.2
4.225,0.0502,0.0082,0.0262,-0.0105,6.1
4.226,0.0517,0.0022,0.0405,-0.0158,6.1
4.227,0.0352,0.0,0.0315,-0.0195,6.0
4.228,0.0322,-0.0038,0.0105,-0.0248,6.0
4.229,0.0217,-0.0105,0.0045,-0.0428,5.9
4.23,0.0112,-0.0046,0.0007,-0.0878,5.8
4.231,0.0165,0.0127,0.0052,-0.1043,5.8
4.232,0.015,0.03,0.0082,-0.063,5.8
4.233,0.0172,0.0307,0.009,-0.0263,5.7
4.234,0.0,0.0165,0.0255,0.0232,5.7
4.235,-0.0188,0.0045,0.0292,0.1042,5.6
4.236,-0.027,-0.0113,0.024,0.1537,5.6
4.237,-0.0308,-0.0428,0.024,0.129,5.5
4.238,-0.021,-0.0585,0.042,0.0682,5.5
4.239,-0.0165,-0.057,0.0802,0.009,5.4
4.24,-0.0113,-0.054,0.1012,-0.0398,5.3
4.241,-0.027,-0.039,0.0975,-0.0436,5.3
4.242,-0.0398,-0.0278,0.0915,-0.0458,5.3
4.243,-0.0346,-0.021,0.069,-0.0488,5.3
4.244,-0.0256,-0.0098,0.0382,-0.0375,5.3
4.245,-0.0046,-0.0008,0.0165,-0.042,5.3
4.246,0.0067,0.009,0.0075,-0.0503,5.3
4.247,0.0045,0.0292,0.0165,-0.0668,5.3
4.248,-0.0083,0.0502,0.0217,-0.0683,5.3
4.249,-0.0181,0.0525,0.027,-0.0368,5.2
4.25,-0.0256,0.021,0.0307,-0.0046,5.2
4.251,-0.0315,-0.006,0.03,0.0345,5.2
4.252,-0.0346,-0.012,0.0315,0.0667,5.2
4.253,-0.033,-0.0195,0.0292,0.0817,5.2
4.254,-0.0315,-0.027,0.0292,0.0877,5.1
4.255,-0.027,-0.0278,0.033,0.0742,5.1
4.256,-0.0091,-0.0165,0.039,0.072,5.1
4.257,-0.0023,-0.0038,0.045,0.081,5.1
4.258,-0.0203,0.0127,0.0435,0.0735,5.1
4.259,-0.033,0.033,0.0352,0.063,5.0
4.26,-0.0285,0.0367,0.036,0.033,5.0
4.261,-0.021,0.0232,0.0412,-0.0091,5.1
4.262,-0.0105,0.012,0.0405,-0.0256,5.2
4.263,-0.0015,0.0142,0.0315,-0.033,5.3
4.264,-0.0015,0.0,0.018,-0.042,5.4
4.265,0.003,-0.015,0.0082,-0.0413,5.5
4.266,0.012,-0.0128,0.0052,-0.0383,5.6
4.267,0.0105,-0.012,0.012,-0.0338,5.7
4.268,-0.0015,0.0007,0.0142,-0.0308,5.8
4.269,-0.0165,0.0112,0.003,-0.027,5.9
4.27,-0.0195,0.0045,-0.006,-0.0195,6.0
4.271,-0.0053,-0.0091,-0.0143,-0.0135,6.1
4.272,0.003,-0.0105,-0.024,-0.0053,6.2
4.273,0.0097,-0.0053,-0.033,0.0022,6.3
4.274,0.0067,-0.0083,-0.0315,0.0007,6.4
4.275,-0.0128,-0.0135,-0.0353,-0.0068,6.5
4.276,-0.012,-0.012,-0.0458,-0.0128,6.6
4.277,-0.0046,-0.0053,-0.0593,-0.0165,6.7
4.278,0.0075,-0.0015,-0.0691,-0.0165,6.8
4.279,0.027,0.003,-0.0593,-0.015,6.9
4.28,0.0472,-0.0023,-0.0465,-0.0143,7.0
4.281,0.069,-0.006,-0.0375,-0.0128,7.1
4.282,0.0742,-0.0023,-0.0368,-0.0105,7.2
4.283,0.0667,0.0007,-0.033,-0.003,7.3
4.284,0.0517,0.0067,-0.0338,0.0,7.4
4.285,0.039,0.0067,-0.0346,0.0007,7.5
4.286,0.0337,0.0082,-0.0405,-0.0053,7.6
4.287,0.0292,0.012,-0.0728,-0.0188,7.7
4.288,0.0232,0.015,-0.1035,-0.0315,7.8
4.289,0.0232,0.0202,-0.1245,-0.0383,7.9
4.29,0.0277,0.024,-0.1433,-0.0338,8.0
4.291,0.0232,0.027,-0.1598,-0.03,8.1
4.292,0.0135,0.027,-0.1711,-0.0233,8.2
4.293,0.0135,0.0277,-0.1703,-0.0038,8.3
4.294,0.024,0.0255,-0.165,0.009,8.4
4.295,0.0412,0.0172,-0.1575,0.009,8.5
4.296,0.0487,0.0135,-0.1478,0.0007,8.6
4.297,0.039,0.015,-0.1328,-0.0091,8.7
4.298,0.0277,0.0127,-0.1148,-0.0128,8.8
4.299,0.018,0.0135,-0.1021,-0.0105,8.9
4.3,0.0172,0.0157,-0.093,-0.0068,9.0
4.301,0.024,0.0127,-0.075,-0.006,9.0
4.302,0.0225,0.0045,-0.0518,-0.0105,9.0
4.303,0.0127,0.0,-0.0346,-0.0165,9.0
4.304,0.0022,0.0037,-0.0248,-0.0135,9.0
4.305,-0.0068,0.0052,-0.0165,-0.0143,9.0
4.306,-0.0113,0.0082,-0.0008,-0.0075,9.0
4.307,-0.0128,0.0082,0.0165,0.0202,9.0
4.308,-0.0248,0.0,0.0232,0.027,9.0
4.309,-0.0383,-0.0091,0.0217,0.0142,9.0
4.31,-0.0308,-0.012,0.0127,-0.0015,9.0
4.311,-0.0165,-0.012,0.0105,-0.024,9.0
4.312,-0.0173,-0.012,0.0127,-0.0098,9.0
4.313,-0.0158,-0.0015,0.0082,0.0232,9.0
4.314,-0.0143,0.0015,0.0172,0.0315,9.0
4.315,-0.0143,0.0007,0.0277,0.036,9.0
4.316,-0.0098,-0.0015,0.039,0.0277,9.0
4.317,-0.0008,-0.0083,0.0615,0.0187,9.0
4.318,0.0157,-0.0113,0.081,0.0105,9.0
4.319,0.0187,-0.0165,0.0967,-0.0046,9.0
4.32,0.018,-0.0143,0.1057,-0.006,9.0
4.321,0.0105,-0.0143,0.1102,-0.0038,9.0
4.322,0.0052,-0.0113,0.1155,0.0,8.8
4.323,0.0022,-0.0091,0.1185,0.0045,8.6
4.324,-0.0083,-0.0158,0.12,0.0165,8.5
4.325,-0.0143,-0.0135,0.1177,0.0202,8.4
4.326,-0.0278,-0.015,0.1192,0.0082,8.2
4.327,-0.0368,-0.0173,0.12,-0.0008,8.1
4.328,-0.0361,-0.012,0.1102,-0.006,7.9
4.329,-0.0353,-0.0083,0.0877,-0.0053,7.8
4.33,-0.0308,-0.0053,0.0772,-0.0015,7.6
4.331,-0.0353,-0.0053,0.0795,0.0037,7.5
4.332,-0.0413,-0.0053,0.0697,0.012,7.3
4.333,-0.0405,-0.0068,0.069,0.0202,7.2
4.334,-0.039,-0.0098,0.0727,0.0217,7.1
4.335,-0.0368,-0.012,0.0727,0.015,6.9
4.336,-0.0368,-0.0105,0.0735,0.0082,6.7
4.337,-0.0346,-0.0105,0.0615,0.0045,6.6
4.338,-0.0285,-0.0075,0.0615,0.003,6.4
4.339,-0.024,-0.0046,0.0615,0.003,6.3
4.34,-0.015,-0.0023,0.0532,0.0007,6.1
4.341,-0.003,-0.0015,0.0405,-0.0008,6.1
4.342,-0.0008,-0.0015,0.024,0.0007,6.0
4.343,0.0037,0.0015,0.0142,-0.003,6.0
4.344,0.0127,0.0022,0.0142,-0.012,5.9
4.345,0.012,-0.0046,0.0105,-0.024,5.8
4.346,0.012,-0.0075,0.0067,-0.0518,5.8
4.347,0.015,-0.0023,0.0052,-0.0728,5.8
4.348,0.0165,0.0045,-0.0023,-0.0503,5.7
4.349,0.012,0.006,-0.0113,-0.012,5.6
4.35,0.0037,0.0045,-0.0128,0.0352,5.6
4.351,0.0007,0.0045,-0.0091,0.0862,5.5
4.352,0.0037,-0.0023,-0.0113,0.105,5.4
4.353,0.0067,-0.0113,-0.0075,0.0877,5.4
4.354,0.009,-0.0128,0.0022,0.0367,5.3
4.355,0.0075,-0.012,-0.0015,-0.0023,5.3
4.356,-0.0008,-0.0083,-0.012,-0.012,5.2
4.357,0.0037,-0.0015,-0.0181,-0.0383,5.2
4.358,0.0067,0.003,-0.0218,-0.048,5.1
4.359,0.003,0.0052,-0.0225,-0.0293,5.0
4.36,0.0052,0.003,-0.0256,-0.0091,4.9
4.361,0.0052,0.0045,-0.0375,0.012,5.0
4.362,0.009,0.0052,-0.0383,0.0255,5.0
4.363,0.0082,0.003,-0.0368,0.0255,5.0
4.364,0.0067,0.0045,-0.0413,0.0135,5.1
4.365,0.0105,0.0015,-0.0398,-0.0038,5.1
4.366,0.0127,-0.0015,-0.039,-0.012,5.2
4.367,0.0112,-0.0008,-0.027,-0.0158,5.2
4.368,0.0022,-0.0023,-0.0091,-0.0173,5.2
4.369,-0.003,-0.0008,0.006,-0.0128,5.3
4.37,-0.0068,-0.0015,0.0157,-0.0083,5.3
4.371,-0.012,-0.0053,0.0232,-0.003,5.3
4.372,-0.0195,-0.0046,0.027,-0.0008,5.4
4.373,-0.027,-0.0068,0.027,0.0015,5.4
4.374,-0.0203,-0.0053,0.027,0.0037,5.4
4.375,-0.0068,-0.0008,0.0165,0.003,5.5
4.376,0.003,-0.0008,0.0082,0.0015,5.5
4.377,0.012,-0.0015,-0.003,-0.0023,5.6
4.378,0.0232,-0.0015,-0.0053,-0.0038,5.6
4.379,0.0262,0.0007,0.003,-0.0053,5.6
4.38,0.0277,0.003,-0.0046,-0.0091,5.7
4.381,0.0247,0.0045,-0.012,-0.0075,5.7
4.382,0.0052,0.0037,-0.0308,-0.0113,5.7
4.383,-0.0023,0.0082,-0.0548,-0.0195,5.7
4.384,0.003,0.0135,-0.0675,-0.0293,5.7
4.385,0.012,0.0195,-0.078,-0.033,5.7
4.386,0.0217,0.0232,-0.084,-0.0203,5.7
4.387,0.0225,0.0202,-0.09,-0.0053,5.7
4.388,0.0217,0.0195,-0.09,0.0127,5.7
4.389,0.0202,0.0142,-0.0833,0.027,5.7
4.39,0.0187,0.0105,-0.0825,0.0127,5.7
4.391,0.0187,0.0105,-0.0795,0.0045,5.7
4.392,0.0202,0.009,-0.0735,0.0082,5.7
4.393,0.0217,0.0067,-0.0668,-0.003,5.7
4.394,0.0165,0.0045,-0.0593,-0.0113,5.7
4.395,0.0127,0.0052,-0.0518,-0.015,5.7
4.396,0.0112,0.0067,-0.0465,-0.0203,5.7
4.397,0.0112,0.0067,-0.0443,-0.0195,5.7
4.398,0.0142,0.0052,-0.042,-0.012,5.7
4.399,0.0142,0.0045,-0.0405,-0.0008,5.7
4.4,0.012,0.0052,-0.0405,-0.0008,5.7
4.401,0.0097,0.0067,-0.039,-0.006,5.7
4.402,0.009,0.0052,-0.0368,-0.006,5.7
4.403,0.0112,0.0052,-0.0293,-0.0083,5.7
4.404,0.0105,0.0052,-0.0218,-0.0075,5.7
4.405,0.0075,0.0045,-0.0181,-0.0075,5.7
4.406,0.009,0.0037,-0.0143,-0.0046,5.7
4.407,0.012,0.0045,-0.0091,-0.003,5.6
4.408,0.0127,0.0022,-0.0008,-0.0053,5.6
4.409,0.0075,0.0,0.0052,-0.003,5.6
4.41,-0.0068,-0.0038,0.0142,0.003,5.6
4.411,-0.0158,-0.0068,0.021,0.0075,5.6
4.412,-0.0165,-0.0053,0.0232,0.0097,5.5
4.413,-0.0128,-0.0068,0.0262,0.0142,5.5
4.414,-0.0135,-0.0091,0.0262,0.0165,5.5
4.415,-0.0165,-0.0091,0.027,0.0067,5.5
4.416,-0.0128,-0.0098,0.0232,-0.0015,5.5
4.417,-0.0128,-0.0083,0.0217,0.0,5.4
4.418,-0.0105,-0.0068,0.0165,-0.0015,5.4
4.419,-0.0091,-0.0046,0.009,-0.0023,5.4
4.42,-0.0091,-0.0015,0.0067,0.0052,5.3
4.421,-0.0083,0.0007,0.0052,0.0105,5.3
4.422,-0.0083,0.0015,0.0067,0.0082,5.3
4.423,-0.0046,0.0007,0.0045,0.0082,5.2
4.424,-0.0008,0.0015,0.0052,0.006,5.1
4.425,0.003,0.0007,0.0052,-0.0083,5.0
4.426,0.0022,-0.003,0.003,-0.0195,4.9
4.427,-0.0008,-0.0068,0.0052,-0.0181,4.9
4.428,-0.0046,-0.006,0.0045,-0.0083,4.8
4.429,-0.0091,-0.0046,0.0022,-0.003,4.7
4.43,-0.0135,-0.0023,0.0045,0.0037,4.6
4.431,-0.0165,-0.0015,0.0105,0.012,4.6
4.432,-0.0181,-0.0053,0.015,0.009,4.5
4.433,-0.015,-0.0083,0.0187,0.0097,4.5
4.434,-0.0143,-0.0083,0.0225,0.012,4.4
4.435,-0.0195,-0.0046,0.0262,0.0105,4.3
4.436,-0.0158,-0.0008,0.0277,0.0045,4.2
4.437,0.003,-0.003,0.03,-0.006,4.1
4.438,0.0165,-0.006,0.036,-0.0105,4.0
4.439,0.012,-0.0053,0.048,-0.0083,4.0
4.44,0.0067,-0.0068,0.054,0.0045,3.9
4.441,0.0,-0.0068,0.0532,0.0127,3.8
4.442,-0.0053,-0.006,0.0517,0.021,3.8
4.443,-0.0053,-0.0091,0.042,0.0292,3.7
4.444,-0.0105,-0.0105,0.033,0.0195,3.6
4.445,-0.0128,-0.0091,0.027,0.009,3.6
4.446,-0.0128,-0.0068,0.0202,0.006,3.5
4.447,-0.0105,-0.0068,0.0172,0.0015,3.5
4.448,-0.0053,-0.0083,0.0165,0.0,3.4
4.449,-0.0046,-0.0083,0.018,0.0007,3.3
4.45,-0.0038,-0.006,0.0232,-0.0008,3.2
4.451,-0.0046,-0.0023,0.0232,-0.0083,3.1
4.452,-0.0046,0.0007,0.0,-0.012,3.1
4.453,0.0015,0.0067,-0.0225,-0.0083,3.0
4.454,0.0052,0.0082,-0.0353,-0.0053,3.0
4.455,0.009,0.009,-0.0443,0.0,2.9
4.456,0.012,0.0105,-0.0465,0.0022,2.8
4.457,0.018,0.009,-0.0525,-0.0038,2.8
4.458,0.0225,0.0105,-0.0533,-0.0075,2.7
4.459,0.0195,0.0082,-0.0518,-0.0068,2.6
4.46,0.0202,0.0105,-0.0518,-0.0083,2.5
4.461,0.018,0.0112,-0.048,-0.0068,2.5
4.462,0.0157,0.0097,-0.0428,-0.0015,2.5
4.463,0.012,0.0082,-0.0368,-0.0023,2.4
4.464,0.0067,0.0052,-0.0361,-0.0091,2.4
4.465,0.003,0.0045,-0.0323,-0.0203,2.3
4.466,-0.0015,0.0052,-0.033,-0.0181,2.3
4.467,-0.0053,0.0082,-0.0315,-0.0098,2.3
4.468,-0.0091,0.0067,-0.0143,-0.0068,2.2
4.469,-0.0091,0.0022,0.003,0.0052,2.2
4.47,-0.0053,-0.0015,0.015,0.0232,2.2
4.471,-0.006,-0.0046,0.0157,0.0292,2.1
4.472,-0.003,-0.006,0.0172,0.0165,2.1
4.473,0.0082,-0.0083,0.0277,0.0082,2.0
4.474,0.0127,-0.0105,0.0345,0.0037,2.0
4.475,0.0127,-0.0091,0.0352,-0.0015,1.9
4.476,0.0097,-0.0098,0.0352,0.0007,1.9
4.477,0.0075,-0.0105,0.0367,-0.0015,1.9
4.478,0.0022,-0.0083,0.0345,-0.0046,1.8
4.479,-0.0083,-0.006,0.0352,-0.0008,1.8
4.48,-0.012,-0.003,0.0337,-0.0023,1.7
4.481,-0.0128,-0.003,0.03,-0.003,1.7
4.482,-0.0165,-0.0015,0.0315,-0.0068,1.7
4.483,-0.0203,0.0,0.027,-0.0105,1.7
4.484,-0.0248,-0.0015,0.027,-0.0113,1.7
4.485,-0.0225,-0.0038,0.033,-0.003,1.7
4.486,-0.0143,-0.006,0.0405,0.0127,1.7
4.487,-0.0083,-0.0053,0.039,0.0262,1.7
4.488,-0.003,-0.006,0.0322,0.0405,1.6
4.489,0.0037,-0.0083,0.0352,0.0412,1.6
4.49,0.012,-0.0075,0.033,0.0232,1.6
4.491,0.0075,-0.0113,0.0322,0.009,1.6
4.492,-0.0158,-0.0075,0.0352,0.0067,1.6
4.493,-0.03,-0.0053,0.0435,0.0037,1.5
4.494,-0.0405,-0.0053,0.0652,0.003,1.5
4.495,-0.0495,-0.0038,0.0735,0.0052,1.5
4.496,-0.0548,-0.0068,0.0712,0.0067,1.5
4.497,-0.0563,-0.003,0.0765,0.0105,1.5
4.498,-0.039,-0.003,0.0832,0.0112,1.5
4.499,-0.0181,-0.0046,0.0885,0.0105,1.4
4.5,-0.0015,-0.0105,0.096,0.006,1.4
4.501,0.0015,-0.0203,0.1035,0.003,1.4
4.502,-0.006,-0.0218,0.0982,0.0022,1.4
4.503,0.0045,-0.0203,0.09,0.0007,1.4
4.504,0.0157,-0.0173,0.0825,0.0007,1.4
4.505,0.003,-0.0165,0.0712,0.0015,1.4
4.506,-0.0091,-0.0143,0.0585,0.0007,1.4
4.507,-0.015,-0.0105,0.048,0.0007,1.4
4.508,-0.0181,-0.0098,0.0427,0.0007,1.4
4.509,-0.0135,-0.0053,0.033,-0.0008,1.4
4.51,-0.0053,-0.0023,0.0202,-0.0015,1.5
4.511,0.0,0.0007,0.012,-0.0023,1.5
4.512,0.0037,0.0022,0.0052,-0.0053,1.5
4.513,0.0082,0.0037,-0.0015,-0.0083,1.5
4.514,0.009,0.0052,-0.0158,-0.0083,1.5
4.515,0.0105,0.006,-0.027,-0.0105,1.5
4.516,0.012,0.009,-0.0353,-0.0203,1.5
4.517,0.0142,0.0097,-0.0413,-0.0278,1.5
4.518,0.015,0.0082,-0.0428,-0.0218,1.5
4.519,0.0127,0.0082,-0.0458,-0.0128,1.5
4.52,0.012,0.0082,-0.0443,-0.0015,1.5
4.521,0.0135,0.009,-0.0398,0.0157,1.6
4.522,0.0172,0.0082,-0.0368,0.0157,1.6
4.523,0.021,0.0052,-0.0375,0.0082,1.6
4.524,0.0165,0.0067,-0.0361,0.0052,1.6
4.525,0.0127,0.0045,-0.033,-0.0023,1.7
4.526,0.0067,0.0052,-0.0315,-0.0083,1.7
4.527,-0.0053,0.0082,-0.0346,-0.0083,1.7
4.528,-0.0165,0.0045,-0.0375,-0.006,1.7
4.529,-0.0233,0.0015,-0.0428,-0.0091,1.7
4.53,-0.0158,0.0015,-0.0473,-0.0128,1.8
4.531,-0.0015,0.006,-0.0413,-0.012,1.8
4.532,0.0097,0.0067,-0.0315,-0.012,1.8
4.533,0.018,0.0082,-0.0233,-0.012,1.8
4.534,0.0202,0.0097,-0.027,-0.0098,1.8
4.535,0.0307,0.009,-0.0315,-0.0068,1.9
4.536,0.0525,0.0105,-0.0361,-0.0053,1.9
4.537,0.054,0.006,-0.039,-0.0038,1.9
4.538,0.0397,0.0037,-0.0428,-0.0008,1.9
4.539,0.03,0.0022,-0.0518,-0.0053,1.9
4.54,0.0127,0.0,-0.054,-0.0105,2.0
4.541,0.0105,0.0015,-0.0593,-0.0188,2.0
4.542,0.012,-0.0015,-0.0555,-0.0285,2.1
4.543,0.0127,0.0022,-0.0495,-0.0361,2.1
4.544,0.0105,0.0075,-0.0428,-0.0323,2.1
4.545,-0.0008,0.0082,-0.039,-0.0143,2.2
4.546,-0.0015,0.0067,-0.0405,-0.0046,2.2
4.547,-0.0046,0.0037,-0.0361,0.0045,2.2
4.548,-0.0015,0.0037,-0.0278,0.0142,2.2
4.549,0.0007,-0.0023,-0.0165,0.0157,2.3
4.55,-0.0023,-0.0083,-0.0053,0.0187,2.3
4.551,-0.003,-0.0075,0.003,0.0105,2.4
4.552,-0.006,-0.0046,0.009,-0.0046,2.4
4.553,-0.0075,-0.0038,0.012,-0.0083,2.4
4.554,-0.0098,-0.0038,0.0142,-0.0091,2.5
4.555,-0.0091,-0.0046,0.018,-0.0008,2.5
4.556,-0.0075,-0.0053,0.0195,0.0097,2.6
4.557,-0.006,-0.003,0.018,0.0135,2.6
4.558,-0.0038,-0.003,0.0112,0.0105,2.6
4.559,-0.0038,-0.003,0.0067,0.0052,2.6
4.56,-0.0038,0.0007,0.0007,0.0015,2.7
4.561,0.0022,0.0037,-0.0053,-0.0038,2.7
4.562,0.0052,0.0052,-0.0098,-0.0046,2.8
4.563,0.0082,0.0052,-0.0181,-0.0068,2.8
4.564,0.0127,0.0067,-0.024,-0.0068,2.9
4.565,0.012,0.009,-0.0285,-0.0068,2.9
4.566,0.0112,0.0105,-0.027,-0.0068,3.0
4.567,0.0082,0.009,-0.0248,-0.0046,3.0
4.568,0.0082,0.0082,-0.0233,-0.0053,3.1
4.569,0.006,0.0045,-0.0165,-0.0053,3.1
4.57,0.003,0.0007,-0.0158,-0.0046,3.1
4.571,0.0075,0.0007,-0.0128,-0.0023,3.1
4.572,0.0045,0.0007,-0.0098,-0.0008,3.2
4.573,0.0015,0.0015,-0.0091,0.0,3.2
4.574,-0.003,0.0007,-0.006,0.0015,3.3
4.575,-0.0068,-0.0008,-0.006,0.0007,3.3
4.576,0.0007,-0.0008,-0.003,0.003,3.4
4.577,0.0052,-0.0015,-0.0008,0.0037,3.4
4.578,0.0015,-0.003,-0.0023,0.003,3.5
4.579,-0.0015,-0.0015,-0.0046,0.0015,3.5
4.58,-0.0075,-0.003,-0.0083,0.0015,3.6
4.581,-0.0165,-0.0023,-0.0105,0.0007,3.6
4.582,-0.0165,0.0015,-0.012,-0.0008,3.6
4.583,-0.0083,0.0052,-0.0068,0.0022,3.6
4.584,0.003,0.0082,0.0015,0.0037,3.6
4.585,0.0097,0.0075,0.009,0.0045,3.6
4.586,0.0082,0.0037,0.0142,0.0,3.6
4.587,0.0022,0.0045,0.0142,0.0007,3.6
4.588,-0.0038,0.0007,0.0112,0.0007,3.6
4.589,-0.0008,-0.0038,0.0127,-0.0083,3.6
4.59,0.0015,-0.006,0.0202,-0.0173,3.7
4.591,-0.0008,-0.0083,0.0195,-0.0181,3.7
4.592,0.003,-0.0053,0.0172,-0.006,3.7
4.593,0.0082,-0.003,0.0165,0.0045,3.7
4.594,0.009,-0.0015,0.0142,0.0187,3.7
4.595,0.0082,-0.0015,0.0082,0.0255,3.7
4.596,0.0075,-0.0038,-0.0015,0.0157,3.7
4.597,0.0015,-0.003,-0.0083,0.0082,3.7
4.598,0.0,-0.0015,-0.0135,0.003,3.8
4.599,-0.0015,-0.0015,-0.0181,0.0007,3.8
4.6,-0.0008,0.0022,-0.0203,-0.0023,3.8
4.601,0.0007,0.0015,-0.021,-0.0023,3.8
4.602,-0.0038,0.0015,-0.0181,-0.0008,3.8
4.603,-0.0015,0.003,-0.015,-0.0015,3.8
4.604,-0.0053,0.0037,-0.0143,-0.0008,3.9
4.605,-0.006,0.0022,-0.0113,-0.0023,3.9
4.606,-0.0015,0.0015,-0.0083,-0.003,3.9
4.607,-0.0023,0.0015,-0.0075,-0.0023,3.9
4.608,-0.0008,0.0007,-0.0083,-0.003,3.9
4.609,-0.0008,0.0,-0.0098,-0.0046,4.0
4.61,0.003,-0.0008,-0.0128,-0.0053,4.0
4.611,0.0037,-0.0015,-0.0143,-0.006,4.0
4.612,0.003,-0.0008,-0.0195,-0.0068,4.0
4.613,0.006,0.0015,-0.0158,-0.0023,4.0
4.614,-0.0015,-0.0008,0.0022,0.003,4.0
4.615,-0.0053,-0.003,-0.0015,0.0007,4.0
4.616,0.0,0.0015,-0.0105,-0.0015,4.0
4.617,0.0007,0.0007,-0.0015,0.0015,4.1
4.618,-0.0015,-0.0038,0.012,0.003,4.1
4.619,-0.003,-0.0008,0.0067,0.0015,4.1
4.62,0.0,0.0022,-0.003,0.0015,4.1
4.621,-0.0008,0.0022,0.0022,0.003,4.1
4.622,0.0007,0.0007,0.0045,0.0045,4.2
4.623,0.0,-0.003,0.0067,0.0045,4.2
4.624,0.0,-0.0015,0.0,0.0015,4.2
4.625,0.0037,-0.0008,0.0,0.0007,4.2
4.626,0.0022,-0.0015,0.003,0.0007,4.3
4.627,0.003,-0.0008,0.003,-0.0008,4.3
4.628,0.0022,-0.0008,0.0045,-0.0015,4.3
4.629,0.0045,-0.0008,-0.0008,-0.003,4.3
4.63,0.0015,-0.0008,0.0015,-0.003,4.4
4.631,-0.0023,-0.0008,-0.003,-0.003,4.4
4.632,-0.0015,-0.0008,-0.0046,-0.003,4.4
4.633,-0.003,0.0,-0.003,-0.003,4.4
4.634,-0.0008,-0.0008,0.0022,-0.0023,4.4
4.635,-0.0038,0.0,0.0067,-0.0008,4.5
4.636,-0.0053,-0.0008,0.009,-0.0015,4.5
4.637,-0.003,0.0015,0.0082,-0.003,4.5
4.638,-0.0046,0.0007,0.0082,0.0,4.5
4.639,-0.003,-0.0038,0.0172,0.0022,4.5
4.64,-0.0046,-0.0015,0.0172,0.003,4.5
4.641,-0.003,-0.0008,0.0157,0.0045,4.5
4.642,-0.003,0.0,0.018,0.0045,4.5
4.643,-0.0023,-0.0008,0.0165,0.0045,4.5
4.644,-0.0015,-0.0008,0.0135,0.003,4.5
4.645,0.0,-0.0008,0.0067,0.003,4.5
4.646,0.0015,-0.0015,0.0052,0.003,4.5
4.647,-0.0008,-0.0046,0.0082,0.0007,4.5
4.648,-0.0015,-0.0038,0.0067,-0.0008,4.5
4.649,-0.0008,-0.0038,0.006,-0.0008,4.5
4.65,-0.0023,-0.003,0.0067,-0.0008,4.6
4.651,-0.0015,-0.003,0.0075,0.0007,4.6
4.652,-0.003,-0.0046,0.012,0.003,4.6
4.653,-0.003,-0.0046,0.0105,0.0037,4.6
4.654,-0.003,-0.0038,0.0022,0.0022,4.6
4.655,0.0,-0.0023,-0.003,0.0007,4.6
4.656,0.0015,-0.0008,0.003,0.0007,4.6
4.657,0.0015,-0.003,0.012,0.0007,4.6
4.658,-0.0008,-0.0046,0.0157,0.0007,4.6
4.659,-0.0015,-0.0046,0.0127,-0.0008,4.6
4.66,-0.0015,-0.0038,0.0135,0.0007,4.6
4.661,-0.006,-0.0038,0.0157,0.0007,4.6
4.662,-0.006,-0.0046,0.0157,0.0007,4.6
4.663,-0.0083,-0.006,0.018,0.0022,4.6
4.664,-0.0046,-0.003,0.0105,0.0015,4.6
4.665,-0.003,-0.0023,0.009,0.0007,4.6
4.666,-0.0023,-0.0015,0.0052,0.0007,4.6
4.667,0.0015,0.0007,0.0067,0.0015,4.6
4.668,-0.0008,0.0,0.0052,0.0015,4.6
4.669,0.0015,0.0015,0.003,0.0007,4.6
4.67,0.0007,0.0015,0.006,0.0007,4.6
4.671,0.0015,0.0007,0.003,0.0007,4.6
4.672,0.0037,-0.0023,0.0045,0.0,4.6
4.673,0.0015,-0.003,0.0037,0.0007,4.6
4.674,0.0007,-0.0023,0.0075,-0.0008,4.6
4.675,-0.0008,-0.0015,0.0052,-0.0008,4.5
4.676,0.0015,-0.003,0.0052,0.0,4.5
4.677,0.003,-0.0008,0.0045,0.0007,4.5
4.678,0.0022,0.0007,0.0007,-0.0008,4.5
4.679,0.0,0.0,0.0052,0.0007,4.5
4.68,-0.0008,0.0007,-0.0008,-0.0008,4.5
4.681,-0.0008,0.0007,-0.0015,-0.0008,4.5
4.682,0.0015,0.0015,-0.0046,0.0007,4.5
4.683,0.0037,0.0015,-0.0015,0.0,4.5
4.684,0.0007,-0.0008,0.0007,0.0,4.5
4.685,0.0007,-0.0008,0.0,0.0015,4.5
4.686,-0.0015,0.0,0.0007,0.0007,4.5
4.687,-0.0015,0.0015,0.0007,-0.0008,4.5
4.688,0.0007,0.0022,0.0007,0.0007,4.5
4.689,0.0015,0.003,-0.0008,0.003,4.5
4.69,0.0015,0.0052,0.003,0.0015,4.5
4.691,-0.0008,0.0045,0.0015,-0.0075,4.5
4.692,0.0015,0.0037,0.0007,-0.0195,4.5
4.693,0.0015,0.0045,-0.0015,-0.0165,4.4
4.694,0.0,0.0037,-0.006,-0.0091,4.4
4.695,0.0007,0.0045,-0.0068,-0.0053,4.4
4.696,0.0015,0.003,-0.0075,0.0127,4.4
4.697,0.0015,0.0015,-0.0075,0.0232,4.4
4.698,0.0007,-0.0023,-0.0091,0.021,4.4
4.699,-0.0008,-0.0046,-0.0075,0.021,4.4
4.7,-0.0008,-0.0038,-0.0053,0.0142,4.3
4.701,0.0,-0.0091,-0.003,0.0067,4.3
4.702,0.0015,-0.0105,0.0,0.003,4.3
4.703,0.0,-0.0098,0.0015,-0.0046,4.3
4.704,-0.0008,-0.0083,0.003,-0.0091,4.3
4.705,-0.0023,-0.0053,0.0022,-0.0105,4.3
4.706,-0.0008,-0.003,-0.0023,-0.0135,4.3
4.707,0.0007,-0.0008,-0.0046,-0.0181,4.3
4.708,0.0007,0.0007,-0.0046,-0.0203,4.3
4.709,0.0045,-0.0008,-0.0068,-0.0218,4.3
4.71,0.0052,-0.0008,-0.0105,-0.0165,4.3
4.711,0.0067,0.0007,-0.0143,-0.0105,4.3
4.712,0.0082,0.0022,-0.0181,-0.0068,4.3
4.713,0.0075,0.0045,-0.0195,-0.0046,4.2
4.714,0.0082,0.0015,-0.0195,-0.0046,4.2
4.715,0.0067,0.0022,-0.021,-0.0015,4.2
4.716,0.0067,0.0045,-0.015,-0.0015,4.2
4.717,0.0052,0.0022,-0.0105,-0.0008,4.2
4.718,0.0037,0.003,-0.0128,0.0022,4.2
4.719,0.0052,0.003,-0.0083,0.0015,4.2
4.72,0.0022,0.0022,-0.0068,0.0022,4.1
4.721,0.0,0.0022,-0.006,0.003,4.1
4.722,0.0007,0.003,-0.003,0.003,4.1
4.723,0.0007,0.003,-0.0015,0.003,4.1
4.724,-0.0015,0.003,-0.0015,0.003,4.1
4.725,0.0,0.0015,-0.0008,0.0037,4.1
4.726,-0.0008,0.0007,0.0007,0.0022,4.1
4.727,-0.0008,0.0007,0.0022,0.0015,4.1
4.728,0.0007,-0.0008,0.003,0.003,4.1
4.729,-0.0015,0.0007,0.0052,0.0022,4.1
4.73,-0.003,0.0,0.003,0.0007,4.1
4.731,-0.0008,0.0015,-0.0038,0.0,4.1
4.732,0.0007,0.0022,-0.0053,-0.0008,4.1
4.733,0.0015,0.0007,-0.0068,-0.0008,4.1
4.734,0.0015,0.0007,-0.0091,-0.0008,4.1
4.735,0.0022,0.0022,-0.0105,-0.0015,4.1
4.736,0.0045,0.003,-0.0075,0.0007,4.1
4.737,0.0015,0.0015,-0.0068,0.0015,4.1
4.738,0.0007,0.003,-0.0068,0.0007,4.1
4.739,0.0022,0.0022,-0.0015,-0.0008,4.1
4.74,-0.0008,-0.0015,0.0007,-0.0015,4.1
4.741,0.0,-0.0015,0.0,0.0007,4.1
4.742,0.0015,0.0,0.003,-0.0008,4.1
4.743,0.0,-0.0015,0.0067,-0.0008,4.2
4.744,-0.0008,-0.0015,0.0045,0.0007,4.2
4.745,0.0022,-0.0008,0.0015,0.0015,4.2
4.746,0.0015,-0.0008,0.003,0.0015,4.2
4.747,-0.0008,-0.003,0.0015,0.0007,4.2
4.748,-0.0015,-0.0023,0.0015,0.0007,4.2
4.749,-0.003,-0.0015,0.0075,0.0015,4.2
4.75,-0.0046,-0.0015,0.0082,-0.0008,4.3
4.751,-0.0038,-0.0008,0.0045,-0.0008,4.3
4.752,-0.0015,-0.0008,0.0045,0.0007,4.3
4.753,-0.0023,-0.0015,0.0052,-0.0015,4.3
4.754,-0.0023,-0.0008,0.0075,-0.0015,4.3
4.755,-0.0038,-0.0008,0.006,0.0007,4.3
4.756,-0.0053,-0.0023,0.0097,0.0015,4.3
4.757,-0.0068,-0.003,0.0127,0.003,4.3
4.758,-0.0053,-0.003,0.009,0.003,4.4
4.759,-0.0038,-0.0015,0.0067,0.0015,4.4
4.76,-0.0015,-0.0008,0.0052,0.003,4.4
4.761,0.0,-0.0008,0.0052,0.0022,4.4
4.762,0.0007,-0.0015,0.0082,0.0007,4.4
4.763,0.0022,-0.003,0.0082,0.003,4.4
4.764,0.0015,-0.0038,0.009,0.003,4.4
4.765,0.003,-0.0015,0.0082,0.0015,4.4
4.766,0.0015,0.0,0.0082,0.0015,4.4
4.767,0.0,-0.0008,0.0082,0.0007,4.4
4.768,0.0007,-0.0015,0.0082,0.003,4.5
4.769,-0.0038,-0.0023,0.009,0.003,4.5
4.77,-0.003,-0.0023,0.0127,0.0015,4.5
4.771,-0.003,-0.003,0.0127,0.0022,4.5
4.772,-0.003,-0.003,0.0105,-0.0008,4.5
4.773,-0.003,-0.003,0.0052,-0.0008,4.5
4.774,-0.0015,-0.0023,0.0,-0.0023,4.5
4.775,0.0037,-0.0015,-0.0015,-0.0038,4.5
4.776,0.0022,-0.0008,0.0,-0.0015,4.5
4.777,0.003,0.0007,-0.0015,-0.0015,4.5
4.778,0.0045,-0.0008,-0.0015,-0.0015,4.5
4.779,0.0022,-0.0008,-0.0015,-0.003,4.5
4.78,0.0015,-0.0008,-0.0023,-0.0015,4.5
4.781,-0.0015,-0.0023,-0.0008,0.0015,4.5
4.782,-0.0008,0.0007,0.0,-0.0008,4.6
4.783,0.0,0.0007,0.0022,0.0,4.6
4.784,-0.0015,0.0007,0.0052,0.0007,4.6
4.785,-0.0023,0.0007,0.0015,0.0,4.6
4.786,-0.0023,0.0015,-0.0008,0.0,4.6
4.787,-0.0015,0.0,0.0075,0.0015,4.6
4.788,-0.0038,-0.0015,0.0097,0.0,4.6
4.789,0.0,0.0007,0.0052,-0.0015,4.7
4.79,0.0015,0.0,0.0067,0.0007,4.7
4.791,0.0,0.0,0.0067,0.0,4.7
4.792,0.003,0.0,0.0045,-0.003,4.7
4.793,0.0037,-0.0015,-0.003,-0.0038,4.7
4.794,0.0052,-0.003,-0.0091,-0.0038,4.7
4.795,0.0067,-0.0046,-0.0143,-0.0015,4.8
4.796,0.0075,-0.0015,-0.0195,-0.0015,4.8
4.797,0.0067,0.0,-0.0195,-0.0015,4.8
4.798,0.0052,0.0007,-0.0181,-0.0015,4.8
4.799,0.003,0.0,-0.0158,-0.0023,4.8
4.8,0.0015,-0.0023,-0.0091,-0.0008,4.8
4.801,-0.0008,-0.0023,-0.0075,0.0007,4.9
4.802,-0.0015,-0.0015,-0.003,0.0015,4.9
4.803,-0.0015,-0.0008,0.0015,0.0022,4.9
4.804,-0.003,0.0,0.0037,0.003,4.9
4.805,-0.0038,0.0007,0.0067,0.0045,5.0
4.806,-0.003,-0.0008,0.0067,0.0037,5.0
4.807,-0.0046,-0.0008,0.0052,0.003,5.0
4.808,-0.0023,0.0007,-0.0008,0.0007,5.1
4.809,-0.0008,0.0022,-0.0083,-0.003,5.1
4.81,0.0015,0.0037,-0.0105,-0.0038,5.2
4.811,0.0037,0.0022,-0.012,-0.006,5.2
4.812,0.0022,0.0022,-0.0105,-0.006,5.2
4.813,0.003,0.0037,-0.0105,-0.0046,5.3
4.814,0.003,0.0045,-0.012,-0.0053,5.3
4.815,0.003,0.0022,-0.0128,-0.0046,5.3
4.816,0.003,0.0015,-0.012,-0.003,5.3
4.817,0.0007,0.003,-0.0091,-0.0008,5.4
4.818,0.0007,0.0,-0.0068,-0.0008,5.4
4.819,0.0022,0.0,-0.0046,-0.0023,5.4
4.82,0.0015,0.0015,-0.0008,-0.0008,5.5
4.821,0.0007,-0.0008,0.0052,0.0015,5.5
4.822,-0.0015,-0.0038,0.006,0.0015,5.6
4.823,-0.0015,-0.0015,0.0067,0.003,5.6
4.824,-0.003,-0.0008,0.0097,0.0015,5.6
4.825,-0.0023,-0.0008,0.012,0.0007,5.7
4.826,-0.003,-0.0008,0.0165,0.0015,5.7
4.827,-0.0046,0.0,0.0142,0.0022,5.8
4.828,-0.0038,0.0,0.0097,0.0,5.8
4.829,-0.0015,0.0,0.0067,0.0007,5.8
4.83,-0.0008,0.0015,0.0015,0.0,5.9
4.831,-0.0008,0.0015,0.003,-0.0008,5.9
4.832,-0.0008,0.0007,0.0037,-0.0008,5.9
4.833,-0.0008,0.0,-0.0008,0.0007,6.0
4.834,0.0015,0.0007,0.0022,-0.0008,6.0
4.835,0.0015,0.0015,0.0037,-0.0008,6.1
4.836,0.003,0.0015,0.0007,0.0,6.1
4.837,0.003,0.0007,0.0015,-0.0023,6.1
4.838,0.003,-0.0008,0.003,-0.0023,6.2
4.839,0.0037,-0.0015,0.003,-0.0023,6.2
4.84,0.003,-0.0008,0.0045,-0.0023,6.3
4.841,0.003,-0.0008,0.0045,-0.0008,6.3
4.842,0.0007,0.0,0.0,-0.0023,6.3
4.843,-0.0008,0.0015,-0.0046,-0.003,6.4
4.844,0.0,0.0015,-0.0068,-0.003,6.4
4.845,0.0007,0.0,-0.0075,-0.003,6.5
4.846,0.0015,0.0,-0.0105,-0.0038,6.5
4.847,0.0037,0.0007,-0.0143,-0.003,6.6
4.848,0.003,-0.0008,-0.0135,-0.0008,6.6
4.849,0.003,0.0,-0.0128,-0.0023,6.7
4.85,0.0022,0.0007,-0.012,-0.0038,6.7
4.851,0.0007,0.0007,-0.012,-0.0038,6.8
4.852,0.0007,0.0015,-0.0143,-0.0038,6.8
4.853,0.0007,0.0022,-0.0113,-0.003,6.9
4.854,0.0015,0.0015,-0.0113,-0.0023,6.9
4.855,0.003,0.0015,-0.0105,-0.0015,7.0
4.856,0.0022,0.0022,-0.006,-0.0008,7.0
4.857,0.0,0.0015,-0.006,-0.0008,7.1
4.858,-0.0015,-0.0008,-0.003,-0.0015,7.1
4.859,-0.0015,-0.0008,-0.0023,-0.0015,7.2
4.86,0.0015,0.0,-0.0098,-0.0023,7.2
4.861,0.0045,0.0,-0.0053,-0.0008,7.2
4.862,0.0037,-0.0015,-0.0038,-0.0015,7.3
4.863,0.0045,-0.0008,-0.0098,-0.0023,7.3
4.864,0.0037,0.0,-0.0015,-0.0008,7.4
4.865,0.0007,-0.0008,0.0,-0.0008,7.5
4.866,0.0015,-0.0008,0.0015,0.0007,7.5
4.867,0.0015,-0.003,0.0075,0.0007,7.6
4.868,-0.0015,-0.003,0.0075,0.0015,7.6
4.869,-0.003,-0.003,0.006,0.0007,7.6
4.87,-0.0015,-0.0053,0.0067,-0.0008,7.7
4.871,-0.0038,-0.0038,0.009,0.0007,7.8
4.872,-0.0038,-0.003,0.009,0.0015,7.8
4.873,-0.0046,-0.0023,0.0097,0.0015,7.9
4.874,-0.003,-0.0008,0.0082,0.0015,7.9
4.875,-0.0015,-0.0008,0.0045,0.0007,8.0
4.876,0.0,0.0,0.0015,-0.0008,8.0
4.877,0.0007,-0.0008,0.0007,-0.0015,8.1
4.878,0.0007,-0.0008,-0.0015,0.0,8.1
4.879,0.0007,-0.0008,-0.0015,0.0007,8.2
4.88,0.0007,-0.0015,0.0037,0.0007,8.2
4.881,0.0007,-0.0015,0.0007,0.0007,8.3
4.882,-0.0015,-0.0008,0.0022,0.0015,8.3
4.883,-0.0015,-0.0008,0.0067,0.0022,8.4
4.884,-0.0015,-0.0015,0.0075,0.0015,8.5
4.885,-0.003,-0.0015,0.0097,0.0,8.5
4.886,-0.0023,-0.0008,0.0067,0.0007,8.6
4.887,-0.0015,-0.0008,0.0082,0.0007,8.6
4.888,0.0007,0.0007,0.0082,0.0007,8.7
4.889,-0.0008,0.0,0.0067,0.0022,8.7
4.89,-0.003,0.0,0.0067,0.0015,8.8
4.891,-0.0015,-0.0008,0.003,-0.0008,8.9
4.892,-0.0015,0.0007,0.0007,-0.0015,8.9
4.893,0.0015,0.0022,-0.003,-0.0008,9.0
4.894,0.0045,0.0022,-0.0075,0.0007,9.0
4.895,0.0022,0.0037,-0.0075,-0.0008,9.1
4.896,0.0045,0.0037,-0.0075,-0.0008,9.1
4.897,0.003,0.0022,-0.0105,0.0,9.2
4.898,0.003,0.0015,-0.0091,0.0007,9.3
4.899,0.0037,0.0015,-0.0091,0.0007,9.3
4.9,0.003,0.003,-0.012,0.0,9.4
4.901,0.003,0.003,-0.012,0.0007,9.4
4.902,0.0037,0.0015,-0.015,0.0007,9.5
4.903,0.0037,0.0022,-0.015,-0.0008,9.6
4.904,0.003,0.0015,-0.0158,0.0,9.6
4.905,0.0022,-0.0008,-0.0181,0.0,9.7
4.906,0.0007,-0.0008,-0.0188,-0.0015,9.8
4.907,0.0015,0.0007,-0.0195,-0.003,9.9
4.908,0.0022,0.0015,-0.0203,-0.0038,9.9
4.909,0.003,0.0007,-0.0218,-0.0053,10.0
4.91,0.0052,-0.0008,-0.0218,-0.0046,10.1
4.911,0.0037,-0.0015,-0.0203,-0.0046,10.1
4.912,0.0052,-0.0015,-0.021,-0.0046,10.2
4.913,0.0097,0.0007,-0.021,-0.0038,10.3
4.914,0.009,0.0007,-0.0218,-0.0015,10.3
4.915,0.0075,0.0015,-0.0113,0.0015,10.4
4.916,0.0067,0.003,-0.003,0.003,10.5
4.917,0.0052,0.0015,-0.0023,0.0007,10.5
4.918,0.0022,0.0,-0.003,0.0015,10.6
4.919,0.0015,-0.0015,-0.0038,0.0007,10.7
4.92,0.0007,-0.003,0.0007,0.0007,10.7
4.921,0.003,-0.0015,-0.0023,0.0015,10.8
4.922,0.0015,-0.0015,-0.003,0.0,10.9
4.923,0.0007,-0.0015,-0.0008,0.0015,11.0
4.924,0.0022,0.0015,-0.0023,0.0015,11.1
4.925,0.003,0.0045,-0.0023,0.0,11.2
4.926,0.0022,0.0052,-0.006,-0.0008,11.2
4.927,0.0022,0.0045,-0.0091,-0.0008,11.3
4.928,0.0,0.0022,-0.0105,-0.0015,11.4
4.929,-0.0015,0.0015,-0.012,-0.003,11.5
4.93,-0.0008,0.003,-0.0128,-0.0015,11.6
4.931,0.0015,0.003,-0.0135,-0.0015,11.7
4.932,0.0022,0.0007,-0.0158,-0.0015,11.8
4.933,0.0007,-0.0008,-0.012,-0.0008,11.9
4.934,0.0015,-0.0023,-0.0053,0.0007,12.0
4.935,0.0,-0.0015,-0.0053,-0.0008,12.1
4.936,-0.0023,-0.003,-0.0008,-0.0008,12.1
4.937,-0.0046,-0.006,0.003,0.0,12.2
4.938,-0.0068,-0.0053,0.0067,0.0007,12.3
4.939,-0.0091,-0.006,0.0127,0.0045,12.4
4.94,-0.0091,-0.006,0.0142,0.006,12.5
4.941,-0.0075,-0.003,0.0165,0.0045,12.6
4.942,-0.0083,-0.0046,0.0165,0.0052,12.7
4.943,-0.0068,-0.0068,0.0195,0.0045,12.8
4.944,-0.0091,-0.0083,0.0262,0.0045,12.9
4.945,-0.0128,-0.0083,0.027,0.006,13.0
4.946,-0.0113,-0.0053,0.027,0.0045,13.1
4.947,-0.0083,-0.0046,0.0307,0.0015,13.2
4.948,-0.0068,-0.003,0.0375,0.0037,13.4
4.949,-0.0105,-0.0053,0.0472,0.0067,13.5
4.95,-0.0128,-0.0091,0.0517,0.0075,13.6
4.951,-0.012,-0.0083,0.0502,0.0075,13.7
4.952,-0.0143,-0.0023,0.0457,0.0052,13.8
4.953,-0.0113,0.0,0.039,0.006,13.9
4.954,-0.0083,-0.0038,0.0322,0.0067,14.0
4.955,-0.0091,-0.0046,0.0307,0.0075,14.1
4.956,-0.0083,-0.0075,0.027,0.0045,14.2
4.957,-0.0053,-0.0075,0.0202,0.0007,14.4
4.958,-0.0023,-0.0053,0.0157,0.0007,14.4
4.959,0.0007,-0.003,0.0105,0.0,14.6
4.96,0.0037,-0.0008,0.0067,0.0015,14.7
4.961,0.0052,-0.0015,0.0022,-0.0008,14.8
4.962,0.006,0.0015,0.0015,-0.003,15.0
4.963,0.0045,0.003,-0.0008,-0.0046,15.1
4.964,0.0015,0.0022,-0.0038,-0.0068,15.3
4.965,0.0007,0.0015,-0.0008,-0.0053,15.4
4.966,0.0007,0.0,-0.0008,-0.003,15.6
4.967,0.0007,0.0015,-0.0015,-0.0023,15.7
4.968,0.0007,-0.0008,-0.0008,-0.003,15.9
4.969,-0.0015,-0.0015,-0.0046,-0.0038,16.1
4.97,0.0,0.0,-0.0083,-0.0023,16.2
4.971,0.0015,-0.0008,-0.0083,-0.0008,16.3
4.972,0.0022,0.0,-0.0135,0.0,16.5
4.973,0.0082,0.0007,-0.0203,-0.0008,16.6
4.974,0.009,0.0022,-0.021,-0.0015,16.8
4.975,0.0082,0.0007,-0.0158,-0.0015,17.0
4.976,0.0075,0.0007,-0.0128,-0.0023,17.1
4.977,0.0067,0.0045,-0.0128,-0.0046,17.3
4.978,0.0082,0.0052,-0.0143,-0.0053,17.4
4.979,0.0082,0.003,-0.012,-0.0053,17.6
4.98,0.0082,0.0052,-0.012,-0.0053,17.7
4.981,0.006,0.0052,-0.0091,-0.0038,17.9
4.982,0.0015,0.0015,0.0105,0.0007,18.1
4.983,-0.0068,-0.0008,0.0232,0.0015,18.3
4.984,-0.0075,-0.0008,0.0082,-0.003,18.5
4.985,-0.003,0.003,-0.0046,-0.003,18.7
4.986,-0.0008,0.0037,-0.0046,-0.0038,18.9
4.987,0.003,0.006,-0.0165,-0.0068,19.1
4.988,0.0045,0.0097,-0.027,-0.0083,19.3
4.989,0.0082,0.0082,-0.033,-0.0098,19.5
4.99,0.0127,0.0067,-0.0405,-0.0091,19.7
4.991,0.0142,0.0052,-0.0353,-0.0046,19.8
4.992,0.0105,0.0045,-0.0248,-0.0038,20.1
4.993,0.009,0.0045,-0.0256,-0.0015,20.2
4.994,0.0082,0.0007,-0.0248,0.0,20.4
4.995,0.0067,0.0,-0.0181,0.0015,20.7
4.996,0.006,-0.0023,-0.0143,0.0022,20.8
4.997,0.006,-0.003,-0.0098,0.0007,21.0
4.998,0.0045,-0.0015,-0.0046,-0.0015,21.2
4.999,0.0045,-0.0015,-0.003,-0.0015,21.4
5.0,0.0067,0.0007,-0.003,-0.0015,21.6
5.001,0.0082,0.0015,-0.0023,0.0,21.8
5.002,0.0082,0.0045,-0.003,0.0007,22.1
5.003,0.0045,0.0052,0.0,0.0007,22.3
5.004,0.003,0.003,0.003,0.0022,22.5
5.005,-0.0008,0.0022,0.009,0.003,22.8
5.006,-0.0053,0.0,0.0097,0.0,23.0
5.007,-0.003,-0.0015,0.0022,-0.0008,23.3
5.008,-0.0023,0.0,0.0,-0.003,23.5
5.009,-0.003,-0.0008,-0.0068,-0.0075,23.8
5.01,0.0,0.003,-0.0128,-0.0091,24.0
5.011,0.0007,0.0015,-0.0068,-0.0075,24.3
5.012,-0.0008,-0.0015,0.0022,-0.0068,24.5
5.013,0.0007,-0.0015,0.0052,-0.006,24.7
5.014,0.0015,-0.0008,0.0067,-0.003,25.0
5.015,-0.0008,0.0007,0.006,-0.0015,25.2
5.016,-0.003,0.0022,0.0045,-0.0008,25.5
5.017,-0.0015,0.0007,0.0067,0.0007,25.7
5.018,-0.003,-0.0008,0.0082,0.0007,25.9
5.019,-0.0008,-0.003,0.0097,0.0015,26.2
5.02,0.0015,-0.003,0.0105,0.003,26.4
5.021,-0.0015,-0.0023,0.0135,0.0052,26.7
5.022,-0.003,-0.003,0.018,0.0045,26.9
5.023,-0.006,-0.0038,0.0127,0.003,27.2
5.024,-0.0046,0.0007,0.003,0.0022,27.4
5.025,0.0,0.0007,0.006,0.0007,27.7
5.026,-0.0023,-0.003,0.012,0.0007,27.9
5.027,-0.0015,-0.0015,0.0105,-0.0015,28.2
5.028,-0.003,-0.0023,0.0142,-0.0023,28.4
5.029,-0.006,-0.003,0.0217,-0.0008,28.7
5.03,-0.0091,-0.0038,0.024,0.0,29.0
5.031,-0.0068,-0.0046,0.0187,-0.0015,29.2
5.032,-0.006,-0.003,0.018,-0.0023,29.5
5.033,-0.0091,-0.0038,0.021,-0.0008,29.7
5.034,-0.0075,-0.0046,0.021,0.0007,30.0
5.035,-0.0083,-0.006,0.0255,0.003,30.2
5.036,-0.0091,-0.0053,0.0255,0.003,30.5
5.037,-0.0075,-0.0053,0.0217,0.0045,30.7
5.038,-0.0075,-0.006,0.0262,0.0052,31.0
5.039,-0.0091,-0.006,0.0247,0.003,31.2
5.04,-0.0068,-0.0068,0.0165,0.0007,31.5
5.041,-0.0046,-0.0053,0.015,0.0007,31.7
5.042,-0.003,-0.0068,0.0195,0.0022,31.9
5.043,-0.003,-0.0083,0.024,0.0015,32.2
5.044,-0.0053,-0.0068,0.024,0.0022,32.4
5.045,-0.0046,-0.0053,0.0202,0.0037,32.6
5.046,-0.0015,-0.003,0.027,0.0052,32.8
5.047,-0.0008,-0.0046,0.0315,0.0052,33.1
5.048,-0.0008,-0.0068,0.0285,0.0045,33.3
5.049,-0.0015,-0.0046,0.0277,0.0052,33.5
5.05,0.0022,-0.003,0.0225,0.0037,33.7
5.051,0.0,-0.0015,0.0195,0.003,33.9
5.052,-0.0023,-0.0015,0.021,0.0022,34.1
5.053,-0.0046,-0.0046,0.0247,0.0015,34.4
5.054,-0.0083,-0.0053,0.0277,0.0045,34.6
5.055,-0.0098,-0.0053,0.0382,0.0045,34.8
5.056,-0.0128,-0.0083,0.0465,0.0052,35.1
5.057,-0.0128,-0.0068,0.042,0.003,35.3
5.058,-0.012,-0.003,0.0285,0.0007,35.5
5.059,-0.0068,-0.0023,0.012,0.0007,35.7
5.06,-0.0046,-0.0008,0.0045,-0.0015,36.0
5.061,-0.003,0.0015,-0.0068,-0.0046,36.1
5.062,0.0037,0.003,-0.0248,-0.0068,36.4
5.063,0.009,0.0067,-0.042,-0.0091,36.5
5.064,0.0142,0.009,-0.0585,-0.012,36.7
5.065,0.021,0.0112,-0.0668,-0.0113,36.9
5.066,0.0195,0.0105,-0.0668,-0.0098,37.1
5.067,0.0195,0.0112,-0.0706,-0.0098,37.3
5.068,0.024,0.0127,-0.0728,-0.0098,37.5
5.069,0.0187,0.0105,-0.057,-0.0075,37.7
5.07,0.0127,0.0067,-0.0428,-0.0046,37.9
5.071,0.0097,0.006,-0.0346,-0.0046,38.1
5.072,0.0075,0.0052,-0.0308,-0.0053,38.3
5.073,0.0075,0.0052,-0.0383,-0.0068,38.5
5.074,0.0082,0.006,-0.0375,-0.0053,38.6
5.075,0.012,0.006,-0.0383,-0.006,38.9
5.076,0.0142,0.009,-0.0398,-0.0053,39.1
5.077,0.0157,0.012,-0.045,-0.006,39.2
5.078,0.0165,0.0127,-0.0511,-0.0098,39.4
5.079,0.0187,0.0135,-0.0615,-0.0128,39.6
5.08,0.0217,0.015,-0.0713,-0.0143,39.8
5.081,0.024,0.0142,-0.0758,-0.015,40.0
5.082,0.027,0.0135,-0.0728,-0.0135,40.2
5.083,0.0202,0.0105,-0.06,-0.012,40.4
5.084,0.0195,0.0127,-0.0638,-0.012,40.6
5.085,0.0172,0.0105,-0.0428,-0.006,40.8
5.086,0.0045,0.003,-0.0173,-0.0015,41.0
5.087,0.0007,0.0015,-0.0181,-0.0023,41.2
5.088,-0.0008,0.0007,-0.0143,-0.0023,41.4
5.089,-0.0023,-0.0023,-0.0083,-0.0008,41.6
5.09,-0.003,-0.0046,-0.006,-0.0015,41.8
5.091,-0.0023,-0.0038,-0.006,-0.0008,42.0
5.092,-0.0015,-0.0023,0.003,0.0007,42.2
5.093,-0.0053,-0.003,0.0112,0.0022,42.4
5.094,-0.0068,-0.0038,0.012,0.003,42.6
5.095,-0.006,-0.0038,0.0172,0.0045,42.8
5.096,-0.0105,-0.0068,0.0292,0.006,43.0
5.097,-0.0128,-0.0091,0.039,0.0067,43.2
5.098,-0.0143,-0.0091,0.0375,0.009,43.4
5.099,-0.015,-0.0091,0.039,0.0097,43.6
5.1,-0.0143,-0.0113,0.0465,0.0112,43.8
5.101,-0.0181,-0.012,0.0532,0.0135,44.0
5.102,-0.0195,-0.0143,0.0585,0.0142,44.2
5.103,-0.0195,-0.0128,0.0592,0.0142,44.4
5.104,-0.0188,-0.0135,0.0525,0.012,44.6
5.105,-0.0143,-0.0128,0.0412,0.0082,44.9
5.106,-0.0105,-0.0091,0.0315,0.0067,45.0
5.107,-0.0083,-0.0068,0.03,0.0052,45.3
5.108,-0.0053,-0.0083,0.0225,0.003,45.5
5.109,-0.003,-0.0068,0.0105,0.0007,45.7
5.11,-0.0023,-0.003,0.0045,0.0007,45.9
5.111,0.0,-0.0015,0.0007,0.0007,46.1
5.112,0.0015,-0.0015,0.0037,0.003,46.3
5.113,0.0,-0.0038,0.0052,0.0037,46.5
5.114,0.0022,-0.0015,0.006,0.0052,46.8
5.115,-0.0015,-0.003,0.0225,0.009,47.0
5.116,-0.0091,-0.0046,0.0292,0.0105,47.2
5.117,-0.012,-0.0038,0.0367,0.0112,47.4
5.118,-0.0128,-0.0053,0.0435,0.012,47.6
5.119,-0.012,-0.0038,0.0472,0.0142,47.8
5.12,-0.0128,-0.0053,0.06,0.018,48.0
5.121,-0.0165,-0.0068,0.0645,0.018,48.2
5.122,-0.0173,-0.006,0.057,0.0157,48.4
5.123,-0.0128,-0.0046,0.0375,0.0097,48.6
5.124,-0.0053,0.0007,0.0232,0.0082,48.8
5.125,-0.003,-0.0008,0.0382,0.012,49.0
5.126,-0.0068,-0.0038,0.0487,0.0127,49.3
5.127,-0.0091,-0.0053,0.0517,0.0157,49.5
5.128,-0.0128,-0.0068,0.057,0.0157,49.7
5.129,-0.0143,-0.006,0.0517,0.0135,49.9
5.13,-0.0143,-0.0068,0.0517,0.0157,50.1
5.131,-0.015,-0.0068,0.0517,0.0142,50.3
5.132,-0.0143,-0.0083,0.0517,0.015,50.5
5.133,-0.0158,-0.0091,0.0502,0.0142,50.7
5.134,-0.0143,-0.0068,0.0465,0.012,50.9
5.135,-0.0173,-0.006,0.0465,0.0105,51.1
5.136,-0.0158,-0.0046,0.0397,0.0075,51.3
5.137,-0.0165,-0.0046,0.039,0.0075,51.5
5.138,-0.0165,-0.0053,0.0382,0.0075,51.7
5.139,-0.0135,-0.006,0.0405,0.0067,51.9
5.14,-0.0143,-0.0046,0.0345,0.0037,52.2
5.141,-0.0083,-0.0038,0.0255,0.0015,52.3
5.142,-0.006,-0.0038,0.0247,0.0015,52.5
5.143,-0.0023,-0.003,0.0142,-0.0008,52.7
5.144,-0.0008,-0.0023,0.0105,-0.0008,52.9
5.145,-0.0023,-0.0015,0.0067,-0.003,53.1
5.146,0.0022,0.0,-0.0068,-0.0083,53.3
5.147,0.0052,0.003,-0.0203,-0.012,53.5
5.148,0.009,0.0052,-0.0315,-0.0143,53.6
5.149,0.012,0.0067,-0.0368,-0.015,53.8
5.15,0.015,0.0082,-0.0413,-0.015,54.0
5.151,0.0157,0.009,-0.0353,-0.0105,54.2
5.152,0.0142,0.0105,-0.0383,-0.0098,54.4
5.153,0.0187,0.0142,-0.0593,-0.0165,54.6
5.154,0.0292,0.018,-0.0848,-0.021,54.8
5.155,0.0367,0.0202,-0.1058,-0.024,54.9
5.156,0.042,0.0225,-0.12,-0.0256,55.1
5.157,0.0457,0.0232,-0.1313,-0.0293,55.3
5.158,0.048,0.0232,-0.1365,-0.0308,55.5
5.159,0.0465,0.0195,-0.1328,-0.0278,55.7
5.16,0.0442,0.0157,-0.126,-0.0256,55.9
5.161,0.0412,0.0142,-0.114,-0.024,56.0
5.162,0.0367,0.0112,-0.1043,-0.0233,56.2
5.163,0.0337,0.0097,-0.0938,-0.0218,56.3
5.164,0.0277,0.0082,-0.081,-0.0203,56.5
5.165,0.0225,0.003,-0.0698,-0.0195,56.6
5.166,0.0195,0.0007,-0.0585,-0.0165,56.8
5.167,0.0127,-0.0015,-0.048,-0.0143,56.9
5.168,0.0075,-0.0038,-0.0383,-0.0105,57.1
5.169,0.0045,-0.0038,-0.0285,-0.0083,57.2
5.17,0.003,-0.003,-0.0181,-0.0083,57.4
5.171,-0.0015,-0.0023,-0.0068,-0.0046,57.5
5.172,-0.0038,-0.003,-0.003,-0.003,57.6
5.173,-0.0015,0.0007,-0.0046,-0.0053,57.8
5.174,-0.0008,0.0015,-0.0091,-0.0046,57.9
5.175,0.003,0.0015,-0.0091,-0.0038,58.1
5.176,0.0052,0.0045,-0.0098,-0.0023,58.2
5.177,0.0052,0.0052,-0.0098,-0.0008,58.4
5.178,0.0045,0.0067,-0.003,0.0007,58.5
5.179,0.0052,0.006,-0.0053,0.0007,58.7
5.18,0.006,0.0067,-0.0083,0.0,58.8
5.181,0.006,0.006,-0.0075,-0.0008,58.9
5.182,0.0052,0.003,-0.0098,-0.0015,59.0
5.183,0.0045,0.0067,-0.0053,-0.0008,59.1
5.184,0.0015,0.0037,0.0052,0.0037,59.2
5.185,-0.0068,-0.0008,0.0135,0.0045,59.3
5.186,-0.006,0.0,0.0135,0.0037,59.4
5.187,-0.0068,-0.0008,0.0135,0.003,59.4
5.188,-0.0083,-0.0015,0.021,0.003,59.5
5.189,-0.0091,-0.003,0.0277,0.0045,59.6
5.19,-0.0158,-0.0046,0.0307,0.0045,59.7
5.191,-0.0143,-0.006,0.033,0.0045,59.8
5.192,-0.0143,-0.0053,0.0345,0.0067,59.8
5.193,-0.012,-0.006,0.0345,0.0067,59.9
5.194,-0.0098,-0.0053,0.0322,0.0052,60.0
5.195,-0.0113,-0.0046,0.0315,0.0037,60.1
5.196,-0.0091,-0.0068,0.0285,0.003,60.2
5.197,-0.0091,-0.0068,0.0277,0.003,60.3
5.198,-0.0105,-0.0068,0.027,0.0045,60.4
5.199,-0.0105,-0.0068,0.024,0.0045,60.5
5.2,-0.0091,-0.0091,0.0195,0.0015,60.6
5.201,-0.0083,-0.0068,0.0135,0.0,60.6
5.202,-0.006,-0.0038,0.0142,0.003,60.6
5.203,-0.003,-0.003,0.012,0.0045,60.7
5.204,-0.0023,-0.003,0.0105,0.0037,60.7
5.205,0.0007,-0.0008,0.009,0.003,60.7
5.206,0.0037,0.0015,0.0105,0.0037,60.7
5.207,0.0037,0.0007,0.012,0.003,60.8
5.208,0.003,0.0007,0.0105,0.0015,60.8
5.209,0.0037,0.0007,0.0105,0.0015,60.8
5.21,0.006,0.0,0.0067,0.0015,60.9
5.211,0.0037,0.0,0.0045,0.0,60.9
5.212,0.0007,0.003,0.0007,-0.0008,60.9
5.213,0.0022,0.003,-0.003,-0.0008,61.0
5.214,0.0007,0.003,-0.003,-0.0008,61.0
5.215,0.0015,0.003,0.0022,-0.0008,61.1
5.216,-0.0015,0.0015,0.0037,-0.0008,61.1
5.217,-0.003,0.003,-0.0008,0.0,61.1
5.218,-0.0008,0.0015,-0.0015,0.0007,61.2
5.219,0.0007,0.0007,-0.003,0.0007,61.2
5.22,0.0007,0.0007,0.0,0.0007,61.2
5.221,-0.003,0.0,0.0015,0.0007,61.2
5.222,-0.003,-0.0008,0.0052,0.0007,61.2
5.223,-0.0023,-0.0008,0.0067,-0.0008,61.1
5.224,-0.0015,-0.0015,0.003,-0.0015,61.1
5.225,-0.0008,-0.0023,0.0052,-0.0008,61.0
5.226,0.0015,-0.003,0.0045,0.0015,61.0
5.227,0.0022,-0.0038,0.0067,0.0007,61.0
5.228,0.0,-0.0068,0.0067,0.0015,60.9
5.229,0.0007,-0.006,0.003,0.0007,60.9
5.23,-0.0008,-0.0053,0.003,0.0015,60.8
5.231,-0.0038,-0.006,0.0052,0.0022,60.8
5.232,-0.0046,-0.0046,0.0082,0.0022,60.7
5.233,-0.0053,-0.0053,0.0105,0.003,60.7
5.234,-0.0083,-0.0068,0.0142,0.0022,60.7
5.235,-0.0075,-0.0083,0.0135,0.0015,60.6
5.236,-0.0091,-0.0083,0.0142,0.0015,60.6
5.237,-0.0105,-0.0075,0.018,0.0015,60.6
5.238,-0.0083,-0.0068,0.0165,0.003,60.5
5.239,-0.0068,-0.006,0.0127,0.0022,60.5
5.24,-0.0046,-0.003,0.0105,0.0015,60.4
5.241,-0.003,0.0,0.0082,0.003,60.3
5.242,-0.0015,0.0,0.0037,0.0015,60.2
5.243,0.0015,0.0,0.0022,0.0,60.0
5.244,0.0007,0.0,0.0015,0.0007,59.9
5.245,0.0,0.0015,0.0045,0.0007,59.8
5.246,-0.0008,0.0015,0.003,0.003,59.6
5.247,-0.0008,0.003,0.0022,0.0037,59.5
5.248,-0.0023,0.0045,0.0022,0.003,59.4
5.249,-0.0038,0.003,0.0015,0.003,59.2
5.25,-0.003,0.0015,0.003,0.0022,59.0
5.251,-0.0008,0.003,0.003,0.003,58.9
5.252,-0.0015,0.0022,0.0045,0.0045,58.8
5.253,-0.003,0.003,0.003,0.003,58.6
5.254,-0.0015,0.003,0.0022,0.0015,58.5
5.255,-0.003,0.0015,0.0015,-0.0008,58.4
5.256,0.0,0.0037,-0.0128,-0.0038,58.2
5.257,0.006,0.0045,-0.0293,-0.006,58.1
5.258,0.0127,0.0052,-0.0383,-0.0046,58.0
5.259,0.0165,0.0082,-0.0398,-0.0038,57.8
5.26,0.0172,0.0082,-0.0428,-0.006,57.6
5.261,0.0172,0.0067,-0.039,-0.0053,57.5
5.262,0.015,0.0052,-0.033,-0.0053,57.3
5.263,0.0142,0.003,-0.0293,-0.0091,57.1
5.264,0.0135,0.0015,-0.0248,-0.0091,56.9
5.265,0.009,-0.0008,-0.0218,-0.0038,56.7
5.266,0.0067,-0.0008,-0.0165,-0.0015,56.5
5.267,0.0045,-0.0023,-0.0143,-0.0015,56.2
5.268,0.003,-0.0015,-0.012,0.0,56.1
5.269,0.0015,-0.0008,-0.003,-0.0008,55.8
5.27,-0.0008,0.0,0.0015,0.0015,55.6
5.271,-0.0038,0.0015,0.0052,0.0067,55.4
5.272,-0.0053,-0.0008,0.0127,0.0052,55.2
5.273,-0.0068,-0.0008,0.0142,0.003,55.0
5.274,-0.0105,-0.0038,0.0202,0.0015,54.8
5.275,-0.012,-0.0046,0.0232,-0.003,54.6
5.276,-0.0098,-0.0046,0.0247,-0.0053,54.4
5.277,-0.012,-0.0083,0.03,-0.0015,54.2
5.278,-0.0128,-0.0098,0.0307,-0.0023,54.0
5.279,-0.0113,-0.0091,0.0307,-0.0053,53.8
5.28,-0.012,-0.0091,0.0285,0.0045,53.5
5.281,-0.0091,-0.0075,0.0315,0.009,53.3
5.282,-0.0091,-0.0053,0.0352,0.0052,53.1
5.283,-0.0091,-0.0038,0.0292,0.0127,52.9
5.284,-0.0068,-0.003,0.0232,0.0292,52.6
5.285,-0.0038,-0.0053,0.0165,0.03,52.3
5.286,-0.0008,-0.0053,0.0127,0.012,52.1
5.287,-0.0015,-0.0053,0.0127,0.0045,51.8
5.288,-0.0008,-0.0053,0.012,0.003,51.6
5.289,-0.0008,-0.003,0.0097,0.0015,51.4
5.29,0.0,-0.0015,0.0082,0.0,51.1
5.291,0.0015,-0.0015,0.0037,-0.0046,50.8
5.292,0.0015,0.0,-0.0015,-0.0046,50.6
5.293,0.0007,0.0015,-0.0038,-0.0008,50.4
5.294,0.003,0.0007,-0.0068,-0.0015,50.1
5.295,0.0015,0.0007,-0.0083,-0.0053,49.9
5.296,0.0,0.0007,-0.0128,-0.0083,49.6
5.297,0.0052,0.0052,-0.024,-0.0053,49.4
5.298,0.0067,0.0082,-0.0315,0.0052,49.1
5.299,0.0082,0.012,-0.0383,0.0157,48.9
5.3,0.0105,0.012,-0.0361,0.0082,48.6
5.301,0.0067,0.0045,-0.0278,-0.0046,48.3
5.302,0.006,0.0037,-0.027,-0.012,48.1
5.303,0.0067,0.003,-0.027,-0.027,47.7
5.304,0.0052,0.0015,-0.0158,-0.0383,47.5
5.305,0.003,0.0007,-0.0105,-0.0383,47.2
5.306,0.0,-0.0008,-0.0053,-0.0368,46.9
5.307,-0.0015,-0.0015,0.0,-0.0346,46.6
5.308,0.0,-0.0038,0.0052,-0.0256,46.3
5.309,-0.0068,-0.006,0.0277,-0.0143,46.0
5.31,-0.0143,-0.0098,0.0427,-0.0181,45.7
5.311,-0.0195,-0.012,0.0555,-0.0188,45.4
5.312,-0.0233,-0.0128,0.0592,-0.0091,45.1
5.313,-0.0203,-0.0128,0.054,-0.006,44.8
5.314,-0.0173,-0.0113,0.0577,0.0045,44.5
5.315,-0.0173,-0.0105,0.0532,0.0157,44.2
5.316,-0.0158,-0.0091,0.0472,0.0217,43.9
5.317,-0.012,-0.0075,0.039,0.015,43.6
5.318,-0.0083,-0.003,0.0367,-0.0008,43.3
5.319,-0.006,-0.0015,0.0427,-0.0053,43.1
5.32,-0.0113,-0.0053,0.0465,-0.0015,42.7
5.321,-0.0143,-0.0068,0.048,0.0037,42.4
5.322,-0.0143,-0.0091,0.0457,0.0097,42.1
5.323,-0.0113,-0.0068,0.039,0.024,41.8
5.324,-0.0053,-0.0053,0.0232,0.036,41.4
5.325,-0.0008,-0.0068,0.0067,0.0345,41.1
5.326,0.0052,-0.003,-0.0068,0.0165,40.8
5.327,0.0082,0.0,-0.0173,0.0015,40.5
5.328,0.012,0.0045,-0.024,0.0007,40.1
5.329,0.0142,0.0097,-0.0315,-0.0053,39.8
5.33,0.0172,0.012,-0.0353,-0.0091,39.5
5.331,0.021,0.012,-0.0428,0.0015,39.2
5.332,0.0195,0.0112,-0.048,0.0142,38.9
5.333,0.0202,0.0075,-0.0495,0.0195,38.5
5.334,0.0195,0.0067,-0.0518,0.0277,38.2
5.335,0.015,0.0052,-0.054,0.0307,37.9
5.336,0.0165,0.0067,-0.0495,0.0127,37.6
5.337,0.0202,0.0082,-0.0443,0.0045,37.3
5.338,0.0202,0.0067,-0.0405,0.009,36.9
5.339,0.0165,0.006,-0.0405,0.0097,36.6
5.34,0.015,0.0075,-0.0428,0.0067,36.2
5.341,0.0157,0.0097,-0.042,0.0037,35.9
5.342,0.0172,0.0082,-0.039,0.0007,35.5
5.343,0.0165,0.006,-0.0323,-0.0015,35.2
5.344,0.015,0.0045,-0.027,-0.003,34.9
5.345,0.0135,0.003,-0.0248,-0.0068,34.5
5.346,0.0105,0.003,-0.0233,-0.0083,34.1
5.347,0.0075,0.0045,-0.0225,-0.0015,33.8
5.348,0.009,0.0067,-0.0218,-0.0008,33.4
5.349,0.0112,0.0075,-0.0233,-0.0091,33.1
5.35,0.0112,0.0075,-0.0256,-0.0143,32.7
5.351,0.0112,0.009,-0.0278,-0.0181,32.4
5.352,0.0097,0.009,-0.0338,-0.024,32.0
5.353,0.009,0.0067,-0.0346,-0.0338,31.7
5.354,0.006,0.0075,-0.0278,-0.0443,31.3
5.355,0.003,0.0075,-0.0256,-0.0338,31.0
5.356,0.003,0.0075,-0.0195,-0.0158,30.6
5.357,-0.0015,0.0075,-0.0105,-0.0113,30.3
5.358,-0.0015,0.0045,-0.006,0.003,29.9
5.359,0.0007,0.0045,0.0,0.0105,29.6
5.36,0.0,0.006,0.003,-0.0113,29.2
5.361,-0.0015,0.0015,0.009,-0.0195,28.8
5.362,-0.003,-0.0046,0.0157,-0.0263,28.5
5.363,-0.0015,-0.0046,0.0105,-0.0368,28.1
5.364,-0.0015,0.0015,0.0105,-0.0135,27.8
5.365,-0.0038,0.003,0.0097,0.009,27.4
5.366,-0.0053,-0.0008,0.0105,0.033,27.1
5.367,-0.0098,-0.0135,0.0127,0.0487,26.7
5.368,-0.0083,-0.024,0.0052,0.0232,26.4
5.369,-0.0053,-0.0256,0.009,-0.0008,26.0
5.37,-0.0053,-0.021,0.0202,-0.0068,25.6
5.371,-0.0046,-0.0135,0.0277,-0.012,25.3
5.372,-0.0075,-0.0053,0.0255,-0.0158,25.0
5.373,-0.0091,0.0015,0.0157,-0.0143,24.6
5.374,-0.0128,0.0022,0.006,-0.0278,24.3
5.375,-0.012,0.0067,-0.0008,-0.0503,23.9
5.376,-0.0075,0.0082,-0.0105,-0.0458,23.5
5.377,-0.0038,0.0075,-0.0233,-0.042,23.2
5.378,0.0015,0.0075,-0.0203,-0.03,22.9
5.379,0.0007,0.0037,-0.0128,0.0105,22.5
5.38,0.0007,0.0052,-0.0053,0.0405,22.1
5.381,0.0015,0.0052,0.0045,0.072,21.7
5.382,0.0,-0.0023,0.0097,0.0937,21.4
5.383,-0.0008,-0.0046,0.0067,0.0847,21.0
5.384,-0.0008,-0.0091,-0.0008,0.066,20.6
5.385,0.0,-0.0113,0.0007,0.0405,20.2
5.386,-0.0023,-0.0075,0.0045,0.018,19.8
5.387,-0.0015,-0.0053,0.0052,0.0067,19.4
5.388,-0.0008,-0.003,0.0037,0.0015,19.0
5.389,-0.0053,-0.0091,0.0007,-0.0128,18.6
5.39,-0.0105,-0.0165,0.0015,-0.0218,18.2
5.391,-0.0128,-0.015,0.0097,-0.0135,17.9
5.392,-0.0091,-0.0083,0.0195,-0.006,17.5
5.393,-0.0068,-0.0053,0.0255,-0.003,17.1
5.394,-0.0015,-0.0015,0.0315,-0.0068,16.7
5.395,0.0067,0.0015,0.0345,-0.0038,16.3
5.396,0.009,0.0007,0.042,-0.0015,15.9
5.397,0.0052,0.0007,0.0435,-0.0068,15.5
5.398,0.0045,0.0052,0.0427,-0.012,15.1
5.399,-0.0015,0.0037,0.0427,-0.0128,14.8
5.4,-0.0068,0.0015,0.033,-0.0053,14.3
5.401,-0.0068,0.0015,0.024,0.0015,14.0
5.402,-0.0053,0.0007,0.018,-0.0015,13.7
5.403,-0.0038,0.0015,0.0135,-0.0046,13.4
5.404,-0.0046,0.003,0.006,-0.0068,13.0
5.405,-0.0068,0.0015,0.0007,-0.0165,12.7
5.406,-0.0068,-0.0015,0.0052,-0.0233,12.4
5.407,-0.0083,-0.0008,-0.0015,-0.0315,12.0
5.408,-0.0068,0.0022,-0.0128,-0.0368,11.7
5.409,-0.0023,0.003,-0.0203,-0.0225,11.3
5.41,-0.003,0.0022,-0.0233,-0.006,11.0
5.411,-0.0083,0.0007,-0.0195,0.0105,10.7
5.412,-0.0068,0.0015,-0.0218,0.0277,10.3
5.413,-0.003,0.0045,-0.0203,0.0345,10.0
5.414,0.0007,0.0075,-0.021,0.0352,9.7
5.415,0.0007,0.0037,-0.0225,0.0292,9.4
5.416,-0.003,-0.0008,-0.0091,0.0165,9.0
5.417,0.0015,-0.0008,0.006,0.0127,8.7
5.418,0.0067,-0.0015,0.006,0.0105,8.4
5.419,0.0007,-0.0015,-0.0068,0.0075,8.0
5.42,-0.0053,-0.0038,-0.0083,0.0015,7.6
5.421,-0.0068,0.0007,-0.0143,-0.0053,7.5
5.422,-0.0053,0.006,-0.012,-0.0046,7.3
5.423,-0.0181,0.003,0.0045,-0.003,7.1
5.424,-0.0293,-0.0038,0.0075,-0.0046,6.9
5.425,-0.0203,-0.0091,0.0052,-0.006,6.7
5.426,-0.0143,-0.0075,0.0127,-0.0046,6.6
5.427,-0.0023,-0.0068,0.0195,0.0015,6.4
5.428,0.0127,-0.0053,0.0045,0.0052,6.2
5.429,0.027,0.003,-0.012,0.0045,6.0
5.43,0.0315,0.0015,-0.006,0.006,5.8
5.431,0.0142,-0.0015,0.0052,0.0067,5.6
5.432,0.0112,-0.0015,0.024,0.006,5.4
5.433,0.0067,-0.0053,0.0367,0.0067,5.2
5.434,0.003,-0.006,0.0345,0.0015,5.0
5.435,0.0127,-0.0075,0.0427,-0.0015,4.9
5.436,0.0172,-0.0068,0.0525,-0.0015,4.7
5.437,0.0217,-0.0075,0.0577,-0.0023,4.5
5.438,0.0142,-0.0083,0.057,-0.0015,4.3
5.439,0.0067,-0.0053,0.0442,-0.003,4.1
5.44,0.009,-0.0075,0.027,-0.0046,3.9
5.441,0.0097,-0.0046,0.0015,-0.003,3.8
5.442,0.0127,-0.0008,-0.0083,-0.0015,3.8
5.443,0.0105,-0.003,-0.0008,-0.0008,3.7
5.444,0.0127,-0.0015,0.006,0.0015,3.6
5.445,0.015,-0.0015,0.0157,0.0045,3.6
5.446,0.012,0.0015,0.012,0.0037,3.5
5.447,0.0015,0.0015,0.0007,0.003,3.4
5.448,-0.0091,0.0015,-0.0083,0.0007,3.4
5.449,-0.0181,0.006,-0.021,-0.0015,3.3
5.45,-0.0218,0.006,-0.0248,-0.0053,3.2
5.451,-0.0195,0.0052,-0.0256,-0.0068,3.1
5.452,-0.0203,0.0052,-0.0218,-0.0053,3.1
5.453,-0.0218,0.0067,-0.0195,-0.0068,3.0
5.454,-0.021,0.0082,-0.0203,-0.0046,2.9
5.455,-0.0203,0.006,-0.0225,-0.0008,2.9
5.456,-0.0233,0.0022,-0.0218,0.0015,2.8
5.457,-0.024,0.0,-0.0233,0.0022,2.7
5.458,-0.024,-0.0008,-0.0248,-0.0023,2.6
5.459,-0.0203,-0.0015,-0.0233,-0.0046,2.6
5.46,-0.0091,0.0,-0.033,-0.0053,2.5
5.461,0.006,0.0045,-0.0353,-0.0046,2.5
5.462,0.0157,0.0067,-0.0315,-0.0053,2.5
5.463,0.021,0.0082,-0.0308,-0.006,2.4
5.464,0.027,0.0052,-0.0181,-0.0098,2.4
5.465,0.0255,0.0015,-0.0068,-0.0105,2.4
5.466,0.0225,-0.003,-0.0038,-0.0083,2.3
5.467,0.021,-0.003,-0.0038,-0.0038,2.3
5.468,0.021,-0.0046,-0.003,0.0007,2.3
5.469,0.0195,-0.0053,-0.0015,-0.0023,2.3
5.47,0.015,-0.0098,-0.0038,-0.0075,2.2
5.471,0.018,-0.0105,-0.0158,-0.0158,2.2
5.472,0.0165,-0.0083,-0.03,-0.0188,2.2
5.473,0.0097,-0.0083,-0.033,-0.015,2.2
5.474,0.003,-0.0046,-0.027,-0.0128,2.2
5.475,-0.0053,-0.0053,-0.0165,-0.0105,2.1
5.476,-0.015,-0.0165,0.003,-0.006,2.1
5.477,-0.0248,-0.0285,0.0367,-0.0008,2.1
5.478,-0.0315,-0.0383,0.0712,0.003,2.0
5.479,-0.0308,-0.042,0.0817,0.0052,2.0
5.48,-0.0158,-0.0285,0.063,0.0067,1.9
5.481,-0.003,-0.0128,0.042,0.0082,2.0
5.482,-0.003,0.0015,0.0217,0.0067,2.0
5.483,0.0015,0.0142,-0.0023,0.0067,2.1
5.484,0.0075,0.0195,0.0015,0.009,2.1
5.485,0.0112,0.0307,0.0067,0.0112,2.1
5.486,0.0165,0.0397,-0.006,0.009,2.2
5.487,0.0135,0.039,-0.0165,0.0052,2.2
5.488,0.003,0.0307,-0.0203,0.0045,2.2
5.489,-0.0105,0.0307,-0.024,0.0007,2.3
5.49,-0.0308,0.0345,-0.0278,0.0007,2.3
5.491,-0.0375,0.0277,-0.0225,0.006,2.3
5.492,-0.0308,0.0367,-0.0203,0.012,2.4
5.493,-0.024,0.042,-0.0158,0.0157,2.4
5.494,-0.0181,0.0382,-0.0015,0.0105,2.5
5.495,-0.006,0.0307,0.0052,-0.003,2.5
5.496,0.0097,0.0082,0.006,-0.0203,2.6
5.497,0.0217,-0.0105,0.0015,-0.0308,2.6
5.498,0.033,-0.024,-0.0015,-0.0263,2.6
5.499,0.0495,-0.0278,-0.0053,-0.0173,2.6
5.5,0.057,-0.024,-0.0113,-0.0053,2.7
5.501,0.057,-0.0256,-0.0083,0.0075,2.8
5.502,0.0555,-0.0233,-0.0015,0.0187,3.0
5.503,0.0517,-0.0203,0.0052,0.0157,3.1
5.504,0.042,-0.015,0.012,-0.0008,3.2
5.505,0.0262,-0.0098,0.006,-0.0181,3.3
5.506,0.0135,0.009,-0.003,-0.0285,3.5
5.507,-0.0015,0.0277,-0.0158,-0.0195,3.6
5.508,-0.0098,0.0105,-0.0346,-0.0068,3.7
5.509,-0.0233,-0.0113,-0.0383,-0.003,3.8
5.51,-0.0383,-0.024,-0.0375,0.0127,4.0
5.511,-0.0473,-0.0218,-0.0338,0.0412,4.1
5.512,-0.0503,-0.0165,-0.0143,0.0502,4.2
5.513,-0.0353,-0.0128,0.012,0.0397,4.3
5.514,-0.0181,-0.0008,0.0217,0.024,4.5
5.515,-0.0068,-0.0015,0.0142,0.0045,4.6
5.516,0.0015,-0.006,0.0052,-0.0083,4.7
5.517,0.009,-0.0068,-0.003,-0.0105,4.9
5.518,0.0142,-0.0053,-0.0038,-0.0053,4.9
5.519,0.012,-0.0015,-0.0053,-0.0023,5.1
5.52,0.0082,0.0015,0.0015,-0.003,5.2
5.521,0.0075,0.003,0.0195,-0.0083,5.3
5.522,-0.0015,-0.0038,0.0367,-0.0083,5.5
5.523,-0.0218,-0.0113,0.0495,-0.0091,5.6
5.524,-0.0293,-0.0091,0.0375,-0.012,5.8
5.525,-0.0263,-0.0008,0.012,-0.003,5.9
5.526,-0.0285,0.0007,-0.0015,0.0105,6.1
5.527,-0.024,0.0037,-0.0158,0.012,6.2
5.528,-0.0128,0.0052,-0.0218,0.003,6.3
5.529,-0.0053,0.0022,-0.0173,-0.0105,6.5
5.53,0.0015,-0.0046,-0.015,-0.0278,6.7
5.531,0.0007,-0.012,-0.0143,-0.0233,6.8
5.532,-0.0046,-0.0158,-0.0165,-0.0068,6.9
5.533,-0.0053,-0.0128,-0.0143,0.003,7.1
5.534,-0.0083,-0.006,-0.0181,0.0127,7.2
5.535,-0.0038,-0.003,-0.021,0.0232,7.3
5.536,0.0037,-0.0008,-0.0105,0.0232,7.5
5.537,0.009,0.003,-0.0015,0.0165,7.6
5.538,0.0187,0.006,0.0067,0.0015,7.8
5.539,0.0277,0.012,0.024,-0.0158,7.9
5.54,0.0292,0.0112,0.0382,-0.0218,8.1
5.541,0.0217,0.0052,0.0345,-0.0361,8.1
5.542,0.0097,0.0,0.0217,-0.0593,8.1
5.543,-0.0008,0.003,0.0172,-0.0668,8.0
5.544,0.0037,0.012,0.0277,-0.0495,8.0
5.545,0.0142,0.0142,0.0397,-0.0233,8.0
5.546,0.0067,0.006,0.0322,-0.0053,7.9
5.547,-0.003,0.0037,0.0195,0.0157,7.9
5.548,-0.0046,0.0067,0.0172,0.048,7.9
5.549,0.0007,0.0052,0.0315,0.0915,7.9
5.55,0.0127,-0.0008,0.039,0.099,7.8
5.551,0.0082,-0.0098,0.0232,0.0667,7.8
5.552,0.0015,-0.0195,0.0075,0.0502,7.8
5.553,0.0037,-0.0225,0.0075,0.012,7.7
5.554,-0.003,-0.0158,0.0067,-0.0188,7.7
5.555,0.0007,-0.0105,0.0007,-0.0248,7.7
5.556,0.003,-0.0068,-0.0015,-0.0256,7.6
5.557,-0.0091,-0.0015,-0.003,-0.0091,7.6
5.558,-0.0218,-0.0008,-0.0105,-0.0188,7.6
5.559,-0.0263,0.006,-0.027,-0.0323,7.6
5.56,-0.0203,0.0015,-0.0346,-0.0383,7.5
5.561,-0.0098,-0.0143,-0.021,-0.0315,7.5
5.562,-0.003,-0.0195,0.0082,-0.0091,7.5
5.563,0.0045,-0.0195,0.036,-0.0143,7.5
5.564,0.0067,-0.0203,0.0345,-0.0165,7.5
5.565,0.0097,0.0007,0.012,-0.0128,7.5
5.566,0.0127,0.0217,-0.0105,-0.0158,7.5
5.567,0.009,0.012,-0.0315,-0.0263,7.4
5.568,0.0105,-0.0046,-0.0361,-0.0383,7.4
5.569,0.015,-0.0165,-0.039,-0.027,7.4
5.57,0.0285,-0.027,-0.0398,-0.0233,7.4
5.571,0.0367,-0.0256,-0.0353,-0.0091,7.4
5.572,0.0352,-0.0015,-0.033,0.0277,7.3
5.573,0.0135,0.0225,-0.0256,0.0405,7.3
5.574,-0.0165,0.0292,-0.0218,0.0457,7.3
5.575,-0.0233,0.042,-0.0158,0.0615,7.3
5.576,-0.0293,0.0615,-0.0158,0.0667,7.3
5.577,-0.0263,0.0637,-0.0188,0.0442,7.2
5.578,-0.012,0.0532,-0.0225,0.018,7.2
5.579,-0.003,0.036,-0.0203,0.0105,7.2
5.58,0.0,0.0165,-0.0023,0.006,7.2
5.581,-0.0083,0.0007,0.0067,0.0067,7.2
5.582,-0.0233,-0.0083,0.0195,0.006,7.2
5.583,-0.0465,-0.0105,0.0307,0.0007,7.2
5.584,-0.0533,-0.0083,0.0352,-0.0008,7.2
5.585,-0.0413,-0.0075,0.0352,-0.003,7.3
5.586,-0.027,-0.012,0.0322,-0.0053,7.3
5.587,-0.0083,-0.0181,0.0382,-0.0053,7.3
5.588,-0.0046,-0.0165,0.045,0.0022,7.3
5.589,0.0007,-0.0113,0.048,0.0082,7.3
5.59,0.0142,-0.0091,0.0442,0.0045,7.4
5.591,0.0315,-0.0075,0.0255,0.0015,7.4
5.592,0.0495,-0.0098,0.0105,-0.0053,7.4
5.593,0.045,-0.0143,0.0142,-0.0083,7.4
5.594,0.0187,-0.0181,0.0157,-0.012,7.5
5.595,-0.012,-0.0203,0.0105,-0.0143,7.5
5.596,-0.0323,-0.0143,-0.0008,-0.0128,7.5
5.597,-0.0436,-0.0091,-0.0218,-0.0135,7.6
5.598,-0.0338,-0.0046,-0.0353,-0.0098,7.6
5.599,-0.0068,-0.0008,-0.0443,-0.0091,7.6
5.6,0.0187,0.0022,-0.0428,-0.0091,7.6
5.601,0.024,-0.0015,-0.0383,-0.0075,7.6
5.602,0.0277,-0.0053,-0.033,-0.0091,7.7
5.603,0.0465,-0.003,-0.0308,-0.0091,7.7
5.604,0.0525,0.0007,-0.0256,-0.0105,7.8
5.605,0.0615,0.0082,-0.0158,-0.0158,7.8
5.606,0.0615,0.0127,-0.0068,-0.0203,7.9
5.607,0.0382,0.0112,0.0067,-0.0195,7.9
5.608,-0.0083,0.0037,0.0195,-0.0173,8.0
5.609,-0.042,-0.0046,0.0277,-0.0091,8.0
5.61,-0.0338,-0.0038,0.0232,0.0037,8.1
5.611,-0.0173,-0.003,0.0187,0.009,8.1
5.612,-0.0008,-0.003,0.0052,0.009,8.1
5.613,0.0105,-0.0053,-0.0135,0.018,8.2
5.614,0.0142,-0.0068,-0.0203,0.0217,8.2
5.615,0.0022,-0.0068,-0.0195,0.0105,8.3
5.616,-0.0053,-0.0083,-0.0135,0.003,8.3
5.617,0.003,-0.0053,-0.0158,0.0015,8.4
5.618,0.0105,-0.003,-0.0195,-0.0015,8.4
5.619,0.0097,0.0015,-0.0218,0.0,8.5
5.62,0.0,0.0045,-0.0195,-0.0008,8.5
5.621,0.0,0.003,-0.0173,-0.0023,8.5
5.622,0.0,0.0052,-0.0181,-0.0015,8.5
5.623,-0.003,0.0067,-0.0181,-0.0015,8.6
5.624,-0.0233,0.0045,-0.0181,-0.0015,8.6
5.625,-0.0585,0.003,-0.0128,-0.0008,8.6
5.626,-0.0668,0.0067,-0.012,0.0015,8.7
5.627,-0.0465,0.0067,-0.0135,0.0007,8.7
5.628,-0.0165,0.0045,-0.0158,-0.0008,8.7
5.629,0.0142,0.0015,-0.0165,-0.0008,8.7
5.63,0.0352,0.0015,-0.0105,-0.0008,8.8
5.631,0.0517,0.0052,-0.003,-0.0023,8.8
5.632,0.057,0.006,0.0052,-0.0046,8.8
5.633,0.0502,0.0075,0.0075,-0.0023,8.9
5.634,0.0435,0.0067,0.0045,-0.0008,8.9
5.635,0.0337,0.0052,-0.003,0.0,8.9
5.636,0.0187,0.0037,-0.0046,-0.0015,9.0
5.637,-0.0008,0.0015,-0.0008,-0.0023,9.0
5.638,-0.0135,0.003,-0.0015,-0.0015,9.0
5.639,-0.0128,0.0015,-0.003,-0.0023,9.0
5.64,-0.006,-0.0008,-0.0046,-0.0008,9.0
5.641,-0.0046,0.0015,-0.0008,-0.0015,9.0
5.642,-0.0015,0.0022,0.003,-0.0098,9.0
5.643,-0.003,0.0007,0.006,-0.0263,9.0
5.644,-0.0105,0.0067,0.0082,-0.0346,9.0
5.645,-0.012,0.0097,0.0097,-0.0188,9.0
5.646,-0.0143,0.009,0.012,-0.0008,9.0
5.647,-0.0128,0.0067,0.0157,0.024,9.0
5.648,-0.0128,0.0007,0.0187,0.0457,9.0
5.649,-0.0098,-0.0046,0.0172,0.0427,9.0
5.65,-0.0075,-0.0128,0.012,0.0277,8.9
5.651,-0.0053,-0.0128,0.009,0.018,8.9
5.652,-0.0015,-0.0105,0.0082,0.0082,8.9
5.653,-0.0046,-0.0091,0.012,-0.0053,8.9
5.654,-0.0046,-0.0008,0.0127,-0.0135,8.9
5.655,-0.012,0.0015,0.009,-0.0218,8.9
5.656,-0.0195,0.0015,0.0082,-0.0293,8.8
5.657,-0.0195,0.0022,0.0082,-0.0181,8.8
5.658,-0.0158,0.0022,0.012,-0.0015,8.8
5.659,-0.0105,0.0022,0.018,0.0142,8.8
5.66,-0.012,-0.0008,0.021,0.0277,8.7
5.661,-0.0195,-0.003,0.018,0.03,8.7
5.662,-0.0285,-0.0053,0.0105,0.0202,8.7
5.663,-0.0233,-0.0068,0.012,0.0097,8.7
5.664,-0.0128,-0.0091,0.0217,0.0075,8.7
5.665,0.0015,-0.0105,0.027,0.0082,8.6
5.666,0.0135,-0.0098,0.0232,0.0082,8.6
5.667,0.015,-0.0091,0.0165,0.009,8.6
5.668,0.0067,-0.0075,0.0105,-0.0015,8.6
5.669,-0.0015,-0.0053,0.012,-0.0091,8.6
5.67,0.0052,-0.003,0.0082,-0.0068,8.5
5.671,0.0067,-0.0068,0.0075,-0.0053,8.5
5.672,0.018,-0.0105,0.0202,-0.006,8.5
5.673,0.0345,-0.0091,0.0225,-0.0083,8.5
5.674,0.0405,-0.0046,0.0157,-0.0068,8.5
5.675,0.0405,-0.0053,0.015,-0.0075,8.4
5.676,0.027,-0.0046,0.0172,-0.0068,8.4
5.677,0.0157,-0.0015,0.0135,-0.006,8.4
5.678,0.0075,-0.0015,0.0082,-0.0083,8.4
5.679,0.003,0.0007,0.006,-0.0046,8.4
5.68,-0.0015,0.0,0.009,-0.0015,8.3
5.681,-0.015,0.0007,0.0112,-0.0015,8.3
5.682,-0.021,0.0007,0.0112,-0.003,8.3
5.683,-0.024,-0.0008,0.009,-0.003,8.3
5.684,-0.0278,0.0015,0.0037,-0.0038,8.3
5.685,-0.0233,0.0015,0.0015,-0.0046,8.4
5.686,-0.0203,0.0,0.0052,-0.0008,8.4
5.687,-0.0173,0.0007,0.0097,0.0007,8.4
5.688,-0.0091,0.0015,0.0067,0.0007,8.4
5.689,-0.0015,-0.0008,0.0105,0.003,8.4
5.69,0.0022,0.0,0.0292,0.0052,8.5
5.691,0.003,-0.0015,0.0405,0.0015,8.5
5.692,0.0015,-0.0046,0.0277,-0.003,8.5
5.693,0.003,-0.0023,0.0082,-0.003,8.5
5.694,0.0045,0.0007,-0.0091,-0.003,8.5
5.695,0.0067,0.0015,-0.0188,-0.0015,8.5
5.696,0.0082,0.0022,-0.0225,-0.0015,8.5
5.697,0.0052,0.0037,-0.024,0.0,8.5
5.698,0.003,0.0045,-0.027,0.0,8.5
5.699,0.0022,0.0045,-0.0338,-0.0023,8.6
5.7,0.0007,0.0007,-0.0308,-0.003,8.6
5.701,-0.0023,-0.0008,-0.0293,-0.0083,8.6
5.702,-0.0068,0.0007,-0.0293,-0.0128,8.6
5.703,-0.0091,0.0015,-0.027,-0.0158,8.6
5.704,-0.0158,0.0022,-0.0233,-0.012,8.6
5.705,-0.0256,0.0045,-0.0203,-0.0053,8.6
5.706,-0.027,0.0052,-0.0233,0.0067,8.6
5.707,-0.0218,0.0045,-0.0158,0.0127,8.6
5.708,-0.0181,0.003,0.0,0.0135,8.6
5.709,-0.0068,0.0015,0.0067,0.0142,8.6
5.71,0.0045,0.0022,0.0045,0.0067,8.5
5.711,0.0127,0.003,0.0015,0.0015,8.5
5.712,0.03,0.0007,-0.0158,0.0007,8.5
5.713,0.042,0.0,-0.0233,-0.0038,8.5
5.714,0.051,-0.0008,-0.021,-0.0091,8.5
5.715,0.0547,-0.003,-0.0181,-0.0165,8.5
5.716,0.0435,0.0007,-0.0128,-0.0173,8.5
5.717,0.0262,0.0015,-0.0165,-0.0158,8.5
5.718,0.0232,0.0007,-0.0158,-0.006,8.5
5.719,0.027,0.0015,-0.0143,0.0105,8.5
5.72,0.0172,-0.0008,-0.0165,0.0157,8.5
5.721,0.0082,0.0015,-0.0218,0.012,8.5
5.722,-0.003,0.0022,-0.0203,0.0075,8.4
5.723,-0.0091,0.0015,-0.0158,0.0,8.4
5.724,-0.0128,0.0007,-0.0181,-0.006,8.4
5.725,-0.015,-0.0015,-0.0158,-0.0083,8.3
5.726,-0.012,-0.0023,-0.0165,-0.0053,8.3
5.727,-0.0105,0.0007,-0.012,-0.0046,8.3
5.728,-0.0015,0.0052,-0.0075,-0.0038,8.2
5.729,0.0007,0.0052,-0.0075,0.0,8.2
5.73,-0.0008,0.0082,-0.0046,0.0022,8.1
5.731,-0.0008,0.0067,-0.0053,0.0037,8.1
5.732,-0.0008,0.0067,-0.006,0.0,8.1
5.733,-0.003,0.0052,-0.0053,-0.0053,8.1
5.734,-0.0098,0.0007,-0.0023,-0.0068,8.1
5.735,-0.0158,0.0,0.003,-0.0075,8.0
5.736,-0.0135,0.0,-0.0015,-0.0105,8.0
5.737,-0.0068,0.003,-0.0083,-0.0091,7.9
5.738,0.0,0.0045,-0.0143,-0.0046,7.9
5.739,0.0142,0.0052,-0.0203,-0.0015,7.9
5.74,0.0225,0.0067,-0.0218,-0.0008,7.8
5.741,0.0157,0.003,-0.0218,-0.0023,7.8
5.742,0.0135,0.0007,-0.0181,-0.0023,7.8
5.743,0.003,-0.0023,-0.0098,-0.0008,7.8
5.744,-0.0046,-0.0053,-0.0015,0.0022,7.8
5.745,-0.0083,-0.0038,0.0015,0.0045,7.7
5.746,-0.0091,0.0007,-0.0046,0.0022,7.7
5.747,-0.0015,0.0037,-0.0203,-0.0023,7.7
5.748,0.003,0.0052,-0.039,-0.0068,7.7
5.749,0.0052,0.0067,-0.0525,-0.0091,7.7
5.75,0.012,0.009,-0.0645,-0.0083,7.7
5.751,0.0165,0.0105,-0.0773,-0.012,7.7
5.752,0.0217,0.0105,-0.0825,-0.0113,7.6
5.753,0.0262,0.012,-0.0803,-0.0113,7.6
5.754,0.0307,0.0127,-0.0758,-0.012,7.6
5.755,0.0367,0.015,-0.0668,-0.0098,7.6
5.756,0.0382,0.0157,-0.057,-0.0091,7.6
5.757,0.0277,0.012,-0.0458,-0.006,7.6
5.758,0.021,0.009,-0.0383,-0.0068,7.6
5.759,0.015,0.0067,-0.0263,-0.0046,7.6
5.76,0.0052,0.0015,-0.0143,0.0007,7.5
5.761,-0.0068,-0.0015,-0.0091,0.0015,7.5
5.762,-0.0233,-0.003,-0.003,0.0037,7.5
5.763,-0.0375,-0.0075,-0.0038,0.003,7.5
5.764,-0.0495,-0.0098,-0.003,0.0052,7.4
5.765,-0.0465,-0.012,0.0,0.0067,7.4
5.766,-0.033,-0.0143,0.0045,0.0082,7.4
5.767,-0.0195,-0.0128,0.009,0.0097,7.3
5.768,-0.0038,-0.0113,0.0165,0.0082,7.3
5.769,0.0015,-0.0083,0.0202,0.0075,7.3
5.77,0.0105,-0.0053,0.0135,0.0075,7.2
5.771,0.0345,-0.003,0.012,0.0067,7.2
5.772,0.054,-0.0015,0.0217,0.0052,7.2
5.773,0.048,-0.0015,0.0315,0.0067,7.2
5.774,0.0225,0.0022,0.0427,0.0067,7.1
5.775,0.0015,0.0015,0.048,0.0067,7.1
5.776,-0.0143,0.0007,0.0457,0.006,7.1
5.777,-0.027,-0.0015,0.039,0.003,7.0
5.778,-0.0218,-0.003,0.0322,0.003,7.0
5.779,-0.0181,-0.0023,0.0307,0.0045,7.0
5.78,-0.0181,-0.0046,0.033,0.003,6.9
5.781,-0.0083,-0.0075,0.0322,0.003,6.9
5.782,-0.003,-0.012,0.027,0.003,6.9
5.783,0.0,-0.0105,0.0232,0.0045,6.8
5.784,0.012,-0.0083,0.0142,0.0037,6.8
5.785,0.0217,-0.0083,0.0105,0.0015,6.7
5.786,0.0157,-0.0053,0.0127,0.0015,6.7
5.787,0.006,-0.0046,0.0157,0.003,6.7
5.788,-0.0015,-0.0046,0.0217,0.0022,6.7
5.789,-0.0068,-0.006,0.0277,0.0015,6.7
5.79,-0.0128,-0.006,0.03,0.0022,6.6
5.791,-0.0218,-0.0053,0.0262,0.0022,6.6
5.792,-0.0218,-0.0046,0.0142,0.0015,6.6
5.793,-0.0203,0.0007,0.003,-0.0015,6.5
5.794,-0.0173,0.0007,0.0052,0.0007,6.5
5.795,-0.015,0.0,0.0045,-0.0015,6.4
5.796,-0.012,0.0007,0.0037,-0.003,6.4
5.797,-0.0128,-0.0008,0.009,-0.003,6.4
5.798,-0.0128,0.0015,0.009,-0.0023,6.3
5.799,-0.0135,-0.003,0.0127,-0.0008,6.3
5.8,-0.0143,-0.0053,0.0157,-0.0008,6.3
5.801,-0.0113,-0.0046,0.018,0.0007,6.3
5.802,-0.0083,-0.003,0.0157,0.0007,6.2
5.803,-0.0083,-0.0008,0.012,-0.0008,6.2
5.804,-0.0091,-0.0023,0.0105,0.0,6.2
5.805,-0.0068,-0.0008,0.0097,-0.0008,6.1
5.806,-0.0075,-0.0008,0.009,-0.0015,6.1
5.807,-0.0068,0.0007,0.0067,-0.0023,6.0
5.808,-0.0038,0.0007,0.0045,-0.0023,6.0
5.809,-0.0023,-0.0008,0.003,-0.0008,6.0
5.81,-0.0008,-0.0008,0.0052,-0.0015,5.9
5.811,-0.0015,-0.0008,0.0045,-0.003,5.9
5.812,-0.0008,0.0,0.0045,-0.003,5.8
5.813,0.0015,-0.0023,0.0082,-0.0023,5.8
5.814,0.0015,0.0015,0.009,-0.0015,5.8
5.815,0.0015,0.0007,0.0127,-0.0008,5.8
5.816,0.003,-0.0008,0.0135,-0.003,5.7
5.817,0.0045,-0.0008,0.0165,-0.0008,5.7
5.818,0.0067,-0.003,0.0195,-0.0008,5.7
5.819,0.0045,-0.0038,0.0217,-0.0015,5.6
5.82,0.003,-0.0046,0.0262,0.0015,5.5
5.821,0.0015,-0.003,0.0262,0.003,5.5
5.822,0.0007,-0.0023,0.0277,0.0045,5.5
5.823,-0.0008,-0.0038,0.0315,0.0045,5.5
5.824,-0.0023,-0.003,0.033,0.006,5.4
5.825,-0.0046,-0.003,0.0292,0.0067,5.4
5.826,-0.0068,-0.0023,0.0292,0.0045,5.4
5.827,-0.0083,-0.0046,0.0307,0.006,5.3
5.828,-0.0098,-0.0053,0.0315,0.0045,5.3
5.829,-0.012,-0.0068,0.0345,0.0045,5.3
5.83,-0.0098,-0.0083,0.036,0.0067,5.3
5.831,-0.0105,-0.0083,0.039,0.0075,5.3
5.832,-0.0083,-0.006,0.0397,0.0067,5.2
5.833,-0.0075,-0.0046,0.0345,0.0045,5.2
5.834,-0.0075,-0.0038,0.03,0.0045,5.2
5.835,-0.0046,-0.003,0.0255,0.003,5.1
5.836,-0.003,-0.003,0.0217,0.0015,5.1
5.837,-0.0023,-0.0015,0.018,0.0,5.1
5.838,-0.003,-0.0008,0.0142,0.0007,5.0
5.839,-0.0015,0.0,0.0105,0.0015,5.0
5.84,-0.0008,-0.0023,0.0067,0.0007,4.9
5.841,0.0007,0.0,0.0037,0.0,4.9
5.842,0.0015,0.0015,0.0045,0.0007,4.9
5.843,0.0015,0.0,0.0045,0.0007,4.9
5.844,0.0015,0.0007,0.0037,0.0,4.9
5.845,0.003,-0.0008,0.0082,0.0015,4.9
5.846,0.003,-0.003,0.012,0.003,4.8
5.847,0.0007,-0.0046,0.018,0.003,4.8
5.848,0.0007,-0.003,0.0202,0.0022,4.8
5.849,-0.0008,-0.0038,0.0202,0.003,4.8
5.85,-0.0023,-0.0053,0.0247,0.0045,4.7
5.851,-0.0038,-0.0046,0.0255,0.0045,4.7
5.852,-0.0053,-0.0053,0.0277,0.0052,4.7
5.853,-0.0068,-0.003,0.0277,0.0067,4.6
5.854,-0.0068,-0.003,0.027,0.0067,4.6
5.855,-0.0083,-0.003,0.0277,0.0007,4.6
5.856,-0.0083,0.0,0.0277,-0.0105,4.5
5.857,-0.0075,-0.0023,0.0255,-0.0128,4.5
5.858,-0.0083,-0.0046,0.027,-0.0068,4.5
5.859,-0.0046,-0.003,0.0247,-0.003,4.5
5.86,-0.0068,-0.0015,0.0232,0.009,4.4
5.861,-0.0075,-0.003,0.0225,0.0202,4.4
5.862,-0.0046,-0.003,0.018,0.0127,4.4
5.863,-0.003,-0.003,0.012,0.0067,4.4
5.864,-0.0008,-0.003,0.006,0.0015,4.3
5.865,-0.0015,-0.003,0.0052,-0.0008,4.3
5.866,-0.003,-0.0008,0.0037,-0.0008,4.2
5.867,-0.0008,0.0015,-0.0008,-0.0053,4.2
5.868,0.0015,0.0037,-0.003,-0.0046,4.2
5.869,0.0052,0.0045,-0.0068,-0.0046,4.1
5.87,0.0067,0.0045,-0.0105,-0.0075,4.1
5.871,0.009,0.0022,-0.0173,-0.0091,4.0
5.872,0.0082,0.0022,-0.024,-0.0083,4.0
5.873,0.009,0.003,-0.0256,-0.006,4.0
5.874,0.0112,0.0045,-0.0256,-0.006,4.0
5.875,0.0105,0.0045,-0.0285,-0.0068,3.9
5.876,0.0105,0.0067,-0.0375,-0.0091,3.9
5.877,0.0127,0.009,-0.0458,-0.0091,3.8
5.878,0.0157,0.006,-0.0383,-0.006,3.8
5.879,0.0142,0.003,-0.0256,-0.006,3.8
5.88,0.018,0.0045,-0.027,-0.0068,3.7
5.881,0.0187,0.003,-0.0293,-0.0053,3.7
5.882,0.0127,0.0022,-0.0256,-0.0053,3.7
5.883,0.006,0.003,-0.024,-0.006,3.6
5.884,0.0037,0.0007,-0.03,-0.0038,3.6
5.885,0.0067,0.0007,-0.0368,-0.0015,3.6
5.886,0.0067,0.0045,-0.0375,-0.0015,3.6
5.887,0.009,0.0052,-0.0353,0.0007,3.5
5.888,0.0082,0.0052,-0.033,-0.0015,3.5
5.889,0.009,0.0052,-0.042,-0.0068,3.5
5.89,0.012,0.0052,-0.0398,-0.0083,3.4
5.891,0.0105,0.0052,-0.0375,-0.0105,3.4
5.892,0.009,0.0045,-0.0413,-0.0091,3.4
5.893,0.0112,0.0052,-0.0383,-0.0075,3.3
5.894,0.0097,0.006,-0.0368,-0.0083,3.3
5.895,0.0105,0.0052,-0.0346,-0.0075,3.2
5.896,0.0127,0.0045,-0.033,-0.0046,3.2
5.897,0.009,0.003,-0.0285,-0.0008,3.2
5.898,0.006,0.0045,-0.0203,0.0,3.1
5.899,0.0052,0.0045,-0.0203,-0.003,3.1
5.9,0.0052,0.0045,-0.0203,-0.0015,3.1
5.901,0.0067,0.0007,-0.0165,-0.0015,3.1
5.902,0.0022,0.0007,-0.012,-0.0008,3.1
5.903,0.0015,-0.0008,-0.0098,0.0007,3.1
5.904,0.0015,-0.0008,-0.0105,0.0007,3.1
5.905,0.0007,0.0007,-0.0068,-0.0015,3.0
5.906,0.0015,0.0,-0.0091,-0.003,3.0
5.907,0.0007,0.0,-0.0083,-0.0015,3.0
5.908,0.0,-0.0008,-0.0053,-0.0008,3.0
5.909,-0.003,-0.0008,-0.0053,0.0007,3.0
5.91,-0.0038,-0.0015,-0.003,0.0007,2.9
5.911,-0.003,0.0007,-0.0023,-0.0008,2.9
5.912,-0.0046,0.0007,-0.0015,0.0015,2.9
5.913,-0.003,-0.0015,0.0045,0.0015,2.9
5.914,-0.0046,-0.0023,0.0075,0.0022,2.9
5.915,-0.0053,-0.0023,0.0022,0.0007,2.9
5.916,0.0007,0.0015,-0.003,-0.0015,2.8
5.917,0.0022,0.0022,-0.0068,-0.0008,2.8
5.918,-0.0008,0.003,-0.0023,0.0015,2.8
5.919,-0.0046,0.0007,0.0142,0.0045,2.8
5.92,-0.0091,-0.0046,0.0195,0.0015,2.7
5.921,-0.0015,-0.0015,0.0045,-0.0015,2.7
5.922,0.0015,-0.0008,0.0082,0.0022,2.7
5.923,-0.0038,-0.003,0.0187,0.003,2.7
5.924,-0.0015,-0.003,0.0142,-0.0008,2.7
5.925,-0.0015,-0.0015,0.0045,0.0,2.7
5.926,0.003,0.0007,-0.0046,-0.0008,2.7
5.927,0.003,0.0007,-0.0083,0.0007,2.7
5.928,0.0007,0.0007,-0.0068,0.0007,2.7
5.929,0.0022,0.0015,-0.012,-0.003,2.7
5.93,0.0022,0.0022,-0.0135,-0.0015,2.7
5.931,0.0045,0.003,-0.0113,-0.0008,2.7
5.932,0.0015,0.0022,-0.0113,-0.0015,2.7
5.933,-0.0015,0.0022,-0.0105,-0.0023,2.7
5.934,0.0015,0.0015,-0.0143,-0.003,2.7
5.935,0.003,0.0015,-0.0135,-0.0015,2.7
5.936,0.0045,0.0015,-0.012,-0.0015,2.7
5.937,0.0045,0.0,-0.0113,-0.0023,2.7
5.938,0.0052,0.0007,-0.0113,-0.0008,2.7
5.939,0.0052,0.0007,-0.0091,0.0007,2.7
5.94,0.003,0.0015,-0.0083,-0.0008,2.7
5.941,0.0045,0.0037,-0.012,-0.003,2.7
5.942,0.0052,0.0022,-0.0128,-0.0015,2.7
5.943,0.0015,0.0022,-0.012,0.0007,2.7
5.944,0.0,0.0015,-0.0098,0.0015,2.8
5.945,-0.0008,0.0007,-0.0053,0.0022,2.8
5.946,-0.0046,-0.0015,0.0067,0.003,2.8
5.947,-0.0053,-0.0015,-0.003,-0.0015,2.8
5.948,0.0,0.0015,-0.0046,0.0,2.8
5.949,-0.003,-0.0015,0.0045,0.0007,2.9
5.95,-0.0046,-0.0008,-0.0023,-0.0015,2.9
5.951,-0.0015,0.0007,-0.0015,-0.0008,2.9
5.952,0.0015,0.0007,-0.0046,-0.0023,2.9
5.953,0.003,-0.0015,0.0007,-0.0008,2.9
5.954,0.0007,-0.003,0.0,0.0,3.0
5.955,-0.0008,-0.0008,-0.0015,-0.0008,3.0
5.956,-0.0015,-0.0015,-0.0015,0.0,3.0
5.957,-0.0023,-0.0015,-0.0015,0.0007,3.0
5.958,-0.003,-0.0023,0.0037,0.0015,3.0
5.959,-0.0046,-0.0023,0.0037,0.0007,3.1
5.96,-0.0015,-0.0015,0.0067,0.0007,3.1
5.961,0.003,-0.0015,0.0052,-0.0008,3.1
5.962,0.0045,-0.0008,0.0052,0.0007,3.1
5.963,0.003,-0.0015,0.0037,0.0015,3.1
5.964,0.0,-0.0015,0.0015,0.0007,3.1
5.965,-0.0015,-0.0015,0.0067,-0.0008,3.1
5.966,-0.0015,-0.0015,0.0067,-0.0015,3.1
5.967,-0.0008,-0.0015,0.0045,-0.0015,3.1
5.968,0.003,-0.003,0.0045,-0.0008,3.1
5.969,0.0015,-0.003,0.0082,0.0007,3.2
5.97,-0.0008,-0.003,0.0082,-0.0015,3.2
5.971,0.0007,-0.0015,0.0067,-0.0008,3.2
5.972,-0.0008,-0.0015,0.0105,0.0,3.2
5.973,-0.0008,-0.0015,0.0082,-0.0015,3.2
5.974,-0.0015,-0.0008,0.009,0.0007,3.2
5.975,-0.0046,-0.0008,0.0105,0.0007,3.3
5.976,-0.003,0.0,0.0105,0.0007,3.3
5.977,-0.0015,0.0007,0.0067,0.0022,3.3
5.978,-0.0008,0.0007,0.0,0.0007,3.3
5.979,-0.0008,0.0015,-0.0008,0.0022,3.3
5.98,-0.0015,0.003,0.0,0.0015,3.3
5.981,-0.0015,0.0015,-0.0015,0.0,3.3
5.982,-0.0008,0.0007,-0.0015,-0.0008,3.3
5.983,0.0015,0.0007,0.0015,-0.0008,3.3
5.984,0.0007,-0.0008,0.0015,0.0015,3.3
5.985,-0.0008,0.0007,0.0007,0.0007,3.4
5.986,0.0,-0.0008,0.0015,-0.0008,3.4
5.987,-0.0008,-0.0008,0.0015,0.0015,3.4
5.988,-0.003,0.0,0.0067,0.0007,3.4
5.989,-0.0038,0.0,0.009,0.0007,3.4
5.99,-0.0046,-0.0008,0.0165,0.0022,3.4
5.991,-0.006,-0.0008,0.0202,0.003,3.4
5.992,-0.0046,-0.0008,0.0202,0.0037,3.4
5.993,-0.0015,-0.0008,0.0232,0.003,3.4
5.994,-0.003,-0.0023,0.0217,0.003,3.4
5.995,-0.0053,-0.0015,0.0187,0.003,3.4
5.996,-0.006,-0.0015,0.0142,0.0015,3.4
5.997,-0.0083,-0.0038,0.018,0.0022,3.4
5.998,-0.0083,-0.003,0.015,0.0022,3.4
5.999,-0.0068,-0.0038,0.0105,0.0007,3.4
6.0,-0.0038,-0.0038,0.0127,0.0045,3.4
6.001,-0.0015,-0.0015,0.0127,0.0037,3.4
6.002,0.0007,-0.003,0.012,0.0007,3.5
6.003,-0.0008,-0.0015,0.0082,0.0,3.5
6.004,0.003,-0.003,0.0067,-0.0008,3.5
6.005,0.0052,-0.0046,0.0045,0.0,3.5
6.006,0.0037,-0.003,0.003,-0.0015,3.5
6.007,0.003,-0.003,0.0007,-0.0008,3.5
6.008,0.0007,-0.0015,-0.0008,0.0,3.5
6.009,0.0,-0.003,-0.0008,-0.0008,3.6
6.01,-0.0015,-0.0038,-0.0015,0.0,3.6
6.011,-0.0023,-0.0023,0.0015,-0.0015,3.6
6.012,0.0,-0.0038,0.0045,-0.0015,3.6
6.013,-0.0015,-0.003,0.0007,-0.0023,3.6
6.014,-0.0008,-0.0015,-0.0015,-0.0015,3.6
6.015,0.0015,0.0007,-0.0053,-0.0015,3.6
6.016,0.003,0.0007,-0.0083,-0.003,3.6
6.017,0.0015,0.0015,-0.0068,-0.003,3.6
6.018,0.0,0.0015,-0.006,-0.0015,3.6
6.019,0.003,0.0015,-0.0053,-0.0008,3.7
6.02,0.003,0.003,-0.0075,-0.0008,3.7
6.021,0.0052,0.003,-0.0098,-0.0008,3.7
6.022,0.0045,0.0045,-0.0128,-0.0015,3.7
6.023,0.0052,0.0037,-0.0165,-0.0008,3.7
6.024,0.0037,0.0007,-0.0083,0.0007,3.7
6.025,-0.0015,0.0007,-0.0046,-0.0015,3.7
6.026,0.0022,-0.0008,-0.006,-0.0015,3.8
6.027,0.0015,-0.0015,-0.0038,-0.0008,3.8
6.028,0.0045,-0.0008,-0.0053,-0.0015,3.8
6.029,0.003,-0.003,-0.0008,-0.0008,3.8
6.03,-0.003,-0.0015,0.0,-0.0015,3.8
6.031,0.0015,0.0015,-0.0046,-0.0015,3.8
6.032,0.0,0.0007,-0.0046,-0.0008,3.8
6.033,0.0007,0.0007,-0.0046,-0.003,3.8
6.034,0.003,0.0007,-0.0083,-0.003,3.8
6.035,0.0045,0.0015,-0.006,-0.0015,3.9
6.036,0.0045,0.0015,-0.0068,-0.0008,3.9
6.037,0.0045,0.0015,-0.0098,-0.0015,3.9
6.038,0.006,0.0007,-0.0068,-0.003,3.9
6.039,0.0022,0.0,-0.0046,-0.0015,3.9
6.04,0.0007,0.0007,-0.0053,-0.0008,3.9
6.041,-0.0008,0.0,-0.0046,-0.0015,3.9
6.042,-0.003,-0.0015,-0.0038,-0.0015,3.9
6.043,-0.0015,-0.0015,-0.0046,-0.003,3.9
6.044,-0.0008,-0.0008,-0.003,-0.0008,3.9
6.045,-0.0008,0.0007,-0.0068,0.0007,4.0
6.046,-0.0008,0.0007,-0.0053,-0.0015,4.0
6.047,0.0,0.0015,0.003,-0.0008,4.0
6.048,0.0007,0.0,0.0045,-0.0015,4.0
6.049,-0.0008,-0.0008,0.0022,0.0,4.0
6.05,-0.0015,0.0007,0.0,0.0,4.0
6.051,0.0015,-0.0008,-0.0046,-0.0008,4.0
6.052,-0.0008,-0.0023,-0.0053,-0.0008,4.0
6.053,-0.003,-0.0008,-0.0046,-0.0015,4.0
6.054,-0.0008,-0.0008,-0.0046,0.0,4.0
6.055,0.0007,-0.0008,-0.0068,-0.0008,4.0
6.056,-0.0008,-0.0008,-0.0083,-0.003,4.0
6.057,0.0007,-0.0015,-0.0023,0.0015,4.0
6.058,-0.0015,-0.0008,0.0015,0.0015,4.0
6.059,-0.0015,-0.0015,0.0037,0.0015,4.0
6.06,0.0007,-0.0046,0.0037,0.0007,4.0
6.061,0.0,-0.003,0.0015,-0.0015,4.0
6.062,0.0007,-0.003,0.0052,-0.0008,4.0
6.063,0.0007,-0.003,0.0045,-0.0015,4.0
6.064,0.0,-0.003,0.0075,-0.0015,4.0
6.065,-0.0038,-0.003,0.0142,-0.0008,4.0
6.066,-0.0053,-0.003,0.0097,-0.0008,4.0
6.067,-0.0068,-0.0038,0.0112,0.0015,4.0
6.068,-0.006,-0.003,0.0075,0.0007,4.0
6.069,-0.0023,-0.0015,0.003,0.0007,4.0
6.07,0.0007,-0.0008,0.0045,0.0007,4.0
6.071,0.0015,0.0007,0.003,0.0,4.0
6.072,0.0015,0.0007,0.0052,-0.0008,4.0
6.073,0.003,-0.0008,0.0052,-0.0008,4.0
6.074,0.0007,0.0,0.0037,0.0015,4.0
6.075,0.0007,0.0007,0.0037,0.0,4.0
6.076,0.0015,0.0007,0.003,-0.0008,4.0
6.077,0.0015,0.0022,-0.0008,0.0,4.0
6.078,0.0037,0.0052,-0.0068,0.0015,4.0
6.079,0.0045,0.0045,-0.0135,-0.0023,4.0
6.08,0.0067,0.0052,-0.0158,-0.0046,4.0
6.081,0.009,0.003,-0.0143,-0.0053,4.0
6.082,0.0105,0.0015,-0.0128,-0.0053,4.0
6.083,0.0082,0.0007,-0.0083,-0.0023,4.0
6.084,0.006,0.0007,-0.0091,-0.0015,4.0
6.085,0.0052,0.0007,-0.012,-0.003,4.0
6.086,0.0067,0.0015,-0.0105,-0.0046,4.0
6.087,0.0045,0.0007,-0.0068,-0.003,4.0
6.088,0.0015,-0.0008,-0.0015,-0.0015,4.0
6.089,-0.0015,0.0,-0.0015,-0.0038,4.0
6.09,-0.0008,0.0007,-0.0008,-0.0023,4.0
6.091,0.0007,-0.0008,0.003,-0.0008,4.0
6.092,-0.003,-0.0008,0.003,-0.0015,4.0
6.093,-0.0023,0.0015,0.0015,-0.0015,4.0
6.094,-0.0023,0.0015,0.0045,-0.0023,4.0
6.095,-0.003,0.0015,0.003,-0.0015,4.0
6.096,-0.003,0.0007,0.0052,0.0007,4.0
6.097,-0.0046,-0.0015,0.009,0.0015,4.0
6.098,-0.0038,-0.0008,0.0097,0.0015,4.0
6.099,-0.006,-0.0015,0.0157,0.0015,4.0
6.1,-0.0046,-0.0023,0.0157,0.0015,4.0
6.101,-0.003,-0.0015,0.0142,0.0022,4.0
6.102,-0.003,-0.0023,0.012,0.0022,4.0
6.103,-0.0008,-0.0015,0.006,0.0007,4.0
6.104,0.0015,0.0007,0.0067,-0.0008,4.0
6.105,0.003,0.0022,0.0037,-0.0008,4.0
6.106,0.0037,0.0015,0.0022,0.0007,4.0
6.107,0.0022,0.0015,0.0075,0.0015,4.0
6.108,0.0,0.0015,0.0052,0.0015,4.0
6.109,0.0,0.0,0.0052,0.003,4.0
6.11,-0.0008,-0.0015,0.0075,0.0015,4.0
6.111,-0.0015,-0.0008,0.0052,0.0015,4.0
6.112,0.0015,-0.0008,0.003,0.0015,4.0
6.113,0.0007,-0.0015,0.0067,0.0007,4.0
6.114,0.0007,-0.0015,0.0052,0.0022,4.0
6.115,-0.0015,-0.0015,0.003,0.0015,4.0
6.116,-0.003,-0.0046,0.0052,0.0,4.0
6.117,-0.003,-0.003,0.003,0.0007,4.1
6.118,-0.0046,-0.003,0.0045,0.0007,4.1
6.119,-0.003,-0.0038,0.0067,0.0007,4.1
6.12,-0.003,-0.003,0.0067,-0.0008,4.1
6.121,0.0,-0.0023,0.0052,-0.0008,4.1
6.122,0.0007,-0.0015,0.0022,-0.0008,4.1
6.123,-0.0008,-0.0015,0.0007,-0.003,4.1
6.124,-0.0015,-0.003,-0.0008,-0.003,4.2
6.125,0.0015,-0.003,-0.0015,-0.0046,4.2
6.126,0.003,-0.0015,-0.006,-0.0038,4.2
6.127,0.0015,0.0,-0.0091,-0.003,4.2
6.128,0.0045,0.0007,-0.0046,-0.003,4.2
6.129,0.003,-0.0008,-0.0068,-0.0008,4.3
6.13,0.0037,-0.0015,-0.0068,0.0007,4.3
6.131,0.0045,0.0,-0.0075,0.0007,4.3
6.132,0.0037,0.0022,-0.0083,0.0,4.3
6.133,0.003,0.003,-0.0075,-0.0008,4.3
6.134,0.0022,0.0015,-0.0068,0.0,4.4
6.135,0.003,0.0007,-0.0083,-0.0008,4.4
6.136,0.0022,0.0007,-0.0113,-0.0023,4.4
6.137,0.0045,0.0007,-0.0105,-0.0015,4.4
6.138,0.0045,0.0015,-0.0143,-0.0015,4.4
6.139,0.006,0.0015,-0.0105,-0.0008,4.5
6.14,0.0045,0.0007,-0.006,0.0,4.5
6.141,0.0007,0.0007,-0.003,-0.0008,4.5
6.142,0.0007,0.0,0.0015,0.0015,4.5
6.143,-0.0015,-0.0008,-0.0008,0.0007,4.5
6.144,-0.0015,-0.0008,-0.0008,-0.0015,4.6
6.145,-0.0008,-0.0015,-0.0015,0.0007,4.6
6.146,-0.0015,-0.0008,0.003,0.0015,4.6
6.147,-0.0023,-0.0008,0.0082,0.0045,4.7
6.148,-0.006,-0.0008,0.0105,0.0037,4.7
6.149,-0.0053,-0.0015,0.0097,0.0015,4.7
6.15,-0.0015,-0.0015,0.003,0.0007,4.8
6.151,0.0,-0.0008,-0.0015,-0.0015,4.8
6.152,0.0007,-0.0008,-0.0053,-0.0008,4.8
6.153,0.003,0.0007,-0.0075,0.0,4.8
6.154,0.0045,0.0007,-0.0068,0.0,4.9
6.155,0.0037,0.0,-0.0038,-0.0008,4.9
6.156,0.003,-0.0008,0.003,0.0007,4.9
6.157,-0.0008,-0.0015,0.0037,0.0007,4.9
6.158,-0.003,-0.0015,0.0007,-0.0015,5.0
6.159,0.0007,0.0,-0.0053,-0.0015,5.0
6.16,0.0007,0.0007,-0.003,-0.0015,5.0
6.161,0.0,0.0,-0.0046,-0.0015,5.1
6.162,0.0015,-0.0008,-0.0068,-0.003,5.1
6.163,0.0007,0.0015,-0.003,-0.003,5.2
6.164,0.0,0.0015,-0.0068,-0.0008,5.2
6.165,-0.0015,0.0007,-0.0075,0.0,5.3
6.166,-0.0015,0.0007,-0.0068,-0.0008,5.3
6.167,-0.0008,-0.0023,-0.0053,0.0,5.3
6.168,-0.0008,-0.003,0.0007,0.0015,5.3
6.169,-0.0023,-0.003,0.0007,0.0,5.4
6.17,-0.003,-0.0015,0.0,-0.0008,5.4
6.171,-0.0023,-0.0008,0.0007,0.0007,5.5
6.172,-0.0008,0.0,-0.0008,0.0,5.5
6.173,0.0,0.0,-0.003,0.0,5.6
6.174,0.0007,0.0007,-0.003,-0.0008,5.6
6.175,0.0015,0.0015,0.0,-0.0015,5.7
6.176,0.0022,0.0007,-0.0015,-0.0008,5.7
6.177,0.0052,0.0007,-0.0068,-0.0015,5.7
6.178,0.0075,0.0007,-0.0143,-0.0038,5.8
6.179,0.009,0.0052,-0.0195,-0.006,5.8
6.18,0.0105,0.0067,-0.0308,-0.0098,5.8
6.181,0.0165,0.0082,-0.0465,-0.0105,5.9
6.182,0.018,0.0105,-0.0458,-0.0091,5.9
6.183,0.0172,0.0082,-0.0443,-0.0083,6.0
6.184,0.018,0.0082,-0.0428,-0.0091,6.0
6.185,0.0157,0.0067,-0.0405,-0.0083,6.1
6.186,0.0127,0.0067,-0.0383,-0.0053,6.2
6.187,0.0105,0.0052,-0.0323,-0.006,6.2
6.188,0.0067,0.003,-0.024,-0.0046,6.3
6.189,0.0037,0.0015,-0.0165,-0.0015,6.3
6.19,0.0015,0.0015,-0.0113,0.0,6.3
6.191,0.0,0.003,-0.0075,0.0007,6.4
6.192,-0.0008,0.0,-0.0046,0.0,6.4
6.193,-0.003,0.0007,-0.0008,0.0007,6.5
6.194,-0.006,0.0022,0.0015,0.0015,6.5
6.195,-0.0038,0.0007,0.003,0.003,6.6
6.196,-0.003,0.0007,0.0052,0.0052,6.7
6.197,-0.0068,-0.0015,0.0105,0.003,6.7
6.198,-0.0083,-0.003,0.018,0.0045,6.7
6.199,-0.0105,-0.0023,0.0225,0.0067,6.8
6.2,-0.012,-0.0046,0.027,0.0082,6.8
6.201,-0.012,-0.0068,0.0315,0.0097,6.9
6.202,-0.012,-0.0075,0.0292,0.009,7.0
6.203,-0.0105,-0.0068,0.0255,0.0075,7.0
6.204,-0.0075,-0.0083,0.0202,0.006,7.1
6.205,-0.0068,-0.0083,0.0195,0.0052,7.2
6.206,-0.0046,-0.0068,0.0195,0.0052,7.2
6.207,-0.0023,-0.006,0.0165,0.0045,7.3
6.208,-0.0038,-0.0046,0.0165,0.003,7.4
6.209,-0.0038,-0.003,0.0135,0.0022,7.4
6.21,-0.0015,-0.0038,0.0067,0.0,7.5
6.211,-0.003,-0.003,0.0075,-0.0015,7.6
6.212,-0.0046,-0.0046,0.0082,0.0,7.6
6.213,-0.003,-0.003,0.0082,0.0015,7.7
6.214,-0.0008,-0.0015,0.0082,0.003,7.7
6.215,-0.0008,-0.0008,0.0067,0.003,7.8
6.216,0.0015,-0.0015,0.0067,0.0022,7.9
6.217,0.0007,0.0007,0.0052,0.0015,8.0
6.218,0.0,0.003,0.003,0.0015,8.0
6.219,0.0,0.0015,0.0015,0.0007,8.1
6.22,0.0007,0.0015,0.0,0.0,8.1
6.221,0.0007,0.0007,-0.0023,-0.0008,8.2
6.222,-0.0008,0.0007,-0.003,-0.003,8.3
6.223,0.0007,0.0007,-0.0046,-0.0015,8.4
6.224,0.0007,-0.0008,-0.006,-0.0015,8.5
6.225,0.0015,-0.0015,-0.0053,-0.003,8.6
6.226,0.0015,-0.0015,-0.0098,-0.0023,8.7
6.227,0.0045,0.0007,-0.0113,-0.0008,8.8
6.228,0.0052,-0.0008,-0.0083,0.0,8.9
6.229,0.0015,-0.0008,-0.0105,0.0007,9.0
6.23,0.0007,0.0015,-0.0053,-0.0008,9.0
6.231,-0.0008,-0.0015,-0.0053,-0.0015,9.1
6.232,-0.0015,-0.003,-0.0098,0.0,9.2
6.233,-0.0015,-0.0015,-0.0068,0.0,9.3
6.234,-0.0008,-0.003,-0.0075,0.0015,9.4
6.235,-0.003,-0.0068,-0.0053,0.0007,9.4
6.236,-0.0008,-0.006,-0.0046,-0.0008,9.5
6.237,0.0007,-0.0053,-0.0053,-0.0015,9.6
6.238,0.0007,-0.0068,-0.0015,-0.0008,9.7
6.239,0.0015,-0.0053,0.0,0.0007,9.8
6.24,-0.0015,-0.003,0.0045,0.0022,9.9
6.241,-0.0008,0.0,0.0082,0.003,10.0
6.242,-0.0038,0.0022,0.009,0.0037,10.1
6.243,-0.0015,0.0015,0.0097,0.0022,10.3
6.244,-0.0015,0.0,0.0112,0.0007,10.3
6.245,-0.0046,-0.0008,0.0142,0.0015,10.5
6.246,-0.0046,0.0,0.0225,0.0045,10.6
6.247,-0.0083,-0.0008,0.027,0.0052,10.7
6.248,-0.0068,-0.0015,0.0247,0.0022,10.8
6.249,-0.0083,-0.0015,0.024,0.0015,10.9
6.25,-0.0075,-0.003,0.021,0.003,11.1
6.251,-0.0053,-0.0046,0.0157,0.0007,11.2
6.252,-0.0053,-0.0046,0.0165,0.0,11.3
6.253,-0.0053,-0.003,0.018,-0.0008,11.4
6.254,-0.0053,-0.003,0.0127,-0.0008,11.5
6.255,-0.0038,-0.003,0.012,-0.0008,11.6
6.256,-0.0046,-0.0015,0.0127,-0.0023,11.7
6.257,-0.0053,-0.0038,0.0105,0.0007,11.8
6.258,-0.0015,-0.003,0.0127,0.003,12.0
6.259,0.0,-0.0008,0.0135,0.0015,12.1
6.26,0.0007,-0.0015,0.0135,-0.0008,12.2
6.261,-0.0008,-0.0008,0.0135,-0.0008,12.3
6.262,-0.0023,0.0007,0.0105,0.0015,12.5
6.263,0.0007,-0.0008,0.012,0.0037,12.6
6.264,-0.003,-0.003,0.0127,0.003,12.8
6.265,-0.0046,-0.0038,0.0112,0.003,12.9
6.266,-0.0038,-0.0015,0.0105,0.0015,13.1
6.267,-0.0053,0.0007,0.006,-0.0008,13.2
6.268,-0.0038,0.0007,0.0082,0.0015,13.4
6.269,-0.0046,0.0007,0.003,0.0007,13.5
6.27,-0.0008,0.0022,0.0007,0.0015,13.7
6.271,0.0015,0.003,0.0007,0.0007,13.8
6.272,0.0045,0.0022,-0.0083,-0.0038,13.9
6.273,0.0045,0.0022,-0.0098,-0.003,14.1
6.274,0.0022,0.0,-0.012,-0.0046,14.2
6.275,0.006,0.0022,-0.0165,-0.0046,14.4
6.276,0.0067,0.0037,-0.0165,-0.0038,14.5
6.277,0.0112,0.003,-0.0233,-0.0046,14.7
6.278,0.0135,0.0067,-0.0225,-0.0038,14.8
6.279,0.0127,0.0067,-0.0158,-0.003,15.0
6.28,0.0105,0.0037,-0.012,-0.0015,15.1
6.281,0.0067,0.0037,-0.0091,-0.0015,15.3
6.282,0.0082,0.0037,-0.0083,-0.0008,15.5
6.283,0.0052,0.0045,-0.0046,0.0015,15.7
6.284,0.003,0.003,-0.0068,-0.0008,15.9
6.285,0.0067,0.0052,-0.0143,-0.0046,16.1
6.286,0.006,0.0052,-0.015,-0.0053,16.2
6.287,0.006,0.0045,-0.0195,-0.0053,16.4
6.288,0.0075,0.0045,-0.0203,-0.0038,16.6
6.289,0.0067,0.0022,-0.0068,-0.0023,16.8
6.29,0.0052,0.0015,-0.0046,-0.0015,17.0
6.291,0.0052,0.0015,0.0,-0.0008,17.2
6.292,0.0067,-0.0008,0.0007,0.0,17.4
6.293,0.0045,-0.0023,0.0,0.0015,17.6
6.294,-0.0015,-0.0068,0.018,0.0037,17.8
6.295,-0.0046,-0.0053,0.009,0.0,18.0
6.296,-0.003,-0.0023,-0.0046,-0.0023,18.1
6.297,-0.0015,-0.0023,-0.0083,-0.0023,18.3
6.298,0.0045,0.0015,-0.0218,-0.0038,18.5
6.299,0.0052,0.0022,-0.0218,-0.003,18.7
6.3,0.009,0.0022,-0.0278,-0.0053,18.9
6.301,0.0127,0.0045,-0.03,-0.0083,19.1
6.302,0.0127,0.0052,-0.03,-0.0091,19.3
6.303,0.015,0.0082,-0.0308,-0.0091,19.6
6.304,0.012,0.0052,-0.027,-0.006,19.8
6.305,0.0105,0.0037,-0.0256,-0.0068,20.0
6.306,0.0105,0.0045,-0.0218,-0.0038,20.2
6.307,0.009,0.0045,-0.0195,-0.0023,20.5
6.308,0.009,0.003,-0.0091,-0.003,20.7
6.309,0.006,0.0015,-0.006,-0.0023,20.9
6.31,0.003,0.0015,-0.0023,-0.0015,21.1
6.311,0.0007,-0.0008,0.0075,0.0007,21.4
6.312,-0.003,-0.0008,0.009,-0.0008,21.6
6.313,-0.003,-0.0008,0.012,-0.0008,21.8
6.314,-0.003,-0.0008,0.009,-0.0008,22.0
6.315,-0.0008,-0.003,0.0097,0.0,22.3
6.316,-0.0008,-0.0046,0.0142,0.003,22.5
6.317,-0.0015,-0.0053,0.0187,0.003,22.7
6.318,-0.0046,-0.006,0.0217,0.0037,22.9
6.319,-0.0068,-0.0046,0.0232,0.003,23.2
6.32,-0.0068,-0.0053,0.03,0.0015,23.4
6.321,-0.0091,-0.003,0.0277,0.0,23.7
6.322,-0.0105,0.0,0.0232,-0.0008,23.9
6.323,-0.0083,-0.0008,0.0225,0.0,24.2
6.324,-0.0068,0.0007,0.0195,0.0,24.5
6.325,-0.0046,-0.0008,0.0142,0.0007,24.7
6.326,-0.0023,-0.0008,0.0165,0.0022,25.0
6.327,-0.003,-0.0008,0.0232,0.003,25.2
6.328,-0.0053,-0.0023,0.024,0.0015,25.5
6.329,-0.006,-0.0008,0.0217,-0.0008,25.8
6.33,-0.006,-0.0008,0.0195,-0.0015,26.1
6.331,-0.0083,-0.0046,0.0217,-0.0008,26.3
6.332,-0.0083,-0.0053,0.0255,-0.0015,26.6
6.333,-0.0075,-0.0075,0.0262,-0.0008,26.9
6.334,-0.0091,-0.0068,0.0262,0.0,27.1
6.335,-0.0075,-0.0068,0.024,0.0,27.4
6.336,-0.0083,-0.0068,0.0202,0.0007,27.6
6.337,-0.0068,-0.006,0.0157,0.0007,27.9
6.338,-0.0053,-0.006,0.0127,0.0,28.2
6.339,-0.0068,-0.003,0.009,-0.0008,28.4
6.34,-0.006,-0.0015,0.0082,0.0007,28.7
6.341,-0.0091,-0.0023,0.0127,-0.0008,29.0
6.342,-0.0091,-0.0038,0.0165,-0.0008,29.2
6.343,-0.0046,-0.003,0.0165,-0.0008,29.5
6.344,-0.0046,-0.0015,0.0157,-0.0008,29.8
6.345,-0.0038,-0.0046,0.0195,0.0007,30.1
6.346,-0.0083,-0.0053,0.0262,0.0022,30.3
6.347,-0.012,-0.0068,0.0375,0.0045,30.6
6.348,-0.012,-0.0053,0.039,0.003,30.9
6.349,-0.0091,-0.0053,0.036,0.003,31.1
6.35,-0.0105,-0.0083,0.0375,0.0052,31.4
6.351,-0.0135,-0.0068,0.0352,0.0037,31.7
6.352,-0.0128,-0.0068,0.0337,0.0052,31.9
6.353,-0.0105,-0.0068,0.0285,0.0045,32.2
6.354,-0.0068,-0.0053,0.0262,0.006,32.5
6.355,-0.0083,-0.0083,0.033,0.0067,32.8
6.356,-0.0068,-0.006,0.0255,0.0015,33.0
6.357,-0.0023,-0.003,0.0157,0.0015,33.3
6.358,0.0022,-0.0008,0.0067,-0.0008,33.6
6.359,0.0052,0.003,-0.0068,-0.0038,33.8
6.36,0.0067,0.0037,-0.0158,-0.0015,34.1
6.361,0.009,0.003,-0.0188,-0.0015,34.3
6.362,0.0075,0.003,-0.0165,0.0007,34.5
6.363,0.0075,0.0022,-0.0158,0.0,34.7
6.364,0.006,0.0037,-0.015,0.0,34.9
6.365,0.0045,0.003,-0.0158,-0.0008,35.1
6.366,0.0082,0.0015,-0.0165,-0.0015,35.4
6.367,0.0067,0.0015,-0.0165,-0.003,35.5
6.368,0.0082,0.0022,-0.0203,-0.003,35.8
6.369,0.006,0.0037,-0.0173,-0.0008,36.0
6.37,0.0052,0.0022,-0.0158,0.0007,36.2
6.371,0.006,0.0045,-0.0218,-0.0015,36.4
6.372,0.0052,0.0052,-0.0203,0.0,36.6
6.373,0.0052,0.0037,-0.0233,-0.0008,36.8
6.374,0.0082,0.0052,-0.033,-0.003,37.0
6.375,0.012,0.0067,-0.0398,-0.003,37.2
6.376,0.0127,0.006,-0.0458,-0.0046,37.4
6.377,0.015,0.0067,-0.045,-0.0053,37.6
6.378,0.0135,0.0052,-0.0346,-0.0015,37.8
6.379,0.0135,0.0022,-0.027,-0.0015,38.0
6.38,0.0105,0.003,-0.0233,-0.0015,38.2
6.381,0.0082,0.003,-0.027,-0.0038,38.4
6.382,0.0097,0.0045,-0.0233,-0.0038,38.6
6.383,0.0052,0.0022,-0.021,-0.0038,38.8
6.384,0.0045,0.0015,-0.0256,-0.0068,39.0
6.385,0.0045,0.003,-0.0203,-0.0053,39.1
6.386,0.0037,0.003,-0.0233,-0.0053,39.3
6.387,0.0045,0.006,-0.0278,-0.0075,39.5
6.388,0.0067,0.0075,-0.0293,-0.0068,39.7
6.389,0.0105,0.006,-0.03,-0.0053,39.9
6.39,0.0067,0.0052,-0.0225,-0.0046,40.0
6.391,0.0052,0.0037,-0.0203,-0.0053,40.2
6.392,0.006,0.0022,-0.0218,-0.0075,40.4
6.393,0.0052,0.0007,-0.0203,-0.0068,40.6
6.394,0.0067,0.0,-0.0203,-0.0083,40.8
6.395,0.006,-0.0008,-0.0181,-0.0068,40.9
6.396,0.0,-0.003,0.0022,-0.0015,41.1
6.397,-0.0083,-0.0068,0.0157,-0.0008,41.3
6.398,-0.0083,-0.006,0.009,-0.0038,41.5
6.399,-0.003,-0.003,-0.0053,-0.0068,41.7
6.4,0.0045,0.0022,-0.0195,-0.0075,41.8
6.401,0.009,0.0037,-0.0233,-0.0083,42.0
6.402,0.0105,0.0045,-0.0346,-0.0105,42.2
6.403,0.0135,0.0082,-0.0503,-0.012,42.4
6.404,0.0157,0.009,-0.0518,-0.0135,42.6
6.405,0.0165,0.0112,-0.066,-0.0158,42.8
6.406,0.0225,0.0127,-0.0825,-0.0173,43.0
6.407,0.0277,0.0142,-0.0803,-0.0158,43.1
6.408,0.0255,0.0127,-0.075,-0.0158,43.4
6.409,0.0255,0.0127,-0.0713,-0.0158,43.6
6.41,0.024,0.012,-0.063,-0.012,43.7
6.411,0.0172,0.009,-0.0436,-0.0075,43.9
6.412,0.0075,0.0022,-0.0203,-0.003,44.1
6.413,0.0015,0.0007,-0.0105,-0.0023,44.3
6.414,-0.0008,0.0,-0.0053,-0.0015,44.5
6.415,-0.003,-0.0015,0.009,0.0015,44.7
6.416,-0.0053,-0.0023,0.0172,0.003,44.9
6.417,-0.0075,-0.0038,0.018,0.0022,45.0
6.418,-0.0091,-0.0046,0.0202,0.0022,45.3
6.419,-0.0098,-0.0046,0.0225,0.0045,45.4
6.42,-0.0098,-0.0038,0.0232,0.0067,45.6
6.421,-0.0098,-0.0008,0.0195,0.009,45.9
6.422,-0.0091,0.0007,0.0202,0.0105,46.0
6.423,-0.0105,-0.0015,0.0277,0.0097,46.3
6.424,-0.0143,-0.0046,0.0375,0.0112,46.4
6.425,-0.015,-0.0068,0.0457,0.012,46.7
6.426,-0.0181,-0.0091,0.0495,0.0135,46.9
6.427,-0.0195,-0.012,0.0562,0.0165,47.1
6.428,-0.024,-0.0135,0.0667,0.018,47.3
6.429,-0.0256,-0.0135,0.078,0.0195,47.5
6.43,-0.0285,-0.0128,0.0892,0.024,47.7
6.431,-0.0315,-0.0135,0.0937,0.0232,47.9
6.432,-0.0285,-0.0143,0.0922,0.0202,48.1
6.433,-0.0293,-0.0143,0.0907,0.0232,48.3
6.434,-0.027,-0.0143,0.0877,0.021,48.5
6.435,-0.0218,-0.0128,0.075,0.0165,48.7
6.436,-0.0158,-0.0113,0.0607,0.0157,49.0
6.437,-0.012,-0.0105,0.0517,0.0127,49.1
6.438,-0.0091,-0.012,0.0405,0.0112,49.4
6.439,-0.0068,-0.0098,0.0315,0.009,49.5
6.44,-0.0053,-0.0091,0.0277,0.0067,49.8
6.441,-0.0046,-0.0105,0.0255,0.0067,49.9
6.442,-0.0038,-0.0098,0.0225,0.0052,50.2
6.443,-0.0023,-0.0091,0.0157,0.003,50.4
6.444,-0.0008,-0.0075,0.009,0.003,50.5
6.445,0.0,-0.0068,0.0067,0.0015,50.8
6.446,0.0015,-0.0075,0.0045,0.0007,50.9
6.447,0.0007,-0.0068,0.0022,0.0015,51.1
6.448,0.003,-0.0053,0.0007,0.0007,51.3
6.449,0.0015,-0.006,0.0007,0.0007,51.5
6.45,0.0015,-0.003,-0.0015,-0.0008,51.7
6.451,0.0045,0.0015,-0.006,0.0,51.9
6.452,0.0045,0.0022,-0.0053,0.0015,52.1
6.453,0.0045,0.0015,-0.0083,0.0007,52.3
6.454,0.0052,0.0022,-0.0143,0.0015,52.5
6.455,0.0067,0.003,-0.0105,0.0015,52.7
6.456,0.006,0.0037,-0.0105,0.0007,52.9
6.457,0.003,0.0045,-0.0113,0.0007,53.1
6.458,0.0015,0.0045,-0.0091,0.0,53.2
6.459,0.0007,0.003,-0.0083,0.0015,53.5
6.46,-0.0008,0.003,-0.006,0.0022,53.6
6.461,0.0007,0.0045,-0.0068,0.0015,53.8
6.462,0.0007,0.0045,-0.0053,0.003,53.9
6.463,0.0,0.0037,-0.0008,0.003,54.0
6.464,-0.0008,0.0015,0.0007,-0.0008,54.1
6.465,0.0007,0.0022,-0.0023,-0.0008,54.3
6.466,0.0022,0.0015,-0.0015,-0.0008,54.4
6.467,0.0015,0.0007,-0.0008,-0.0023,54.5
6.468,0.0037,0.003,-0.0046,-0.0015,54.6
6.469,0.0045,0.003,-0.0053,-0.0015,54.7
6.47,0.0052,0.0052,-0.0105,-0.0015,54.9
6.471,0.0052,0.0052,-0.0143,-0.003,55.0
6.472,0.0075,0.0067,-0.0128,-0.0046,55.1
6.473,0.009,0.0097,-0.0143,-0.003,55.2
6.474,0.0082,0.0105,-0.0181,-0.0038,55.3
6.475,0.0105,0.0112,-0.0181,-0.0053,55.5
6.476,0.0112,0.0105,-0.0195,-0.0053,55.6
6.477,0.0127,0.0082,-0.0218,-0.0046,55.7
6.478,0.0127,0.006,-0.021,-0.0046,55.8
6.479,0.012,0.0045,-0.0188,-0.006,55.9
6.48,0.0105,0.0015,-0.0181,-0.0083,56.1
6.481,0.0105,0.0022,-0.021,-0.0083,56.2
6.482,0.012,0.0015,-0.0218,-0.0075,56.2
6.483,0.009,0.0007,-0.021,-0.0075,56.3
6.484,0.0075,0.0007,-0.0218,-0.0083,56.3
6.485,0.006,0.0007,-0.021,-0.0105,56.4
6.486,0.0052,0.0007,-0.0233,-0.0128,56.5
6.487,0.006,0.0,-0.0256,-0.0098,56.6
6.488,0.0067,0.0015,-0.027,-0.0105,56.7
6.489,0.0075,0.003,-0.0293,-0.012,56.7
6.49,0.0052,0.003,-0.0263,-0.0105,56.8
6.491,0.0037,0.0022,-0.0233,-0.0105,56.9
6.492,0.0022,0.0,-0.0173,-0.0105,56.9
6.493,0.0007,0.0,-0.0158,-0.0091,57.0
6.494,0.0015,0.0007,-0.0181,-0.0075,57.1
6.495,0.003,0.0022,-0.0158,-0.0068,57.1
6.496,0.003,0.003,-0.015,-0.0053,57.2
6.497,0.0022,0.0015,-0.012,-0.003,57.3
6.498,0.0022,0.0007,-0.0091,-0.0023,57.4
6.499,0.0015,0.0015,-0.0083,-0.0015,57.4
6.5,0.0007,0.0007,-0.0105,-0.003,57.5
6.501,0.003,0.0015,-0.0143,-0.0015,57.6
6.502,0.0067,0.0037,-0.0143,-0.0015,57.6
6.503,0.0067,0.0052,-0.0165,-0.0053,57.6
6.504,0.0052,0.0052,-0.0135,-0.003,57.7
6.505,0.003,0.0045,-0.012,-0.003,57.7
6.506,-0.0015,0.0045,-0.0068,-0.0015,57.7
6.507,-0.0046,0.0015,-0.0038,-0.0008,57.8
6.508,-0.0038,0.0015,-0.006,-0.0015,57.8
6.509,0.0,-0.0008,-0.0053,-0.0008,57.9
6.51,0.0007,-0.0008,-0.0053,0.0,57.9
6.511,-0.0008,-0.0008,-0.0053,0.0007,58.0
6.512,-0.0015,-0.0008,-0.003,-0.0008,58.0
6.513,-0.003,-0.0008,0.0015,0.0007,58.0
6.514,-0.0046,-0.0008,0.003,0.0007,58.1
6.515,-0.0053,0.0007,0.0037,0.0007,58.1
6.516,-0.003,-0.0008,0.0037,0.0015,58.1
6.517,-0.0008,-0.0023,0.0052,0.0022,58.2
6.518,0.0007,-0.003,0.0082,0.003,58.2
6.519,0.0,-0.0038,0.0127,0.0015,58.3
6.52,-0.0053,-0.0038,0.015,0.0015,58.3
6.521,-0.003,-0.0053,0.012,0.0015,58.3
6.522,-0.0015,-0.0068,0.009,0.0007,58.3
6.523,-0.0008,-0.0075,0.0037,0.0007,58.2
6.524,-0.0015,-0.0083,0.0045,-0.0008,58.2
6.525,-0.003,-0.0068,0.0045,0.0007,58.1
6.526,0.0007,-0.006,0.0022,0.0022,58.1
6.527,-0.0008,-0.006,0.0037,0.0015,58.0
6.528,-0.0008,-0.0038,0.0037,0.0015,58.0
6.529,-0.0015,-0.0023,0.0052,0.0015,58.0
6.53,-0.003,-0.0008,0.003,0.0007,57.9
6.531,-0.0023,0.0015,0.0052,0.0007,57.9
6.532,-0.0015,0.0015,0.0067,0.0007,57.8
6.533,-0.0023,0.0022,0.0075,0.0015,57.8
6.534,-0.0038,0.0015,0.0105,-0.0008,57.7
6.535,-0.0046,0.0007,0.0075,-0.0015,57.7
6.536,-0.0023,0.0007,0.0045,-0.0008,57.6
6.537,0.0015,0.0015,0.0,-0.0008,57.6
6.538,0.0007,-0.0015,0.0045,0.0007,57.6
6.539,0.0015,-0.003,0.0045,0.0015,57.5
6.54,0.0015,-0.0015,0.0,0.0015,57.4
6.541,0.0007,-0.0015,0.003,0.0007,57.3
6.542,0.0022,0.0015,0.0015,0.0015,57.2
6.543,0.0015,0.0007,0.0052,0.0022,57.1
6.544,0.0,-0.0015,0.0075,0.0007,56.9
6.545,-0.0015,-0.0015,0.0142,0.0007,56.8
6.546,-0.0038,-0.0015,0.018,0.003,56.7
6.547,-0.0046,-0.0008,0.018,0.003,56.5
6.548,-0.0083,-0.0015,0.0202,0.0037,56.4
6.549,-0.0083,-0.0008,0.0232,0.0045,56.2
6.55,-0.0105,-0.003,0.024,0.0045,56.1
6.551,-0.012,-0.0038,0.0262,0.0052,56.0
6.552,-0.0105,-0.0023,0.0255,0.0045,55.8
6.553,-0.0075,-0.0046,0.0225,0.0045,55.7
6.554,-0.0053,-0.0038,0.0232,0.0052,55.6
6.555,-0.0046,-0.0053,0.0217,0.0045,55.4
6.556,-0.0068,-0.006,0.0217,0.0045,55.3
6.557,-0.0075,-0.006,0.0217,0.0045,55.2
6.558,-0.0046,-0.0053,0.0187,0.0037,55.0
6.559,-0.0068,-0.0046,0.0165,0.0037,54.9
6.56,-0.006,-0.0015,0.0127,0.0022,54.7
6.561,-0.0053,-0.0008,0.0105,0.0022,54.6
6.562,-0.003,-0.0015,0.0105,0.0022,54.4
6.563,0.0007,-0.0008,0.0082,-0.0008,54.2
6.564,-0.0015,0.0,0.003,-0.0015,54.0
6.565,-0.0008,0.0,0.003,-0.0008,53.8
6.566,0.0,0.0007,-0.0008,-0.0015,53.6
6.567,0.003,0.0015,-0.003,-0.003,53.4
6.568,0.0037,0.0015,-0.0015,-0.0023,53.2
6.569,0.0015,0.0,-0.0015,-0.0008,53.1
6.57,0.0007,0.0007,-0.006,-0.003,52.8
6.571,0.003,0.003,-0.0256,-0.0068,52.6
6.572,0.012,0.0067,-0.0458,-0.0113,52.5
6.573,0.0165,0.0105,-0.0533,-0.0113,52.3
6.574,0.0232,0.0097,-0.054,-0.0075,52.1
6.575,0.0217,0.0105,-0.0518,-0.0053,51.9
6.576,0.0187,0.0067,-0.0488,-0.0068,51.7
6.577,0.018,0.0067,-0.0458,-0.012,51.5
6.578,0.012,0.0067,-0.0368,-0.0173,51.3
6.579,0.009,0.003,-0.0233,-0.0195,51.1
6.58,0.0052,0.003,-0.0143,-0.0143,50.9
6.581,0.003,0.0,-0.0068,-0.0038,50.7
6.582,-0.0023,-0.0015,-0.0008,0.0015,50.4
6.583,-0.0046,-0.0015,0.003,0.006,50.2
6.584,-0.0046,-0.0038,0.0105,0.0135,49.9
6.585,-0.006,-0.0068,0.0157,0.0105,49.7
6.586,-0.003,-0.0068,0.0142,0.0075,49.5
6.587,-0.0053,-0.0068,0.015,0.0142,49.2
6.588,-0.0053,-0.0083,0.0127,0.0127,49.0
6.589,-0.0038,-0.0068,0.0112,0.003,48.7
6.59,-0.0038,-0.0053,0.0127,0.0007,48.5
6.591,-0.0023,-0.003,0.0135,0.0007,48.3
6.592,-0.0046,-0.0023,0.0142,0.0,48.0
6.593,-0.0053,-0.0008,0.0157,-0.0008,47.8
6.594,-0.006,-0.0015,0.018,0.0007,47.5
6.595,-0.0083,-0.0015,0.0195,0.0082,47.3
6.596,-0.0075,-0.0008,0.0165,0.0157,47.1
6.597,-0.006,-0.0015,0.0142,0.0142,46.8
6.598,-0.006,-0.0015,0.0127,0.0082,46.6
6.599,-0.0038,-0.0008,0.0067,0.0,46.3
6.6,-0.003,0.0007,0.0037,-0.0075,46.0
6.601,-0.0015,-0.0008,0.003,-0.0068,45.8
6.602,-0.0008,-0.0015,0.0015,-0.0053,45.5
6.603,0.0007,0.0007,-0.003,-0.0038,45.2
6.604,0.003,0.0015,-0.0128,0.003,44.9
6.605,0.009,0.0045,-0.0218,0.006,44.6
6.606,0.0127,0.006,-0.0293,0.0165,44.4
6.607,0.015,0.0082,-0.0361,0.027,44.1
6.608,0.018,0.0082,-0.0436,0.018,43.8
6.609,0.021,0.0052,-0.0495,-0.0113,43.5
6.61,0.021,0.006,-0.045,-0.0308,43.2
6.611,0.0172,0.0052,-0.0443,-0.039,42.9
6.612,0.018,0.006,-0.0503,-0.0495,42.6
6.613,0.0157,0.0082,-0.045,-0.0503,42.3
6.614,0.012,0.006,-0.0346,-0.0511,42.0
6.615,0.0067,0.003,-0.0218,-0.0503,41.8
6.616,-0.0015,0.0,0.0045,-0.0465,41.5
6.617,-0.0091,-0.0068,0.033,-0.0368,41.2
6.618,-0.0203,-0.0113,0.0652,-0.0248,40.9
6.619,-0.0315,-0.0143,0.0952,-0.0128,40.6
6.62,-0.0383,-0.0165,0.0982,0.0052,40.3
6.621,-0.0368,-0.0158,0.0975,0.0165,40.0
6.622,-0.0383,-0.0203,0.1147,0.0217,39.7
6.623,-0.0428,-0.0233,0.1215,0.0187,39.4
6.624,-0.0458,-0.0225,0.1327,0.0195,39.1
6.625,-0.0495,-0.0256,0.144,0.0285,38.8
6.626,-0.0495,-0.0233,0.1335,0.024,38.5
6.627,-0.0428,-0.0203,0.1147,0.0232,38.2
6.628,-0.03,-0.0165,0.0787,0.0247,37.8
6.629,-0.0143,-0.0143,0.054,0.0255,37.5
6.63,-0.0083,-0.0181,0.0517,0.036,37.2
6.631,-0.0083,-0.0188,0.0472,0.0457,36.9
6.632,-0.0053,-0.0158,0.0307,0.0405,36.6
6.633,0.0007,-0.0135,0.0045,0.0255,36.3
6.634,0.0105,-0.0023,-0.027,0.0105,36.0
6.635,0.024,0.018,-0.0668,0.0022,35.7
6.636,0.0352,0.0375,-0.0968,0.0007,35.4
6.637,0.0457,0.0382,-0.12,-0.0083,35.1
6.638,0.0517,0.0292,-0.126,-0.0143,34.8
6.639,0.048,0.024,-0.117,-0.0225,34.5
6.64,0.0427,0.021,-0.1208,-0.0285,34.1
6.641,0.0405,0.021,-0.1193,-0.024,33.8
6.642,0.0367,0.0232,-0.1133,-0.0203,33.5
6.643,0.0337,0.0225,-0.1021,-0.0091,33.2
6.644,0.027,0.0217,-0.0975,0.0,32.8
6.645,0.0217,0.0195,-0.0938,0.0,32.5
6.646,0.0202,0.0157,-0.0818,-0.0128,32.2
6.647,0.0187,0.0157,-0.0773,-0.0203,31.9
6.648,0.021,0.012,-0.0675,-0.0015,31.5
6.649,0.0195,0.0112,-0.0608,0.0112,31.2
6.65,0.0217,0.0097,-0.054,0.0165,30.9
6.651,0.0232,0.0067,-0.045,0.021,30.6
6.652,0.021,0.003,-0.0436,0.0075,30.2
6.653,0.018,0.0045,-0.0405,-0.0173,29.9
6.654,0.012,0.0105,-0.0383,-0.0278,29.6
6.655,0.0097,0.009,-0.0361,-0.0135,29.2
6.656,0.009,0.0067,-0.0315,0.0105,28.9
6.657,0.0075,0.0052,-0.0278,0.0405,28.6
6.658,0.006,0.003,-0.027,0.0712,28.3
6.659,0.0067,-0.003,-0.021,0.0832,27.9
6.66,0.006,-0.0158,-0.0068,0.0555,27.6
6.661,0.0015,-0.0218,0.012,0.0157,27.3
6.662,0.0007,-0.0165,0.0232,-0.0023,27.0
6.663,-0.0023,-0.0135,0.0277,-0.0158,26.6
6.664,-0.0046,-0.0105,0.03,-0.0181,26.3
6.665,-0.0091,-0.0091,0.0255,-0.0218,26.0
6.666,-0.0158,-0.0105,0.0232,-0.03,25.6
6.667,-0.0165,-0.0083,0.0187,-0.0308,25.3
6.668,-0.0165,-0.003,0.0142,-0.0346,25.0
6.669,-0.0135,0.0007,0.006,-0.0293,24.6
6.67,-0.0105,0.0045,0.0007,-0.0248,24.3
6.671,-0.0128,0.006,0.0097,-0.021,24.0
6.672,-0.015,0.0045,0.0142,-0.021,23.6
6.673,-0.0158,0.003,0.0165,-0.0518,23.3
6.674,-0.0181,0.0037,0.0195,-0.0706,22.9
6.675,-0.0181,0.003,0.0157,-0.0518,22.6
6.676,-0.0135,0.0007,0.009,-0.0308,22.3
6.677,-0.0091,-0.003,0.0075,-0.0015,22.0
6.678,-0.006,-0.0053,0.0142,0.0262,21.6
6.679,-0.0038,-0.0023,0.0112,0.0525,21.3
6.68,-0.0008,-0.0023,0.0105,0.069,20.9
6.681,-0.0015,-0.006,0.0127,0.0465,20.7
6.682,-0.0023,-0.0091,0.0157,0.0165,20.3
6.683,-0.0023,-0.0158,0.0277,0.0052,20.0
6.684,-0.0023,-0.0195,0.0345,-0.003,19.6
6.685,-0.0023,-0.0143,0.0382,-0.0128,19.3
6.686,-0.0046,-0.0098,0.0382,-0.0195,19.0
6.687,-0.0075,-0.0046,0.0337,-0.0173,18.6
6.688,-0.0091,0.0,0.03,-0.0091,18.3
6.689,-0.0046,0.0045,0.0232,-0.0046,18.0
6.69,-0.003,0.009,0.0262,0.0052,17.6
6.691,-0.0046,0.0075,0.033,0.0142,17.3
6.692,-0.0075,0.0052,0.0315,0.0045,17.0
6.693,-0.0105,0.0015,0.0307,-0.0158,16.6
6.694,-0.012,0.0015,0.0322,-0.027,16.3
6.695,-0.0105,0.0052,0.021,-0.0256,16.0
6.696,-0.006,0.0037,0.0052,-0.0218,15.7
6.697,-0.006,0.003,0.0067,-0.0143,15.3
6.698,-0.003,0.0015,0.0217,0.0037,15.0
6.699,-0.0008,-0.0038,0.0367,0.0172,14.6
6.7,-0.0038,-0.0083,0.048,0.021,14.3
6.701,-0.0046,-0.0038,0.0427,0.0405,14.0
6.702,-0.0015,-0.0015,0.0285,0.057,13.8
6.703,-0.003,-0.0083,0.033,0.0585,13.5
6.704,-0.0091,-0.012,0.0322,0.0607,13.3
6.705,-0.0046,-0.0091,0.0217,0.0435,13.0
6.706,0.0,-0.0098,0.0142,0.0112,12.7
6.707,0.0015,-0.0083,0.003,-0.0091,12.5
6.708,0.0015,-0.003,-0.0068,-0.015,12.2
6.709,0.0015,-0.0008,-0.0165,-0.0128,12.0
6.71,0.0,-0.0023,-0.0165,-0.0143,11.7
6.711,-0.0015,-0.006,-0.0143,-0.0105,11.4
6.712,0.0,-0.0075,-0.0105,-0.0046,11.2
6.713,0.0037,-0.0053,-0.0203,-0.0083,10.9
6.714,0.009,-0.0008,-0.0248,-0.0165,10.7
6.715,0.0052,0.0,-0.0195,-0.024,10.4
6.716,0.0007,0.003,-0.021,-0.024,10.1
6.717,0.0007,0.0015,-0.0165,-0.024,9.9
6.718,0.0022,-0.0008,-0.0188,-0.0256,9.6
6.719,0.0037,0.0,-0.0128,-0.0105,9.4
6.72,0.0037,-0.0015,-0.0091,0.006,9.0
6.721,0.0052,-0.0015,-0.006,0.0165,9.0
6.722,0.0037,-0.0008,-0.0068,0.024,8.8
6.723,0.003,0.0052,-0.0113,0.0315,8.7
6.724,0.0052,0.0052,-0.0075,0.0345,8.5
6.725,0.003,-0.0008,-0.0023,0.0225,8.4
6.726,-0.0008,-0.0038,0.0,0.0127,8.2
6.727,0.0045,-0.0053,-0.0128,0.0045,8.1
6.728,0.012,-0.0038,-0.03,-0.0023,8.0
6.729,0.0195,-0.0068,-0.0308,-0.0038,7.8
6.73,0.018,-0.0105,-0.0158,-0.0053,7.6
6.731,0.0157,-0.0068,-0.0015,-0.0068,7.5
6.732,0.0165,0.0135,-0.0015,-0.0038,7.4
6.733,0.0135,0.036,-0.006,0.0,7.2
6.734,0.0082,0.0367,-0.0038,-0.0008,7.1
6.735,0.0015,0.0225,0.015,-0.0015,7.0
6.736,-0.006,0.0165,0.0292,-0.003,6.8
6.737,-0.003,0.0127,0.024,-0.0046,6.7
6.738,-0.0023,0.0067,0.0277,-0.0015,6.5
6.739,-0.0105,0.0037,0.0292,-0.0038,6.4
6.74,-0.0135,0.0007,0.021,-0.0015,6.2
6.741,-0.0165,-0.0046,0.015,-0.0015,6.2
6.742,-0.0195,-0.0105,0.009,-0.0068,6.2
6.743,-0.0203,-0.0143,0.0142,-0.0098,6.1
6.744,-0.0203,-0.0158,0.0105,-0.0128,6.1
6.745,-0.0188,-0.0158,0.0082,-0.0135,6.0
6.746,-0.0195,-0.0181,0.0097,-0.0195,5.9
6.747,-0.0173,-0.0181,0.009,-0.0308,5.9
6.748,-0.0203,-0.0135,0.006,-0.039,5.8
6.749,-0.0165,-0.0105,0.0007,-0.0233,5.8
6.75,-0.0091,-0.0091,-0.0023,0.0015,5.8
6.751,-0.0053,-0.012,-0.0053,0.0232,5.7
6.752,0.0045,-0.0158,-0.0068,0.0502,5.7
6.753,0.006,-0.0195,-0.0113,0.0615,5.6
6.754,0.009,-0.0233,-0.0158,0.0532,5.6
6.755,0.0127,-0.0195,-0.0143,0.033,5.5
6.756,0.0142,-0.0075,-0.0015,0.0142,5.4
6.757,0.0195,0.0067,0.0052,0.0105,5.4
6.758,0.027,0.0217,-0.0015,0.0015,5.3
6.759,0.0345,0.039,-0.0143,-0.0135,5.3
6.76,0.0322,0.0465,-0.027,-0.0225,5.2
6.761,0.0255,0.0495,-0.024,-0.0233,5.2
6.762,0.015,0.0345,-0.024,-0.0203,5.2
6.763,0.0015,0.0187,-0.0233,-0.012,5.2
6.764,-0.006,0.0052,-0.0105,-0.0091,5.2
6.765,-0.0091,-0.0091,-0.0083,-0.0098,5.1
6.766,-0.0015,-0.0128,-0.012,-0.0113,5.1
6.767,0.0067,-0.0195,-0.0218,-0.0158,5.1
6.768,0.0097,-0.024,-0.0278,-0.0181,5.1
6.769,0.0157,-0.027,-0.0128,-0.021,5.0
6.77,0.0195,-0.0233,0.018,-0.0233,5.0
6.771,0.0105,-0.0128,0.0555,-0.024,5.0
6.772,-0.0113,-0.012,0.0817,-0.0248,4.9
6.773,-0.0285,-0.0113,0.0892,-0.015,4.9
6.774,-0.0368,0.0052,0.0765,0.0,4.9
6.775,-0.0368,0.03,0.0607,0.0195,4.9
6.776,-0.0308,0.0412,0.0562,0.0345,4.9
6.777,-0.0293,0.0292,0.0382,0.0322,4.9
6.778,-0.0218,0.0052,0.024,0.0202,4.8
6.779,-0.0218,-0.012,0.012,0.0045,4.8
6.78,-0.0225,-0.0128,-0.0038,-0.0105,4.7
6.781,-0.024,-0.0083,-0.003,-0.0158,4.8
6.782,-0.0346,-0.0015,-0.0181,-0.0203,4.8
6.783,-0.0315,0.003,-0.027,-0.0225,4.9
6.784,-0.027,0.0037,-0.0135,-0.0218,4.9
6.785,-0.0128,0.0015,-0.006,-0.0218,5.0
6.786,0.0075,-0.0053,-0.0181,-0.012,5.0
6.787,0.0255,-0.0068,-0.0188,0.0045,5.1
6.788,0.039,-0.0098,-0.0225,0.0165,5.2
6.789,0.0502,-0.0128,-0.0308,0.0352,5.2
6.79,0.0652,-0.0225,-0.024,0.042,5.3
6.791,0.069,-0.0443,-0.0278,0.0307,5.3
6.792,0.057,-0.0488,-0.0195,0.0142,5.3
6.793,0.0382,-0.0346,-0.0068,-0.0008,5.4
6.794,0.012,-0.0165,-0.0128,-0.0158,5.5
6.795,-0.006,0.0052,-0.012,-0.0248,5.5
6.796,-0.006,0.0165,0.0015,-0.033,5.6
6.797,-0.0173,0.0127,-0.0113,-0.048,5.6
6.798,-0.0285,0.0135,-0.0218,-0.0398,5.7
6.799,-0.0263,0.024,-0.027,-0.0195,5.8
6.8,-0.0143,0.0292,-0.0495,-0.0083,5.8
6.801,0.0015,0.027,-0.0518,0.018,5.9
6.802,0.0165,0.0262,-0.0488,0.0487,6.0
6.803,0.0345,0.0195,-0.0368,0.0532,6.2
6.804,0.0472,0.0082,-0.0293,0.0367,6.3
6.805,0.048,-0.003,-0.0263,0.0015,6.4
6.806,0.0465,-0.0135,-0.012,-0.024,6.5
6.807,0.0442,-0.0135,0.0052,-0.0293,6.6
6.808,0.0375,-0.0098,0.003,-0.0278,6.7
6.809,0.015,-0.0053,-0.012,-0.0158,6.8
6.81,-0.0046,-0.0015,-0.012,0.003,7.0
6.811,-0.0105,-0.0075,-0.0128,0.0135,7.1
6.812,-0.0218,-0.012,-0.0091,0.012,7.2
6.813,-0.0383,-0.0105,-0.0075,0.012,7.3
6.814,-0.0578,-0.006,-0.0165,0.0067,7.4
6.815,-0.0721,-0.0008,-0.0181,-0.003,7.6
6.816,-0.0668,0.0105,-0.0128,-0.0091,7.7
6.817,-0.0503,0.0315,-0.0053,-0.0188,7.8
6.818,-0.0278,0.0352,0.0067,-0.0203,7.9
6.819,-0.0053,0.018,0.0195,-0.0135,8.0
6.82,0.0127,0.009,0.0255,-0.0068,8.1
6.821,0.0232,0.0045,0.0292,0.0105,8.2
6.822,0.0232,0.0037,0.0307,0.024,8.2
6.823,0.0202,0.0082,0.027,0.027,8.3
6.824,0.0157,0.009,0.027,0.024,8.3
6.825,0.0172,0.009,0.0352,0.0172,8.4
6.826,0.0262,0.003,0.0375,0.0082,8.4
6.827,0.0337,-0.0008,0.024,-0.0083,8.5
6.828,0.0277,-0.0015,0.0067,-0.0256,8.5
6.829,0.0135,-0.003,-0.003,-0.0315,8.5
6.83,-0.0023,0.0007,-0.012,-0.027,8.6
6.831,-0.0135,0.0007,-0.0158,-0.0105,8.6
6.832,-0.0285,-0.003,-0.0008,0.012,8.7
6.833,-0.0375,-0.006,0.0232,0.0292,8.7
6.834,-0.0285,-0.0113,0.0397,0.0315,8.8
6.835,-0.03,-0.0165,0.0517,0.0202,8.8
6.836,-0.0308,-0.0091,0.0562,0.012,8.9
6.837,-0.0278,-0.0046,0.0517,0.009,8.9
6.838,-0.0203,-0.0053,0.039,0.0067,9.0
6.839,0.0015,-0.0053,0.027,0.0007,9.0
6.84,0.0135,-0.0083,0.024,-0.0046,9.0
6.841,0.0127,-0.0046,0.0277,-0.0105,9.0
6.842,0.015,-0.003,0.0337,-0.0308,9.0
6.843,0.0195,-0.0046,0.0382,-0.0383,9.0
6.844,0.0165,-0.0046,0.0277,-0.0203,9.0
6.845,0.0067,-0.0091,0.0067,-0.0173,9.0
6.846,0.0105,-0.0053,-0.0105,-0.012,9.0
6.847,0.0127,-0.003,-0.0233,0.0247,9.0
6.848,0.0142,-0.0038,-0.0256,0.057,9.0
6.849,0.0157,-0.0091,-0.0248,0.0532,8.9
6.85,0.0075,-0.0158,-0.0218,0.0382,8.9
6.851,0.006,-0.0158,-0.012,0.0232,8.9
6.852,0.009,-0.0173,-0.0015,0.0022,8.9
6.853,0.0052,-0.0113,0.0,-0.0091,8.9
6.854,-0.0008,-0.0053,-0.0083,-0.0165,8.8
6.855,-0.0083,-0.0053,-0.0113,-0.0188,8.8
6.856,-0.0098,-0.0068,-0.0181,-0.0233,8.8
6.857,-0.0008,-0.006,-0.0346,-0.027,8.8
6.858,0.003,-0.0015,-0.039,-0.021,8.8
6.859,0.0007,-0.0053,-0.0293,-0.0128,8.7
6.86,-0.0015,-0.0098,-0.0203,-0.0053,8.7
6.861,-0.0068,-0.015,-0.012,0.0007,8.7
6.862,-0.012,-0.0181,-0.0046,0.0067,8.8
6.863,-0.0158,-0.0113,-0.003,0.0052,8.8
6.864,-0.0158,0.0052,-0.0008,0.0067,8.8
6.865,-0.0225,0.0232,0.0,0.009,8.9
6.866,-0.0443,0.0255,0.009,0.0082,8.9
6.867,-0.0698,0.0315,0.0202,0.009,9.0
6.868,-0.075,0.0495,0.027,0.0112,9.0
6.869,-0.0623,0.066,0.0255,0.0195,9.0
6.87,-0.0578,0.0585,0.015,0.0157,9.0
6.871,-0.0428,0.027,0.0127,-0.0083,9.1
6.872,-0.0143,0.0067,0.0127,-0.0285,9.1
6.873,-0.0023,-0.0015,0.0127,-0.027,9.1
6.874,0.0217,-0.0015,0.0045,-0.012,9.2
6.875,0.0405,-0.0083,-0.0038,-0.0113,9.2
6.876,0.0502,-0.0188,-0.0091,-0.0068,9.3
6.877,0.063,-0.0165,-0.0113,0.0045,9.3
6.878,0.0727,-0.0143,-0.0181,0.0127,9.3
6.879,0.045,-0.0068,-0.0338,0.0202,9.4
6.88,-0.0158,0.0007,-0.0278,0.0255,9.4
6.881,-0.0443,-0.0046,-0.0225,0.033,9.5
6.882,-0.033,-0.0143,-0.003,0.0217,9.6
6.883,-0.0053,-0.0225,0.021,0.0045,9.7
6.884,0.0345,-0.0195,0.006,-0.0023,9.8
6.885,0.0615,-0.0113,0.003,-0.0046,9.9
6.886,0.072,-0.0023,-0.0053,-0.003,10.0
6.887,0.09,0.0052,-0.0233,0.0007,10.1
6.888,0.0952,0.0052,-0.0233,0.0045,10.2
6.889,0.1042,-0.003,-0.0263,0.0037,10.3
6.89,0.1005,-0.0195,-0.0248,-0.003,10.4
6.891,0.063,-0.0263,-0.0181,-0.012,10.5
6.892,0.039,-0.0188,-0.0091,-0.0188,10.6
6.893,0.0015,-0.0135,-0.012,-0.0203,10.7
6.894,-0.048,-0.0046,-0.0293,-0.0181,10.8
6.895,-0.0735,0.006,-0.0353,-0.012,10.9
6.896,-0.0953,0.0097,-0.033,-0.0091,11.0
6.897,-0.105,0.0105,-0.0346,-0.006,11.1
6.898,-0.0856,0.0082,-0.024,-0.0046,11.2
6.899,-0.0555,0.0082,-0.015,-0.0038,11.3
6.9,-0.0225,0.0105,-0.0158,-0.0038,11.4
6.901,0.0007,0.0127,-0.0158,-0.0038,11.4
6.902,0.0195,0.0097,-0.0181,-0.0053,11.4
6.903,0.0412,0.0052,-0.0218,-0.0068,11.4
6.904,0.0532,0.0052,-0.0181,-0.0053,11.5
6.905,0.051,0.0097,-0.0053,-0.0046,11.5
6.906,0.0337,0.0127,0.0015,-0.003,11.5
6.907,0.0202,0.0067,-0.0008,-0.0098,11.5
6.908,0.0127,0.0022,0.0015,-0.0181,11.6
6.909,0.0105,0.0037,0.009,-0.0181,11.6
6.91,-0.012,0.0045,0.0127,-0.0128,11.6
6.911,-0.0346,0.003,0.0082,-0.0053,11.6
6.912,-0.0361,-0.003,0.003,0.0045,11.6
6.913,-0.039,-0.0008,0.0052,0.0127,11.7
6.914,-0.0323,0.003,0.0052,0.0112,11.7
6.915,-0.0361,0.003,-0.0023,0.0127,11.7
6.916,-0.0368,0.0015,-0.0091,0.0157,11.7
6.917,-0.0315,-0.0008,-0.012,0.0112,11.7
6.918,-0.0315,-0.003,-0.012,0.0052,11.7
6.919,-0.0203,-0.003,-0.0105,-0.0008,11.8
6.92,-0.0105,-0.003,-0.003,-0.0038,11.8
6.921,-0.0053,0.0,0.0052,0.003,11.8
6.922,-0.006,0.003,0.009,0.0142,11.7
6.923,-0.0046,0.0007,0.009,0.0157,11.7
6.924,0.009,0.0007,0.0127,0.0052,11.6
6.925,0.0195,-0.003,0.0165,-0.0053,11.6
6.926,0.03,-0.0053,0.0255,-0.0075,11.5
6.927,0.042,-0.0008,0.0307,-0.0023,11.5
6.928,0.0352,-0.0008,0.0307,0.0045,11.4
6.929,0.0165,-0.0038,0.0255,0.0037,11.3
6.93,0.021,0.0,0.0082,0.0015,11.3
6.931,0.0322,0.0022,-0.0158,-0.006,11.2
6.932,0.0487,-0.0023,-0.0203,-0.0135,11.2
6.933,0.0517,-0.0038,0.015,-0.0053,11.1
6.934,0.036,-0.0046,0.036,-0.0008,11.1
6.935,0.0315,-0.0046,0.0315,0.0015,11.0
6.936,0.0202,-0.0046,0.0277,0.0097,11.0
6.937,0.006,-0.0105,0.0217,0.012,10.9
6.938,-0.0091,-0.0128,0.0202,0.0105,10.8
6.939,-0.0091,-0.006,0.024,0.0052,10.8
6.94,-0.0046,-0.0008,0.0292,0.0007,10.7
6.941,-0.0165,0.0007,0.012,-0.0008,10.7
6.942,-0.0263,0.0022,0.0037,-0.0008,10.6
6.943,-0.0413,0.0007,0.0067,0.0,10.6
6.944,-0.0511,-0.0008,0.0015,0.0,10.5
6.945,-0.048,0.0015,0.0045,0.0,10.4
6.946,-0.0361,0.0007,0.0127,0.0007,10.3
6.947,-0.0315,-0.0008,0.0255,-0.0008,10.3
6.948,-0.033,-0.0015,0.0277,-0.0008,10.2
6.949,-0.0368,-0.0038,0.0232,0.0007,10.2
6.95,-0.0368,-0.0068,0.015,0.0007,10.1
6.951,-0.0383,-0.0083,0.0045,-0.0008,10.0
6.952,-0.0375,-0.0038,-0.0015,0.0015,10.0
6.953,-0.0015,-0.0008,-0.003,0.0022,9.9
6.954,0.039,0.0007,0.0007,0.0045,9.9
6.955,0.0547,0.0015,0.0082,0.003,9.8
6.956,0.0502,-0.0008,0.0262,0.0007,9.7
6.957,0.039,-0.003,0.036,-0.0015,9.6
6.958,0.036,0.0007,0.0277,-0.0015,9.6
6.959,0.0412,0.0045,0.0157,-0.0023,9.5
6.96,0.0517,0.0052,0.0015,-0.0053,9.4
6.961,0.0495,0.0075,-0.0128,-0.0083,9.4
6.962,0.0345,0.0037,-0.012,-0.0143,9.4
6.963,0.0075,-0.0053,-0.0083,-0.0248,9.4
6.964,-0.0278,-0.0105,-0.0023,-0.0383,9.5
6.965,-0.0645,-0.0128,0.0037,-0.0383,9.5
6.966,-0.0863,-0.0053,-0.0015,-0.0195,9.5
6.967,-0.078,-0.0008,-0.0038,0.0022,9.6
6.968,-0.0525,-0.0015,-0.0083,0.0255,9.6
6.969,-0.0293,-0.0038,-0.0181,0.0367,9.6
6.97,-0.0113,-0.006,-0.027,0.03,9.6
6.971,-0.0008,-0.0046,-0.027,0.0127,9.7
6.972,-0.0008,-0.003,-0.027,0.0007,9.7
6.973,0.0045,-0.0015,-0.024,-0.003,9.7
6.974,0.0067,0.0007,-0.0128,-0.0075,9.7
6.975,0.0045,0.0015,-0.012,-0.0068,9.8
6.976,0.0045,0.003,-0.015,-0.0053,9.8
6.977,0.0007,0.0037,-0.012,-0.0046,9.8
6.978,0.0015,0.0037,-0.0105,-0.003,9.8
6.979,-0.0008,0.0045,-0.0046,-0.0038,9.8
6.98,0.0015,0.0045,-0.003,-0.0053,9.9
6.981,0.0037,0.0007,-0.0046,-0.006,9.9
6.982,0.0112,0.0015,0.0022,-0.003,9.9
6.983,0.0217,0.0045,0.0022,-0.003,10.0
6.984,0.0217,0.0067,0.0052,-0.0008,10.0
6.985,0.0165,0.003,0.0127,-0.0015,10.0
6.986,0.0022,-0.0008,0.0165,-0.0038,10.1
6.987,-0.0105,-0.0015,0.0202,-0.003,10.1
6.988,-0.0165,-0.003,0.0255,-0.003,10.2
6.989,-0.024,-0.0008,0.0307,-0.003,10.2
6.99,-0.0293,-0.0008,0.027,-0.0053,10.3
6.991,-0.0195,-0.003,0.0105,-0.0046,10.3
6.992,-0.0015,0.0007,-0.0128,-0.0015,10.3
6.993,0.015,0.0007,-0.0181,-0.0046,10.3
6.994,0.0285,-0.003,-0.0098,-0.0015,10.4
6.995,0.0375,0.0,-0.0098,0.003,10.4
6.996,0.0495,0.0015,-0.0113,0.0037,10.5
6.997,0.0585,0.0037,-0.0173,0.0045,10.5
6.998,0.0667,0.0067,-0.024,0.003,10.5
6.999,0.0607,0.0067,-0.0188,-0.0008,10.6
7.0,0.0495,0.0015,-0.003,-0.0091,10.6
7.001,0.021,-0.0083,0.012,-0.0105,10.6
7.002,-0.003,-0.0053,0.0082,-0.0046,10.6
7.003,-0.003,0.0015,-0.0068,0.0007,10.6
7.004,-0.012,0.0037,-0.0225,0.0007,10.6
7.005,-0.0173,0.0045,-0.0233,0.003,10.6
7.006,-0.0248,0.0052,-0.0233,0.003,10.6
7.007,-0.0346,0.0037,-0.0338,0.0022,10.6
7.008,-0.0353,0.0015,-0.0353,0.0015,10.6
7.009,-0.045,0.0022,-0.0338,0.0,10.6
7.01,-0.045,0.0015,-0.0285,0.0007,10.6
7.011,-0.039,0.0007,-0.0203,0.0022,10.6
7.012,-0.0346,0.0022,-0.0158,0.0022,10.6
7.013,-0.0285,0.0045,-0.0203,0.0037,10.6
7.014,-0.0105,0.0045,-0.0181,0.0045,10.6
7.015,0.0142,0.0037,-0.0053,0.0037,10.6
7.016,0.0345,0.003,-0.012,0.0037,10.6
7.017,0.0405,0.0022,-0.0135,0.003,10.6
7.018,0.0165,0.003,-0.0135,0.0052,10.6
7.019,0.0142,0.006,-0.021,0.006,10.6
7.02,0.039,0.0082,-0.0248,0.0045,10.6
7.021,0.0607,0.003,-0.0248,0.0015,10.6
7.022,0.072,-0.0046,-0.0181,-0.0015,10.6
7.023,0.0615,-0.0105,-0.0113,-0.0015,10.6
7.024,0.0427,-0.0083,-0.0046,0.0,10.6
7.025,0.0232,-0.0023,-0.0046,0.003,10.5
7.026,0.0285,0.0022,-0.0038,0.0052,10.5
7.027,0.0487,0.0037,-0.0046,0.003,10.5
7.028,0.048,-0.003,0.0045,0.003,10.5
7.029,0.0232,-0.0083,0.0225,0.0007,10.5
7.03,-0.0068,-0.0075,0.0172,-0.0038,10.4
7.031,-0.0315,-0.0046,0.015,-0.0023,10.4
7.032,-0.0518,-0.0053,0.0165,0.0,10.4
7.033,-0.057,-0.0046,0.0022,0.0015,10.4
7.034,-0.0368,0.0007,-0.0083,-0.0008,10.4
7.035,-0.027,0.0052,-0.0195,-0.0008,10.4
7.036,-0.0135,0.0112,-0.0256,-0.0008,10.3
7.037,0.012,0.012,-0.0308,-0.0053,10.3
7.038,0.0105,0.009,-0.0361,-0.0091,10.3
7.039,0.0067,0.0052,-0.033,-0.0113,10.3
7.04,0.003,0.0067,-0.0353,-0.0091,10.3
7.041,-0.0023,0.0097,-0.0428,-0.0083,10.3
7.042,0.0015,0.0097,-0.0495,-0.0091,10.3
7.043,-0.0008,0.0105,-0.0578,-0.0091,10.3
7.044,-0.0023,0.0105,-0.0563,-0.0075,10.3
7.045,-0.0015,0.0097,-0.0473,-0.0053,10.3
7.046,-0.0038,0.009,-0.0405,-0.003,10.3
7.047,-0.0091,0.0052,-0.0338,0.0007,10.3
7.048,-0.0143,0.003,-0.0278,0.0015,10.3
7.049,-0.0135,0.0007,-0.0203,0.0007,10.3
7.05,-0.0135,0.0007,-0.0083,0.0,10.3
7.051,-0.0195,0.0015,-0.0038,-0.003,10.3
7.052,-0.039,0.0007,-0.0105,-0.0008,10.3
7.053,-0.048,-0.0015,-0.0098,-0.0008,10.3
7.054,-0.0368,-0.0015,-0.0158,0.0007,10.3
7.055,-0.012,-0.0008,-0.0195,0.0045,10.3
7.056,0.027,-0.0008,-0.0203,0.0052,10.3
7.057,0.0495,0.0015,-0.0203,0.0052,10.3
7.058,0.054,0.0015,-0.0083,0.003,10.3
7.059,0.054,0.0007,0.0007,-0.0015,10.3
7.06,0.0472,0.0037,0.0045,-0.003,10.2
7.061,0.0382,0.0075,0.0097,-0.0008,10.2
7.062,0.0315,0.0052,0.0202,-0.0008,10.2
7.063,0.039,-0.0008,0.0292,-0.0038,10.2
7.064,0.03,-0.003,0.0307,-0.0038,10.1
7.065,-0.0015,-0.0075,0.0307,-0.0046,10.1
7.066,-0.0398,-0.012,0.0307,-0.006,10.0
7.067,-0.0623,-0.012,0.033,-0.0046,10.0
7.068,-0.048,-0.0091,0.0345,0.0007,10.0
7.069,-0.0353,-0.0046,0.0285,0.003,9.9
7.07,-0.0225,-0.006,0.0262,0.003,9.9
7.071,-0.0091,-0.0075,0.0247,0.0052,9.9
7.072,-0.003,-0.0083,0.0157,0.003,9.9
7.073,-0.0008,-0.0068,0.0105,0.0022,9.8
7.074,-0.0091,-0.0053,0.0067,0.0022,9.8
7.075,-0.0158,-0.0046,0.003,0.0022,9.8
7.076,-0.0188,-0.0046,0.0045,0.003,9.7
7.077,-0.0195,-0.0091,0.0037,0.0022,9.7
7.078,-0.0173,-0.012,0.0105,0.003,9.7
7.079,-0.0195,-0.0083,0.0217,0.0052,9.6
7.08,-0.015,-0.0068,0.0277,0.0045,9.5
7.081,-0.0075,-0.0068,0.027,0.0037,9.5
7.082,-0.0053,-0.0046,0.027,0.0045,9.5
7.083,-0.0023,-0.0053,0.0262,0.003,9.5
7.084,0.0007,-0.0046,0.0292,0.003,9.5
7.085,0.0015,-0.003,0.0322,0.003,9.4
7.086,0.0015,-0.0023,0.0292,0.0015,9.4
7.087,-0.003,-0.003,0.033,0.003,9.4
7.088,-0.0008,-0.003,0.0322,0.0015,9.4
7.089,-0.0008,-0.0008,0.0255,0.0022,9.4
7.09,-0.003,-0.0008,0.0247,0.0045,9.3
7.091,-0.0083,-0.0015,0.0202,0.003,9.3
7.092,-0.0165,-0.0023,0.0172,0.0007,9.3
7.093,-0.015,-0.003,0.015,-0.0008,9.3
7.094,-0.0158,-0.0015,0.012,-0.0015,9.2
7.095,-0.0158,0.0007,0.012,-0.0008,9.2
7.096,-0.0113,0.0,0.0127,0.0015,9.2
7.097,-0.0091,-0.003,0.0142,-0.0008,9.2
7.098,-0.0008,-0.003,0.0157,-0.0008,9.1
7.099,0.0052,-0.0023,0.0202,0.0015,9.1
7.1,0.012,-0.0008,0.0217,0.0,9.0
7.101,0.0172,-0.0008,0.0202,0.0007,9.0
7.102,0.0157,-0.0008,0.0217,0.0007,9.0
7.103,0.0105,-0.0008,0.0225,-0.0008,9.0
7.104,0.0,-0.0046,0.0277,0.0,9.0
7.105,-0.0053,-0.006,0.039,0.0015,9.0
7.106,-0.0046,-0.0038,0.0517,0.0015,9.0
7.107,-0.0008,-0.0053,0.0472,0.0007,8.9
7.108,-0.0023,-0.0053,0.0405,0.0022,8.9
7.109,-0.003,-0.0046,0.0375,0.003,8.9
7.11,0.0007,-0.006,0.0345,0.0037,8.8
7.111,-0.0008,-0.0068,0.0427,0.0067,8.8
7.112,-0.0023,-0.0091,0.0435,0.009,8.8
7.113,-0.0075,-0.0098,0.045,0.009,8.8
7.114,-0.012,-0.0105,0.054,0.009,8.7
7.115,-0.0135,-0.0098,0.0607,0.009,8.7
7.116,-0.0218,-0.0083,0.06,0.0067,8.7
7.117,-0.0293,-0.0091,0.0547,0.0052,8.7
7.118,-0.0263,-0.0091,0.0525,0.0037,8.6
7.119,-0.024,-0.0091,0.0487,0.0007,8.6
7.12,-0.0218,-0.0091,0.045,0.0015,8.5
7.121,-0.0181,-0.006,0.0397,0.0022,8.5
7.122,-0.0165,-0.0046,0.0345,0.0007,8.5
7.123,-0.0128,-0.0038,0.0307,-0.0008,8.5
7.124,-0.0083,-0.003,0.021,-0.0015,8.5
7.125,-0.0046,-0.003,0.0157,-0.0023,8.5
7.126,-0.0038,-0.0008,0.0105,-0.0008,8.5
7.127,-0.0015,-0.0008,0.0052,-0.0015,8.5
7.128,-0.0015,0.0,0.006,-0.0023,8.5
7.129,-0.003,0.0007,0.0007,-0.003,8.5
7.13,-0.0015,0.0015,-0.0008,-0.0023,8.5
7.131,0.0,0.0022,-0.003,-0.0015,8.5
7.132,0.0037,0.003,-0.0105,-0.0015,8.5
7.133,0.0142,0.006,-0.012,-0.0015,8.5
7.134,0.033,0.0067,-0.012,0.0,8.5
7.135,0.0382,0.0075,-0.0113,0.0,8.5
7.136,0.027,0.0067,-0.0165,-0.0015,8.5
7.137,0.0225,0.0045,-0.0218,-0.003,8.5
7.138,0.0157,0.0045,-0.024,-0.0046,8.5
7.139,0.0105,0.0045,-0.0278,-0.003,8.5
7.14,0.0082,0.0052,-0.0315,-0.0046,8.4
7.141,0.0037,0.0052,-0.0361,-0.0053,8.4
7.142,0.0067,0.003,-0.0361,-0.0053,8.4
7.143,0.009,0.0007,-0.0353,-0.0053,8.4
7.144,0.0052,0.0015,-0.0368,-0.0053,8.4
7.145,-0.0015,0.0022,-0.039,-0.0068,8.4
7.146,-0.003,0.0015,-0.0383,-0.0068,8.4
7.147,0.0037,0.0007,-0.039,-0.003,8.4
7.148,0.0067,0.0,-0.0361,-0.0008,8.4
7.149,0.0082,0.0015,-0.0315,-0.0008,8.4
7.15,0.009,0.0022,-0.0285,0.0007,8.3
7.151,0.0067,0.0015,-0.027,-0.0008,8.3
7.152,0.0082,0.0045,-0.027,-0.003,8.3
7.153,0.0082,0.0045,-0.0256,-0.0046,8.3
7.154,0.0082,0.006,-0.027,-0.0038,8.3
7.155,0.0075,0.0045,-0.0293,-0.0038,8.3
7.156,0.0052,0.0037,-0.027,-0.0038,8.3
7.157,0.0052,0.0052,-0.0218,-0.0023,8.3
7.158,0.0052,0.0045,-0.0203,-0.0023,8.3
7.159,0.0052,0.003,-0.0165,-0.0008,8.2
7.16,0.006,0.0007,-0.0128,0.0007,8.2
7.161,0.0037,-0.0015,-0.0105,-0.0008,8.2
7.162,0.0022,-0.0008,-0.0068,-0.0015,8.2
7.163,0.003,0.0007,-0.0068,-0.0015,8.2
7.164,0.0,0.0007,-0.0105,-0.003,8.1
7.165,0.0,0.0015,-0.0083,-0.0038,8.1
7.166,0.0,0.0007,-0.0023,0.0,8.1
7.167,-0.0008,0.0015,0.0007,-0.0008,8.1
7.168,-0.0015,0.0,0.0015,-0.0015,8.1
7.169,-0.0015,-0.0008,-0.0023,-0.0008,8.1
7.17,-0.0008,0.0015,-0.0046,-0.003,8.0
7.171,-0.0023,0.0007,-0.0068,-0.0015,8.0
7.172,0.0,0.0007,-0.0083,-0.0015,8.0
7.173,0.0015,0.0,-0.0083,-0.0015,8.0
7.174,0.0007,-0.0008,-0.0098,-0.0015,8.0
7.175,0.003,0.0007,-0.012,-0.0015,7.9
7.176,0.006,0.0022,-0.0143,-0.0015,7.9
7.177,0.009,0.003,-0.0143,-0.0015,7.9
7.178,0.0082,0.003,-0.0173,-0.0008,7.9
7.179,0.0075,0.0045,-0.0195,-0.0015,7.8
7.18,0.0082,0.0037,-0.0181,-0.0068,7.8
7.181,0.0082,0.003,-0.0233,-0.0158,7.8
7.182,0.009,0.0052,-0.0256,-0.0218,7.8
7.183,0.0075,0.0045,-0.0218,-0.0143,7.7
7.184,0.0052,0.0015,-0.0195,-0.0053,7.7
7.185,0.0022,0.0015,-0.0158,0.0015,7.6
7.186,0.0007,0.0007,-0.0053,0.0157,7.6
7.187,-0.0015,-0.0008,0.0,0.0217,7.6
7.188,-0.0008,0.0,-0.0053,0.018,7.6
7.189,0.0007,0.0022,-0.0046,0.0172,7.6
7.19,0.0015,0.0015,-0.006,0.0105,7.5
7.191,0.0015,0.0015,-0.0068,0.003,7.5
7.192,0.003,-0.0008,0.0,-0.0008,7.5
7.193,0.0007,-0.0015,0.0007,-0.0038,7.4
7.194,-0.0015,-0.0008,-0.0008,-0.003,7.4
7.195,-0.003,-0.0008,-0.0023,-0.003,7.3
7.196,-0.0023,-0.0015,-0.0015,-0.0038,7.3
7.197,-0.0008,-0.0008,-0.003,-0.0068,7.3
7.198,0.0,-0.0008,-0.0105,-0.0091,7.2
7.199,0.0045,-0.0008,-0.0113,-0.0075,7.2
7.2,0.0052,-0.0008,-0.0038,-0.0046,7.2
7.201,0.0007,-0.0038,-0.0023,-0.003,7.2
7.202,0.0,0.0,-0.0015,-0.003,7.1
7.203,0.0,0.0022,-0.003,-0.0038,7.1
7.204,0.0015,0.003,-0.003,-0.003,7.1
7.205,0.0037,0.0015,0.003,-0.0008,7.0
7.206,0.0045,0.0,0.0007,0.0007,7.0
7.207,0.0045,0.0015,0.0007,0.0007,6.9
7.208,0.0022,0.0015,0.0007,0.0007,6.9
7.209,0.003,0.0015,0.0045,0.0015,6.8
7.21,0.003,0.0,0.003,0.003,6.8
7.211,0.0015,0.0015,0.0037,0.0007,6.8
7.212,0.0007,-0.0008,0.003,-0.0008,6.7
7.213,0.0007,-0.0023,-0.0053,-0.0015,6.7
7.214,0.0007,0.0,-0.0068,-0.0008,6.7
7.215,0.0007,-0.0015,-0.003,0.0022,6.6
7.216,-0.0015,-0.0015,0.0052,0.0015,6.6
7.217,-0.003,0.0,0.0075,0.0007,6.6
7.218,-0.003,0.003,0.0015,0.0007,6.5
7.219,-0.0015,0.0007,0.0,0.0007,6.5
7.22,-0.0015,-0.0008,0.0037,0.0015,6.4
7.221,-0.0015,-0.0015,0.0052,0.0,6.4
7.222,-0.0023,-0.0023,0.0015,-0.0008,6.4
7.223,-0.0023,0.0,-0.0023,-0.0015,6.3
7.224,-0.0008,-0.0008,-0.0046,-0.0008,6.3
7.225,0.0007,-0.0008,-0.0075,-0.0008,6.3
7.226,0.0015,0.0015,-0.0083,-0.0008,6.3
7.227,0.0007,0.0007,-0.0075,0.0,6.3
7.228,0.0015,0.0007,-0.0083,-0.0015,6.3
7.229,0.0015,0.0007,-0.003,-0.0008,6.2
7.23,0.0007,-0.0008,0.0015,0.0007,6.2
7.231,-0.0015,-0.0015,0.0007,-0.0008,6.2
7.232,-0.003,-0.003,-0.0015,0.0,6.1
7.233,-0.0015,-0.0015,0.0,0.0007,6.1
7.234,-0.003,0.0,0.0015,0.0,6.1
7.235,-0.0023,-0.0008,0.003,0.0007,6.1
7.236,-0.003,-0.0008,0.0067,0.0015,6.0
7.237,-0.003,-0.0023,0.0067,0.0007,6.0
7.238,-0.0038,-0.0015,0.006,0.0015,6.0
7.239,-0.0046,-0.0015,0.0105,0.003,6.0
7.24,-0.0075,-0.0023,0.0142,0.0015,5.9
7.241,-0.0091,-0.0023,0.018,0.0015,5.9
7.242,-0.0068,-0.0038,0.0202,0.0007,5.9
7.243,-0.0053,-0.0053,0.021,0.0015,5.9
7.244,-0.003,-0.0053,0.0165,0.003,5.8
7.245,-0.003,-0.003,0.0142,-0.0008,5.8
7.246,-0.0008,-0.0008,0.0142,0.0,5.8
7.247,0.0,-0.0008,0.012,0.0015,5.8
7.248,-0.0008,-0.0015,0.0127,0.0007,5.8
7.249,-0.0008,-0.0015,0.0105,0.0,5.8
7.25,-0.0023,-0.0023,0.0067,0.0,5.7
7.251,-0.0023,-0.0015,0.0067,0.0007,5.7
7.252,-0.0023,0.0007,0.003,0.0,5.7
7.253,-0.0008,0.0007,0.0007,0.0,5.7
7.254,0.0,-0.0008,-0.003,-0.0015,5.7
7.255,0.0015,0.0007,-0.0046,-0.0008,5.6
7.256,0.0022,0.0,0.0022,-0.0008,5.6
7.257,0.0022,0.0,0.003,-0.0008,5.6
7.258,0.0015,-0.0008,0.0067,0.0015,5.6
7.259,0.0007,-0.003,0.0105,0.0015,5.5
7.26,0.0022,-0.0015,0.0082,0.0007,5.5
7.261,0.0007,-0.0023,0.0097,0.0,5.5
7.262,-0.0008,-0.0038,0.0082,-0.0008,5.5
7.263,-0.0015,-0.003,0.0067,0.0007,5.5
7.264,-0.0015,-0.003,0.0082,0.0015,5.4
7.265,-0.0015,-0.003,0.0067,0.0015,5.4
7.266,0.0,-0.0008,0.003,0.0015,5.4
7.267,-0.0015,-0.0008,-0.0015,0.003,5.4
7.268,0.0,0.0,-0.0053,0.0007,5.4
7.269,0.0007,0.0022,-0.0053,0.0007,5.3
7.27,0.0007,0.0015,-0.0053,0.003,5.3
7.271,0.0052,0.0015,-0.0105,-0.0008,5.3
7.272,0.0045,0.003,-0.0098,-0.0023,5.3
7.273,0.0075,0.0015,-0.0083,-0.0015,5.3
7.274,0.0112,0.003,-0.0128,-0.0015,5.3
7.275,0.0127,0.0037,-0.0091,-0.0015,5.3
7.276,0.0127,0.0045,-0.0091,-0.0015,5.3
7.277,0.0112,0.003,-0.0128,-0.0023,5.2
7.278,0.0097,0.0015,-0.012,-0.003,5.2
7.279,0.0067,0.003,-0.012,-0.0008,5.2
7.28,0.0045,0.0015,-0.0135,-0.0008,5.1
7.281,0.0045,0.003,-0.0203,-0.003,5.1
7.282,0.006,0.0045,-0.0181,-0.0008,5.1
7.283,0.0015,0.0022,-0.0128,-0.0008,5.1
7.284,-0.0008,0.0015,-0.0143,-0.003,5.1
7.285,-0.0015,0.0007,-0.0113,-0.0015,5.1
7.286,-0.003,0.0,-0.0083,-0.0015,5.1
7.287,-0.0046,-0.0008,-0.0015,0.0007,5.1
7.288,-0.0083,-0.0023,0.0022,0.0015,5.1
7.289,-0.0083,0.0,0.0015,-0.0008,5.1
7.29,-0.006,-0.0015,-0.0008,-0.003,5.1
7.291,-0.003,-0.0008,-0.003,-0.003,5.1
7.292,-0.0008,-0.0015,-0.0015,-0.0015,5.1
7.293,-0.0008,-0.0023,-0.003,-0.0023,5.1
7.294,0.0007,0.0015,-0.0083,-0.0015,5.1
7.295,0.0,0.0007,-0.012,-0.0023,5.1
7.296,-0.0008,0.0007,-0.0105,-0.0015,5.1
7.297,-0.0008,-0.0008,-0.0046,-0.0023,5.1
7.298,-0.0015,-0.0008,-0.0008,-0.003,5.1
7.299,0.0,-0.0015,-0.0008,-0.0015,5.1
7.3,0.0007,-0.0008,-0.0038,-0.0015,5.0
7.301,-0.0015,0.0022,-0.0046,-0.0008,5.0
7.302,-0.0008,0.0022,-0.0053,-0.0015,5.0
7.303,0.0022,0.0015,-0.0083,-0.003,5.0
7.304,0.0022,-0.0015,-0.0038,-0.003,5.0
7.305,0.003,-0.0008,-0.003,-0.0046,5.0
7.306,0.0022,-0.0008,-0.0015,-0.0015,5.0
7.307,-0.0008,-0.003,0.006,0.0007,5.0
7.308,-0.0015,-0.003,0.0127,0.0007,5.0
7.309,-0.0038,-0.0046,0.024,0.0015,5.0
7.31,-0.006,-0.0046,0.0262,0.003,5.0
7.311,-0.0068,-0.0046,0.0232,0.003,5.0
7.312,-0.0046,-0.0046,0.0225,0.0037,5.0
7.313,-0.0038,-0.003,0.0157,0.0015,5.0
7.314,-0.0046,-0.003,0.0105,0.0015,5.0
7.315,-0.003,-0.0038,0.009,0.0015,5.0
7.316,-0.0008,-0.003,0.0082,0.0007,5.0
7.317,-0.0008,-0.0008,0.0045,0.0015,5.0
7.318,0.0015,0.0007,0.0037,0.0022,5.0
7.319,0.0015,0.0,0.0082,0.0022,5.0
7.32,-0.0023,-0.0015,0.015,0.003,5.0
7.321,-0.0015,-0.003,0.0135,0.0015,5.0
7.322,0.0007,-0.0023,0.0067,0.0015,5.0
7.323,0.0015,-0.0023,0.0075,0.0007,5.0
7.324,0.0015,-0.0023,0.0015,-0.0008,5.0
7.325,0.0045,-0.0008,-0.0046,-0.0023,5.0
7.326,0.006,0.0007,-0.0075,-0.003,5.0
7.327,0.0067,0.003,-0.0105,-0.0046,5.0
7.328,0.0052,0.0022,-0.006,-0.003,5.0
7.329,0.0015,0.0007,-0.0053,-0.0015,5.0
7.33,-0.0023,0.0007,-0.006,-0.0015,5.0
7.331,-0.003,0.0037,-0.0068,-0.0015,5.0
7.332,-0.003,0.003,-0.0068,-0.0015,5.0
7.333,-0.0015,0.003,-0.0105,-0.003,5.0
7.334,0.0015,0.0045,-0.012,-0.003,5.0
7.335,0.0052,0.0052,-0.0143,-0.003,5.0
7.336,0.0067,0.003,-0.0143,-0.003,5.0
7.337,0.003,-0.0008,0.0007,-0.0008,5.0
7.338,-0.0008,-0.0015,0.0067,-0.0008,5.0
7.339,0.0,-0.0015,0.0082,0.0007,5.0
7.34,-0.0015,-0.0015,0.009,0.0007,5.0
7.341,-0.0046,-0.0023,0.0082,0.0007,5.0
7.342,-0.0046,-0.003,0.0105,-0.0008,5.0
7.343,-0.0053,-0.0046,0.0105,-0.0008,5.0
7.344,-0.006,-0.0068,0.0142,0.0015,5.0
7.345,-0.0068,-0.0068,0.0157,0.003,5.0
7.346,-0.0046,-0.0038,0.0082,0.0052,5.0
7.347,-0.0038,-0.003,0.006,0.0052,5.0
7.348,-0.0046,-0.0015,0.0052,0.0045,5.0
7.349,-0.0023,-0.0015,0.0045,0.0045,5.0
7.35,-0.0023,-0.003,0.0097,0.003,4.9
7.351,-0.0038,-0.003,0.0157,0.0015,4.9
7.352,-0.0046,-0.0023,0.0187,0.0015,4.9
7.353,-0.0053,-0.0023,0.0202,0.003,4.9
7.354,-0.0068,-0.0015,0.024,0.003,4.9
7.355,-0.0098,-0.0046,0.0255,0.0052,4.9
7.356,-0.0075,-0.0053,0.0277,0.0052,4.9
7.357,-0.0083,-0.0046,0.0307,0.0052,4.9
7.358,-0.0098,-0.0053,0.033,0.0052,4.9
7.359,-0.0068,-0.0046,0.0307,0.003,4.9
7.36,-0.0053,-0.0046,0.0255,0.0037,4.9
7.361,-0.0046,-0.0053,0.0255,0.0022,5.0
7.362,-0.0038,-0.0046,0.024,0.0015,5.1
7.363,-0.0038,-0.003,0.0187,0.0022,5.3
7.364,0.0007,-0.0023,0.0127,-0.0008,5.4
7.365,0.0015,-0.0015,0.0105,-0.0008,5.5
7.366,0.0,-0.0008,0.0045,-0.0008,5.7
7.367,0.0,0.0007,-0.0053,-0.0023,5.8
7.368,0.003,0.003,-0.0098,-0.003,5.9
7.369,0.0067,0.0045,-0.0158,-0.0046,6.1
7.37,0.0112,0.0052,-0.0195,-0.003,6.2
7.371,0.0105,0.0045,-0.0158,-0.0023,6.3
7.372,0.0067,0.0022,-0.0135,-0.0046,6.4
7.373,0.0067,0.0015,-0.0128,-0.0038,6.6
7.374,0.0052,0.003,-0.0143,-0.0038,6.7
7.375,0.0075,0.0037,-0.0158,-0.0046,6.8
7.376,0.0082,0.0052,-0.0181,-0.0046,7.0
7.377,0.0067,0.003,-0.0173,-0.006,7.1
7.378,0.0082,0.0045,-0.0218,-0.0075,7.2
7.379,0.0082,0.006,-0.027,-0.0075,7.4
7.38,0.0082,0.0067,-0.0293,-0.006,7.5
7.381,0.0105,0.0075,-0.0346,-0.0083,7.5
7.382,0.0105,0.0075,-0.03,-0.0098,7.5
7.383,0.0127,0.0097,-0.054,-0.003,7.5
7.384,,,,,7.5
7.385,,,,,7.5
7.386,,,,,7.5
7.387,,,,,7.5
7.388,,,,,7.5
7.389,,,,,7.5
7.39,,,,,7.5
7.391,,,,,7.5
7.392,,,,,7.5
7.393,,,,,7.5
7.394,,,,,7.5
7.395,,,,,7.5
7.396,,,,,7.5
7.397,,,,,7.5
7.398,,,,,7.5
7.399,,,,,7.5
7.4,,,,,
