Time_s,RF,BF,VM,ST,FX
0.0,-0.0008,0.0015,0.0007,-0.0023,4.9
0.001,-0.0008,-0.0008,0.003,-0.0023,4.9
0.002,0.0,0.0007,0.0015,0.0,4.9
0.003,-0.0008,0.0,0.003,-0.0015,4.9
0.004,-0.0008,-0.0008,0.0022,-0.0015,4.9
0.005,0.0007,0.0,0.0015,-0.0015,4.9
0.006,0.0,-0.0008,0.0,0.0,4.9
0.007,-0.0015,-0.0008,0.0007,-0.0008,4.9
0.008,-0.0023,-0.0008,0.0007,-0.0023,4.9
0.009,-0.003,-0.0015,-0.0008,-0.003,4.9
0.01,-0.0015,-0.0038,0.0015,-0.003,4.9
0.011,-0.0008,-0.0008,0.003,0.0015,4.9
0.012,-0.0023,0.0,0.0007,-0.0008,4.9
0.013,-0.0015,-0.0008,0.0007,0.0007,4.9
0.014,-0.0008,-0.0015,0.0007,0.0045,4.9
0.015,0.0,-0.0008,-0.0008,0.0007,4.9
0.016,0.0007,0.0007,-0.0015,-0.0008,4.9
0.017,0.0,0.0,-0.0015,-0.0008,4.9
0.018,0.0,0.0015,0.0007,-0.0008,4.9
0.019,0.0015,0.0015,0.0015,-0.0008,4.9
0.02,0.0007,0.0015,0.0022,-0.0038,4.9
0.021,0.0022,0.0007,0.0052,-0.0015,4.9
0.022,0.0007,-0.0015,0.0052,0.0022,4.9
0.023,-0.0008,-0.0015,0.0052,-0.0008,4.9
0.024,-0.0008,-0.0046,0.0045,-0.0046,4.9
0.025,-0.0008,-0.0053,0.0022,-0.003,4.9
0.026,0.0007,-0.0015,0.0015,-0.003,4.9
0.027,0.0007,0.0,0.0015,-0.003,4.9
0.028,0.0015,0.0007,0.0015,-0.0015,4.9
0.029,0.003,-0.0008,0.0007,-0.0015,4.9
0.03,0.0022,-0.003,0.003,-0.0046,4.9
0.031,0.003,-0.0008,0.0045,-0.0091,4.9
0.032,0.0015,-0.0008,0.0045,-0.0128,4.9
0.033,0.0007,-0.0038,0.0045,-0.0128,4.9
0.034,0.0007,-0.003,0.003,-0.0046,4.9
0.035,0.0007,-0.0023,0.003,0.0015,4.9
0.036,-0.0008,-0.0008,0.003,0.0015,4.9
0.037,-0.0008,-0.0015,0.0015,0.0015,4.9
0.038,-0.0008,-0.0015,0.0007,0.0052,4.9
0.039,0.0,-0.0008,-0.0008,0.006,4.9
0.04,0.0,0.0,0.0007,0.006,4.9
0.041,-0.0015,0.0015,0.0022,0.0045,4.9
0.042,-0.0008,0.0015,0.0015,0.0015,4.9
0.043,0.0,0.0007,0.003,0.0015,4.9
0.044,0.0,0.0007,0.0015,0.0007,4.9
0.045,-0.0015,0.0007,-0.0015,0.0,4.9
0.046,-0.0023,0.0,-0.0015,0.0,4.9
0.047,-0.0015,0.0015,-0.003,0.0,4.9
0.048,-0.003,0.0007,-0.0023,0.0007,4.9
0.049,-0.003,0.0007,0.0,0.0007,4.9
0.05,-0.0015,0.0015,-0.0008,-0.0015,4.9
0.051,-0.0015,0.0,0.0,0.0,4.9
0.052,0.0007,-0.0008,0.0007,0.0,4.9
0.053,0.0007,-0.0008,0.0007,-0.0015,4.9
0.054,0.0,-0.0008,0.0007,-0.0015,4.9
0.055,0.0,-0.0015,0.0,-0.0008,5.0
0.056,-0.0015,-0.0015,-0.0008,-0.0015,5.0
0.057,-0.0008,-0.0008,-0.0015,-0.0015,5.0
0.058,-0.0015,-0.0015,-0.0038,-0.0015,5.0
0.059,-0.0015,-0.003,-0.0046,-0.0008,5.0
0.06,-0.0008,-0.0023,-0.003,0.0,5.0
0.061,-0.0008,-0.0015,-0.003,0.0,5.0
0.062,0.0007,-0.0008,-0.0038,0.0,5.0
0.063,0.0007,0.0,-0.0008,0.0,5.0
0.064,-0.0008,0.0007,0.0,-0.0015,5.0
0.065,0.0,0.0015,0.0,-0.0015,5.0
0.066,0.0007,0.0007,0.0022,-0.0008,5.0
0.067,-0.0008,-0.0015,0.0015,0.0,5.0
0.068,0.0007,-0.0015,0.0045,-0.0008,5.0
0.069,0.0,0.0007,0.003,-0.0038,5.0
0.07,0.0007,-0.0008,0.003,-0.006,5.0
0.071,0.003,-0.0023,0.0052,-0.0098,5.0
0.072,0.0022,-0.003,0.0045,-0.0158,5.0
0.073,0.003,-0.0015,0.0067,-0.0143,5.0
0.074,0.003,-0.0008,0.006,-0.0075,5.0
0.075,0.0022,0.0,0.006,-0.003,5.0
0.076,0.0022,-0.0008,0.0075,-0.0008,5.0
0.077,0.003,-0.0008,0.0082,0.003,5.0
0.078,0.0022,-0.0023,0.0112,0.006,5.0
0.079,0.0037,-0.0015,0.0105,0.0075,5.0
0.08,0.0045,-0.0008,0.009,0.006,5.0
0.081,0.0045,-0.0008,0.0067,0.003,5.0
0.082,0.003,-0.0008,0.0045,0.0007,5.0
0.083,0.0015,-0.0008,0.0052,0.0,5.0
0.084,-0.0015,-0.0008,0.0015,-0.0015,5.0
0.085,-0.006,-0.003,-0.0038,-0.0083,4.9
0.086,-0.0075,-0.006,-0.0091,-0.012,4.9
0.087,-0.0083,-0.0046,-0.0105,-0.0075,4.9
0.088,-0.0091,-0.003,-0.0083,-0.0046,4.9
0.089,-0.0083,-0.0015,-0.006,-0.0023,4.9
0.09,-0.0068,0.0,-0.0046,0.0,4.9
0.091,-0.0053,0.0007,-0.0015,-0.0008,4.9
0.092,-0.0023,0.0007,0.0015,-0.0008,4.9
0.093,0.0015,-0.0008,0.0045,-0.0015,4.9
0.094,0.0007,-0.0008,0.003,-0.003,4.9
0.095,0.0,0.0,0.003,-0.0038,4.8
0.096,0.0007,0.0,0.0015,-0.003,4.8
0.097,-0.0015,0.0015,0.0007,-0.0015,4.8
0.098,-0.0015,-0.0008,0.0,-0.0015,4.8
0.099,-0.003,-0.0015,-0.0023,-0.0008,4.8
0.1,-0.0015,-0.0023,-0.0008,0.0,4.7
0.101,0.0007,-0.0023,0.0007,-0.0008,4.7
0.102,0.0,-0.0008,0.003,-0.003,4.7
0.103,-0.0008,-0.0008,0.003,-0.0015,4.7
0.104,-0.0008,-0.0015,0.0007,-0.0008,4.7
0.105,0.0007,-0.0008,0.0007,0.0007,4.7
0.106,0.0007,-0.0008,-0.0015,0.0007,4.6
0.107,0.0007,-0.0008,0.0007,-0.0008,4.6
0.108,0.0,0.0007,0.0015,-0.0008,4.6
0.109,0.0015,0.0,0.0015,-0.0008,4.6
0.11,0.0022,0.0015,0.003,-0.0008,4.5
0.111,0.0015,0.0007,0.0022,0.0015,4.5
0.112,0.0015,0.0015,0.0022,0.0037,4.5
0.113,0.0037,0.0015,0.0045,0.0015,4.5
0.114,0.0045,0.0007,0.0052,0.0007,4.5
0.115,0.0037,0.0015,0.0052,0.0015,4.5
0.116,0.0022,0.0007,0.0052,0.0007,4.5
0.117,0.0015,0.0007,0.003,-0.0008,4.4
0.118,0.0007,0.0,0.0015,-0.003,4.4
0.119,0.0,0.0007,0.0007,-0.003,4.4
0.12,0.0,0.0007,0.003,-0.003,4.3
0.121,0.0007,-0.0008,0.0037,-0.003,4.3
0.122,-0.0008,0.0007,0.003,-0.0038,4.3
0.123,0.0015,0.0007,0.003,-0.0068,4.3
0.124,0.0007,0.0007,0.0015,-0.0083,4.4
0.125,0.0007,0.0007,0.0,-0.0083,4.4
0.126,0.0007,-0.0008,-0.0008,-0.0038,4.4
0.127,0.0,0.0007,0.0015,0.0007,4.4
0.128,0.0015,0.003,0.0,0.0022,4.4
0.129,0.0,0.0037,0.0,0.0015,4.4
0.13,0.0007,0.003,0.0007,0.0045,4.4
0.131,0.0015,0.0045,0.003,0.0105,4.4
0.132,0.0015,0.003,0.0045,0.0067,4.4
0.133,0.0,-0.0015,0.003,0.012,4.4
0.134,-0.0008,-0.0015,0.0045,0.024,4.4
0.135,0.0,-0.0023,0.003,0.021,4.4
0.136,-0.0008,-0.0105,0.0007,0.0187,4.4
0.137,-0.0008,-0.0158,0.0,-0.003,4.5
0.138,-0.0008,-0.015,-0.0008,-0.0188,4.5
0.139,-0.003,-0.0113,-0.0023,-0.0165,4.5
0.14,-0.003,-0.0038,-0.003,-0.0181,4.5
0.141,-0.0038,-0.0008,-0.0053,-0.0105,4.5
0.142,-0.006,-0.0008,-0.0083,-0.0158,4.5
0.143,-0.0053,-0.0038,-0.012,-0.0181,4.4
0.144,-0.0068,-0.0068,-0.0083,-0.0105,4.4
0.145,-0.0053,-0.006,-0.0046,-0.003,4.4
0.146,-0.0046,-0.0008,-0.0008,0.0022,4.3
0.147,-0.0015,0.0037,0.0022,0.0015,4.3
0.148,0.0015,0.0022,0.0045,0.0037,4.3
0.149,0.0015,0.0045,0.009,0.0,4.3
0.15,0.0045,0.0045,0.0105,0.0007,4.2
0.151,0.003,0.0037,0.0112,-0.0008,4.2
0.152,0.003,0.0045,0.0097,-0.0008,4.2
0.153,0.0015,0.0037,0.0082,0.0045,4.1
0.154,0.0007,0.0052,0.0067,0.0082,4.1
0.155,0.0015,0.0052,0.0045,0.0105,4.1
0.156,0.0,0.0037,0.0015,0.0105,4.0
0.157,0.0007,0.003,0.0022,0.0067,4.0
0.158,0.0,0.003,0.0022,0.0007,4.0
0.159,0.0015,0.0015,0.0022,-0.0053,4.0
0.16,0.003,-0.0008,0.0037,-0.0113,3.9
0.161,0.0015,-0.0008,0.0045,-0.0158,3.9
0.162,0.0015,-0.0015,0.0037,-0.021,3.9
0.163,0.0007,-0.0023,0.0022,-0.0233,3.9
0.164,0.0037,-0.0015,0.003,-0.0195,3.9
0.165,0.0015,0.0007,0.003,-0.0105,3.9
0.166,0.0015,0.0015,0.0015,0.0007,3.8
0.167,0.003,0.0015,0.0015,0.003,3.8
0.168,-0.0008,-0.0015,0.003,0.012,3.8
0.169,-0.0008,-0.0015,0.003,0.0142,3.8
0.17,-0.0015,0.0007,0.0007,0.0067,3.7
0.171,-0.0046,-0.0008,-0.0008,0.0045,3.7
0.172,-0.003,-0.0015,-0.0015,0.0015,3.7
0.173,-0.0015,-0.003,-0.0008,0.0052,3.7
0.174,-0.0008,-0.0008,-0.0015,0.015,3.7
0.175,-0.003,0.0015,-0.0046,0.0187,3.6
0.176,-0.0038,0.003,-0.003,0.0037,3.6
0.177,-0.0015,0.0022,-0.0015,-0.0218,3.6
0.178,-0.0008,-0.0038,0.0015,-0.0293,3.6
0.179,-0.0008,-0.0046,0.0022,-0.0135,3.6
0.18,0.0007,-0.003,0.0045,0.003,3.5
0.181,0.0007,-0.0008,0.0045,0.0142,3.5
0.182,-0.0008,-0.0046,0.0022,0.009,3.5
0.183,-0.0008,-0.0105,0.0015,-0.0083,3.5
0.184,-0.0008,-0.0135,0.0022,-0.012,3.4
0.185,-0.0015,-0.0128,0.0052,0.0052,3.4
0.186,0.0015,-0.0053,0.006,0.0142,3.3
0.187,0.003,-0.0008,0.0045,-0.0008,3.3
0.188,0.0052,-0.0008,0.0037,-0.0218,3.3
0.189,0.003,-0.0008,0.0045,-0.0278,3.2
0.19,0.0007,0.0015,0.0037,-0.0128,3.2
0.191,0.0015,0.0015,0.003,-0.0075,3.2
0.192,0.0015,-0.0008,0.0022,-0.0053,3.1
0.193,0.0007,0.0,0.0,-0.0053,3.1
0.194,-0.0008,-0.003,-0.0015,-0.0158,3.1
0.195,-0.0008,-0.0068,-0.0023,-0.0075,3.1
0.196,0.0007,-0.0038,-0.0023,0.0105,3.0
0.197,0.0007,0.0007,0.0015,0.0157,3.0
0.198,0.0015,0.0037,0.0022,0.0007,2.9
0.199,0.0022,0.003,0.003,0.0007,2.9
0.2,0.003,0.003,0.0045,0.0082,2.8
0.201,0.0037,0.003,0.0015,0.0007,2.8
0.202,0.0015,0.0052,0.003,-0.0015,2.8
0.203,0.0007,0.009,0.003,0.0015,2.7
0.204,0.0007,0.0105,0.0045,0.006,2.7
0.205,0.003,0.0097,0.003,-0.0023,2.7
0.206,0.0007,0.0067,0.0015,-0.0083,2.6
0.207,-0.0015,0.003,0.0007,-0.0053,2.6
0.208,-0.0008,-0.0046,-0.0023,-0.0046,2.6
0.209,0.0,-0.0083,0.0007,0.0202,2.5
0.21,-0.0008,-0.0105,0.0045,0.045,2.5
0.211,-0.0038,-0.0135,0.0045,0.0382,2.5
0.212,-0.0038,-0.0135,0.0037,0.0142,2.4
0.213,-0.0023,-0.0098,0.0015,-0.0083,2.4
0.214,-0.003,-0.0091,0.0007,-0.0113,2.3
0.215,-0.0008,-0.0053,0.0007,-0.003,2.3
0.216,-0.0008,0.0007,-0.0008,-0.0046,2.2
0.217,0.0015,0.0045,-0.0015,-0.0038,2.2
0.218,0.0015,0.0052,-0.0023,-0.006,2.2
0.219,0.0015,0.003,-0.0015,-0.0008,2.2
0.22,0.003,0.0052,-0.0008,0.0052,2.1
0.221,0.0015,0.003,-0.0015,0.003,2.1
0.222,0.0022,-0.0015,0.0,-0.0015,2.0
0.223,0.0015,-0.003,-0.0008,-0.0046,2.0
0.224,0.0015,-0.0008,0.0007,-0.0128,1.9
0.225,-0.0008,0.0,0.0007,-0.0203,1.8
0.226,0.0,0.0015,0.0015,-0.0098,1.8
0.227,0.0007,0.0082,0.003,-0.0105,1.8
0.228,0.0,0.0045,0.0022,-0.0158,1.7
0.229,0.0015,-0.0015,0.0007,-0.0075,1.7
0.23,0.0007,-0.0046,-0.0008,0.0075,1.6
0.231,0.0,-0.0015,0.0007,0.015,1.5
0.232,0.0022,0.0045,0.0007,0.0135,1.5
0.233,0.003,0.0075,0.0015,0.0052,1.4
0.234,0.0022,0.0052,0.0015,-0.0068,1.4
0.235,0.003,0.0052,0.0015,-0.0233,1.3
0.236,0.0022,0.003,0.0007,-0.0346,1.3
0.237,0.0007,-0.0015,-0.0008,-0.0346,1.2
0.238,0.0,-0.003,-0.0023,-0.0256,1.2
0.239,-0.0008,-0.0128,-0.0023,0.0045,1.1
0.24,-0.003,-0.0173,0.0,0.0112,1.0
0.241,-0.0015,-0.0165,0.0,-0.0046,1.0
0.242,0.0015,-0.0128,-0.0008,-0.0158,1.0
0.243,-0.0008,-0.0091,-0.0008,-0.0195,0.9
0.244,-0.003,-0.0023,-0.0008,-0.003,0.9
0.245,-0.003,0.0022,0.0015,0.0,0.8
0.246,-0.003,0.0015,0.0,0.0067,0.8
0.247,-0.0038,0.0022,0.0,0.0105,0.7
0.248,-0.003,0.0007,0.0015,0.0067,0.7
0.249,-0.0015,0.003,0.003,0.009,0.6
0.25,-0.0023,0.003,0.0037,0.0112,0.5
0.251,-0.003,0.0037,0.0037,0.021,0.5
0.252,-0.0023,0.0045,0.0037,0.0217,0.4
0.253,-0.0023,0.003,0.0022,0.0172,0.4
0.254,-0.0015,0.0045,0.0052,0.0112,0.4
0.255,-0.0015,0.0052,0.0045,0.012,0.3
0.256,-0.0015,0.0052,0.0022,0.009,0.3
0.257,0.0,0.003,0.003,0.0075,0.2
0.258,0.0007,0.0,0.003,0.0015,0.1
0.259,0.0,-0.0023,0.0045,-0.0098,0.1
0.26,0.0007,-0.0038,0.0045,-0.0135,0.0
0.261,0.0007,-0.0015,0.0037,-0.0165,0.0
0.262,-0.0008,0.0,0.003,-0.0083,0.0
0.263,-0.0008,0.0007,0.0022,-0.0181,-0.1
0.264,-0.0008,-0.0015,0.003,-0.0368,-0.1
0.265,0.0,-0.0053,0.003,-0.027,-0.2
0.266,-0.0038,-0.003,0.0045,-0.0068,-0.2
0.267,-0.0046,-0.0023,0.0022,-0.0015,-0.3
0.268,-0.003,-0.0008,0.0007,-0.0008,-0.3
0.269,-0.0015,0.0007,0.0015,0.003,-0.4
0.27,-0.0015,0.0007,-0.0008,0.0022,-0.4
0.271,-0.0015,0.0007,-0.0008,0.0007,-0.5
0.272,0.0007,-0.0008,-0.0015,-0.0038,-0.5
0.273,0.0,-0.0015,-0.0015,-0.0038,-0.5
0.274,-0.0015,0.0007,-0.0015,-0.0015,-0.6
0.275,-0.0008,0.0007,-0.0015,-0.0008,-0.6
0.276,0.0007,0.0007,-0.003,0.0022,-0.7
0.277,0.0,0.0007,-0.0015,0.0045,-0.7
0.278,-0.0015,-0.0008,-0.0023,0.0127,-0.8
0.279,-0.0015,0.0015,-0.003,0.024,-0.8
0.28,-0.003,0.006,-0.003,0.0195,-0.9
0.281,-0.0023,0.006,-0.0046,0.0127,-0.9
0.282,-0.0023,0.0037,-0.0046,0.0202,-0.9
0.283,-0.0023,0.0022,-0.0046,0.0337,-1.0
0.284,-0.0008,0.0045,-0.0023,0.033,-1.1
0.285,0.0007,0.0022,-0.0015,0.0142,-1.1
0.286,0.0007,-0.0068,0.0022,0.0015,-1.2
0.287,0.0007,-0.0091,0.003,-0.0091,-1.3
0.288,0.0007,-0.006,0.0007,-0.0293,-1.3
0.289,-0.0015,-0.0098,0.0015,-0.03,-1.4
0.29,-0.003,-0.0158,-0.0008,-0.0278,-1.4
0.291,-0.003,-0.0203,-0.003,-0.0428,-1.5
0.292,-0.003,-0.0188,-0.0008,-0.0443,-1.5
0.293,-0.0008,-0.0083,0.0015,-0.024,-1.6
0.294,0.0007,-0.0015,0.0,-0.003,-1.6
0.295,-0.0008,-0.0015,0.0007,0.009,-1.7
0.296,-0.0015,0.0,0.0,0.0142,-1.8
0.297,0.0015,0.0022,0.0015,0.0157,-1.8
0.298,0.003,0.0045,0.0045,0.009,-1.9
0.299,0.0022,0.006,0.006,0.0007,-1.9
0.3,0.003,0.0075,0.0052,-0.003,-2.0
0.301,0.003,0.0067,0.003,-0.0068,-2.1
0.302,0.0022,0.0067,0.0022,-0.0113,-2.1
0.303,0.0022,0.006,0.0015,-0.0233,-2.2
0.304,0.003,0.0,0.0015,-0.027,-2.3
0.305,0.003,-0.0053,0.0015,0.0045,-2.3
0.306,0.003,-0.0046,0.003,0.021,-2.4
0.307,0.0015,0.0007,0.0022,0.006,-2.4
0.308,0.0007,0.0015,0.0015,0.0037,-2.5
0.309,0.0,0.0037,0.0022,0.0007,-2.6
0.31,0.0022,0.0045,0.0007,-0.0008,-2.7
0.311,0.0022,0.0045,-0.0008,0.0075,-2.7
0.312,0.0007,0.0067,0.0007,0.0112,-2.8
0.313,0.0015,0.0052,-0.0015,0.0127,-2.9
0.314,-0.0008,0.0007,-0.0023,0.0127,-2.9
0.315,-0.0008,-0.0046,-0.003,0.024,-3.0
0.316,-0.003,-0.0015,-0.0075,0.033,-3.1
0.317,-0.0046,0.0007,-0.0105,0.0255,-3.1
0.318,-0.0046,-0.0008,-0.012,0.0082,-3.2
0.319,-0.0053,-0.0008,-0.0128,-0.0143,-3.2
0.32,-0.0068,-0.003,-0.012,-0.0233,-3.4
0.321,-0.0053,-0.0008,-0.0135,-0.0165,-3.4
0.322,-0.0053,0.003,-0.0143,-0.0188,-3.5
0.323,-0.006,0.0007,-0.0143,-0.0233,-3.6
0.324,-0.0053,-0.0053,-0.0143,-0.0128,-3.7
0.325,-0.006,-0.012,-0.0143,-0.006,-3.8
0.326,-0.0075,-0.015,-0.0128,-0.0083,-3.9
0.327,-0.0068,-0.0105,-0.0091,-0.0113,-4.0
0.328,-0.0046,-0.0091,-0.0038,-0.0075,-4.1
0.329,0.0015,-0.0068,0.0015,0.0,-4.2
0.33,0.003,-0.0015,0.0082,0.009,-4.3
0.331,0.0052,-0.0015,0.015,0.0082,-4.4
0.332,0.0082,0.0007,0.021,-0.0038,-4.5
0.333,0.009,0.0015,0.0255,-0.003,-4.6
0.334,0.0112,0.0007,0.0277,-0.0098,-4.7
0.335,0.0127,0.003,0.0292,-0.0135,-4.8
0.336,0.0157,0.0052,0.0345,-0.0046,-4.9
0.337,0.0172,0.003,0.0337,-0.003,-5.0
0.338,0.0157,-0.0046,0.0277,0.0037,-5.1
0.339,0.0142,-0.0053,0.027,0.012,-5.2
0.34,0.012,0.0007,0.018,0.003,-5.4
0.341,0.0082,0.0045,0.0105,-0.012,-5.4
0.342,0.003,0.0,0.0015,-0.0323,-5.5
0.343,-0.0008,0.003,-0.0046,-0.0278,-5.7
0.344,-0.0015,0.009,-0.0053,-0.003,-5.8
0.345,-0.0023,0.009,-0.0091,0.0045,-5.9
0.346,-0.0038,0.0037,-0.0105,0.0045,-6.0
0.347,-0.0038,-0.0046,-0.0113,-0.0128,-6.2
0.348,-0.0053,-0.0053,-0.0128,-0.015,-6.3
0.349,-0.006,-0.0015,-0.0128,0.0007,-6.4
0.35,-0.0046,-0.0068,-0.012,0.0015,-6.5
0.351,-0.0053,-0.0053,-0.0128,0.003,-6.7
0.352,-0.0053,0.0015,-0.0098,0.0067,-6.8
0.353,-0.0046,0.0045,-0.0068,0.009,-6.9
0.354,-0.0053,0.003,-0.0053,0.0105,-7.0
0.355,-0.006,0.0,-0.006,0.012,-7.2
0.356,-0.006,-0.0015,-0.0068,-0.0015,-7.2
0.357,-0.0068,-0.0015,-0.006,-0.0068,-7.4
0.358,-0.0046,-0.0015,-0.0038,0.0142,-7.5
0.359,-0.0046,-0.0023,-0.0008,0.0345,-7.6
0.36,-0.003,0.0015,-0.0008,0.0352,-7.8
0.361,-0.0015,0.0045,0.0022,0.0202,-7.9
0.362,-0.003,-0.0023,0.003,0.009,-8.0
0.363,-0.0053,-0.0038,0.0037,0.0015,-8.2
0.364,-0.006,-0.0053,0.0015,-0.012,-8.3
0.365,-0.0068,-0.0098,-0.0015,-0.0181,-8.5
0.366,-0.0046,-0.0075,0.0007,-0.0263,-8.6
0.367,-0.003,-0.0046,0.003,-0.024,-8.7
0.368,-0.0038,0.0007,0.0045,-0.0015,-8.9
0.369,-0.0015,0.003,0.006,0.0052,-9.0
0.37,-0.0015,0.0052,0.0067,0.0045,-9.2
0.371,-0.0008,0.0052,0.0067,0.0045,-9.3
0.372,0.0,0.0015,0.0067,0.0105,-9.5
0.373,-0.0008,0.0015,0.0082,0.018,-9.6
0.374,0.0007,0.0022,0.0075,0.0067,-9.8
0.375,-0.0008,0.0037,0.0105,-0.0158,-9.9
0.376,0.0037,0.0015,0.024,-0.0225,-10.0
0.377,0.0097,0.0007,0.039,-0.0068,-10.2
0.378,0.015,-0.0015,0.0397,-0.003,-10.4
0.379,0.0105,-0.0053,0.021,-0.0046,-10.5
0.38,0.0007,-0.0046,0.012,-0.0105,-10.7
0.381,0.0015,-0.0015,0.009,-0.0128,-10.8
0.382,0.0,-0.0015,-0.0008,-0.0023,-11.1
0.383,-0.003,-0.0053,-0.0046,-0.0015,-11.3
0.384,-0.0046,-0.0046,-0.0083,-0.0053,-11.5
0.385,-0.0053,0.0,-0.0053,-0.0075,-11.7
0.386,-0.0038,0.0007,-0.0038,-0.0068,-11.9
0.387,-0.0038,0.003,-0.0046,-0.0128,-12.1
0.388,-0.0008,0.006,-0.0015,-0.0181,-12.3
0.389,0.0007,0.0067,-0.0008,-0.021,-12.6
0.39,0.003,0.006,0.0015,-0.021,-12.8
0.391,0.003,0.0045,0.0015,-0.0135,-13.0
0.392,0.003,0.0015,0.003,0.0015,-13.2
0.393,0.0037,-0.0008,0.0052,0.024,-13.4
0.394,0.0037,-0.003,0.0052,0.033,-13.6
0.395,0.0037,-0.003,0.0045,0.0315,-13.8
0.396,0.0015,-0.0023,0.0045,0.0292,-14.0
0.397,0.003,-0.003,0.003,0.0322,-14.3
0.398,0.0007,-0.0008,0.0022,0.03,-14.4
0.399,0.0007,0.0022,0.0045,0.0225,-14.7
0.4,0.0045,0.0045,0.0052,0.0157,-14.9
0.401,0.003,0.0052,0.0022,-0.0105,-15.2
0.402,0.003,-0.0008,0.0052,-0.0233,-15.4
0.403,0.0037,0.0015,0.009,-0.0158,-15.7
0.404,0.0045,0.003,0.0067,-0.024,-15.9
0.405,0.0015,-0.0015,0.003,-0.0368,-16.2
0.406,-0.0008,-0.0068,-0.0008,-0.0278,-16.4
0.407,-0.003,-0.0098,-0.0015,-0.0218,-16.7
0.408,-0.0023,-0.0098,-0.0008,-0.0263,-16.9
0.409,-0.003,-0.0105,-0.0008,-0.0165,-17.1
0.41,-0.0023,-0.006,-0.0023,-0.0098,-17.4
0.411,0.0007,-0.0015,-0.0023,-0.006,-17.7
0.412,0.0007,0.0,-0.0023,-0.0023,-17.9
0.413,0.0007,0.0007,0.0007,-0.0023,-18.2
0.414,0.003,0.0045,0.0022,0.0007,-18.4
0.415,0.0015,0.003,-0.0038,0.0007,-18.7
0.416,-0.003,0.0007,-0.0091,0.0067,-18.9
0.417,-0.0038,0.0015,-0.0053,0.0082,-19.2
0.418,-0.0015,0.003,-0.0046,0.0067,-19.4
0.419,-0.0008,0.003,-0.0053,0.0157,-19.7
0.42,-0.0008,0.003,-0.0015,0.0262,-20.0
0.421,0.0007,0.0037,-0.0038,0.024,-20.3
0.422,0.0,0.0015,-0.0023,0.0015,-20.5
0.423,-0.0015,-0.0008,-0.0015,-0.0053,-20.8
0.424,-0.0008,-0.0023,-0.0023,-0.006,-21.2
0.425,0.0,-0.0015,-0.0015,-0.0083,-21.4
0.426,0.0,-0.0008,-0.0008,-0.0068,-21.7
0.427,0.0007,0.0022,0.0,-0.0083,-22.1
0.428,0.0015,0.0037,-0.0038,-0.0068,-22.3
0.429,0.0015,0.0045,-0.0075,-0.003,-22.6
0.43,0.0,0.003,-0.006,0.0067,-23.0
0.431,-0.0015,-0.0008,-0.0046,0.0195,-23.2
0.432,-0.0008,-0.0046,-0.0068,0.027,-23.5
0.433,-0.0015,-0.0046,-0.0038,0.0135,-23.8
0.434,0.0007,-0.0075,0.003,0.012,-24.1
0.435,0.0052,-0.0068,0.0142,0.0202,-24.4
0.436,0.0157,-0.003,0.0457,0.0067,-24.7
0.437,0.0337,-0.0015,0.0937,-0.003,-25.0
0.438,0.0465,-0.0008,0.099,-0.0218,-25.3
0.439,0.039,-0.0015,0.0592,-0.0256,-25.6
0.44,0.021,-0.0008,0.0315,-0.0188,-26.0
0.441,0.0082,-0.0015,-0.0008,-0.0256,-26.2
0.442,-0.0075,-0.0053,-0.0263,-0.0256,-26.6
0.443,-0.0165,-0.0053,-0.0503,-0.0195,-26.9
0.444,-0.0278,-0.0015,-0.0713,-0.006,-27.2
0.445,-0.0353,0.0007,-0.075,0.0,-27.5
0.446,-0.039,0.0045,-0.0863,0.003,-27.8
0.447,-0.0443,0.0082,-0.0915,0.0015,-28.1
0.448,-0.0458,0.0082,-0.096,-0.0038,-28.4
0.449,-0.0443,0.0052,-0.0915,0.006,-28.8
0.45,-0.042,-0.0008,-0.084,0.0172,-29.1
0.451,-0.039,-0.0046,-0.075,0.0262,-29.4
0.452,-0.033,-0.0038,-0.066,0.012,-29.7
0.453,-0.0308,-0.0098,-0.057,-0.0023,-30.1
0.454,-0.0256,-0.0143,-0.0473,-0.006,-30.4
0.455,-0.0233,-0.0143,-0.0405,-0.0143,-30.7
0.456,-0.0173,-0.0173,-0.0263,-0.0091,-31.0
0.457,-0.0098,-0.0181,-0.0165,-0.0098,-31.3
0.458,-0.0083,-0.0203,-0.0053,-0.0128,-31.6
0.459,-0.0023,-0.0173,0.003,-0.012,-32.0
0.46,0.0022,-0.0143,0.0082,-0.0165,-32.3
0.461,0.0015,-0.015,0.009,-0.0173,-32.5
0.462,0.006,-0.012,0.0195,0.0007,-32.8
0.463,0.0127,-0.0091,0.0307,0.0307,-33.0
0.464,0.012,-0.0083,0.0232,0.0255,-33.3
0.465,0.0105,-0.0075,0.0255,0.009,-33.5
0.466,0.0142,-0.0015,0.0292,0.0075,-33.8
0.467,0.0142,0.0052,0.0285,0.0052,-34.1
0.468,0.0142,0.0105,0.0292,0.015,-34.3
0.469,0.0135,0.0172,0.024,0.0157,-34.6
0.47,0.0112,0.0157,0.0187,-0.0015,-34.8
0.471,0.0105,0.0165,0.0157,-0.0195,-35.1
0.472,0.009,0.0142,0.0112,-0.0293,-35.3
0.473,0.0052,0.0067,0.0045,-0.0315,-35.6
0.474,-0.0008,0.003,-0.0015,-0.0346,-35.8
0.475,-0.003,-0.0015,-0.0053,-0.0188,-36.1
0.476,-0.0023,-0.0068,0.0022,-0.0008,-36.3
0.477,0.0037,-0.0068,0.0142,0.0097,-36.6
0.478,0.0082,-0.0075,0.024,0.018,-36.9
0.479,0.0127,-0.0083,0.0345,0.006,-37.1
0.48,0.0157,-0.006,0.0412,-0.0105,-37.4
0.481,0.0187,-0.0046,0.0517,-0.0181,-37.6
0.482,0.0232,-0.003,0.0532,-0.0256,-37.8
0.483,0.0232,-0.0008,0.051,-0.0315,-38.0
0.484,0.0255,0.0067,0.0532,-0.0158,-38.2
0.485,0.024,0.0097,0.051,0.0015,-38.4
0.486,0.0247,0.009,0.054,0.009,-38.6
0.487,0.0262,0.0105,0.0577,0.009,-38.8
0.488,0.0247,0.0105,0.063,0.0067,-39.0
0.489,0.0285,0.0097,0.063,0.0052,-39.2
0.49,0.0277,0.0075,0.0622,-0.0008,-39.5
0.491,0.0255,0.0067,0.063,0.0015,-39.6
0.492,0.0255,0.0067,0.0592,0.006,-39.9
0.493,0.0217,0.0052,0.0555,0.0067,-40.1
0.494,0.0202,0.003,0.0517,0.0052,-40.3
0.495,0.0195,0.003,0.0457,0.0015,-40.5
0.496,0.0157,0.0037,0.0382,0.0022,-40.7
0.497,0.012,0.003,0.0315,0.0075,-40.9
0.498,0.009,0.0037,0.024,0.012,-41.1
0.499,0.006,0.0015,0.0195,0.0082,-41.3
0.5,0.0052,0.0015,0.0172,0.0097,-41.6
0.501,0.0037,0.003,0.0142,0.0045,-41.8
0.502,0.003,0.0067,0.012,-0.006,-42.0
0.503,0.003,0.0067,0.0105,-0.0068,-42.2
0.504,0.0,0.0037,0.0082,-0.0105,-42.4
0.505,-0.0008,-0.0008,0.0022,-0.0083,-42.6
0.506,-0.0046,-0.003,-0.0023,0.009,-42.8
0.507,-0.0083,-0.0038,-0.0068,0.0232,-43.1
0.508,-0.0098,-0.0046,-0.0105,0.024,-43.2
0.509,-0.0098,-0.0046,-0.012,0.0142,-43.5
0.51,-0.0105,-0.0053,-0.0158,0.0022,-43.7
0.511,-0.0113,-0.0083,-0.0188,-0.0203,-43.9
0.512,-0.012,-0.0068,-0.0181,-0.0428,-44.1
0.513,-0.012,-0.0038,-0.0203,-0.039,-44.3
0.514,-0.012,-0.0038,-0.0195,-0.033,-44.6
0.515,-0.012,0.003,-0.0188,-0.0315,-44.8
0.516,-0.0105,0.0105,-0.0181,-0.0173,-45.0
0.517,-0.0098,0.012,-0.0135,0.0007,-45.2
0.518,-0.0083,0.0135,-0.0128,0.0157,-45.4
0.519,-0.0083,0.0105,-0.012,0.0307,-45.6
0.52,-0.0068,0.0082,-0.0113,0.0517,-45.9
0.521,-0.0083,0.0022,-0.0158,0.0405,-46.0
0.522,-0.0105,-0.0046,-0.0188,0.0202,-46.2
0.523,-0.0105,-0.0046,-0.0225,0.015,-46.4
0.524,-0.0105,-0.0053,-0.0248,0.003,-46.5
0.525,-0.0098,-0.0091,-0.027,-0.0008,-46.7
0.526,-0.0113,-0.0128,-0.0278,-0.0015,-46.9
0.527,-0.0105,-0.015,-0.0278,-0.0015,-47.1
0.528,-0.0105,-0.0165,-0.033,-0.0015,-47.2
0.529,-0.0098,-0.0158,-0.0315,-0.0053,-47.4
0.53,-0.0098,-0.012,-0.033,-0.0075,-47.6
0.531,-0.012,-0.0083,-0.0346,-0.0068,-47.7
0.532,-0.012,-0.003,-0.0346,-0.0083,-47.9
0.533,-0.0128,0.0015,-0.0315,-0.0083,-48.1
0.534,-0.0128,0.0037,-0.0285,-0.0075,-48.2
0.535,-0.0135,0.0067,-0.0293,-0.006,-48.4
0.536,-0.0143,0.0105,-0.027,-0.0046,-48.6
0.537,-0.0128,0.012,-0.0263,-0.0046,-48.8
0.538,-0.012,0.009,-0.0263,-0.0053,-48.9
0.539,-0.0105,0.0052,-0.0233,-0.0046,-49.1
0.54,-0.0075,0.003,-0.0203,-0.003,-49.3
0.541,-0.0038,0.0007,-0.0158,-0.003,-49.4
0.542,-0.0046,0.0007,-0.0135,-0.0015,-49.5
0.543,-0.0038,-0.0008,-0.0128,0.0007,-49.6
0.544,-0.003,-0.003,-0.012,0.0022,-49.8
0.545,-0.006,-0.0068,-0.0105,0.006,-49.9
0.546,-0.0083,-0.0075,-0.0128,0.0052,-50.0
0.547,-0.0083,-0.0105,-0.012,0.0015,-50.1
0.548,-0.0068,-0.0128,-0.012,0.0007,-50.2
0.549,-0.0053,-0.0128,-0.0091,-0.003,-50.4
0.55,-0.0015,-0.0158,-0.0015,-0.0083,-50.5
0.551,-0.0008,-0.012,0.0015,-0.0091,-50.6
0.552,0.0,-0.0083,0.0067,-0.0083,-50.7
0.553,0.0022,-0.0053,0.009,-0.0068,-50.8
0.554,0.003,-0.0008,0.0112,-0.0053,-50.9
0.555,0.0045,0.0007,0.0127,-0.0015,-51.1
0.556,0.0022,0.0007,0.0105,-0.0008,-51.2
0.557,0.0022,0.0015,0.0105,-0.0023,-51.3
0.558,0.0045,0.0022,0.0127,-0.0015,-51.4
0.559,0.0045,0.003,0.012,-0.0023,-51.5
0.56,0.0022,0.0015,0.012,0.0,-51.7
0.561,0.0015,0.003,0.012,0.0,-51.8
0.562,0.0007,0.0037,0.0105,-0.0008,-51.8
0.563,0.0007,0.0007,0.009,0.0,-51.9
0.564,0.0007,0.0007,0.0082,0.0007,-52.0
0.565,0.0007,0.0015,0.0067,-0.0008,-52.1
0.566,0.0015,0.0007,0.0067,0.0,-52.2
0.567,0.0052,-0.0008,0.0075,-0.0008,-52.2
0.568,0.0052,-0.0015,0.0067,-0.0023,-52.3
0.569,0.0045,-0.0008,0.0052,-0.0015,-52.4
0.57,0.0052,0.0015,0.0052,-0.0008,-52.5
0.571,0.0045,0.0052,0.0082,0.0,-52.6
0.572,0.0052,0.0052,0.0105,0.0,-52.7
0.573,0.006,0.0045,0.012,0.0,-52.7
0.574,0.0067,0.0052,0.0112,0.0015,-52.8
0.575,0.0067,0.0045,0.0112,0.0022,-52.9
0.576,0.0052,0.0,0.0112,0.0022,-53.0
0.577,0.0052,-0.0015,0.012,-0.0008,-53.1
0.578,0.0067,-0.0015,0.009,-0.0008,-53.1
0.579,0.0045,-0.0023,0.0082,-0.0015,-53.2
0.58,0.0037,-0.0038,0.0105,-0.003,-53.3
0.581,0.0037,-0.0046,0.0067,-0.003,-53.3
0.582,0.0022,-0.0046,0.0067,-0.0038,-53.4
0.583,0.0015,-0.0053,0.0067,-0.0053,-53.5
0.584,0.003,-0.0053,0.006,-0.0053,-53.6
0.585,0.003,-0.006,0.006,-0.0053,-53.6
0.586,0.0037,-0.0068,0.0022,-0.0046,-53.6
0.587,0.0022,-0.003,0.0045,-0.0046,-53.7
0.588,0.003,-0.003,0.0022,-0.003,-53.8
0.589,0.0015,-0.0023,0.0015,-0.0038,-53.9
0.59,0.0015,-0.0008,0.0045,-0.0023,-53.9
0.591,0.0015,0.0007,0.003,-0.0008,-54.0
0.592,-0.0008,0.0015,0.003,-0.0008,-54.0
0.593,0.0,0.003,0.0022,0.0007,-54.1
0.594,0.0015,0.0045,0.0015,0.0,-54.2
0.595,0.0022,0.003,0.003,0.0007,-54.2
0.596,0.0022,0.0045,0.0015,-0.0008,-54.3
0.597,0.0015,0.0022,0.0015,0.0007,-54.4
0.598,0.0007,0.003,0.0022,0.0015,-54.4
0.599,0.0015,0.0045,0.0007,0.0015,-54.5
0.6,0.0015,0.0015,0.0045,0.0015,-54.6
0.601,0.0015,-0.0015,0.0067,0.0022,-54.6
0.602,0.0,-0.0015,0.0067,0.0015,-54.6
0.603,-0.0008,-0.003,0.0082,0.0,-54.6
0.604,-0.0008,-0.003,0.0082,0.0,-54.6
0.605,-0.0008,-0.0015,0.0082,-0.0015,-54.6
0.606,-0.0008,-0.003,0.0037,-0.003,-54.6
0.607,-0.0015,-0.0046,0.003,-0.003,-54.6
0.608,-0.0008,-0.0046,0.003,-0.0038,-54.7
0.609,-0.0008,-0.0038,0.0007,-0.0046,-54.7
0.61,0.0007,-0.003,0.0,-0.0038,-54.7
0.611,0.0007,-0.003,0.0007,-0.0023,-54.7
0.612,0.0007,-0.0015,0.0022,0.0,-54.7
0.613,0.0015,-0.0008,0.0037,-0.0008,-54.8
0.614,0.0,0.0007,0.0067,-0.0008,-54.8
0.615,0.0015,0.0,0.009,-0.0008,-54.8
0.616,0.0022,0.0007,0.0082,-0.0008,-54.8
0.617,0.0067,0.003,0.009,0.0007,-54.8
0.618,0.0067,0.003,0.009,0.0007,-54.8
0.619,0.0045,0.0037,0.009,0.0015,-54.9
0.62,0.0045,0.003,0.0045,0.0007,-54.9
0.621,0.0015,0.0015,0.003,-0.0008,-54.9
0.622,0.003,0.003,0.0052,-0.0015,-54.9
0.623,0.003,0.0007,0.0022,-0.0015,-54.9
0.624,0.0015,0.0007,0.003,-0.0015,-54.8
0.625,0.0015,0.0007,0.003,-0.0023,-54.8
0.626,0.003,0.0007,0.0045,-0.0015,-54.8
0.627,0.0045,-0.0008,0.0082,-0.0008,-54.8
0.628,0.003,-0.0008,0.009,-0.0015,-54.8
0.629,0.003,-0.0008,0.0097,-0.0015,-54.7
0.63,0.003,-0.003,0.0082,-0.0008,-54.7
0.631,0.003,-0.0015,0.0082,-0.0008,-54.7
0.632,0.0007,-0.0015,0.0075,-0.003,-54.7
0.633,0.0007,-0.003,0.0075,-0.003,-54.7
0.634,0.0015,-0.0023,0.0052,-0.003,-54.6
0.635,0.0007,-0.0038,0.0045,-0.0023,-54.6
0.636,0.0,-0.0015,0.0052,-0.0015,-54.6
0.637,-0.0008,-0.0008,0.003,-0.003,-54.6
0.638,-0.0023,-0.0015,0.0015,-0.003,-54.6
0.639,-0.003,-0.0008,-0.0015,-0.003,-54.5
0.64,-0.0046,-0.0008,-0.0008,-0.003,-54.5
0.641,-0.0046,-0.0008,-0.0046,-0.0023,-54.5
0.642,-0.0053,-0.0015,-0.0053,-0.0015,-54.4
0.643,-0.0068,-0.0046,-0.006,-0.0015,-54.4
0.644,-0.0068,-0.003,-0.0098,-0.0008,-54.3
0.645,-0.0068,-0.0008,-0.012,0.0,-54.3
0.646,-0.0068,-0.003,-0.0143,-0.0015,-54.2
0.647,-0.0068,-0.0015,-0.0143,-0.0015,-54.1
0.648,-0.0083,-0.0015,-0.0135,-0.0023,-54.1
0.649,-0.0053,-0.0015,-0.012,-0.003,-54.0
0.65,-0.0053,0.0007,-0.0105,-0.0015,-54.0
0.651,-0.0053,-0.0015,-0.0068,-0.0023,-53.9
0.652,-0.0038,-0.0015,-0.0053,-0.0015,-53.9
0.653,-0.003,-0.0015,-0.0008,-0.0015,-53.8
0.654,-0.0008,0.0,0.0022,-0.0015,-53.7
0.655,0.0,0.0007,0.0,-0.0008,-53.7
0.656,0.0007,0.0,0.0007,-0.0015,-53.6
0.657,0.0007,-0.0015,0.0007,-0.0008,-53.6
0.658,0.0,-0.0015,0.0015,-0.0008,-53.6
0.659,0.0015,-0.0008,0.003,-0.0008,-53.5
0.66,0.0015,-0.0008,-0.0008,-0.0008,-53.4
0.661,0.0007,-0.0008,-0.0023,-0.0023,-53.3
0.662,-0.0023,-0.0015,-0.0008,-0.0015,-53.2
0.663,-0.003,-0.0008,-0.0015,-0.0008,-53.2
0.664,-0.0023,-0.0008,-0.0015,-0.0008,-53.1
0.665,-0.003,-0.0008,-0.0046,-0.0008,-53.0
0.666,0.0,-0.0015,-0.003,0.0,-52.9
0.667,0.0007,-0.0015,-0.0015,0.0,-52.8
0.668,0.0007,-0.0015,-0.0008,0.0007,-52.8
0.669,0.0015,-0.0015,-0.0008,0.0007,-52.7
0.67,0.0015,-0.0015,0.0015,-0.0008,-52.6
0.671,0.003,-0.0015,0.003,-0.0008,-52.5
0.672,0.0045,-0.0023,0.003,0.0,-52.4
0.673,0.003,-0.0008,0.0052,0.0,-52.4
0.674,0.003,0.0,0.0052,0.0,-52.3
0.675,0.003,-0.0008,0.0045,0.0,-52.2
0.676,0.0007,-0.0015,0.003,-0.0008,-52.1
0.677,0.0015,-0.0008,0.003,0.0,-52.0
0.678,0.0007,0.0,0.0037,0.0,-52.0
0.679,-0.0008,0.0,0.0007,0.0,-51.9
0.68,-0.0015,0.0007,0.0007,0.0015,-51.8
0.681,-0.0015,0.0,0.0007,-0.0008,-51.7
0.682,-0.0015,-0.0015,-0.0008,0.0,-51.6
0.683,-0.0015,-0.0015,-0.0015,-0.0008,-51.5
0.684,-0.003,-0.0015,-0.0053,-0.0008,-51.4
0.685,-0.0015,-0.003,-0.0023,-0.0008,-51.3
0.686,-0.0023,-0.003,0.0,-0.0015,-51.3
0.687,-0.0046,-0.0015,-0.0023,0.0,-51.2
0.688,-0.0046,-0.003,-0.0015,-0.003,-51.1
0.689,-0.0046,-0.0015,-0.003,-0.0015,-51.0
0.69,-0.0046,-0.0008,-0.003,-0.0015,-50.9
0.691,-0.003,-0.0008,-0.0008,-0.0015,-50.8
0.692,-0.003,-0.0008,-0.0038,0.0,-50.7
0.693,-0.003,0.0,-0.0053,-0.0008,-50.6
0.694,-0.003,-0.0008,-0.0053,-0.0015,-50.5
0.695,-0.003,-0.0008,-0.0046,0.0,-50.4
0.696,-0.0008,-0.0015,0.0007,0.0,-50.3
0.697,0.0022,-0.0015,0.006,-0.0008,-50.2
0.698,0.0015,-0.0008,0.0037,0.0007,-50.1
0.699,0.0,-0.0008,0.003,0.0,-50.0
0.7,0.0015,0.0007,0.0007,-0.0008,-50.0
0.701,-0.0008,0.0015,-0.0053,-0.0015,-49.8
0.702,-0.0023,-0.0008,-0.0053,-0.0008,-49.7
0.703,-0.0038,0.0007,-0.0068,-0.0008,-49.6
0.704,-0.0053,0.0007,-0.006,-0.003,-49.5
0.705,-0.0038,-0.0008,-0.0075,-0.003,-49.4
0.706,-0.0038,0.0,-0.0098,-0.003,-49.2
0.707,-0.0053,0.0007,-0.0098,-0.003,-49.1
0.708,-0.0053,-0.0008,-0.0113,-0.0008,-49.0
0.709,-0.0046,-0.0015,-0.0083,-0.0023,-48.9
0.71,-0.0015,-0.0015,-0.0068,-0.003,-48.7
0.711,-0.0023,-0.0008,-0.0083,-0.0023,-48.6
0.712,-0.003,-0.0008,-0.0053,-0.003,-48.5
0.713,-0.0023,-0.0015,-0.0038,-0.003,-48.4
0.714,-0.003,-0.0015,-0.0046,-0.003,-48.3
0.715,-0.0023,0.0007,-0.0038,-0.003,-48.2
0.716,-0.0023,0.0015,-0.0023,-0.0046,-48.1
0.717,-0.0015,0.0015,0.0015,-0.0053,-47.9
0.718,0.0007,-0.0015,0.0045,-0.0053,-47.8
0.719,0.0007,-0.0008,0.0022,-0.003,-47.7
0.72,0.0007,-0.0008,0.003,-0.0046,-47.6
0.721,0.0007,-0.0008,0.0015,-0.003,-47.4
0.722,0.0015,-0.0008,0.003,-0.0023,-47.3
0.723,0.0015,-0.0015,0.0037,-0.0046,-47.1
0.724,0.0007,-0.0023,0.0045,-0.003,-46.9
0.725,0.0022,-0.0015,0.0037,-0.0038,-46.8
0.726,0.0037,0.0,0.0045,-0.0046,-46.6
0.727,0.0052,-0.0015,0.0037,-0.003,-46.4
0.728,0.0045,-0.0008,0.0045,-0.0023,-46.3
0.729,0.0022,-0.0008,0.003,-0.0008,-46.1
0.73,0.0022,-0.0015,0.0015,-0.0008,-46.0
0.731,0.0022,-0.0015,0.0037,0.0,-45.9
0.732,0.0015,-0.0015,0.003,-0.0008,-45.7
0.733,0.0007,0.0,0.0052,-0.0015,-45.5
0.734,-0.0008,-0.0008,0.0045,-0.0008,-45.4
0.735,-0.0008,-0.0008,0.006,-0.003,-45.2
0.736,0.0015,0.0,0.0067,-0.0015,-45.0
0.737,0.003,0.0,0.0052,-0.0008,-44.9
0.738,0.003,-0.0008,0.006,-0.003,-44.7
0.739,0.003,-0.0008,0.0045,-0.0015,-44.6
0.74,0.003,0.0,0.0052,-0.0015,-44.4
0.741,0.003,-0.0008,0.0067,-0.0015,-44.2
0.742,0.003,-0.0008,0.006,-0.0015,-44.1
0.743,0.0015,-0.0008,0.0052,-0.0015,-43.9
0.744,0.0022,-0.0015,0.0067,-0.0015,-43.7
0.745,0.0015,0.0,0.0067,-0.0008,-43.5
0.746,0.0015,-0.0008,0.0052,-0.0008,-43.3
0.747,0.003,-0.0008,0.0022,0.0,-43.1
0.748,0.0007,0.0,0.003,0.0007,-42.9
0.749,0.0015,0.0007,0.0067,0.0,-42.8
0.75,0.0015,0.0007,0.0045,0.0015,-42.6
0.751,0.0015,-0.0008,0.0045,0.0007,-42.4
0.752,0.0007,-0.0015,0.0052,-0.0008,-42.2
0.753,-0.0008,0.0,0.0052,-0.0015,-42.0
0.754,0.0007,-0.0008,0.0082,-0.0015,-41.9
0.755,0.0007,-0.0008,0.0052,-0.0015,-41.6
0.756,-0.0008,-0.0015,0.006,-0.0023,-41.4
0.757,0.0015,-0.0015,0.006,0.0,-41.3
0.758,0.0015,0.0,0.0067,0.0022,-41.1
0.759,0.0,0.0007,0.0067,0.0015,-40.9
0.76,0.0015,0.0007,0.0067,0.0015,-40.7
0.761,0.0022,-0.0008,0.006,-0.0015,-40.5
0.762,0.0015,-0.0015,0.0075,-0.003,-40.3
0.763,0.0007,-0.0015,0.0082,-0.003,-40.1
0.764,0.0015,-0.0015,0.0052,-0.003,-39.9
0.765,-0.0008,0.0007,0.0037,-0.0015,-39.6
0.766,-0.0015,0.0,0.0022,-0.0015,-39.5
0.767,-0.0008,-0.0008,0.003,-0.0015,-39.2
0.768,0.0007,0.0,0.0037,0.0007,-39.0
0.769,0.003,-0.0015,0.0052,-0.0008,-38.8
0.77,0.0022,-0.0015,0.0097,-0.0015,-38.6
0.771,0.0052,-0.0008,0.0195,-0.0008,-38.4
0.772,0.0105,-0.0008,0.0277,0.0007,-38.2
0.773,0.0105,-0.0008,0.0165,0.0,-38.0
0.774,0.0022,-0.0008,-0.0008,0.0,-37.8
0.775,-0.0046,-0.0008,-0.0091,0.0,-37.5
0.776,-0.0068,0.0,-0.0165,0.0,-37.4
0.777,-0.0091,0.0007,-0.0143,0.0007,-37.1
0.778,-0.0083,-0.0008,-0.015,0.0,-36.9
0.779,-0.0098,-0.0008,-0.0195,-0.0008,-36.7
0.78,-0.0105,0.0,-0.0158,0.0,-36.5
0.781,-0.0075,-0.0015,-0.0128,-0.0015,-36.3
0.782,-0.0046,-0.0023,-0.0113,-0.003,-36.0
0.783,-0.0046,-0.0015,-0.0083,-0.0046,-35.8
0.784,-0.0038,-0.0008,-0.0075,-0.0046,-35.6
0.785,-0.0038,-0.0008,-0.006,-0.003,-35.3
0.786,-0.0046,-0.0015,-0.0046,-0.003,-35.1
0.787,-0.0015,-0.0008,-0.0023,-0.003,-34.8
0.788,-0.0008,-0.0008,0.0,-0.003,-34.6
0.789,0.0007,-0.0015,0.0007,-0.003,-34.4
0.79,0.0007,-0.0015,0.003,-0.0008,-34.1
0.791,0.003,-0.0008,0.0052,-0.0008,-33.9
0.792,0.0052,-0.0008,0.0075,-0.0008,-33.7
0.793,0.0037,0.0,0.009,-0.0008,-33.4
0.794,0.0045,0.0007,0.0105,-0.0008,-33.2
0.795,0.0045,0.0007,0.0127,0.0007,-32.9
0.796,0.0037,0.0015,0.0082,-0.0015,-32.7
0.797,0.0007,0.0015,0.003,-0.0008,-32.5
0.798,0.0007,0.0015,0.0007,0.0,-32.3
0.799,0.0007,0.0007,0.0,-0.0015,-32.0
0.8,0.0,-0.0015,0.003,-0.0023,-31.8
0.801,0.0015,-0.0008,0.0037,-0.0038,-31.5
0.802,0.0045,-0.0008,0.0067,-0.0023,-31.3
0.803,0.0045,-0.0015,0.0067,-0.003,-31.0
0.804,0.003,-0.0015,0.0052,-0.0008,-30.7
0.805,0.0015,-0.0008,0.0082,0.0015,-30.5
0.806,0.0022,0.0007,0.0082,0.003,-30.2
0.807,0.0007,-0.0008,0.0067,0.0015,-30.0
0.808,-0.0015,0.0,0.0052,-0.003,-29.7
0.809,-0.0015,-0.0015,0.0022,-0.003,-29.5
0.81,-0.0046,-0.0023,-0.0023,-0.0038,-29.2
0.811,-0.0068,-0.0015,-0.0083,-0.0023,-29.0
0.812,-0.0083,-0.0023,-0.0068,-0.0008,-28.7
0.813,-0.0053,-0.0015,-0.003,-0.0015,-28.5
0.814,-0.0015,-0.0023,-0.0015,0.0,-28.2
0.815,-0.0015,-0.0023,-0.0023,-0.0008,-27.9
0.816,-0.0023,0.0,-0.0046,0.0007,-27.7
0.817,-0.0038,0.0,-0.0046,0.0,-27.5
0.818,-0.0023,0.0,-0.0068,0.0007,-27.2
0.819,-0.003,0.0007,-0.0053,0.0015,-27.0
0.82,-0.0015,0.0015,-0.0038,0.0015,-26.7
0.821,-0.0008,0.0015,-0.0023,0.0015,-26.4
0.822,0.0007,0.0007,-0.0015,-0.0008,-26.1
0.823,0.0015,0.0,-0.0008,-0.003,-25.9
0.824,0.0007,-0.0023,0.0015,-0.0046,-25.6
0.825,0.0,-0.0023,0.0022,-0.0023,-25.3
0.826,-0.0015,-0.003,0.0045,-0.003,-25.0
0.827,0.0007,-0.0015,0.0082,-0.0053,-24.8
0.828,0.0015,-0.0008,0.0067,-0.0053,-24.5
0.829,0.0007,-0.003,0.0052,-0.006,-24.2
0.83,0.0015,-0.0008,0.0067,-0.0015,-23.9
0.831,0.0007,-0.0015,0.0052,0.0,-23.7
0.832,0.0007,0.0,0.0045,0.006,-23.4
0.833,-0.0008,0.0015,0.0007,0.0097,-23.1
0.834,-0.0015,0.0007,0.0022,0.0037,-22.9
0.835,0.0,0.0,0.0007,-0.0053,-22.5
0.836,-0.0023,-0.0015,0.0015,-0.0053,-22.3
0.837,-0.0023,-0.0015,0.0022,-0.0046,-22.0
0.838,0.0007,-0.0015,0.003,-0.0068,-21.7
0.839,0.0015,-0.0008,0.0067,-0.0038,-21.5
0.84,0.0015,0.0,0.0045,-0.0015,-21.2
0.841,0.0037,-0.0008,0.003,0.0,-20.9
0.842,0.0045,-0.0008,-0.0008,0.003,-20.7
0.843,0.003,0.0007,-0.003,0.0082,-20.4
0.844,0.0045,0.0007,0.0,0.006,-20.1
0.845,0.003,0.0007,0.0007,0.0007,-19.8
0.846,0.0015,0.0007,-0.0008,-0.0023,-19.5
0.847,-0.0008,-0.0008,0.0007,-0.0046,-19.3
0.848,-0.0015,-0.0053,0.0007,-0.0023,-19.0
0.849,-0.0008,-0.0083,0.0015,-0.0015,-18.7
0.85,0.0007,-0.0046,0.0007,-0.0015,-18.4
0.851,0.0015,0.0007,0.0,-0.0008,-18.1
0.852,0.0007,-0.003,0.0007,-0.003,-17.9
0.853,0.0,-0.0046,0.0007,-0.003,-17.6
0.854,-0.0008,-0.0053,0.0,-0.0046,-17.3
0.855,-0.0015,-0.0046,-0.0046,-0.0008,-17.1
0.856,-0.003,-0.003,-0.0091,0.003,-16.8
0.857,-0.0053,-0.0015,-0.0113,0.003,-16.5
0.858,-0.0053,0.0007,-0.0053,0.0007,-16.2
0.859,-0.0015,-0.0008,0.0052,-0.0046,-15.9
0.86,0.0007,0.0007,0.0097,-0.0083,-15.7
0.861,0.0015,-0.0015,0.0082,-0.012,-15.4
0.862,0.0007,-0.0046,0.006,-0.0143,-15.1
0.863,0.0007,-0.006,0.0067,-0.0128,-14.8
0.864,0.0015,-0.0053,0.0052,-0.0135,-14.5
0.865,0.0037,-0.003,0.0052,-0.0105,-14.2
0.866,0.0067,0.0,0.003,-0.0053,-13.9
0.867,0.0045,0.003,-0.003,-0.0015,-13.6
0.868,-0.0008,0.0052,-0.012,0.0015,-13.3
0.869,-0.0053,0.0045,-0.0165,0.0045,-13.0
0.87,-0.0053,0.0045,-0.0105,0.006,-12.7
0.871,-0.0008,0.0045,-0.0008,0.0067,-12.5
0.872,-0.0008,0.0067,0.0082,0.0105,-12.2
0.873,0.0015,0.0082,0.0097,0.0097,-11.9
0.874,-0.0008,0.003,0.0045,0.0135,-11.6
0.875,-0.003,-0.0046,0.0015,0.012,-11.3
0.876,-0.0015,-0.0008,0.003,0.0082,-11.0
0.877,-0.0008,0.0015,0.0112,0.0082,-10.7
0.878,0.0,0.0,0.0157,0.0045,-10.4
0.879,-0.0038,-0.0008,0.0142,0.0037,-10.1
0.88,-0.0053,-0.0008,0.0135,0.0007,-9.8
0.881,-0.0023,-0.0008,0.0082,-0.0053,-9.5
0.882,-0.0008,-0.003,0.0015,-0.0113,-9.2
0.883,0.0037,-0.0053,-0.006,-0.0143,-8.9
0.884,0.0067,-0.0046,-0.0143,-0.0053,-8.6
0.885,0.0082,0.0007,-0.012,0.0052,-8.2
0.886,0.0105,-0.0015,0.0007,0.0052,-7.9
0.887,0.009,-0.0068,0.0082,0.0052,-7.6
0.888,0.006,-0.0046,0.0022,0.0075,-7.3
0.889,0.0067,0.0015,-0.0023,0.0082,-7.0
0.89,0.009,0.0067,-0.0068,0.0022,-6.6
0.891,0.0112,0.006,-0.0075,-0.012,-6.3
0.892,0.009,0.0015,-0.0023,-0.024,-6.0
0.893,0.0045,-0.0038,0.0022,-0.024,-5.7
0.894,-0.0075,-0.0083,0.0045,-0.012,-5.4
0.895,-0.0165,-0.0105,0.003,-0.0053,-5.0
0.896,-0.024,-0.0083,-0.0015,0.0022,-4.7
0.897,-0.0315,-0.0053,-0.0008,0.0052,-4.4
0.898,-0.027,-0.003,0.0007,0.0082,-4.1
0.899,-0.021,0.0045,0.0007,0.0105,-3.8
0.9,-0.015,0.0157,0.0067,0.0037,-3.5
0.901,-0.0068,0.0075,0.0127,-0.003,-3.2
0.902,0.0,-0.003,0.0165,-0.0053,-3.0
0.903,0.0075,-0.0023,0.0142,-0.0053,-2.7
0.904,0.009,-0.0046,0.0105,-0.0046,-2.5
0.905,0.0112,-0.0008,0.012,-0.0046,-2.3
0.906,0.0165,0.0007,0.0075,-0.003,-2.0
0.907,0.0172,-0.0015,0.006,0.0007,-1.8
0.908,0.018,0.0015,0.0097,0.0015,-1.5
0.909,0.0165,-0.0008,0.0045,0.0015,-1.3
0.91,0.015,0.003,0.0015,-0.0008,-1.0
0.911,0.015,0.006,-0.0015,-0.0015,-0.8
0.912,0.009,0.0082,-0.0015,-0.0008,-0.6
0.913,0.0052,0.003,0.003,-0.0015,-0.3
0.914,0.0052,-0.0015,0.0015,0.0007,-0.1
0.915,0.0067,0.0007,-0.0008,0.0015,0.1
0.916,0.009,0.003,-0.0023,0.003,0.4
0.917,0.0075,0.0037,-0.0083,0.0007,0.6
0.918,0.0007,-0.0015,-0.012,-0.0053,0.9
0.919,-0.003,-0.0098,-0.0068,-0.015,1.1
0.92,-0.0068,-0.012,-0.003,-0.0203,1.3
0.921,-0.0068,-0.0083,0.0082,-0.0143,1.5
0.922,-0.0008,-0.0075,0.0202,-0.0053,1.6
0.923,0.0015,-0.0083,0.012,-0.0008,1.8
0.924,-0.0015,-0.0105,0.009,-0.0015,1.9
0.925,-0.003,-0.0158,0.0105,-0.0038,2.1
0.926,0.0,-0.0165,0.0045,-0.0015,2.2
0.927,-0.003,-0.0105,0.0045,0.0,2.3
0.928,-0.0046,-0.0038,0.0052,0.0022,2.5
0.929,-0.0008,0.0045,0.0045,0.0105,2.6
0.93,0.0045,0.0345,0.006,0.021,2.7
0.931,0.0105,0.0622,0.0097,0.0217,2.9
0.932,0.0127,0.051,0.0157,0.0142,3.0
0.933,0.009,0.0135,0.0195,0.009,3.1
0.934,0.0007,-0.0053,0.021,0.0015,3.3
0.935,-0.0068,-0.0083,0.0225,-0.0083,3.5
0.936,-0.0038,-0.0143,0.024,-0.012,3.6
0.937,0.0045,-0.0181,0.0195,-0.0188,3.7
0.938,0.003,-0.03,0.0075,-0.0256,3.9
0.939,-0.0015,-0.042,0.0067,-0.0256,4.0
0.94,-0.0015,-0.0473,0.009,-0.0181,4.1
0.941,0.0007,-0.0465,0.0037,-0.0098,4.2
0.942,0.0022,-0.0293,-0.0015,-0.0083,4.3
0.943,0.0052,-0.0105,-0.0143,-0.0083,4.3
0.944,0.0082,-0.0083,-0.0203,-0.006,4.4
0.945,0.0082,-0.012,-0.0195,0.0007,4.5
0.946,0.0052,-0.0008,-0.015,0.012,4.5
0.947,-0.0113,0.027,-0.0091,0.0195,4.6
0.948,-0.0233,0.0465,-0.0075,0.0195,4.7
0.949,-0.027,0.0487,-0.0083,0.0165,4.7
0.95,-0.0263,0.0555,-0.0091,0.0142,4.8
0.951,-0.0158,0.0397,-0.0113,0.0142,4.9
0.952,-0.0046,0.0247,-0.0091,0.0165,4.9
0.953,0.0067,0.0135,-0.0091,0.0112,5.0
0.954,0.0075,-0.0015,-0.0128,0.0142,5.0
0.955,0.003,0.0165,-0.0143,0.0195,5.1
0.956,-0.0068,0.0345,-0.015,0.015,5.2
0.957,-0.0195,0.0352,-0.012,0.0052,5.3
0.958,-0.0181,0.012,-0.015,-0.0083,5.3
0.959,-0.0143,-0.0008,-0.0143,-0.0158,5.4
0.96,-0.0068,-0.0091,-0.0098,-0.0203,5.4
0.961,-0.0008,-0.021,-0.0091,-0.0203,5.4
0.962,-0.0046,-0.0248,-0.006,-0.021,5.4
0.963,-0.0015,-0.0346,-0.003,-0.0203,5.4
0.964,0.0007,-0.024,0.0045,-0.015,5.4
0.965,0.0007,-0.0181,0.0015,-0.0135,5.4
0.966,0.0022,-0.0105,-0.003,-0.0075,5.4
0.967,0.0,-0.0053,-0.0053,-0.0046,5.3
0.968,0.003,-0.003,-0.0068,-0.0008,5.3
0.969,0.0045,-0.0046,-0.012,0.0007,5.3
0.97,0.0052,-0.0091,-0.0181,0.003,5.3
0.971,0.0075,-0.0046,-0.0143,0.012,5.3
0.972,0.0067,-0.0008,-0.0083,0.0142,5.3
0.973,0.0007,-0.003,-0.0008,0.0105,5.3
0.974,-0.003,-0.0053,0.0052,0.0037,5.2
0.975,-0.0015,-0.0038,0.0127,-0.003,5.2
0.976,0.0022,-0.0038,0.0187,-0.0053,5.2
0.977,0.0052,-0.0046,0.024,-0.0046,5.2
0.978,0.006,-0.0068,0.0217,0.003,5.2
0.979,0.0052,-0.006,0.0127,0.0135,5.1
0.98,-0.0008,-0.006,0.0052,0.0045,5.1
0.981,-0.0015,-0.0105,0.0007,-0.0173,5.1
0.982,-0.0015,-0.015,0.009,-0.0308,5.0
0.983,-0.0023,-0.0158,0.0172,-0.0218,5.0
0.984,-0.0008,-0.0105,0.0142,-0.0046,4.9
0.985,-0.0008,-0.003,0.0165,-0.0008,4.9
0.986,0.0015,0.0007,0.0142,-0.0046,4.8
0.987,0.0037,0.0015,0.0112,0.0007,4.8
0.988,0.0015,0.0037,0.0,0.012,4.7
0.989,-0.003,0.009,-0.0128,0.0202,4.7
0.99,-0.0143,0.0127,-0.0143,0.0172,4.6
0.991,-0.0256,0.012,-0.0158,0.006,4.5
0.992,-0.021,0.009,-0.0143,-0.003,4.5
0.993,-0.0128,0.0015,-0.012,-0.0143,4.5
0.994,-0.0046,-0.0083,-0.0113,-0.0225,4.4
0.995,0.0015,-0.0113,-0.0068,-0.0181,4.4
0.996,0.0007,-0.0105,-0.0008,-0.0015,4.3
0.997,0.0015,-0.0128,-0.0046,0.0007,4.2
0.998,0.003,-0.015,-0.0105,-0.003,4.2
0.999,0.0007,-0.012,-0.0195,-0.003,4.1
1.0,-0.0008,-0.0053,-0.0248,-0.0158,4.0
1.001,0.003,-0.0008,-0.024,-0.015,4.0
1.002,0.0045,-0.0008,-0.0143,-0.0083,3.8
1.003,0.006,0.0007,0.0082,-0.0023,3.7
1.004,0.018,0.0105,0.0202,0.0127,3.6
1.005,0.0195,0.0142,0.018,0.0262,3.5
1.006,0.009,0.0105,0.0112,0.024,3.3
1.007,-0.003,0.0052,-0.0038,0.0112,3.2
1.008,-0.0165,0.0022,-0.0188,0.018,3.1
1.009,-0.0248,0.0022,-0.0256,0.0277,3.0
1.01,-0.0233,0.0067,-0.0218,0.0232,2.8
1.011,-0.0135,0.0075,-0.0075,0.0067,2.7
1.012,-0.0015,0.003,0.0022,-0.0091,2.6
1.013,0.0037,-0.0053,0.0075,-0.0256,2.5
1.014,0.0,-0.0233,0.0112,-0.0503,2.3
1.015,0.0022,-0.0368,0.0142,-0.0765,2.2
1.016,0.003,-0.0413,0.0187,-0.0915,2.1
1.017,0.003,-0.0428,0.027,-0.0833,1.9
1.018,0.0105,-0.0465,0.0255,-0.0668,1.8
1.019,0.009,-0.0428,0.0172,-0.042,1.7
1.02,0.0052,-0.0256,0.0187,-0.0181,1.5
1.021,0.0105,-0.0113,0.0202,0.0022,1.6
1.022,0.021,-0.0023,0.018,0.018,1.6
1.023,0.0195,0.0232,0.0202,0.0337,1.6
1.024,0.0067,0.0622,0.0165,0.0457,1.6
1.025,-0.003,0.069,0.006,0.0457,1.7
1.026,-0.0075,0.0555,0.0,0.0495,1.7
1.027,-0.0053,0.0495,-0.006,0.0555,1.7
1.028,-0.003,0.0195,-0.0098,0.0472,1.8
1.029,-0.0105,0.0165,-0.0195,0.048,1.8
1.03,-0.0256,0.0562,-0.0315,0.0592,1.8
1.031,-0.0383,0.0675,-0.0443,0.042,1.8
1.032,-0.0503,0.0277,-0.0465,0.0135,1.8
1.033,-0.0473,-0.0128,-0.0383,-0.0008,1.9
1.034,-0.021,-0.0158,-0.027,-0.0128,1.9
1.035,0.0105,-0.015,-0.0046,-0.0083,1.9
1.036,0.036,-0.012,0.018,0.0007,2.0
1.037,0.0517,-0.0098,0.0442,0.0007,2.0
1.038,0.0532,-0.0158,0.051,0.0052,2.0
1.039,0.042,-0.0158,0.0315,0.0067,2.0
1.04,0.0292,-0.0143,0.0165,-0.0015,2.1
1.041,0.009,-0.0143,0.0045,-0.0046,2.1
1.042,-0.0053,-0.0158,-0.0008,0.0037,2.1
1.043,-0.0053,-0.0278,-0.003,0.0052,2.1
1.044,-0.0091,-0.024,-0.0023,-0.0038,2.1
1.045,-0.0053,-0.0075,0.0127,-0.003,2.2
1.046,-0.003,-0.015,0.021,-0.0015,2.2
1.047,-0.0015,-0.0225,0.0217,-0.0046,2.2
1.048,0.0082,-0.0203,0.0195,-0.0195,2.2
1.049,0.0135,-0.003,0.0187,-0.0405,2.2
1.05,0.0195,0.0112,0.0202,-0.03,2.2
1.051,0.0195,0.0232,0.0232,-0.0105,2.2
1.052,0.0165,0.0277,0.024,0.0172,2.2
1.053,0.012,0.0127,0.0187,0.0315,2.3
1.054,0.0007,0.0142,0.0135,0.0045,2.3
1.055,-0.0053,0.0135,0.009,-0.0353,2.3
1.056,-0.0083,0.012,-0.003,-0.0706,2.3
1.057,-0.0128,-0.0015,-0.0203,-0.0638,2.3
1.058,-0.0195,-0.0218,-0.0361,-0.042,2.3
1.059,-0.0218,-0.021,-0.048,-0.0315,2.4
1.06,-0.0256,-0.0285,-0.054,-0.0181,2.4
1.061,-0.0293,-0.03,-0.0525,-0.024,2.2
1.062,-0.0278,-0.0256,-0.048,-0.0368,2.0
1.063,-0.0225,-0.0203,-0.0405,-0.0383,1.8
1.064,-0.0158,-0.0083,-0.0278,-0.0181,1.6
1.065,-0.0075,0.003,-0.0158,0.0202,1.4
1.066,-0.0008,0.0127,0.0045,0.0405,1.2
1.067,0.0082,0.0142,0.0232,0.0345,1.0
1.068,0.0165,0.018,0.0292,0.0127,0.8
1.069,0.0172,0.012,0.0352,0.0,0.6
1.07,0.0165,0.0007,0.0345,0.0007,0.4
1.071,0.015,-0.0046,0.0255,0.015,0.2
1.072,0.003,-0.0046,0.0067,0.0397,0.0
1.073,-0.015,0.0015,-0.0173,0.0367,-0.2
1.074,-0.0181,0.0007,-0.0195,0.0165,-0.4
1.075,-0.0091,-0.0023,-0.003,0.0015,-0.6
1.076,0.0052,-0.0015,0.021,-0.0195,-0.8
1.077,0.0195,0.0007,0.0345,-0.0233,-1.0
1.078,0.018,-0.0008,0.0405,-0.0113,-1.2
1.079,0.0127,-0.0023,0.0457,-0.0008,-1.4
1.08,0.021,0.0007,0.045,0.0112,-1.7
1.081,0.03,-0.0008,0.0495,0.0202,-1.9
1.082,0.0337,-0.0038,0.0457,0.0315,-2.2
1.083,0.0337,0.0045,0.0292,0.0307,-2.4
1.084,0.024,0.0195,0.0105,0.0277,-2.7
1.085,0.009,0.0195,-0.0083,0.0247,-3.0
1.086,-0.003,0.015,-0.0165,0.0105,-3.2
1.087,-0.0046,0.009,-0.0195,-0.0091,-3.5
1.088,-0.0105,-0.0015,-0.0225,-0.0075,-3.8
1.089,-0.021,-0.0046,-0.0135,-0.0113,-4.1
1.09,-0.03,-0.0105,0.0022,-0.0181,-4.4
1.091,-0.0315,-0.0135,0.0142,-0.0158,-4.6
1.092,-0.0128,-0.0075,0.0142,-0.0233,-4.9
1.093,0.0052,-0.0046,0.0202,-0.0181,-5.2
1.094,0.0142,-0.0015,0.0195,-0.0195,-5.4
1.095,0.018,-0.0008,0.0127,-0.0173,-5.7
1.096,0.0142,0.0015,0.0105,-0.0075,-6.0
1.097,0.0067,0.0045,0.0082,0.0037,-6.3
1.098,0.0157,0.0022,0.0202,0.0157,-6.5
1.099,0.024,0.0007,0.03,0.0142,-6.8
1.1,0.0157,0.003,0.0307,0.0157,-7.1
1.101,0.003,0.0015,0.0127,0.009,-7.1
1.102,-0.0038,0.0007,-0.0083,-0.0015,-7.1
1.103,-0.0023,0.003,-0.0181,-0.0023,-7.1
1.104,0.0015,0.0045,-0.0195,0.0007,-7.1
1.105,0.0052,0.0037,-0.0098,0.0105,-7.0
1.106,0.0067,0.0105,-0.0098,0.021,-7.0
1.107,0.012,0.0105,-0.0128,0.0262,-7.0
1.108,0.0112,0.0075,-0.021,0.024,-7.0
1.109,-0.0053,0.006,-0.0263,0.0165,-7.0
1.11,-0.0173,0.0015,-0.0195,0.0075,-6.9
1.111,-0.0278,-0.0038,-0.0143,-0.0083,-6.9
1.112,-0.0368,-0.012,-0.0083,-0.0398,-6.9
1.113,-0.033,-0.0195,-0.0015,-0.0525,-6.9
1.114,-0.0293,-0.0225,0.0007,-0.0338,-6.9
1.115,-0.0225,-0.0158,0.0082,-0.0165,-6.9
1.116,-0.0165,-0.006,0.0105,-0.0015,-6.8
1.117,-0.012,0.0,0.003,-0.0015,-6.8
1.118,-0.0091,-0.0008,0.003,-0.0046,-6.8
1.119,-0.0053,0.0007,-0.0015,-0.006,-6.8
1.12,0.0052,0.0007,-0.0091,-0.0068,-6.8
1.121,0.012,0.0007,-0.0165,0.0037,-6.6
1.122,0.018,0.0045,-0.021,0.0112,-6.5
1.123,0.009,0.0045,-0.0128,0.0172,-6.3
1.124,-0.006,0.0015,-0.0053,0.0052,-6.1
1.125,-0.0083,-0.0008,0.0007,-0.0113,-6.0
1.126,-0.0075,-0.0008,0.0007,-0.0128,-5.8
1.127,-0.0053,-0.003,-0.0068,-0.0091,-5.6
1.128,-0.0023,-0.0091,-0.0105,-0.0015,-5.5
1.129,-0.0015,-0.0098,-0.0225,0.0082,-5.3
1.13,-0.0053,-0.0053,-0.024,0.0195,-5.1
1.131,-0.0053,0.0007,-0.0263,0.0292,-5.0
1.132,-0.0068,0.003,-0.0293,0.024,-4.8
1.133,-0.0105,0.0007,-0.024,0.0165,-4.7
1.134,-0.0075,0.0037,-0.024,0.009,-4.5
1.135,-0.0068,-0.0023,-0.0195,-0.0015,-4.3
1.136,-0.0046,-0.0098,-0.0098,-0.012,-4.2
1.137,0.0015,-0.0091,0.0015,-0.0165,-4.0
1.138,0.0045,-0.0046,0.0105,-0.0181,-3.8
1.139,0.0082,-0.0038,0.0135,-0.024,-3.7
1.14,0.0097,-0.0053,0.0187,-0.0293,-3.5
1.141,0.0105,-0.0046,0.024,-0.0256,-3.4
1.142,0.0112,-0.0008,0.0255,-0.0181,-3.3
1.143,0.0105,0.003,0.0202,-0.0105,-3.2
1.144,0.009,0.0045,0.0217,-0.0015,-3.2
1.145,0.012,0.006,0.0217,0.009,-3.1
1.146,0.0105,0.0097,0.0157,0.015,-3.0
1.147,0.0052,0.0105,0.0105,0.015,-2.9
1.148,0.0045,0.0097,0.0105,0.012,-2.8
1.149,0.0045,0.0067,0.0105,0.0067,-2.7
1.15,0.003,0.0007,0.012,0.0,-2.7
1.151,0.0022,-0.006,0.0165,0.0037,-2.6
1.152,0.003,-0.0075,0.0165,0.0082,-2.5
1.153,0.0022,-0.0068,0.0165,0.0,-2.4
1.154,0.003,-0.0068,0.0135,-0.0091,-2.3
1.155,0.0022,-0.0046,0.009,-0.0083,-2.2
1.156,0.0015,-0.003,0.012,-0.0015,-2.2
1.157,0.0022,-0.003,0.0105,-0.012,-2.1
1.158,0.0,-0.0046,0.0082,-0.0158,-2.0
1.159,0.0,-0.0046,0.0045,-0.006,-1.9
1.16,-0.0015,-0.0046,0.0015,-0.0053,-1.8
1.161,-0.0023,-0.0015,-0.0008,0.003,-1.8
1.162,-0.0008,0.0007,0.0015,0.0052,-1.8
1.163,0.0015,0.0015,0.0037,0.003,-1.8
1.164,0.0015,0.0045,0.0007,0.003,-1.8
1.165,-0.0008,0.0052,0.0007,0.0045,-1.7
1.166,-0.0015,0.006,-0.0015,0.0082,-1.7
1.167,-0.0008,0.006,-0.0015,0.0075,-1.7
1.168,-0.0008,0.0045,0.0007,0.0052,-1.7
1.169,-0.0015,0.0037,-0.003,0.0082,-1.7
1.17,-0.0008,0.0022,-0.003,0.0165,-1.6
1.171,-0.0008,0.0052,-0.0015,0.0127,-1.6
1.172,-0.0015,0.0082,-0.0015,0.0067,-1.6
1.173,-0.0023,0.0052,-0.0053,0.0052,-1.6
1.174,-0.003,0.0045,-0.0053,0.0,-1.6
1.175,-0.003,-0.0015,-0.0068,-0.0181,-1.6
1.176,-0.003,-0.0105,-0.0008,-0.03,-1.5
1.177,-0.003,-0.015,0.0015,-0.0158,-1.5
1.178,-0.0046,-0.0158,-0.0038,-0.006,-1.5
1.179,-0.0046,-0.012,-0.006,-0.0143,-1.5
1.18,-0.0053,-0.0105,-0.0068,-0.0233,-1.5
1.181,-0.0046,-0.0083,-0.006,-0.0278,-1.4
1.182,-0.0038,-0.0053,-0.0053,-0.0203,-1.4
1.183,-0.0015,-0.0015,-0.0053,-0.0091,-1.4
1.184,-0.0008,0.0015,-0.0053,-0.0046,-1.4
1.185,-0.0015,0.0007,-0.0083,-0.0008,-1.3
1.186,-0.0023,0.0022,-0.0083,0.0015,-1.3
1.187,-0.0038,0.0045,-0.0091,0.003,-1.2
1.188,-0.0046,0.0045,-0.0091,0.0,-1.2
1.189,-0.003,0.003,-0.0053,0.0067,-1.1
1.19,-0.0015,0.0037,-0.0015,0.0127,-1.1
1.191,-0.0008,0.003,0.003,0.0105,-1.1
1.192,-0.0015,0.0022,-0.0008,0.0082,-1.0
1.193,-0.0038,0.0015,-0.0023,0.0067,-1.0
1.194,-0.0053,0.0,0.0045,0.0052,-0.9
1.195,-0.0023,-0.0008,0.0037,0.0045,-0.9
1.196,0.0022,-0.0008,0.0045,0.0015,-0.9
1.197,0.0067,0.0007,0.0052,-0.0008,-0.9
1.198,0.0067,0.0007,0.0022,-0.0008,-0.8
1.199,0.003,-0.0015,-0.0023,0.0007,-0.8
1.2,0.003,-0.0008,-0.003,-0.0008,-0.7
1.201,0.0037,-0.0015,0.0022,-0.0015,-0.6
1.202,0.0045,-0.0015,0.0045,0.0015,-0.5
1.203,0.0052,-0.0015,0.0015,0.0022,-0.5
1.204,0.0015,-0.0008,0.0007,0.0015,-0.4
1.205,-0.003,0.0007,0.0007,0.0045,-0.3
1.206,-0.0046,0.0007,-0.0046,0.0052,-0.2
1.207,-0.0046,0.0007,-0.0046,0.0015,-0.1
1.208,-0.0008,0.0007,0.0,-0.0008,0.0
1.209,0.0,-0.003,0.003,-0.0015,0.0
1.21,-0.0053,-0.003,0.0015,-0.0083,0.1
1.211,-0.006,-0.003,0.0022,-0.0173,0.2
1.212,-0.0046,-0.0083,0.0022,-0.0143,0.3
1.213,-0.0046,-0.0053,-0.0015,-0.0098,0.4
1.214,-0.0038,-0.0046,-0.0038,-0.0053,0.4
1.215,-0.0046,-0.0023,-0.0083,-0.0015,0.5
1.216,-0.0046,-0.0008,-0.0075,0.0007,0.6
1.217,-0.0038,-0.0023,-0.0091,0.0052,0.7
1.218,-0.0038,-0.0008,-0.0091,0.003,0.8
1.219,-0.003,-0.0015,-0.0053,0.0045,0.9
1.22,-0.0023,0.0,-0.0053,0.0097,0.9
1.221,-0.0015,0.003,-0.0038,0.012,1.0
1.222,0.0007,0.006,-0.0015,0.006,1.1
1.223,0.0037,0.0045,0.0007,-0.0008,1.1
1.224,0.0022,-0.0008,-0.003,-0.0008,1.2
1.225,0.0,-0.0015,-0.0008,0.003,1.3
1.226,0.0,-0.0046,0.0037,0.0052,1.3
1.227,-0.0008,-0.003,0.003,0.0022,1.3
1.228,0.0015,-0.0008,0.006,0.0052,1.4
1.229,0.0037,0.0015,0.0052,0.0022,1.5
1.23,0.0045,0.0022,0.009,-0.0068,1.5
1.231,0.0045,0.0007,0.012,-0.0091,1.6
1.232,0.003,0.0015,0.0112,-0.0143,1.7
1.233,0.0015,-0.0023,0.0105,-0.0263,1.7
1.234,-0.0008,-0.006,0.009,-0.0308,1.8
1.235,-0.0023,-0.0091,0.009,-0.0203,1.8
1.236,0.0,-0.0098,0.0105,-0.0143,1.9
1.237,0.0022,-0.0083,0.003,-0.0143,1.9
1.238,0.0015,-0.0075,-0.0046,-0.0195,2.0
1.239,0.0015,-0.006,0.0007,-0.0233,2.1
1.24,0.0022,-0.006,0.0052,-0.0181,2.1
1.241,0.0037,-0.003,0.0067,-0.0075,2.2
1.242,0.0022,0.0007,0.0045,0.0052,2.2
1.243,0.0022,0.0022,0.003,0.0165,2.2
1.244,0.0015,0.0052,0.003,0.0247,2.2
1.245,0.0007,0.009,0.0015,0.0292,2.2
1.246,-0.0023,0.0082,0.0022,0.024,2.3
1.247,-0.0046,0.0045,0.003,0.0082,2.3
1.248,-0.0046,0.003,0.0007,-0.0023,2.3
1.249,-0.0008,0.003,0.0007,0.0022,2.4
1.25,0.0015,0.0052,0.0052,0.0082,2.4
1.251,0.0037,0.0037,0.0105,-0.003,2.4
1.252,0.0037,0.0015,0.0135,-0.0128,2.5
1.253,0.0,-0.0008,0.0135,-0.0038,2.5
1.254,-0.0053,-0.0015,0.0127,0.003,2.5
1.255,-0.003,-0.0015,0.0127,0.003,2.6
1.256,0.0007,0.0,0.009,0.003,2.6
1.257,0.0052,0.0007,0.0067,-0.0008,2.6
1.258,0.0112,-0.0008,0.0082,-0.0068,2.6
1.259,0.0127,-0.0053,0.0082,-0.012,2.6
1.26,0.0142,-0.006,0.0082,-0.0075,2.7
1.261,0.0127,-0.0075,0.0067,0.0075,2.7
1.262,0.0082,-0.0091,0.0067,0.0157,2.7
1.263,0.0097,-0.0105,0.0067,0.009,2.7
1.264,0.006,-0.0075,0.0052,0.0045,2.8
1.265,-0.0008,-0.003,0.0045,-0.0015,2.8
1.266,-0.0053,-0.003,0.003,-0.0053,2.8
1.267,-0.0068,0.0007,0.0015,0.0,2.8
1.268,-0.003,0.003,0.003,0.0007,2.9
1.269,-0.0046,0.0007,0.0105,0.0007,2.9
1.27,-0.003,0.0015,0.0157,0.0007,2.9
1.271,-0.003,0.003,0.0082,0.0022,2.9
1.272,-0.0046,0.003,-0.0008,0.0037,2.9
1.273,0.0007,0.0052,-0.0098,0.0007,3.0
1.274,-0.0046,0.0037,-0.0158,0.0,3.0
1.275,-0.0068,0.0022,-0.0128,0.0,3.0
1.276,-0.0053,0.0022,-0.0113,-0.0008,3.0
1.277,-0.0068,0.0015,-0.0098,-0.0008,3.1
1.278,-0.006,0.0045,-0.0128,0.0,3.1
1.279,-0.006,0.003,-0.015,-0.0008,3.1
1.28,-0.0046,0.0007,-0.0143,-0.0015,3.1
1.281,-0.0038,0.0015,-0.0143,-0.0008,3.1
1.282,-0.0023,0.0015,-0.0091,-0.0008,3.1
1.283,0.0007,0.0,-0.0083,0.0015,3.1
1.284,0.0015,-0.003,-0.0046,-0.0015,3.2
1.285,0.0082,-0.003,0.0007,-0.0046,3.2
1.286,0.0165,-0.0015,0.0052,-0.003,3.2
1.287,0.0172,-0.0015,0.0052,-0.0046,3.2
1.288,0.0142,-0.0015,-0.0008,-0.0053,3.3
1.289,0.0075,0.0,0.0015,-0.0053,3.3
1.29,-0.0015,-0.0015,0.0045,-0.0105,3.3
1.291,-0.0068,-0.0053,0.0015,-0.015,3.3
1.292,-0.0091,-0.0053,-0.0015,-0.012,3.3
1.293,-0.003,-0.0015,-0.0068,-0.0083,3.4
1.294,0.0007,-0.0008,-0.0083,-0.0038,3.4
1.295,-0.006,-0.0008,-0.0046,-0.003,3.4
1.296,-0.0158,-0.0023,-0.0008,-0.0008,3.4
1.297,-0.0143,-0.0015,0.003,0.0015,3.5
1.298,-0.003,0.0007,0.0052,0.003,3.5
1.299,0.0075,0.003,0.006,0.003,3.5
1.3,0.0127,0.006,0.0097,0.0067,3.5
1.301,0.009,0.006,0.0127,0.0082,3.5
1.302,0.0015,0.0045,0.012,0.0007,3.5
1.303,-0.0091,0.0015,0.0142,-0.003,3.6
1.304,-0.021,-0.003,0.0142,-0.0023,3.6
1.305,-0.0165,-0.0038,0.0105,-0.0113,3.6
1.306,-0.0105,-0.0015,0.0052,-0.0225,3.6
1.307,-0.0075,-0.003,-0.0008,-0.0233,3.6
1.308,-0.003,-0.0015,-0.0053,-0.0135,3.6
1.309,-0.0023,0.0007,-0.0068,-0.0075,3.6
1.31,-0.003,-0.003,-0.0053,0.0007,3.6
1.311,-0.012,-0.0075,-0.0105,0.0172,3.6
1.312,-0.0203,-0.0083,-0.012,0.0142,3.6
1.313,-0.0225,-0.0098,-0.0098,0.0097,3.6
1.314,-0.0188,-0.0068,-0.0083,0.0142,3.7
1.315,-0.0068,-0.0046,-0.0053,0.003,3.7
1.316,0.0045,-0.0068,-0.0098,0.0015,3.7
1.317,0.0157,-0.0038,-0.0165,0.0015,3.7
1.318,0.027,0.0,-0.0135,-0.0038,3.7
1.319,0.0292,0.0015,-0.0083,-0.0008,3.7
1.32,0.0315,0.0037,-0.0068,0.0007,3.7
1.321,0.0337,-0.0023,-0.0015,0.0015,3.7
1.322,0.0352,-0.0008,0.0052,0.0015,3.8
1.323,0.0165,-0.0015,0.0105,0.0007,3.8
1.324,-0.0075,-0.0008,0.012,0.003,3.8
1.325,-0.0098,0.0015,0.0105,0.0007,3.8
1.326,-0.0091,-0.0008,0.0052,0.0007,3.8
1.327,-0.0068,0.0015,0.0052,0.0007,3.8
1.328,-0.0008,0.0015,0.006,-0.0038,3.9
1.329,0.0007,0.0037,0.0037,-0.0075,3.9
1.33,0.0022,0.0015,0.0075,-0.0091,3.9
1.331,0.0015,0.0,0.012,-0.0113,3.9
1.332,0.0015,0.0015,0.0135,-0.006,3.9
1.333,0.0007,0.0,0.0135,-0.0053,4.0
1.334,-0.0008,0.0007,0.0165,-0.0053,4.0
1.335,-0.0015,0.0022,0.0187,0.003,4.0
1.336,-0.0008,0.003,0.0202,0.0037,4.0
1.337,0.003,0.0015,0.0195,0.0015,4.0
1.338,0.0015,0.0022,0.015,0.0007,4.0
1.339,0.0015,0.0022,0.0127,0.0022,4.0
1.34,0.0022,0.0007,0.0105,0.012,4.0
1.341,0.0015,0.003,0.0097,0.0277,4.1
1.342,0.0015,0.0045,0.009,0.0315,4.1
1.343,0.0007,0.0037,0.006,0.0172,4.1
1.344,-0.0015,-0.0015,0.003,0.0022,4.2
1.345,-0.0008,-0.006,0.0022,-0.0091,4.2
1.346,0.0007,-0.0068,0.0015,-0.0158,4.2
1.347,0.0,-0.0083,-0.0008,-0.024,4.3
1.348,-0.0008,-0.0068,0.0007,-0.033,4.3
1.349,-0.0008,-0.0053,0.003,-0.0361,4.4
1.35,-0.0008,-0.003,0.003,-0.0285,4.4
1.351,-0.0008,0.0007,0.0015,-0.0083,4.4
1.352,-0.003,0.003,0.0022,0.009,4.5
1.353,-0.0015,0.0045,0.003,0.0,4.5
1.354,0.0007,0.003,0.0015,-0.0105,4.5
1.355,0.0,-0.0008,0.003,-0.0128,4.5
1.356,0.0,-0.003,0.0007,-0.0083,4.6
1.357,-0.0008,-0.0008,-0.0008,-0.0091,4.6
1.358,-0.0015,-0.0015,0.0007,-0.0233,4.7
1.359,-0.0023,-0.0053,-0.0023,-0.0203,4.7
1.36,-0.0015,-0.003,-0.003,-0.0098,4.7
1.361,0.0,0.0007,0.0007,-0.0008,4.7
1.362,0.0007,-0.0023,0.0,0.006,4.8
1.363,-0.0008,-0.0068,-0.003,0.0187,4.8
1.364,-0.0008,-0.0046,-0.0015,0.0247,4.8
1.365,0.0,0.0007,-0.0053,0.0285,4.8
1.366,-0.0015,0.0015,-0.0068,0.0292,4.9
1.367,-0.0046,0.0007,-0.0046,0.0232,4.9
1.368,-0.0046,0.0015,-0.0068,0.0172,4.9
1.369,-0.0046,0.0007,-0.0083,0.0045,4.9
1.37,-0.0046,-0.0015,-0.0083,-0.0038,4.9
1.371,-0.0038,0.0007,-0.0091,-0.0135,4.9
1.372,-0.0053,0.0015,-0.0075,-0.0091,4.9
1.373,-0.0046,0.0007,-0.0053,-0.0015,5.0
1.374,-0.0046,-0.0008,-0.0046,-0.0008,5.0
1.375,-0.0053,0.0015,-0.006,0.0052,5.0
1.376,-0.003,0.0022,-0.0068,0.0067,5.0
1.377,-0.0008,0.0037,-0.0053,0.0105,5.1
1.378,0.0015,0.0045,-0.0038,0.012,5.1
1.379,0.0,0.0015,-0.003,0.0165,5.1
1.38,0.0,0.0015,-0.0046,0.0105,5.1
1.381,-0.0008,-0.0008,-0.0053,-0.0046,5.1
1.382,-0.0015,-0.0008,-0.0053,-0.0158,5.1
1.383,-0.0008,-0.003,-0.0068,-0.0308,5.2
1.384,-0.003,-0.006,-0.0075,-0.0263,5.2
1.385,-0.0038,-0.0046,-0.0075,-0.0165,5.2
1.386,-0.0046,-0.0046,-0.0068,-0.021,5.2
1.387,-0.0046,-0.006,-0.0091,-0.0158,5.2
1.388,-0.0046,-0.006,-0.0075,-0.0091,5.2
1.389,-0.0038,-0.0038,-0.0053,-0.0068,5.2
1.39,-0.0008,-0.003,-0.006,-0.0023,5.2
1.391,-0.0008,-0.0008,-0.0046,0.0007,5.2
1.392,-0.0008,0.003,-0.0053,0.0097,5.2
1.393,-0.0008,0.003,-0.0038,0.0075,5.3
1.394,-0.003,0.0045,-0.003,0.003,5.3
1.395,-0.0038,0.003,-0.0015,0.0052,5.3
1.396,-0.0015,0.0015,0.0007,0.0045,5.3
1.397,-0.0008,-0.0008,-0.0015,0.003,5.3
1.398,-0.0008,-0.0008,-0.0008,0.0105,5.3
1.399,0.0007,-0.003,0.003,0.0195,5.3
1.4,0.0015,-0.0075,0.0037,0.003,5.3
1.401,0.0007,-0.0105,0.0015,-0.0128,5.3
1.402,0.0007,-0.0113,0.003,-0.0128,5.3
1.403,0.0007,-0.0083,0.0045,-0.0195,5.3
1.404,0.0015,-0.0068,0.006,-0.0113,5.4
1.405,0.0037,-0.0023,0.0067,-0.0008,5.4
1.406,0.0037,0.0015,0.006,-0.0008,5.4
1.407,0.003,0.0,0.006,-0.0008,5.4
1.408,0.003,-0.0008,0.003,-0.0008,5.4
1.409,0.003,-0.0015,0.0022,0.003,5.5
1.41,0.0022,-0.0015,0.0045,0.0045,5.5
1.411,0.0007,0.0,0.0052,0.0075,5.5
1.412,0.0007,0.0007,0.0052,0.009,5.5
1.413,-0.0015,0.0015,0.0067,0.0082,5.5
1.414,-0.0008,0.0015,0.009,0.0007,5.6
1.415,0.0022,0.0007,0.009,-0.0053,5.6
1.416,0.0022,0.0007,0.0112,-0.0053,5.6
1.417,0.0052,0.0007,0.012,-0.0023,5.6
1.418,0.0052,0.0015,0.009,0.003,5.6
1.419,0.0045,0.0015,0.0082,-0.0008,5.7
1.42,0.0045,0.0015,0.006,-0.0046,5.7
1.421,0.0045,0.0022,0.0052,0.0015,5.7
1.422,0.0052,0.0045,0.0067,0.012,5.7
1.423,0.0037,0.006,0.0052,0.018,5.8
1.424,0.0022,0.0067,0.0045,0.0165,5.8
1.425,0.0022,0.0105,0.0045,0.0135,5.8
1.426,0.0007,0.0067,0.003,0.0097,5.8
1.427,-0.0008,0.0037,0.0022,-0.0068,5.8
1.428,-0.0023,0.0015,0.003,-0.0195,5.8
1.429,-0.0038,-0.0015,0.0037,-0.0278,5.9
1.43,-0.0046,-0.0046,0.003,-0.033,5.9
1.431,-0.0046,-0.0083,0.0015,-0.0346,5.9
1.432,-0.0038,-0.012,-0.0015,-0.0233,6.0
1.433,-0.0046,-0.0105,-0.003,-0.0046,6.0
1.434,-0.0053,-0.0075,-0.0023,-0.003,6.0
1.435,-0.006,-0.006,-0.003,-0.0038,6.0
1.436,-0.0053,-0.003,-0.0015,0.0007,6.1
1.437,-0.0053,-0.0008,0.0007,0.0045,6.1
1.438,-0.0038,0.0007,0.0015,0.006,6.1
1.439,-0.003,0.0007,0.0015,0.0022,6.1
1.44,-0.0053,0.0007,0.0007,-0.0008,6.2
1.441,-0.0038,0.0007,0.0007,-0.0008,6.2
1.442,-0.0023,0.0015,0.0007,0.0,6.2
1.443,-0.0023,0.0022,-0.0015,-0.0015,6.2
1.444,-0.0008,0.0015,-0.0015,-0.0015,6.2
1.445,-0.0015,0.0015,-0.0015,-0.0015,6.3
1.446,-0.0023,0.0,-0.0046,-0.003,6.3
1.447,-0.0038,0.0,-0.0075,-0.0023,6.3
1.448,-0.003,0.0,-0.0075,0.0045,6.3
1.449,-0.0008,-0.0008,-0.0046,0.0067,6.3
1.45,0.0015,0.0007,-0.003,0.003,6.3
1.451,0.0007,0.0007,0.0007,0.0022,6.3
1.452,0.0,-0.0008,0.0045,0.0015,6.3
1.453,-0.0015,-0.0008,0.0052,-0.0008,6.4
1.454,-0.003,-0.0008,0.0067,-0.0008,6.4
1.455,-0.0008,-0.0015,0.0067,0.0,6.4
1.456,0.0015,-0.0015,0.0067,0.0015,6.4
1.457,0.003,-0.0015,0.0075,0.0007,6.4
1.458,0.0045,-0.0008,0.0075,-0.0008,6.4
1.459,0.0022,0.0007,0.0082,-0.0008,6.5
1.46,0.0022,0.0007,0.0082,0.0007,6.5
1.461,0.0045,-0.0008,0.0067,0.0007,6.5
1.462,0.0045,-0.0008,0.0052,-0.0008,6.5
1.463,0.0037,-0.0015,0.0067,0.0,6.5
1.464,0.0037,-0.003,0.0052,0.0007,6.5
1.465,0.0015,0.0,0.0037,-0.0008,6.5
1.466,0.0007,-0.0008,0.0015,0.0,6.5
1.467,0.0007,-0.0008,0.0015,0.0015,6.5
1.468,-0.0008,-0.0008,0.0015,-0.0008,6.5
1.469,0.0007,-0.0008,-0.0023,0.0,6.5
1.47,0.0007,-0.0008,-0.003,-0.0038,6.6
1.471,0.0,-0.003,-0.0053,-0.0053,6.6
1.472,0.0,-0.0015,-0.0068,-0.0038,6.6
1.473,-0.0015,-0.003,-0.0038,-0.0038,6.6
1.474,-0.0015,-0.0023,-0.0023,-0.003,6.6
1.475,0.0007,-0.0038,0.0,-0.003,6.6
1.476,0.0022,-0.003,0.0007,-0.0015,6.6
1.477,0.0052,-0.0008,0.0015,-0.0015,6.6
1.478,0.0052,-0.0015,0.0022,-0.003,6.6
1.479,0.0052,-0.0015,0.0022,-0.0046,6.6
1.48,0.0045,-0.0015,0.0037,-0.0046,6.6
1.481,0.0015,0.0015,0.0052,-0.003,6.6
1.482,0.0015,0.0007,0.0052,0.0007,6.6
1.483,-0.0008,0.0,0.006,0.003,6.6
1.484,-0.0008,0.0007,0.003,0.003,6.6
1.485,-0.0015,0.0007,-0.0015,0.0022,6.6
1.486,-0.0008,0.0015,-0.003,0.003,6.6
1.487,0.0,-0.0015,-0.0053,0.0052,6.6
1.488,-0.0008,-0.0046,-0.0046,0.0045,6.6
1.489,0.0,-0.0038,-0.0015,0.003,6.6
1.49,-0.0008,-0.003,-0.003,-0.0008,6.6
1.491,-0.0015,-0.003,-0.0053,-0.003,6.6
1.492,-0.0008,-0.0015,-0.006,0.0,6.6
1.493,0.0007,0.003,-0.0038,0.0045,6.6
1.494,0.0,0.0045,-0.0008,0.0082,6.6
1.495,0.0007,0.0037,0.0,0.0097,6.6
1.496,0.0015,0.0037,0.0007,0.0045,6.6
1.497,0.0,0.0015,0.0022,-0.0083,6.5
1.498,0.0,0.0007,0.0,-0.0195,6.5
1.499,0.0,0.0015,-0.0046,-0.027,6.5
1.5,-0.0008,-0.0046,-0.006,-0.039,6.5
1.501,-0.003,-0.0113,-0.0083,-0.0443,6.5
1.502,-0.0015,-0.012,-0.0068,-0.0248,6.5
1.503,-0.0015,-0.006,-0.0068,-0.0128,6.4
1.504,-0.0023,-0.0038,-0.0075,-0.0075,6.4
1.505,-0.0038,-0.0015,-0.0053,0.0127,6.3
1.506,-0.0023,0.0007,-0.0008,0.039,6.3
1.507,0.0,-0.0008,0.0045,0.0405,6.3
1.508,0.0007,-0.003,0.0067,0.03,6.3
1.509,0.0015,-0.0015,0.0082,0.027,6.2
1.51,0.0015,0.003,0.0052,0.018,6.2
1.511,0.0007,0.0015,0.0045,0.0255,6.2
1.512,0.0022,0.0015,0.0075,0.0195,6.1
1.513,0.0015,0.0007,0.006,-0.0173,6.1
1.514,-0.0008,-0.0023,0.003,-0.039,6.0
1.515,-0.003,-0.003,0.003,-0.0218,6.0
1.516,-0.0008,0.0,0.0082,0.0052,6.0
1.517,0.0007,0.0007,0.0105,0.018,5.9
1.518,0.0015,-0.0046,0.0097,0.0277,5.9
1.519,0.0015,-0.0075,0.0082,0.018,5.9
1.52,0.0015,-0.003,0.0082,0.0022,5.8
1.521,0.0015,0.0007,0.0082,-0.0143,5.8
1.522,0.0007,-0.003,0.0082,-0.0368,5.8
1.523,0.0015,-0.006,0.0082,-0.057,5.8
1.524,0.003,-0.0068,0.0075,-0.0525,5.8
1.525,0.0015,-0.0023,0.0082,-0.0218,5.8
1.526,0.003,0.0015,0.0075,-0.0105,5.8
1.527,0.003,0.0015,0.0067,-0.0038,5.8
1.528,0.0022,0.0045,0.0067,0.003,5.7
1.529,0.0022,0.0045,0.0052,0.006,5.7
1.53,0.0015,0.0052,0.003,0.009,5.7
1.531,0.0007,0.006,-0.0008,0.0082,5.7
1.532,0.0,0.0045,0.0,0.0105,5.7
1.533,-0.0015,0.0045,-0.0008,0.009,5.6
1.534,-0.0023,0.0015,0.0,0.0075,5.6
1.535,-0.0023,0.0037,-0.0008,0.0082,5.6
1.536,-0.0008,0.0015,0.0007,0.0082,5.6
1.537,-0.0008,0.0,0.0,0.0067,5.6
1.538,-0.0015,0.0015,-0.0008,0.0097,5.6
1.539,-0.0008,-0.0008,0.0015,0.009,5.5
1.54,-0.0015,0.0007,0.0007,0.0067,5.5
1.541,-0.0015,0.003,0.0015,0.0045,5.5
1.542,0.0,0.0015,0.0022,0.0007,5.5
1.543,0.0,0.0007,-0.0015,-0.0023,5.5
1.544,-0.0015,0.0007,-0.003,-0.0046,5.4
1.545,-0.0015,-0.0008,-0.0046,-0.0068,5.4
1.546,-0.0023,-0.0008,-0.003,-0.0113,5.4
1.547,-0.0015,-0.0023,-0.0008,-0.0113,5.4
1.548,-0.0008,-0.0038,0.0,-0.0068,5.4
1.549,-0.0015,-0.0015,0.0022,-0.0015,5.3
1.55,-0.0008,-0.0008,0.003,-0.0008,5.3
1.551,0.0015,-0.0008,0.0022,-0.0015,5.3
1.552,0.0015,0.0007,0.0007,-0.0023,5.3
1.553,0.0015,0.0015,0.0,-0.0053,5.3
1.554,0.0007,0.003,-0.0015,-0.0068,5.3
1.555,-0.0015,0.0007,0.0007,-0.0075,5.3
1.556,0.0,0.0007,0.0015,-0.0068,5.3
1.557,0.0015,0.0007,0.003,-0.003,5.2
1.558,-0.0008,0.0007,0.0037,0.0015,5.2
1.559,0.0007,-0.0015,0.0007,0.0037,5.2
1.56,-0.003,-0.0083,-0.003,0.0007,5.1
1.561,-0.0046,-0.0098,-0.0046,-0.0038,5.1
1.562,-0.003,-0.0091,-0.0046,-0.0038,5.1
1.563,-0.0023,-0.006,-0.0038,-0.0008,5.1
1.564,-0.0008,-0.003,0.0,0.0015,5.1
1.565,0.0,-0.0023,0.0015,0.0037,5.0
1.566,0.0007,-0.0038,0.0015,0.0007,5.0
1.567,0.0007,-0.0068,-0.0008,0.003,5.0
1.568,0.0007,-0.0046,-0.0008,0.0067,5.0
1.569,0.0,0.0015,-0.0008,0.0015,4.9
1.57,-0.0008,0.0015,0.0,-0.0008,4.9
1.571,-0.0023,0.003,0.0022,-0.0023,4.9
1.572,-0.0015,0.0015,0.0015,-0.003,4.9
1.573,-0.0008,0.0007,-0.0008,-0.003,4.9
1.574,0.0,0.0015,0.0007,-0.0053,4.8
1.575,0.0015,0.0,0.003,-0.0053,4.8
1.576,0.0015,0.0007,0.003,0.0007,4.8
1.577,0.0,-0.0008,0.0022,0.0037,4.8
1.578,0.0,0.0007,0.0022,0.0007,4.7
1.579,0.0015,0.0007,0.003,0.0007,4.7
1.58,0.0007,0.0007,0.003,0.0007,4.6
1.581,0.0022,0.0007,0.003,0.0015,4.6
1.582,0.0022,0.0015,0.0045,0.0045,4.6
1.583,0.0015,0.0015,0.0052,0.0037,4.6
1.584,0.0022,0.0022,0.0045,0.003,4.6
1.585,0.0022,0.0022,0.003,-0.0053,4.5
1.586,0.0015,0.0007,0.0007,-0.0233,4.5
1.587,0.0,0.0007,0.0007,-0.03,4.5
1.588,-0.0008,0.0007,0.0007,-0.0165,4.5
1.589,-0.003,0.0022,0.0007,-0.003,4.5
1.59,-0.0023,0.0037,0.0007,0.0007,4.5
1.591,-0.0015,0.0022,0.0,0.003,4.5
1.592,-0.0008,-0.0008,-0.0008,0.0022,4.4
1.593,0.0007,-0.003,0.0007,0.0067,4.4
1.594,-0.0008,0.0007,0.0022,0.0097,4.4
1.595,-0.0008,0.003,0.0007,0.0157,4.3
1.596,0.0007,0.0015,0.0007,0.03,4.3
1.597,-0.0008,0.0007,0.0007,0.0165,4.3
1.598,-0.003,-0.0046,-0.0008,-0.012,4.3
1.599,-0.0015,-0.006,0.0,-0.0233,4.2
1.6,-0.0023,-0.0105,-0.0015,-0.0233,4.2
1.601,-0.0015,-0.0165,-0.0015,-0.0053,4.2
1.602,-0.0008,-0.0091,0.0015,0.0082,4.2
1.603,-0.0008,-0.0023,0.0015,0.006,4.2
1.604,0.0015,0.003,0.003,0.0052,4.1
1.605,0.0007,-0.0008,0.0015,0.0022,4.1
1.606,-0.0008,-0.0068,-0.0008,0.0045,4.1
1.607,-0.0008,-0.0046,0.0015,0.003,4.1
1.608,0.0007,0.0007,0.0037,0.0,4.1
1.609,0.0015,0.003,0.0037,-0.0023,4.0
1.61,0.0007,0.0,0.0022,-0.003,4.0
1.611,0.0015,0.0,0.0015,-0.0053,4.0
1.612,0.0007,0.0015,0.0007,-0.0083,4.0
1.613,0.0007,0.0022,-0.0038,-0.0105,4.0
1.614,0.0015,0.0015,-0.0015,-0.0143,4.0
1.615,0.0007,0.0022,-0.0015,-0.0135,4.0
1.616,0.0,0.003,0.0,-0.0091,4.0
1.617,0.0,0.003,0.0022,-0.003,3.9
1.618,-0.0008,0.003,0.0037,-0.0053,3.9
1.619,0.0007,-0.0023,0.0045,-0.0105,3.9
1.62,-0.0008,-0.0046,0.0022,-0.0158,3.8
1.621,-0.0015,-0.0046,0.003,-0.0128,3.8
1.622,-0.0008,-0.0015,0.0052,0.0127,3.8
1.623,-0.0008,0.0015,0.0045,0.024,3.8
1.624,0.0,0.003,0.0015,0.012,3.8
1.625,-0.0008,0.0,0.0007,-0.0023,3.7
1.626,-0.003,-0.0023,0.0022,-0.0195,3.7
1.627,-0.003,0.0,0.003,-0.0203,3.7
1.628,-0.0023,0.0007,0.003,-0.0091,3.6
1.629,-0.0015,0.0,0.0022,-0.0105,3.6
1.63,-0.0008,-0.0015,0.0007,-0.0143,3.6
1.631,-0.0008,-0.003,0.0007,-0.0053,3.6
1.632,-0.0008,-0.006,0.0007,0.0067,3.6
1.633,0.0015,-0.0083,0.0022,0.0217,3.5
1.634,0.0015,-0.0068,0.0045,0.0285,3.5
1.635,0.0022,-0.0075,0.003,0.0225,3.5
1.636,0.003,-0.0083,0.0022,0.0195,3.4
1.637,0.0022,-0.0015,0.0007,0.0105,3.4
1.638,0.0015,0.0007,-0.0008,0.0097,3.4
1.639,0.0015,-0.0015,0.0007,0.0157,3.4
1.64,0.0015,0.0007,0.0,0.012,3.3
1.641,0.0007,0.0007,0.0007,0.0045,3.3
1.642,-0.0008,0.0015,-0.0008,0.0015,3.2
1.643,-0.0015,0.0,-0.0015,0.0015,3.2
1.644,-0.0008,0.0007,-0.0015,-0.0008,3.1
1.645,0.0007,0.0007,-0.0008,-0.0046,3.1
1.646,0.0007,0.0007,0.0,-0.0203,3.1
1.647,-0.0008,0.0,-0.0023,-0.0353,3.0
1.648,-0.0015,-0.0008,-0.0008,-0.0263,3.0
1.649,0.0,0.0022,0.0015,-0.0068,2.9
1.65,-0.0015,0.0022,0.0015,-0.0015,2.9
1.651,-0.0015,0.003,-0.0008,0.0022,2.8
1.652,-0.0015,0.0015,0.0,0.003,2.8
1.653,-0.0023,-0.003,0.0,-0.003,2.7
1.654,-0.0015,-0.0046,0.0007,-0.003,2.7
1.655,-0.0008,-0.003,0.0007,-0.0083,2.6
1.656,0.0,-0.0023,0.0007,-0.0128,2.6
1.657,0.0007,-0.0008,0.0007,-0.0128,2.6
1.658,0.0007,0.0037,0.0015,0.0007,2.5
1.659,0.0015,0.003,0.0015,0.009,2.5
1.66,0.0015,0.003,0.0007,0.009,2.4
1.661,0.0,0.0037,0.0007,0.006,2.4
1.662,-0.0008,0.0007,-0.0008,-0.0053,2.3
1.663,-0.0008,-0.0008,-0.0008,-0.0113,2.2
1.664,0.0,0.0015,0.0007,-0.0053,2.2
1.665,0.0,0.0007,0.003,0.0097,2.2
1.666,0.0,-0.0008,0.0022,0.006,2.1
1.667,-0.0015,-0.0053,0.0022,-0.0113,2.0
1.668,-0.0023,-0.006,0.003,-0.0008,2.0
1.669,-0.0008,-0.0053,0.0015,0.0045,1.9
1.67,-0.0023,-0.0068,0.0007,-0.006,1.8
1.671,-0.0015,-0.003,0.003,-0.0105,1.8
1.672,0.0015,-0.0008,0.0037,-0.0068,1.8
1.673,0.0015,-0.0015,0.003,-0.003,1.7
1.674,0.0015,0.0007,0.003,0.0,1.6
1.675,0.003,0.003,0.003,0.0007,1.6
1.676,0.0007,0.003,0.0045,-0.0015,1.5
1.677,0.0015,0.003,0.0045,-0.003,1.5
1.678,0.003,0.0022,0.0037,-0.003,1.4
1.679,0.0015,0.003,0.0022,-0.003,1.3
1.68,0.0015,0.0015,0.0007,-0.0023,1.3
1.681,0.0,0.0007,0.0007,0.0007,1.3
1.682,-0.0015,0.003,0.0037,0.0052,1.2
1.683,-0.0015,0.0037,0.0045,0.0112,1.1
1.684,-0.0008,0.0037,0.0045,0.003,1.0
1.685,0.003,-0.0008,0.0045,-0.015,1.0
1.686,0.0007,-0.0046,0.0037,-0.0083,0.9
1.687,0.0007,-0.0053,0.003,0.003,0.9
1.688,-0.0008,-0.0068,0.0015,0.0037,0.8
1.689,-0.003,-0.0075,0.0045,0.0067,0.7
1.69,-0.0008,-0.0038,0.0022,0.006,0.6
1.691,-0.0015,-0.0053,0.0045,0.012,0.6
1.692,-0.0015,-0.0046,0.0052,0.0097,0.5
1.693,-0.0015,-0.003,0.0045,-0.0008,0.4
1.694,-0.0008,-0.0038,0.0045,-0.0008,0.4
1.695,0.0015,0.0007,0.003,-0.0023,0.3
1.696,0.0007,0.0007,0.0015,-0.0053,0.3
1.697,0.0007,0.003,-0.0008,-0.0075,0.2
1.698,0.0015,0.0045,-0.0015,-0.0143,0.1
1.699,0.0007,0.0015,-0.0008,-0.0158,0.0
1.7,-0.0008,0.0015,-0.0008,-0.0128,0.0
1.701,-0.0015,0.0022,-0.0015,-0.0015,-0.1
1.702,-0.0008,0.0052,-0.0023,0.0127,-0.1
1.703,-0.0023,0.003,-0.0015,0.0217,-0.2
1.704,0.0,0.0015,0.0,0.027,-0.3
1.705,0.0007,0.0067,-0.0008,0.024,-0.4
1.706,0.0015,0.0052,-0.0008,0.012,-0.5
1.707,0.0022,-0.0015,-0.0008,0.0052,-0.5
1.708,-0.003,-0.0053,-0.0023,-0.0053,-0.6
1.709,-0.0008,-0.0083,-0.003,-0.0293,-0.7
1.71,-0.0015,-0.0083,-0.0046,-0.0338,-0.8
1.711,-0.0015,-0.0075,-0.0053,-0.0256,-0.8
1.712,0.0,-0.0098,-0.0068,-0.0225,-0.9
1.713,-0.003,-0.0113,-0.0068,-0.0158,-0.9
1.714,-0.003,-0.0075,-0.0046,0.0,-1.0
1.715,-0.0023,-0.0008,-0.003,0.0135,-1.1
1.716,-0.0015,-0.0008,-0.0046,0.0112,-1.2
1.717,-0.0046,-0.003,-0.0068,-0.0046,-1.3
1.718,-0.0038,-0.0038,-0.0053,-0.0181,-1.4
1.719,-0.0015,-0.0038,-0.0053,-0.0225,-1.4
1.72,-0.003,-0.0083,-0.0068,-0.021,-1.5
1.721,-0.003,-0.012,-0.0046,-0.0023,-1.6
1.722,-0.0015,-0.012,-0.0023,-0.0053,-1.7
1.723,-0.0008,-0.0098,-0.0015,-0.012,-1.8
1.724,-0.0008,-0.0015,-0.0008,-0.003,-1.8
1.725,-0.0008,0.003,0.0015,0.0015,-2.0
1.726,-0.0008,0.0067,0.006,0.006,-2.1
1.727,0.0015,0.0157,0.012,-0.003,-2.2
1.728,0.0045,0.0105,0.0172,0.009,-2.3
1.729,0.0082,0.0022,0.0195,0.0405,-2.3
1.73,0.0082,0.0127,0.0187,0.0585,-2.4
1.731,0.0075,0.0202,0.0172,0.0375,-2.5
1.732,0.0082,0.0157,0.0135,0.0082,-2.6
1.733,0.006,0.0075,0.009,-0.0008,-2.7
1.734,0.0052,0.0007,0.0067,-0.0105,-2.8
1.735,0.0045,-0.0023,0.0045,-0.012,-2.9
1.736,0.003,-0.0053,0.003,-0.0195,-3.0
1.737,0.003,-0.0053,0.0037,-0.0233,-3.1
1.738,0.003,-0.0053,0.0007,-0.0195,-3.2
1.739,0.0015,-0.0053,-0.0008,-0.0105,-3.3
1.74,0.0015,-0.0046,-0.0008,-0.0083,-3.4
1.741,0.0015,-0.0038,-0.0015,-0.0128,-3.5
1.742,0.0007,0.0,-0.0008,-0.0075,-3.6
1.743,0.0,0.0075,-0.0015,0.0082,-3.7
1.744,0.0007,0.0232,-0.0015,0.0142,-3.8
1.745,0.0007,0.0165,-0.0015,0.0045,-3.9
1.746,-0.0008,-0.0075,-0.003,0.0075,-4.1
1.747,-0.0023,-0.0128,-0.0046,0.018,-4.1
1.748,-0.0015,-0.021,-0.0053,0.0172,-4.3
1.749,-0.0053,-0.0346,-0.006,0.0105,-4.4
1.75,-0.0046,-0.0338,-0.0083,0.0075,-4.5
1.751,-0.0046,-0.021,-0.0091,0.0045,-4.6
1.752,-0.0053,-0.003,-0.0091,0.0037,-4.7
1.753,-0.0038,0.0097,-0.0075,0.0045,-4.8
1.754,-0.0053,0.015,-0.0068,-0.0023,-4.9
1.755,-0.006,0.003,-0.0053,0.0052,-5.0
1.756,-0.0038,0.0187,-0.0046,0.0322,-5.1
1.757,-0.0046,0.0532,-0.003,0.042,-5.3
1.758,-0.0053,0.033,-0.0023,0.0165,-5.4
1.759,-0.0053,-0.006,-0.0046,-0.0075,-5.5
1.76,-0.0053,-0.0105,-0.0053,-0.027,-5.6
1.761,-0.0046,-0.0181,-0.006,-0.0495,-5.7
1.762,-0.0038,-0.0105,-0.0046,-0.057,-5.9
1.763,-0.0023,0.0097,0.0,-0.0495,-6.0
1.764,0.0007,0.0195,-0.0008,-0.0428,-6.2
1.765,-0.0015,0.009,-0.0015,-0.0353,-6.3
1.766,-0.0015,-0.0068,0.0015,-0.0083,-6.4
1.767,-0.0008,0.0127,0.0045,-0.003,-6.6
1.768,0.0,0.0007,0.0015,-0.0248,-6.7
1.769,-0.0008,-0.021,0.0015,-0.0436,-6.8
1.77,-0.0008,-0.0218,0.003,-0.0203,-7.0
1.771,-0.0015,-0.0158,0.0,0.0127,-7.2
1.772,-0.003,0.0007,0.0015,0.0202,-7.3
1.773,0.0007,0.0052,0.0082,0.0307,-7.4
1.774,0.0015,0.009,0.0082,0.0277,-7.6
1.775,0.0015,-0.0008,0.012,0.0277,-7.7
1.776,0.0037,-0.006,0.0157,0.0232,-7.8
1.777,0.0052,-0.0053,0.015,-0.0015,-8.0
1.778,0.0045,-0.0135,0.0127,-0.0248,-8.1
1.779,0.0022,-0.0188,0.0157,-0.0405,-8.3
1.78,0.003,-0.0143,0.0165,-0.0195,-8.5
1.781,0.0037,0.0022,0.0105,0.021,-8.6
1.782,0.0037,0.003,0.0105,0.0412,-8.7
1.783,0.0045,0.003,0.012,0.0502,-8.9
1.784,0.0045,0.0097,0.0127,0.0465,-9.1
1.785,0.0052,0.009,0.012,0.042,-9.3
1.786,0.0037,0.0105,0.0097,0.0435,-9.4
1.787,0.0015,0.006,0.0052,0.0255,-9.6
1.788,0.003,-0.0023,0.003,-0.0046,-9.8
1.789,0.0022,-0.0091,0.003,-0.0428,-9.9
1.79,0.0037,-0.0105,0.0015,-0.06,-10.1
1.791,0.0045,-0.0113,0.0052,-0.0488,-10.3
1.792,0.003,-0.012,0.0075,-0.0308,-10.4
1.793,0.0037,-0.0046,0.009,-0.0105,-10.6
1.794,0.0045,0.0015,0.0082,-0.0143,-10.8
1.795,0.0045,0.0,0.0052,-0.0256,-10.9
1.796,0.0037,-0.003,0.003,-0.024,-11.1
1.797,0.003,-0.0038,0.0007,-0.0218,-11.3
1.798,0.0007,-0.0015,0.0015,-0.0091,-11.5
1.799,0.0007,0.0,-0.0008,0.003,-11.6
1.8,-0.0008,0.0007,-0.0015,0.0082,-11.8
1.801,-0.0015,-0.0015,-0.0015,0.0135,-12.0
1.802,-0.0015,-0.003,-0.003,0.0142,-12.2
1.803,-0.0053,-0.0046,-0.0038,0.0075,-12.4
1.804,-0.0053,-0.0046,-0.0046,0.0052,-12.6
1.805,-0.003,0.0007,-0.0053,0.0082,-12.8
1.806,-0.0023,-0.0015,-0.0038,0.009,-13.0
1.807,0.0,-0.0046,-0.0053,0.0142,-13.2
1.808,-0.0015,0.0015,-0.0046,0.0165,-13.4
1.809,-0.003,0.0045,-0.003,0.015,-13.6
1.81,-0.0015,0.006,-0.0023,0.009,-13.8
1.811,0.0007,0.009,-0.0015,0.0067,-14.0
1.812,0.0,0.0082,0.0007,0.0082,-14.2
1.813,0.0,0.0075,0.0015,0.0067,-14.4
1.814,-0.0015,0.0052,-0.003,0.0112,-14.6
1.815,-0.0038,0.0052,-0.0046,0.009,-14.8
1.816,-0.0038,0.009,-0.003,0.0007,-15.0
1.817,-0.0046,0.0097,-0.003,-0.0053,-15.2
1.818,-0.0038,0.009,-0.0008,-0.0015,-15.4
1.819,-0.003,0.009,-0.003,0.0052,-15.6
1.82,-0.0046,0.0082,-0.0023,0.0,-15.8
1.821,-0.0046,0.0067,-0.0015,-0.0091,-16.0
1.822,-0.003,0.0015,-0.0015,-0.0203,-16.3
1.823,-0.0015,-0.0015,-0.003,-0.0195,-16.5
1.824,-0.0015,-0.0046,-0.0046,-0.0091,-16.8
1.825,-0.0008,-0.012,-0.0046,-0.0091,-17.0
1.826,-0.0015,-0.0181,-0.0053,-0.006,-17.2
1.827,-0.003,-0.0158,-0.0046,-0.003,-17.5
1.828,-0.0015,-0.0128,-0.0083,-0.0015,-17.7
1.829,-0.0023,-0.0143,-0.0075,-0.0015,-18.0
1.83,-0.0015,-0.015,-0.0068,-0.0015,-18.2
1.831,-0.0015,-0.0158,-0.0075,-0.0046,-18.5
1.832,-0.003,-0.0195,-0.0098,-0.0068,-18.7
1.833,-0.003,-0.0195,-0.0083,-0.0068,-18.9
1.834,-0.0023,-0.0181,-0.0053,-0.0091,-19.2
1.835,0.0007,-0.0165,-0.0008,-0.0083,-19.4
1.836,0.0015,-0.0135,0.0015,-0.0083,-19.7
1.837,0.0015,-0.0091,0.0007,-0.0091,-19.9
1.838,0.003,-0.0053,0.003,-0.0075,-20.2
1.839,0.0037,-0.003,0.0015,-0.0053,-20.4
1.84,0.003,-0.0008,0.0015,-0.0053,-20.7
1.841,0.003,-0.0015,0.0015,-0.0038,-21.0
1.842,0.0015,0.0007,0.0,-0.0023,-21.2
1.843,0.0007,0.0022,0.0015,-0.003,-21.6
1.844,0.0007,0.0037,0.0052,-0.0008,-21.8
1.845,0.0015,0.0067,0.0105,0.0,-22.1
1.846,0.0015,0.0075,0.0075,0.0007,-22.4
1.847,0.0007,0.0105,0.0075,0.003,-22.7
1.848,0.0015,0.012,0.0067,0.003,-23.0
1.849,0.0015,0.0135,0.0067,0.0067,-23.3
1.85,0.003,0.0165,0.0097,0.0067,-23.6
1.851,0.003,0.0195,0.0097,0.0052,-23.9
1.852,0.0015,0.0157,0.009,0.0052,-24.2
1.853,0.0022,0.0127,0.0082,0.0052,-24.5
1.854,0.0037,0.012,0.009,0.0052,-24.8
1.855,0.0015,0.0105,0.0097,0.003,-25.1
1.856,0.003,0.0127,0.0105,0.0007,-25.4
1.857,0.0037,0.0105,0.0082,0.0007,-25.7
1.858,0.0007,0.0067,0.0052,0.0,-26.0
1.859,0.0007,0.0052,0.0052,0.0022,-26.2
1.86,0.003,0.0045,0.0075,0.0045,-26.6
1.861,0.0052,0.003,0.009,0.0037,-26.8
1.862,0.0052,-0.0015,0.0082,0.0022,-27.1
1.863,0.0015,-0.0053,0.003,0.0015,-27.4
1.864,-0.0008,-0.0091,-0.0023,-0.0008,-27.7
1.865,-0.003,-0.012,-0.0075,-0.0046,-28.0
1.866,-0.0053,-0.0158,-0.0098,-0.0083,-28.3
1.867,-0.0075,-0.0188,-0.0105,-0.0113,-28.5
1.868,-0.0083,-0.015,-0.012,-0.0105,-28.8
1.869,-0.0091,-0.012,-0.0135,-0.0091,-29.1
1.87,-0.0091,-0.0105,-0.0165,-0.0083,-29.4
1.871,-0.0083,-0.0068,-0.0181,-0.0083,-29.7
1.872,-0.0091,-0.0053,-0.0173,-0.0068,-30.0
1.873,-0.0091,-0.0038,-0.0165,-0.0053,-30.3
1.874,-0.0091,-0.0046,-0.0195,-0.003,-30.6
1.875,-0.0091,-0.0068,-0.0188,-0.0015,-30.8
1.876,-0.0075,-0.0053,-0.0181,-0.003,-31.1
1.877,-0.0075,-0.0046,-0.0195,-0.003,-31.4
1.878,-0.0098,-0.0046,-0.0181,-0.0015,-31.7
1.879,-0.0098,-0.0053,-0.015,-0.0008,-32.0
1.88,-0.0068,-0.0046,-0.0143,-0.0015,-32.3
1.881,-0.0083,-0.0023,-0.0128,-0.0008,-32.5
1.882,-0.0083,0.0,-0.0091,-0.0008,-32.8
1.883,-0.0053,-0.0008,-0.0046,0.0007,-33.0
1.884,-0.0015,-0.0015,0.0015,-0.0008,-33.3
1.885,0.0007,-0.0015,0.003,-0.003,-33.5
1.886,-0.0008,0.0007,0.0022,-0.003,-33.8
1.887,-0.0008,0.0022,0.0015,-0.0023,-34.1
1.888,0.0007,0.0045,0.0037,-0.0023,-34.3
1.889,0.0015,0.0052,0.0075,-0.003,-34.6
1.89,0.0045,0.006,0.0082,-0.003,-34.8
1.891,0.0052,0.0052,0.0105,-0.003,-35.1
1.892,0.0052,0.0052,0.0105,-0.003,-35.3
1.893,0.0067,0.0067,0.0157,0.0007,-35.6
1.894,0.0067,0.0045,0.0187,0.0015,-35.8
1.895,0.0082,0.0037,0.0165,-0.0008,-36.1
1.896,0.0082,0.003,0.0165,0.0007,-36.3
1.897,0.0082,0.0015,0.018,0.0015,-36.6
1.898,0.0105,0.0015,0.0165,-0.0008,-36.9
1.899,0.0097,0.0015,0.018,-0.0008,-37.1
1.9,0.009,0.0007,0.0217,-0.0008,-37.4
1.901,0.0105,0.0,0.021,-0.003,-37.6
1.902,0.012,-0.0008,0.0225,-0.0038,-37.8
1.903,0.012,0.0007,0.024,-0.003,-38.0
1.904,0.012,-0.0008,0.024,-0.003,-38.3
1.905,0.012,-0.0023,0.0225,-0.003,-38.5
1.906,0.0097,-0.0015,0.0202,-0.0038,-38.7
1.907,0.0105,0.0007,0.0232,-0.003,-38.9
1.908,0.0105,0.0015,0.024,-0.0015,-39.2
1.909,0.0105,0.003,0.0247,-0.0008,-39.4
1.91,0.0097,0.0037,0.0225,0.0007,-39.6
1.911,0.009,0.0052,0.0202,0.0015,-39.8
1.912,0.0097,0.006,0.018,0.0045,-40.0
1.913,0.0067,0.0067,0.0165,0.003,-40.2
1.914,0.0045,0.0067,0.0165,0.0045,-40.5
1.915,0.0045,0.0045,0.0142,0.0037,-40.7
1.916,0.0045,0.0045,0.012,0.003,-40.9
1.917,0.003,0.0037,0.0075,0.0037,-41.1
1.918,0.0007,-0.0008,0.0075,0.0015,-41.4
1.919,0.0007,-0.0046,0.0082,0.0015,-41.6
1.92,0.0015,-0.0053,0.0082,-0.0008,-41.9
1.921,0.0015,-0.0068,0.0045,-0.0015,-42.0
1.922,-0.0008,-0.0068,0.006,0.0,-42.2
1.923,-0.0008,-0.0068,0.0052,0.0007,-42.3
1.924,-0.0023,-0.006,0.003,-0.0008,-42.5
1.925,-0.0015,-0.003,0.003,0.0,-42.7
1.926,-0.0008,-0.003,0.0,-0.0008,-42.8
1.927,-0.0038,-0.003,-0.0008,-0.0008,-43.0
1.928,-0.0038,-0.0015,-0.0008,0.0015,-43.2
1.929,-0.0023,-0.0008,-0.0008,0.0007,-43.4
1.93,-0.003,-0.0008,-0.0015,0.0007,-43.6
1.931,-0.0015,0.0,-0.0008,-0.0008,-43.7
1.932,-0.003,0.0015,0.0,-0.0008,-43.9
1.933,-0.003,0.003,0.0,0.0015,-44.1
1.934,-0.003,0.0045,-0.0008,0.0007,-44.2
1.935,-0.0046,0.0037,0.0,0.0007,-44.4
1.936,-0.0008,0.0015,-0.0015,0.0007,-44.6
1.937,0.0,0.0015,-0.0046,0.0015,-44.7
1.938,-0.0038,0.0007,-0.0053,0.0007,-44.9
1.939,-0.0046,-0.0015,-0.0053,-0.0008,-45.1
1.94,-0.0053,-0.003,-0.0068,-0.0015,-45.3
1.941,-0.0068,-0.0068,-0.012,-0.0015,-45.4
1.942,-0.0091,-0.0083,-0.0165,-0.0023,-45.5
1.943,-0.0098,-0.0091,-0.0181,-0.003,-45.7
1.944,-0.0083,-0.0098,-0.0181,-0.0053,-45.8
1.945,-0.0068,-0.0091,-0.0181,-0.0046,-45.9
1.946,-0.0075,-0.0068,-0.0181,-0.0046,-46.0
1.947,-0.0068,-0.0038,-0.0181,-0.0046,-46.2
1.948,-0.0083,-0.0038,-0.0173,-0.0046,-46.3
1.949,-0.0083,-0.0046,-0.0181,-0.0046,-46.4
1.95,-0.0091,-0.0046,-0.0181,-0.0038,-46.6
1.951,-0.0083,-0.0046,-0.0203,-0.0023,-46.7
1.952,-0.0083,-0.003,-0.0218,-0.0015,-46.8
1.953,-0.0083,-0.0008,-0.0195,-0.0023,-46.9
1.954,-0.006,0.0015,-0.0158,-0.0015,-47.1
1.955,-0.0053,0.0007,-0.0143,-0.0008,-47.2
1.956,-0.0046,0.0007,-0.0128,0.0007,-47.3
1.957,-0.0046,0.003,-0.0091,0.0,-47.4
1.958,-0.0015,0.003,-0.0068,0.0,-47.6
1.959,-0.003,0.0015,-0.0053,0.0015,-47.7
1.96,-0.0015,-0.0008,-0.0038,0.0,-47.9
1.961,-0.0023,-0.0008,-0.003,-0.0023,-47.9
1.962,-0.003,-0.0008,-0.0008,-0.0038,-48.1
1.963,-0.0015,-0.0023,-0.0008,-0.003,-48.2
1.964,-0.0015,-0.0008,0.003,-0.0015,-48.3
1.965,-0.0008,0.0,0.0045,-0.0008,-48.4
1.966,0.0007,0.0,0.0045,-0.0015,-48.5
1.967,0.0022,0.0015,0.0045,-0.0015,-48.6
1.968,0.003,0.0007,0.0052,-0.0015,-48.7
1.969,0.0022,0.0007,0.0052,-0.0023,-48.9
1.97,0.0022,0.0015,0.003,-0.0023,-49.0
1.971,0.0015,0.0015,0.0067,-0.0015,-49.1
1.972,0.003,0.003,0.0105,-0.0008,-49.2
1.973,0.0045,0.0022,0.0097,0.0,-49.3
1.974,0.0015,0.0015,0.0105,0.0007,-49.4
1.975,0.0022,0.0015,0.0135,-0.0008,-49.5
1.976,0.0022,0.0,0.0105,-0.0008,-49.6
1.977,0.0007,0.0,0.0075,-0.0008,-49.7
1.978,0.0007,0.0007,0.0067,-0.0015,-49.9
1.979,-0.0008,0.0007,0.0037,-0.0015,-50.0
1.98,-0.0008,0.0,0.003,-0.0008,-50.1
1.981,0.0007,0.0007,0.0015,0.0007,-50.2
1.982,0.0,0.0007,0.0,0.0007,-50.3
1.983,-0.0008,0.0007,0.0015,0.0015,-50.4
1.984,0.0007,0.0007,0.0015,0.0007,-50.5
1.985,0.0007,0.0015,0.0015,-0.0015,-50.6
1.986,0.0022,0.0015,0.0037,-0.0023,-50.7
1.987,0.0022,0.0007,0.0022,-0.0008,-50.8
1.988,0.0007,0.0015,0.003,-0.0008,-50.9
1.989,0.0015,0.0007,0.0052,-0.003,-51.0
1.99,0.0052,0.0007,0.0075,-0.003,-51.1
1.991,0.0052,-0.0008,0.0075,-0.0015,-51.2
1.992,0.0052,-0.0008,0.0067,-0.0038,-51.3
1.993,0.0045,-0.0015,0.006,-0.0015,-51.4
1.994,0.0022,-0.0015,0.0067,-0.0015,-51.5
1.995,0.0022,-0.0008,0.003,-0.0023,-51.6
1.996,0.0,-0.0015,-0.0008,-0.0008,-51.7
1.997,-0.0008,-0.0023,0.0,-0.0008,-51.8
1.998,-0.0008,-0.0046,-0.0015,-0.0015,-51.9
1.999,-0.0008,-0.0046,0.0,-0.0015,-52.0
2.0,-0.0015,-0.0046,0.0007,-0.0008,-52.1
2.001,-0.0008,-0.006,0.0,-0.0008,-52.1
2.002,-0.0008,-0.0053,-0.0008,-0.0008,-52.2
2.003,-0.0008,-0.003,0.0007,-0.0015,-52.2
2.004,0.0,-0.0038,0.003,-0.0015,-52.3
2.005,0.0,-0.003,0.0,-0.0015,-52.4
2.006,-0.0008,-0.003,0.0022,-0.0023,-52.4
2.007,0.0007,-0.0046,0.0052,-0.0015,-52.5
2.008,0.003,-0.003,0.0052,-0.003,-52.5
2.009,0.003,-0.003,0.0037,-0.0023,-52.6
2.01,0.0022,-0.0015,0.0015,-0.0008,-52.7
2.011,0.0007,-0.0008,0.0015,-0.0015,-52.7
2.012,0.0007,-0.0015,0.0015,-0.003,-52.8
2.013,-0.0008,0.0015,0.003,-0.003,-52.8
2.014,-0.0008,0.0015,0.0022,-0.0015,-52.9
2.015,-0.0008,0.0007,0.0015,-0.0015,-53.0
2.016,-0.0008,0.0007,0.003,-0.0008,-53.0
2.017,0.0015,0.0007,0.003,0.0015,-53.1
2.018,0.0015,0.0007,0.0045,-0.0008,-53.1
2.019,0.0,0.0,0.003,-0.0023,-53.2
2.02,-0.0008,0.0022,0.0022,-0.0046,-53.3
2.021,0.0015,0.0022,0.0052,-0.003,-53.3
2.022,0.003,0.0015,0.0037,-0.0015,-53.3
2.023,0.0015,0.0,0.006,-0.003,-53.3
2.024,0.003,0.0007,0.0082,-0.0008,-53.3
2.025,0.003,0.0007,0.0052,-0.0023,-53.3
2.026,0.0007,0.0007,0.0067,-0.003,-53.3
2.027,0.0015,0.0015,0.0052,-0.0015,-53.3
2.028,0.0015,-0.0008,0.0052,-0.0008,-53.3
2.029,0.003,-0.0008,0.0052,-0.003,-53.3
2.03,0.0015,-0.0008,0.006,-0.0015,-53.3
2.031,0.0007,-0.0008,0.0082,-0.0008,-53.3
2.032,0.0007,0.0007,0.009,-0.0008,-53.3
2.033,0.0007,0.0007,0.0075,-0.0015,-53.3
2.034,0.0015,0.0007,0.0067,-0.0023,-53.3
2.035,0.0022,-0.0015,0.0082,-0.0015,-53.3
2.036,0.0037,-0.0008,0.0075,-0.0015,-53.3
2.037,0.003,0.0007,0.0067,0.0007,-53.3
2.038,0.0015,-0.0008,0.0052,0.0015,-53.3
2.039,0.0007,-0.0008,0.0045,0.0,-53.3
2.04,0.0007,-0.0008,0.0015,-0.0008,-53.3
2.041,0.0007,0.0,0.0022,-0.0008,-53.2
2.042,-0.0015,-0.0008,0.0007,0.0007,-53.2
2.043,-0.0008,0.0,-0.0015,-0.0008,-53.1
2.044,-0.0008,-0.0008,-0.003,0.0007,-53.1
2.045,-0.0015,-0.0023,-0.0068,0.0015,-53.0
2.046,-0.0015,-0.0015,-0.0083,-0.0008,-53.0
2.047,-0.003,-0.0015,-0.0083,-0.0008,-52.9
2.048,-0.003,0.0015,-0.0068,-0.0015,-52.9
2.049,-0.0038,0.0007,-0.0053,-0.0008,-52.8
2.05,-0.003,0.0007,-0.0075,-0.0008,-52.7
2.051,-0.003,0.0007,-0.0068,-0.0023,-52.7
2.052,-0.0038,-0.003,-0.0083,-0.0015,-52.7
2.053,-0.003,-0.003,-0.0068,-0.0015,-52.6
2.054,-0.0023,-0.003,-0.0083,-0.0023,-52.6
2.055,-0.0038,-0.003,-0.0075,-0.0008,-52.5
2.056,-0.003,-0.0015,-0.0068,-0.0008,-52.5
2.057,-0.0046,-0.003,-0.0083,-0.0008,-52.4
2.058,-0.006,-0.0015,-0.0068,0.0007,-52.3
2.059,-0.0046,-0.0023,-0.0046,0.0,-52.3
2.06,-0.003,-0.0046,-0.0023,-0.0008,-52.2
2.061,-0.0015,-0.0023,0.0,-0.0015,-52.2
2.062,0.0015,-0.0023,0.0007,-0.0015,-52.1
2.063,0.0015,-0.0038,0.0007,-0.0015,-52.0
2.064,0.0007,-0.0046,0.0007,-0.0015,-51.9
2.065,0.0015,-0.0023,0.0007,-0.0015,-51.8
2.066,0.0015,-0.0008,0.0015,-0.0015,-51.7
2.067,0.0015,-0.0008,0.0045,-0.0008,-51.6
2.068,0.0045,0.0,0.0082,-0.0008,-51.5
2.069,0.0052,0.0,0.009,0.0,-51.4
2.07,0.0052,0.0007,0.0127,0.0007,-51.3
2.071,0.006,0.0007,0.0142,0.0,-51.2
2.072,0.0052,0.0,0.0112,-0.0008,-51.1
2.073,0.0045,0.0,0.003,0.0007,-51.0
2.074,0.0007,0.0,-0.003,0.0007,-50.9
2.075,-0.003,0.003,-0.0046,0.0,-50.8
2.076,-0.0046,0.0015,-0.0105,0.0015,-50.7
2.077,-0.0068,0.0015,-0.0128,0.003,-50.6
2.078,-0.0083,0.0015,-0.0135,0.0015,-50.5
2.079,-0.0083,0.0015,-0.0098,-0.0008,-50.4
2.08,-0.0083,0.0,-0.0105,0.0007,-50.4
2.081,-0.0098,-0.0015,-0.0113,-0.0015,-50.2
2.082,-0.0091,-0.0008,-0.0113,-0.0023,-50.1
2.083,-0.0091,-0.0015,-0.0143,-0.0015,-50.0
2.084,-0.0091,-0.003,-0.012,-0.0015,-49.8
2.085,-0.0098,-0.0015,-0.0128,-0.0008,-49.7
2.086,-0.0091,-0.0008,-0.015,-0.0015,-49.5
2.087,-0.0091,-0.0015,-0.0135,-0.0015,-49.4
2.088,-0.0075,-0.0038,-0.0091,-0.003,-49.3
2.089,-0.0046,-0.0015,-0.0075,-0.003,-49.1
2.09,-0.003,-0.0008,-0.0046,-0.0023,-49.0
2.091,-0.0023,-0.0008,-0.0023,-0.0023,-48.9
2.092,-0.0015,0.0,-0.0008,-0.0015,-48.7
2.093,-0.0015,0.0007,-0.0008,-0.0015,-48.6
2.094,-0.0015,-0.0008,-0.0008,-0.0023,-48.5
2.095,-0.0008,-0.0008,0.0015,-0.0008,-48.3
2.096,-0.0008,-0.0008,0.0015,0.0,-48.2
2.097,-0.0008,0.0,0.0045,-0.0015,-48.1
2.098,-0.0008,-0.0008,0.006,-0.003,-47.9
2.099,0.0022,-0.0015,0.0082,-0.003,-47.8
2.1,0.0045,-0.0023,0.0052,-0.0023,-47.7
2.101,0.003,-0.0015,0.0067,-0.0046,-47.5
2.102,0.003,-0.0008,0.0105,-0.0046,-47.3
2.103,0.0037,-0.0015,0.009,-0.0038,-47.2
2.104,0.0045,-0.0015,0.012,-0.0046,-47.0
2.105,0.003,-0.0015,0.0127,-0.003,-46.8
2.106,0.0045,-0.0023,0.0127,-0.0038,-46.7
2.107,0.006,-0.0008,0.0157,-0.0015,-46.5
2.108,0.0067,0.0,0.0142,-0.0015,-46.4
2.109,0.0052,-0.0015,0.012,-0.0046,-46.2
2.11,0.0052,-0.0015,0.0112,-0.0053,-46.0
2.111,0.0052,-0.0015,0.0105,-0.0038,-45.9
2.112,0.0037,-0.0015,0.009,-0.0046,-45.7
2.113,0.0052,-0.0008,0.0075,-0.0046,-45.5
2.114,0.0052,-0.0008,0.0052,-0.003,-45.4
2.115,0.0045,-0.0008,0.0045,-0.0023,-45.2
2.116,0.003,-0.0008,0.0067,-0.0023,-45.0
2.117,0.0045,0.0,0.006,-0.0038,-44.9
2.118,0.0045,0.0,0.0045,-0.003,-44.7
2.119,0.0045,0.0,0.0037,-0.0015,-44.6
2.12,0.003,0.0007,0.003,-0.0008,-44.4
2.121,0.0015,0.0,0.0015,-0.0015,-44.2
2.122,0.0,-0.0008,0.0,0.0007,-44.1
2.123,0.0007,0.0007,0.0007,0.0007,-43.9
2.124,0.0015,-0.0008,0.0007,-0.0008,-43.7
2.125,-0.0008,-0.0008,-0.003,0.0,-43.5
2.126,-0.0008,0.0,-0.003,-0.0008,-43.3
2.127,-0.0015,0.0007,-0.0023,0.0,-43.1
2.128,-0.0023,0.0007,-0.0046,0.0007,-42.9
2.129,-0.0008,-0.0008,-0.0038,0.0007,-42.8
2.13,-0.0015,0.0007,-0.003,0.0007,-42.5
2.131,-0.003,0.0007,-0.0023,0.0007,-42.3
2.132,-0.003,-0.0023,-0.0015,-0.0008,-42.2
2.133,-0.003,-0.0023,-0.0008,-0.0008,-42.0
2.134,-0.0015,-0.0008,0.0015,-0.0015,-41.8
2.135,-0.003,-0.0015,-0.0008,-0.0015,-41.6
2.136,-0.0015,-0.0008,0.0,-0.0023,-41.4
2.137,0.0,-0.0008,0.0007,-0.003,-41.2
2.138,-0.0008,-0.0023,0.0007,-0.0038,-41.0
2.139,0.0015,-0.003,0.003,-0.0046,-40.9
2.14,0.0015,-0.003,0.0015,-0.003,-40.7
2.141,0.0007,-0.0015,0.0015,-0.0046,-40.5
2.142,0.0007,-0.0015,0.0007,-0.0038,-40.3
2.143,0.0007,-0.0046,0.0007,-0.003,-40.1
2.144,0.0015,-0.0038,0.0007,-0.0023,-39.8
2.145,0.0022,0.0007,0.0015,-0.0015,-39.6
2.146,0.003,0.0015,0.0015,-0.003,-39.4
2.147,0.0022,0.0015,0.0015,-0.0046,-39.2
2.148,0.0015,0.0022,0.003,-0.003,-39.0
2.149,0.0007,0.003,0.0037,-0.0008,-38.7
2.15,-0.0008,0.0045,0.0045,0.0007,-38.5
2.151,-0.0008,0.003,0.0045,0.0015,-38.3
2.152,-0.0008,0.003,0.006,0.0015,-38.1
2.153,-0.0008,0.0022,0.0067,0.003,-37.9
2.154,-0.0008,-0.0023,0.0045,0.0045,-37.7
2.155,0.0,-0.0075,0.0052,0.003,-37.5
2.156,-0.0008,-0.0113,0.006,0.0022,-37.3
2.157,0.0,-0.0046,0.0052,0.0022,-37.0
2.158,0.0007,-0.003,0.0052,-0.0023,-36.8
2.159,0.0007,-0.0068,0.0045,-0.0046,-36.6
2.16,0.0015,-0.003,0.0045,-0.003,-36.4
2.161,0.0,0.0007,0.0045,-0.0046,-36.2
2.162,0.0,0.0045,0.0052,-0.003,-35.9
2.163,0.0015,0.0045,0.0052,-0.0038,-35.7
2.164,0.0007,0.0007,0.0015,-0.0046,-35.5
2.165,0.0,-0.0015,0.0022,-0.0053,-35.2
2.166,0.0015,0.0,0.0007,-0.0046,-35.0
2.167,0.0007,0.0,0.0007,-0.0046,-34.7
2.168,0.0015,-0.0023,0.0015,-0.0098,-34.5
2.169,0.0015,-0.0046,-0.0008,-0.0105,-34.2
2.17,0.0007,-0.0083,-0.0015,-0.0091,-34.0
2.171,0.0007,-0.006,-0.0023,-0.0015,-33.8
2.172,0.0007,-0.006,0.0007,0.0045,-33.5
2.173,0.0007,-0.0053,0.0015,0.0165,-33.3
2.174,0.0,-0.0008,0.0015,0.0232,-33.1
2.175,-0.0023,0.0007,0.0,0.012,-32.8
2.176,-0.0015,-0.0023,0.0,-0.003,-32.6
2.177,-0.0008,-0.0008,0.0007,-0.0053,-32.4
2.178,-0.003,0.0105,-0.0008,0.0022,-32.1
2.179,-0.0038,0.018,-0.0015,0.0112,-31.9
2.18,-0.0008,0.0127,0.0015,0.0135,-31.6
2.181,0.0,0.0045,0.0007,0.0052,-31.4
2.182,-0.0015,-0.0008,0.0007,-0.003,-31.1
2.183,-0.0015,-0.003,0.0015,-0.0083,-30.9
2.184,-0.0015,-0.0008,0.0037,-0.0046,-30.6
2.185,-0.0015,0.0052,0.0015,0.003,-30.4
2.186,0.0007,0.0052,0.0007,0.0075,-30.1
2.187,0.0007,0.0,0.0007,0.0045,-29.8
2.188,-0.0015,-0.006,-0.0008,-0.0023,-29.6
2.189,-0.0008,-0.0053,0.0007,-0.006,-29.3
2.19,0.0,-0.0046,-0.0008,-0.0128,-29.1
2.191,0.0,-0.0053,0.0,-0.0158,-28.8
2.192,-0.0015,-0.0053,0.0007,-0.0128,-28.6
2.193,0.0,-0.0068,0.0015,-0.012,-28.4
2.194,0.0007,-0.0075,0.0052,-0.0068,-28.1
2.195,0.0015,-0.0046,0.0037,-0.0015,-27.8
2.196,0.0015,-0.0015,0.0045,-0.0068,-27.6
2.197,0.0,-0.0046,0.0052,-0.0098,-27.3
2.198,0.0,-0.0053,0.0037,-0.0068,-27.0
2.199,-0.0015,-0.0046,0.0045,-0.0068,-26.8
2.2,-0.0008,-0.0046,0.0022,-0.0015,-26.6
2.201,-0.0023,-0.0023,-0.0008,-0.0023,-26.3
2.202,-0.0015,-0.0008,-0.0008,-0.0015,-26.0
2.203,0.0007,0.0,-0.003,-0.0023,-25.7
2.204,0.0007,-0.0008,-0.0023,-0.0038,-25.5
2.205,0.0007,0.0015,0.0,-0.0008,-25.2
2.206,0.0007,0.003,0.003,0.0022,-25.0
2.207,0.0015,0.0015,0.003,0.006,-24.7
2.208,0.0022,0.0022,0.0045,0.0067,-24.4
2.209,0.0015,0.003,0.0037,0.0082,-24.2
2.21,0.0022,0.0045,0.003,0.006,-23.9
2.211,0.0,0.003,0.003,0.0045,-23.7
2.212,-0.0008,0.0022,0.003,0.009,-23.4
2.213,-0.0008,0.0022,0.0015,0.0105,-23.1
2.214,0.0,0.003,0.0007,0.0022,-22.9
2.215,0.0015,0.0015,0.0007,-0.0083,-22.6
2.216,0.0,-0.0015,-0.0008,-0.012,-22.3
2.217,-0.0008,-0.0008,0.003,-0.0083,-22.1
2.218,0.0,-0.0046,0.0037,-0.0053,-21.8
2.219,-0.0023,-0.0091,0.0015,-0.0046,-21.6
2.22,-0.0015,-0.0105,0.0007,-0.0008,-21.3
2.221,-0.0015,-0.0128,-0.0008,-0.003,-21.0
2.222,-0.0008,-0.0105,0.0007,-0.006,-20.7
2.223,-0.003,-0.0053,-0.0008,-0.0068,-20.5
2.224,-0.003,-0.0038,-0.0023,-0.0068,-20.2
2.225,-0.003,-0.0008,-0.0015,-0.0083,-19.9
2.226,-0.003,0.0007,-0.0008,-0.0068,-19.7
2.227,-0.0015,0.0007,-0.003,-0.003,-19.4
2.228,-0.0046,0.0022,-0.0053,0.0007,-19.1
2.229,-0.003,0.0022,-0.0053,0.0037,-18.9
2.23,-0.0015,0.0015,-0.0053,0.003,-18.5
2.231,-0.003,-0.0008,-0.003,-0.0046,-18.3
2.232,-0.0023,-0.006,-0.0008,-0.0128,-18.0
2.233,-0.0015,-0.0083,0.0007,-0.0105,-17.7
2.234,-0.0008,-0.006,-0.0015,-0.0046,-17.5
2.235,0.0015,-0.0053,-0.0053,-0.0015,-17.2
2.236,-0.0015,-0.003,-0.0068,-0.0008,-16.9
2.237,-0.0023,-0.0015,-0.003,0.003,-16.7
2.238,0.0022,0.0,-0.0015,0.006,-16.4
2.239,0.0007,-0.0008,-0.0083,-0.0008,-16.1
2.24,-0.0046,-0.003,-0.012,-0.0008,-15.8
2.241,-0.0046,0.009,-0.0075,0.009,-15.5
2.242,-0.0038,0.036,-0.0008,0.0165,-15.3
2.243,-0.0008,0.0352,0.0067,0.0195,-14.9
2.244,0.003,0.0142,0.0075,0.0135,-14.6
2.245,0.0045,0.0067,0.0075,0.0082,-14.3
2.246,0.0067,0.0045,0.009,0.0052,-14.0
2.247,0.0075,-0.0008,0.0067,-0.0015,-13.7
2.248,0.0052,-0.0008,0.0067,-0.0038,-13.4
2.249,0.0037,-0.0046,0.0067,-0.003,-13.1
2.25,0.0022,-0.0068,0.012,-0.003,-12.8
2.251,0.003,-0.0038,0.0202,-0.0023,-12.5
2.252,0.0052,-0.0008,0.0225,-0.0023,-12.2
2.253,0.0022,-0.0015,0.0187,-0.0068,-11.9
2.254,0.0045,-0.0046,0.0142,-0.0091,-11.6
2.255,0.006,-0.0023,0.0082,-0.0053,-11.3
2.256,0.0067,-0.0015,-0.0015,-0.0038,-11.0
2.257,0.0082,-0.0046,-0.0053,-0.003,-10.7
2.258,0.009,-0.0046,-0.0053,-0.0023,-10.4
2.259,0.0067,-0.0046,-0.0008,-0.003,-10.1
2.26,0.0045,-0.0053,0.0007,-0.0046,-9.8
2.261,0.003,-0.006,-0.0023,-0.003,-9.5
2.262,0.0007,-0.0075,0.0007,-0.0038,-9.1
2.263,-0.003,-0.0068,-0.0068,-0.0038,-8.8
2.264,-0.0038,-0.0015,-0.012,-0.0046,-8.5
2.265,-0.0015,0.0,-0.0128,-0.0008,-8.2
2.266,-0.0053,0.0,-0.0105,0.0,-7.9
2.267,-0.0046,0.0015,0.0,0.0007,-7.6
2.268,-0.0046,0.0007,0.0052,0.003,-7.2
2.269,-0.0113,0.0007,0.0105,0.0007,-6.9
2.27,-0.0143,-0.0015,0.0112,-0.0023,-6.6
2.271,-0.012,-0.0075,0.0082,-0.0091,-6.3
2.272,-0.0098,-0.0075,0.0075,-0.012,-6.0
2.273,-0.0038,-0.0053,0.0082,-0.0105,-5.7
2.274,-0.0015,-0.0075,0.0037,-0.0091,-5.4
2.275,-0.0038,-0.0053,-0.0046,-0.003,-5.0
2.276,-0.0023,-0.0008,-0.0046,-0.0015,-4.7
2.277,-0.003,0.0022,0.0007,0.0,-4.4
2.278,-0.0008,0.0015,0.006,0.0015,-4.1
2.279,-0.0008,0.0015,0.0075,0.0022,-3.8
2.28,-0.0038,0.003,0.003,-0.0015,-3.5
2.281,-0.0046,0.0022,-0.0046,0.0007,-3.2
2.282,-0.0015,0.0015,-0.0038,0.003,-3.0
2.283,0.0037,0.0,-0.0008,0.0022,-2.8
2.284,0.0052,-0.0015,-0.0015,0.0015,-2.6
2.285,0.0015,-0.0008,-0.0023,0.0015,-2.3
2.286,0.0015,-0.0008,-0.003,0.0015,-2.1
2.287,0.006,-0.0015,-0.0038,0.0015,-1.9
2.288,0.0082,0.0,-0.0015,0.0007,-1.7
2.289,0.0075,0.0007,0.0015,-0.0015,-1.4
2.29,0.0052,0.0015,0.0015,-0.0015,-1.2
2.291,0.0052,0.0022,0.0045,0.0015,-1.0
2.292,0.0075,0.0015,0.003,-0.0008,-0.8
2.293,0.012,0.003,0.0007,-0.0015,-0.6
2.294,0.0127,0.0022,-0.0015,-0.0053,-0.4
2.295,0.006,0.0,-0.0015,-0.0068,-0.1
2.296,0.0015,-0.0015,0.0045,-0.0046,0.1
2.297,0.0007,-0.0046,0.009,-0.003,0.3
2.298,0.0015,-0.0053,0.0052,-0.0015,0.5
2.299,0.0,-0.0046,-0.0068,0.0007,0.8
2.3,-0.0046,-0.0046,-0.0105,0.003,1.0
2.301,-0.0068,-0.0046,-0.0098,0.0045,1.1
2.302,-0.0091,-0.0008,-0.0038,0.0045,1.3
2.303,-0.0105,0.0007,0.0007,0.0045,1.4
2.304,-0.0105,0.0015,-0.0015,0.0037,1.6
2.305,-0.0135,0.003,-0.003,0.0015,1.7
2.306,-0.0083,0.0045,0.0,-0.0008,1.8
2.307,0.0082,0.009,0.0127,-0.0008,2.0
2.308,0.0195,0.0067,0.0105,-0.003,2.2
2.309,0.0127,0.0037,0.0075,-0.0038,2.3
2.31,0.0052,0.003,0.0157,-0.003,2.4
2.311,0.003,0.0007,0.0172,-0.0046,2.6
2.312,-0.003,0.0,0.0202,-0.0046,2.7
2.313,-0.0008,-0.0023,0.0187,-0.003,2.9
2.314,-0.0008,-0.0008,0.0172,-0.0023,3.0
2.315,0.0007,0.0,0.0097,-0.0008,3.1
2.316,0.0,-0.0038,-0.0008,0.0007,3.3
2.317,-0.0068,-0.0023,-0.0008,0.0,3.4
2.318,-0.006,-0.0015,-0.0068,0.0,3.6
2.319,-0.0068,0.0,-0.0158,0.0022,3.7
2.32,-0.0068,0.0015,-0.0165,0.0015,3.9
2.321,-0.0068,0.0,-0.012,0.0015,4.0
2.322,-0.0038,0.0015,-0.0068,0.003,4.0
2.323,-0.0015,0.0015,-0.003,0.0015,4.1
2.324,0.0022,0.0,0.0015,0.003,4.1
2.325,0.0082,-0.003,0.012,0.0015,4.2
2.326,0.0067,-0.003,0.0127,0.0,4.3
2.327,0.0007,-0.0015,0.0082,-0.0008,4.4
2.328,0.0,-0.0008,0.0105,-0.0008,4.4
2.329,-0.0008,0.0007,0.009,0.0,4.5
2.33,-0.003,-0.0015,0.0082,-0.0023,4.6
2.331,-0.0023,-0.0015,0.0052,-0.0015,4.6
2.332,-0.0008,-0.0015,0.0007,-0.0015,4.7
2.333,0.0,-0.0008,-0.003,-0.0015,4.8
2.334,-0.0008,0.0015,-0.0105,0.0,4.9
2.335,-0.0008,0.0037,-0.0158,0.0007,4.9
2.336,-0.0023,0.003,-0.0203,-0.0008,5.0
2.337,-0.0068,-0.0015,-0.0188,-0.003,5.0
2.338,-0.006,-0.0046,-0.0158,-0.0046,5.1
2.339,-0.0046,-0.0091,-0.0113,-0.0053,5.2
2.34,-0.0038,-0.0068,-0.0053,-0.0046,5.3
2.341,-0.003,-0.0053,-0.0038,-0.003,5.3
2.342,0.0,-0.006,-0.0015,-0.003,5.3
2.343,0.0037,-0.0023,-0.0008,-0.0008,5.3
2.344,0.0015,-0.003,0.0022,0.0022,5.3
2.345,0.0,-0.0015,0.0015,0.003,5.3
2.346,-0.0038,-0.0008,0.0015,0.0015,5.3
2.347,-0.0068,-0.0023,0.003,-0.0015,5.3
2.348,-0.0053,-0.0015,0.0015,-0.003,5.3
2.349,-0.0053,-0.0023,0.003,-0.0053,5.3
2.35,-0.0038,-0.0023,0.0037,-0.0113,5.3
2.351,0.0007,-0.0015,0.006,-0.0135,5.3
2.352,0.0075,-0.0008,0.0067,-0.012,5.3
2.353,0.0112,-0.0008,0.0067,-0.0091,5.3
2.354,0.0082,-0.0008,0.0052,-0.0075,5.3
2.355,0.0,-0.003,0.0037,-0.006,5.3
2.356,-0.0098,-0.0053,0.0045,-0.003,5.3
2.357,-0.0181,0.0,0.0052,0.0,5.3
2.358,-0.0165,0.0067,0.0082,0.0045,5.3
2.359,-0.0143,0.0052,0.0075,0.0067,5.3
2.36,-0.0105,0.0052,0.0045,0.0075,5.3
2.361,-0.003,0.0015,0.0022,0.0052,5.3
2.362,0.0022,-0.0008,0.0,0.0007,5.3
2.363,0.0082,-0.0008,-0.0046,0.0007,5.3
2.364,0.0157,-0.0015,-0.0023,-0.0046,5.2
2.365,0.0232,-0.0023,0.003,-0.0158,5.1
2.366,0.0307,0.0082,0.0082,-0.0203,5.1
2.367,0.033,0.018,0.0135,-0.0143,5.0
2.368,0.0277,0.009,0.015,-0.0015,5.0
2.369,0.0195,0.0007,0.0105,0.012,4.9
2.37,0.0067,-0.0068,0.0105,0.0127,4.9
2.371,-0.003,-0.0158,0.009,0.0022,4.8
2.372,-0.0038,-0.0278,0.0045,-0.0083,4.8
2.373,-0.0046,-0.0323,0.003,-0.0068,4.7
2.374,-0.0046,-0.0203,0.0007,0.003,4.7
2.375,-0.0068,-0.0181,0.0007,0.0015,4.6
2.376,-0.0083,-0.0135,0.0007,0.0015,4.6
2.377,-0.012,0.0,0.0015,0.0082,4.5
2.378,-0.0165,0.0157,-0.003,0.0142,4.5
2.379,-0.012,0.0307,-0.0046,0.0195,4.4
2.38,-0.0091,0.027,-0.0046,0.0135,4.3
2.381,-0.0053,0.0157,-0.0158,0.0015,4.3
2.382,-0.0053,0.0082,-0.0218,-0.0091,4.2
2.383,-0.0105,0.006,-0.0218,-0.015,4.1
2.384,-0.0091,0.0067,-0.0135,-0.0098,4.0
2.385,0.0045,-0.0023,-0.003,-0.0158,3.9
2.386,0.021,-0.0046,0.0015,-0.0203,3.8
2.387,0.024,-0.0083,0.0097,-0.0128,3.7
2.388,0.0232,-0.012,0.012,-0.003,3.6
2.389,0.0225,-0.003,0.0037,0.0067,3.6
2.39,0.0127,-0.0008,-0.0038,0.0082,3.5
2.391,-0.006,-0.0008,-0.0113,0.0127,3.4
2.392,-0.0173,0.0007,-0.0203,0.0232,3.3
2.393,-0.0143,0.0015,-0.0158,0.0127,3.2
2.394,-0.0113,0.0,-0.0091,-0.0091,3.1
2.395,-0.0091,0.003,-0.0053,-0.0195,3.0
2.396,-0.0091,0.0075,0.0037,-0.0256,2.9
2.397,-0.0091,0.0067,0.009,-0.0278,2.8
2.398,-0.0083,-0.0046,0.0127,-0.027,2.7
2.399,-0.0143,-0.0248,0.0105,-0.0256,2.6
2.4,-0.0278,-0.0293,0.009,-0.0165,2.5
2.401,-0.0346,-0.0248,0.0105,-0.0165,2.5
2.402,-0.0195,-0.0233,0.006,-0.0165,2.5
2.403,-0.006,-0.0158,0.0037,-0.0105,2.4
2.404,0.0015,-0.003,0.0007,-0.0015,2.4
2.405,0.0105,0.0037,0.003,0.0022,2.4
2.406,0.0127,0.0067,0.0082,-0.003,2.3
2.407,0.0142,0.009,0.0037,-0.0008,2.3
2.408,0.012,0.0142,0.003,0.012,2.2
2.409,0.018,0.0202,0.0015,0.0262,2.2
2.41,0.0255,0.0232,0.0045,0.0382,2.2
2.411,0.0255,0.0262,0.0127,0.0457,2.2
2.412,0.0127,0.027,0.0142,0.0472,2.1
2.413,-0.006,0.021,0.015,0.045,2.1
2.414,-0.0165,0.0112,0.0112,0.0442,2.0
2.415,-0.021,0.0015,0.009,0.0457,2.0
2.416,-0.0165,-0.0053,0.0052,0.039,1.9
2.417,-0.0105,-0.0105,-0.0023,0.0322,1.9
2.418,-0.0046,-0.0158,-0.0105,0.0037,1.9
2.419,0.0045,-0.0195,-0.0098,-0.0443,1.8
2.42,0.0105,-0.0113,-0.0091,-0.057,1.8
2.421,0.009,0.0082,-0.0233,-0.0548,1.8
2.422,0.0082,0.0127,-0.0368,-0.0533,1.7
2.423,0.0,0.0007,-0.0398,-0.0443,1.7
2.424,-0.0083,-0.0158,-0.027,-0.0361,1.6
2.425,-0.0128,-0.0225,-0.0158,-0.0233,1.6
2.426,-0.0098,-0.0278,-0.0105,-0.0165,1.5
2.427,-0.0015,-0.0315,-0.0008,-0.0143,1.5
2.428,-0.003,-0.0165,0.0142,-0.015,1.4
2.429,-0.0083,-0.0046,0.0322,-0.0143,1.4
2.43,-0.0015,-0.0023,0.0465,0.0015,1.3
2.431,0.0135,0.0015,0.054,0.0165,1.3
2.432,0.0232,0.006,0.0427,0.0195,1.3
2.433,0.0255,0.0082,0.0202,0.012,1.2
2.434,0.0225,0.0082,0.0067,0.0082,1.2
2.435,0.0172,0.012,0.0007,0.0067,1.1
2.436,0.0157,0.0127,-0.003,0.0015,1.1
2.437,0.0067,0.0142,0.0007,0.0007,1.0
2.438,-0.0015,0.0127,0.0067,0.006,1.0
2.439,-0.0038,0.0067,-0.0053,0.009,0.9
2.44,-0.012,0.0022,-0.0315,0.0067,0.9
2.441,-0.0188,0.0022,-0.0518,0.0105,0.7
2.442,-0.0105,0.003,-0.057,0.0165,0.5
2.443,-0.0023,0.0022,-0.045,0.015,0.4
2.444,-0.0015,0.0015,-0.0308,-0.0008,0.1
2.445,-0.0023,0.0022,-0.0165,-0.03,0.0
2.446,-0.003,0.0022,-0.0053,-0.0525,-0.2
2.447,-0.0015,-0.0015,0.0045,-0.042,-0.4
2.448,-0.0038,-0.003,0.0195,-0.0083,-0.6
2.449,-0.006,-0.0046,0.0247,0.0202,-0.8
2.45,-0.0113,-0.0053,0.0202,0.0345,-1.0
2.451,-0.0105,-0.0053,0.0255,0.0315,-1.2
2.452,-0.0008,-0.006,0.0307,0.0352,-1.4
2.453,0.003,-0.0038,0.0285,0.0315,-1.5
2.454,0.0015,-0.0053,0.0232,0.0105,-1.7
2.455,0.003,-0.006,0.012,-0.0105,-1.9
2.456,0.0037,-0.006,-0.0008,-0.0323,-2.1
2.457,-0.003,-0.012,-0.0105,-0.0346,-2.3
2.458,-0.006,-0.0068,-0.0046,-0.0278,-2.5
2.459,-0.003,-0.0046,0.0082,-0.0165,-2.7
2.46,-0.0046,-0.0128,0.012,0.003,-2.9
2.461,-0.0038,-0.0091,0.0172,0.0165,-3.1
2.462,-0.0038,0.0015,0.0127,0.0307,-3.2
2.463,-0.003,0.009,0.0067,0.0345,-3.5
2.464,0.0007,0.009,0.0052,0.0157,-3.7
2.465,0.009,0.003,0.0015,-0.0091,-3.9
2.466,0.0172,-0.0015,0.0015,-0.0203,-4.1
2.467,0.0195,0.0007,-0.0015,-0.0181,-4.3
2.468,0.0157,0.0007,0.0052,-0.0098,-4.5
2.469,0.0135,-0.0015,0.0127,-0.003,-4.7
2.47,0.012,-0.0008,0.0082,-0.0053,-5.0
2.471,0.0067,-0.0015,0.009,-0.003,-5.1
2.472,0.0022,0.0015,0.0037,-0.0038,-5.4
2.473,-0.003,0.0052,-0.0008,-0.0053,-5.5
2.474,-0.0068,0.006,0.0007,0.0007,-5.8
2.475,-0.0098,0.0052,0.009,0.003,-6.0
2.476,-0.0158,0.0045,0.0142,-0.0008,-6.2
2.477,-0.0158,0.0007,0.0075,-0.0083,-6.4
2.478,-0.0181,-0.003,-0.0008,-0.0113,-6.6
2.479,-0.0181,-0.0008,-0.0053,-0.0105,-6.8
2.48,-0.0098,0.0015,0.0045,-0.0091,-7.1
2.481,-0.003,0.0052,0.0217,-0.0038,-7.1
2.482,0.0052,0.0097,0.0285,-0.0015,-7.1
2.483,0.0097,0.0067,0.0202,-0.0008,-7.1
2.484,0.009,0.003,0.0112,0.0045,-7.1
2.485,0.009,0.0037,0.0082,0.0037,-7.2
2.486,0.012,0.0007,0.0045,0.003,-7.2
2.487,0.018,-0.0038,0.0,0.0015,-7.2
2.488,0.024,-0.0098,-0.0068,0.0007,-7.2
2.489,0.0232,-0.0083,-0.0046,0.0007,-7.2
2.49,0.0142,-0.003,0.0082,-0.0015,-7.3
2.491,0.0112,-0.0023,0.0142,-0.0008,-7.3
2.492,0.0127,0.0,0.003,0.003,-7.3
2.493,0.0097,0.0015,-0.0083,-0.003,-7.3
2.494,0.009,0.0022,-0.0068,-0.0023,-7.4
2.495,0.0045,0.003,-0.0046,0.003,-7.4
2.496,0.0045,0.0037,0.0015,0.0022,-7.4
2.497,0.0,-0.003,0.003,0.003,-7.4
2.498,-0.0075,-0.0053,0.0082,0.0052,-7.5
2.499,-0.0015,-0.0046,0.0067,0.0067,-7.5
2.5,0.0,-0.0008,0.0037,0.0022,-7.6
2.501,-0.003,0.0015,0.0052,-0.0053,-7.5
2.502,-0.0083,0.0,0.0015,-0.003,-7.4
2.503,-0.0098,0.0007,-0.0015,-0.006,-7.3
2.504,0.0015,-0.0038,-0.0091,-0.0173,-7.2
2.505,0.0007,-0.0083,-0.012,-0.0143,-7.2
2.506,-0.0098,-0.0068,-0.0105,-0.0091,-7.1
2.507,-0.0188,-0.0068,-0.0098,-0.0053,-7.0
2.508,-0.0278,-0.006,-0.0091,-0.0015,-6.9
2.509,-0.0346,-0.006,-0.0068,0.0,-6.8
2.51,-0.0323,-0.0046,-0.0068,0.0022,-6.7
2.511,-0.0233,0.0022,-0.0105,0.003,-6.7
2.512,-0.015,0.0082,-0.012,0.0045,-6.6
2.513,-0.0143,0.0067,-0.012,0.0022,-6.5
2.514,-0.0173,0.0045,-0.0105,0.0015,-6.4
2.515,-0.0158,0.0022,-0.0105,0.003,-6.3
2.516,-0.0068,-0.0046,-0.012,0.0007,-6.2
2.517,0.0,-0.0128,-0.0143,0.0015,-6.2
2.518,0.0067,-0.0158,-0.0128,0.0022,-6.1
2.519,0.009,-0.0053,-0.0083,0.0015,-6.0
2.52,0.0075,0.0,-0.0068,0.0007,-5.9
2.521,0.0045,0.0,-0.0105,0.0007,-5.9
2.522,0.003,0.0045,-0.015,-0.0015,-5.8
2.523,-0.0008,0.0022,-0.0143,-0.0023,-5.8
2.524,0.0015,0.0037,-0.0068,-0.003,-5.7
2.525,0.0127,0.0,0.0022,-0.0015,-5.7
2.526,0.0247,-0.0015,0.006,-0.0015,-5.6
2.527,0.0217,0.0007,0.006,-0.003,-5.6
2.528,0.009,-0.0015,0.0082,-0.0015,-5.5
2.529,0.0052,-0.0023,0.009,-0.003,-5.5
2.53,0.003,-0.0023,0.0112,-0.003,-5.4
2.531,0.003,-0.003,0.012,-0.003,-5.4
2.532,0.0022,-0.003,0.0097,-0.0023,-5.3
2.533,0.0007,-0.0023,0.0082,-0.0015,-5.3
2.534,0.0037,-0.0015,0.0105,-0.003,-5.2
2.535,0.0045,-0.0015,0.0127,-0.0046,-5.2
2.536,0.0052,-0.0008,0.0142,-0.0038,-5.1
2.537,0.0037,-0.0008,0.015,-0.003,-5.1
2.538,0.003,0.0007,0.0142,-0.0015,-5.0
2.539,0.003,0.0015,0.0127,0.0015,-5.0
2.54,0.0015,0.0015,0.0082,0.0007,-5.0
2.541,0.0015,0.0,0.0082,0.0015,-4.9
2.542,-0.0008,0.0015,0.0082,-0.0008,-4.9
2.543,-0.0008,0.0015,0.0112,-0.0008,-4.9
2.544,-0.003,0.0007,0.009,-0.0015,-4.8
2.545,-0.0083,-0.0008,0.0,-0.0038,-4.8
2.546,-0.0091,0.0,-0.0053,-0.0015,-4.7
2.547,-0.0046,0.0,-0.0083,-0.0008,-4.7
2.548,-0.0015,0.0007,-0.0091,0.0,-4.7
2.549,0.0022,0.0007,-0.012,0.0015,-4.6
2.55,0.0045,0.0015,-0.0128,0.003,-4.6
2.551,0.0015,0.0007,-0.0105,0.0007,-4.5
2.552,0.0,0.0007,-0.0046,-0.0008,-4.5
2.553,-0.0015,0.0015,-0.0008,-0.0008,-4.5
2.554,0.0007,0.003,0.0015,0.0007,-4.5
2.555,0.0037,0.0015,0.0067,0.0007,-4.4
2.556,0.0015,0.0022,0.0067,0.0007,-4.4
2.557,-0.0046,0.0052,0.009,0.0,-4.3
2.558,-0.0105,0.0045,0.0105,-0.0008,-4.3
2.559,-0.0068,0.0015,0.0097,-0.0008,-4.3
2.56,0.0022,-0.0008,0.0075,-0.0015,-4.2
2.561,0.009,-0.006,0.0052,-0.0023,-4.2
2.562,0.009,-0.0105,0.0015,-0.0008,-4.2
2.563,0.0037,-0.0091,-0.0068,-0.0015,-4.1
2.564,0.0045,-0.0068,-0.0091,0.0015,-4.1
2.565,0.0045,-0.0008,-0.0083,-0.0008,-4.1
2.566,0.0052,0.0015,-0.0015,0.0,-4.1
2.567,0.0112,0.0007,0.009,-0.0008,-4.0
2.568,0.0105,0.0022,0.0142,-0.0038,-4.0
2.569,-0.0008,0.0007,0.012,-0.0046,-4.0
2.57,-0.012,-0.0015,0.009,-0.0046,-3.9
2.571,-0.0158,-0.0015,0.009,-0.0046,-3.9
2.572,-0.012,0.0007,0.0157,-0.0046,-3.9
2.573,-0.0068,0.0022,0.0217,-0.003,-3.9
2.574,-0.0053,0.0037,0.0127,-0.0053,-3.8
2.575,-0.0015,0.0007,0.0052,-0.0046,-3.8
2.576,-0.0015,-0.0008,0.0007,-0.003,-3.8
2.577,0.0,-0.0008,-0.0038,-0.0015,-3.7
2.578,0.006,0.0,-0.0015,0.0007,-3.7
2.579,0.0165,0.0,0.0007,0.0,-3.7
2.58,0.0187,-0.0008,-0.0068,-0.0008,-3.6
2.581,0.0067,-0.0015,-0.012,-0.0023,-3.6
2.582,0.003,-0.0038,-0.0135,-0.003,-3.5
2.583,0.0007,-0.0046,-0.0188,-0.003,-3.4
2.584,-0.003,-0.0015,-0.0188,-0.0015,-3.4
2.585,-0.0015,-0.0008,-0.0158,-0.0008,-3.3
2.586,-0.0015,0.0007,-0.0105,-0.0015,-3.2
2.587,0.0007,0.0007,-0.0068,-0.0015,-3.2
2.588,0.0037,0.0015,-0.003,0.0,-3.1
2.589,-0.0008,0.0007,-0.003,-0.0015,-3.0
2.59,-0.0128,-0.0008,0.0037,-0.003,-2.9
2.591,-0.021,-0.0015,0.009,-0.003,-2.9
2.592,-0.0293,-0.0038,0.0022,-0.0053,-2.8
2.593,-0.0293,-0.0053,-0.0023,-0.0046,-2.7
2.594,-0.0188,-0.0053,-0.0083,-0.003,-2.7
2.595,-0.0091,-0.0053,-0.0075,-0.003,-2.6
2.596,0.0015,-0.0015,-0.0068,-0.0015,-2.5
2.597,0.0067,-0.0015,-0.006,-0.0008,-2.5
2.598,0.0097,-0.003,-0.006,0.0007,-2.4
2.599,0.0067,-0.0015,-0.0053,0.0007,-2.3
2.6,0.0082,-0.0008,-0.0008,0.0022,-2.3
2.601,0.0105,0.0015,-0.0008,0.0037,-2.2
2.602,0.0045,0.0015,0.0037,0.0015,-2.1
2.603,-0.003,0.0,0.003,-0.0008,-2.0
2.604,-0.0091,-0.0015,0.003,-0.003,-1.9
2.605,-0.0091,-0.0008,0.0045,-0.003,-1.8
2.606,-0.0068,-0.0008,0.0015,-0.0038,-1.7
2.607,-0.003,-0.0015,0.0037,-0.0046,-1.6
2.608,-0.0008,-0.0008,0.0037,-0.003,-1.5
2.609,0.0,-0.0008,0.0037,-0.003,-1.4
2.61,-0.0008,-0.0015,0.0045,-0.003,-1.4
2.611,0.0007,-0.0008,0.0045,-0.0008,-1.3
2.612,0.0015,0.0007,0.003,0.0007,-1.2
2.613,0.0007,-0.0008,0.0022,-0.0008,-1.1
2.614,0.0015,-0.0008,0.003,-0.0015,-1.0
2.615,0.0022,-0.003,0.0052,-0.003,-0.9
2.616,0.0045,-0.0038,0.0067,-0.003,-0.8
2.617,0.0067,-0.0008,0.0052,-0.0008,-0.7
2.618,0.0097,0.0007,0.0045,-0.0015,-0.6
2.619,0.0105,-0.0008,0.0045,-0.0008,-0.5
2.62,0.0112,0.0,0.0082,0.0,-0.5
2.621,0.015,0.0015,0.0082,0.0007,-0.4
2.622,0.0105,0.0022,0.012,0.0,-0.4
2.623,0.006,-0.0015,0.012,-0.0008,-0.4
2.624,0.0052,-0.006,0.0127,0.0,-0.3
2.625,0.0052,-0.003,0.0165,0.0007,-0.3
2.626,0.0045,-0.0023,0.0127,0.0,-0.3
2.627,-0.0046,-0.0038,0.0142,0.0007,-0.2
2.628,-0.0068,0.0007,0.0112,0.0007,-0.2
2.629,-0.006,0.0007,0.0082,-0.0015,-0.2
2.63,-0.0046,-0.0008,0.0045,-0.003,-0.1
2.631,0.0007,-0.0015,-0.003,-0.0046,-0.1
2.632,0.0007,-0.0015,-0.0053,-0.0053,-0.1
2.633,0.0022,0.0007,-0.0053,-0.0068,0.0
2.634,0.0022,-0.0008,-0.0038,-0.0046,0.0
2.635,-0.0008,-0.003,-0.003,0.0015,0.0
2.636,-0.0046,-0.0008,-0.003,0.0022,0.0
2.637,-0.0075,0.0,-0.003,0.0022,0.1
2.638,-0.0075,0.0007,-0.006,0.0037,0.1
2.639,-0.0053,0.0,-0.0053,0.0015,0.1
2.64,-0.0046,0.0,-0.0091,0.003,0.2
2.641,-0.0068,0.0015,-0.0195,0.003,0.2
2.642,-0.0075,0.0007,-0.0195,0.0007,0.2
2.643,-0.0068,0.0,-0.0181,-0.0008,0.3
2.644,-0.006,0.0015,-0.0158,-0.0023,0.3
2.645,-0.0046,0.0,-0.0068,-0.0023,0.3
2.646,-0.003,-0.0008,-0.0015,-0.003,0.3
2.647,-0.0008,0.0,0.0037,-0.0023,0.4
2.648,-0.0015,-0.0008,0.0052,-0.0008,0.4
2.649,0.0007,0.0,0.003,0.0022,0.4
2.65,0.0,0.0007,0.0,0.0045,0.4
2.651,-0.0023,-0.0008,0.0015,0.0022,0.4
2.652,0.0,-0.0015,0.0052,0.003,0.5
2.653,0.0007,-0.0008,0.0105,0.003,0.5
2.654,0.003,0.0,0.0097,0.0015,0.5
2.655,0.0052,-0.0008,0.0067,-0.0015,0.5
2.656,0.0045,0.0015,0.009,-0.0046,0.6
2.657,0.0052,0.0,0.0112,-0.0046,0.6
2.658,0.0082,0.0007,0.0135,-0.0053,0.6
2.659,0.0082,0.0015,0.0142,-0.006,0.6
2.66,0.0075,-0.0008,0.0142,-0.0053,0.7
2.661,0.006,0.0,0.0052,-0.0053,0.7
2.662,0.0015,0.0,0.0,-0.0046,0.7
2.663,-0.0015,-0.0008,-0.003,-0.0008,0.8
2.664,-0.0023,0.0,-0.0046,0.0,0.8
2.665,0.0,0.0015,-0.0015,0.0007,0.8
2.666,0.0,0.0007,-0.0038,0.0007,0.8
2.667,-0.0015,0.0007,-0.0015,0.0015,0.8
2.668,0.0022,0.0015,0.003,0.0,0.9
2.669,0.003,0.0,0.0015,-0.0008,0.9
2.67,0.0007,0.0,-0.0008,-0.0015,0.9
2.671,-0.0015,-0.0008,0.0,-0.0023,0.9
2.672,-0.003,0.0,0.0,-0.0008,0.9
2.673,-0.0023,0.0007,-0.0008,-0.0015,1.0
2.674,0.0,0.0007,0.0015,-0.0008,1.0
2.675,0.0037,0.0015,0.0022,0.0015,1.0
2.676,0.0015,-0.0015,0.006,0.0,1.0
2.677,0.0,-0.0015,0.0127,-0.0008,1.0
2.678,0.0015,-0.0015,0.0082,-0.0008,1.1
2.679,0.003,-0.0015,0.0007,-0.0015,1.1
2.68,0.0037,-0.0015,-0.003,-0.0008,1.1
2.681,0.0037,-0.0023,-0.0083,-0.0008,1.2
2.682,0.0045,-0.0015,-0.0068,-0.0015,1.2
2.683,0.0015,0.0,-0.0053,-0.0015,1.2
2.684,0.0015,-0.0008,-0.0046,-0.0023,1.3
2.685,0.0022,-0.0023,0.0,-0.0015,1.3
2.686,0.0007,-0.0023,0.0015,-0.0023,1.3
2.687,-0.0008,0.0,0.0015,-0.0008,1.4
2.688,-0.0023,0.0,0.0052,-0.0008,1.4
2.689,-0.0015,-0.0023,0.0097,-0.0015,1.4
2.69,-0.0053,0.0,0.0052,0.0,1.5
2.691,-0.006,0.0007,0.003,0.0007,1.5
2.692,-0.0015,0.0007,0.0067,0.0,1.6
2.693,0.0007,0.0007,0.0075,-0.0023,1.6
2.694,0.0007,-0.0015,0.0082,-0.003,1.6
2.695,0.0007,-0.0023,0.0082,-0.003,1.7
2.696,0.0,-0.0023,0.009,-0.003,1.7
2.697,0.0022,-0.003,0.0075,-0.0023,1.8
2.698,0.0045,-0.003,0.006,-0.0023,1.8
2.699,0.0045,-0.0015,0.006,-0.0023,1.8
2.7,0.0045,-0.0008,0.006,-0.0015,1.8
2.701,0.0052,0.0007,0.0052,-0.003,1.9
2.702,0.003,0.0015,0.0052,-0.003,1.9
2.703,0.003,0.0007,0.0075,-0.0038,2.0
2.704,0.0045,0.0007,0.0052,-0.003,2.1
2.705,0.003,0.0007,0.0052,-0.0015,2.1
2.706,0.0,0.0007,0.0045,-0.0023,2.2
2.707,-0.003,0.0007,0.0022,-0.0015,2.2
2.708,-0.0068,-0.0008,0.003,-0.0023,2.3
2.709,-0.0068,0.0007,0.0015,-0.0008,2.3
2.71,-0.0046,0.0015,0.0015,-0.0008,2.4
2.711,-0.0023,0.0007,-0.0008,0.0007,2.5
2.712,-0.0008,0.0015,-0.0008,0.0007,2.5
2.713,-0.0008,0.003,0.0015,-0.003,2.6
2.714,-0.0008,0.0015,-0.0008,-0.003,2.6
2.715,-0.0008,0.0022,0.0,-0.003,2.7
2.716,-0.0008,0.0,0.0007,-0.0023,2.7
2.717,0.0007,-0.0023,0.0007,-0.0015,2.8
2.718,-0.0008,-0.0023,0.0007,-0.0015,2.9
2.719,-0.0015,-0.003,-0.0008,-0.003,2.9
2.72,-0.0023,-0.003,0.0007,-0.0068,3.0
2.721,-0.0008,-0.0046,0.0015,-0.0053,3.0
2.722,0.0,-0.003,0.0,-0.0008,3.1
2.723,-0.0023,-0.0015,0.0007,0.003,3.1
2.724,-0.0008,-0.0038,0.0015,0.0015,3.2
2.725,0.0,-0.003,0.0022,-0.006,3.2
2.726,0.0,-0.0015,-0.0008,-0.0143,3.3
2.727,0.0015,-0.0015,-0.0015,-0.0158,3.4
2.728,0.0007,0.0015,-0.0038,-0.0098,3.4
2.729,0.0,0.0007,-0.003,0.0,3.5
2.73,-0.0015,-0.0015,-0.003,0.0105,3.6
2.731,-0.0008,0.0007,-0.0038,0.0187,3.6
2.732,-0.0008,0.003,-0.003,0.0315,3.6
2.733,-0.003,0.003,-0.003,0.0427,3.7
2.734,-0.0038,0.0015,-0.0008,0.0315,3.7
2.735,-0.0023,-0.0015,-0.0023,0.012,3.8
2.736,-0.003,-0.006,-0.0015,0.0,3.9
2.737,-0.003,-0.0053,0.0,-0.0068,3.9
2.738,0.0,-0.003,0.0,-0.0091,4.0
2.739,0.0,-0.0038,0.0,0.0105,4.0
2.74,-0.0015,-0.003,0.0007,0.0202,4.1
2.741,-0.0023,-0.003,-0.0008,-0.0105,4.1
2.742,-0.0023,-0.006,-0.003,-0.0361,4.2
2.743,-0.003,-0.0068,-0.0023,-0.0473,4.2
2.744,-0.003,-0.0046,-0.0015,-0.0383,4.3
2.745,0.0,-0.0008,-0.0023,-0.024,4.3
2.746,-0.0008,0.0007,-0.003,-0.0195,4.4
2.747,0.0015,0.0007,-0.0015,-0.0135,4.4
2.748,0.0007,0.0015,-0.0015,-0.0165,4.5
2.749,-0.0008,-0.0008,-0.0015,-0.0128,4.5
2.75,-0.0008,-0.0015,-0.0015,-0.012,4.5
2.751,-0.003,-0.0023,-0.003,-0.0143,4.5
2.752,-0.0023,-0.0023,-0.0046,-0.0105,4.6
2.753,-0.0008,0.0007,-0.003,-0.0015,4.6
2.754,-0.0008,0.0052,-0.0023,0.0105,4.7
2.755,-0.0015,0.0052,0.0,0.0202,4.7
2.756,-0.0008,0.0045,0.003,0.0337,4.8
2.757,0.0007,0.0015,0.0022,0.036,4.8
2.758,-0.0015,0.0,0.0015,0.0262,4.9
2.759,-0.0015,-0.0008,0.0007,0.0202,4.9
2.76,-0.0015,-0.003,0.0007,0.0202,4.9
2.761,-0.0015,-0.0008,0.0007,0.0217,5.0
2.762,0.0,0.0015,0.0015,0.012,5.0
2.763,0.0007,0.0022,0.0015,-0.0015,5.1
2.764,0.0007,0.003,0.0022,-0.0128,5.1
2.765,0.0015,0.003,0.0015,-0.0203,5.2
2.766,0.0022,0.0015,0.0015,-0.0203,5.2
2.767,0.0037,0.0015,-0.0008,-0.0181,5.3
2.768,0.003,0.0007,-0.0008,-0.0165,5.3
2.769,0.0015,0.0007,-0.0008,-0.0181,5.3
2.77,0.0022,0.0007,-0.0008,-0.0135,5.4
2.771,0.0015,0.0,0.0007,-0.006,5.4
2.772,0.0007,-0.0015,0.0,0.0007,5.4
2.773,-0.0008,-0.0023,-0.0008,0.0037,5.5
2.774,-0.0023,-0.0053,-0.0046,0.0045,5.5
2.775,-0.003,-0.0068,-0.0038,0.009,5.6
2.776,-0.003,-0.003,-0.0038,0.0105,5.6
2.777,-0.003,-0.0038,-0.0038,0.0082,5.7
2.778,-0.0038,-0.006,-0.0038,0.0007,5.7
2.779,-0.0023,-0.006,-0.003,-0.0053,5.8
2.78,-0.0008,-0.003,0.0,-0.0053,5.8
2.781,-0.0008,-0.0008,0.0015,-0.0128,5.8
2.782,-0.0008,-0.0023,0.0007,-0.0248,5.8
2.783,-0.0008,-0.0015,0.0045,-0.0315,5.9
2.784,-0.0008,-0.0008,0.0082,-0.0278,5.9
2.785,-0.0008,-0.0008,0.0045,-0.0083,6.0
2.786,0.0007,0.0,0.0045,0.0157,6.0
2.787,0.0007,-0.0023,0.003,0.024,6.0
2.788,-0.0008,-0.0053,0.0015,0.0165,6.1
2.789,-0.0008,-0.0053,0.0015,0.0082,6.1
2.79,0.0,-0.0008,0.0022,0.0075,6.1
2.791,-0.0015,0.0007,0.003,0.0045,6.2
2.792,-0.0008,0.0,0.0045,0.003,6.2
2.793,0.0015,0.0022,0.0045,0.003,6.2
2.794,0.0045,0.003,0.0015,0.0067,6.3
2.795,0.0037,0.0037,0.003,0.0105,6.3
2.796,0.003,0.0022,0.0022,0.0067,6.3
2.797,0.003,0.0015,0.0007,0.0075,6.3
2.798,0.0015,-0.0015,0.0007,0.0127,6.4
2.799,-0.0015,0.0,-0.0023,0.0157,6.4
2.8,-0.0083,0.003,-0.0023,0.0045,6.4
2.801,-0.0068,-0.0008,0.0007,-0.0023,6.5
2.802,-0.0015,-0.0023,0.0037,0.0007,6.5
2.803,0.003,-0.0068,0.0037,0.0052,6.6
2.804,0.0052,-0.006,0.0045,0.0007,6.6
2.805,0.0007,-0.0053,0.0075,-0.0113,6.6
2.806,-0.0046,-0.003,0.012,-0.012,6.7
2.807,-0.0038,-0.0008,0.0187,-0.012,6.7
2.808,0.0007,0.0,0.0187,-0.0143,6.7
2.809,0.006,0.0015,0.009,-0.024,6.8
2.81,0.009,-0.0015,-0.0015,-0.033,6.8
2.811,0.0135,0.0015,-0.0068,-0.0218,6.8
2.812,0.0195,0.0067,-0.0068,-0.0098,6.9
2.813,0.015,0.0045,-0.0015,-0.0053,6.9
2.814,0.0045,0.0015,0.0015,-0.003,7.0
2.815,-0.0008,-0.0015,0.0045,-0.003,7.0
2.816,-0.0068,-0.0083,0.0007,-0.0038,7.1
2.817,-0.0038,-0.0053,-0.0046,-0.0008,7.1
2.818,-0.0046,-0.0015,-0.0053,-0.0008,7.1
2.819,-0.0113,-0.0008,-0.003,-0.0008,7.2
2.82,-0.0068,0.0007,0.0007,0.0015,7.2
2.821,-0.0053,-0.0008,-0.0008,0.003,7.2
2.822,-0.0023,0.0015,-0.0023,0.0067,7.2
2.823,0.0,0.0015,-0.0008,0.0112,7.3
2.824,0.0007,0.003,0.0007,0.0105,7.3
2.825,0.0,0.0015,0.003,0.0067,7.4
2.826,-0.003,0.0,0.0037,0.0067,7.4
2.827,-0.0015,0.0015,0.0022,0.0067,7.4
2.828,-0.0015,0.0022,0.0007,0.0015,7.5
2.829,-0.0008,0.0007,0.0,-0.0038,7.5
2.83,0.0,-0.0023,0.0007,-0.0053,7.6
2.831,0.0015,-0.0015,-0.0015,-0.0083,7.6
2.832,0.0,-0.0008,-0.0015,-0.012,7.6
2.833,-0.0015,0.0,-0.0015,-0.0143,7.6
2.834,-0.0015,0.0007,0.0007,-0.0091,7.6
2.835,-0.0008,0.003,0.003,-0.0023,7.7
2.836,0.0015,0.0015,0.0015,0.0007,7.7
2.837,0.0007,0.0007,0.0022,0.012,7.8
2.838,0.0015,0.0015,0.0007,0.0187,7.8
2.839,0.0007,0.0015,0.0022,0.015,7.8
2.84,0.0007,0.0022,0.003,0.0105,7.9
2.841,0.0,0.0022,0.0015,0.0067,7.9
2.842,0.0007,-0.0023,0.0015,-0.0015,7.9
2.843,0.0037,-0.0068,0.0007,-0.0068,7.9
2.844,0.0007,-0.003,0.0022,-0.0083,8.0
2.845,0.0007,-0.0008,0.0022,-0.0105,8.0
2.846,0.0,-0.0023,0.0015,-0.0143,8.0
2.847,-0.0023,-0.0046,0.0045,-0.0165,8.0
2.848,-0.0015,-0.0068,0.0052,-0.0128,8.1
2.849,-0.0008,-0.003,0.0037,-0.0046,8.1
2.85,-0.0008,-0.0015,0.003,-0.0008,8.1
2.851,-0.0008,0.0007,0.0045,0.0,8.1
2.852,-0.0008,0.0015,0.0045,0.0045,8.1
2.853,-0.0008,-0.0008,0.003,0.0082,8.1
2.854,-0.0015,-0.0008,0.0007,0.0052,8.1
2.855,-0.0008,0.0,0.003,0.0075,8.2
2.856,0.0,0.0007,0.0037,0.0105,8.2
2.857,0.0007,0.0007,0.0045,0.0,8.2
2.858,0.0007,-0.0008,0.0052,-0.0046,8.2
2.859,0.0007,0.0,0.003,-0.0068,8.3
2.86,0.0007,-0.0015,0.0,-0.0083,8.3
2.861,-0.0015,-0.0015,-0.0038,-0.0008,8.3
2.862,-0.0038,-0.0023,-0.0075,-0.0008,8.3
2.863,-0.0053,-0.0023,-0.0128,-0.0015,8.3
2.864,-0.0068,-0.0015,-0.0135,-0.0046,8.3
2.865,-0.0053,-0.003,-0.012,-0.0038,8.2
2.866,-0.0053,-0.003,-0.0091,-0.0015,8.2
2.867,-0.003,-0.003,-0.0023,-0.003,8.2
2.868,0.0,-0.0053,-0.0008,-0.0075,8.2
2.869,0.0015,-0.0053,0.0045,-0.012,8.2
2.87,0.0015,-0.0046,0.0082,-0.0068,8.2
2.871,0.003,-0.0008,0.0105,0.0022,8.2
2.872,0.006,0.0067,0.0135,0.012,8.1
2.873,0.0045,0.0105,0.009,0.0172,8.1
2.874,0.0037,0.0075,0.0067,0.0097,8.1
2.875,0.0015,0.0015,0.0015,0.0037,8.1
2.876,0.0,-0.0015,-0.0015,0.0052,8.1
2.877,0.0,0.0022,0.0007,-0.0015,8.1
2.878,-0.0008,0.0007,0.003,-0.0068,8.1
2.879,0.0007,-0.0015,0.0052,-0.0046,8.1
2.88,0.0015,0.0,0.0045,-0.0046,8.0
2.881,0.0015,-0.0015,0.0052,-0.0083,8.0
2.882,0.0007,-0.0015,0.009,-0.0068,8.0
2.883,0.0,-0.0008,0.009,-0.0015,8.0
2.884,0.0015,-0.0023,0.0082,0.0007,8.0
2.885,0.0015,-0.0046,0.0082,0.003,8.0
2.886,0.0015,-0.0023,0.0082,0.0015,7.9
2.887,0.003,-0.0008,0.0075,-0.0015,7.9
2.888,0.0015,-0.0015,0.0067,-0.0083,7.9
2.889,0.0015,-0.0023,0.003,-0.0083,7.9
2.89,0.0007,-0.0008,-0.0008,-0.006,7.8
2.891,-0.0008,-0.0008,0.0015,-0.0053,7.8
2.892,-0.0023,-0.0015,0.003,-0.006,7.8
2.893,-0.0015,0.0007,0.0045,-0.006,7.8
2.894,-0.0008,0.0,0.0075,-0.003,7.8
2.895,-0.0008,-0.0015,0.003,0.0007,7.7
2.896,0.0,0.0007,0.0,0.003,7.7
2.897,-0.0015,0.0007,-0.0046,-0.0008,7.7
2.898,-0.0023,-0.0008,-0.0046,-0.0046,7.7
2.899,-0.0038,-0.0015,-0.003,-0.003,7.6
2.9,-0.0046,-0.003,-0.0053,-0.0046,7.6
2.901,-0.0053,-0.0046,-0.0038,-0.0053,7.6
2.902,-0.0038,-0.003,-0.0008,-0.0046,7.6
2.903,-0.0015,-0.0038,-0.0038,-0.003,7.6
2.904,-0.003,-0.003,-0.003,-0.0015,7.5
2.905,-0.003,-0.003,-0.0015,0.003,7.5
2.906,-0.0008,0.0045,-0.0008,0.012,7.5
2.907,-0.0015,0.0142,0.0015,0.0165,7.4
2.908,-0.0023,0.012,0.0045,0.009,7.4
2.909,0.0007,0.0015,0.0045,0.0022,7.4
2.91,0.0022,0.0007,0.003,0.0015,7.3
2.911,0.0045,0.0007,0.003,0.0007,7.3
2.912,0.003,-0.0015,0.0015,-0.0008,7.3
2.913,0.0037,-0.0008,0.0007,-0.0008,7.2
2.914,0.0045,-0.0015,0.0022,-0.003,7.2
2.915,0.0007,-0.0015,0.0007,-0.0053,7.2
2.916,-0.0015,-0.0008,-0.0023,-0.0083,7.2
2.917,-0.003,-0.0015,-0.0038,-0.0083,7.1
2.918,-0.003,-0.003,-0.003,-0.0075,7.1
2.919,-0.0008,-0.0046,-0.003,-0.0046,7.1
2.92,0.0,-0.0046,-0.0015,-0.003,7.0
2.921,-0.0008,-0.0046,-0.0008,-0.003,7.0
2.922,-0.0008,-0.0038,-0.0008,-0.0015,7.0
2.923,0.0015,-0.0015,0.0007,-0.0023,6.9
2.924,0.0,-0.0008,-0.0008,-0.0023,6.9
2.925,-0.0015,-0.0015,0.0,-0.003,6.9
2.926,-0.0015,-0.0015,0.0,-0.003,6.8
2.927,-0.0023,-0.0008,-0.0023,-0.0023,6.8
2.928,-0.0023,-0.0008,-0.0015,-0.0015,6.8
2.929,0.0,0.0007,-0.0015,0.0007,6.7
2.93,0.0007,0.0007,-0.0008,-0.0008,6.7
2.931,0.0015,-0.0008,0.0015,-0.0008,6.7
2.932,0.0015,-0.0008,0.0007,-0.0008,6.7
2.933,0.0015,0.0007,0.0007,0.0015,6.7
2.934,0.0015,0.0015,0.0015,0.0015,6.6
2.935,0.0015,0.0007,0.0015,-0.0008,6.6
2.936,0.0007,0.0,0.003,0.0,6.6
2.937,0.0007,0.0007,0.003,-0.0008,6.5
2.938,0.0045,0.0015,0.003,-0.0023,6.5
2.939,0.003,0.0022,0.0022,-0.003,6.5
2.94,0.003,0.0037,0.003,-0.0046,6.4
2.941,0.0037,0.003,0.0022,-0.0038,6.4
2.942,0.0007,-0.0008,0.0007,-0.0008,6.3
2.943,0.0007,-0.0015,0.003,0.003,6.3
2.944,0.0015,-0.0046,0.0015,0.0037,6.3
2.945,0.0007,-0.0053,0.0022,0.003,6.3
2.946,0.0,-0.0053,0.0007,0.0052,6.2
2.947,-0.0008,-0.0083,-0.0008,0.0045,6.2
2.948,0.0,-0.0075,0.0,0.0007,6.1
2.949,0.0007,-0.0075,0.0015,-0.006,6.1
2.95,0.0,-0.0053,0.003,-0.0046,6.0
2.951,-0.0008,-0.003,0.0022,-0.003,6.0
2.952,0.0007,0.0007,0.0045,-0.0053,6.0
2.953,0.0007,0.0045,0.0037,-0.0053,5.9
2.954,0.0,0.009,0.0015,-0.003,5.9
2.955,0.0,0.0075,0.0022,-0.0008,5.8
2.956,-0.0008,0.0007,0.0022,-0.0015,5.8
2.957,-0.0008,-0.0008,0.006,0.0007,5.8
2.958,-0.0008,-0.0023,0.0045,0.003,5.8
2.959,-0.0015,-0.0023,0.0007,0.0037,5.7
2.96,-0.003,-0.0015,0.0015,0.003,5.6
2.961,-0.0015,-0.003,0.0007,-0.0008,5.6
2.962,0.0,-0.003,0.0,-0.0053,5.6
2.963,0.0015,-0.0046,0.0,-0.0046,5.5
2.964,0.0015,-0.0015,-0.0008,-0.0023,5.5
2.965,0.0007,-0.0008,-0.0015,-0.0023,5.4
2.966,0.0015,0.0,-0.0015,-0.0015,5.4
2.967,0.003,-0.0008,0.0007,-0.0015,5.3
2.968,0.003,-0.0015,0.0022,-0.0008,5.3
2.969,0.0007,0.0007,0.003,-0.0023,5.3
2.97,0.0,0.0007,0.0045,-0.0046,5.2
2.971,0.0007,0.0015,0.0037,-0.0038,5.2
2.972,0.0015,0.0037,0.003,-0.0015,5.1
2.973,-0.0008,0.0015,0.0045,0.0007,5.1
2.974,-0.0008,0.0015,0.003,0.0,5.0
2.975,0.0007,-0.0008,0.0052,0.0015,5.0
2.976,0.0,-0.0015,0.003,0.0045,4.9
2.977,0.0007,0.0037,0.0015,0.009,4.9
2.978,0.003,0.0067,0.0037,0.0112,4.9
2.979,0.003,0.0052,0.0022,0.006,4.8
2.98,0.0015,-0.0023,0.0045,-0.0023,4.7
2.981,0.0015,-0.0053,0.003,-0.0083,4.7
2.982,0.0,0.0,0.0015,-0.0158,4.7
2.983,-0.0015,-0.0053,0.003,-0.0248,4.6
2.984,0.0007,-0.0075,0.0052,-0.0256,4.5
2.985,0.0007,-0.012,0.0052,-0.021,4.5
2.986,-0.0008,-0.0143,0.0052,-0.0181,4.5
2.987,-0.0038,-0.0158,0.0015,-0.0023,4.4
2.988,-0.0046,-0.0128,-0.003,0.021,4.3
2.989,-0.0046,-0.006,-0.0015,0.0315,4.3
2.99,-0.0053,-0.003,-0.003,0.0352,4.2
2.991,-0.0023,0.015,-0.0015,0.0277,4.2
2.992,0.0007,0.024,0.0007,0.0105,4.1
2.993,0.0,0.0157,-0.0008,0.0045,4.0
2.994,-0.0015,0.009,-0.0008,0.0015,4.0
2.995,0.0,0.0022,0.0,-0.0053,4.0
2.996,0.0,0.0007,0.0,-0.012,3.9
2.997,0.0007,-0.0015,0.0007,-0.0203,3.9
2.998,0.0015,-0.0015,0.0015,-0.0181,3.8
2.999,0.0007,-0.0008,0.0015,-0.0068,3.7
3.0,0.0007,-0.0008,0.0037,-0.006,3.6
3.001,-0.0008,-0.0083,0.0022,0.0007,3.6
3.002,-0.0015,-0.0218,-0.0008,0.0142,3.6
3.003,-0.0008,-0.0233,-0.0023,0.018,3.5
3.004,0.0,-0.0113,-0.0023,0.0165,3.5
3.005,-0.0008,-0.0091,-0.0046,0.0202,3.4
3.006,-0.0008,-0.012,-0.0038,0.0067,3.3
3.007,-0.003,-0.0158,-0.0023,-0.0143,3.3
3.008,-0.0023,-0.0218,-0.0008,-0.0195,3.2
3.009,-0.0015,0.0052,-0.0008,-0.0128,3.1
3.01,0.0,0.0652,-0.0008,-0.0098,3.1
3.011,0.0007,0.078,0.0022,-0.0293,3.0
3.012,0.0,0.027,0.0045,-0.039,3.0
3.013,0.0007,-0.0046,0.0045,-0.0263,2.9
3.014,-0.0008,-0.0038,0.0037,-0.012,2.8
3.015,0.0,-0.0053,0.003,-0.0038,2.8
3.016,-0.0008,-0.003,0.0037,-0.0015,2.7
3.017,0.0007,-0.0038,0.0052,0.0007,2.6
3.018,0.0015,-0.003,0.0067,0.0015,2.6
3.019,0.0007,-0.0015,0.006,-0.0008,2.5
3.02,-0.0008,-0.0046,0.0067,-0.0038,2.4
3.021,-0.0008,0.0,0.006,-0.0075,2.4
3.022,0.003,-0.0008,0.0052,-0.0098,2.3
3.023,0.0022,0.0007,0.0022,-0.0083,2.3
3.024,0.003,0.0015,0.0015,-0.0015,2.2
3.025,0.0007,-0.0008,0.0015,0.0067,2.2
3.026,-0.0015,-0.0015,0.0015,0.0105,2.1
3.027,0.0,-0.0038,0.0007,0.0127,2.1
3.028,-0.0015,-0.0053,0.0,0.0255,2.0
3.029,0.0,-0.0023,0.0007,0.036,1.9
3.03,0.0007,-0.0008,0.0007,0.0367,1.9
3.031,-0.0015,-0.0053,0.0007,0.024,1.8
3.032,0.0007,-0.0091,0.0015,0.0037,1.8
3.033,0.0,-0.0135,0.0007,-0.0053,1.7
3.034,-0.0015,-0.0113,-0.0008,-0.0105,1.7
3.035,0.0007,-0.0075,0.0007,-0.0098,1.6
3.036,-0.0008,-0.0083,-0.0008,-0.0105,1.5
3.037,0.0,-0.0083,-0.0008,-0.0091,1.5
3.038,0.0015,-0.0083,0.0015,-0.0091,1.4
3.039,0.0007,-0.0083,0.003,-0.0105,1.3
3.04,0.0007,-0.0068,0.003,-0.0038,1.3
3.041,-0.0008,-0.0038,0.0045,-0.0015,1.3
3.042,-0.0008,-0.0015,0.003,-0.003,1.2
3.043,0.0,-0.0008,0.0007,-0.003,1.1
3.044,-0.0008,0.0007,0.0015,-0.006,1.1
3.045,0.0007,-0.0023,0.0,-0.0083,1.0
3.046,0.0015,-0.0053,0.0,-0.0165,0.9
3.047,0.0015,-0.0105,0.0007,-0.0203,0.9
3.048,0.0022,-0.0091,0.0007,-0.0165,0.8
3.049,0.0015,-0.0053,0.0007,-0.0158,0.8
3.05,0.0015,-0.006,0.0007,-0.012,0.7
3.051,-0.0008,-0.003,0.0007,0.003,0.6
3.052,0.0,0.0007,0.0007,0.018,0.6
3.053,0.0007,0.0067,0.0015,0.027,0.5
3.054,-0.0008,0.0277,-0.0008,0.0457,0.4
3.055,0.0007,0.054,-0.0008,0.0607,0.4
3.056,0.0,0.0315,0.0015,0.0367,0.3
3.057,-0.0015,-0.003,0.0015,0.0142,0.3
3.058,-0.0015,-0.0053,-0.0015,0.006,0.2
3.059,-0.003,-0.0135,-0.0008,-0.0128,0.1
3.06,-0.0038,-0.0165,-0.0023,-0.0443,0.0
3.061,-0.003,-0.0233,-0.0046,-0.0645,0.0
3.062,-0.003,-0.0323,-0.0053,-0.0578,0.0
3.063,-0.003,-0.0293,-0.0053,-0.0436,-0.1
3.064,-0.0038,-0.0143,-0.0015,-0.0256,-0.2
3.065,-0.0015,0.0082,0.0007,-0.0091,-0.3
3.066,-0.0008,0.0105,0.0015,0.0045,-0.4
3.067,-0.0008,0.015,0.0037,0.0075,-0.4
3.068,0.0015,0.0217,0.0045,0.0157,-0.5
3.069,0.0007,0.0405,0.0037,0.0277,-0.5
3.07,0.0007,0.018,0.0015,0.0127,-0.6
3.071,0.0007,-0.0346,0.0007,0.0007,-0.7
3.072,0.0,-0.024,0.0022,-0.0038,-0.8
3.073,0.0,-0.0158,0.0015,-0.0046,-0.9
3.074,-0.0015,-0.0113,-0.0008,0.003,-0.9
3.075,-0.0015,0.0157,-0.0008,0.0105,-1.0
3.076,-0.0015,0.0442,-0.0015,0.0067,-1.1
3.077,-0.0008,0.0472,-0.003,-0.0023,-1.1
3.078,-0.0008,0.0285,-0.003,-0.003,-1.2
3.079,-0.0015,0.0232,-0.003,-0.0053,-1.3
3.08,-0.0015,-0.0083,-0.003,-0.0105,-1.4
3.081,-0.0023,-0.0181,-0.0046,-0.0105,-1.4
3.082,-0.0015,-0.0135,-0.0053,-0.0091,-1.5
3.083,-0.0015,-0.0165,-0.0046,0.0067,-1.7
3.084,0.0,0.0007,0.0,0.0382,-1.8
3.085,0.0015,-0.0008,0.0037,0.0675,-1.8
3.086,0.0007,0.0067,0.0037,0.0667,-1.9
3.087,-0.0008,0.0127,0.0037,0.0292,-2.0
3.088,0.0007,0.0097,0.0045,-0.0158,-2.2
3.089,0.0007,-0.012,0.003,-0.0458,-2.3
3.09,0.0015,-0.0308,0.0045,-0.0691,-2.3
3.091,0.0,-0.0203,0.0052,-0.0721,-2.4
3.092,0.0007,-0.0203,0.0045,-0.0608,-2.5
3.093,0.0015,-0.0158,0.0015,-0.0638,-2.7
3.094,-0.0015,-0.021,0.0015,-0.0458,-2.7
3.095,-0.0008,-0.0278,0.003,-0.0105,-2.8
3.096,0.0,-0.0218,0.0022,0.0052,-2.9
3.097,-0.0008,-0.0008,0.0015,0.039,-3.0
3.098,0.0007,0.021,0.003,0.06,-3.2
3.099,0.0015,-0.0091,0.0045,0.0547,-3.2
3.1,0.0022,-0.0165,0.0045,0.0862,-3.4
3.101,0.0007,0.012,0.0007,0.0675,-3.4
3.102,0.0007,-0.0091,0.0007,0.006,-3.6
3.103,0.0015,-0.0293,0.0037,-0.0233,-3.6
3.104,0.0015,-0.0188,0.0037,-0.0308,-3.7
3.105,0.0022,0.0202,0.003,0.0015,-3.9
3.106,0.0022,0.0885,0.0015,0.0112,-4.0
3.107,0.0022,0.0735,0.0007,-0.003,-4.1
3.108,0.0007,-0.0075,-0.0008,-0.0256,-4.2
3.109,-0.0008,-0.0128,-0.0008,-0.039,-4.3
3.11,0.0,-0.0008,0.0015,-0.0135,-4.4
3.111,-0.0015,-0.0181,0.0015,0.0187,-4.5
3.112,-0.003,-0.012,0.0015,0.0105,-4.6
3.113,-0.0023,-0.0218,-0.0015,-0.0105,-4.7
3.114,-0.0008,-0.0375,0.0022,0.0337,-4.8
3.115,0.0007,0.0045,0.003,0.0675,-4.9
3.116,0.0,0.0082,0.0,0.0427,-5.0
3.117,0.0015,-0.0353,0.003,0.0067,-5.1
3.118,0.0015,-0.0233,0.0007,-0.0256,-5.2
3.119,0.0007,-0.0105,0.0015,-0.039,-5.4
3.12,0.0007,0.0367,0.0015,-0.0181,-5.5
3.121,-0.0015,0.081,0.0015,-0.0128,-5.6
3.122,-0.003,0.0397,0.0007,-0.0405,-5.7
3.123,-0.0053,0.0,0.0007,-0.0375,-5.8
3.124,-0.0023,0.0105,0.0045,-0.0218,-5.9
3.125,-0.0008,0.0232,0.006,0.0022,-6.1
3.126,-0.0015,-0.0053,0.0045,0.018,-6.2
3.127,-0.003,-0.0105,0.0,0.003,-6.3
3.128,-0.0053,-0.0038,-0.0046,-0.0188,-6.4
3.129,-0.0053,-0.0225,-0.0023,-0.0383,-6.6
3.13,-0.0046,-0.0293,-0.0008,-0.0353,-6.7
3.131,-0.003,-0.0293,-0.0008,-0.0188,-6.8
3.132,-0.0008,-0.0233,-0.0008,-0.0135,-7.0
3.133,0.0,0.0015,0.0015,-0.006,-7.1
3.134,0.0015,0.039,0.0022,0.0127,-7.2
3.135,0.0015,0.0367,0.003,0.0135,-7.3
3.136,0.0007,0.0052,0.0037,-0.0008,-7.5
3.137,0.0,-0.0053,0.003,-0.0083,-7.6
3.138,-0.0008,-0.0203,0.0015,0.0052,-7.7
3.139,-0.0008,-0.0203,0.0022,0.0262,-7.8
3.14,-0.0008,0.018,0.0037,0.0165,-8.0
3.141,0.0015,0.0427,0.0022,-0.0128,-8.1
3.142,0.0015,-0.0098,0.0015,-0.0188,-8.3
3.143,0.0022,-0.0728,0.0007,-0.0203,-8.5
3.144,0.0015,-0.0691,-0.0008,-0.0053,-8.6
3.145,-0.0023,-0.0165,0.0,0.0015,-8.8
3.146,-0.0008,0.024,0.0015,-0.0046,-8.9
3.147,-0.0015,-0.0203,0.003,-0.015,-9.0
3.148,-0.0015,-0.0473,0.003,-0.0533,-9.2
3.149,0.0007,-0.0203,0.0045,-0.0361,-9.4
3.15,-0.0008,-0.0023,0.0037,-0.0091,-9.5
3.151,-0.0008,0.0067,0.0015,-0.0158,-9.7
3.152,-0.0008,-0.0203,0.0007,-0.0068,-9.9
3.153,0.0,-0.003,-0.0008,0.0487,-10.0
3.154,0.0022,0.0892,0.0022,0.1207,-10.2
3.155,0.003,0.0855,0.003,0.0907,-10.4
3.156,0.003,0.0022,0.0045,0.0555,-10.5
3.157,0.0045,0.0097,0.0045,0.063,-10.6
3.158,0.0045,0.0315,0.0037,0.0337,-10.8
3.159,0.003,0.0367,0.0052,0.0202,-10.9
3.16,0.0022,0.0172,0.003,-0.0038,-11.2
3.161,0.0022,-0.024,0.0015,-0.0233,-11.3
3.162,0.0,-0.0083,-0.0008,-0.0188,-11.5
3.163,-0.0008,-0.0091,-0.0008,-0.0181,-11.7
3.164,-0.0015,0.0007,-0.0015,-0.0315,-11.9
3.165,-0.0015,0.006,-0.0023,-0.0593,-12.1
3.166,0.0,-0.0068,0.0,-0.0495,-12.2
3.167,-0.0008,0.0052,-0.0008,-0.0143,-12.4
3.168,-0.0008,0.009,0.0015,-0.0023,-12.6
3.169,0.0007,0.0112,0.0022,0.0097,-12.8
3.17,0.0007,0.0082,0.003,0.0217,-13.0
3.171,0.0007,-0.0008,0.0007,-0.0143,-13.2
3.172,-0.0015,-0.0046,-0.003,-0.0173,-13.4
3.173,-0.0008,0.0007,-0.0015,0.009,-13.5
3.174,0.0015,0.0,-0.0008,0.0142,-13.7
3.175,0.0015,-0.003,0.0,0.0142,-13.9
3.176,0.0007,-0.006,0.0007,-0.0068,-14.1
3.177,0.0007,-0.0218,-0.0008,-0.0195,-14.3
3.178,0.0007,-0.048,-0.0038,-0.0315,-14.5
3.179,-0.0015,-0.0495,-0.0015,-0.0338,-14.7
3.18,0.0007,-0.027,0.0,-0.0285,-14.9
3.181,0.0015,-0.0181,-0.0008,-0.0143,-15.1
3.182,0.0015,0.0007,0.0007,0.0067,-15.3
3.183,0.0015,0.0135,-0.0023,0.0105,-15.5
3.184,0.0,-0.0015,0.0,0.018,-15.8
3.185,0.0022,-0.0053,0.0015,0.012,-16.0
3.186,0.0015,-0.0053,0.0007,0.0082,-16.2
3.187,0.0,-0.0105,0.0007,-0.0046,-16.4
3.188,-0.0015,-0.0053,-0.003,-0.0308,-16.6
3.189,-0.003,-0.0046,-0.003,-0.0368,-16.8
3.19,-0.0015,0.0022,-0.0023,-0.0195,-17.1
3.191,-0.0008,0.0007,-0.0015,-0.012,-17.3
3.192,-0.0008,-0.0015,-0.003,-0.0105,-17.5
3.193,0.0007,0.0015,-0.0046,-0.0015,-17.7
3.194,-0.0008,0.0007,-0.0046,-0.0008,-18.0
3.195,-0.0008,0.0,-0.0046,0.0037,-18.2
3.196,-0.0008,-0.0008,-0.003,0.0105,-18.4
3.197,0.0,0.0015,-0.0015,0.0225,-18.6
3.198,0.0015,0.0015,0.0015,0.0277,-18.8
3.199,-0.0008,0.0007,0.003,0.0292,-19.0
3.2,-0.0015,0.0052,0.0037,0.0202,-19.3
3.201,-0.0008,0.0007,0.0052,-0.0046,-19.5
3.202,0.0,-0.0128,0.0052,-0.012,-19.8
3.203,0.0,-0.0128,0.0052,-0.0015,-20.1
3.204,0.0,0.0007,0.006,0.0097,-20.3
3.205,0.0015,0.0015,0.0052,0.0045,-20.6
3.206,0.0007,-0.0165,0.003,0.0015,-20.9
3.207,0.0,-0.0068,0.0037,0.0037,-21.2
3.208,0.0007,0.0187,0.0022,-0.0015,-21.4
3.209,-0.0008,0.0225,0.0022,0.0007,-21.7
3.21,0.0,0.0225,0.0045,-0.0105,-22.0
3.211,0.0007,0.009,0.0052,-0.027,-22.2
3.212,0.0,-0.0068,0.0075,-0.027,-22.5
3.213,-0.0008,-0.0053,0.0082,-0.0143,-22.8
3.214,-0.0008,-0.0015,0.006,-0.006,-23.0
3.215,0.0,-0.0023,0.0052,-0.0015,-23.3
3.216,-0.0015,-0.0046,0.006,0.0007,-23.6
3.217,-0.0015,-0.0143,0.0067,0.0015,-23.9
3.218,-0.0015,-0.015,0.0075,0.0067,-24.1
3.219,-0.0008,-0.0068,0.0067,0.0067,-24.4
3.22,0.0007,-0.0015,0.0082,0.0037,-24.7
3.221,0.0007,0.0052,0.0082,0.006,-25.0
3.222,0.003,0.0262,0.0045,0.0142,-25.2
3.223,0.0045,0.0637,0.0037,0.015,-25.6
3.224,0.0015,0.0427,0.0022,-0.0008,-25.8
3.225,0.0015,-0.0046,0.003,-0.0015,-26.1
3.226,0.0022,0.0097,0.0037,0.003,-26.4
3.227,0.0015,0.0045,0.003,0.0022,-26.7
3.228,0.0007,0.0037,0.0015,0.0045,-27.0
3.229,-0.0008,0.0075,0.0015,0.0007,-27.3
3.23,-0.0015,-0.0083,0.0007,-0.0068,-27.6
3.231,-0.0046,-0.0083,-0.0015,-0.0113,-27.9
3.232,-0.0046,-0.0188,0.0007,-0.003,-28.2
3.233,-0.0023,-0.0158,0.0007,0.003,-28.5
3.234,-0.003,-0.0165,-0.0015,0.0007,-28.8
3.235,-0.0008,-0.0158,-0.0008,0.0,-29.1
3.236,0.0,-0.012,-0.003,-0.0038,-29.3
3.237,-0.0015,-0.012,-0.003,-0.0038,-29.6
3.238,-0.0008,-0.0053,-0.003,-0.003,-29.9
3.239,-0.0023,-0.0046,-0.0053,-0.003,-30.2
3.24,-0.003,-0.0015,-0.006,-0.003,-30.6
3.241,-0.0046,0.0,-0.0091,-0.0015,-30.8
3.242,-0.0053,0.0022,-0.0113,0.0015,-31.1
3.243,-0.0068,0.003,-0.012,0.0045,-31.3
3.244,-0.0046,-0.0023,-0.0098,-0.0008,-31.6
3.245,-0.003,-0.0046,-0.0083,-0.0068,-31.9
3.246,-0.0053,-0.0038,-0.0068,-0.0038,-32.1
3.247,-0.0053,-0.003,-0.0068,-0.0068,-32.4
3.248,-0.0038,-0.0075,-0.0083,-0.0083,-32.7
3.249,-0.0008,-0.006,-0.0053,-0.006,-32.9
3.25,-0.0008,-0.0046,-0.0046,-0.012,-33.3
3.251,-0.0015,-0.0015,-0.0046,-0.0105,-33.5
3.252,0.0007,0.0015,-0.006,-0.0053,-33.8
3.253,-0.0015,0.0007,-0.003,-0.0053,-34.1
3.254,0.0007,-0.0008,0.0,-0.0068,-34.3
3.255,0.0015,-0.003,-0.0008,-0.0091,-34.6
3.256,0.0015,-0.0046,0.0007,-0.0105,-34.9
3.257,0.003,-0.006,0.0007,-0.0091,-35.1
3.258,0.0022,-0.0098,0.0007,-0.0046,-35.4
3.259,0.003,-0.015,-0.003,0.0,-35.7
3.26,0.0007,-0.0015,-0.0015,0.0105,-36.0
3.261,0.0007,0.0142,0.0015,0.0187,-36.2
3.262,0.0022,0.0232,0.0015,0.018,-36.5
3.263,-0.0008,0.018,0.0015,0.0052,-36.7
3.264,0.0007,0.0007,0.0015,-0.0008,-36.9
3.265,0.0007,0.0045,0.003,-0.0008,-37.2
3.266,0.0015,0.0015,0.006,-0.0015,-37.4
3.267,0.003,0.0007,0.0067,0.0015,-37.6
3.268,0.0022,0.0052,0.0067,0.0,-37.8
3.269,0.003,0.0015,0.0067,0.0015,-38.1
3.27,0.0007,0.003,0.0067,0.0007,-38.3
3.271,0.0007,0.0015,0.006,0.0015,-38.6
3.272,0.0015,0.0082,0.0045,0.003,-38.8
3.273,0.0015,0.009,0.0037,0.0007,-39.1
3.274,0.0015,0.0045,0.0015,0.0,-39.3
3.275,0.0,0.0045,0.0007,0.0007,-39.6
3.276,-0.0008,0.0052,0.003,-0.0008,-39.8
3.277,-0.0008,0.0082,0.0015,-0.0015,-40.0
3.278,0.0,0.006,-0.0008,-0.0015,-40.2
3.279,-0.0008,0.0007,-0.0008,-0.0015,-40.5
3.28,-0.0015,-0.0015,-0.0008,0.0,-40.8
3.281,-0.0008,-0.0023,-0.0023,0.0007,-40.9
3.282,-0.0015,-0.0046,-0.0015,-0.0015,-41.0
3.283,-0.003,-0.0091,-0.0015,-0.003,-41.2
3.284,-0.003,-0.0105,-0.0015,-0.0046,-41.4
3.285,-0.0015,-0.012,0.0007,-0.0053,-41.6
3.286,-0.0046,-0.0128,0.0022,-0.0068,-41.8
3.287,-0.0015,-0.0128,0.0045,-0.0075,-41.9
3.288,0.0007,-0.0113,0.0067,-0.0046,-42.1
3.289,0.0022,-0.0091,0.012,0.0007,-42.3
3.29,0.0045,-0.003,0.0142,0.003,-42.4
3.291,0.0045,-0.0008,0.012,0.0015,-42.6
3.292,0.0037,-0.0015,0.012,0.0022,-42.8
3.293,0.0022,0.0007,0.012,0.0097,-42.9
3.294,0.003,0.003,0.012,0.006,-43.1
3.295,0.003,-0.0023,0.0135,-0.003,-43.2
3.296,0.0045,-0.0053,0.0172,-0.0068,-43.4
3.297,0.0082,-0.0053,0.0202,-0.0068,-43.6
3.298,0.0067,-0.0068,0.015,-0.0046,-43.8
3.299,0.0045,-0.0068,0.012,-0.0023,-43.9
3.3,0.0037,-0.003,0.0135,0.003,-44.1
3.301,0.0052,-0.0015,0.0105,-0.0008,-44.2
3.302,0.0052,-0.0023,0.0135,-0.0023,-44.3
3.303,0.0052,-0.0008,0.0142,-0.0008,-44.5
3.304,0.0052,0.003,0.012,-0.003,-44.6
3.305,0.006,0.0045,0.0105,-0.0015,-44.7
3.306,0.0037,0.0082,0.0105,-0.0015,-44.8
3.307,0.0052,0.012,0.012,0.0007,-44.9
3.308,0.0082,0.0135,0.0105,0.0015,-45.0
3.309,0.0045,0.012,0.0052,-0.0008,-45.1
3.31,0.0022,0.0097,0.0015,-0.0015,-45.3
3.311,0.0015,0.012,0.0015,-0.0015,-45.4
3.312,-0.0008,0.0157,0.0015,0.0015,-45.5
3.313,-0.0008,0.0165,0.0015,0.0045,-45.6
3.314,0.0007,0.0157,0.0007,0.0045,-45.7
3.315,0.0015,0.0105,0.0007,0.0015,-45.9
3.316,0.0015,0.003,0.003,0.0045,-46.0
3.317,0.0022,-0.0046,0.0067,0.0067,-46.1
3.318,0.003,-0.0143,0.0067,0.003,-46.2
3.319,0.003,-0.0195,0.0045,-0.0023,-46.3
3.32,0.0015,-0.0158,0.0037,-0.0091,-46.5
3.321,0.0015,-0.0173,0.003,-0.012,-46.5
3.322,0.0015,-0.0188,0.0045,-0.0105,-46.6
3.323,0.0007,-0.0195,0.0037,-0.0083,-46.7
3.324,-0.0015,-0.0203,0.0045,-0.0068,-46.8
3.325,-0.0015,-0.0181,0.0045,-0.0053,-46.9
3.326,-0.0008,-0.0158,0.0015,-0.0046,-47.0
3.327,-0.0008,-0.0083,0.003,0.0015,-47.1
3.328,0.0007,0.0,0.006,0.0105,-47.2
3.329,0.003,0.0052,0.009,0.0082,-47.3
3.33,0.0022,0.0082,0.0097,0.0045,-47.3
3.331,0.003,0.0097,0.0082,0.0015,-47.4
3.332,0.0022,0.009,0.0045,-0.003,-47.5
3.333,-0.0008,0.0082,0.0015,-0.0038,-47.6
3.334,-0.0015,0.0075,0.0007,-0.0038,-47.7
3.335,-0.0023,0.0052,-0.0023,-0.006,-47.7
3.336,-0.003,0.003,-0.003,-0.0105,-47.8
3.337,-0.0023,0.0007,-0.0053,-0.0128,-47.9
3.338,-0.0038,0.0,-0.0068,-0.0083,-48.0
3.339,-0.0053,-0.0015,-0.0053,-0.0023,-48.1
3.34,-0.006,-0.0046,-0.0068,-0.003,-48.2
3.341,-0.006,-0.006,-0.0105,-0.0068,-48.3
3.342,-0.0083,-0.003,-0.0113,-0.0015,-48.4
3.343,-0.0098,-0.0008,-0.0113,0.003,-48.5
3.344,-0.0091,0.0,-0.0091,0.0015,-48.5
3.345,-0.0083,-0.0008,-0.0091,0.0007,-48.6
3.346,-0.0083,-0.0015,-0.0128,0.0015,-48.7
3.347,-0.0083,0.0015,-0.0105,0.0045,-48.8
3.348,-0.0068,0.0007,-0.0113,0.0037,-48.9
3.349,-0.0068,0.003,-0.012,0.003,-49.0
3.35,-0.0046,0.0045,-0.012,0.0015,-49.1
3.351,-0.0046,0.003,-0.012,0.0015,-49.1
3.352,-0.0053,-0.0015,-0.0091,0.0007,-49.2
3.353,-0.0046,-0.0083,-0.0053,0.0022,-49.3
3.354,-0.0015,-0.0015,-0.0046,0.003,-49.4
3.355,-0.0008,0.003,-0.0083,0.0007,-49.5
3.356,-0.003,0.0007,-0.0083,-0.0008,-49.5
3.357,-0.0023,0.003,-0.0083,0.0,-49.6
3.358,-0.003,0.0015,-0.012,0.0007,-49.7
3.359,-0.003,0.0,-0.0105,-0.003,-49.8
3.36,-0.0023,-0.0023,-0.0091,-0.0068,-49.9
3.361,-0.003,-0.0038,-0.0053,-0.0075,-49.9
3.362,0.0015,-0.003,-0.0015,-0.0068,-50.0
3.363,0.0,-0.0046,0.0007,-0.0046,-50.0
3.364,0.0007,-0.0015,0.0022,-0.003,-50.1
3.365,0.0007,-0.0008,0.0015,-0.0015,-50.2
3.366,-0.0015,-0.0015,0.0007,-0.0015,-50.2
3.367,-0.0008,-0.0008,0.0015,-0.0015,-50.3
3.368,0.0,-0.0015,-0.0008,-0.0008,-50.4
3.369,0.0,-0.0015,-0.003,0.0007,-50.4
3.37,-0.0023,0.0,-0.0015,-0.0015,-50.5
3.371,-0.0015,-0.0008,-0.003,-0.0015,-50.5
3.372,-0.0008,-0.0023,-0.0015,-0.003,-50.6
3.373,-0.0023,-0.0046,-0.0008,-0.0075,-50.7
3.374,-0.003,-0.0105,-0.0008,-0.0128,-50.7
3.375,-0.003,-0.0135,-0.0023,-0.0105,-50.8
3.376,-0.003,-0.012,-0.003,-0.0015,-50.9
3.377,-0.0015,-0.012,-0.0008,0.0052,-50.9
3.378,0.0,-0.0135,0.0015,0.009,-50.9
3.379,0.0,-0.0113,0.003,0.0105,-51.0
3.38,-0.0015,0.0052,0.0015,0.0187,-51.1
3.381,0.0007,0.0345,0.0007,0.0157,-51.1
3.382,0.0007,0.0315,-0.0008,-0.0008,-51.1
3.383,0.0007,0.0195,0.0,-0.0083,-51.1
3.384,0.0015,0.0247,0.0007,-0.0143,-51.2
3.385,0.0007,0.0195,0.0007,-0.0113,-51.2
3.386,0.0007,0.0195,0.0015,0.0,-51.2
3.387,0.0,0.0045,0.0022,0.0022,-51.2
3.388,0.0007,-0.0091,0.006,0.0007,-51.3
3.389,0.0022,-0.0068,0.0067,-0.0075,-51.3
3.39,0.0052,-0.015,0.0067,-0.0091,-51.3
3.391,0.0045,-0.0091,0.0082,-0.0075,-51.3
3.392,0.0037,-0.015,0.009,-0.0098,-51.3
3.393,0.003,-0.0181,0.0105,-0.0053,-51.3
3.394,0.0045,-0.0143,0.0105,-0.0046,-51.3
3.395,0.0045,-0.0143,0.009,-0.0023,-51.4
3.396,0.0045,-0.0083,0.0067,0.0,-51.4
3.397,0.003,-0.0105,0.0082,0.0007,-51.4
3.398,0.0022,-0.0015,0.0112,0.0075,-51.4
3.399,0.0045,0.027,0.0105,0.012,-51.5
3.4,0.0037,0.0345,0.0097,0.0067,-51.5
3.401,0.003,0.0007,0.009,0.0045,-51.5
3.402,0.0037,0.0,0.009,0.0082,-51.5
3.403,0.0015,0.003,0.0082,0.003,-51.4
3.404,0.0007,-0.0105,0.003,-0.0008,-51.4
3.405,-0.0015,-0.0046,0.0007,-0.0015,-51.4
3.406,-0.0015,-0.0091,-0.0008,-0.0046,-51.4
3.407,-0.0015,-0.0075,-0.0046,-0.0053,-51.4
3.408,-0.0008,-0.0023,-0.0053,-0.0091,-51.3
3.409,-0.0008,0.0052,-0.0038,-0.012,-51.3
3.41,-0.0008,0.0097,-0.003,-0.0098,-51.3
3.411,0.0007,0.0015,-0.0038,-0.006,-51.3
3.412,-0.0008,-0.0053,-0.003,-0.0046,-51.3
3.413,-0.0023,-0.0113,0.0,-0.0015,-51.2
3.414,-0.0008,-0.0128,0.0015,0.0,-51.2
3.415,0.0007,-0.0068,0.0045,0.0015,-51.2
3.416,0.0015,-0.0023,0.0067,0.003,-51.2
3.417,0.0015,-0.0038,0.0052,0.0015,-51.2
3.418,0.0007,-0.0015,0.0045,0.0015,-51.1
3.419,0.0007,-0.0023,0.0015,-0.0008,-51.1
3.42,0.0015,-0.0015,0.0022,-0.0008,-51.1
3.421,0.0015,0.0015,0.0022,0.0007,-51.0
3.422,0.0022,0.0067,0.0007,-0.0015,-50.9
3.423,0.003,0.012,0.0015,-0.0046,-50.9
3.424,0.003,0.0105,0.0015,-0.0105,-50.8
3.425,0.0007,0.0007,-0.0008,-0.027,-50.7
3.426,-0.0008,-0.0068,0.0007,-0.033,-50.7
3.427,0.0007,-0.0083,0.0007,-0.015,-50.6
3.428,0.0,-0.0083,0.0,-0.0015,-50.5
3.429,-0.0008,-0.0053,0.0007,0.0105,-50.4
3.43,0.0,-0.003,0.0015,0.0217,-50.4
3.431,-0.0015,-0.003,0.0037,0.0285,-50.3
3.432,-0.0008,-0.0046,0.0045,0.0382,-50.2
3.433,0.0007,-0.003,0.0045,0.0367,-50.2
3.434,-0.0008,0.006,0.0075,0.0082,-50.1
3.435,-0.0015,0.003,0.006,-0.0181,-50.0
3.436,-0.0015,-0.0038,0.0015,-0.0098,-50.0
3.437,-0.0015,-0.0008,0.0022,-0.0083,-49.9
3.438,-0.0008,0.0015,0.0007,-0.0091,-49.8
3.439,-0.0015,-0.0008,0.0015,-0.0046,-49.8
3.44,-0.0008,0.0007,0.003,-0.0068,-49.7
3.441,-0.0015,0.0015,-0.0008,-0.0046,-49.6
3.442,-0.0053,0.0007,-0.0015,-0.006,-49.5
3.443,-0.0023,0.0007,-0.0038,-0.006,-49.4
3.444,-0.0038,0.0007,-0.0046,-0.006,-49.3
3.445,-0.0068,0.0007,-0.0046,-0.006,-49.2
3.446,-0.003,0.0007,-0.0046,-0.0068,-49.1
3.447,-0.003,-0.0023,-0.0023,-0.0091,-49.0
3.448,-0.0008,-0.0113,-0.0008,-0.0181,-48.9
3.449,0.0007,-0.015,-0.0008,-0.0218,-48.8
3.45,-0.0008,-0.0128,-0.0008,-0.0128,-48.7
3.451,-0.0008,-0.0128,-0.0008,-0.0046,-48.6
3.452,0.0007,-0.0113,0.0007,0.0015,-48.5
3.453,0.0007,-0.0098,0.0022,0.0067,-48.4
3.454,0.0007,-0.0128,0.0015,0.0135,-48.3
3.455,0.0,-0.0015,0.0045,0.0195,-48.2
3.456,0.0007,0.03,0.0052,0.0255,-48.1
3.457,0.0037,0.0337,0.0075,0.0172,-48.0
3.458,0.003,0.0135,0.0075,0.006,-47.9
3.459,0.0007,0.015,0.0007,0.0015,-47.8
3.46,-0.0023,0.0067,-0.0023,-0.0053,-47.7
3.461,-0.003,0.0,-0.0053,-0.003,-47.6
3.462,-0.0023,0.0015,-0.006,-0.003,-47.5
3.463,0.0,-0.003,-0.0046,-0.0015,-47.3
3.464,-0.0008,0.0,-0.0053,-0.0015,-47.2
3.465,-0.0038,-0.0015,-0.0068,-0.0015,-47.1
3.466,-0.0023,0.0,-0.0053,0.0007,-47.0
3.467,-0.0015,0.0007,-0.0046,0.0015,-46.8
3.468,0.0007,-0.0015,-0.0053,0.0037,-46.8
3.469,0.0007,-0.0023,-0.0046,0.0022,-46.6
3.47,-0.0008,-0.0015,-0.0038,-0.0008,-46.5
3.471,0.0,0.0,-0.0023,-0.003,-46.4
3.472,-0.0015,-0.0008,-0.0023,-0.003,-46.3
3.473,-0.0008,-0.0008,-0.0008,-0.003,-46.2
3.474,-0.0008,-0.0046,0.0015,-0.0046,-46.0
3.475,0.0015,-0.012,0.0022,-0.0053,-45.9
3.476,0.0015,-0.0158,0.0022,-0.0008,-45.8
3.477,0.0007,-0.0128,0.003,-0.0015,-45.7
3.478,0.0015,-0.012,0.0067,-0.0083,-45.5
3.479,0.0007,-0.0128,0.0052,-0.0113,-45.5
3.48,0.0022,-0.0128,0.0045,-0.0203,-45.3
3.481,0.0007,-0.0105,0.009,-0.0203,-45.2
3.482,0.0007,0.003,0.0052,-0.0068,-45.0
3.483,0.0007,0.0255,0.003,-0.003,-44.9
3.484,0.0,0.027,0.0052,-0.0046,-44.8
3.485,0.0015,0.0022,0.0037,-0.0008,-44.6
3.486,0.0045,0.0037,0.003,0.0015,-44.6
3.487,0.003,0.0105,0.003,0.003,-44.4
3.488,0.0015,0.0067,0.0045,0.0015,-44.3
3.489,0.0022,0.0015,0.0045,0.0007,-44.1
3.49,0.0007,-0.0046,0.0007,0.0015,-44.0
3.491,-0.0015,-0.0038,-0.0008,0.0007,-43.9
3.492,-0.0015,-0.0046,-0.0038,0.0015,-43.7
3.493,-0.0015,-0.003,-0.0038,0.0015,-43.6
3.494,-0.0015,-0.0053,-0.003,0.0015,-43.5
3.495,-0.0023,-0.0068,-0.003,0.0,-43.3
3.496,-0.0015,-0.0046,-0.0023,0.0,-43.2
3.497,-0.0015,-0.006,-0.0015,0.0007,-43.1
3.498,-0.0023,-0.0083,0.0007,0.0022,-43.0
3.499,-0.0038,-0.0113,-0.003,0.0037,-42.8
3.5,-0.0053,-0.0091,-0.0046,0.0045,-42.7
3.501,-0.0038,-0.0075,-0.003,0.0052,-42.6
3.502,-0.0023,-0.003,-0.0023,0.003,-42.4
3.503,-0.0023,0.0067,-0.0008,0.0052,-42.3
3.504,-0.0008,0.0165,0.0007,0.0067,-42.2
3.505,-0.0008,0.0127,0.0015,0.0022,-42.0
3.506,-0.0008,0.0127,0.0007,-0.0046,-41.9
3.507,-0.0008,0.0127,0.0007,-0.0105,-41.7
3.508,-0.0015,-0.003,-0.003,-0.0105,-41.6
3.509,-0.0008,-0.0091,-0.0053,-0.0083,-41.4
3.51,-0.0023,-0.0143,-0.0053,0.003,-41.3
3.511,-0.0023,-0.0083,-0.003,0.012,-41.2
3.512,-0.0008,0.027,0.0007,0.0142,-41.0
3.513,0.0007,0.0367,-0.0015,0.0067,-40.9
3.514,0.0,0.0105,-0.003,-0.0075,-40.8
3.515,-0.0008,-0.003,-0.0008,-0.0158,-40.6
3.516,-0.0008,-0.006,0.0007,-0.024,-40.5
3.517,-0.0015,-0.0068,0.0015,-0.0225,-40.3
3.518,-0.0008,-0.0046,0.0007,-0.012,-40.2
3.519,0.0007,-0.0038,-0.0008,-0.0105,-40.1
3.52,0.0,-0.0053,-0.0015,-0.0128,-39.9
3.521,0.0,-0.0135,-0.0008,-0.0083,-39.8
3.522,-0.0008,-0.0143,0.0,-0.0091,-39.6
3.523,-0.0008,-0.0128,0.0007,-0.0135,-39.5
3.524,-0.0015,-0.0158,0.0007,-0.0128,-39.3
3.525,-0.0023,-0.0181,0.003,-0.0083,-39.2
3.526,-0.0015,-0.0195,0.0045,0.0015,-39.0
3.527,0.0,-0.0135,0.0045,0.0082,-38.9
3.528,0.0007,-0.0091,0.003,0.0105,-38.7
3.529,0.0007,-0.0038,0.0045,0.0097,-38.6
3.53,0.0007,0.0052,0.0052,0.0157,-38.4
3.531,0.0022,0.0142,0.0052,0.0202,-38.3
3.532,0.003,0.0097,0.0067,0.018,-38.1
3.533,0.0037,0.003,0.0052,0.0157,-37.9
3.534,0.0045,0.0045,0.0075,0.012,-37.8
3.535,0.003,0.009,0.0075,0.0045,-37.7
3.536,0.003,0.0127,0.0082,0.003,-37.5
3.537,0.0037,0.0097,0.0105,0.0075,-37.4
3.538,0.0045,0.006,0.0082,0.0015,-37.2
3.539,0.003,0.0015,0.006,-0.0068,-37.0
3.54,0.0022,0.006,0.0045,-0.0113,-36.9
3.541,0.0045,0.006,0.0067,-0.0143,-36.7
3.542,0.0022,-0.0046,0.0067,-0.0128,-36.5
3.543,0.003,-0.0015,0.0052,-0.0068,-36.4
3.544,0.0045,-0.0015,0.0067,-0.0046,-36.2
3.545,0.003,-0.0008,0.0052,-0.0046,-36.0
3.546,0.0015,0.0007,0.0045,-0.0046,-35.9
3.547,0.0007,-0.003,0.0045,-0.0053,-35.7
3.548,0.003,-0.0083,0.006,-0.0105,-35.5
3.549,0.0015,-0.0113,0.0045,-0.0158,-35.3
3.55,0.0015,-0.0083,0.003,-0.0256,-35.1
3.551,0.003,-0.0091,0.003,-0.0353,-35.0
3.552,0.0,-0.0105,0.0022,-0.0233,-34.8
3.553,0.0,-0.012,0.003,-0.0083,-34.7
3.554,0.0007,-0.0105,0.0015,0.006,-34.5
3.555,0.0007,-0.0075,0.0045,0.0202,-34.3
3.556,0.0007,-0.0015,0.0052,0.0277,-34.1
3.557,0.0015,0.0082,0.0082,0.0352,-34.0
3.558,0.003,0.0067,0.0075,0.0352,-33.8
3.559,0.003,-0.0008,0.006,0.0322,-33.6
3.56,0.0015,0.0112,0.006,0.0292,-33.4
3.561,0.0007,0.0195,0.0045,0.0217,-33.3
3.562,0.0015,0.0022,0.0067,0.006,-33.1
3.563,0.0015,-0.003,0.0045,-0.003,-32.9
3.564,-0.0008,-0.003,0.0045,-0.0046,-32.7
3.565,0.0015,-0.0068,0.006,-0.0091,-32.5
3.566,0.0022,-0.0046,0.0052,-0.012,-32.4
3.567,0.0007,0.0015,0.0045,-0.0128,-32.2
3.568,0.0007,0.0217,0.0007,-0.012,-32.0
3.569,-0.0038,0.0255,-0.0015,-0.0105,-31.8
3.57,-0.0046,0.0067,-0.0015,-0.0098,-31.6
3.571,-0.0023,0.0015,-0.003,-0.0083,-31.4
3.572,0.0,0.0007,-0.0023,-0.0083,-31.2
3.573,0.0,-0.0038,-0.0023,-0.0053,-31.1
3.574,-0.0023,-0.0008,-0.0015,-0.0053,-30.9
3.575,-0.0023,-0.0023,-0.0008,-0.0046,-30.7
3.576,-0.003,-0.0046,-0.0015,-0.0053,-30.5
3.577,-0.003,-0.0053,-0.0038,-0.0091,-30.3
3.578,-0.003,-0.0068,-0.0046,-0.015,-30.2
3.579,-0.0015,-0.0053,-0.0015,-0.0181,-30.0
3.58,-0.0008,-0.0038,-0.0038,-0.012,-29.8
3.581,-0.003,-0.0023,-0.0046,-0.003,-29.6
3.582,-0.0038,-0.0015,-0.003,0.0007,-29.4
3.583,-0.0015,-0.0008,-0.0015,0.0067,-29.2
3.584,0.0,0.0,0.0007,0.0127,-28.9
3.585,0.0015,0.0007,0.0015,0.0082,-28.7
3.586,0.0,0.0052,0.003,0.0067,-28.5
3.587,-0.0015,0.0075,0.0015,0.012,-28.3
3.588,-0.0015,0.0052,-0.0008,0.0157,-28.1
3.589,-0.0015,0.0007,-0.0015,0.0105,-27.9
3.59,0.0007,-0.0083,-0.0015,0.009,-27.7
3.591,0.0022,-0.0105,0.0015,0.0067,-27.5
3.592,0.003,-0.0053,0.0007,-0.0105,-27.3
3.593,0.0,-0.006,-0.0015,-0.0173,-27.0
3.594,-0.0015,-0.006,-0.0023,-0.0181,-26.8
3.595,-0.0015,-0.0068,-0.0015,-0.015,-26.6
3.596,-0.0023,-0.0053,0.0007,-0.0113,-26.4
3.597,-0.0015,-0.0046,0.0022,-0.0128,-26.2
3.598,-0.0023,-0.0105,0.0007,-0.0128,-26.0
3.599,-0.003,-0.0083,-0.0015,-0.015,-25.8
3.6,-0.0015,-0.0023,-0.003,-0.012,-25.6
3.601,-0.0008,-0.0165,-0.0015,-0.0128,-25.3
3.602,0.0007,-0.0203,-0.0023,-0.0158,-25.1
3.603,0.0007,-0.0008,-0.0015,-0.0173,-24.9
3.604,0.0015,-0.0053,0.0007,-0.0225,-24.7
3.605,0.003,-0.0256,0.0007,-0.027,-24.4
3.606,0.003,-0.0181,0.0015,-0.024,-24.2
3.607,0.0015,0.0105,0.0037,-0.0181,-24.0
3.608,0.0007,0.0157,0.0045,0.0007,-23.8
3.609,0.0007,0.012,0.0015,0.0292,-23.5
3.61,-0.0008,0.0255,-0.0008,0.0577,-23.3
3.611,-0.0023,0.0157,0.0007,0.0585,-23.1
3.612,-0.0008,0.0112,0.0007,0.0367,-22.9
3.613,-0.0008,0.0307,0.0007,0.0285,-22.6
3.614,0.0015,0.0457,0.0015,0.0165,-22.4
3.615,0.0007,0.0307,0.0045,0.0067,-22.2
3.616,0.0007,0.0067,0.0067,0.003,-22.0
3.617,0.0015,0.0202,0.006,-0.0015,-21.7
3.618,0.0015,0.0105,0.0045,-0.003,-21.5
3.619,-0.0008,-0.003,0.0045,-0.006,-21.3
3.62,-0.0015,-0.003,0.0052,-0.0053,-21.1
3.621,-0.0015,-0.0181,0.0052,-0.0068,-20.8
3.622,-0.0008,-0.0158,0.0067,-0.0023,-20.6
3.623,0.0007,-0.0158,0.0082,0.0,-20.4
3.624,0.0,-0.0113,0.0045,-0.0038,-20.2
3.625,0.0,-0.0105,0.0037,-0.0068,-19.9
3.626,-0.0015,-0.0128,0.003,-0.0075,-19.7
3.627,0.0,-0.0098,-0.0015,-0.006,-19.5
3.628,0.0,-0.0105,-0.0023,-0.0083,-19.3
3.629,-0.0015,-0.0091,-0.003,-0.0083,-19.0
3.63,-0.0015,-0.0105,-0.003,-0.006,-18.8
3.631,0.0,-0.0068,-0.0015,-0.0023,-18.6
3.632,0.0007,-0.0053,-0.003,-0.0008,-18.4
3.633,0.0007,-0.0038,-0.0015,0.0007,-18.2
3.634,0.003,-0.0015,-0.0008,0.0037,-18.0
3.635,-0.0008,-0.0015,-0.0008,0.0037,-17.7
3.636,-0.003,-0.0008,-0.0008,0.0007,-17.5
3.637,-0.0023,-0.003,-0.0008,-0.0046,-17.3
3.638,-0.003,-0.0008,-0.0015,-0.0083,-17.1
3.639,-0.003,0.0022,-0.0008,-0.0068,-16.8
3.64,-0.003,0.0,-0.0008,-0.0075,-16.6
3.641,-0.0046,-0.0038,-0.0023,-0.006,-16.4
3.642,-0.0053,-0.003,-0.0008,-0.0038,-16.2
3.643,-0.0038,-0.0023,-0.0015,-0.0038,-15.9
3.644,-0.0046,-0.003,-0.0038,-0.0053,-15.8
3.645,-0.0023,-0.0008,-0.0053,-0.0023,-15.5
3.646,0.0,0.006,-0.0068,0.003,-15.3
3.647,-0.0015,0.0165,-0.0075,0.0052,-15.1
3.648,-0.0023,0.015,-0.0068,0.0022,-14.9
3.649,-0.0015,0.0067,-0.0046,-0.0008,-14.6
3.65,-0.0008,0.0007,-0.0023,0.0,-14.4
3.651,-0.0008,-0.0083,-0.0015,-0.0023,-14.2
3.652,0.0007,-0.0068,-0.0008,-0.0046,-14.0
3.653,0.0082,-0.0046,0.003,-0.0038,-13.8
3.654,0.012,-0.0053,0.0045,-0.0008,-13.5
3.655,0.006,-0.0023,0.0022,-0.0008,-13.3
3.656,0.0015,-0.0008,0.0015,-0.0053,-13.1
3.657,0.0015,-0.006,0.0015,-0.0023,-12.9
3.658,0.0015,-0.0128,-0.0015,-0.0053,-12.7
3.659,0.0007,-0.0135,-0.0015,-0.0113,-12.5
3.66,-0.0008,-0.0128,-0.0015,-0.0083,-12.2
3.661,0.0015,-0.0091,0.0022,-0.0015,-12.0
3.662,-0.0008,0.0037,0.0067,0.0052,-11.8
3.663,-0.0015,0.0165,0.0052,0.0082,-11.6
3.664,-0.003,0.0112,0.0022,0.0015,-11.3
3.665,-0.003,0.0007,0.0037,-0.0008,-11.1
3.666,-0.0068,0.0015,0.0075,-0.003,-10.9
3.667,-0.0105,0.0,0.0097,-0.0015,-10.7
3.668,-0.0091,-0.0015,0.0112,0.0,-10.4
3.669,-0.0083,-0.003,0.009,-0.0015,-10.2
3.67,-0.0046,-0.0038,0.0075,-0.0015,-10.0
3.671,-0.0008,-0.0038,0.0067,-0.003,-9.8
3.672,0.0037,-0.006,0.012,-0.0015,-9.6
3.673,0.003,-0.0015,0.0195,-0.0015,-9.4
3.674,0.0015,0.0015,0.0217,-0.0023,-9.1
3.675,0.003,0.0007,0.018,-0.0008,-8.9
3.676,0.006,0.003,0.0202,0.0015,-8.7
3.677,0.0135,0.0037,0.018,0.0015,-8.5
3.678,0.012,0.003,-0.0046,0.0022,-8.2
3.679,0.0007,0.0015,-0.0248,0.0007,-8.0
3.68,-0.0046,-0.0008,-0.024,0.0,-7.8
3.681,0.0015,-0.0008,-0.0128,-0.0008,-7.6
3.682,0.0045,0.0,-0.0008,0.0,-7.3
3.683,0.0045,0.0007,-0.0015,0.0007,-7.1
3.684,0.0052,0.0007,0.0,-0.0015,-6.8
3.685,0.0045,0.0007,0.0082,-0.0008,-6.6
3.686,0.0052,0.0015,0.0082,0.0,-6.4
3.687,0.0045,-0.0015,0.0045,-0.0008,-6.2
3.688,0.0007,-0.0015,0.0037,-0.0015,-5.9
3.689,-0.003,0.0007,0.0007,-0.003,-5.7
3.69,-0.006,0.0,-0.0083,-0.0015,-5.4
3.691,-0.0075,-0.0008,-0.012,-0.0015,-5.2
3.692,-0.0053,-0.003,-0.006,-0.003,-5.0
3.693,-0.003,-0.0038,-0.0008,-0.003,-4.8
3.694,0.0,-0.003,0.0007,-0.0015,-4.5
3.695,-0.0015,-0.0015,-0.0075,-0.0008,-4.3
3.696,-0.0075,0.0015,-0.0135,-0.0008,-4.1
3.697,-0.0046,0.003,-0.003,0.0,-3.8
3.698,0.0,0.003,0.0,-0.0015,-3.6
3.699,0.0,0.0007,0.0037,-0.0008,-3.4
3.7,0.009,0.0007,0.0142,0.0,-3.2
3.701,0.0217,0.0037,0.0157,0.0015,-3.0
3.702,0.0255,0.0045,0.0127,0.0,-2.8
3.703,0.0187,0.0022,0.0105,-0.003,-2.6
3.704,0.0097,-0.0008,0.0172,-0.0068,-2.4
3.705,0.0022,0.0,0.0225,-0.0068,-2.3
3.706,-0.0008,-0.0008,0.0217,-0.003,-2.1
3.707,0.0,-0.0015,0.0202,-0.003,-1.9
3.708,-0.0053,-0.0008,0.0082,-0.0008,-1.7
3.709,-0.0075,0.0,0.0022,0.0037,-1.5
3.71,-0.0068,0.0007,0.0007,0.0052,-1.4
3.711,-0.0083,-0.0008,-0.0075,0.0052,-1.2
3.712,-0.006,-0.0015,-0.0143,0.0052,-1.0
3.713,-0.0091,0.0007,-0.0195,0.0022,-0.9
3.714,-0.0068,0.0007,-0.015,-0.0015,-0.7
3.715,-0.0046,0.0007,-0.0113,-0.003,-0.5
3.716,-0.0038,-0.0023,-0.0091,-0.0083,-0.3
3.717,-0.003,-0.0098,-0.0091,-0.0083,-0.1
3.718,-0.0015,-0.0091,-0.0083,-0.0015,0.0
3.719,-0.0008,-0.0046,-0.0091,-0.0015,0.2
3.72,0.0,-0.0015,-0.0068,-0.0015,0.4
3.721,0.0007,-0.0023,-0.0008,-0.0008,0.5
3.722,-0.0008,-0.0053,0.0007,-0.0008,0.6
3.723,0.0,-0.0068,0.0007,0.0067,0.7
3.724,-0.0023,-0.0015,0.0037,0.0157,0.7
3.725,-0.003,0.0112,0.0052,0.0217,0.8
3.726,-0.003,0.0165,0.0075,0.0112,0.9
3.727,-0.0046,0.0045,0.0045,-0.0098,1.0
3.728,-0.0053,-0.0015,0.003,-0.0203,1.1
3.729,-0.0068,0.006,0.0015,-0.0218,1.2
3.73,-0.0038,0.006,-0.0008,-0.0143,1.3
3.731,-0.003,-0.0015,-0.0008,-0.0105,1.3
3.732,-0.003,0.0007,-0.0015,-0.0038,1.4
3.733,-0.0008,-0.0008,0.0,-0.0015,1.5
3.734,-0.0008,-0.006,0.003,-0.0053,1.6
3.735,0.0007,-0.0046,0.003,-0.0068,1.7
3.736,0.0007,-0.0053,0.0015,-0.0068,1.8
3.737,0.0045,-0.0038,-0.0008,-0.0015,1.8
3.738,0.0105,-0.0046,0.0045,-0.0008,1.9
3.739,0.0105,-0.0105,0.0097,-0.0008,2.0
3.74,0.006,-0.0105,0.0142,-0.0015,2.1
3.741,0.0045,-0.0091,0.0135,-0.0008,2.1
3.742,0.0037,-0.0053,0.012,-0.0008,2.1
3.743,0.0007,-0.0015,0.0135,-0.0008,2.2
3.744,0.0,0.0015,0.0127,0.0007,2.2
3.745,0.0045,0.0052,0.0127,0.0007,2.2
3.746,0.0082,0.0142,0.0142,0.0015,2.2
3.747,0.0082,0.0187,0.0202,0.0007,2.2
3.748,0.0067,0.0105,0.0157,0.0037,2.2
3.749,0.006,0.0097,0.0165,0.003,2.2
3.75,0.0007,0.0052,0.0165,0.0,2.3
3.751,-0.0023,-0.0068,0.018,-0.0008,2.3
3.752,0.0007,-0.0068,0.03,0.0007,2.3
3.753,0.0105,-0.003,0.0435,0.0015,2.4
3.754,0.0217,0.0007,0.0532,0.0007,2.4
3.755,0.0232,-0.0008,0.0337,0.0015,2.4
3.756,0.012,-0.003,0.0172,0.0022,2.4
3.757,0.0052,-0.0053,0.006,0.0052,2.4
3.758,0.0007,-0.0068,-0.0038,0.0082,2.5
3.759,-0.0015,-0.0053,-0.0008,0.0105,2.5
3.76,0.003,-0.0053,0.0075,0.0097,2.5
3.761,0.0082,-0.0015,0.0255,0.0067,2.5
3.762,0.0135,-0.0008,0.0232,0.003,2.5
3.763,0.009,-0.0015,0.0127,0.0007,2.5
3.764,0.006,-0.003,0.0022,-0.0015,2.5
3.765,0.003,0.0007,-0.006,-0.0008,2.5
3.766,0.0007,0.0045,-0.012,-0.0015,2.4
3.767,-0.0075,0.0045,-0.024,-0.0068,2.4
3.768,-0.0165,0.015,-0.033,-0.0098,2.4
3.769,-0.015,0.024,-0.042,-0.0091,2.4
3.77,-0.0173,0.012,-0.0465,-0.012,2.3
3.771,-0.0203,-0.003,-0.0465,-0.0143,2.3
3.772,-0.0263,-0.0083,-0.0443,-0.0143,2.3
3.773,-0.024,-0.0105,-0.0383,-0.0105,2.3
3.774,-0.0188,-0.0143,-0.0308,-0.0075,2.3
3.775,-0.0188,-0.0181,-0.0323,-0.0068,2.2
3.776,-0.0181,-0.0165,-0.033,-0.0015,2.2
3.777,-0.0188,-0.0091,-0.03,0.0,2.2
3.778,-0.0195,-0.003,-0.0285,0.0022,2.2
3.779,-0.027,0.0022,-0.027,0.0022,2.2
3.78,-0.0353,0.0045,-0.0263,-0.0008,2.1
3.781,-0.0361,-0.0023,-0.024,0.0007,2.1
3.782,-0.027,-0.0098,-0.0181,0.0052,2.1
3.783,-0.0135,-0.0098,-0.006,0.0052,2.0
3.784,0.0007,-0.0038,-0.0053,-0.0008,1.9
3.785,0.0127,-0.0023,-0.0128,-0.0015,1.9
3.786,0.021,-0.006,-0.0181,0.0,1.8
3.787,0.0262,-0.0023,-0.0203,0.0015,1.8
3.788,0.0307,0.0015,-0.0181,0.0045,1.8
3.789,0.0322,0.0037,-0.0083,0.0052,1.7
3.79,0.027,0.0052,0.003,0.003,1.6
3.791,0.0217,0.003,0.0075,-0.0046,1.6
3.792,0.006,-0.0015,0.012,-0.0113,1.5
3.793,-0.0158,-0.0083,0.0135,-0.0053,1.5
3.794,-0.0225,-0.0128,0.015,-0.0008,1.4
3.795,-0.0165,-0.0105,0.0157,-0.0046,1.4
3.796,-0.0068,-0.0075,0.0127,-0.0046,1.3
3.797,-0.0015,-0.006,0.0127,-0.0015,1.3
3.798,0.0015,-0.003,0.015,0.0,1.2
3.799,-0.0008,0.0,0.018,0.0007,1.2
3.8,-0.0008,0.0007,0.0165,-0.0105,1.1
3.801,0.0007,-0.0023,0.0157,-0.0105,1.1
3.802,0.0067,0.0015,0.0217,0.0022,1.0
3.803,0.0202,0.0142,0.0247,0.0195,0.9
3.804,0.0277,0.0247,0.0232,0.0255,0.9
3.805,0.0292,0.0195,0.0165,0.0022,0.8
3.806,0.0165,-0.003,0.0052,-0.0165,0.8
3.807,0.0067,-0.012,-0.003,-0.0188,0.7
3.808,0.0067,-0.003,-0.0083,-0.0158,0.6
3.809,0.0015,-0.0008,-0.0135,-0.0098,0.5
3.81,-0.003,-0.0008,-0.0158,-0.0105,0.5
3.811,-0.0075,-0.0053,-0.0075,-0.012,0.4
3.812,-0.0128,0.0007,0.0015,-0.015,0.4
3.813,-0.0165,0.012,0.0015,-0.0158,0.3
3.814,-0.0203,0.0007,-0.0008,-0.021,0.2
3.815,-0.0195,-0.0068,0.0,-0.0195,0.2
3.816,-0.0135,-0.0091,0.0015,-0.0105,0.1
3.817,-0.012,-0.015,0.0015,-0.0083,0.0
3.818,-0.0105,-0.0181,0.0052,-0.0008,0.0
3.819,-0.0068,-0.0128,0.0157,0.0082,-0.1
3.82,-0.0046,-0.0015,0.0187,0.0292,-0.2
3.821,-0.003,0.0045,0.012,0.0465,-0.2
3.822,-0.0038,0.0105,0.0052,0.0337,-0.3
3.823,0.0015,0.0105,-0.0008,0.0232,-0.4
3.824,0.003,0.0045,-0.0008,0.0232,-0.5
3.825,0.0022,0.0045,-0.003,0.0202,-0.6
3.826,-0.0008,0.0067,-0.0068,0.018,-0.7
3.827,-0.0053,0.009,-0.0135,0.0142,-0.8
3.828,-0.0015,0.012,-0.0195,0.0097,-0.9
3.829,0.0007,0.0075,-0.0195,-0.0053,-0.9
3.83,0.009,0.0007,-0.0128,-0.0263,-1.0
3.831,0.0142,-0.0068,-0.0068,-0.0285,-1.1
3.832,0.0105,-0.0105,-0.0068,-0.024,-1.2
3.833,0.0045,-0.0068,-0.0008,-0.0181,-1.3
3.834,-0.0015,-0.003,0.0067,-0.0195,-1.4
3.835,-0.0053,-0.0015,0.0105,-0.021,-1.5
3.836,-0.0083,0.003,0.015,-0.0113,-1.6
3.837,-0.0128,0.0067,0.0082,0.0007,-1.7
3.838,-0.006,0.009,0.0045,0.0127,-1.8
3.839,-0.0008,0.0082,0.0105,0.0255,-1.8
3.84,-0.0143,0.0045,0.0142,0.0315,-2.0
3.841,-0.0203,0.0037,0.0097,0.0292,-2.0
3.842,-0.0113,0.0007,0.0022,0.0067,-2.1
3.843,0.0082,-0.0053,0.012,-0.0188,-2.2
3.844,0.0255,-0.006,0.0067,-0.0278,-2.3
3.845,0.0337,-0.003,-0.0075,-0.0218,-2.3
3.846,0.0405,-0.0008,-0.0023,-0.0075,-2.4
3.847,0.042,-0.0008,0.0,-0.0098,-2.5
3.848,0.0427,-0.0098,0.0112,-0.0233,-2.6
3.849,0.03,-0.0143,0.0225,-0.0308,-2.6
3.85,0.0142,-0.0128,0.0232,-0.0225,-2.7
3.851,0.006,-0.0135,0.018,-0.0091,-2.8
3.852,-0.0053,-0.0091,0.012,-0.0008,-2.8
3.853,-0.0158,0.0022,0.0052,0.0067,-2.9
3.854,-0.0181,0.0097,-0.0008,0.0067,-3.0
3.855,-0.0173,0.0052,-0.0105,0.0097,-3.1
3.856,-0.0195,0.0015,-0.0256,0.0127,-3.2
3.857,-0.021,0.0037,-0.0285,0.0112,-3.2
3.858,-0.0083,0.0052,-0.0218,0.006,-3.3
3.859,0.0097,-0.006,-0.0181,-0.0046,-3.4
3.86,0.0052,-0.0181,-0.0083,-0.0173,-3.5
3.861,-0.0053,-0.0091,0.0015,-0.0218,-3.5
3.862,-0.0083,0.0105,-0.003,-0.0173,-3.5
3.863,-0.0083,0.0195,-0.0038,-0.0195,-3.5
3.864,-0.0068,0.0127,-0.0046,-0.024,-3.5
3.865,-0.0046,0.0142,-0.0053,-0.0113,-3.4
3.866,-0.0008,0.0157,0.009,0.0127,-3.4
3.867,0.0007,0.0052,0.0202,0.027,-3.4
3.868,-0.003,-0.012,0.018,0.0277,-3.4
3.869,-0.0075,-0.0233,0.0082,0.0262,-3.4
3.87,-0.0091,-0.0195,0.0067,0.0285,-3.3
3.871,-0.0158,-0.0105,0.012,0.0202,-3.3
3.872,-0.0128,-0.0068,0.018,0.003,-3.3
3.873,-0.003,-0.0083,0.0195,-0.0008,-3.3
3.874,0.0037,-0.0038,0.0322,0.0022,-3.3
3.875,0.012,0.0045,0.0292,-0.0008,-3.3
3.876,0.015,0.0067,0.0142,-0.0008,-3.2
3.877,0.018,0.0082,0.0067,0.0007,-3.2
3.878,0.012,0.003,-0.0068,-0.003,-3.2
3.879,0.006,-0.0015,-0.0091,-0.0046,-3.2
3.88,0.012,0.0082,-0.012,-0.0053,-3.2
3.881,0.0082,0.0112,-0.0128,-0.0143,-3.2
3.882,-0.0068,0.003,-0.0143,-0.0128,-3.2
3.883,-0.0195,-0.0038,-0.0128,0.0007,-3.3
3.884,-0.0233,-0.003,-0.003,0.009,-3.4
3.885,-0.0083,-0.0008,0.0067,0.015,-3.4
3.886,0.012,-0.0015,0.0217,0.0112,-3.5
3.887,0.0165,-0.003,0.0277,0.0007,-3.5
3.888,0.0135,-0.003,0.0277,-0.0098,-3.6
3.889,0.0097,-0.0053,0.0142,-0.012,-3.6
3.89,0.003,-0.0046,-0.0053,-0.0046,-3.7
3.891,-0.0008,-0.003,-0.0008,0.003,-3.7
3.892,0.009,-0.0023,0.0157,-0.003,-3.8
3.893,0.0172,-0.003,0.0225,-0.0091,-3.8
3.894,0.0195,-0.0015,0.0195,-0.0068,-3.9
3.895,0.0165,0.0052,0.0195,-0.0091,-3.9
3.896,0.012,0.0082,0.0142,-0.0143,-4.0
3.897,0.0067,0.0067,0.0067,-0.0315,-4.1
3.898,-0.0008,0.0007,0.006,-0.042,-4.1
3.899,-0.0015,-0.0046,0.0082,-0.0278,-4.1
3.9,-0.0023,-0.0046,0.0105,-0.006,-4.2
3.901,-0.0091,-0.0053,0.0105,0.0045,-4.3
3.902,-0.0098,-0.012,0.0105,0.012,-4.4
3.903,-0.0075,-0.0195,0.0187,0.0195,-4.5
3.904,-0.0023,-0.0188,0.0307,0.012,-4.5
3.905,0.0067,-0.0105,0.0232,0.0052,-4.6
3.906,0.0135,-0.0068,0.009,0.0007,-4.7
3.907,0.018,-0.0038,0.0045,0.0022,-4.8
3.908,0.0165,0.0007,-0.0015,0.0037,-4.9
3.909,0.0157,0.0075,-0.0083,0.0045,-5.0
3.91,0.0052,0.0082,-0.0218,0.009,-5.0
3.911,-0.0181,0.006,-0.039,0.0097,-5.1
3.912,-0.0405,0.009,-0.048,0.003,-5.2
3.913,-0.054,0.0067,-0.048,-0.003,-5.3
3.914,-0.048,0.0067,-0.0465,0.0007,-5.4
3.915,-0.0323,0.0045,-0.0346,0.003,-5.5
3.916,-0.0195,0.0052,-0.0195,0.0015,-5.5
3.917,-0.006,0.0067,-0.0203,-0.0038,-5.6
3.918,0.0052,0.0045,-0.0225,-0.003,-5.7
3.919,0.0127,0.0067,-0.0278,-0.0023,-5.8
3.92,0.0142,0.0022,-0.021,-0.0053,-5.9
3.921,0.015,-0.0015,-0.0046,-0.0068,-5.9
3.922,0.009,-0.0046,0.006,-0.0083,-6.0
3.923,0.0037,-0.0015,0.0075,-0.0038,-6.0
3.924,0.0045,0.0045,0.0015,-0.003,-6.0
3.925,0.0052,0.0075,0.0037,-0.0015,-6.1
3.926,0.009,0.0067,0.0075,0.0,-6.1
3.927,0.0105,0.0015,0.009,0.0022,-6.2
3.928,0.0127,0.0007,0.0135,0.0015,-6.2
3.929,0.0105,-0.003,0.0232,0.0007,-6.2
3.93,0.0045,-0.0135,0.0285,0.003,-6.3
3.931,0.0067,-0.015,0.0255,0.0037,-6.3
3.932,0.003,-0.0053,0.018,0.003,-6.3
3.933,-0.003,-0.0008,0.012,0.0015,-6.3
3.934,-0.0015,0.0,0.012,0.0007,-6.4
3.935,0.003,0.0037,0.0135,0.0,-6.4
3.936,0.006,0.0022,0.0127,0.0,-6.5
3.937,0.0097,0.0045,0.012,-0.0015,-6.5
3.938,0.0112,0.003,0.012,-0.0015,-6.5
3.939,0.0097,0.0007,0.0097,0.0,-6.6
3.94,0.0052,0.0007,0.0037,-0.0015,-6.7
3.941,-0.0053,-0.0023,0.0007,-0.0015,-6.6
3.942,-0.0015,-0.0038,0.003,-0.0015,-6.5
3.943,0.0037,-0.0046,0.003,-0.0046,-6.3
3.944,-0.0068,-0.0068,0.0067,-0.006,-6.3
3.945,-0.0158,-0.0038,0.012,-0.0053,-6.2
3.946,-0.0203,-0.003,0.012,-0.0046,-6.1
3.947,-0.024,-0.003,0.009,-0.0015,-6.0
3.948,-0.0181,-0.0015,0.0045,-0.0023,-5.9
3.949,-0.0053,-0.0015,0.0015,-0.0015,-5.8
3.95,-0.0008,0.0015,-0.0008,0.003,-5.7
3.951,-0.0015,0.0015,-0.0008,0.0067,-5.6
3.952,-0.0046,0.0015,-0.0046,0.0075,-5.5
3.953,-0.003,0.0015,-0.0046,0.0112,-5.4
3.954,0.0015,0.0007,-0.0038,0.0165,-5.3
3.955,0.003,0.0007,-0.0023,0.012,-5.2
3.956,-0.0008,-0.0008,-0.0008,0.0045,-5.1
3.957,0.0,0.0,0.0015,0.003,-5.0
3.958,0.0037,0.0007,0.003,0.0015,-4.9
3.959,0.0045,-0.0023,0.0015,-0.0015,-4.8
3.96,0.0037,-0.003,0.0007,-0.0105,-4.7
3.961,0.003,-0.003,-0.0008,-0.0165,-4.6
3.962,0.0037,-0.0015,0.0022,-0.0165,-4.6
3.963,0.006,-0.0008,0.009,-0.0173,-4.5
3.964,0.012,-0.0008,0.0165,-0.015,-4.5
3.965,0.0127,-0.0008,0.0172,-0.0143,-4.4
3.966,0.009,-0.0008,0.015,-0.0158,-4.4
3.967,0.0082,-0.0015,0.0142,-0.0091,-4.3
3.968,0.0022,-0.0015,0.0052,-0.0046,-4.3
3.969,-0.003,-0.003,-0.003,-0.0023,-4.2
3.97,-0.006,-0.0008,-0.006,0.0022,-4.1
3.971,-0.0068,-0.0008,-0.0068,0.0015,-4.1
3.972,-0.0046,0.0,-0.0091,0.0037,-4.1
3.973,-0.0038,0.0007,-0.0098,0.0045,-4.0
3.974,-0.003,-0.0008,-0.0091,0.0015,-4.0
3.975,-0.0053,0.0007,-0.0083,0.0015,-3.9
3.976,-0.0083,0.0007,-0.0038,0.0015,-3.9
3.977,-0.0083,0.0007,-0.0008,0.003,-3.8
3.978,-0.003,-0.0015,0.0045,0.0007,-3.7
3.979,-0.0023,0.0007,0.015,0.0015,-3.7
3.98,-0.0015,0.0007,0.0202,0.0022,-3.6
3.981,-0.0023,0.0007,0.0082,0.003,-3.6
3.982,-0.0075,0.0022,-0.0008,0.0082,-3.6
3.983,-0.0046,0.0007,-0.0091,0.009,-3.6
3.984,0.0007,-0.0008,-0.0173,0.0067,-3.5
3.985,0.006,-0.0008,-0.015,0.0007,-3.5
3.986,0.009,-0.0015,-0.0143,-0.003,-3.5
3.987,0.0082,-0.0015,-0.0113,-0.0053,-3.4
3.988,0.009,-0.0008,-0.0113,-0.0053,-3.4
3.989,0.0105,0.0045,-0.0113,-0.0023,-3.4
3.99,0.0157,0.0045,-0.0083,-0.0008,-3.3
3.991,0.0142,0.003,0.0007,0.0,-3.3
3.992,0.0105,0.003,0.0045,-0.0046,-3.3
3.993,-0.0008,-0.0038,0.003,-0.0068,-3.3
3.994,-0.0113,-0.0091,0.006,-0.006,-3.2
3.995,-0.0128,-0.0053,0.0015,-0.003,-3.2
3.996,-0.012,-0.003,-0.0008,-0.0008,-3.2
3.997,-0.0098,-0.0038,-0.0008,-0.0008,-3.2
3.998,-0.0091,0.0007,-0.003,0.0007,-3.1
3.999,-0.0038,0.0067,-0.0023,0.0,-3.1
4.0,-0.006,0.0052,-0.0015,-0.0015,-3.1
4.001,-0.0128,0.0007,0.0015,-0.0008,-3.1
4.002,-0.0135,-0.0008,0.0037,0.0,-3.0
4.003,-0.0091,-0.0008,0.0052,-0.0008,-3.0
4.004,-0.0023,-0.0046,0.0075,-0.0015,-3.0
4.005,0.0015,-0.0075,0.0045,-0.0008,-3.0
4.006,0.0105,-0.0091,0.003,0.0007,-3.0
4.007,0.0127,-0.003,0.0067,-0.0015,-3.0
4.008,0.009,0.0045,0.0067,-0.0046,-3.0
4.009,0.0,0.0,0.0052,-0.0075,-2.9
4.01,-0.0046,-0.0015,0.003,-0.0083,-2.9
4.011,-0.0053,0.0,0.003,-0.006,-2.9
4.012,-0.0098,0.0007,0.0007,-0.0008,-2.9
4.013,-0.0068,0.0015,-0.0053,0.003,-2.9
4.014,-0.0046,0.0,-0.0068,0.0052,-2.9
4.015,-0.003,-0.0015,-0.0091,0.0052,-2.8
4.016,-0.0038,-0.003,-0.0083,0.0052,-2.8
4.017,-0.0053,-0.0053,-0.0091,0.0045,-2.8
4.018,-0.0046,-0.0068,-0.0083,0.0022,-2.8
4.019,-0.0053,-0.0046,-0.0083,0.003,-2.8
4.02,-0.006,-0.0046,-0.0083,0.0007,-2.8
4.021,-0.0083,-0.0023,-0.006,-0.003,-2.7
4.022,-0.0083,-0.0015,-0.0068,-0.0038,-2.7
4.023,-0.0053,-0.003,-0.006,-0.0068,-2.7
4.024,0.0007,-0.0046,-0.0083,-0.0091,-2.7
4.025,0.0067,-0.0046,-0.0091,-0.0091,-2.6
4.026,0.0082,-0.0008,-0.0046,-0.0046,-2.6
4.027,0.0127,0.003,0.0007,0.0022,-2.5
4.028,0.0142,0.0045,0.003,0.006,-2.5
4.029,0.0112,0.0015,0.0,0.0067,-2.4
4.03,0.0097,-0.0008,0.003,0.0082,-2.4
4.031,0.0097,-0.0008,-0.0008,0.012,-2.4
4.032,0.0,-0.0008,0.0015,0.009,-2.3
4.033,-0.0075,-0.003,0.0075,-0.0015,-2.3
4.034,-0.0083,-0.0046,0.0105,-0.0083,-2.3
4.035,-0.0075,0.0,0.012,-0.0143,-2.2
4.036,-0.0038,0.0022,0.0097,-0.0225,-2.2
4.037,-0.0015,0.0007,0.0067,-0.0248,-2.2
4.038,-0.0008,0.0015,0.0052,-0.0165,-2.1
4.039,0.0015,0.0045,0.006,-0.0105,-2.1
4.04,0.0015,0.0037,0.003,-0.012,-2.0
4.041,0.0,-0.0015,0.0007,-0.0046,-2.0
4.042,0.0007,-0.0038,-0.0015,0.012,-2.0
4.043,0.0007,-0.0015,-0.0038,0.0142,-1.9
4.044,-0.0023,-0.0075,-0.0046,-0.0083,-1.9
4.045,-0.003,-0.0105,-0.0053,-0.0203,-1.8
4.046,-0.0038,-0.0083,-0.0015,-0.0165,-1.8
4.047,-0.0023,-0.003,-0.0015,-0.0091,-1.8
4.048,-0.0015,0.0,-0.003,-0.0008,-1.8
4.049,-0.0015,0.0015,-0.003,0.0007,-1.7
4.05,-0.003,0.0015,-0.003,0.0015,-1.7
4.051,-0.0015,0.0015,-0.0023,0.003,-1.7
4.052,0.0007,0.003,-0.0015,0.009,-1.6
4.053,0.0007,0.0015,0.0,0.0112,-1.6
4.054,0.0015,0.0007,-0.0015,0.0127,-1.6
4.055,0.0007,0.0015,-0.0023,0.0127,-1.5
4.056,0.0,0.0022,0.0007,0.0037,-1.5
4.057,0.0,0.0015,0.003,-0.0015,-1.4
4.058,0.0007,0.0022,0.0045,0.0007,-1.4
4.059,0.0015,0.0037,0.0067,0.0105,-1.4
4.06,0.0022,0.0052,0.0045,0.0127,-1.4
4.061,0.0007,0.0015,0.0045,0.0105,-1.3
4.062,0.0007,-0.0008,0.003,0.0112,-1.3
4.063,0.0,-0.0015,0.0022,0.0127,-1.3
4.064,0.0007,-0.003,-0.0015,0.012,-1.2
4.065,0.0007,-0.0046,-0.0008,0.0067,-1.2
4.066,-0.0008,-0.0046,0.003,-0.0068,-1.2
4.067,-0.0008,-0.0053,0.0015,-0.0165,-1.1
4.068,-0.0015,-0.003,0.0015,-0.0143,-1.1
4.069,-0.0015,-0.0015,0.0015,-0.0083,-1.1
4.07,-0.0008,-0.0008,0.003,0.0007,-1.0
4.071,0.0022,0.0015,-0.0008,-0.0053,-1.0
4.072,0.0007,0.0015,-0.0015,-0.0233,-1.0
4.073,-0.0015,0.0,0.0007,-0.0315,-1.0
4.074,-0.0008,-0.0008,0.0015,-0.0218,-0.9
4.075,-0.0008,-0.0015,0.0045,-0.003,-0.9
4.076,0.003,0.0,0.0045,0.0105,-0.9
4.077,0.0045,0.0,0.009,0.018,-0.9
4.078,0.0067,-0.003,0.0142,0.0075,-0.8
4.079,0.006,-0.0091,0.012,-0.0075,-0.8
4.08,0.0015,-0.0075,0.0105,-0.0128,-0.8
4.081,0.0015,-0.0008,0.009,-0.0068,-0.7
4.082,0.0037,-0.0008,0.0127,-0.0068,-0.7
4.083,0.0082,-0.0015,0.0172,-0.0098,-0.7
4.084,0.0105,-0.0008,0.0217,-0.0053,-0.7
4.085,0.0067,0.003,0.0172,0.0007,-0.6
4.086,-0.003,0.0037,0.0082,-0.0015,-0.6
4.087,-0.006,0.0015,0.0052,-0.0046,-0.6
4.088,-0.0023,0.0022,0.0037,0.0105,-0.5
4.089,0.0052,0.003,0.0037,0.021,-0.5
4.09,0.0105,0.0022,0.0082,0.012,-0.5
4.091,0.0097,0.0,0.0097,-0.0053,-0.5
4.092,0.0067,-0.0023,0.0045,-0.0091,-0.5
4.093,0.0015,-0.0046,-0.0046,0.0015,-0.4
4.094,0.0007,-0.0015,-0.0091,0.0,-0.4
4.095,0.0015,0.0007,-0.0105,-0.0046,-0.4
4.096,0.0022,0.0015,-0.012,-0.0053,-0.3
4.097,0.0037,0.003,-0.0083,-0.0053,-0.3
4.098,0.0022,0.003,-0.0046,-0.0046,-0.3
4.099,-0.0008,0.0015,-0.0053,-0.0023,-0.3
4.1,-0.0046,-0.0015,-0.0068,-0.0023,-0.2
4.101,-0.0068,-0.006,-0.0068,-0.0046,-0.2
4.102,-0.0105,-0.0091,-0.006,-0.0046,-0.2
4.103,-0.0128,-0.0046,-0.003,-0.0068,-0.2
4.104,-0.0091,0.0015,0.0052,-0.0091,-0.2
4.105,-0.003,-0.0008,0.0082,-0.0046,-0.1
4.106,-0.0008,0.0022,0.003,0.0082,-0.1
4.107,-0.0015,0.003,-0.0015,0.0135,-0.1
4.108,-0.0038,0.0022,-0.0038,0.0165,-0.1
4.109,-0.003,0.003,0.0,0.0247,-0.1
4.11,-0.0008,0.0037,0.0105,0.0217,0.0
4.111,0.0022,0.0022,0.0217,0.0037,0.0
4.112,0.0045,0.0,0.024,-0.0053,0.0
4.113,0.0022,0.003,0.0157,-0.003,0.0
4.114,0.0037,0.0007,0.0067,-0.0128,0.0
4.115,0.0045,-0.0008,-0.003,-0.0203,0.0
4.116,0.0015,-0.003,-0.0053,-0.0203,0.0
4.117,0.0022,-0.0038,-0.0053,-0.0181,0.0
4.118,0.0022,0.0007,-0.0053,-0.0008,0.0
4.119,0.0015,0.006,-0.0075,0.0082,0.1
4.12,-0.003,0.0075,-0.0135,0.0015,0.1
4.121,-0.0038,0.003,-0.0143,-0.0091,0.1
4.122,-0.0046,-0.003,-0.0113,-0.012,0.1
4.123,-0.0038,-0.0046,-0.0046,-0.0038,0.1
4.124,-0.0023,-0.0068,-0.0053,0.003,0.2
4.125,-0.0046,-0.0091,-0.0053,0.0097,0.2
4.126,-0.0023,-0.012,-0.0023,0.0232,0.2
4.127,-0.0015,-0.0091,0.0015,0.0217,0.2
4.128,-0.0008,-0.0068,0.0045,-0.0008,0.3
4.129,0.0022,-0.0068,0.003,-0.0165,0.3
4.13,0.0007,-0.0068,0.0022,-0.021,0.3
4.131,0.0007,-0.0053,0.003,-0.0165,0.3
4.132,0.0007,-0.003,0.0037,-0.0098,0.3
4.133,0.0007,-0.0008,0.0067,-0.0091,0.4
4.134,0.0007,0.0022,0.012,-0.006,0.4
4.135,0.0007,0.003,0.0105,0.0037,0.4
4.136,-0.0015,0.003,0.0082,0.003,0.4
4.137,-0.0015,0.0015,0.0052,-0.0053,0.4
4.138,0.0007,0.0015,0.0045,-0.0091,0.4
4.139,0.0015,0.003,0.0052,-0.0053,0.5
4.14,0.0015,0.0015,0.003,0.0127,0.5
4.141,-0.0015,0.003,0.0007,0.0172,0.5
4.142,-0.0015,0.0015,-0.0008,0.0052,0.5
4.143,-0.003,-0.0023,0.0015,-0.0008,0.6
4.144,-0.0015,-0.0053,0.009,-0.0053,0.6
4.145,-0.0015,-0.0046,0.009,0.006,0.6
4.146,-0.0015,0.003,0.0037,0.0232,0.7
4.147,0.0007,0.0082,0.0,0.0142,0.7
4.148,0.0,0.0007,-0.003,-0.0046,0.7
4.149,0.0015,-0.0053,-0.0008,-0.0278,0.8
4.15,0.0052,-0.0046,0.0015,-0.0361,0.8
4.151,0.009,-0.0015,0.0015,-0.0218,0.8
4.152,0.0105,0.0022,0.0045,-0.0098,0.9
4.153,0.0067,0.0022,0.006,-0.0053,0.9
4.154,0.0022,0.0007,0.0007,-0.006,0.9
4.155,-0.0015,-0.0008,-0.006,-0.0068,0.9
4.156,-0.0068,-0.0023,-0.0046,-0.0053,0.9
4.157,-0.0068,-0.003,0.0007,-0.0046,1.0
4.158,-0.003,-0.0008,0.0,0.0015,1.0
4.159,0.0,0.0015,-0.0015,0.0067,1.0
4.16,0.0,0.0007,0.0,0.006,1.1
4.161,0.0007,0.0015,0.0,0.0052,1.1
4.162,-0.0008,0.0015,0.0,0.0082,1.1
4.163,-0.0015,0.0015,0.0,0.009,1.2
4.164,-0.0015,0.0015,-0.003,0.0067,1.2
4.165,-0.0023,0.0,-0.0008,0.0052,1.3
4.166,-0.0015,0.0007,0.0015,0.006,1.3
4.167,-0.0015,0.0007,0.0015,0.0075,1.3
4.168,-0.003,0.0007,0.0022,0.009,1.3
4.169,-0.0046,-0.0008,0.0007,0.0127,1.4
4.17,-0.0068,-0.0015,0.0,0.0142,1.4
4.171,-0.0046,-0.0008,0.0007,0.0097,1.4
4.172,-0.0015,-0.0008,0.0007,0.0052,1.5
4.173,0.0,-0.0015,0.0007,-0.0008,1.5
4.174,-0.0015,-0.003,0.0007,-0.003,1.5
4.175,-0.003,-0.0023,0.0007,-0.0038,1.6
4.176,-0.0015,-0.0015,-0.0008,-0.0038,1.6
4.177,-0.0023,0.0007,-0.0015,-0.0046,1.7
4.178,-0.0015,0.0015,-0.003,-0.0083,1.7
4.179,-0.0023,0.0,-0.0038,-0.015,1.7
4.18,-0.0023,-0.0038,-0.0053,-0.0188,1.8
4.181,-0.0008,-0.0046,-0.0075,-0.0143,1.8
4.182,-0.0015,-0.0038,-0.0083,-0.0083,1.8
4.183,-0.0015,-0.0068,-0.0075,-0.003,1.8
4.184,-0.0015,-0.0083,-0.006,0.0007,1.9
4.185,0.0007,-0.0038,-0.0046,0.0082,1.9
4.186,0.0015,-0.0008,-0.0023,0.0105,1.9
4.187,0.0015,-0.0008,0.0007,0.0082,2.0
4.188,0.0022,0.0015,0.0015,0.0075,2.0
4.189,0.0007,0.0015,0.003,0.0,2.0
4.19,0.0007,0.0007,0.003,-0.0091,2.1
4.191,0.0007,-0.0008,0.0052,-0.0143,2.1
4.192,0.0015,-0.0015,0.0037,-0.0143,2.1
4.193,0.0007,-0.0023,0.0022,-0.0053,2.2
4.194,-0.0015,-0.003,0.0015,0.0022,2.2
4.195,0.0,-0.0023,-0.0008,0.0037,2.2
4.196,0.0007,-0.003,0.0,0.0052,2.2
4.197,0.0022,-0.003,0.0007,0.0052,2.3
4.198,0.0007,-0.003,0.0007,-0.0038,2.3
4.199,-0.0008,-0.0015,-0.0008,-0.0105,2.3
4.2,-0.0023,0.0007,0.0007,-0.0046,2.4
4.201,-0.003,0.003,0.0015,-0.0068,2.4
4.202,0.0,0.003,0.0007,-0.0091,2.4
4.203,0.0007,0.003,0.0015,-0.003,2.5
4.204,-0.0008,0.0015,0.0007,0.0007,2.5
4.205,-0.0015,0.0007,0.0015,0.012,2.5
4.206,-0.0008,0.0007,0.0022,0.0157,2.6
4.207,-0.0008,-0.0015,0.0037,0.0142,2.6
4.208,0.0015,-0.0046,0.006,0.0165,2.6
4.209,0.0,-0.0038,0.0067,0.0165,2.6
4.21,-0.0015,-0.0015,0.006,0.0022,2.6
4.211,-0.0015,-0.003,0.0045,-0.015,2.7
4.212,-0.0046,-0.0015,0.0052,-0.0195,2.7
4.213,-0.012,-0.0023,0.0067,-0.0188,2.7
4.214,-0.0128,-0.0046,0.0045,-0.0233,2.7
4.215,-0.0053,-0.0046,0.0052,-0.027,2.8
4.216,0.0007,-0.003,0.0067,-0.0165,2.8
4.217,0.0097,0.0,0.0067,-0.0053,2.8
4.218,0.012,0.0015,0.0082,0.003,2.9
4.219,0.0127,0.0015,0.006,0.0075,2.9
4.22,0.0142,0.0007,0.0075,0.0015,2.9
4.221,0.0142,0.0015,0.0082,0.0007,3.0
4.222,0.0127,0.0015,0.0067,0.0007,3.0
4.223,0.009,0.0037,0.0067,0.0015,3.0
4.224,0.0067,0.0067,0.0082,0.0045,3.0
4.225,0.0015,0.0052,0.0097,0.0007,3.1
4.226,-0.0068,0.0007,0.009,-0.0046,3.1
4.227,-0.006,-0.0008,0.0052,-0.0038,3.1
4.228,-0.0038,0.0015,0.0052,-0.003,3.1
4.229,-0.0015,-0.0008,0.0052,-0.003,3.1
4.23,0.0007,-0.0008,0.0082,-0.0053,3.2
4.231,-0.0008,-0.0023,0.0142,-0.0053,3.2
4.232,-0.0008,-0.0038,0.0217,-0.0015,3.2
4.233,0.0,-0.0008,0.0157,0.0015,3.2
4.234,0.0,-0.0015,0.0082,0.003,3.3
4.235,0.0015,0.0,0.0037,0.0037,3.3
4.236,0.0015,0.0007,-0.0008,0.0007,3.3
4.237,0.0007,-0.0008,-0.0038,0.0015,3.3
4.238,0.0007,0.0007,-0.0105,0.0037,3.4
4.239,0.0007,0.0007,-0.0128,0.003,3.4
4.24,0.0,0.0007,-0.0158,0.0015,3.4
4.241,-0.003,0.0007,-0.0165,-0.003,3.5
4.242,-0.0068,0.0007,-0.012,-0.0053,3.5
4.243,-0.0046,0.0015,-0.0075,-0.0046,3.5
4.244,0.003,0.0015,-0.003,-0.0015,3.5
4.245,-0.0008,0.0015,0.0007,0.0,3.6
4.246,-0.006,0.0,0.0015,-0.0015,3.6
4.247,-0.0053,-0.003,0.0,-0.0015,3.6
4.248,-0.0053,-0.0015,-0.0008,-0.0008,3.6
4.249,-0.0053,0.0007,-0.003,0.0007,3.6
4.25,0.0007,0.0015,-0.0015,0.0007,3.7
4.251,0.015,0.0007,0.0007,0.0007,3.7
4.252,0.0165,0.0007,-0.0008,0.0022,3.7
4.253,0.0082,0.0007,-0.0008,0.0015,3.7
4.254,0.0022,0.0007,-0.003,0.0007,3.8
4.255,-0.0053,-0.0008,-0.006,-0.0008,3.8
4.256,-0.0098,-0.003,-0.0068,-0.0015,3.8
4.257,-0.0113,-0.0015,-0.0053,-0.0015,3.8
4.258,-0.012,-0.0015,-0.0046,0.0045,3.9
4.259,-0.0113,-0.0015,-0.006,0.0105,3.9
4.26,-0.012,-0.0008,-0.0068,0.0067,3.9
4.261,-0.0165,-0.0015,-0.0053,0.0052,4.0
4.262,-0.0195,-0.0008,-0.0083,0.0082,4.0
4.263,-0.012,-0.0015,-0.0091,0.0052,4.0
4.264,-0.0046,-0.0008,-0.0091,-0.0015,4.0
4.265,0.0015,0.0,-0.0083,-0.0083,4.0
4.266,0.0015,-0.0008,-0.0046,-0.012,4.1
4.267,0.003,-0.0046,-0.003,-0.0233,4.1
4.268,0.0052,-0.0098,-0.0015,-0.0315,4.1
4.269,0.003,-0.012,-0.0015,-0.0233,4.1
4.27,0.0022,-0.006,-0.0008,-0.0113,4.2
4.271,0.0015,-0.0038,0.0007,-0.006,4.2
4.272,0.0022,-0.0038,0.0007,0.0,4.2
4.273,0.0015,-0.0023,-0.0008,0.0052,4.3
4.274,0.0015,-0.0046,-0.0008,0.0007,4.3
4.275,0.0022,-0.006,0.0007,-0.0053,4.3
4.276,0.0022,-0.0053,0.0007,-0.0038,4.4
4.277,0.0037,-0.0046,0.0015,0.0037,4.4
4.278,0.0045,-0.0008,0.003,0.0045,4.4
4.279,0.0052,-0.0008,0.0045,0.0037,4.4
4.28,0.006,-0.0015,0.003,0.003,4.5
4.281,0.006,-0.0008,0.003,0.0007,4.5
4.282,0.003,-0.0008,0.0045,0.0007,4.5
4.283,0.0022,0.0,0.0045,-0.0015,4.5
4.284,0.003,-0.0015,0.0037,-0.003,4.6
4.285,0.003,0.0007,0.0022,-0.003,4.6
4.286,0.0015,0.0,0.0037,-0.003,4.6
4.287,0.0007,0.0022,0.0045,0.0045,4.7
4.288,0.0007,0.0045,0.0052,0.018,4.7
4.289,0.0015,0.0015,0.0052,0.021,4.7
4.29,0.0015,0.0022,0.0045,0.0067,4.8
4.291,0.0007,0.0007,0.0052,-0.0008,4.8
4.292,0.0007,-0.0015,0.0052,0.0,4.8
4.293,0.0015,-0.0015,0.0045,-0.0015,4.8
4.294,0.003,-0.0008,0.0052,-0.0008,4.9
4.295,0.0022,0.0007,0.0052,-0.0015,4.9
4.296,0.0015,0.0007,0.0022,-0.0015,4.9
4.297,0.0,0.0007,0.0022,-0.003,4.9
4.298,-0.0008,0.0007,0.0022,-0.0046,5.0
4.299,0.0007,-0.0008,0.0022,-0.003,5.0
4.3,0.0015,0.0,0.0007,-0.0053,5.0
4.301,-0.0008,0.0,0.0007,-0.0046,5.1
4.302,-0.0015,-0.0008,0.0037,-0.0038,5.1
4.303,-0.0008,0.0,0.003,-0.003,5.1
4.304,-0.0008,-0.0008,0.003,-0.003,5.2
4.305,-0.0008,-0.0008,0.0052,-0.0015,5.2
4.306,-0.0008,-0.0008,0.0045,-0.0023,5.2
4.307,-0.0008,0.0,0.0037,-0.003,5.3
4.308,0.0007,0.0,0.003,-0.003,5.3
4.309,-0.0008,-0.0015,0.0022,-0.0023,5.3
4.31,-0.0008,-0.0015,0.003,-0.003,5.3
4.311,0.0007,-0.0008,0.0015,-0.0023,5.3
4.312,-0.0008,0.0,0.0007,-0.0008,5.4
4.313,-0.0008,0.0007,0.0,-0.0023,5.4
4.314,-0.0008,-0.0015,-0.0015,0.0,5.4
4.315,-0.0015,0.0007,-0.0008,0.003,5.5
4.316,0.0007,0.0015,0.0015,0.0015,5.5
4.317,-0.0008,0.0007,0.0022,-0.0008,5.5
4.318,-0.003,0.0007,0.003,-0.0015,5.6
4.319,-0.0038,0.0,0.0022,-0.0023,5.6
4.32,-0.0015,0.0,0.0045,-0.003,5.6
4.321,-0.0008,-0.0008,0.0052,-0.003,5.7
4.322,0.0,-0.0008,0.0045,-0.0046,5.7
4.323,0.0007,0.0,0.0045,-0.003,5.7
4.324,-0.0008,-0.0008,0.0045,-0.0046,5.7
4.325,0.0007,0.0,0.006,-0.0038,5.8
4.326,0.0007,-0.0023,0.0052,-0.003,5.8
4.327,0.0007,-0.003,0.006,-0.0023,5.8
4.328,0.0015,-0.0015,0.009,-0.0015,5.8
4.329,0.0015,-0.003,0.0067,-0.003,5.8
4.33,0.0015,-0.0008,0.0067,-0.0008,5.9
4.331,0.003,-0.0008,0.0067,-0.0015,5.9
4.332,0.003,-0.0008,0.003,-0.0015,5.9
4.333,0.0007,0.003,-0.0023,0.0007,6.0
4.334,-0.0015,0.0037,-0.0053,0.0015,6.0
4.335,-0.0023,0.0052,-0.0053,0.003,6.0
4.336,-0.003,0.0052,-0.0046,0.0045,6.1
4.337,-0.0046,0.0037,-0.0046,0.0075,6.1
4.338,-0.003,0.003,-0.0053,0.0067,6.1
4.339,-0.003,0.0022,-0.0038,-0.0023,6.1
4.34,-0.0015,-0.0015,-0.003,-0.006,6.2
4.341,-0.0015,-0.0046,-0.003,-0.003,6.2
4.342,-0.0015,-0.0053,-0.0015,0.0075,6.2
4.343,-0.0023,-0.0068,-0.0015,0.0165,6.2
4.344,-0.003,-0.006,-0.0015,0.0105,6.2
4.345,-0.0008,-0.0053,-0.0038,0.0,6.3
4.346,-0.0015,-0.0083,-0.0068,-0.0091,6.3
4.347,-0.0038,-0.0091,-0.0068,-0.0195,6.3
4.348,-0.003,-0.0091,-0.0046,-0.027,6.3
4.349,-0.0015,-0.0083,-0.0023,-0.0218,6.3
4.35,-0.0008,-0.006,-0.0015,-0.012,6.3
4.351,0.0015,-0.0023,-0.0015,-0.0068,6.3
4.352,0.0015,-0.0015,-0.0008,0.0007,6.3
4.353,0.0015,-0.0008,0.003,0.0015,6.3
4.354,0.003,0.0015,0.0052,0.003,6.3
4.355,0.0007,0.0022,0.006,0.0075,6.4
4.356,0.0007,0.003,0.0067,0.0052,6.4
4.357,0.0007,0.003,0.0052,0.0052,6.4
4.358,0.003,0.003,0.0045,0.0037,6.4
4.359,0.0015,0.003,0.0022,0.0,6.4
4.36,0.0015,0.003,0.003,-0.0046,6.4
4.361,0.0015,0.006,0.0022,-0.0091,6.4
4.362,-0.0008,0.006,0.0015,-0.012,6.4
4.363,0.0007,0.0037,0.0022,-0.0128,6.4
4.364,0.003,0.0007,0.0045,-0.0105,6.5
4.365,0.0015,0.0022,0.0052,-0.0068,6.5
4.366,0.0007,0.0045,0.0045,-0.0008,6.5
4.367,0.0015,0.003,0.0075,0.0097,6.5
4.368,0.0,0.0007,0.006,0.0262,6.5
4.369,-0.0008,-0.0038,0.0045,0.0367,6.5
4.37,0.0,-0.0053,0.003,0.0262,6.5
4.371,-0.0015,-0.0053,-0.0008,0.009,6.5
4.372,-0.0015,-0.0046,0.0,0.0015,6.5
4.373,0.0,0.0,0.0015,0.0007,6.5
4.374,0.0007,-0.0008,0.003,0.0007,6.5
4.375,-0.0008,-0.0008,0.003,-0.0046,6.5
4.376,-0.0008,-0.0023,0.0022,-0.0218,6.5
4.377,-0.0008,-0.003,0.003,-0.039,6.6
4.378,0.0007,-0.0046,-0.0008,-0.0285,6.6
4.379,0.0007,-0.0046,-0.0015,-0.0091,6.6
4.38,-0.0015,-0.003,0.0,0.0007,6.6
4.381,-0.0008,-0.0023,-0.0015,0.0105,6.6
4.382,0.0,-0.0008,-0.0015,0.003,6.6
4.383,0.0007,-0.0038,-0.0015,-0.0023,6.6
4.384,0.0,-0.0046,0.0007,-0.0046,6.6
4.385,-0.0008,-0.0046,0.0007,-0.0053,6.6
4.386,-0.0008,-0.006,0.0,-0.0046,6.6
4.387,-0.0015,-0.0068,-0.0008,-0.003,6.6
4.388,-0.0023,-0.0023,-0.0008,0.0045,6.6
4.389,0.0,0.0015,0.0015,0.0015,6.6
4.39,0.0015,0.0007,-0.0008,0.0015,6.6
4.391,0.003,0.003,0.0,-0.0008,6.6
4.392,0.0007,0.0015,0.0007,-0.003,6.6
4.393,-0.0008,0.0007,-0.003,-0.0015,6.6
4.394,0.0007,-0.0015,-0.0015,-0.0038,6.6
4.395,-0.0008,-0.0008,0.0007,-0.0053,6.6
4.396,0.0015,0.0,0.0007,-0.0083,6.6
4.397,0.0022,-0.003,0.0022,-0.0008,6.6
4.398,0.0015,-0.003,0.0052,0.0097,6.6
4.399,0.0015,0.0,0.0037,0.0067,6.6
4.4,0.0,0.0007,0.0015,0.0015,6.5
4.401,-0.0008,-0.0015,0.0007,0.0052,6.5
4.402,-0.0008,-0.0015,0.0007,0.0082,6.5
4.403,0.0007,0.0015,0.0007,0.015,6.5
4.404,0.0015,0.003,0.0037,0.0105,6.5
4.405,0.0022,0.0045,0.0045,0.0045,6.5
4.406,0.0015,0.0045,0.0052,0.0045,6.5
4.407,0.0007,0.0037,0.0052,-0.0008,6.5
4.408,-0.0008,0.0052,0.0015,0.0,6.4
4.409,-0.003,0.0045,0.0022,0.0015,6.4
4.41,-0.0023,0.0037,0.0,0.003,6.4
4.411,-0.0023,0.0022,-0.0015,-0.0083,6.4
4.412,-0.0023,-0.0046,-0.0008,-0.0278,6.4
4.413,-0.003,-0.0075,-0.0023,-0.0353,6.3
4.414,-0.0023,-0.0046,-0.0015,-0.0233,6.3
4.415,-0.0015,-0.0038,-0.0008,-0.0128,6.3
4.416,-0.0023,-0.0023,-0.0008,-0.0128,6.3
4.417,-0.0023,-0.003,-0.0008,-0.0075,6.3
4.418,-0.0023,-0.0046,0.0015,-0.0068,6.3
4.419,-0.003,-0.0015,0.0007,-0.0023,6.3
4.42,-0.0015,-0.0008,0.0015,0.0015,6.2
4.421,0.0015,-0.0008,0.0037,0.0045,6.2
4.422,0.0022,-0.0023,0.0045,0.0015,6.2
4.423,0.0015,0.0,0.006,0.0015,6.2
4.424,0.0015,0.0015,0.0045,0.0015,6.2
4.425,0.0022,0.0015,0.0067,-0.0023,6.2
4.426,0.003,-0.0008,0.006,0.0015,6.2
4.427,0.0015,-0.0046,0.006,0.0,6.2
4.428,0.0007,0.0007,0.0082,-0.0015,6.2
4.429,0.0007,0.0037,0.006,-0.006,6.2
4.43,0.0,0.0052,0.006,-0.0053,6.2
4.431,-0.0008,0.0052,0.0045,0.0015,6.2
4.432,-0.0008,0.0015,0.0045,0.0052,6.2
4.433,-0.0008,0.0007,0.0037,0.012,6.1
4.434,-0.0015,0.0,0.0037,0.027,6.1
4.435,-0.0015,-0.006,0.0052,0.0315,6.1
4.436,-0.003,-0.0083,0.0015,0.0052,6.1
4.437,-0.003,-0.012,0.0007,-0.015,6.1
4.438,-0.0015,-0.012,0.003,-0.0143,6.1
4.439,-0.003,-0.003,0.003,-0.0068,6.1
4.44,-0.0015,-0.003,0.0045,-0.006,6.0
4.441,-0.0008,-0.0038,0.0022,-0.0046,6.0
4.442,0.0,-0.0046,0.003,0.0007,6.0
4.443,0.0,-0.003,0.0015,0.0022,6.0
4.444,-0.0008,-0.0015,-0.0015,0.0007,6.0
4.445,0.0,-0.0015,0.0015,-0.003,5.9
4.446,0.0,0.0,-0.0015,-0.0046,5.9
4.447,0.0007,-0.0023,-0.0008,-0.0046,5.9
4.448,0.0015,-0.0015,0.0,-0.0015,5.9
4.449,0.0007,0.0,0.0007,-0.003,5.8
4.45,0.0007,0.0015,0.0022,-0.0023,5.8
4.451,-0.0008,0.0037,0.0052,-0.0008,5.8
4.452,0.0007,0.0045,0.006,-0.003,5.8
4.453,0.0022,0.0045,0.0015,-0.003,5.8
4.454,0.0015,0.0045,-0.003,-0.0015,5.7
4.455,0.0007,0.006,-0.003,-0.003,5.7
4.456,0.0007,0.006,-0.0038,-0.003,5.7
4.457,-0.0008,0.0052,-0.0023,-0.0038,5.7
4.458,0.0,0.0052,-0.0008,-0.0008,5.6
4.459,0.0007,0.006,0.0007,0.0,5.6
4.46,0.0022,0.0045,0.0015,0.0015,5.5
4.461,0.0015,0.003,0.0007,0.006,5.5
4.462,0.0015,0.003,0.0015,0.0112,5.5
4.463,0.003,0.0015,0.003,0.0105,5.4
4.464,0.0015,-0.0015,0.0037,0.0045,5.4
4.465,0.0022,-0.0023,0.0037,0.0007,5.3
4.466,0.0015,-0.003,0.006,-0.0038,5.3
4.467,0.0037,-0.003,0.0105,-0.0046,5.3
4.468,0.0037,-0.003,0.009,0.0007,5.3
4.469,0.0015,-0.003,0.0067,0.0045,5.2
4.47,0.0015,-0.003,0.0082,-0.0038,5.2
4.471,0.0007,-0.0046,0.0067,-0.0143,5.1
4.472,0.0007,-0.0068,0.0037,-0.0105,5.1
4.473,-0.0008,-0.0053,0.0015,0.0022,5.0
4.474,-0.0008,-0.0023,0.0015,0.0195,5.0
4.475,-0.0008,0.0007,0.0,0.024,4.9
4.476,-0.0015,0.0,0.0007,0.0142,4.9
4.477,-0.003,-0.003,0.0007,-0.0053,4.9
4.478,-0.0046,-0.0038,-0.003,-0.0225,4.9
4.479,-0.0046,-0.0015,-0.003,-0.0203,4.8
4.48,-0.003,0.0,-0.0015,-0.0128,4.7
4.481,-0.0015,0.0015,-0.003,-0.006,4.7
4.482,-0.0023,0.0045,-0.0015,-0.006,4.7
4.483,-0.003,0.0045,0.0,-0.0165,4.7
4.484,-0.003,0.003,-0.0015,-0.0038,4.6
4.485,-0.0023,0.003,-0.0015,0.0135,4.6
4.486,-0.0015,0.0015,-0.003,-0.0015,4.6
4.487,-0.0015,0.0007,-0.0015,-0.0015,4.5
4.488,-0.0023,0.0015,-0.0015,0.009,4.5
4.489,-0.003,0.0015,-0.0023,0.0075,4.5
4.49,-0.0015,-0.0023,-0.0008,-0.0046,4.5
4.491,-0.0023,-0.0083,-0.0046,-0.0203,4.5
4.492,-0.0023,-0.0053,-0.0053,-0.0165,4.4
4.493,-0.0038,-0.0038,-0.0068,-0.0098,4.4
4.494,-0.0046,-0.0083,-0.0083,0.0037,4.4
4.495,-0.0046,-0.0038,-0.006,0.0195,4.3
4.496,-0.003,0.0007,-0.0038,0.0127,4.3
4.497,-0.0046,-0.0091,-0.0053,-0.0046,4.3
4.498,-0.003,-0.0158,-0.0053,-0.0195,4.2
4.499,-0.0015,-0.0113,-0.0038,-0.0225,4.2
4.5,-0.0008,-0.0046,-0.0046,-0.015,4.1
4.501,0.0007,0.003,-0.0015,-0.0046,4.1
4.502,0.0015,0.0052,-0.0008,-0.0008,4.1
4.503,0.003,0.0052,0.0,0.0015,4.1
4.504,0.003,0.0067,0.0,0.0015,4.0
4.505,0.0015,0.0052,0.0015,0.0082,4.0
4.506,0.0022,0.0007,0.0022,0.0217,4.0
4.507,0.003,-0.0015,0.0015,0.0255,4.0
4.508,0.0,-0.0023,0.0007,0.0202,3.9
4.509,-0.0008,-0.0053,-0.0015,0.0105,3.9
4.51,-0.0008,-0.0053,-0.0008,-0.0015,3.9
4.511,0.0,0.0,-0.0008,-0.0053,3.8
4.512,-0.0008,0.0015,0.0007,-0.0015,3.8
4.513,0.0007,0.0022,0.0007,-0.0053,3.8
4.514,-0.0008,-0.0015,-0.0015,-0.0091,3.7
4.515,-0.0015,-0.0053,-0.0008,-0.012,3.7
4.516,-0.0008,-0.0053,0.0,-0.0046,3.7
4.517,0.0,-0.003,0.0007,0.003,3.6
4.518,0.0022,-0.0008,0.0007,0.006,3.6
4.519,0.0022,0.003,0.003,0.0045,3.6
4.52,0.0022,0.0052,0.0045,-0.0046,3.5
4.521,0.0037,0.0075,0.0022,-0.006,3.5
4.522,0.0045,0.0105,0.0022,-0.0091,3.5
4.523,0.0022,0.0082,0.0037,-0.015,3.5
4.524,0.0015,0.0045,0.0037,-0.0195,3.4
4.525,0.0015,-0.0008,0.0022,-0.0195,3.4
4.526,0.0007,-0.0046,0.0015,-0.0053,3.3
4.527,0.003,-0.0068,0.0022,0.0082,3.3
4.528,0.0015,-0.0075,0.0045,0.0105,3.3
4.529,-0.0015,-0.0091,0.003,0.0082,3.2
4.53,-0.0023,-0.0068,0.0022,0.0022,3.2
4.531,-0.0038,-0.0046,0.0022,0.0015,3.1
4.532,-0.003,-0.0008,0.0007,0.0082,3.1
4.533,-0.0008,0.0022,0.003,0.0045,3.1
4.534,0.0,0.0015,0.0022,-0.012,3.1
4.535,-0.0008,0.0,0.003,-0.0323,3.0
4.536,0.0007,-0.0015,0.0045,-0.0353,3.0
4.537,0.0007,0.0,0.0037,-0.0128,2.9
4.538,0.003,0.0022,0.0037,0.0015,2.9
4.539,0.003,0.0052,0.0015,0.012,2.9
4.54,0.0015,0.0082,0.0022,0.0345,2.8
4.541,0.003,0.0075,0.003,0.0555,2.8
4.542,0.003,0.0067,0.0015,0.0637,2.7
4.543,0.0022,0.009,-0.0008,0.045,2.7
4.544,0.003,0.0052,-0.0008,0.024,2.6
4.545,0.0007,-0.0008,-0.0008,-0.0015,2.6
4.546,0.0007,-0.003,0.0,-0.0308,2.6
4.547,-0.0015,-0.0068,0.0,-0.0443,2.6
4.548,-0.0023,-0.0181,0.0,-0.078,2.5
4.549,-0.0023,-0.0293,0.0015,-0.0848,2.5
4.55,-0.0015,-0.0158,0.0022,-0.039,2.4
4.551,-0.0015,0.0172,0.006,0.009,2.4
4.552,0.0022,0.0255,0.0067,0.0435,2.3
4.553,0.0022,0.0232,0.0045,0.057,2.3
4.554,0.0015,0.0225,0.0045,0.0742,2.2
4.555,0.003,0.0157,0.0052,0.057,2.2
4.556,0.0022,0.0052,0.0037,0.0195,2.2
4.557,-0.0008,-0.003,0.0022,0.0105,2.2
4.558,-0.0015,-0.0181,0.0007,-0.0188,2.1
4.559,-0.0038,-0.0458,-0.0008,-0.0443,2.1
4.56,-0.003,-0.06,0.0007,-0.0578,2.0
4.561,-0.0038,-0.0488,0.0007,-0.0623,2.0
4.562,-0.0038,-0.0323,-0.0023,-0.0361,1.9
4.563,-0.0046,-0.0518,-0.0046,-0.012,1.8
4.564,-0.0053,-0.0495,-0.0046,0.0052,1.8
4.565,-0.003,-0.0113,-0.003,0.0097,1.8
4.566,-0.003,0.018,-0.0015,-0.0008,1.7
4.567,-0.0015,0.0382,-0.0023,-0.0293,1.6
4.568,0.0015,0.042,0.003,-0.0653,1.6
4.569,0.0015,0.0277,0.0045,-0.096,1.5
4.57,0.0037,-0.0218,0.006,-0.0788,1.4
4.571,0.003,-0.027,0.0082,-0.027,1.4
4.572,0.003,-0.0015,0.0067,-0.0113,1.3
4.573,0.003,-0.0008,0.0067,-0.003,1.3
4.574,0.0037,0.0135,0.0052,0.0037,1.3
4.575,0.0037,0.0465,0.0045,0.0157,1.2
4.576,0.003,0.078,0.003,0.0225,1.1
4.577,0.003,0.0682,0.0022,0.0052,1.1
4.578,0.0007,0.0682,0.003,-0.003,1.0
4.579,0.003,0.0517,0.0052,0.0052,0.9
4.58,0.003,0.0052,0.0067,0.0382,0.9
4.581,0.0015,-0.0181,0.0052,0.0802,0.8
4.582,0.003,-0.033,0.006,0.1125,0.7
4.583,0.0022,-0.0158,0.006,0.105,0.6
4.584,0.0,-0.0195,0.003,0.0622,0.6
4.585,-0.003,-0.024,0.0022,0.0142,0.5
4.586,-0.0015,-0.0015,0.0015,-0.012,0.4
4.587,-0.0015,-0.015,0.0022,-0.0278,0.3
4.588,-0.003,-0.0511,0.0045,-0.0555,0.2
4.589,-0.003,-0.096,0.003,-0.114,0.1
4.59,-0.0053,-0.1245,-0.0015,-0.1426,0.0
4.591,-0.0038,-0.1125,-0.0015,-0.0728,0.0
4.592,-0.0008,-0.0608,0.0007,0.0045,-0.1
4.593,0.0007,0.0472,0.0022,0.093,-0.2
4.594,0.003,0.1522,0.003,0.1597,-0.3
4.595,0.0007,0.1845,0.0,0.1935,-0.4
4.596,-0.0015,0.165,-0.0038,0.189,-0.5
4.597,-0.0038,0.0952,-0.006,0.0817,-0.5
4.598,-0.0046,-0.0098,-0.0091,-0.0256,-0.6
4.599,-0.0053,-0.0465,-0.0083,-0.0803,-0.7
4.6,-0.0046,-0.0638,-0.0068,-0.1103,-0.8
4.601,0.0,-0.0683,-0.0053,-0.1253,-0.9
4.602,0.0015,-0.024,-0.0008,-0.1208,-1.0
4.603,0.0045,-0.0008,0.003,-0.0908,-1.1
4.604,0.0052,0.0885,0.006,-0.042,-1.2
4.605,0.0045,0.192,0.0037,-0.0368,-1.3
4.606,0.0015,0.0802,0.0037,-0.0668,-1.4
4.607,0.0007,-0.06,0.0082,-0.006,-1.5
4.608,0.003,-0.0233,0.009,0.0705,-1.7
4.609,0.0,-0.0593,0.0067,0.0502,-1.8
4.61,-0.0015,-0.129,0.003,0.003,-1.9
4.611,-0.0053,-0.1043,0.0,-0.0195,-2.0
4.612,-0.0083,-0.1418,0.0007,0.003,-2.1
4.613,-0.0068,-0.1515,-0.0015,-0.0135,-2.2
4.614,-0.0053,-0.027,0.0007,-0.0353,-2.3
4.615,0.0007,0.0975,0.003,0.0382,-2.4
4.616,0.0015,0.09,-0.0023,0.084,-2.5
4.617,0.0,0.003,0.0007,0.1005,-2.7
4.618,0.0022,0.0067,0.0007,0.12,-2.7
4.619,0.0,0.0157,-0.0038,0.114,-2.9
4.62,-0.003,-0.0173,-0.006,0.0577,-3.0
4.621,-0.003,-0.0046,-0.0053,0.0277,-3.1
4.622,-0.0008,0.0202,0.0015,0.0615,-3.3
4.623,0.0007,0.0592,0.0007,0.0127,-3.4
4.624,0.0022,0.0555,-0.0008,-0.0458,-3.6
4.625,0.0007,0.0067,0.0007,-0.0578,-3.7
4.626,0.0007,-0.0218,0.0007,-0.0278,-3.9
4.627,0.0015,-0.0263,0.0045,0.0345,-4.0
4.628,0.0007,-0.0315,0.006,0.0172,-4.2
4.629,-0.0008,-0.0495,0.003,-0.0323,-4.3
4.63,-0.0015,-0.024,0.0037,-0.0533,-4.5
4.631,0.0015,-0.0173,0.0052,-0.0721,-4.6
4.632,0.0022,0.006,0.0045,-0.0465,-4.8
4.633,0.003,0.0907,0.0067,0.0007,-5.0
4.634,0.0015,0.0705,0.0052,0.0067,-5.1
4.635,0.0007,0.027,0.0045,-0.0181,-5.2
4.636,0.0,0.0157,0.003,-0.0593,-5.4
4.637,-0.003,-0.0398,0.0015,-0.0645,-5.5
4.638,-0.003,-0.048,0.0015,-0.0518,-5.7
4.639,-0.0046,-0.0458,-0.0023,-0.0578,-5.9
4.64,-0.0053,-0.0533,-0.0075,-0.0765,-6.0
4.641,-0.0075,-0.045,-0.0105,-0.0773,-6.2
4.642,-0.0083,-0.0346,-0.0105,-0.0495,-6.4
4.643,-0.006,-0.0091,-0.0105,-0.0083,-6.7
4.644,-0.003,0.0105,-0.0105,0.0195,-6.9
4.645,-0.003,0.0217,-0.0091,0.0217,-7.1
4.646,-0.0038,0.018,-0.0105,0.0322,-7.3
4.647,-0.003,0.0105,-0.0083,0.0427,-7.5
4.648,-0.0015,0.0,-0.0068,0.0457,-7.7
4.649,-0.0008,-0.0113,-0.0068,0.0195,-8.0
4.65,-0.0015,-0.0256,-0.0068,-0.0383,-8.2
4.651,-0.0023,-0.0428,-0.0038,-0.0743,-8.4
4.652,0.0007,-0.0256,0.0045,-0.0525,-8.6
4.653,0.0052,0.027,0.0082,0.0045,-8.9
4.654,0.006,0.0892,0.0082,0.0315,-9.1
4.655,0.0045,0.087,0.0082,0.0187,-9.3
4.656,0.0022,0.0397,0.006,0.0127,-9.5
4.657,0.003,0.0667,0.009,0.0442,-9.7
4.658,0.003,0.0667,0.0067,0.0472,-9.9
4.659,-0.0015,-0.0068,0.0015,0.0157,-10.2
4.66,-0.0038,-0.0346,-0.0015,-0.0008,-10.4
4.661,-0.0046,-0.0278,-0.0038,-0.0195,-10.7
4.662,-0.003,-0.0315,-0.0015,-0.0248,-10.9
4.663,-0.0008,-0.0443,-0.0008,-0.0218,-11.2
4.664,-0.0008,-0.0428,0.0007,-0.0181,-11.5
4.665,0.0,-0.0511,0.0007,-0.0135,-11.8
4.666,0.0,-0.048,0.003,-0.0105,-12.1
4.667,0.003,-0.0346,0.0022,-0.0015,-12.3
4.668,0.0045,-0.0308,0.003,-0.0015,-12.6
4.669,0.0037,-0.0218,0.0082,-0.0015,-12.9
4.67,0.0052,-0.0165,0.0135,0.0045,-13.2
4.671,0.0075,-0.003,0.0165,0.0082,-13.5
4.672,0.0082,0.0022,0.0157,0.0105,-13.7
4.673,0.0067,0.006,0.012,0.0082,-14.0
4.674,0.0045,0.0105,0.0067,0.006,-14.3
4.675,0.0022,0.0135,0.006,0.009,-14.5
4.676,0.0015,0.0195,0.0022,0.0082,-14.8
4.677,-0.0008,0.0195,-0.0008,0.0097,-15.1
4.678,-0.0015,0.0217,-0.003,0.012,-15.4
4.679,-0.0015,0.0202,-0.0038,0.009,-15.7
4.68,-0.0015,0.021,-0.003,0.009,-16.0
4.681,-0.0015,0.0195,-0.003,0.0075,-16.2
4.682,-0.0015,0.018,-0.0008,0.0052,-16.6
4.683,0.0,0.018,-0.0008,-0.0008,-16.8
4.684,0.0015,0.0195,0.0007,-0.0008,-17.1
4.685,0.0007,0.024,0.0022,0.0022,-17.5
4.686,0.0015,0.024,0.003,0.003,-17.8
4.687,0.0015,0.027,0.003,0.0075,-18.1
4.688,0.0015,0.0255,0.003,0.0127,-18.4
4.689,0.003,0.0195,0.006,0.024,-18.7
4.69,0.0,0.0097,0.003,0.0345,-19.0
4.691,-0.0008,0.0,-0.0008,0.0187,-19.3
4.692,-0.0015,-0.012,-0.0008,-0.0075,-19.6
4.693,-0.0015,-0.0203,0.0007,-0.0173,-19.9
4.694,-0.0015,-0.0165,0.0007,-0.0195,-20.2
4.695,-0.0015,-0.0091,0.0007,-0.006,-20.5
4.696,-0.0015,-0.0053,0.0,0.009,-20.8
4.697,-0.0015,-0.0053,-0.0008,0.0082,-21.2
4.698,-0.0023,-0.0038,0.0007,0.0052,-21.4
4.699,-0.0015,-0.0083,0.0007,0.0,-21.7
4.7,0.0007,-0.0105,0.003,-0.0046,-22.1
4.701,0.0007,-0.012,0.0067,-0.0083,-22.4
4.702,0.0015,-0.0135,0.0082,-0.0135,-22.7
4.703,0.003,-0.0143,0.0067,-0.0113,-23.0
4.704,0.0022,-0.0128,0.0052,-0.003,-23.3
4.705,0.003,-0.0105,0.0037,-0.0053,-23.7
4.706,0.003,-0.012,0.0022,-0.0068,-24.0
4.707,0.0045,-0.0091,0.003,-0.006,-24.3
4.708,0.0052,-0.003,0.0045,-0.0083,-24.6
4.709,0.0037,0.0045,0.0045,-0.0068,-24.9
4.71,0.003,0.0067,0.0015,-0.0046,-25.2
4.711,0.0,0.0082,-0.0015,-0.0015,-25.6
4.712,-0.0008,0.0112,-0.0038,0.0007,-25.9
4.713,-0.0008,0.009,-0.0015,-0.0008,-26.2
4.714,-0.0008,0.0037,0.0007,-0.0046,-26.5
4.715,0.0015,-0.0046,0.0022,-0.0053,-26.9
4.716,0.0007,-0.0098,0.0045,-0.0046,-27.2
4.717,0.0015,-0.0165,0.0052,-0.0023,-27.5
4.718,0.0007,-0.0233,0.0082,0.0015,-27.8
4.719,0.0007,-0.027,0.0082,-0.0008,-28.1
4.72,0.0007,-0.027,0.0105,-0.0046,-28.5
4.721,0.0,-0.024,0.0082,-0.0068,-28.8
4.722,-0.0008,-0.027,0.0015,-0.015,-29.0
4.723,-0.0015,-0.0308,-0.0008,-0.0233,-29.3
4.724,-0.0008,-0.0248,0.0015,-0.0181,-29.7
4.725,-0.0008,-0.015,0.0022,-0.0113,-30.0
4.726,-0.0015,-0.0068,0.0015,-0.0075,-30.2
4.727,-0.003,0.0007,0.0007,-0.0023,-30.6
4.728,-0.003,0.0075,0.0015,-0.0015,-30.9
4.729,-0.0015,0.009,-0.0008,-0.0008,-31.1
4.73,-0.003,0.012,-0.0068,-0.0015,-31.5
4.731,-0.0046,0.0142,-0.0068,0.0007,-31.8
4.732,-0.006,0.0142,-0.006,0.003,-32.0
4.733,-0.0053,0.0165,-0.0105,0.003,-32.4
4.734,-0.0075,0.0165,-0.0135,0.003,-32.7
4.735,-0.0083,0.0157,-0.0143,0.0037,-33.0
4.736,-0.0083,0.0127,-0.0158,0.003,-33.3
4.737,-0.0091,0.0105,-0.015,0.0022,-33.6
4.738,-0.0053,0.009,-0.0083,0.0015,-33.9
4.739,-0.0023,0.0082,-0.0046,0.0007,-34.2
4.74,-0.0008,0.009,-0.003,0.0015,-34.5
4.741,-0.0008,0.0082,-0.0046,0.0015,-34.7
4.742,-0.0015,0.0067,-0.0053,0.0007,-35.0
4.743,-0.0008,0.0067,-0.0023,0.0015,-35.3
4.744,-0.0008,0.0052,-0.0053,-0.0008,-35.6
4.745,-0.0008,0.0037,-0.0053,0.0,-35.8
4.746,-0.0008,0.0052,-0.0046,0.0007,-36.0
4.747,-0.0008,0.006,-0.0015,0.0007,-36.3
4.748,0.0015,0.0052,0.0045,0.0022,-36.6
4.749,0.003,0.0067,0.0045,0.0015,-36.9
4.75,0.0007,0.0067,0.0045,0.0037,-37.1
4.751,0.0015,0.006,0.0067,0.0015,-37.4
4.752,0.0045,0.0045,0.0045,0.0,-37.7
4.753,0.0015,0.0015,0.0037,0.0015,-37.9
4.754,0.0007,0.0007,0.0007,0.0,-38.2
4.755,0.0,-0.0015,0.0007,-0.0008,-38.5
4.756,0.0,-0.003,0.0052,-0.0015,-38.7
4.757,0.0015,-0.0053,0.0015,-0.0023,-39.0
4.758,0.0,-0.0068,0.0007,0.0,-39.2
4.759,-0.0008,-0.0083,-0.0008,-0.0015,-39.5
4.76,-0.0015,-0.0091,-0.0046,-0.0023,-39.8
4.761,-0.003,-0.0068,-0.0068,-0.003,-40.1
4.762,-0.003,-0.0083,-0.0053,-0.0015,-40.3
4.763,0.0,-0.0046,0.0015,-0.0023,-40.5
4.764,0.0022,-0.0046,0.003,-0.003,-40.8
4.765,0.0007,-0.0038,0.0022,-0.0038,-41.0
4.766,-0.0015,-0.0038,0.0,-0.0046,-41.3
4.767,-0.0008,-0.0053,0.0015,-0.0015,-41.6
4.768,-0.0015,-0.003,0.0007,-0.0015,-41.8
4.769,-0.003,-0.003,0.0022,-0.003,-42.1
4.77,0.0022,-0.0015,0.0067,0.0,-42.3
4.771,0.0037,-0.0015,0.0082,0.0007,-42.6
4.772,0.0045,-0.0015,0.0097,0.0007,-42.8
4.773,0.0045,-0.0015,0.0127,0.0015,-43.1
4.774,0.0022,-0.0015,0.012,0.0015,-43.3
4.775,0.003,-0.0015,0.0112,0.0,-43.6
4.776,0.0037,-0.0008,0.012,0.0007,-43.8
4.777,0.0022,0.0,0.0082,0.0015,-44.1
4.778,0.0015,0.0,0.0082,0.0,-44.4
4.779,0.003,0.0,0.009,0.0,-44.6
4.78,0.0045,-0.0008,0.0097,-0.0015,-44.9
4.781,0.0045,-0.0015,0.012,-0.0023,-45.1
4.782,0.0045,-0.003,0.0127,-0.003,-45.3
4.783,0.0037,-0.0023,0.0142,-0.003,-45.6
4.784,0.0037,-0.003,0.015,-0.0008,-45.8
4.785,0.006,-0.0015,0.0165,-0.0008,-46.0
4.786,0.0052,0.0,0.0142,-0.0015,-46.3
4.787,0.0067,-0.0008,0.0142,-0.0015,-46.5
4.788,0.0112,0.0015,0.0187,-0.0008,-46.8
4.789,0.0105,0.0007,0.021,-0.0008,-47.0
4.79,0.0112,0.0015,0.0217,0.0,-47.3
4.791,0.0112,0.0015,0.0202,-0.0008,-47.5
4.792,0.009,0.0007,0.021,-0.0008,-47.7
4.793,0.0105,0.0007,0.0232,0.0007,-47.9
4.794,0.0097,-0.0008,0.0202,-0.0008,-48.2
4.795,0.009,-0.0008,0.0172,0.0007,-48.4
4.796,0.0082,0.0,0.0142,0.0,-48.6
4.797,0.0075,0.0007,0.0135,-0.0015,-48.9
4.798,0.0037,-0.0008,0.0142,0.0,-49.1
4.799,0.0022,0.0,0.0112,-0.0008,-49.4
4.8,0.003,0.0,0.009,-0.0008,-49.6
4.801,0.0022,0.0007,0.0105,-0.0008,-49.8
4.802,0.0015,0.0022,0.009,-0.0015,-50.0
4.803,0.0007,0.0007,0.0067,-0.0015,-50.3
4.804,-0.0015,0.0007,0.0022,-0.0023,-50.5
4.805,-0.0046,-0.0008,-0.0008,-0.003,-50.8
4.806,-0.0068,0.0,-0.0075,-0.0015,-51.0
4.807,-0.0083,0.0007,-0.012,-0.0008,-51.2
4.808,-0.0105,-0.0008,-0.0128,-0.0008,-51.4
4.809,-0.012,-0.0015,-0.0165,-0.0015,-51.7
4.81,-0.0105,-0.0023,-0.0173,-0.003,-51.9
4.811,-0.0105,-0.0023,-0.0195,-0.0023,-52.2
4.812,-0.0098,-0.0023,-0.0195,-0.003,-52.4
4.813,-0.0083,-0.0008,-0.0195,-0.0015,-52.6
4.814,-0.0068,-0.0008,-0.0195,0.0007,-52.8
4.815,-0.0068,0.0,-0.021,0.0007,-53.1
4.816,-0.0083,-0.0008,-0.021,0.0007,-53.3
4.817,-0.0075,0.0,-0.0158,0.0007,-53.6
4.818,-0.0083,-0.0008,-0.0158,0.0007,-53.8
4.819,-0.0083,-0.0008,-0.0098,0.0,-54.0
4.82,-0.0053,0.0007,-0.0053,0.0007,-54.3
4.821,-0.0053,-0.0008,-0.0038,-0.0023,-54.5
4.822,-0.0053,-0.0015,-0.003,-0.0015,-54.6
4.823,-0.006,0.0,-0.0053,-0.0008,-54.9
4.824,-0.0053,0.0007,-0.006,-0.003,-55.0
4.825,-0.0053,0.0007,-0.0083,-0.003,-55.3
4.826,-0.0068,0.003,-0.0075,-0.0015,-55.5
4.827,-0.0068,0.0045,-0.0098,-0.0023,-55.7
4.828,-0.0068,0.0045,-0.0113,-0.0015,-55.9
4.829,-0.0046,0.003,-0.0113,-0.0015,-56.1
4.83,-0.003,0.003,-0.0105,0.0,-56.3
4.831,-0.0038,0.003,-0.0091,0.0022,-56.5
4.832,-0.003,0.0045,-0.0075,0.0007,-56.7
4.833,-0.003,0.0045,-0.003,0.0015,-56.9
4.834,0.0007,0.0015,-0.0008,0.0022,-57.1
4.835,0.0015,-0.003,0.0015,0.0015,-57.3
4.836,0.0007,-0.0053,0.0015,0.0,-57.6
4.837,0.0015,-0.0091,0.0045,-0.0023,-57.7
4.838,0.0015,-0.0128,0.0052,-0.003,-58.0
4.839,0.003,-0.0135,0.006,-0.0053,-58.1
4.84,0.003,-0.0143,0.0052,-0.0046,-58.4
4.841,0.0045,-0.0165,0.0037,-0.006,-58.5
4.842,0.0045,-0.0165,0.003,-0.006,-58.7
4.843,0.0022,-0.0128,0.0007,-0.0068,-58.9
4.844,0.0022,-0.0098,0.0007,-0.0075,-59.0
4.845,0.0015,-0.006,0.0007,-0.0046,-59.2
4.846,0.003,-0.0023,0.0015,-0.0038,-59.4
4.847,0.0015,-0.0008,0.0015,-0.0023,-59.5
4.848,0.003,0.0015,0.0045,-0.003,-59.7
4.849,0.0037,0.0015,0.003,-0.003,-59.9
4.85,0.0022,0.0037,0.0022,-0.0023,-60.0
4.851,0.0037,0.0037,0.0067,-0.0023,-60.2
4.852,0.003,0.0045,0.006,0.0,-60.3
4.853,0.0037,0.0045,0.0052,-0.0015,-60.5
4.854,0.003,0.003,0.0082,-0.0008,-60.7
4.855,0.003,0.003,0.0082,0.0,-60.8
4.856,0.0037,0.0037,0.006,-0.0015,-61.0
4.857,0.0015,0.0052,0.0067,-0.0008,-61.2
4.858,0.003,0.0045,0.0067,0.0007,-61.3
4.859,0.003,0.003,0.0045,0.0007,-61.5
4.86,0.0015,0.0015,0.0052,0.0,-61.7
4.861,0.0015,0.0007,0.0067,-0.0015,-61.8
4.862,0.0007,0.0015,0.0082,-0.0015,-61.9
4.863,0.0,0.0,0.009,0.0,-62.1
4.864,0.0007,0.0015,0.0105,0.0007,-62.2
4.865,0.0015,0.0015,0.009,0.0007,-62.3
4.866,0.0015,0.0,0.006,0.0007,-62.5
4.867,0.003,0.0015,0.0037,0.0015,-62.6
4.868,0.0022,0.0015,0.0022,0.0015,-62.7
4.869,0.0022,0.0,0.0052,0.0007,-62.9
4.87,0.0015,-0.0008,0.0045,0.0015,-63.0
4.871,0.0007,-0.0008,0.0015,-0.0008,-63.1
4.872,0.0007,-0.0015,0.0015,-0.0008,-63.3
4.873,-0.0008,-0.0015,0.0015,-0.0008,-63.4
4.874,-0.0015,-0.0008,0.0015,-0.0015,-63.5
4.875,-0.0015,0.0,0.0015,-0.0008,-63.7
4.876,0.0007,0.0015,0.003,-0.0023,-63.8
4.877,0.0015,0.0022,0.003,-0.0008,-63.9
4.878,-0.0008,0.0015,0.003,0.0007,-64.1
4.879,0.0007,0.003,0.0015,-0.0015,-64.2
4.88,0.0015,0.003,0.0007,-0.0008,-64.4
4.881,0.0,0.0007,0.0007,0.0007,-64.4
4.882,0.0007,0.0007,0.0,0.0015,-64.5
4.883,0.0007,0.0007,0.0022,0.0007,-64.6
4.884,0.0007,0.0007,0.003,0.0007,-64.7
4.885,-0.0008,0.0,0.0022,-0.0008,-64.8
4.886,-0.0015,-0.0008,-0.0008,0.0,-64.9
4.887,-0.003,-0.0008,-0.003,-0.0008,-65.0
4.888,-0.0046,-0.0023,-0.003,-0.0008,-65.1
4.889,-0.0015,-0.003,-0.003,-0.0008,-65.2
4.89,-0.0038,-0.0023,-0.0046,-0.003,-65.3
4.891,-0.0046,-0.003,-0.0053,-0.0046,-65.4
4.892,-0.003,-0.003,-0.0068,-0.0046,-65.5
4.893,-0.0046,-0.003,-0.0068,-0.0038,-65.6
4.894,-0.0053,-0.0038,-0.0068,-0.0046,-65.7
4.895,-0.0068,-0.0038,-0.0083,-0.0046,-65.7
4.896,-0.0053,-0.003,-0.0083,-0.0038,-65.8
4.897,-0.0046,-0.0023,-0.0083,-0.003,-65.9
4.898,-0.0068,-0.0023,-0.0113,-0.0015,-66.0
4.899,-0.0068,-0.0008,-0.0105,-0.0023,-66.1
4.9,-0.0046,-0.0008,-0.0091,-0.0053,-66.2
4.901,-0.0046,-0.0023,-0.0046,-0.0046,-66.2
4.902,-0.0023,0.0,-0.0008,-0.0023,-66.3
4.903,0.0,0.0,-0.0008,-0.0023,-66.3
4.904,0.0007,-0.0008,0.0052,-0.0015,-66.3
4.905,0.0007,-0.0008,0.0045,-0.003,-66.4
4.906,0.0007,-0.0015,0.003,-0.0023,-66.4
4.907,0.0015,-0.003,0.0045,-0.0015,-66.5
4.908,0.0022,-0.0046,0.003,-0.0023,-66.5
4.909,0.0022,-0.0046,0.003,-0.0015,-66.5
4.91,0.003,-0.006,0.0045,-0.0015,-66.6
4.911,0.0037,-0.0053,0.006,-0.0008,-66.6
4.912,0.003,-0.0046,0.0052,0.0,-66.6
4.913,0.0015,-0.0046,0.003,0.0007,-66.6
4.914,0.0007,-0.003,0.0052,0.0007,-66.7
4.915,0.0,-0.0053,0.0067,0.0,-66.7
4.916,-0.0015,-0.0015,0.0052,0.0022,-66.8
4.917,-0.0008,0.0007,0.0067,0.003,-66.8
4.918,0.0015,0.0015,0.0052,0.0007,-66.8
4.919,0.0007,-0.0008,0.003,0.0015,-66.9
4.92,0.0,-0.0015,0.0015,-0.0008,-67.0
4.921,-0.0008,-0.0008,-0.0008,-0.0038,-67.0
4.922,-0.0023,-0.0023,-0.0015,-0.0046,-66.9
4.923,-0.003,-0.0008,-0.0046,-0.0053,-66.9
4.924,-0.0015,-0.003,-0.0053,-0.0038,-66.9
4.925,-0.0015,-0.003,-0.0046,-0.0015,-66.9
4.926,-0.0023,0.0015,-0.0038,0.0007,-66.9
4.927,-0.0008,0.0045,-0.0046,0.0007,-66.8
4.928,-0.0015,0.0045,-0.0046,0.0015,-66.8
4.929,-0.0008,0.003,-0.0023,0.003,-66.8
4.93,-0.0008,0.0022,-0.0046,0.003,-66.8
4.931,-0.0053,0.0022,-0.0105,0.0022,-66.8
4.932,-0.0075,0.0015,-0.0105,0.0015,-66.7
4.933,-0.0046,0.0015,-0.006,-0.0008,-66.7
4.934,0.0,0.0007,-0.0015,-0.0015,-66.7
4.935,0.0022,0.0007,0.0022,-0.0008,-66.7
4.936,0.0037,0.0007,0.003,-0.0015,-66.7
4.937,0.0015,-0.0008,0.0015,-0.0015,-66.6
4.938,0.0015,-0.0015,0.0022,-0.0023,-66.6
4.939,0.003,-0.0015,0.0022,-0.0038,-66.6
4.94,0.003,-0.0008,0.0007,-0.0023,-66.6
4.941,0.003,0.0,0.003,-0.003,-66.6
4.942,0.0015,-0.0008,0.0007,-0.003,-66.5
4.943,0.0007,0.0007,0.0007,-0.0015,-66.4
4.944,-0.0008,0.0015,-0.0008,-0.0008,-66.4
4.945,-0.0015,0.0007,-0.0015,-0.0015,-66.3
4.946,-0.0008,-0.0008,0.0015,-0.003,-66.3
4.947,-0.0015,-0.0008,0.003,-0.0015,-66.2
4.948,-0.0008,0.0,0.003,-0.003,-66.2
4.949,-0.0023,-0.0015,0.0022,-0.003,-66.1
4.95,-0.0023,-0.0023,-0.0015,-0.003,-66.1
4.951,-0.0008,-0.0023,-0.003,-0.003,-66.0
4.952,-0.003,-0.0015,-0.0053,-0.0015,-66.0
4.953,-0.0046,-0.0015,-0.0083,-0.0008,-65.9
4.954,-0.0053,-0.0015,-0.0083,-0.003,-65.8
4.955,-0.0053,-0.0008,-0.0083,-0.0046,-65.8
4.956,-0.0053,-0.0023,-0.0075,-0.0053,-65.7
4.957,-0.0053,-0.0015,-0.006,-0.0053,-65.7
4.958,-0.003,-0.0015,-0.0046,-0.003,-65.6
4.959,-0.0023,-0.0015,-0.0008,-0.0046,-65.6
4.96,-0.0015,-0.0008,0.003,-0.0046,-65.5
4.961,0.0022,-0.0015,0.009,-0.003,-65.4
4.962,0.0052,-0.0023,0.0142,-0.003,-65.3
4.963,0.0052,-0.0008,0.0142,-0.0023,-65.3
4.964,0.009,0.0007,0.0172,0.0007,-65.2
4.965,0.009,0.0015,0.018,0.0,-65.1
4.966,0.0082,0.0007,0.018,-0.0008,-65.0
4.967,0.009,0.0007,0.0202,0.0007,-64.9
4.968,0.0105,0.0007,0.0217,0.0007,-64.8
4.969,0.009,0.0007,0.021,0.0007,-64.8
4.97,0.0082,-0.0015,0.021,-0.0015,-64.7
4.971,0.0082,-0.0015,0.0195,0.0007,-64.6
4.972,0.0067,0.0007,0.0172,0.0007,-64.5
4.973,0.0052,0.0,0.0157,0.0007,-64.4
4.974,0.0052,-0.0015,0.0142,0.0015,-64.3
4.975,0.0045,-0.0023,0.015,-0.0008,-64.2
4.976,0.0052,-0.0015,0.0112,0.0,-64.2
4.977,0.0015,0.0015,0.0007,-0.0008,-64.1
4.978,-0.0008,0.0007,-0.003,-0.0015,-64.0
4.979,0.0007,0.0,-0.0038,-0.0023,-63.9
4.98,-0.0023,-0.0008,-0.0046,-0.0008,-63.8
4.981,-0.0015,-0.0008,-0.0015,0.0015,-63.7
4.982,-0.0015,0.0007,0.0,0.0,-63.6
4.983,-0.0008,-0.0008,0.0015,0.0007,-63.5
4.984,0.0,-0.0015,0.0022,-0.0008,-63.3
4.985,-0.0008,-0.0008,0.0045,-0.003,-63.2
4.986,0.0007,-0.0023,0.0045,-0.0046,-63.1
4.987,0.0007,-0.003,0.0052,-0.0015,-63.0
4.988,0.003,-0.0015,0.0052,0.0015,-62.8
4.989,0.0007,-0.0008,0.0022,0.0045,-62.7
4.99,0.0,0.0007,-0.0015,0.0015,-62.6
4.991,-0.0015,-0.0008,-0.006,-0.0023,-62.5
4.992,-0.0053,-0.0015,-0.0068,-0.003,-62.4
4.993,-0.0046,-0.0015,-0.0068,-0.0053,-62.2
4.994,-0.0075,-0.0038,-0.0083,-0.0091,-62.1
4.995,-0.0083,-0.0046,-0.0105,-0.0091,-62.0
4.996,-0.006,-0.0046,-0.0113,-0.0083,-61.9
4.997,-0.0046,-0.0053,-0.0098,-0.0053,-61.7
4.998,-0.0046,-0.0075,-0.0068,0.0067,-61.6
4.999,-0.0046,-0.0075,-0.0053,0.0195,-61.5
5.0,-0.003,-0.0053,-0.0046,0.0277,-61.4
5.001,-0.0046,0.0007,-0.0046,0.0307,-61.2
5.002,-0.003,0.0105,-0.0038,0.018,-61.0
5.003,-0.006,0.018,-0.0046,0.0045,-60.8
5.004,-0.0053,0.0277,-0.006,0.009,-60.7
5.005,-0.0046,0.0382,-0.0053,0.0082,-60.5
5.006,-0.003,0.0232,-0.0053,-0.0098,-60.3
5.007,-0.0015,0.0007,-0.0038,-0.024,-60.2
5.008,-0.0023,-0.0015,-0.0053,-0.0323,-60.0
5.009,-0.003,-0.021,-0.0083,-0.0293,-59.8
5.01,-0.0046,-0.0293,-0.0053,-0.0165,-59.6
5.011,-0.0053,-0.0158,-0.0053,-0.0105,-59.4
5.012,-0.0046,-0.0128,-0.0053,-0.0091,-59.3
5.013,-0.0023,-0.0053,-0.003,-0.0075,-59.1
5.014,-0.0015,-0.0046,-0.0046,-0.0083,-58.9
5.015,-0.0008,-0.003,-0.0046,-0.0053,-58.7
5.016,-0.0008,-0.0008,-0.003,-0.0053,-58.6
5.017,-0.0008,-0.003,-0.0015,-0.0023,-58.4
5.018,-0.0023,-0.0015,-0.0008,0.0022,-58.2
5.019,0.0,-0.003,0.0015,0.0052,-58.1
5.02,0.0037,-0.0008,0.003,0.0067,-57.9
5.021,0.0037,-0.0015,0.0037,0.0022,-57.6
5.022,0.003,-0.0015,0.0015,0.0,-57.4
5.023,0.0015,-0.0015,0.0007,0.0,-57.2
5.024,0.0,-0.0008,0.0045,-0.0015,-57.0
5.025,0.0022,-0.0008,0.0067,-0.0038,-56.7
5.026,0.0015,0.0,0.0045,0.0007,-56.5
5.027,0.0,0.0007,0.0022,0.0015,-56.3
5.028,-0.0008,0.0,0.0037,0.0037,-56.1
5.029,0.0,0.0022,0.0037,0.0067,-55.8
5.03,0.0,0.0007,0.003,0.006,-55.6
5.031,0.0007,-0.0008,0.0007,0.003,-55.4
5.032,0.0015,-0.0008,-0.0008,-0.0008,-55.1
5.033,0.0015,-0.0023,0.0007,-0.0015,-54.9
5.034,0.0022,-0.0008,0.0007,-0.003,-54.7
5.035,0.003,-0.0008,0.0015,-0.0015,-54.5
5.036,0.0015,-0.0008,0.0022,-0.003,-54.2
5.037,0.0045,0.0007,0.0015,-0.003,-54.0
5.038,0.003,0.0,0.003,-0.0053,-53.8
5.039,0.003,0.0015,0.0052,-0.0053,-53.6
5.04,0.003,0.0007,0.0052,-0.0068,-53.3
5.041,0.003,0.0,0.0052,-0.0091,-53.1
5.042,0.003,0.0007,0.0067,-0.0083,-52.8
5.043,0.0037,0.0,0.0067,-0.006,-52.5
5.044,0.0015,0.0007,0.0052,0.0015,-52.2
5.045,0.0015,0.0007,0.006,0.0112,-51.9
5.046,0.0015,0.003,0.0067,0.0165,-51.7
5.047,-0.0008,0.0037,0.006,0.0165,-51.4
5.048,-0.0008,0.0015,0.0037,0.0157,-51.1
5.049,0.0007,0.0007,0.0045,0.0045,-50.9
5.05,0.0022,-0.003,0.006,-0.0083,-50.5
5.051,0.0007,-0.0053,0.0067,-0.0068,-50.3
5.052,0.0,-0.0068,0.0045,-0.0083,-50.0
5.053,0.0015,-0.0083,0.0037,-0.0135,-49.7
5.054,0.0,-0.0068,0.0007,-0.0181,-49.5
5.055,-0.0008,-0.0083,0.0007,-0.0203,-49.2
5.056,0.0,-0.0075,0.003,-0.0158,-48.9
5.057,-0.0008,-0.0046,0.0015,-0.0098,-48.6
5.058,-0.003,-0.0023,0.0015,0.0,-48.3
5.059,-0.003,-0.0008,-0.0015,0.0075,-48.1
5.06,-0.0023,0.0007,-0.0008,0.0082,-47.8
5.061,0.0007,0.0045,0.0,0.0105,-47.5
5.062,0.0007,0.0045,0.0022,0.0082,-47.2
5.063,0.0007,0.003,0.003,0.0007,-46.8
5.064,0.0007,0.0007,0.0022,-0.006,-46.5
5.065,0.0,-0.003,0.0045,-0.012,-46.2
5.066,0.0007,-0.0046,0.0045,-0.012,-45.9
5.067,0.0007,-0.0053,0.0052,-0.0091,-45.6
5.068,0.0015,-0.0046,0.0045,-0.0068,-45.3
5.069,0.0007,-0.003,0.0052,-0.0023,-45.0
5.07,0.0015,-0.0023,0.0075,0.0007,-44.6
5.071,0.0052,-0.0008,0.006,0.0045,-44.4
5.072,0.0052,0.0007,0.0045,0.0067,-44.1
5.073,0.0037,0.0007,0.003,0.0067,-43.7
5.074,0.0037,0.0007,0.0052,0.0067,-43.4
5.075,0.0045,0.0015,0.0082,0.006,-43.1
5.076,0.003,0.003,0.0067,0.003,-42.8
5.077,0.0015,0.0022,0.0045,-0.0068,-42.5
5.078,0.0,0.0007,0.0015,-0.0158,-42.2
5.079,-0.0008,0.0015,-0.0008,-0.0165,-41.9
5.08,-0.0023,-0.0015,-0.0015,-0.0158,-41.5
5.081,-0.0023,-0.0015,-0.006,-0.0008,-41.2
5.082,-0.003,-0.0008,-0.0068,0.0157,-40.8
5.083,-0.006,0.0045,-0.003,0.0217,-40.4
5.084,-0.003,0.0052,0.0052,0.0232,-40.1
5.085,0.0007,0.0,0.0105,0.0142,-39.6
5.086,0.003,-0.0008,0.0127,0.003,-39.3
5.087,0.0045,-0.003,0.0105,-0.003,-38.9
5.088,0.0015,-0.003,0.0082,-0.003,-38.6
5.089,0.0,-0.0038,0.0075,-0.0008,-38.2
5.09,-0.0015,-0.0023,0.0015,-0.003,-37.8
5.091,-0.003,-0.0015,-0.0023,-0.0038,-37.4
5.092,-0.003,-0.0015,-0.0053,-0.003,-37.0
5.093,-0.0046,0.0015,-0.0068,-0.003,-36.7
5.094,-0.0046,0.0015,-0.0068,-0.003,-36.3
5.095,-0.0053,0.0015,-0.0091,-0.003,-35.9
5.096,-0.0053,0.0007,-0.0091,-0.0023,-35.6
5.097,-0.0053,0.0007,-0.0083,-0.0046,-35.2
5.098,-0.0046,0.0007,-0.0068,-0.0046,-34.8
5.099,-0.003,0.0,-0.006,-0.0015,-34.4
5.1,-0.0015,0.0015,-0.0068,0.0007,-34.1
5.101,0.0,0.003,-0.003,0.0,-33.7
5.102,0.0007,0.0007,-0.0008,0.0015,-33.3
5.103,0.0015,0.0007,-0.0008,0.003,-32.9
5.104,0.0022,0.0015,0.0007,0.0007,-32.5
5.105,0.0022,-0.0015,0.0082,-0.0083,-32.1
5.106,0.003,-0.0023,0.0127,-0.0083,-31.7
5.107,0.0045,-0.0023,0.0067,-0.003,-31.3
5.108,0.003,-0.003,0.003,-0.0053,-30.9
5.109,0.0,-0.0023,-0.0008,-0.0098,-30.5
5.11,-0.003,-0.0038,-0.0068,-0.0091,-30.1
5.111,-0.0038,-0.0023,-0.0105,-0.0068,-29.7
5.112,-0.0046,-0.0008,-0.0143,-0.0075,-29.3
5.113,-0.0046,0.0007,-0.0128,-0.0046,-28.9
5.114,-0.0053,0.0015,-0.012,-0.0015,-28.5
5.115,-0.0046,0.0022,-0.0105,-0.0008,-28.1
5.116,-0.0023,-0.0008,-0.003,0.0052,-27.7
5.117,-0.0008,-0.003,0.0067,0.0112,-27.3
5.118,0.0007,-0.0015,0.0097,0.012,-26.9
5.119,0.0007,-0.0015,0.0127,0.0082,-26.5
5.12,-0.0008,-0.0023,0.0157,0.0052,-26.1
5.121,-0.0015,-0.0038,0.012,0.0015,-25.7
5.122,-0.0046,-0.0068,0.0082,-0.0075,-25.3
5.123,-0.0053,-0.0091,0.0037,-0.0113,-24.9
5.124,-0.0015,-0.0105,-0.0008,-0.0128,-24.5
5.125,0.0007,-0.0046,-0.0046,-0.012,-24.1
5.126,0.0045,0.0045,-0.0053,-0.0038,-23.7
5.127,0.0082,0.0112,-0.0053,0.0022,-23.3
5.128,0.0157,0.009,-0.0083,0.0135,-22.9
5.129,0.0172,0.009,-0.0068,0.018,-22.5
5.13,0.0105,0.0097,-0.003,0.0045,-22.1
5.131,0.006,-0.0015,0.0,-0.0068,-21.6
5.132,-0.0008,-0.006,0.0,-0.0068,-21.2
5.133,-0.0046,-0.0046,0.0,0.003,-20.8
5.134,-0.006,-0.0046,0.003,0.0105,-20.4
5.135,-0.0091,-0.003,0.006,0.009,-20.0
5.136,-0.0113,-0.003,0.0022,0.006,-19.6
5.137,-0.0128,0.0007,0.0052,0.0015,-19.2
5.138,-0.0113,0.0015,0.0075,-0.0046,-18.8
5.139,-0.0158,0.0015,0.0045,-0.0128,-18.4
5.14,-0.0158,-0.0008,0.0037,-0.0165,-18.0
5.141,-0.0105,-0.0046,-0.0008,-0.0143,-17.6
5.142,-0.0091,-0.003,0.0015,-0.012,-17.3
5.143,-0.0023,-0.0038,0.0045,-0.0046,-17.0
5.144,0.0052,-0.0023,0.006,0.006,-16.7
5.145,0.009,0.0015,0.0082,0.0127,-16.3
5.146,0.0127,0.003,0.0105,0.0052,-15.9
5.147,0.015,-0.003,0.0082,-0.0083,-15.6
5.148,0.0142,-0.0083,-0.0015,-0.0105,-15.3
5.149,0.0127,-0.0046,-0.0091,-0.0128,-14.9
5.15,0.012,-0.0023,-0.0128,-0.0091,-14.6
5.151,0.009,-0.0023,-0.0091,-0.0038,-14.2
5.152,0.0097,-0.0008,-0.0053,-0.0015,-13.9
5.153,0.0,-0.0015,-0.0105,0.0007,-13.5
5.154,-0.0143,-0.0015,-0.015,0.0,-13.2
5.155,-0.0195,-0.0008,-0.0158,0.0,-12.9
5.156,-0.0203,0.0007,-0.0165,-0.0015,-12.5
5.157,-0.012,0.0,-0.0135,-0.0068,-12.2
5.158,-0.0046,0.0007,-0.0098,-0.006,-11.8
5.159,0.0007,-0.0008,-0.0053,-0.003,-11.5
5.16,0.0007,-0.003,0.0022,0.0,-11.2
5.161,-0.0023,-0.0015,0.0157,0.0015,-10.9
5.162,-0.0023,-0.0015,0.0225,0.0015,-10.6
5.163,-0.0008,-0.0008,0.018,0.003,-10.4
5.164,0.0007,0.0015,0.018,0.0045,-10.1
5.165,0.0007,0.0015,0.0142,0.0075,-9.8
5.166,0.0015,0.0007,0.0082,0.0097,-9.5
5.167,0.006,0.0007,0.0067,0.0105,-9.3
5.168,0.003,0.0015,0.0045,0.0105,-9.0
5.169,0.0007,0.0052,0.0067,0.009,-8.7
5.17,0.0022,0.006,0.0045,0.0037,-8.5
5.171,0.0052,0.0037,0.003,-0.0015,-8.2
5.172,0.0067,0.0015,0.009,-0.0023,-7.9
5.173,0.0075,0.0007,0.0067,0.0,-7.7
5.174,0.0067,0.0015,0.0037,0.0015,-7.4
5.175,0.0015,0.0015,0.0007,0.003,-7.1
5.176,-0.003,-0.0008,0.0,-0.0015,-6.8
5.177,-0.0008,-0.0046,0.0015,-0.012,-6.6
5.178,-0.0008,-0.0068,-0.0008,-0.0181,-6.3
5.179,-0.0046,-0.0091,0.0022,-0.024,-6.0
5.18,-0.0046,-0.0113,0.003,-0.0293,-5.8
5.181,-0.0023,-0.0128,0.006,-0.0263,-5.5
5.182,-0.0008,-0.0098,0.0052,-0.0135,-5.3
5.183,0.003,-0.0046,0.0105,-0.003,-5.1
5.184,0.0075,-0.0008,0.0225,0.0007,-4.9
5.185,0.009,0.0007,0.0277,0.003,-4.6
5.186,0.0082,-0.0015,0.0352,0.0037,-4.4
5.187,0.0082,-0.006,0.0315,0.0045,-4.2
5.188,0.0097,-0.0053,0.0255,0.006,-4.0
5.189,0.0135,0.0,0.0195,0.0052,-3.7
5.19,0.0172,0.0075,0.0097,0.0075,-3.5
5.191,0.0195,0.0097,0.0052,0.009,-3.3
5.192,0.0142,0.012,-0.0008,0.0082,-3.1
5.193,0.0097,0.0142,-0.003,0.0067,-2.8
5.194,0.009,0.012,-0.0015,0.0022,-2.6
5.195,0.006,0.006,0.003,-0.003,-2.4
5.196,0.0052,0.0007,0.009,-0.0046,-2.2
5.197,0.0082,0.003,0.0172,-0.0015,-1.9
5.198,0.0015,0.003,0.0142,0.003,-1.7
5.199,-0.0015,0.0015,0.0097,0.009,-1.5
5.2,-0.0008,-0.0015,0.012,0.0052,-1.3
5.201,-0.0015,-0.0068,0.009,0.0007,-1.1
5.202,-0.0038,-0.0098,-0.0015,0.0007,-0.9
5.203,-0.0068,-0.0068,-0.0135,0.0007,-0.7
5.204,-0.0083,-0.0023,-0.0128,-0.0008,-0.5
5.205,-0.0098,-0.003,-0.003,-0.0015,-0.3
5.206,-0.0113,-0.0023,0.0045,-0.0023,-0.1
5.207,-0.0091,-0.0046,0.0015,-0.003,0.1
5.208,-0.0038,-0.003,-0.003,-0.0015,0.3
5.209,-0.0023,-0.0015,-0.006,-0.003,0.5
5.21,-0.0015,-0.003,-0.0046,-0.0038,0.7
5.211,0.0045,0.0015,-0.0053,-0.0023,0.9
5.212,0.0105,0.0015,-0.006,-0.0015,1.1
5.213,0.0105,0.0022,-0.0023,0.0007,1.3
5.214,0.0067,0.0067,-0.0008,0.0022,1.5
5.215,0.0045,0.009,0.003,0.0022,1.7
5.216,-0.0015,0.0045,-0.0015,0.0015,1.9
5.217,-0.0038,-0.0023,-0.0098,0.0007,2.1
5.218,-0.0053,-0.0068,-0.012,-0.0008,2.2
5.219,-0.0068,-0.0046,-0.0135,-0.0023,2.5
5.22,-0.0068,-0.0008,-0.0068,0.0052,2.6
5.221,-0.012,-0.003,0.0022,0.0105,2.7
5.222,-0.021,-0.0091,0.006,-0.0015,2.8
5.223,-0.0315,-0.015,0.0052,-0.0218,2.9
5.224,-0.0233,-0.0195,0.0015,-0.0285,3.0
5.225,-0.0075,-0.0188,0.0052,-0.0256,3.1
5.226,0.0022,-0.0143,0.0067,-0.0263,3.1
5.227,0.0127,-0.0068,0.0015,-0.021,3.2
5.228,0.0165,-0.0068,0.0052,-0.0256,3.3
5.229,0.018,-0.0188,0.0045,-0.027,3.4
5.23,0.0172,-0.0203,0.0067,-0.015,3.5
5.231,0.012,-0.0098,0.0127,-0.012,3.5
5.232,0.0082,-0.0038,0.015,0.0067,3.6
5.233,0.0045,0.0165,0.0157,0.0457,3.7
5.234,0.0067,0.0547,0.0105,0.0817,3.7
5.235,0.0075,0.0675,0.0007,0.0847,3.8
5.236,0.003,0.018,-0.0046,0.072,3.9
5.237,-0.006,-0.0181,-0.0046,0.048,4.0
5.238,-0.0128,0.0195,-0.0046,0.0232,4.0
5.239,-0.012,0.0427,-0.0023,0.0232,4.1
5.24,-0.0091,0.066,-0.0008,0.021,4.2
5.241,-0.0083,0.087,0.0015,0.0022,4.2
5.242,-0.015,0.033,0.0007,-0.0405,4.2
5.243,-0.021,-0.0158,-0.0083,-0.0825,4.2
5.244,-0.0315,-0.0368,-0.0098,-0.0818,4.2
5.245,-0.0353,-0.0346,-0.0068,-0.0608,4.2
5.246,-0.0285,-0.0315,-0.0053,-0.0533,4.2
5.247,-0.0181,-0.0405,-0.006,-0.0443,4.2
5.248,-0.0008,-0.0195,-0.006,-0.0398,4.2
5.249,0.0142,-0.027,-0.0091,-0.0353,4.1
5.25,0.0292,-0.0473,-0.0105,-0.0203,4.1
5.251,0.033,-0.0511,-0.012,0.0007,4.1
5.252,0.0315,-0.0233,-0.0181,0.036,4.1
5.253,0.0337,0.0442,-0.0218,0.0607,4.1
5.254,0.0285,0.0667,-0.0218,0.0705,4.1
5.255,0.0165,0.03,-0.0195,0.057,4.0
5.256,0.0015,0.0127,-0.0143,0.0007,4.0
5.257,-0.0083,-0.0113,-0.0053,-0.0293,4.0
5.258,-0.0105,-0.024,0.0015,-0.0091,4.0
5.259,-0.0053,-0.0068,0.0052,0.0037,4.0
5.26,-0.0046,-0.0143,0.0045,0.024,4.0
5.261,-0.0091,0.0067,0.0015,0.0442,3.9
5.262,-0.006,0.0397,0.0015,0.0457,3.9
5.263,-0.0075,0.0405,0.0052,0.0337,3.8
5.264,-0.0083,0.0187,0.0217,0.0172,3.7
5.265,-0.003,0.0067,0.03,0.012,3.6
5.266,0.0007,-0.006,0.0202,0.0255,3.6
5.267,-0.0046,-0.0143,0.0075,0.039,3.5
5.268,-0.0091,-0.015,-0.0015,0.0157,3.4
5.269,-0.0068,-0.03,-0.006,-0.0165,3.4
5.27,-0.0105,-0.027,-0.0113,-0.024,3.3
5.271,-0.0098,-0.021,-0.0083,-0.0158,3.2
5.272,-0.0046,-0.0263,-0.0015,-0.0158,3.1
5.273,-0.003,-0.0458,-0.0015,-0.0405,3.1
5.274,0.0015,-0.0368,-0.0083,-0.0743,3.0
5.275,0.0015,-0.0248,-0.0113,-0.0938,2.9
5.276,-0.0046,-0.0218,-0.0083,-0.1118,2.8
5.277,-0.0083,-0.024,-0.0015,-0.135,2.8
5.278,-0.0053,-0.0511,0.003,-0.1381,2.7
5.279,-0.003,-0.0585,0.0015,-0.09,2.6
5.28,-0.0083,-0.0533,0.0082,-0.027,2.5
5.281,-0.0113,-0.0143,0.0082,0.0112,2.5
5.282,-0.0075,0.0217,0.0007,0.0255,2.4
5.283,-0.0046,0.0285,-0.0008,0.0442,2.3
5.284,0.0045,0.0517,-0.0083,0.0465,2.2
5.285,0.0097,0.0465,-0.0068,0.0292,2.2
5.286,0.0082,0.0127,-0.0068,0.0375,2.1
5.287,0.009,-0.0068,-0.0053,0.0442,2.0
5.288,0.0067,-0.0181,0.0052,0.0532,1.9
5.289,0.0067,-0.0105,0.0082,0.0712,1.9
5.29,0.0075,0.0345,0.0075,0.078,1.8
5.291,-0.0023,0.0615,0.006,0.039,1.7
5.292,-0.003,0.0217,0.0052,-0.003,1.7
5.293,0.003,-0.0195,0.0112,0.003,1.6
5.294,-0.0015,-0.0098,0.0045,0.009,1.5
5.295,-0.0015,-0.0053,-0.003,0.003,1.4
5.296,0.0052,0.0157,0.0037,0.0067,1.3
5.297,0.0045,0.0397,0.009,0.0075,1.3
5.298,-0.0143,0.033,-0.0008,0.012,1.2
5.299,-0.0315,0.0382,-0.0098,0.027,1.1
5.3,-0.027,0.0427,-0.0091,0.0382,1.0
5.301,-0.0203,0.0465,-0.0023,0.0442,1.0
5.302,-0.0165,0.0202,-0.0008,0.0285,1.0
5.303,-0.0105,0.0105,0.0,0.0045,1.0
5.304,0.006,0.0292,0.0075,-0.0128,1.0
5.305,0.0187,0.0052,0.0067,-0.0218,1.1
5.306,0.0217,-0.0165,0.0015,-0.0285,1.1
5.307,0.0285,-0.0315,-0.0091,-0.039,1.1
5.308,0.0397,-0.0353,-0.0233,-0.0315,1.1
5.309,0.048,-0.0195,-0.0293,-0.0181,1.1
5.31,0.0277,-0.0173,-0.0346,-0.006,1.2
5.311,0.0067,-0.0158,-0.0293,-0.0015,1.2
5.312,-0.0008,-0.0203,-0.0263,-0.0008,1.2
5.313,-0.0091,-0.0293,-0.0165,-0.0158,1.2
5.314,-0.012,-0.0315,-0.0023,-0.0443,1.2
5.315,-0.021,-0.0293,-0.0068,-0.0428,1.2
5.316,-0.0143,-0.0046,-0.006,-0.0278,1.3
5.317,-0.003,0.03,-0.0008,-0.0008,1.3
5.318,-0.006,0.03,0.0037,0.0045,1.3
5.319,-0.0143,-0.0008,0.0007,-0.027,1.3
5.32,-0.0218,-0.0165,-0.0015,-0.0308,1.3
5.321,-0.0188,0.0142,0.0015,0.0067,1.3
5.322,-0.0158,0.0502,0.003,0.0277,1.3
5.323,-0.0075,0.0105,0.009,0.009,1.3
5.324,-0.0053,-0.0263,0.0097,0.0105,1.2
5.325,-0.0053,0.0007,0.0075,0.042,1.2
5.326,-0.0068,0.0157,0.0052,0.045,1.2
5.327,-0.0105,0.015,0.009,0.0172,1.1
5.328,-0.0053,0.009,0.024,0.0127,1.1
5.329,0.0045,-0.0053,0.0375,0.012,1.1
5.33,0.0135,-0.0128,0.042,0.0022,1.0
5.331,0.0195,-0.0233,0.0397,-0.0008,1.0
5.332,0.0232,-0.0195,0.0382,-0.012,1.0
5.333,0.0262,-0.015,0.0397,-0.021,0.9
5.334,0.0292,-0.0225,0.039,-0.039,0.9
5.335,0.0277,-0.0091,0.0352,-0.0495,0.9
5.336,0.0232,-0.012,0.0277,-0.0653,0.9
5.337,0.0127,-0.0315,0.0217,-0.0818,0.8
5.338,-0.0038,-0.0346,0.0142,-0.0675,0.8
5.339,-0.0195,-0.024,0.009,-0.0173,0.8
5.34,-0.0368,-0.0195,0.0075,0.045,0.7
5.341,-0.0195,-0.0083,0.009,0.0555,0.6
5.342,0.012,0.0045,0.0067,0.0277,0.4
5.343,0.0195,0.0022,0.009,0.0052,0.3
5.344,0.0217,0.012,0.0037,-0.0173,0.1
5.345,0.0135,0.009,-0.024,-0.0233,0.0
5.346,0.0082,-0.0023,-0.039,-0.0113,-0.1
5.347,0.0082,-0.0053,-0.039,0.0015,-0.3
5.348,0.0052,-0.0105,-0.042,0.0142,-0.5
5.349,0.0015,0.0037,-0.0443,0.018,-0.6
5.35,-0.006,0.0127,-0.0368,0.021,-0.7
5.351,-0.0181,0.0105,-0.0293,0.024,-0.9
5.352,-0.0248,0.009,-0.0248,0.0195,-1.0
5.353,-0.0203,0.0037,-0.0143,0.009,-1.2
5.354,-0.0128,0.003,-0.0046,0.0052,-1.3
5.355,-0.0046,0.0045,0.009,0.012,-1.4
5.356,0.0022,0.0105,0.0105,0.0165,-1.6
5.357,0.003,0.0202,-0.0015,0.0202,-1.7
5.358,-0.003,0.018,-0.012,0.0165,-1.9
5.359,-0.0091,0.009,-0.0083,0.0135,-2.0
5.36,-0.0091,0.006,-0.0015,0.012,-2.2
5.361,-0.0068,0.0067,-0.0008,0.009,-2.3
5.362,-0.006,0.0045,0.0015,0.0022,-2.4
5.363,-0.0023,0.0037,0.0037,-0.0038,-2.6
5.364,0.003,0.0045,0.0112,-0.0053,-2.7
5.365,0.0067,0.0037,0.0195,-0.0083,-2.8
5.366,0.009,-0.0015,0.0255,-0.0053,-3.0
5.367,0.009,-0.003,0.0262,0.0015,-3.1
5.368,0.0082,-0.003,0.0232,0.0097,-3.2
5.369,0.0067,-0.0015,0.0157,0.012,-3.4
5.37,0.0082,0.0015,0.0157,0.003,-3.5
5.371,0.009,0.0007,0.0195,-0.0023,-3.6
5.372,0.0105,-0.0008,0.0202,0.0007,-3.7
5.373,0.0097,0.0007,0.0232,0.012,-3.9
5.374,0.0045,0.0015,0.0255,0.0127,-4.0
5.375,-0.0015,0.0015,0.0187,0.003,-4.1
5.376,-0.0023,0.0007,0.009,-0.0053,-4.3
5.377,0.0022,-0.0015,0.0075,-0.0181,-4.4
5.378,0.009,-0.0008,0.0052,-0.0218,-4.5
5.379,0.0142,-0.0015,0.0067,-0.0158,-4.7
5.38,0.0135,-0.0038,0.0112,-0.0128,-4.9
5.381,0.0082,-0.0038,0.0105,-0.0181,-4.8
5.382,0.0052,-0.0046,0.009,-0.021,-4.7
5.383,0.003,-0.0046,0.009,-0.0165,-4.6
5.384,-0.003,-0.0046,0.0112,-0.0195,-4.5
5.385,-0.0053,-0.0015,0.012,-0.0203,-4.5
5.386,-0.003,-0.0008,0.0127,-0.0218,-4.4
5.387,-0.0068,-0.0046,0.015,-0.0256,-4.3
5.388,-0.0068,-0.0083,0.0082,-0.0165,-4.2
5.389,-0.0083,-0.0098,0.0007,-0.0105,-4.2
5.39,-0.0091,-0.0143,-0.0015,-0.0053,-4.1
5.391,-0.0008,-0.012,-0.0083,0.0,-4.0
5.392,0.0105,-0.0015,-0.0158,0.0007,-4.0
5.393,0.0105,0.0015,-0.0203,0.0052,-3.9
5.394,0.0082,0.0045,-0.0263,0.0075,-3.8
5.395,0.0067,0.0082,-0.0233,0.0082,-3.7
5.396,-0.0068,0.0052,-0.0165,0.012,-3.6
5.397,-0.0128,0.003,-0.0195,0.0157,-3.6
5.398,-0.0105,0.0007,-0.024,0.0262,-3.5
5.399,-0.0091,0.0015,-0.0188,0.0307,-3.4
5.4,-0.0046,0.0007,-0.0083,0.0187,-3.3
5.401,-0.0068,-0.006,-0.0068,0.0067,-3.2
5.402,-0.0091,-0.0015,-0.0038,0.0082,-3.1
5.403,-0.0083,0.0045,-0.0023,0.012,-3.0
5.404,-0.012,0.0067,-0.003,0.0075,-2.9
5.405,-0.0158,0.0075,-0.0091,-0.0046,-2.8
5.406,-0.0158,0.0052,-0.0165,-0.0083,-2.7
5.407,-0.012,0.0052,-0.0181,-0.0091,-2.6
5.408,-0.0091,0.0045,-0.0188,-0.0135,-2.5
5.409,-0.0091,0.003,-0.0158,-0.0218,-2.3
5.41,-0.0083,-0.0053,-0.0128,-0.0323,-2.3
5.411,-0.0053,-0.0135,-0.0083,-0.012,-2.2
5.412,-0.003,-0.0135,-0.0008,0.0165,-2.0
5.413,-0.0008,-0.0105,0.003,-0.0008,-1.9
5.414,-0.0008,-0.0091,0.0015,-0.0098,-1.8
5.415,-0.0008,-0.0105,-0.0008,0.0022,-1.7
5.416,-0.0008,-0.012,0.0007,0.0202,-1.6
5.417,-0.0015,-0.0105,0.0007,0.0225,-1.5
5.418,-0.0008,-0.0098,0.0007,0.0015,-1.4
5.419,0.0,-0.0105,0.0007,0.0022,-1.3
5.42,-0.0008,-0.006,-0.0015,0.009,-1.2
5.421,0.0015,0.0022,0.003,0.0067,-1.1
5.422,0.0015,0.003,0.006,-0.0023,-1.1
5.423,0.0052,0.0052,0.012,-0.0083,-1.1
5.424,0.0075,0.0052,0.0105,-0.0091,-1.0
5.425,0.0067,0.0052,0.0112,-0.006,-1.0
5.426,0.009,0.0067,0.015,-0.0008,-0.9
5.427,0.0067,0.0075,0.0135,-0.0046,-0.9
5.428,0.0067,0.0097,0.018,0.0022,-0.9
5.429,0.009,0.0082,0.0165,0.0082,-0.9
5.43,0.0097,0.0052,0.0157,0.0097,-0.8
5.431,0.0082,0.006,0.015,0.0187,-0.8
5.432,0.0052,0.009,0.0142,0.0195,-0.7
5.433,0.0082,0.0097,0.015,0.0067,-0.7
5.434,0.0097,0.0045,0.015,-0.0091,-0.7
5.435,0.0082,-0.0068,0.0157,-0.027,-0.6
5.436,0.0082,-0.0128,0.0172,-0.0346,-0.6
5.437,0.0082,-0.0091,0.018,-0.033,-0.5
5.438,0.0082,-0.0053,0.018,-0.0293,-0.5
5.439,0.0067,-0.0023,0.0142,-0.0165,-0.5
5.44,0.0075,-0.0046,0.0105,0.0007,-0.5
5.441,0.006,-0.0053,0.0105,0.0067,-0.5
5.442,0.0022,-0.0008,0.0082,0.003,-0.5
5.443,-0.0008,0.0022,0.0082,-0.0015,-0.5
5.444,0.0022,0.003,0.0165,-0.0046,-0.5
5.445,0.0045,0.0015,0.0195,0.0015,-0.4
5.446,0.0082,0.0022,0.0187,0.0082,-0.4
5.447,0.0082,0.0045,0.0082,0.0105,-0.4
5.448,0.003,0.0067,-0.0023,0.0127,-0.4
5.449,0.0007,0.0052,-0.0083,0.0142,-0.4
5.45,-0.0015,0.0052,-0.0158,0.015,-0.4
5.451,-0.0015,0.0045,-0.0165,0.0082,-0.4
5.452,-0.0053,0.0007,-0.0158,0.0052,-0.4
5.453,-0.0091,-0.0015,-0.015,-0.0015,-0.4
5.454,-0.0068,-0.0008,-0.0143,-0.015,-0.4
5.455,-0.0068,-0.0038,-0.0165,-0.0218,-0.4
5.456,-0.0075,-0.0068,-0.0105,-0.024,-0.4
5.457,-0.0068,-0.0068,-0.0083,-0.0225,-0.4
5.458,-0.0113,-0.0068,-0.0046,-0.0128,-0.4
5.459,-0.0128,-0.0038,-0.0008,0.0007,-0.4
5.46,-0.012,-0.0015,-0.006,0.0045,-0.4
5.461,-0.0143,-0.0015,-0.0046,0.0052,-0.3
5.462,-0.0165,-0.0015,-0.0008,0.0022,-0.3
5.463,-0.0105,-0.003,-0.0023,-0.003,-0.2
5.464,-0.0053,-0.0023,-0.003,-0.0083,-0.1
5.465,-0.0038,-0.003,-0.0083,-0.0091,-0.1
5.466,-0.0015,0.0,-0.0105,-0.0068,0.0
5.467,-0.0023,0.0,-0.0091,-0.0068,0.0
5.468,-0.0015,-0.0008,-0.0083,-0.003,0.1
5.469,-0.003,0.0,-0.0046,-0.0038,0.1
5.47,-0.003,-0.0008,-0.0008,-0.0046,0.2
5.471,0.0,-0.0015,-0.0008,-0.0046,0.2
5.472,0.0015,-0.003,0.0,0.0007,0.3
5.473,-0.0008,-0.0008,0.0052,0.0082,0.4
5.474,0.0015,0.0015,0.0052,0.0097,0.4
5.475,0.0037,0.0015,0.003,0.003,0.4
5.476,0.0015,0.003,0.0007,0.0007,0.5
5.477,0.003,0.0015,-0.0046,0.0067,0.5
5.478,0.003,0.0015,-0.0083,0.0075,0.6
5.479,0.0015,0.0007,-0.0053,0.0082,0.7
5.48,0.0007,0.0,-0.0046,0.0045,0.7
5.481,-0.0008,-0.003,-0.0023,-0.006,0.8
5.482,0.0,-0.006,0.0015,-0.0068,0.9
5.483,0.0015,-0.0046,0.0015,0.0045,0.9
5.484,0.003,-0.0046,0.0045,0.009,1.0
5.485,0.0037,-0.003,0.0067,0.0022,1.1
5.486,0.003,-0.0015,0.003,-0.0015,1.1
5.487,0.0015,-0.0008,0.0007,-0.003,1.2
5.488,0.0007,0.0,0.0045,-0.0143,1.3
5.489,0.0,0.003,0.0052,-0.0173,1.3
5.49,-0.0038,0.0045,0.0052,-0.0188,1.4
5.491,-0.0068,0.0007,0.0045,-0.024,1.5
5.492,-0.0091,-0.003,0.0015,-0.0256,1.6
5.493,-0.003,-0.003,0.0022,-0.0098,1.6
5.494,0.0015,-0.0008,-0.0008,0.0142,1.7
5.495,0.0075,-0.0046,0.0045,0.0127,1.8
5.496,0.009,-0.0046,0.012,0.0142,1.8
5.497,0.0052,-0.0015,0.0067,0.0202,1.9
5.498,0.0045,0.0007,0.0022,0.0097,2.0
5.499,0.0037,0.0,-0.0023,-0.0023,2.0
5.5,0.0022,-0.0023,-0.0046,0.003,2.1
5.501,0.0015,-0.0046,0.0045,0.0105,2.2
5.502,0.009,-0.0083,0.0082,0.009,2.2
5.503,0.0157,-0.0075,0.0067,0.0037,2.2
5.504,0.0112,-0.0053,0.003,-0.003,2.2
5.505,0.0105,-0.0015,0.0,-0.0008,2.2
5.506,0.009,0.0015,0.0007,-0.0008,2.2
5.507,0.0015,0.0067,0.0052,0.0015,2.3
5.508,-0.003,0.0075,0.0067,0.0007,2.3
5.509,-0.0075,0.0052,0.0007,-0.0008,2.3
5.51,-0.0046,0.0052,-0.0068,-0.003,2.4
5.511,-0.0008,0.003,-0.0098,-0.0053,2.4
5.512,-0.003,0.0052,-0.006,-0.0015,2.4
5.513,-0.0098,0.0037,-0.0008,-0.0023,2.4
5.514,-0.0113,0.0007,0.003,-0.0015,2.5
5.515,-0.0091,-0.0015,0.006,-0.0015,2.5
5.516,-0.0068,0.0007,0.0105,-0.0023,2.5
5.517,-0.003,0.006,0.0127,-0.0008,2.5
5.518,-0.0046,0.0052,0.015,0.0015,2.6
5.519,-0.0046,0.0052,0.015,-0.0046,2.6
5.52,-0.0015,0.0037,0.0097,-0.0135,2.6
5.521,0.0007,0.0022,0.0067,-0.012,2.6
5.522,0.003,0.0037,0.0022,0.0007,2.6
5.523,0.0015,-0.0008,0.0,0.0127,2.6
5.524,0.0007,-0.0053,0.003,0.0202,2.6
5.525,0.0015,-0.0091,0.003,0.0187,2.6
5.526,0.0007,-0.0135,0.0015,0.0157,2.6
5.527,0.0015,-0.0098,0.0,0.018,2.6
5.528,0.0007,-0.0083,-0.0008,0.0217,2.6
5.529,-0.0008,-0.0105,-0.0015,0.0225,2.6
5.53,0.0007,-0.0083,-0.0046,-0.0015,2.6
5.531,-0.003,-0.0083,-0.0053,-0.033,2.6
5.532,-0.0038,-0.0128,-0.0053,-0.0548,2.6
5.533,-0.003,-0.0113,-0.0053,-0.0488,2.5
5.534,-0.003,-0.0053,-0.0046,-0.0293,2.5
5.535,-0.0008,-0.0023,-0.0046,-0.0165,2.5
5.536,-0.0008,-0.0008,-0.0008,-0.0053,2.5
5.537,0.0,0.003,0.0007,-0.003,2.5
5.538,0.0007,0.0022,-0.0008,0.0,2.5
5.539,0.0,0.003,-0.0023,0.0,2.5
5.54,-0.0008,0.006,-0.003,0.0007,2.4
5.541,-0.0008,0.0052,-0.0008,0.003,2.4
5.542,0.0007,0.0052,-0.0008,0.0015,2.4
5.543,0.0,0.0052,-0.0015,0.003,2.4
5.544,-0.0015,0.003,-0.0053,0.0007,2.4
5.545,-0.0015,0.0007,-0.0053,0.0007,2.4
5.546,-0.0015,0.0,-0.0046,0.0015,2.4
5.547,-0.0015,0.0022,-0.003,0.003,2.4
5.548,-0.0008,0.0015,-0.0053,0.0052,2.4
5.549,0.0007,0.0015,-0.0068,0.0082,2.4
5.55,0.0007,0.0022,-0.003,0.0082,2.4
5.551,0.0007,0.003,-0.0015,0.0067,2.4
5.552,0.0007,0.0045,-0.0008,0.0037,2.4
5.553,0.0,0.003,-0.0008,-0.0038,2.4
5.554,0.0007,0.0015,0.0015,-0.0091,2.4
5.555,-0.0015,0.0007,0.0007,-0.0105,2.4
5.556,-0.0083,-0.0008,-0.0023,-0.0113,2.4
5.557,-0.0083,-0.0038,0.0022,-0.012,2.4
5.558,-0.0038,-0.0083,0.006,-0.012,2.4
5.559,0.0007,-0.0083,0.009,-0.003,2.4
5.56,0.0045,-0.0075,0.0105,0.0082,2.4
5.561,0.0045,-0.0053,0.012,0.018,2.4
5.562,0.0052,-0.0008,0.0127,0.0157,2.4
5.563,0.0045,0.0007,0.012,0.003,2.5
5.564,0.0045,0.0007,0.0105,-0.0098,2.5
5.565,0.0052,0.0015,0.0067,-0.0098,2.5
5.566,0.0082,0.0007,0.0052,-0.003,2.5
5.567,0.0067,-0.0008,0.0052,-0.0068,2.5
5.568,0.0015,-0.0023,0.0015,-0.0173,2.5
5.569,0.0015,-0.003,0.0007,-0.021,2.5
5.57,0.0045,-0.0023,-0.0015,-0.0105,2.5
5.571,0.0067,-0.0015,-0.0008,-0.0015,2.5
5.572,0.003,0.0007,-0.0008,-0.0038,2.5
5.573,-0.003,0.0,-0.0008,-0.003,2.6
5.574,-0.003,0.0,0.003,-0.0046,2.6
5.575,-0.0015,0.0007,0.0037,-0.0015,2.6
5.576,-0.0015,0.003,0.0045,0.006,2.6
5.577,-0.0008,0.0045,0.0045,0.012,2.6
5.578,-0.0015,0.006,0.0052,0.012,2.6
5.579,-0.0008,0.0045,0.0045,0.0082,2.6
5.58,-0.0008,0.0,0.0037,0.0082,2.6
5.581,-0.0015,0.0007,0.003,0.0105,2.6
5.582,-0.0053,0.0,0.003,0.0127,2.6
5.583,-0.0091,-0.0046,0.0037,0.0105,2.7
5.584,-0.0053,-0.0053,-0.0008,0.0045,2.7
5.585,-0.0038,-0.0038,-0.0023,0.0015,2.7
5.586,0.0015,-0.0038,-0.003,-0.0023,2.8
5.587,0.0052,-0.003,-0.0038,-0.003,2.8
5.588,0.0037,0.0,0.003,-0.0023,2.8
5.589,0.0045,0.0007,0.0127,-0.0046,2.9
5.59,0.0045,0.0,0.0187,-0.003,2.9
5.591,0.003,-0.0015,0.0135,-0.0015,2.9
5.592,0.0052,0.0,0.0075,-0.0008,3.0
5.593,0.0157,-0.0008,0.0007,-0.0015,3.0
5.594,0.018,-0.0046,-0.0053,-0.0008,3.0
5.595,0.0097,-0.0015,-0.003,-0.0015,3.1
5.596,0.0075,0.003,0.0052,-0.0015,3.1
5.597,0.0075,0.003,0.012,-0.0023,3.1
5.598,0.0015,0.0015,0.0082,-0.0038,3.1
5.599,-0.0083,0.0015,0.003,-0.0038,3.1
5.6,-0.0113,-0.0008,0.0007,-0.0046,3.2
5.601,-0.015,-0.0023,0.0007,-0.0046,3.2
5.602,-0.021,-0.0046,-0.0008,-0.0046,3.2
5.603,-0.021,-0.0046,-0.0015,-0.0038,3.2
5.604,-0.0188,-0.0046,-0.0023,-0.003,3.2
5.605,-0.0075,-0.0015,-0.0046,-0.003,3.2
5.606,0.003,0.0007,-0.0083,-0.003,3.2
5.607,0.0037,-0.0008,-0.0083,-0.0015,3.2
5.608,0.006,0.0015,-0.0075,-0.0015,3.2
5.609,0.0045,-0.0008,-0.0083,-0.0015,3.2
5.61,0.0015,-0.0015,-0.0075,0.0,3.2
5.611,-0.0008,-0.0015,-0.0046,0.0,3.2
5.612,-0.0008,-0.003,-0.003,-0.0015,3.2
5.613,0.0015,-0.0046,-0.0023,-0.0038,3.2
5.614,0.0015,-0.0046,0.0,-0.0023,3.2
5.615,0.0015,-0.0008,0.0007,-0.0008,3.2
5.616,-0.0008,0.0052,0.003,-0.0015,3.2
5.617,-0.0008,0.0082,0.003,-0.0046,3.2
5.618,-0.0008,0.0037,0.006,-0.0098,3.2
5.619,-0.003,-0.0008,0.006,-0.0128,3.2
5.62,-0.0008,0.0,0.0067,-0.015,3.2
5.621,0.0007,-0.0008,0.0082,-0.0128,3.2
5.622,0.0007,-0.0023,0.0052,-0.0098,3.2
5.623,0.0007,-0.0008,0.003,-0.0083,3.2
5.624,0.0007,-0.0008,0.0,-0.0008,3.2
5.625,0.0007,0.0015,0.0007,0.0172,3.1
5.626,0.0007,0.0015,0.0007,0.0345,3.1
5.627,0.0007,-0.0008,-0.0015,0.0292,3.1
5.628,0.0,0.0007,0.0007,0.0247,3.1
5.629,-0.0008,-0.0015,0.0022,0.0157,3.1
5.63,-0.0015,-0.0053,0.0015,-0.0046,3.1
5.631,0.0015,-0.006,0.003,0.0015,3.1
5.632,0.0015,-0.003,0.003,-0.0105,3.1
5.633,0.0015,-0.0046,0.0007,-0.0195,3.1
5.634,0.0007,-0.0083,-0.0015,-0.0181,3.1
5.635,-0.0008,-0.0098,-0.0046,-0.0188,3.0
5.636,-0.0015,-0.0113,-0.0046,-0.012,3.0
5.637,-0.0015,-0.0068,-0.0046,-0.0181,3.0
5.638,-0.003,-0.0046,-0.003,-0.0135,3.0
5.639,-0.003,-0.0023,-0.0015,-0.0038,3.0
5.64,-0.0023,0.0015,-0.003,0.009,2.9
5.641,-0.0015,0.0007,-0.0038,0.0112,2.9
5.642,-0.0015,0.0015,-0.0053,0.0052,2.9
5.643,-0.0008,0.0037,-0.0053,0.0052,2.9
5.644,0.0007,0.003,-0.006,0.0007,2.9
5.645,-0.0008,0.003,-0.006,-0.0008,2.9
5.646,-0.0008,0.003,-0.0023,-0.0015,2.9
5.647,0.0007,0.003,0.003,-0.0008,2.9
5.648,0.0015,0.003,0.0075,-0.0015,2.9
5.649,0.0045,0.0045,0.0097,-0.0015,2.8
5.65,0.0045,0.003,0.009,-0.0008,2.8
5.651,0.003,0.003,0.0082,0.0,2.8
5.652,0.0022,0.003,0.0067,0.0015,2.8
5.653,0.0007,0.0015,0.0045,0.0045,2.8
5.654,0.0015,0.0007,0.003,0.009,2.8
5.655,0.0007,0.0007,0.0015,0.0075,2.7
5.656,0.0,0.0007,0.0,0.0067,2.7
5.657,-0.0023,0.0007,-0.0008,0.0075,2.7
5.658,-0.0046,0.0015,-0.0008,0.0067,2.7
5.659,-0.0023,0.0,-0.0008,0.0037,2.7
5.66,-0.0023,-0.0015,-0.0008,-0.0023,2.6
5.661,-0.003,-0.0023,-0.0015,-0.0068,2.6
5.662,-0.0015,-0.003,-0.003,-0.0135,2.6
5.663,-0.0008,-0.0046,-0.0015,-0.024,2.6
5.664,0.0007,-0.0046,-0.0008,-0.03,2.6
5.665,-0.0008,-0.003,-0.0015,-0.0188,2.6
5.666,-0.0023,-0.0015,0.0,-0.0053,2.6
5.667,-0.0015,0.0,-0.0008,-0.0008,2.6
5.668,-0.0023,0.0007,-0.003,0.0015,2.6
5.669,-0.0023,0.0007,-0.003,-0.0008,2.6
5.67,-0.003,-0.0015,-0.0023,-0.003,2.6
5.671,-0.0038,-0.003,-0.003,-0.0008,2.6
5.672,-0.0038,-0.0008,-0.003,0.0067,2.6
5.673,-0.0046,0.0,0.0007,0.0082,2.6
5.674,-0.003,-0.0008,0.0,0.0105,2.6
5.675,-0.0023,-0.0015,-0.0023,0.0075,2.6
5.676,-0.0015,-0.0038,-0.0046,-0.006,2.6
5.677,-0.003,-0.0023,-0.0046,-0.0128,2.6
5.678,-0.0023,-0.003,-0.0038,-0.0181,2.6
5.679,-0.0015,-0.0023,-0.0023,-0.0165,2.6
5.68,-0.0015,0.0,-0.0008,-0.0053,2.6
5.681,-0.0015,-0.0015,-0.0008,0.0,2.6
5.682,-0.0008,-0.0023,-0.0008,-0.0015,2.7
5.683,0.0,-0.0023,0.0007,-0.0015,2.7
5.684,0.0007,-0.0023,0.0007,-0.0008,2.7
5.685,0.0015,0.0007,-0.0008,0.0,2.7
5.686,0.0007,0.0,0.0007,0.0015,2.7
5.687,0.0007,0.0007,0.0015,0.0015,2.7
5.688,0.0007,0.0007,0.0015,0.0007,2.7
5.689,0.0015,-0.0008,0.0007,0.0007,2.8
5.69,0.0015,0.0,0.0007,0.0007,2.8
5.691,0.0007,0.0,0.0007,-0.0015,2.8
5.692,0.0015,-0.0008,0.0045,-0.0023,2.8
5.693,0.003,0.0,0.0052,-0.0008,2.8
5.694,0.0015,-0.0008,0.0037,0.003,2.8
5.695,-0.0008,0.0007,0.0052,0.0127,2.9
5.696,0.0007,0.0022,0.0045,0.0217,2.9
5.697,0.0015,0.0015,0.003,0.0195,2.9
5.698,0.0015,0.0007,0.0037,0.0157,2.9
5.699,0.0037,0.0,0.0045,0.015,2.9
5.7,0.003,0.0007,0.0045,0.0082,2.9
5.701,0.0022,0.0,0.0052,0.003,2.9
5.702,0.0015,-0.003,0.0037,-0.0053,2.9
5.703,0.0015,-0.0023,0.0037,-0.0173,2.9
5.704,0.0,-0.003,0.0037,-0.0308,2.9
5.705,0.0,-0.0053,0.0045,-0.0353,3.0
5.706,0.0007,-0.0038,0.0067,-0.0218,3.0
5.707,0.0,-0.0015,0.0045,-0.0143,3.0
5.708,-0.0008,-0.0015,0.0022,-0.0128,3.0
5.709,-0.0008,-0.0015,0.003,-0.0046,3.0
5.71,0.0015,0.0015,0.0037,0.0007,3.0
5.711,0.0007,0.0007,0.0052,0.003,3.0
5.712,0.0015,0.0007,0.0045,0.003,3.0
5.713,0.0007,0.0015,0.0037,0.0015,3.0
5.714,-0.0015,-0.0008,0.0015,0.003,3.0
5.715,0.0007,0.0007,0.0015,0.003,3.0
5.716,0.0007,-0.0008,-0.0008,0.0045,3.0
5.717,0.0,-0.0008,-0.0008,0.0037,3.0
5.718,0.0007,0.0007,0.0,0.003,3.0
5.719,-0.0015,0.0,0.0007,0.0037,3.0
5.72,-0.0015,-0.0015,0.003,0.0015,3.0
5.721,-0.003,-0.0015,0.0022,0.0007,3.0
5.722,-0.0023,-0.0015,0.003,0.0007,3.0
5.723,-0.003,-0.0015,0.0015,0.0007,3.0
5.724,-0.0023,0.0,0.0007,0.0,3.1
5.725,-0.0023,0.0007,0.0007,0.0007,3.1
5.726,-0.0015,-0.0008,0.0,0.0007,3.1
5.727,-0.0008,-0.0008,0.0007,0.0015,3.1
5.728,-0.0008,0.0007,0.0007,0.0007,3.1
5.729,0.0,0.0007,0.0,-0.0008,3.1
5.73,0.0015,0.0007,-0.0008,0.0,3.1
5.731,0.0007,-0.0008,0.0007,-0.0015,3.1
5.732,0.0007,-0.0008,0.0022,-0.0015,3.1
5.733,0.0007,-0.0008,0.0015,-0.0015,3.1
5.734,-0.0015,0.0,0.0022,-0.0008,3.1
5.735,-0.0008,0.0,0.0,0.0,3.1
5.736,-0.0008,-0.0008,0.0015,-0.003,3.1
5.737,-0.0015,-0.0008,0.0,-0.0015,3.1
5.738,-0.0015,-0.0023,0.0007,-0.0015,3.1
5.739,-0.0008,-0.0008,0.003,-0.0015,3.1
5.74,0.0,-0.0015,0.0015,-0.0023,3.1
5.741,0.0007,-0.0008,0.0045,-0.003,3.1
5.742,-0.0015,-0.0008,0.0015,-0.0023,3.1
5.743,-0.0015,-0.0015,0.0022,-0.0023,3.1
5.744,0.0007,-0.0023,0.0045,-0.0015,3.1
5.745,0.0007,-0.003,0.003,-0.0023,3.1
5.746,-0.0008,-0.0023,0.0037,-0.003,3.1
5.747,-0.0008,-0.0015,0.0037,-0.003,3.1
5.748,0.0007,-0.0008,0.0045,-0.0023,3.1
5.749,0.0007,-0.0008,0.003,-0.0008,3.1
5.75,0.0,-0.0008,0.0045,-0.0015,3.2
5.751,0.0,-0.0015,0.0022,-0.0015,3.2
5.752,-0.0008,-0.0008,0.0007,-0.0015,3.2
5.753,-0.0015,-0.0008,-0.0008,-0.0015,3.2
5.754,0.0,-0.0015,-0.0015,-0.0008,3.2
5.755,0.0007,-0.0008,0.0,-0.0008,3.2
5.756,0.003,0.0,0.0,-0.0008,3.2
5.757,0.0022,-0.0008,-0.0023,-0.0015,3.2
5.758,0.0007,-0.0008,-0.003,-0.0008,3.2
5.759,0.0,0.0007,-0.0038,-0.0008,3.2
5.76,-0.0015,0.0007,-0.0038,-0.0008,3.2
5.761,-0.0008,-0.0008,-0.0015,-0.0008,3.2
5.762,0.0,-0.0015,-0.0015,-0.0023,3.2
5.763,0.0007,-0.0008,0.0007,-0.003,3.2
5.764,0.0007,0.0015,0.003,-0.003,3.2
5.765,0.0015,0.0,-0.0015,-0.003,3.2
5.766,0.0015,0.0,0.0,-0.003,3.2
5.767,0.003,0.0007,0.0015,-0.0008,3.2
5.768,0.0015,-0.0015,0.0022,-0.0008,3.2
5.769,-0.0008,-0.0008,0.003,-0.0015,3.2
5.77,-0.0008,-0.0015,0.003,0.0007,3.2
5.771,-0.0008,-0.0008,0.0037,0.0007,3.2
5.772,0.0007,-0.0008,0.0022,0.0,3.2
5.773,0.0007,-0.0008,0.003,0.0015,3.2
5.774,0.0007,-0.003,0.0052,0.0015,3.2
5.775,0.0,-0.0015,0.003,-0.0008,3.2
5.776,0.0007,0.0015,0.0037,0.0007,3.2
5.777,0.0,0.0,0.0052,0.003,3.2
5.778,-0.0008,0.0015,0.0052,0.0007,3.2
5.779,0.0007,-0.0023,0.0067,-0.0053,3.2
5.78,0.0007,-0.003,0.0052,-0.012,3.2
5.781,0.0,-0.0038,0.0052,-0.0105,3.2
5.782,0.0007,-0.0046,0.0045,-0.0053,3.2
5.783,0.0,-0.003,0.0045,-0.0038,3.2
5.784,0.0007,-0.0008,0.006,-0.0046,3.2
5.785,0.0015,0.0,0.0045,-0.0046,3.2
5.786,0.0007,-0.0008,0.0015,-0.0015,3.2
5.787,0.0015,0.0015,0.0022,-0.003,3.2
5.788,0.0015,0.0,0.003,-0.006,3.2
5.789,0.0007,-0.0008,0.003,-0.0083,3.2
5.79,0.0007,-0.0008,0.0,-0.0083,3.3
5.791,-0.0008,-0.0008,0.0007,-0.0038,3.3
5.792,-0.0008,0.0007,0.0007,0.0007,3.3
5.793,-0.0015,-0.0008,-0.0015,0.0052,3.3
5.794,-0.0015,0.0007,-0.0008,0.0082,3.3
5.795,-0.0008,-0.0008,0.0,0.0037,3.3
5.796,-0.0015,-0.0008,-0.0008,0.0015,3.3
5.797,-0.0008,-0.0046,-0.0008,0.0052,3.3
5.798,-0.0008,-0.003,-0.0015,0.0067,3.3
5.799,0.0007,-0.0015,-0.0015,0.0037,3.3
5.8,0.0015,-0.0015,-0.0008,0.0015,3.3
5.801,0.0007,-0.0015,-0.0015,0.0007,3.3
5.802,0.0007,-0.0015,-0.0008,0.0,3.3
5.803,0.0,-0.0008,-0.0015,-0.0008,3.3
5.804,-0.0008,-0.0008,-0.003,-0.0015,3.2
5.805,-0.0038,0.0007,-0.0023,-0.003,3.2
5.806,-0.003,0.0015,-0.0053,-0.0046,3.2
5.807,-0.0015,-0.0008,-0.0068,-0.003,3.2
5.808,-0.0023,-0.0008,-0.0083,-0.0038,3.2
5.809,-0.0023,0.0,-0.012,-0.0046,3.1
5.81,-0.0053,0.0,-0.0068,-0.0038,3.1
5.811,-0.0038,-0.0015,-0.0038,-0.0015,3.1
5.812,-0.003,-0.0015,-0.0015,-0.0015,3.1
5.813,-0.0015,-0.0008,0.0007,-0.0015,3.1
5.814,0.003,-0.0008,0.0022,-0.0015,3.1
5.815,0.003,0.0,0.006,-0.0023,3.1
5.816,0.0022,-0.0008,0.0052,-0.0008,3.1
5.817,0.0015,-0.0008,0.0052,-0.0008,3.0
5.818,0.0015,-0.0008,0.003,-0.0015,3.0
5.819,0.0015,-0.0008,0.003,-0.003,3.0
5.82,0.0015,0.0,0.006,-0.0015,2.9
5.821,0.0015,-0.0008,0.0045,0.0,2.9
5.822,0.0007,-0.0008,0.0045,-0.0008,2.9
5.823,0.0015,-0.0015,0.003,-0.0008,2.9
5.824,0.0,-0.0008,0.0045,0.0022,2.9
5.825,-0.0008,0.0007,0.003,0.0045,2.8
5.826,-0.0015,0.0007,0.0,0.0037,2.8
5.827,-0.0015,0.0015,-0.0015,0.0052,2.8
5.828,-0.0015,0.0022,-0.0023,0.0045,2.8
5.829,-0.0008,0.0,0.0007,0.0007,2.7
5.83,0.0,0.0,0.0045,-0.0083,2.7
5.831,0.0,0.0,0.0082,-0.0128,2.7
5.832,0.0015,0.0015,0.0082,-0.0068,2.6
5.833,0.0015,0.0015,0.0097,-0.003,2.6
5.834,0.0037,0.0015,0.0082,-0.003,2.6
5.835,0.0022,0.0015,0.0067,-0.0015,2.6
5.836,0.0007,-0.0015,0.0075,0.0,2.6
5.837,0.0007,-0.0008,0.0052,-0.0015,2.6
5.838,0.0007,-0.0023,0.003,0.0,2.5
5.839,0.0007,-0.0053,0.003,0.0037,2.5
5.84,0.0007,-0.0046,0.003,0.003,2.4
5.841,0.0,-0.0038,0.0007,-0.0015,2.4
5.842,-0.0008,-0.003,-0.0038,-0.003,2.4
5.843,-0.0015,-0.003,-0.0053,0.0007,2.4
5.844,-0.0038,-0.0023,-0.0038,0.003,2.4
5.845,-0.0015,-0.0008,-0.003,0.009,2.4
5.846,-0.0015,0.0007,-0.0008,0.0112,2.4
5.847,-0.0008,0.0007,0.0,0.0097,2.4
5.848,0.0007,0.003,0.003,0.009,2.3
5.849,-0.0008,0.0052,0.003,0.0082,2.3
5.85,0.0007,0.0067,0.0045,0.0,2.3
5.851,0.0015,0.006,0.006,-0.015,2.3
5.852,0.003,0.0015,0.0037,-0.0218,2.3
5.853,0.003,-0.0023,0.0022,-0.0225,2.2
5.854,0.0015,-0.0046,0.0037,-0.0165,2.2
5.855,0.0007,-0.0083,0.0015,-0.012,2.2
5.856,-0.0008,-0.0083,0.0015,0.0022,2.2
5.857,-0.0015,-0.0083,0.0015,0.0217,2.2
5.858,-0.0015,-0.0091,-0.0008,0.0127,2.2
5.859,-0.0023,-0.0068,-0.0008,-0.0015,2.2
5.86,-0.0015,-0.003,0.0,-0.0053,2.1
5.861,0.0015,-0.0015,-0.0008,-0.012,2.1
5.862,0.0082,-0.003,0.0,-0.0105,2.1
5.863,0.012,-0.0015,0.0,-0.0128,2.1
5.864,0.0105,-0.0008,0.0022,-0.0098,2.1
5.865,0.006,0.0015,0.0037,-0.003,2.0
5.866,0.0007,0.0,0.0045,-0.0015,2.0
5.867,-0.0046,0.0007,0.0045,0.0015,2.0
5.868,-0.0083,0.0045,0.0015,0.0052,2.0
5.869,-0.012,0.006,0.0015,0.012,1.9
5.87,-0.0158,0.0075,0.0007,0.0105,1.9
5.871,-0.0158,0.0052,-0.0038,0.0052,1.9
5.872,-0.0105,0.0015,-0.0046,-0.0098,1.8
5.873,-0.0143,0.0022,-0.0046,-0.0218,1.8
5.874,-0.015,0.003,-0.0015,-0.0083,1.8
5.875,-0.0091,-0.0015,-0.0053,0.003,1.8
5.876,-0.0038,-0.0053,-0.0091,0.0007,1.8
5.877,0.0015,-0.0068,-0.0105,-0.0038,1.8
5.878,0.003,-0.0083,-0.0113,-0.012,1.7
5.879,0.0052,-0.0053,-0.0038,-0.0083,1.7
5.88,0.012,-0.0015,0.003,-0.006,1.6
5.881,0.0157,-0.0015,0.009,-0.0091,1.6
5.882,0.0157,-0.0008,0.012,-0.0053,1.5
5.883,0.0142,0.0015,0.0112,0.003,1.4
5.884,0.0105,0.0,0.0105,0.0082,1.4
5.885,0.0067,0.0022,0.0097,0.0052,1.3
5.886,0.0045,0.0045,0.009,0.0052,1.2
5.887,0.0045,0.009,0.009,0.003,1.2
5.888,0.003,0.0075,0.0067,-0.0008,1.1
5.889,0.0,0.003,0.0052,0.0007,1.0
5.89,-0.003,0.006,0.0037,0.0015,0.9
5.891,-0.0015,0.0037,0.0007,0.0052,0.9
5.892,-0.0038,0.0022,0.0007,0.0105,0.8
5.893,-0.0053,0.0007,-0.0008,0.0202,0.7
5.894,-0.0038,-0.0075,0.0045,0.0285,0.7
5.895,0.0,-0.0098,0.012,0.0135,0.6
5.896,-0.0008,-0.0091,0.0195,-0.003,0.5
5.897,-0.0083,-0.0053,0.0255,-0.0015,0.4
5.898,-0.0091,-0.0015,0.0255,-0.0083,0.4
5.899,-0.003,-0.003,0.0195,-0.0135,0.3
5.9,-0.0008,-0.003,0.0127,-0.0135,0.2
5.901,0.0067,0.0007,0.0067,-0.0225,0.1
5.902,0.009,0.0052,0.0,-0.0293,0.1
5.903,0.0097,0.009,-0.0038,-0.024,0.0
5.904,0.0112,0.0097,-0.0053,-0.0158,-0.1
5.905,0.009,0.012,-0.0053,-0.0068,-0.2
5.906,0.0082,0.0142,-0.0038,0.0075,-0.2
5.907,0.009,0.0127,-0.0046,0.0195,-0.3
5.908,0.009,0.0,-0.003,0.0457,-0.4
5.909,0.0067,-0.0165,-0.003,0.0697,-0.5
5.91,0.0037,-0.0203,-0.003,0.0532,-0.5
5.911,-0.0038,-0.0165,-0.0023,-0.0053,-0.6
5.912,-0.0091,-0.0181,-0.0015,-0.063,-0.7
5.913,-0.0083,-0.027,0.0,-0.0645,-0.8
5.914,-0.006,-0.0256,0.0007,-0.0256,-0.9
5.915,0.0015,-0.027,0.003,-0.0023,-0.9
5.916,0.009,-0.024,0.0045,-0.003,-1.0
5.917,0.0067,-0.0068,0.003,-0.0053,-1.1
5.918,0.0015,-0.003,0.003,-0.0068,-1.2
5.919,-0.0008,-0.0091,0.003,0.0022,-1.2
5.92,-0.0068,0.0037,0.0015,0.0195,-1.4
5.921,-0.012,0.0195,-0.0008,0.0172,-1.4
5.922,-0.0135,0.024,-0.0015,-0.0015,-1.5
5.923,-0.0143,0.0292,-0.0023,0.003,-1.6
5.924,-0.0083,0.0337,0.0,0.027,-1.7
5.925,-0.0015,0.0427,0.003,0.0322,-1.8
5.926,-0.006,0.0345,0.0015,0.0157,-1.8
5.927,-0.0143,0.0052,0.0007,-0.0015,-1.9
5.928,-0.015,-0.0105,-0.0015,-0.0263,-2.0
5.929,-0.0091,-0.027,-0.0008,-0.0683,-2.1
5.93,-0.0046,-0.0361,-0.0015,-0.0706,-2.2
5.931,-0.0008,-0.03,-0.003,-0.0555,-2.3
5.932,0.0015,-0.0346,-0.0008,-0.0668,-2.3
5.933,0.0045,-0.0488,-0.0015,-0.0495,-2.4
5.934,0.0067,-0.0503,0.0007,-0.0046,-2.5
5.935,0.006,-0.0465,-0.0023,0.0592,-2.6
5.936,0.0022,-0.0405,-0.0046,0.0952,-2.7
5.937,0.0,-0.024,-0.0068,0.072,-2.8
5.938,0.0,0.018,-0.0091,0.0405,-2.9
5.939,-0.0015,0.024,-0.0068,-0.0068,-3.0
5.94,-0.0008,-0.0158,-0.0068,-0.0098,-3.1
5.941,0.0007,0.0255,-0.0038,0.0135,-3.2
5.942,0.0015,0.048,0.0,0.0352,-3.3
5.943,0.0015,0.0067,0.0007,0.0255,-3.5
5.944,0.0007,0.042,0.0,-0.0091,-3.6
5.945,0.0015,0.1237,-0.0008,0.018,-3.7
5.946,0.0,0.1215,-0.0008,0.003,-3.9
5.947,-0.0008,0.0517,0.0,-0.0105,-4.0
5.948,0.0015,0.057,0.0007,-0.0098,-4.1
5.949,0.0022,0.0495,-0.0046,-0.024,-4.3
5.95,0.0015,0.0067,-0.0053,-0.0105,-4.5
5.951,0.0015,-0.003,-0.0046,-0.015,-4.6
5.952,-0.0008,-0.0195,-0.0068,-0.0135,-4.7
5.953,-0.0008,-0.0353,-0.0083,-0.015,-4.9
5.954,-0.0023,-0.0458,-0.0128,-0.0083,-5.0
5.955,-0.0046,-0.0368,-0.012,-0.0075,-5.1
5.956,-0.0023,-0.0315,-0.012,-0.0105,-5.3
5.957,-0.0046,-0.0256,-0.0128,-0.0128,-5.4
5.958,-0.0053,-0.0091,-0.0128,-0.0105,-5.5
5.959,-0.0053,0.0007,-0.0143,-0.0015,-5.7
5.96,-0.0091,-0.0015,-0.0158,-0.024,-5.9
5.961,-0.0091,0.0007,-0.0195,-0.0346,-6.0
5.962,-0.0068,0.0157,-0.0165,-0.0368,-6.2
5.963,-0.0068,-0.021,-0.0128,-0.0405,-6.4
5.964,-0.0046,-0.0413,-0.0068,-0.0105,-6.7
5.965,-0.0023,-0.0278,-0.0046,0.0045,-6.8
5.966,-0.0008,-0.039,-0.0046,-0.0053,-7.1
5.967,-0.0008,-0.0195,0.0007,-0.0015,-7.3
5.968,0.0007,-0.0053,0.003,0.0037,-7.5
5.969,0.0015,0.0082,0.0015,0.018,-7.7
5.97,0.0007,0.0502,0.0052,0.039,-7.9
5.971,0.0015,0.072,0.0037,0.048,-8.1
5.972,0.0007,0.0225,0.0007,0.0255,-8.3
5.973,-0.0023,-0.0173,-0.0046,-0.0098,-8.5
5.974,-0.0046,-0.0143,-0.0075,-0.0233,-8.7
5.975,-0.003,-0.0361,-0.0008,0.0082,-9.0
5.976,-0.0008,-0.0278,0.0022,0.042,-9.1
5.977,0.0,-0.0293,0.0045,0.045,-9.4
5.978,0.0015,-0.0256,0.012,0.033,-9.6
5.979,0.003,-0.0083,0.0097,0.018,-9.8
5.98,0.003,-0.0128,0.009,0.012,-10.0
5.981,0.0045,-0.0038,0.0135,-0.0075,-10.3
5.982,0.0082,-0.0105,0.0292,-0.0188,-10.5
5.983,0.015,-0.0158,0.0397,-0.0195,-10.8
5.984,0.0172,-0.0181,0.0405,-0.0038,-11.1
5.985,0.0187,-0.012,0.0442,0.012,-11.4
5.986,0.021,-0.0015,0.039,0.0015,-11.7
5.987,0.0172,-0.0075,0.033,-0.0181,-11.9
5.988,0.0142,-0.0218,0.0285,-0.042,-12.2
5.989,0.012,-0.0233,0.0255,-0.0503,-12.5
5.99,0.0105,0.012,0.024,-0.0495,-12.7
5.991,0.0082,0.0465,0.0202,-0.057,-13.0
5.992,0.0067,0.036,0.0157,-0.0615,-13.3
5.993,0.006,-0.0068,0.012,-0.0361,-13.5
5.994,0.0037,-0.0083,0.012,0.0232,-13.8
5.995,0.0037,0.0345,0.0097,0.0967,-14.1
5.996,0.0022,0.0637,0.0052,0.1005,-14.4
5.997,-0.0008,0.0067,0.003,0.033,-14.7
5.998,-0.0015,-0.0233,-0.0008,-0.0046,-14.9
5.999,-0.0023,0.0037,0.0007,-0.0135,-15.2
6.0,-0.0023,-0.0075,-0.0015,-0.0075,-15.5
6.001,-0.0008,0.0075,-0.0023,-0.0015,-15.8
6.002,0.0,-0.003,-0.0038,-0.0068,-16.1
6.003,0.0,-0.0158,-0.0075,0.0007,-16.4
6.004,0.0,-0.0293,-0.0075,0.0112,-16.7
6.005,-0.003,-0.0465,-0.0083,0.0202,-17.1
6.006,-0.0053,-0.0458,-0.0091,0.0007,-17.4
6.007,-0.006,-0.0443,-0.0105,-0.0233,-17.7
6.008,-0.0068,-0.0285,-0.0091,-0.0083,-18.0
6.009,-0.0083,0.018,-0.012,0.0165,-18.3
6.01,-0.0098,0.099,-0.0165,0.0142,-18.6
6.011,-0.012,0.072,-0.0181,-0.0113,-18.9
6.012,-0.0105,0.0232,-0.0195,-0.0135,-19.3
6.013,-0.0083,0.018,-0.0173,-0.0143,-19.6
6.014,-0.0083,-0.0046,-0.015,-0.0113,-19.9
6.015,-0.0083,0.0037,-0.0143,-0.0053,-20.2
6.016,-0.0091,-0.0015,-0.012,-0.0083,-20.5
6.017,-0.0083,0.0007,-0.012,-0.0053,-20.8
6.018,-0.0068,-0.0015,-0.0135,-0.0105,-21.2
6.019,-0.0068,-0.0098,-0.0158,-0.0098,-21.5
6.02,-0.0053,-0.0083,-0.0128,-0.0046,-21.8
6.021,-0.0053,-0.0105,-0.012,0.0015,-22.1
6.022,-0.0046,-0.0046,-0.0135,0.0075,-22.5
6.023,-0.0046,-0.0053,-0.0128,0.0097,-22.8
6.024,-0.0038,-0.0046,-0.0143,0.0067,-23.2
6.025,-0.0053,-0.006,-0.0113,0.0082,-23.5
6.026,-0.0075,0.0082,-0.0105,0.0172,-23.9
6.027,-0.0083,0.0172,-0.0098,0.0045,-24.2
6.028,-0.0068,-0.0053,-0.0091,-0.0218,-24.5
6.029,-0.006,-0.0105,-0.0083,-0.0315,-24.9
6.03,-0.0046,-0.006,-0.003,-0.027,-25.2
6.031,-0.0023,-0.0091,0.0,-0.0128,-25.6
6.032,-0.0015,-0.0053,0.003,-0.0015,-25.9
6.033,0.0007,-0.0046,0.0082,-0.003,-26.2
6.034,0.0015,-0.0015,0.009,-0.0015,-26.6
6.035,0.003,-0.0008,0.0082,0.0015,-27.0
6.036,0.0052,-0.0015,0.0112,0.0022,-27.3
6.037,0.0037,-0.0015,0.012,0.0015,-27.6
6.038,0.0052,-0.0046,0.012,-0.0015,-28.0
6.039,0.0052,-0.0008,0.0082,0.0007,-28.3
6.04,0.0045,-0.0015,0.0075,0.0007,-28.7
6.041,0.003,0.0,0.0067,0.0007,-29.1
6.042,0.0015,0.003,0.0037,-0.0008,-29.5
6.043,0.0015,0.0015,0.0045,0.0,-29.8
6.044,0.0007,0.0015,0.0015,0.0,-30.2
6.045,-0.0008,-0.0008,0.0022,0.0007,-30.6
6.046,-0.0008,-0.0015,0.0045,0.0015,-31.1
6.047,0.0,-0.0015,0.0045,0.0067,-31.4
6.048,0.0015,-0.0008,0.0082,0.0105,-31.8
6.049,0.0015,0.0015,0.0067,0.0075,-32.2
6.05,0.0022,0.003,0.0097,0.0015,-32.6
6.051,0.003,0.0022,0.0127,-0.0053,-33.0
6.052,0.0022,0.0015,0.0135,-0.0068,-33.4
6.053,0.0015,0.0015,0.0135,-0.0008,-33.8
6.054,0.0037,-0.003,0.012,0.0105,-34.2
6.055,0.0045,-0.0046,0.0105,0.0052,-34.6
6.056,0.0052,-0.0046,0.0082,-0.0046,-35.0
6.057,0.0045,-0.0068,0.0067,0.0015,-35.4
6.058,0.0037,-0.0091,0.003,-0.0008,-35.7
6.059,0.0015,-0.012,0.0,-0.0053,-36.1
6.06,0.0007,-0.0083,0.0007,-0.012,-36.6
6.061,0.0022,-0.0008,0.0007,-0.0128,-36.9
6.062,0.0015,0.0045,0.0007,-0.0105,-37.2
6.063,0.0015,0.0067,0.0015,-0.012,-37.6
6.064,0.0015,0.0045,0.0007,-0.003,-37.9
6.065,0.0022,0.0052,0.0,0.0037,-38.3
6.066,0.0015,0.003,-0.0008,0.006,-38.6
6.067,0.0007,0.0007,-0.0008,0.012,-39.0
6.068,0.0007,-0.0053,0.0,0.0067,-39.3
6.069,-0.0008,-0.0128,-0.0008,0.0007,-39.6
6.07,0.0007,-0.0068,-0.0015,-0.0105,-40.0
6.071,0.0007,-0.006,-0.0008,-0.0188,-40.3
6.072,-0.0008,-0.0008,-0.0015,-0.0158,-40.7
6.073,-0.0015,0.0037,0.0,-0.0128,-41.0
6.074,-0.0008,-0.0068,0.0022,-0.0053,-41.4
6.075,0.0007,-0.0068,0.0045,0.0015,-41.7
6.076,0.0,-0.0083,0.0045,0.0067,-42.0
6.077,0.0007,-0.0105,0.0052,0.009,-42.4
6.078,0.003,-0.0135,0.0067,0.0082,-42.8
6.079,0.003,-0.0046,0.0105,0.015,-43.1
6.08,0.006,0.036,0.0112,0.0367,-43.5
6.081,0.0067,0.0457,0.0127,0.048,-43.6
6.082,0.006,0.0195,0.0165,0.027,-43.8
6.083,0.006,0.0217,0.0165,0.006,-44.0
6.084,0.003,0.0135,0.0142,-0.0195,-44.2
6.085,0.003,0.0022,0.0135,-0.033,-44.4
6.086,0.0037,0.0022,0.0127,-0.0218,-44.6
6.087,0.0045,-0.012,0.012,-0.0233,-44.8
6.088,0.003,-0.0165,0.012,-0.0315,-45.0
6.089,0.0015,-0.0105,0.0112,-0.024,-45.2
6.09,0.0037,-0.0053,0.012,-0.0068,-45.4
6.091,0.0022,-0.0046,0.012,0.0,-45.6
6.092,0.003,-0.0015,0.0075,0.003,-45.8
6.093,0.003,-0.003,0.0067,0.003,-46.0
6.094,0.0007,-0.003,0.009,0.003,-46.2
6.095,0.0007,-0.0046,0.0105,0.0007,-46.4
6.096,0.0015,-0.0015,0.0127,-0.0046,-46.6
6.097,0.003,0.0037,0.0127,-0.0083,-46.8
6.098,0.003,-0.0008,0.0112,-0.003,-46.9
6.099,0.0015,-0.0008,0.0082,0.003,-47.2
6.1,0.0022,-0.0015,0.0045,-0.0008,-47.4
6.101,-0.0015,-0.003,0.0007,0.0015,-47.5
6.102,-0.003,-0.003,-0.0008,0.0015,-47.7
6.103,-0.0023,-0.003,-0.003,0.0022,-47.9
6.104,-0.0023,0.0007,-0.003,0.0015,-48.1
6.105,-0.0008,-0.0008,-0.0068,0.0015,-48.3
6.106,-0.003,-0.0015,-0.0113,0.0015,-48.5
6.107,-0.0046,-0.0015,-0.012,0.0007,-48.6
6.108,-0.006,-0.0023,-0.0135,0.0015,-48.8
6.109,-0.0068,-0.0015,-0.0128,0.0,-49.0
6.11,-0.0083,-0.0008,-0.0143,0.0007,-49.2
6.111,-0.0083,-0.0008,-0.015,0.0015,-49.4
6.112,-0.006,-0.0023,-0.0165,-0.0008,-49.5
6.113,-0.006,-0.0023,-0.0173,-0.0008,-49.7
6.114,-0.0068,-0.0008,-0.015,-0.0046,-49.9
6.115,-0.0046,-0.0008,-0.015,-0.0113,-50.1
6.116,-0.0038,-0.0008,-0.0143,-0.0128,-50.3
6.117,-0.0053,-0.0015,-0.0158,-0.0068,-50.5
6.118,-0.0053,-0.0091,-0.015,0.0015,-50.7
6.119,-0.0046,-0.0143,-0.0128,0.006,-50.9
6.12,-0.0053,-0.0165,-0.0113,0.0105,-51.1
6.121,-0.0053,-0.0143,-0.0075,0.0187,-51.2
6.122,-0.0046,-0.0113,-0.0068,0.0225,-51.3
6.123,-0.0053,-0.0173,-0.003,0.0195,-51.5
6.124,-0.0023,-0.0046,0.0007,-0.0015,-51.7
6.125,0.0007,0.0277,-0.0015,-0.0105,-51.8
6.126,0.0015,0.033,-0.0015,-0.0083,-52.0
6.127,0.0037,0.0135,-0.0015,-0.0135,-52.2
6.128,0.0022,0.0045,-0.0008,-0.0091,-52.3
6.129,0.0007,0.012,-0.0008,-0.0113,-52.4
6.13,0.0007,0.009,0.0,0.003,-52.6
6.131,0.0,0.009,-0.0008,0.0172,-52.8
6.132,0.0007,0.0045,0.0022,-0.0015,-52.9
6.133,0.0022,-0.0091,0.0052,-0.0173,-53.1
6.134,0.0015,-0.0158,0.0075,-0.0443,-53.2
6.135,0.0007,-0.0248,0.0075,-0.0458,-53.4
6.136,0.0015,-0.0165,0.0067,-0.0233,-53.6
6.137,0.0022,0.0015,0.0082,-0.0068,-53.7
6.138,0.003,-0.0015,0.0067,0.0105,-53.9
6.139,0.0037,-0.0053,0.003,0.033,-54.0
6.14,0.003,0.003,0.0015,0.0525,-54.2
6.141,-0.0008,0.0105,0.0015,0.0532,-54.3
6.142,-0.0008,0.027,0.0022,0.039,-54.4
6.143,0.0007,0.0232,0.0015,0.009,-54.4
6.144,0.0007,-0.0015,0.0007,-0.0143,-54.5
6.145,0.0007,0.0,0.003,-0.012,-54.6
6.146,0.0015,-0.0038,0.0082,-0.0113,-54.7
6.147,0.003,-0.0068,0.0075,-0.0113,-54.8
6.148,0.0037,-0.0015,0.0082,-0.0075,-54.8
6.149,0.003,-0.006,0.0105,-0.0068,-54.9
6.15,0.003,-0.0015,0.0105,-0.0068,-55.0
6.151,0.0045,-0.0023,0.012,-0.0068,-55.1
6.152,0.0037,-0.0015,0.0112,-0.0008,-55.2
6.153,0.0022,-0.0015,0.0082,0.0037,-55.2
6.154,0.0015,-0.003,0.0067,0.0037,-55.3
6.155,-0.0008,-0.0008,0.0037,0.0015,-55.4
6.156,-0.0015,-0.003,0.0015,-0.0008,-55.5
6.157,0.0,-0.0008,0.0015,-0.0008,-55.6
6.158,-0.0008,-0.0015,-0.0015,-0.0008,-55.6
6.159,-0.0008,-0.0015,-0.003,-0.0068,-55.7
6.16,-0.0015,-0.0008,-0.0023,-0.0143,-55.8
6.161,-0.0015,-0.003,-0.0015,-0.0113,-55.8
6.162,-0.0023,-0.0075,-0.0015,-0.0083,-55.8
6.163,-0.003,-0.0091,-0.0023,-0.0046,-55.8
6.164,-0.0008,-0.0105,0.0,-0.0008,-55.9
6.165,0.0,-0.0158,0.0,-0.0083,-55.9
6.166,-0.0008,-0.0128,-0.0008,-0.0068,-55.9
6.167,-0.0008,-0.0091,-0.0008,-0.0046,-56.0
6.168,-0.0008,-0.0068,-0.0008,-0.0008,-56.0
6.169,0.0,-0.0008,0.0015,0.0022,-56.0
6.17,-0.0008,0.009,-0.0008,0.0015,-56.0
6.171,-0.003,0.024,-0.003,0.0007,-56.1
6.172,-0.003,0.027,-0.0008,-0.0091,-56.1
6.173,-0.003,0.0067,0.0,-0.0135,-56.1
6.174,-0.0023,0.0,0.0,-0.0113,-56.1
6.175,-0.0008,0.0015,0.0007,-0.0091,-56.2
6.176,-0.003,-0.0015,0.0015,-0.0046,-56.2
6.177,-0.0023,0.0,0.003,-0.003,-56.2
6.178,-0.0008,-0.0023,0.003,-0.0008,-56.2
6.179,-0.0015,-0.0015,0.003,-0.0015,-56.2
6.18,-0.0015,0.0007,0.003,0.0045,-56.3
6.181,-0.0015,0.003,0.0045,0.0127,-56.3
6.182,-0.0008,0.003,0.0015,0.0142,-56.3
6.183,-0.0015,0.0015,0.0,0.0105,-56.3
6.184,-0.0008,0.0007,0.0015,-0.0015,-56.3
6.185,-0.0015,-0.0015,0.0007,-0.006,-56.3
6.186,0.0,-0.0038,0.003,-0.0068,-56.3
6.187,-0.0008,-0.0083,0.006,-0.0143,-56.3
6.188,0.0022,-0.0105,0.0052,-0.0165,-56.3
6.189,0.003,-0.0158,0.0,0.0037,-56.3
6.19,-0.0008,-0.0068,-0.0015,0.0255,-56.3
6.191,-0.0008,0.0187,-0.0053,0.024,-56.3
6.192,-0.003,0.0225,-0.0091,0.018,-56.3
6.193,-0.0046,0.0052,-0.0091,0.0127,-56.3
6.194,-0.0046,-0.0046,-0.0113,0.0052,-56.3
6.195,-0.0046,-0.0128,-0.0091,-0.0046,-56.2
6.196,-0.0023,-0.024,-0.0075,-0.0105,-56.2
6.197,-0.0023,-0.0203,-0.0083,-0.0165,-56.2
6.198,-0.003,-0.012,-0.0046,-0.0181,-56.2
6.199,-0.003,-0.0075,-0.0008,-0.0188,-56.2
6.2,-0.0015,0.0052,0.0015,-0.0143,-56.2
6.201,0.0007,0.012,0.0007,-0.0075,-56.2
6.202,-0.0008,0.0052,-0.003,-0.0091,-56.1
6.203,-0.0008,0.0007,-0.0038,-0.003,-56.0
6.204,-0.0015,0.0,-0.0046,0.0015,-56.0
6.205,-0.003,-0.0015,-0.0053,0.0015,-55.9
6.206,-0.0015,-0.0015,-0.0053,-0.003,-55.8
6.207,-0.0038,0.0007,-0.0068,-0.0053,-55.8
6.208,-0.0023,0.0007,-0.006,0.003,-55.7
6.209,-0.0008,0.003,-0.0046,0.0052,-55.7
6.21,0.0015,0.0045,-0.003,0.0075,-55.6
6.211,0.0022,0.0015,-0.0015,0.0082,-55.5
6.212,0.0015,0.0015,0.0007,0.0045,-55.5
6.213,0.0022,0.0015,0.0022,0.0007,-55.4
6.214,0.0015,-0.0008,0.0052,0.0015,-55.4
6.215,0.0045,0.0,0.009,0.0,-55.3
6.216,0.0045,-0.0008,0.0105,-0.0008,-55.2
6.217,0.003,-0.0008,0.0097,-0.0015,-55.2
6.218,0.0052,-0.0008,0.0105,-0.0023,-55.1
6.219,0.0045,-0.003,0.009,-0.0008,-55.0
6.22,0.0022,-0.0015,0.0075,-0.0015,-55.0
6.221,0.0,-0.0015,0.0075,-0.0015,-54.9
6.222,0.0015,-0.003,0.0052,-0.0038,-54.8
6.223,-0.0008,-0.0038,0.0045,-0.0015,-54.7
6.224,-0.0015,-0.0038,0.003,-0.003,-54.6
6.225,-0.0015,-0.0015,-0.0008,-0.0015,-54.5
6.226,-0.003,-0.0015,0.0,0.0007,-54.4
6.227,-0.0015,0.0,-0.0008,0.0007,-54.3
6.228,-0.0023,0.0015,0.0007,0.0,-54.2
6.229,-0.0008,-0.0008,0.0007,-0.0113,-54.1
6.23,-0.0008,-0.003,0.0015,-0.0165,-54.0
6.231,0.0007,-0.0053,-0.0008,-0.012,-53.9
6.232,-0.0008,-0.0046,0.0007,-0.0053,-53.8
6.233,-0.0008,-0.006,0.0007,0.0022,-53.7
6.234,0.0,-0.0068,0.0,0.0067,-53.6
6.235,-0.003,-0.0091,-0.0015,0.009,-53.5
6.236,-0.0008,-0.0068,-0.0015,0.0165,-53.4
6.237,0.0,0.0067,0.0022,0.018,-53.3
6.238,0.0007,0.0105,0.006,0.003,-53.2
6.239,0.003,0.003,0.0105,-0.0143,-53.1
6.24,0.003,-0.0015,0.0142,-0.0158,-53.0
6.241,0.0052,0.006,0.0165,-0.0165,-52.8
6.242,0.006,0.0067,0.0217,-0.0135,-52.7
6.243,0.0082,0.0007,0.0277,-0.0083,-52.6
6.244,0.009,0.0022,0.03,-0.0083,-52.4
6.245,0.0105,-0.0038,0.0292,0.0022,-52.3
6.246,0.0105,-0.003,0.0285,0.0067,-52.2
6.247,0.0112,-0.0015,0.0285,0.0127,-52.0
6.248,0.0105,-0.0008,0.0247,0.021,-51.9
6.249,0.0082,0.0082,0.0217,0.0187,-51.8
6.25,0.0075,0.009,0.018,0.0015,-51.6
6.251,0.006,-0.0008,0.0127,-0.0105,-51.5
6.252,0.0052,-0.003,0.0097,-0.0091,-51.4
6.253,0.0045,-0.0008,0.0082,-0.0113,-51.3
6.254,0.0037,-0.0023,0.0045,-0.0053,-51.1
6.255,0.003,0.0015,0.0015,-0.0008,-51.0
6.256,0.0022,0.0015,-0.0008,0.0015,-50.9
6.257,0.0007,0.0007,-0.0046,0.0015,-50.7
6.258,-0.0008,0.0015,-0.0015,0.003,-50.6
6.259,-0.0023,0.0022,-0.0023,0.0082,-50.4
6.26,-0.003,0.0022,-0.003,0.0052,-50.3
6.261,-0.003,-0.0008,-0.0046,-0.0053,-50.1
6.262,-0.003,-0.0053,-0.006,-0.0188,-49.9
6.263,-0.0038,-0.006,-0.0046,-0.0195,-49.7
6.264,-0.0046,-0.0008,-0.0046,-0.0143,-49.5
6.265,-0.0046,-0.0023,-0.0046,-0.0068,-49.4
6.266,-0.0053,-0.0008,-0.0075,-0.0015,-49.1
6.267,-0.0053,0.0015,-0.0091,0.0007,-49.0
6.268,-0.0046,-0.0008,-0.0091,0.003,-48.8
6.269,-0.0038,-0.0008,-0.0105,0.003,-48.6
6.27,-0.0053,-0.0015,-0.0098,0.0015,-48.4
6.271,-0.0038,0.0007,-0.0091,0.0007,-48.2
6.272,-0.003,-0.0008,-0.0083,0.0015,-48.0
6.273,-0.0038,-0.0015,-0.0068,0.0007,-47.8
6.274,-0.0053,0.0015,-0.0068,0.0015,-47.7
6.275,-0.0053,-0.0015,-0.0098,0.0022,-47.4
6.276,-0.006,-0.0008,-0.012,0.0007,-47.3
6.277,-0.0053,0.0,-0.012,0.0015,-47.1
6.278,-0.0053,0.0007,-0.0068,0.0022,-46.9
6.279,-0.0068,0.0015,-0.0068,0.0007,-46.7
6.28,-0.0075,0.0007,-0.0091,-0.0008,-46.5
6.281,-0.006,-0.0015,-0.0083,0.0007,-46.2
6.282,-0.0046,-0.003,-0.0068,-0.003,-46.0
6.283,-0.0038,-0.0008,-0.0053,-0.003,-45.8
6.284,-0.0015,-0.0008,-0.0046,-0.003,-45.5
6.285,-0.0015,-0.0023,-0.0015,-0.0068,-45.2
6.286,-0.0038,-0.0015,-0.0008,-0.003,-45.0
6.287,-0.003,-0.0015,-0.0008,-0.0023,-44.7
6.288,-0.003,-0.003,0.0015,-0.003,-44.5
6.289,-0.0038,-0.003,0.0,-0.003,-44.3
6.29,-0.0015,-0.0008,0.0,-0.003,-44.0
6.291,-0.0015,-0.0008,-0.0015,-0.0008,-43.7
6.292,-0.0015,0.0,-0.003,-0.0008,-43.5
6.293,-0.0015,0.0007,-0.0015,-0.0038,-43.3
6.294,-0.0023,-0.0015,-0.0015,-0.0083,-43.0
6.295,-0.0015,-0.0023,-0.0015,-0.0128,-42.8
6.296,-0.0008,-0.003,-0.0008,-0.0135,-42.5
6.297,-0.0008,-0.003,-0.0008,-0.0128,-42.3
6.298,-0.0015,-0.0053,-0.0015,-0.0128,-42.0
6.299,0.0,-0.0091,-0.0015,-0.0046,-41.8
6.3,-0.0015,-0.0091,-0.0023,0.012,-41.5
6.301,-0.0015,-0.0068,-0.0046,0.0292,-41.2
6.302,0.0015,0.0022,-0.0023,0.0397,-41.0
6.303,0.0015,0.006,-0.0015,0.0307,-40.6
6.304,0.0007,-0.0023,-0.003,0.009,-40.4
6.305,0.0007,-0.012,0.0007,-0.0053,-40.1
6.306,0.003,-0.0143,0.003,-0.0053,-39.8
6.307,0.0015,-0.0053,0.0015,-0.0023,-39.5
6.308,0.0015,0.0292,0.0022,-0.0128,-39.2
6.309,0.0007,0.039,0.0,-0.021,-38.9
6.31,-0.0008,0.0015,0.0,-0.0181,-38.6
6.311,0.0007,-0.006,0.003,-0.0165,-38.3
6.312,-0.0008,-0.0068,-0.0015,-0.0143,-38.0
6.313,-0.0015,-0.0053,-0.003,-0.0098,-37.7
6.314,-0.0008,0.0105,-0.0053,-0.0053,-37.4
6.315,-0.0023,0.0045,-0.0091,0.0015,-37.1
6.316,-0.0046,0.0127,-0.0113,0.0045,-36.8
6.317,-0.0046,0.0127,-0.0135,0.0015,-36.5
6.318,-0.006,-0.0008,-0.0135,0.0067,-36.2
6.319,-0.0068,0.0015,-0.0098,0.0067,-36.0
6.32,-0.0053,-0.0023,-0.0091,0.0015,-35.6
6.321,-0.0053,-0.0053,-0.003,-0.0015,-35.3
6.322,-0.0015,-0.0128,0.0007,-0.0068,-35.0
6.323,0.0007,-0.0165,0.0015,-0.006,-34.6
6.324,0.0015,-0.0105,0.0045,-0.0046,-34.3
6.325,0.0015,-0.0098,-0.0008,-0.0053,-33.9
6.326,-0.0015,-0.0075,-0.0038,-0.003,-33.6
6.327,-0.003,-0.0075,-0.0046,0.0007,-33.3
6.328,-0.003,-0.0068,-0.006,-0.0046,-32.9
6.329,-0.003,-0.006,-0.0083,-0.0023,-32.6
6.33,-0.0023,-0.0046,0.0007,0.0015,-32.2
6.331,0.0015,-0.0023,0.0045,-0.0015,-31.9
6.332,0.0015,-0.0023,0.003,-0.0023,-31.5
6.333,0.0022,0.0007,0.0052,-0.0068,-31.2
6.334,0.0015,0.0045,0.0067,-0.0053,-30.9
6.335,0.0067,0.0082,0.0255,-0.0046,-30.6
6.336,0.0142,0.0082,0.0315,0.0,-30.2
6.337,0.009,0.0075,0.012,0.0067,-29.9
6.338,0.0022,0.0082,0.003,0.0082,-29.5
6.339,-0.0008,0.0082,-0.0075,0.0142,-29.2
6.34,-0.0046,0.0052,-0.0165,0.015,-28.8
6.341,-0.0046,-0.0008,-0.0143,0.0082,-28.5
6.342,-0.0053,-0.0053,-0.0143,0.0022,-28.1
6.343,-0.0075,-0.0075,-0.0105,-0.0053,-27.8
6.344,-0.0046,-0.0165,-0.0068,-0.0143,-27.5
6.345,-0.003,-0.033,0.003,-0.0225,-27.1
6.346,0.003,-0.039,0.0105,-0.0218,-26.7
6.347,0.0052,-0.0233,0.0165,-0.0165,-26.4
6.348,0.0052,-0.0015,0.0165,-0.0105,-26.1
6.349,0.006,0.018,0.012,-0.0098,-25.7
6.35,0.0022,0.0157,0.009,-0.015,-25.3
6.351,-0.0015,0.0007,-0.0008,-0.0068,-25.0
6.352,-0.0083,0.0015,-0.003,0.0007,-24.7
6.353,-0.0105,0.0022,-0.0015,0.003,-24.3
6.354,-0.0053,0.0022,0.0015,0.003,-24.0
6.355,-0.0015,0.0022,0.0052,0.0,-23.6
6.356,0.0037,0.0,0.0082,-0.0038,-23.3
6.357,0.0067,0.0,0.012,-0.0143,-22.9
6.358,0.009,-0.0068,0.0105,-0.0413,-22.6
6.359,0.0105,-0.0173,0.0127,-0.057,-22.2
6.36,0.012,-0.0188,0.0157,-0.0308,-21.9
6.361,0.0135,-0.0173,0.012,-0.0008,-21.5
6.362,0.0135,-0.0128,0.009,0.024,-21.2
6.363,0.0135,-0.0075,0.009,0.0472,-20.8
6.364,0.0127,-0.0015,0.0135,0.0517,-20.5
6.365,0.0112,0.003,0.009,0.0547,-20.1
6.366,0.006,0.009,-0.0015,0.0472,-19.8
6.367,0.0015,0.0202,-0.0008,0.0345,-19.4
6.368,0.0015,0.048,0.0067,0.0315,-19.1
6.369,0.0015,0.0802,0.012,0.033,-18.7
6.37,0.0022,0.0622,0.0165,0.0217,-18.4
6.371,0.003,0.0217,0.018,-0.006,-18.0
6.372,0.0015,-0.003,0.0172,-0.0308,-17.7
6.373,0.0007,-0.021,0.0165,-0.0361,-17.3
6.374,-0.0008,-0.0195,0.0052,-0.0256,-17.0
6.375,-0.0053,-0.0195,-0.0015,-0.0225,-16.7
6.376,-0.0053,-0.0195,-0.0008,-0.0158,-16.3
6.377,-0.0038,-0.0158,-0.0053,-0.0128,-15.9
6.378,-0.0053,-0.015,-0.0046,-0.0165,-15.6
6.379,-0.0038,-0.012,0.0007,-0.0143,-15.3
6.38,-0.0015,0.0,0.003,-0.0068,-14.9
6.381,0.0,0.036,0.0045,0.0022,-14.6
6.382,0.0015,0.0487,0.0067,-0.0038,-14.3
6.383,0.0037,0.0105,0.006,-0.0053,-14.0
6.384,0.0007,-0.0083,0.009,0.0045,-13.6
6.385,0.0007,-0.003,0.009,0.0045,-13.3
6.386,-0.0008,-0.0083,0.009,-0.0008,-13.0
6.387,-0.0023,-0.0046,0.009,-0.003,-12.6
6.388,-0.0015,-0.0105,0.0075,-0.003,-12.3
6.389,0.0015,-0.0105,0.012,-0.003,-12.0
6.39,0.0067,-0.0075,0.0157,-0.006,-11.7
6.391,0.0142,-0.0105,0.0157,-0.0083,-11.4
6.392,0.0127,-0.0083,0.006,-0.0068,-11.1
6.393,0.0067,-0.0105,-0.0053,-0.0038,-10.8
6.394,0.0037,-0.0128,-0.0053,0.0015,-10.4
6.395,0.0007,-0.0181,0.0015,0.0052,-10.1
6.396,-0.0015,-0.0143,-0.0015,0.009,-9.8
6.397,-0.003,-0.0008,-0.0046,0.0097,-9.5
6.398,-0.0008,0.012,-0.0023,0.012,-9.1
6.399,-0.0008,0.0105,0.0007,0.0082,-8.8
6.4,0.0007,-0.0038,0.0052,-0.0046,-8.5
6.401,0.0015,-0.0128,0.0067,-0.003,-8.2
6.402,0.0007,-0.0105,0.0067,0.0015,-7.9
6.403,-0.003,0.0105,0.0045,-0.0023,-7.6
6.404,-0.006,-0.0023,0.0067,-0.0105,-7.3
6.405,-0.003,-0.0346,0.0082,-0.0128,-7.0
6.406,-0.0046,-0.0338,0.0082,-0.0188,-6.7
6.407,-0.0053,-0.0368,0.0082,-0.0293,-6.4
6.408,-0.0015,-0.0353,0.003,-0.0195,-6.1
6.409,-0.0038,-0.0338,-0.0008,-0.0023,-5.9
6.41,-0.003,-0.033,-0.0023,-0.0046,-5.5
6.411,-0.0053,-0.0181,-0.0038,-0.0113,-5.2
6.412,-0.003,-0.015,-0.0046,-0.021,-5.0
6.413,-0.0008,-0.006,-0.003,-0.021,-4.6
6.414,0.0007,0.0547,-0.0023,-0.0068,-4.4
6.415,0.0045,0.1252,0.0015,-0.0046,-4.1
6.416,0.003,0.0975,0.0082,-0.006,-3.7
6.417,-0.0008,0.054,0.0052,0.0157,-3.5
6.418,-0.0105,0.0585,0.0075,0.057,-3.2
6.419,-0.0098,0.0322,0.015,0.0787,-2.9
6.42,-0.0015,0.0217,0.0165,0.0577,-2.6
6.421,-0.003,0.009,0.0112,0.0322,-2.3
6.422,-0.0008,-0.0165,-0.0068,0.0307,-2.1
6.423,-0.0023,-0.0053,-0.0233,0.0337,-1.9
6.424,-0.0023,-0.0105,-0.0308,0.0105,-1.6
6.425,0.0007,-0.0173,-0.039,-0.0091,-1.4
6.426,-0.003,-0.0218,-0.0405,-0.0091,-1.2
6.427,0.0007,-0.0256,-0.0346,-0.0165,-0.9
6.428,0.0075,-0.0256,-0.024,-0.0233,-0.7
6.429,0.009,-0.0293,-0.0165,-0.0248,-0.5
6.43,0.0097,-0.024,-0.0091,-0.0181,-0.2
6.431,0.0112,-0.027,0.003,-0.0158,0.0
6.432,0.0045,-0.027,0.0082,-0.012,0.2
6.433,-0.0053,-0.0218,0.0082,-0.0068,0.4
6.434,-0.006,-0.015,0.0082,-0.0091,0.7
6.435,-0.0015,-0.0068,0.0097,-0.0068,0.9
6.436,0.0007,0.0037,0.0142,-0.0053,1.1
6.437,0.003,0.0292,0.0157,0.0045,1.4
6.438,0.0015,0.0465,0.0157,0.0052,1.6
6.439,-0.0083,0.018,0.009,0.0,1.8
6.44,-0.0188,-0.003,-0.0008,0.0045,2.1
6.441,-0.0263,0.0157,-0.0046,0.0097,2.2
6.442,-0.0285,0.0135,-0.0091,0.0037,2.4
6.443,-0.0256,0.0157,-0.0105,-0.0068,2.6
6.444,-0.0181,0.0165,-0.0083,-0.0068,2.8
6.445,-0.0075,0.0045,-0.0083,-0.0046,3.0
6.446,-0.0015,-0.006,-0.0091,-0.012,3.1
6.447,-0.0046,-0.0278,-0.0053,-0.0195,3.3
6.448,-0.003,-0.03,0.003,-0.0173,3.5
6.449,0.0015,-0.0248,-0.0008,-0.0105,3.6
6.45,0.012,-0.024,-0.006,-0.0098,3.8
6.451,0.024,-0.0256,-0.0046,-0.0091,4.0
6.452,0.03,-0.021,-0.0068,-0.0053,4.2
6.453,0.0285,-0.0068,-0.0091,-0.0053,4.4
6.454,0.0135,-0.0008,-0.012,-0.0053,4.5
6.455,0.0015,0.0015,-0.0105,-0.0015,4.7
6.456,-0.0053,-0.003,-0.0053,-0.0008,4.9
6.457,-0.0105,-0.0053,0.0015,-0.0008,5.0
6.458,-0.0113,-0.0046,0.0075,-0.0008,5.2
6.459,-0.0091,0.0045,0.0082,-0.0015,5.4
6.46,-0.0128,0.003,0.003,-0.0008,5.6
6.461,-0.0173,-0.0075,0.0015,-0.003,5.7
6.462,-0.0105,-0.0091,0.003,-0.0038,5.7
6.463,-0.0068,-0.0075,0.0007,0.0007,5.8
6.464,-0.0008,0.0007,0.0007,-0.0008,5.9
6.465,0.0157,0.0015,0.0,-0.003,5.9
6.466,0.0285,0.0007,0.006,-0.003,6.0
6.467,0.0405,-0.0046,0.0202,-0.0046,6.1
6.468,0.0382,-0.0113,0.0277,-0.0038,6.2
6.469,0.024,-0.0083,0.033,-0.0068,6.3
6.47,0.0082,-0.0091,0.0315,-0.0098,6.3
6.471,-0.0098,-0.0135,0.0187,-0.0135,6.4
6.472,-0.027,-0.0165,0.0052,-0.0128,6.5
6.473,-0.0315,-0.0165,0.0007,-0.0083,6.5
6.474,-0.0233,-0.0128,0.0022,-0.0046,6.6
6.475,-0.0135,0.0097,0.0045,0.0015,6.7
6.476,-0.0038,0.0352,0.0075,0.0052,6.7
6.477,0.006,0.0352,0.0127,0.009,6.8
6.478,0.0127,0.024,0.0135,0.0157,6.9
6.479,0.018,0.0495,0.0112,0.0255,7.0
6.48,0.0225,0.0795,0.012,0.0292,7.1
6.481,0.0307,0.06,0.0135,0.0292,7.1
6.482,0.0337,0.0142,0.0202,0.0172,7.1
6.483,0.03,-0.0203,0.024,0.0015,7.1
6.484,0.021,-0.0128,0.0255,0.0037,7.1
6.485,0.0007,0.0127,0.024,0.0045,7.1
6.486,-0.0256,0.0187,0.0255,-0.0046,7.1
6.487,-0.0443,-0.0128,0.0292,-0.015,7.1
6.488,-0.0495,-0.0218,0.015,-0.0128,7.0
6.489,-0.0368,-0.0165,-0.0075,-0.0105,7.0
6.49,-0.0181,-0.0278,-0.0195,-0.0091,7.0
6.491,0.0022,-0.024,-0.0308,-0.0068,7.0
6.492,0.0105,-0.0256,-0.0293,-0.0075,7.0
6.493,0.009,-0.0143,-0.0225,-0.0046,7.0
6.494,0.009,-0.0091,-0.0233,-0.0068,7.0
6.495,0.009,-0.0075,-0.0181,-0.0046,7.0
6.496,0.0052,0.0015,-0.0181,-0.0068,7.0
6.497,0.003,0.003,-0.0091,-0.006,7.0
6.498,0.0195,0.0,-0.006,-0.0046,6.9
6.499,0.0315,-0.0105,-0.012,-0.006,6.9
6.5,0.0322,-0.0128,-0.0053,-0.0053,6.9
6.501,0.0232,-0.0143,-0.0046,-0.0053,6.8
6.502,0.0007,-0.012,-0.0046,-0.0053,6.8
6.503,-0.0075,-0.0068,-0.0105,-0.0046,6.7
6.504,-0.012,-0.003,-0.0158,-0.0023,6.7
6.505,-0.0143,-0.0023,-0.0165,-0.0015,6.6
6.506,-0.0233,-0.0053,-0.0158,0.0,6.5
6.507,-0.0361,-0.0053,-0.0075,0.0015,6.4
6.508,-0.0323,-0.0053,0.0045,0.0015,6.4
6.509,-0.0346,-0.0046,0.012,0.0007,6.3
6.51,-0.0346,-0.0015,0.0112,0.0015,6.2
6.511,-0.0203,0.003,0.009,0.0015,6.2
6.512,-0.0046,0.0075,0.0067,0.003,6.1
6.513,0.003,0.0135,0.0097,0.0045,6.0
6.514,0.0075,0.0172,0.0105,0.003,5.9
6.515,0.0052,0.0097,0.006,0.0007,5.9
6.516,-0.0008,0.0007,0.0082,-0.0015,5.8
6.517,-0.0008,-0.0008,0.012,-0.0038,5.8
6.518,-0.0091,-0.003,0.0105,-0.0046,5.7
6.519,-0.0158,-0.0038,0.0045,-0.0023,5.6
6.52,-0.0068,-0.0008,-0.0046,-0.0008,5.5
6.521,0.0067,0.0022,-0.0098,0.0015,5.5
6.522,0.0217,0.0045,-0.0181,0.0022,5.4
6.523,0.027,0.0045,-0.0203,0.0015,5.4
6.524,0.0217,0.0,-0.0218,0.0015,5.3
6.525,0.0067,-0.0046,-0.024,0.0015,5.3
6.526,-0.003,-0.003,-0.0248,0.0015,5.3
6.527,-0.0046,0.0022,-0.0278,0.0007,5.2
6.528,-0.0068,0.0082,-0.0195,-0.0008,5.2
6.529,-0.0083,0.009,-0.0053,0.0015,5.1
6.53,-0.0098,0.0082,0.0007,0.0007,5.1
6.531,-0.0098,-0.0008,0.003,0.0007,5.1
6.532,-0.006,-0.0038,-0.0015,0.0015,5.0
6.533,-0.0046,-0.0046,-0.0053,0.0007,5.0
6.534,0.0,-0.0068,-0.0083,-0.0015,4.9
6.535,0.0105,-0.0128,-0.0105,-0.0015,4.9
6.536,0.0157,-0.0233,-0.0128,-0.0023,4.9
6.537,0.009,-0.0128,-0.0165,-0.0023,4.8
6.538,0.0052,-0.0046,-0.0128,-0.0023,4.8
6.539,-0.003,-0.0091,-0.012,-0.003,4.7
6.54,-0.0143,-0.0068,-0.0098,-0.0015,4.6
6.541,-0.012,-0.006,-0.0046,-0.0015,4.6
6.542,-0.0015,0.003,-0.0083,-0.0046,4.6
6.543,0.0045,0.0067,-0.0128,-0.006,4.6
6.544,0.0007,0.006,-0.003,-0.003,4.6
6.545,-0.0053,0.0067,0.015,-0.0038,4.5
6.546,-0.0143,0.0045,0.0225,-0.0046,4.5
6.547,-0.021,0.0052,0.0232,-0.0046,4.5
6.548,-0.0293,0.0015,0.0142,-0.0053,4.5
6.549,-0.0308,0.0007,0.0045,-0.0046,4.5
6.55,-0.0218,-0.003,-0.003,-0.0046,4.4
6.551,-0.0158,-0.0053,-0.0046,-0.0046,4.4
6.552,-0.0181,0.0007,-0.0053,-0.0038,4.4
6.553,-0.0233,0.0075,-0.0046,-0.0015,4.4
6.554,-0.0105,0.009,-0.0038,-0.0015,4.3
6.555,0.003,0.0082,0.0045,-0.0015,4.3
6.556,0.018,0.0037,0.0165,-0.0008,4.3
6.557,0.0315,-0.0075,0.0127,-0.0015,4.3
6.558,0.0322,-0.0181,0.0075,-0.0023,4.2
6.559,0.0247,-0.0173,0.0082,-0.0023,4.2
6.56,0.0165,-0.0023,0.0067,0.0007,4.1
6.561,0.0232,0.003,0.0105,0.0007,4.1
6.562,0.0165,0.0007,0.018,-0.0008,4.1
6.563,0.0157,0.0007,0.018,0.0007,4.1
6.564,0.0247,0.0007,0.0105,-0.0015,4.0
6.565,0.027,0.0037,0.0015,-0.0038,4.0
6.566,0.0382,0.0022,-0.0008,-0.0015,4.0
6.567,0.0442,0.0007,0.006,-0.0008,4.0
6.568,0.039,-0.0008,0.0195,-0.0008,3.9
6.569,0.027,0.003,0.0247,-0.0008,3.9
6.57,0.0142,0.0022,0.0217,-0.0015,3.8
6.571,0.0022,0.003,0.0045,-0.003,3.8
6.572,-0.012,0.0052,-0.0068,-0.0015,3.8
6.573,-0.0165,0.0067,-0.0046,0.0007,3.7
6.574,-0.0128,0.0105,-0.003,-0.0023,3.7
6.575,-0.0158,0.0067,0.0052,-0.0068,3.7
6.576,-0.0248,0.0015,0.009,-0.0046,3.6
6.577,-0.0293,-0.0015,0.0157,-0.003,3.6
6.578,-0.0315,-0.0038,0.0172,-0.0023,3.6
6.579,-0.0353,-0.0038,0.0127,-0.003,3.6
6.58,-0.0278,-0.0068,0.0097,-0.0053,3.5
6.581,-0.0158,-0.006,0.0142,-0.0038,3.4
6.582,-0.0046,-0.0038,0.0247,-0.003,3.2
6.583,0.0015,0.0015,0.0255,-0.0053,3.1
6.584,0.0022,0.0067,0.0232,-0.0068,3.0
6.585,0.0007,0.003,0.0255,-0.0053,2.8
6.586,0.0022,-0.0008,0.018,-0.0008,2.7
6.587,0.0045,0.0022,-0.0008,-0.0008,2.6
6.588,0.0067,-0.0023,-0.0098,0.0,2.4
6.589,0.0015,-0.0091,-0.0173,0.0007,2.3
6.59,-0.0165,-0.0091,-0.0218,0.0015,2.2
6.591,-0.0233,-0.003,-0.0195,0.0037,2.1
6.592,-0.0091,0.003,-0.0203,0.0022,1.9
6.593,0.012,0.0007,-0.0233,0.0022,1.8
6.594,0.0307,0.0007,-0.0225,0.0022,1.7
6.595,0.0292,0.0015,-0.0165,0.003,1.5
6.596,0.0165,-0.0046,-0.0075,0.0022,1.4
6.597,0.0195,-0.0068,0.0082,0.0007,1.3
6.598,0.024,-0.0075,0.0142,0.0007,1.1
6.599,0.0232,-0.0083,0.012,-0.0008,1.0
6.6,0.0202,-0.0091,0.012,-0.0008,0.8
6.601,0.012,-0.0113,0.0105,-0.0008,0.8
6.602,-0.0023,-0.0091,0.009,-0.0008,0.8
6.603,-0.0105,-0.003,0.0097,0.0007,0.8
6.604,-0.0075,0.0022,0.0097,-0.0023,0.8
6.605,0.0,0.0127,0.0052,-0.0015,0.8
6.606,0.009,0.0157,0.0022,0.0,0.8
6.607,0.0097,0.006,0.009,0.0007,0.8
6.608,0.0037,-0.0046,0.018,0.0022,0.8
6.609,0.0052,-0.0143,0.0225,0.0037,0.8
6.61,0.0097,-0.0105,0.0247,0.0037,0.9
6.611,0.012,-0.0015,0.0285,0.0015,0.9
6.612,0.009,0.0067,0.033,0.0015,0.9
6.613,0.0045,0.0142,0.0367,0.0,0.9
6.614,0.0022,0.009,0.0405,-0.0015,0.9
6.615,0.0082,0.0052,0.0367,0.0,0.9
6.616,0.0127,0.0067,0.0322,0.0,0.9
6.617,0.003,-0.0023,0.0337,-0.0023,0.9
6.618,-0.0053,-0.0015,0.0322,-0.0038,0.9
6.619,-0.0046,-0.0015,0.0277,-0.0053,0.9
6.62,-0.0068,-0.0128,0.0195,-0.006,0.9
6.621,-0.0083,-0.012,0.0112,-0.0015,0.9
6.622,-0.0098,-0.0008,0.0067,-0.0008,1.0
6.623,-0.0098,0.006,-0.0023,-0.0008,1.1
6.624,0.0007,0.006,-0.0083,-0.0008,1.2
6.625,0.0037,0.003,-0.012,-0.0015,1.2
6.626,0.0015,-0.0046,-0.0181,-0.003,1.3
6.627,-0.003,-0.0053,-0.0188,-0.0038,1.4
6.628,-0.0046,-0.0023,-0.0181,-0.003,1.4
6.629,-0.0068,-0.0075,-0.0188,-0.0015,1.5
6.63,-0.015,-0.0008,-0.0165,-0.0008,1.6
6.631,-0.0188,0.0022,-0.0173,0.0,1.7
6.632,-0.024,0.0007,-0.0225,-0.0015,1.8
6.633,-0.0315,0.003,-0.027,-0.0008,1.8
6.634,-0.033,0.003,-0.027,0.0007,1.9
6.635,-0.0195,0.0022,-0.0278,0.0,2.0
6.636,-0.0143,0.0007,-0.0256,-0.0008,2.0
6.637,-0.012,-0.003,-0.0256,0.0007,2.1
6.638,-0.0091,-0.0015,-0.0256,0.0015,2.2
6.639,-0.0068,0.0,-0.0218,0.0015,2.2
6.64,0.003,0.0007,-0.027,-0.0008,2.3
6.641,0.0022,0.0007,-0.027,-0.0008,2.3
6.642,0.0015,0.0007,-0.0233,-0.0015,2.4
6.643,0.006,-0.0053,-0.0165,-0.0038,2.4
6.644,0.0067,-0.003,-0.0105,-0.0015,2.4
6.645,0.0037,0.003,-0.0053,-0.0015,2.4
6.646,-0.0046,0.006,-0.0008,-0.0053,2.4
6.647,-0.0053,0.0105,-0.003,-0.0068,2.4
6.648,-0.0098,0.0037,0.0,-0.0046,2.5
6.649,-0.015,-0.0046,0.006,-0.003,2.5
6.65,-0.0143,-0.0083,0.009,-0.0015,2.5
6.651,-0.0188,-0.0075,0.012,-0.0015,2.5
6.652,-0.0218,-0.0015,0.0105,-0.0023,2.5
6.653,-0.0181,-0.0038,0.0082,-0.0015,2.6
6.654,-0.006,-0.0038,0.0097,-0.0008,2.6
6.655,0.009,-0.0075,-0.003,-0.0008,2.6
6.656,0.0187,-0.0091,-0.0083,-0.0008,2.6
6.657,0.0112,-0.0008,-0.0105,-0.0008,2.6
6.658,-0.0046,-0.003,-0.0181,-0.0015,2.6
6.659,-0.0128,-0.0091,-0.0068,-0.003,2.6
6.66,-0.0068,-0.0105,0.009,-0.0008,2.6
6.661,0.0045,-0.0075,0.0127,0.0015,2.6
6.662,0.009,-0.0068,0.0007,-0.0008,2.6
6.663,0.0082,0.0,-0.0128,-0.0015,2.6
6.664,0.0112,0.012,-0.0188,-0.003,2.6
6.665,0.0165,0.0045,-0.0181,-0.0038,2.6
6.666,0.0277,0.0007,-0.0195,-0.0023,2.6
6.667,0.0397,0.0007,-0.015,-0.003,2.6
6.668,0.039,-0.0038,-0.0038,-0.0023,2.6
6.669,0.0315,-0.0015,0.0015,-0.003,2.6
6.67,0.015,-0.0015,0.0045,-0.003,2.6
6.671,0.006,-0.0015,0.0045,-0.0015,2.6
6.672,0.0045,0.0,0.0052,-0.0008,2.6
6.673,0.003,0.0015,0.003,0.0,2.6
6.674,0.003,0.0007,0.0052,-0.0008,2.6
6.675,0.0015,0.0007,0.0127,0.0,2.6
6.676,0.0022,0.0015,0.0157,-0.0008,2.6
6.677,0.0015,0.003,0.0172,-0.0008,2.6
6.678,0.0015,0.003,0.0165,-0.0008,2.6
6.679,-0.0008,0.0015,0.0135,-0.0008,2.6
6.68,-0.003,0.0015,0.0105,-0.0008,2.5
6.681,-0.0023,0.0022,0.0082,-0.0008,2.6
6.682,-0.003,0.0015,0.009,-0.0023,2.6
6.683,-0.0015,0.0015,0.009,-0.0015,2.7
6.684,-0.0008,0.0015,0.0105,-0.0008,2.8
6.685,0.0007,0.0007,0.012,-0.0023,2.9
6.686,-0.0008,0.0007,0.0105,-0.0015,3.0
6.687,-0.0023,0.0015,0.0067,-0.0015,3.1
6.688,-0.003,0.0007,0.0037,-0.0008,3.1
6.689,-0.0046,0.0,0.003,-0.0015,3.2
6.69,-0.0038,0.0007,0.0007,-0.0015,3.3
6.691,-0.003,0.0022,-0.003,0.0,3.3
6.692,-0.003,0.0015,-0.0068,-0.0008,3.4
6.693,-0.003,0.0022,-0.0083,-0.0008,3.5
6.694,-0.003,0.0015,-0.0068,-0.0008,3.6
6.695,-0.003,0.0015,-0.0053,-0.0008,3.6
6.696,-0.0015,0.0007,0.0015,-0.0015,3.7
6.697,0.0007,-0.0008,0.0052,-0.0023,3.8
6.698,-0.0023,0.0007,0.0105,-0.0023,3.9
6.699,-0.0015,-0.0008,0.0127,-0.0015,3.9
6.7,-0.003,-0.0008,0.0142,-0.0008,4.0
6.701,-0.003,-0.0008,0.0135,-0.0008,4.1
6.702,-0.0008,0.0,0.0105,-0.0008,4.1
6.703,-0.0008,-0.0015,0.0082,-0.0008,4.2
6.704,-0.0008,-0.0015,0.0052,-0.0008,4.3
6.705,0.0015,-0.0015,0.0045,-0.0008,4.4
6.706,0.0067,0.0007,0.0007,0.0007,4.4
6.707,0.0075,0.0015,0.0015,0.0,4.5
6.708,0.0045,-0.0008,0.0015,-0.0008,4.5
6.709,-0.0023,-0.003,0.0022,0.0,4.6
6.71,-0.0046,-0.0038,0.0045,-0.0008,4.7
6.711,-0.006,-0.0046,0.0,-0.0008,4.8
6.712,0.0007,-0.0046,-0.0068,-0.0008,4.9
6.713,0.0052,-0.003,-0.0091,0.0007,4.9
6.714,0.0037,-0.0038,0.0,-0.0008,5.0
6.715,0.0015,-0.0053,0.0075,-0.0015,5.0
6.716,-0.0053,-0.0053,0.009,0.0007,5.1
6.717,-0.0046,-0.0015,0.0112,0.0007,5.2
6.718,0.0015,0.0022,0.0127,0.0,5.3
6.719,0.0007,0.0015,0.0142,-0.0008,5.3
6.72,0.0,0.0015,0.0142,-0.0008,5.4
6.721,-0.0038,-0.0008,0.0127,-0.0008,5.4
6.722,-0.0046,0.0007,0.012,-0.0008,5.5
6.723,-0.0046,0.0037,0.0142,0.0007,5.5
6.724,-0.0015,0.006,0.0225,0.0007,5.6
6.725,0.006,0.009,0.0157,0.0022,5.6
6.726,0.018,0.0015,0.0007,0.0007,5.7
6.727,0.021,-0.0046,-0.0053,0.0007,5.7
6.728,0.009,-0.0098,-0.0143,-0.0008,5.8
6.729,0.0015,-0.0128,-0.0195,-0.003,5.8
6.73,-0.0046,-0.0128,-0.0158,-0.0023,5.8
6.731,-0.006,-0.003,-0.0083,-0.0015,5.9
6.732,-0.0083,0.0045,-0.0008,-0.0008,5.9
6.733,-0.0203,-0.0008,-0.0068,-0.0015,6.0
6.734,-0.0323,0.0,-0.0105,-0.003,6.0
6.735,-0.0383,-0.0008,-0.0083,-0.0023,6.1
6.736,-0.033,0.0007,-0.0083,-0.0023,6.1
6.737,-0.0203,-0.0008,-0.0091,-0.003,6.2
6.738,-0.0083,-0.0038,-0.0091,-0.0038,6.2
6.739,-0.0008,-0.0008,-0.0105,-0.0046,6.3
6.74,-0.0015,-0.0008,-0.012,-0.0046,6.3
6.741,-0.0068,0.003,-0.0128,-0.003,6.3
6.742,-0.0105,0.0015,-0.0128,-0.003,6.3
6.743,-0.0053,0.0007,-0.0105,-0.003,6.4
6.744,0.003,-0.0008,-0.0083,-0.0023,6.4
6.745,0.0037,-0.0008,-0.006,-0.0008,6.4
6.746,0.0015,-0.0008,-0.0046,-0.0015,6.4
6.747,0.0,-0.0046,0.0007,-0.0015,6.5
6.748,-0.003,-0.006,0.0015,-0.0008,6.5
6.749,-0.0015,-0.0015,0.0022,-0.0008,6.5
6.75,0.0082,0.0022,0.0037,-0.0015,6.6
6.751,0.0165,0.0015,0.0045,-0.0015,6.6
6.752,0.0217,0.0,0.006,-0.003,6.6
6.753,0.0202,0.0,0.009,-0.0023,6.6
6.754,0.0202,0.0015,0.0157,-0.0008,6.7
6.755,0.024,0.003,0.0165,-0.0008,6.7
6.756,0.0285,0.003,0.0105,-0.0008,6.7
6.757,0.024,0.0007,0.009,-0.0015,6.7
6.758,0.0105,-0.0023,0.009,-0.003,6.7
6.759,-0.0008,-0.003,0.0127,-0.003,6.7
6.76,-0.0053,-0.0053,0.0232,-0.0038,6.8
6.761,-0.0038,-0.003,0.0195,-0.0046,6.8
6.762,0.0,0.0015,0.0112,-0.0015,6.9
6.763,0.0045,0.0045,0.0052,0.0007,6.9
6.764,0.0082,0.003,-0.0068,-0.0008,7.0
6.765,0.0105,0.0007,-0.0083,-0.0008,7.0
6.766,0.009,-0.0015,-0.0075,-0.0008,7.1
6.767,0.0037,-0.0046,-0.0068,-0.0008,7.1
6.768,0.0022,-0.0053,-0.003,-0.0008,7.2
6.769,0.0007,-0.0008,-0.0023,0.0015,7.2
6.77,0.0,0.003,0.0007,0.0007,7.2
6.771,-0.003,-0.0008,0.003,0.0,7.2
6.772,-0.0113,-0.003,0.0045,-0.0008,7.3
6.773,-0.015,-0.0023,0.0,-0.0015,7.3
6.774,-0.012,-0.0023,-0.0038,0.0007,7.4
6.775,-0.0083,-0.003,-0.0053,0.0,7.4
6.776,-0.0053,-0.003,-0.0091,-0.0008,7.5
6.777,-0.0046,0.0022,-0.0105,-0.0008,7.5
6.778,-0.0053,0.0082,-0.015,0.0007,7.6
6.779,-0.0091,0.009,-0.012,0.0007,7.6
6.78,-0.0143,0.0052,-0.0015,0.0015,7.6
6.781,-0.015,0.0007,0.0,0.0015,7.7
6.782,-0.0083,-0.0075,-0.0008,0.0007,7.7
6.783,-0.0046,-0.0143,0.0007,0.0,7.8
6.784,-0.0053,-0.0158,-0.0046,-0.0008,7.8
6.785,0.0007,-0.0105,-0.0083,0.0007,7.9
6.786,0.0135,-0.0053,-0.0083,-0.0008,7.9
6.787,0.0165,0.0,-0.0083,-0.0008,8.0
6.788,0.009,0.0082,-0.0053,-0.0008,8.0
6.789,0.0007,0.009,-0.0068,-0.003,8.1
6.79,-0.0046,0.0075,-0.0091,-0.0023,8.1
6.791,-0.0105,0.003,-0.0068,-0.0015,8.1
6.792,-0.0218,-0.0053,-0.0046,-0.0008,8.2
6.793,-0.0233,-0.0075,-0.0015,-0.0008,8.2
6.794,-0.015,-0.0015,0.0015,0.0,8.3
6.795,-0.0188,0.0,0.009,-0.0023,8.3
6.796,-0.0203,-0.0015,0.0157,-0.0038,8.4
6.797,-0.0188,0.0022,0.0187,-0.0008,8.4
6.798,-0.0105,0.0007,0.0135,-0.0008,8.5
6.799,0.0022,0.0007,0.009,-0.0015,8.5
6.8,0.0067,0.0,0.0105,-0.0015,8.5
6.801,0.0172,0.0,0.0037,-0.0015,8.6
6.802,0.024,-0.0008,0.0007,-0.0015,8.6
6.803,0.0307,-0.0068,-0.0038,-0.0008,8.6
6.804,0.0255,-0.003,-0.0046,-0.0015,8.7
6.805,0.0225,0.0045,-0.003,-0.0015,8.7
6.806,0.0315,0.003,-0.0015,-0.003,8.7
6.807,0.0262,-0.0015,0.0,-0.0046,8.8
6.808,0.0232,-0.0053,0.0022,-0.003,8.8
6.809,0.009,-0.0113,0.0052,-0.0046,8.8
6.81,-0.0128,-0.0098,0.003,-0.0053,8.9
6.811,-0.027,-0.003,0.003,-0.003,8.9
6.812,-0.027,-0.0008,0.0067,-0.003,8.9
6.813,-0.0143,0.0,0.0052,-0.0008,9.0
6.814,-0.0068,-0.0008,0.0037,-0.0015,9.0
6.815,0.0,-0.0008,0.0007,-0.0038,9.0
6.816,0.0015,0.0,0.0007,-0.0015,9.0
6.817,0.003,0.0007,0.0007,-0.0015,9.1
6.818,0.0,0.003,0.0022,-0.0015,9.1
6.819,-0.0083,0.0007,0.0022,-0.0015,9.1
6.82,-0.0091,0.0007,-0.0008,-0.0015,9.2
6.821,-0.0053,0.0007,0.0,-0.0015,9.2
6.822,-0.003,0.0007,0.0022,-0.0008,9.2
6.823,-0.0068,0.0015,0.0067,0.0007,9.3
6.824,-0.0053,-0.0008,0.006,0.0007,9.3
6.825,0.0,-0.0015,0.006,-0.0008,9.3
6.826,0.0067,0.0007,0.0052,-0.0023,9.3
6.827,0.0135,0.006,0.0045,-0.0008,9.4
6.828,0.0157,0.0052,0.0052,0.0007,9.4
6.829,0.0172,0.003,0.0045,-0.0015,9.4
6.83,0.0097,0.0,0.0105,-0.0015,9.4
6.831,0.0007,-0.0015,0.0232,-0.0015,9.4
6.832,0.003,-0.0023,0.0262,-0.0015,9.5
6.833,0.0052,-0.003,0.0225,-0.0023,9.5
6.834,0.0037,-0.0023,0.024,-0.0023,9.5
6.835,0.0105,-0.0008,0.0165,-0.0015,9.5
6.836,0.0262,0.0015,0.003,0.0007,9.6
6.837,0.0322,-0.0008,0.0015,0.003,9.6
6.838,0.0187,0.0007,0.0015,0.0,9.6
6.839,-0.0046,0.0007,-0.0015,-0.0008,9.6
6.84,-0.0158,0.0007,-0.0015,-0.0008,9.7
6.841,-0.0083,0.003,-0.0068,-0.0015,9.7
6.842,-0.0053,0.0015,-0.012,-0.0008,9.7
6.843,-0.0143,0.003,-0.0038,0.0,9.7
6.844,-0.021,0.0007,-0.0128,-0.0008,9.7
6.845,-0.024,-0.0023,-0.0143,-0.0015,9.8
6.846,-0.0181,0.0,-0.0023,-0.0008,9.8
6.847,-0.006,0.0007,0.003,-0.0015,9.8
6.848,-0.0015,0.0007,0.0067,-0.0015,9.8
6.849,0.0045,0.0015,0.0067,-0.0015,9.8
6.85,0.0105,0.0045,0.012,-0.003,9.8
6.851,0.0105,0.0052,0.015,-0.003,9.8
6.852,0.012,0.0007,0.009,-0.0038,9.9
6.853,0.018,-0.0053,0.0037,-0.0015,9.9
6.854,0.015,-0.0068,-0.0068,-0.0008,9.9
6.855,0.006,-0.0008,-0.0158,-0.003,9.9
6.856,-0.0053,0.006,-0.0195,0.0,9.9
6.857,-0.0165,0.0022,-0.0173,-0.0008,9.9
6.858,-0.0188,-0.0038,-0.0143,-0.0008,9.9
6.859,-0.0218,-0.0165,-0.0188,-0.0008,9.9
6.86,-0.0195,-0.0248,-0.0188,0.0,9.9
6.861,-0.0218,0.0,-0.012,-0.0008,9.9
6.862,-0.0248,0.006,-0.0098,-0.003,9.9
6.863,-0.0135,-0.0075,-0.0038,-0.0023,9.9
6.864,-0.0053,-0.0098,0.006,-0.0008,9.9
6.865,-0.006,-0.0083,0.0097,-0.0008,9.9
6.866,-0.006,-0.0015,0.009,-0.0015,9.9
6.867,-0.0046,0.0,0.0067,-0.0008,9.9
6.868,-0.0075,0.0015,0.0105,-0.0008,9.9
6.869,-0.0053,-0.0023,0.0105,0.0007,9.9
6.87,-0.0023,-0.0038,0.009,0.0007,9.9
6.871,0.0045,0.0007,0.0082,0.0007,9.9
6.872,0.0135,-0.003,0.0052,0.0,9.8
6.873,0.0195,0.0007,-0.0008,-0.0015,9.8
6.874,0.0142,0.003,-0.0046,-0.003,9.8
6.875,0.012,0.0075,-0.0046,-0.0046,9.8
6.876,0.0127,0.0112,-0.0023,-0.003,9.8
6.877,0.0067,0.0082,-0.0015,-0.0008,9.8
6.878,0.0052,0.0045,-0.0046,-0.0023,9.8
6.879,0.0022,-0.0038,-0.0053,-0.0015,9.7
6.88,-0.003,-0.0091,-0.0068,-0.0008,9.7
6.881,-0.0038,-0.0046,-0.006,0.0,9.7
6.882,-0.0068,-0.0023,0.0,0.0,9.7
6.883,-0.0038,-0.0046,0.0045,0.0015,9.7
6.884,-0.0046,-0.0015,0.0015,0.0007,9.7
6.885,-0.003,-0.0008,-0.0053,-0.0015,9.7
6.886,-0.003,-0.0008,-0.0113,-0.003,9.7
6.887,-0.0068,-0.0015,-0.0091,-0.003,9.7
6.888,0.0015,-0.0008,-0.0038,-0.0008,9.6
6.889,0.0067,0.0007,-0.0015,-0.0008,9.6
6.89,0.003,0.0022,-0.0008,-0.0008,9.6
6.891,-0.0083,0.0097,0.0082,-0.0015,9.6
6.892,-0.0091,0.0067,0.009,-0.003,9.6
6.893,0.0067,0.0045,0.0082,-0.003,9.6
6.894,0.015,0.0015,0.0157,-0.0046,9.6
6.895,0.012,-0.0135,0.0202,-0.0046,9.6
6.896,0.012,-0.015,0.0277,-0.0015,9.6
6.897,0.009,0.003,0.0277,-0.0008,9.6
6.898,0.0082,0.0052,0.0232,-0.0015,9.5
6.899,0.0082,0.0015,0.0127,-0.0015,9.5
6.9,0.0037,0.003,0.0022,0.0,9.5
6.901,0.0052,-0.0015,-0.0015,-0.0015,9.3
6.902,0.0015,-0.003,-0.0068,-0.0023,9.1
6.903,-0.0075,-0.0068,-0.012,0.0,8.9
6.904,-0.0083,-0.0046,-0.0135,-0.0008,8.6
6.905,-0.0068,-0.0015,-0.0143,-0.0015,8.4
6.906,-0.0053,-0.0023,-0.012,-0.0008,8.2
6.907,-0.0053,0.0015,-0.0091,-0.0008,8.0
6.908,-0.0046,0.0015,-0.006,-0.0015,7.8
6.909,-0.003,0.003,-0.0046,-0.0008,7.6
6.91,-0.0038,0.0022,-0.0023,-0.0015,7.3
6.911,-0.0038,0.0007,0.003,-0.0008,7.1
6.912,-0.0083,0.0,0.0082,-0.0008,6.9
6.913,-0.012,0.0,0.0112,-0.0008,6.7
6.914,-0.0083,0.0,0.012,0.0,6.4
6.915,-0.003,-0.003,0.0082,-0.0008,6.2
6.916,0.006,-0.0023,0.0045,0.0007,6.0
6.917,0.0142,-0.0015,0.0052,-0.0015,5.8
6.918,0.0165,-0.0046,0.0037,-0.0015,5.6
6.919,0.027,-0.0008,-0.0008,0.0007,5.3
6.92,0.033,0.0067,0.0007,0.0007,5.1
6.921,-0.0008,-0.006,0.0067,0.0,5.1
6.922,,,,,5.1
6.923,,,,,5.1
6.924,,,,,5.1
6.925,,,,,5.1
6.926,,,,,5.1
6.927,,,,,5.1
6.928,,,,,5.1
6.929,,,,,5.1
6.93,,,,,5.1
6.931,,,,,5.1
6.932,,,,,5.1
6.933,,,,,5.1
6.934,,,,,5.1
6.935,,,,,5.1
6.936,,,,,5.1
6.937,,,,,5.1
6.938,,,,,5.1
6.939,,,,,5.1
6.94,,,,,
