Time_s,RF,BF,VM,ST,FX
0.0,0.0015,0.0052,0.0075,-0.006,-46.0
0.001,0.0015,0.003,0.0052,-0.0053,-46.0
0.002,-0.003,0.0015,0.009,-0.0038,-46.0
0.003,-0.003,0.003,0.012,-0.003,-45.9
0.004,0.0,0.0045,0.0142,-0.0008,-45.9
0.005,0.0007,0.0015,0.0157,0.0,-45.9
0.006,0.0037,-0.0015,0.0067,-0.003,-45.9
0.007,0.003,0.0,-0.0008,-0.0008,-45.8
0.008,0.0015,-0.0015,-0.012,0.0007,-45.8
0.009,0.0007,-0.003,-0.0233,0.0007,-45.8
0.01,0.0015,-0.0038,-0.0248,0.0,-45.7
0.011,-0.003,-0.006,-0.0285,-0.0008,-45.7
0.012,-0.0053,-0.0053,-0.0256,-0.0008,-45.7
0.013,-0.0023,-0.0053,-0.0195,-0.0008,-45.6
0.014,-0.0015,-0.0053,-0.0105,0.0007,-45.6
0.015,0.0,-0.0046,-0.0053,0.0015,-45.5
0.016,-0.0015,-0.0046,-0.0015,0.0007,-45.5
0.017,-0.0046,-0.0038,0.0075,0.003,-45.5
0.018,-0.0015,0.0,0.0127,0.0045,-45.5
0.019,-0.0046,0.0007,0.0165,0.0045,-45.5
0.02,-0.0046,0.0007,0.0187,0.0045,-45.4
0.021,-0.0023,0.0022,0.0202,0.0015,-45.4
0.022,-0.0053,0.0037,0.0202,0.0007,-45.3
0.023,-0.0046,0.003,0.0142,-0.0008,-45.3
0.024,-0.0038,0.0022,0.0097,-0.0015,-45.2
0.025,-0.0008,0.0037,0.0045,-0.0015,-45.2
0.026,0.0007,0.0037,0.0015,-0.003,-45.2
0.027,0.0,0.0015,-0.0015,-0.003,-45.1
0.028,-0.003,0.0022,-0.0008,-0.003,-45.1
0.029,-0.0046,0.0,0.0007,-0.0023,-45.0
0.03,-0.0015,-0.0008,-0.0008,-0.0015,-45.0
0.031,-0.003,-0.0015,0.0007,-0.0015,-45.0
0.032,-0.0015,-0.003,0.0022,-0.0015,-44.9
0.033,-0.0046,-0.0023,0.0082,-0.0015,-44.9
0.034,-0.003,-0.0015,0.0082,-0.0008,-44.8
0.035,0.0,-0.003,0.0105,-0.0008,-44.8
0.036,-0.0015,-0.003,0.012,-0.0008,-44.8
0.037,-0.0008,-0.0023,0.0045,-0.0008,-44.7
0.038,-0.0046,-0.003,0.006,-0.0015,-44.7
0.039,-0.0053,-0.003,0.0067,-0.0008,-44.6
0.04,-0.003,-0.0038,0.0045,-0.0008,-44.6
0.041,-0.0053,-0.0053,-0.0008,0.0,-44.6
0.042,-0.0068,-0.0046,-0.0053,-0.0008,-44.5
0.043,-0.0068,-0.0015,-0.0083,-0.0008,-44.5
0.044,-0.0091,-0.0015,-0.0083,0.0015,-44.4
0.045,-0.0128,-0.0008,-0.0046,-0.0008,-44.3
0.046,-0.0135,0.0007,0.0007,-0.0008,-44.3
0.047,-0.0181,0.0007,0.0015,0.0,-44.2
0.048,-0.0195,-0.0008,0.003,-0.0008,-44.2
0.049,-0.0203,-0.0015,0.006,-0.0008,-44.1
0.05,-0.0263,-0.0015,0.0052,-0.003,-44.1
0.051,-0.0263,-0.0023,0.0075,-0.0015,-44.0
0.052,-0.0278,-0.0023,0.009,-0.0008,-44.0
0.053,-0.0315,-0.0023,0.0075,0.0,-43.9
0.054,-0.0346,-0.003,0.0082,0.0007,-43.9
0.055,-0.0375,-0.003,0.0052,-0.0008,-43.8
0.056,-0.039,-0.0008,0.0052,0.0007,-43.8
0.057,-0.0383,0.0007,0.0045,0.0,-43.7
0.058,-0.039,0.0007,0.0022,0.0,-43.7
0.059,-0.0383,0.0007,0.0052,0.0,-43.6
0.06,-0.0315,0.0015,0.0007,0.0022,-43.6
0.061,-0.0181,0.0015,0.0015,0.003,-43.5
0.062,0.0052,0.0015,0.0015,0.0007,-43.4
0.063,0.039,0.0007,-0.0008,0.0022,-43.4
0.064,0.066,0.0,0.0007,0.0022,-43.3
0.065,0.0825,-0.0015,-0.0053,0.003,-43.2
0.066,0.0907,-0.003,-0.0046,0.0037,-43.2
0.067,0.0885,-0.0008,-0.003,0.0022,-43.1
0.068,0.084,-0.0008,-0.0038,0.0015,-43.0
0.069,0.075,-0.0015,-0.0046,0.0015,-42.9
0.07,0.0675,0.0,-0.003,-0.0008,-42.9
0.071,0.0607,0.0,0.003,-0.0008,-42.8
0.072,0.054,-0.0008,0.0015,-0.0023,-42.8
0.073,0.0517,-0.0008,0.0015,-0.0046,-42.7
0.074,0.0427,-0.0015,-0.0015,-0.003,-42.6
0.075,0.039,-0.0015,-0.0008,-0.0023,-42.5
0.076,0.0405,-0.0008,0.003,-0.0015,-42.5
0.077,0.0345,0.0007,-0.0008,-0.0023,-42.4
0.078,0.039,0.0015,0.003,-0.0015,-42.3
0.079,0.0367,0.0007,0.0,-0.0015,-42.3
0.08,0.0382,0.0,-0.0015,-0.0008,-42.2
0.081,0.0405,0.0015,-0.0023,-0.0008,-42.1
0.082,0.0345,0.0007,-0.006,-0.0023,-42.0
0.083,0.0345,0.0007,-0.0068,0.0007,-41.9
0.084,0.0255,-0.0008,-0.0105,-0.0008,-41.9
0.085,0.018,-0.0008,-0.0105,-0.0008,-41.8
0.086,0.0097,0.0007,-0.0128,0.0,-41.7
0.087,0.0007,0.0,-0.012,0.0,-41.6
0.088,-0.0023,0.0,-0.0075,-0.0008,-41.5
0.089,-0.0113,-0.0015,-0.0015,0.0015,-41.4
0.09,-0.0181,-0.0015,0.003,0.003,-41.3
0.091,-0.0285,0.0007,0.0015,0.0007,-41.2
0.092,-0.042,-0.0015,0.0007,-0.0015,-41.1
0.093,-0.0473,-0.003,0.0007,-0.0046,-41.0
0.094,-0.0563,-0.0038,0.0015,-0.0038,-41.0
0.095,-0.06,-0.003,0.0007,-0.0015,-40.9
0.096,-0.0593,-0.0023,0.0007,-0.0015,-40.8
0.097,-0.0593,-0.0038,0.0045,-0.0008,-40.7
0.098,-0.0518,-0.0053,0.0052,-0.0023,-40.6
0.099,-0.042,-0.0053,0.0082,-0.0015,-40.5
0.1,-0.0308,-0.0038,0.006,0.0,-40.4
0.101,-0.015,-0.0038,0.0067,0.0007,-40.3
0.102,0.0,-0.0023,0.0067,0.0022,-40.2
0.103,0.0217,-0.0008,0.0082,0.003,-40.1
0.104,0.0457,-0.0023,0.0105,0.0007,-40.0
0.105,0.0682,-0.0008,0.0075,-0.0015,-39.8
0.106,0.09,-0.0008,0.006,-0.0023,-39.7
0.107,0.0967,-0.0008,0.0052,-0.0008,-39.6
0.108,0.0915,-0.0015,0.006,0.0015,-39.5
0.109,0.0765,-0.0008,0.0052,0.0015,-39.4
0.11,0.0517,0.0015,0.003,-0.0008,-39.2
0.111,0.024,0.0,0.0007,-0.0008,-39.1
0.112,-0.0098,0.0,0.0007,-0.0008,-39.0
0.113,-0.0353,-0.0015,0.003,0.0007,-38.9
0.114,-0.0533,-0.0068,0.0015,-0.0008,-38.8
0.115,-0.0706,-0.0068,0.0045,-0.0008,-38.7
0.116,-0.078,-0.0046,0.0052,0.0015,-38.5
0.117,-0.0893,-0.0053,0.0045,0.0007,-38.4
0.118,-0.0938,-0.003,0.0045,0.0007,-38.3
0.119,-0.0893,-0.003,0.0045,0.0007,-38.2
0.12,-0.0833,-0.0023,0.0067,0.0,-38.1
0.121,-0.0765,0.0015,0.006,-0.0008,-37.9
0.122,-0.0735,0.0,0.0052,-0.0015,-37.8
0.123,-0.0683,-0.0015,0.009,-0.0008,-37.6
0.124,-0.0653,0.0015,0.0105,-0.0008,-37.5
0.125,-0.0593,0.0045,0.012,0.0007,-37.3
0.126,-0.0495,0.0045,0.0127,0.0007,-37.2
0.127,-0.0458,0.003,0.012,-0.0015,-37.0
0.128,-0.0361,-0.0008,0.0097,-0.0038,-36.9
0.129,-0.0323,-0.0046,-0.0008,-0.0053,-36.7
0.13,-0.0308,-0.0046,-0.0038,-0.003,-36.5
0.131,-0.024,-0.0008,-0.0023,0.0007,-36.4
0.132,-0.0233,0.0067,-0.0023,0.003,-36.3
0.133,-0.0181,0.0082,0.0015,0.0022,-36.1
0.134,-0.012,0.003,0.0022,0.0007,-36.0
0.135,-0.0091,0.0015,0.0045,-0.003,-35.8
0.136,-0.0038,-0.0015,0.0045,-0.0068,-35.6
0.137,-0.0023,-0.0023,0.0045,-0.0075,-35.5
0.138,0.0,0.003,0.0067,-0.0023,-35.4
0.139,0.0007,0.0045,0.0045,-0.0008,-35.2
0.14,0.0015,0.0052,0.0045,0.0,-35.1
0.141,0.003,0.0045,0.009,0.0007,-34.9
0.142,0.003,0.0045,0.0165,0.0007,-34.7
0.143,0.0082,0.003,0.0157,0.0007,-34.5
0.144,0.0082,0.0015,0.0105,0.0015,-34.4
0.145,0.012,0.0045,0.0045,-0.0008,-34.2
0.146,0.0165,0.003,-0.0075,-0.0008,-34.0
0.147,0.018,0.0015,-0.012,0.0007,-33.8
0.148,0.0217,0.0007,-0.0181,0.0015,-33.7
0.149,0.0202,0.0,-0.0181,0.0022,-33.5
0.15,0.0157,0.0015,-0.012,0.0007,-33.3
0.151,0.009,0.0015,-0.0113,-0.0008,-33.2
0.152,-0.0008,0.0015,-0.0053,0.0007,-33.0
0.153,-0.0015,0.0007,-0.0008,0.0007,-32.8
0.154,0.0097,-0.0023,0.003,0.0007,-32.6
0.155,0.0225,-0.006,0.0007,-0.0023,-32.4
0.156,0.0307,-0.0038,0.003,-0.0053,-32.3
0.157,0.0315,-0.003,0.0097,-0.0053,-32.1
0.158,0.0247,0.0007,0.0082,-0.003,-32.0
0.159,0.015,0.006,0.0082,0.0,-31.8
0.16,0.009,0.0082,0.0082,0.0007,-31.6
0.161,0.0007,0.009,0.0067,0.0015,-31.4
0.162,-0.0046,0.0052,0.0052,0.0022,-31.2
0.163,-0.0038,0.0007,0.0037,0.0015,-31.0
0.164,-0.0053,-0.0105,0.0052,-0.0023,-30.8
0.165,-0.0015,-0.012,0.0045,-0.0015,-30.6
0.166,0.0,-0.0068,0.0045,-0.0008,-30.3
0.167,0.0052,-0.0053,0.003,-0.0023,-30.2
0.168,0.009,-0.0015,0.0037,-0.0023,-29.9
0.169,0.0075,-0.0015,0.0097,-0.0015,-29.7
0.17,0.006,-0.0008,0.0217,-0.0008,-29.5
0.171,-0.0015,0.0015,0.0315,0.0,-29.3
0.172,0.0007,0.0007,0.0232,0.0007,-29.1
0.173,0.0067,-0.0015,0.009,0.0015,-28.9
0.174,0.0075,-0.0008,-0.0098,0.0007,-28.7
0.175,0.0105,0.0015,-0.0263,0.0022,-28.5
0.176,0.0037,-0.0015,-0.0353,0.0015,-28.3
0.177,0.003,-0.003,-0.0405,0.0,-28.1
0.178,0.0052,-0.0046,-0.0368,0.0007,-27.9
0.179,0.006,-0.003,-0.0315,0.0015,-27.7
0.18,0.0105,-0.0015,-0.0195,0.003,-27.5
0.181,0.0045,0.0015,-0.0128,0.003,-27.2
0.182,0.0045,0.0015,-0.0083,0.0037,-27.0
0.183,0.0037,0.0015,-0.003,0.0007,-26.8
0.184,-0.0015,0.0022,0.0007,-0.0008,-26.6
0.185,0.0037,-0.0015,0.0015,-0.0015,-26.3
0.186,0.0045,-0.0015,-0.006,-0.0091,-26.1
0.187,0.0037,-0.003,-0.0068,-0.0068,-25.9
0.188,0.0045,-0.0008,-0.0098,-0.0038,-25.7
0.189,0.0,0.0007,-0.0091,-0.0015,-25.5
0.19,-0.0008,0.0022,0.0007,0.0015,-25.2
0.191,-0.0008,0.003,0.0067,-0.0008,-25.0
0.192,-0.0015,0.0022,0.0097,0.0022,-24.8
0.193,0.0037,0.0007,0.0022,-0.0008,-24.6
0.194,0.006,-0.0008,-0.003,-0.0015,-24.3
0.195,0.009,-0.0008,-0.0068,0.0,-24.1
0.196,0.0105,-0.0008,-0.0053,-0.0008,-23.9
0.197,0.0112,-0.003,0.0015,0.003,-23.7
0.198,0.0082,-0.003,0.0067,0.0037,-23.5
0.199,0.0045,0.0015,0.0142,0.0037,-23.3
0.2,0.0052,0.003,0.0127,0.003,-23.0
0.201,0.0015,0.0037,0.0195,0.003,-22.8
0.202,0.0007,0.0075,0.0232,0.0022,-22.6
0.203,0.0007,0.003,0.0247,0.0,-22.3
0.204,-0.003,-0.0075,0.0285,-0.0008,-22.1
0.205,-0.0046,-0.0143,0.0202,-0.003,-21.9
0.206,-0.0068,-0.0113,0.0157,-0.0038,-21.6
0.207,-0.0053,-0.003,0.0045,-0.0083,-21.4
0.208,-0.0046,-0.0038,-0.0008,-0.0083,-21.2
0.209,-0.006,0.006,-0.003,-0.0068,-20.9
0.21,-0.0046,0.0127,-0.0143,-0.0046,-20.7
0.211,-0.0113,0.009,-0.0181,-0.0008,-20.4
0.212,-0.0165,0.0052,-0.0203,0.0,-20.2
0.213,-0.0165,0.0037,-0.0143,0.0022,-20.0
0.214,-0.0068,0.0037,-0.0083,0.0015,-19.8
0.215,0.0037,0.0007,-0.0075,0.0007,-19.5
0.216,0.0142,0.0015,-0.0053,-0.0008,-19.3
0.217,0.0262,0.0015,-0.0046,-0.0008,-19.0
0.218,0.0262,0.003,0.0007,0.0007,-18.8
0.219,0.0232,0.0075,0.0007,0.0015,-18.5
0.22,0.0142,0.0052,0.0052,0.0045,-18.3
0.221,0.0015,0.0052,0.018,0.0037,-18.1
0.222,-0.0053,0.0007,0.0277,0.0052,-17.8
0.223,-0.015,-0.0046,0.0307,0.0045,-17.6
0.224,-0.0165,-0.0091,0.0352,0.0045,-17.4
0.225,-0.015,-0.0083,0.0367,0.0052,-17.1
0.226,-0.012,-0.0046,0.0262,0.0007,-16.9
0.227,-0.003,-0.003,0.0127,0.003,-16.7
0.228,-0.0015,0.0007,-0.0083,0.0037,-16.4
0.229,0.0015,0.0037,-0.027,0.0007,-16.2
0.23,0.0052,0.0082,-0.0383,-0.0015,-15.9
0.231,0.0045,0.0105,-0.042,-0.0008,-15.7
0.232,0.006,0.0082,-0.0315,-0.0008,-15.4
0.233,0.0067,0.003,-0.0068,-0.0046,-15.2
0.234,0.0052,-0.0068,0.0517,-0.006,-15.0
0.235,0.0007,-0.0195,0.078,-0.0098,-14.7
0.236,-0.0053,-0.027,0.063,-0.0091,-14.5
0.237,-0.0128,-0.0225,0.0442,-0.0053,-14.3
0.238,-0.0158,-0.0128,-0.003,-0.003,-14.0
0.239,-0.0143,-0.0023,-0.039,0.0015,-13.8
0.24,-0.0143,0.012,-0.0638,0.0075,-13.5
0.241,-0.0091,0.024,-0.0675,0.0082,-13.3
0.242,-0.0015,0.0217,-0.048,0.0067,-13.1
0.243,0.0022,0.003,-0.0285,0.0045,-12.9
0.244,0.0052,-0.0083,0.0007,0.0052,-12.7
0.245,0.0082,-0.0083,0.0157,0.0045,-12.5
0.246,0.006,-0.0091,0.0367,-0.0008,-12.3
0.247,0.0067,-0.0068,0.051,-0.0015,-12.1
0.248,0.0097,0.0022,0.0457,-0.0038,-11.8
0.249,0.0052,0.012,0.0352,-0.0068,-11.7
0.25,0.003,0.0067,0.0142,-0.0083,-11.4
0.251,-0.0015,0.0037,0.0067,-0.0038,-11.2
0.252,-0.0091,0.0067,-0.0008,0.0,-11.0
0.253,-0.012,-0.0046,0.003,-0.0038,-10.8
0.254,-0.012,-0.0165,0.0105,-0.006,-10.6
0.255,-0.0053,-0.027,0.0247,-0.006,-10.4
0.256,-0.003,-0.0203,0.0517,-0.0046,-10.2
0.257,-0.0008,-0.0038,0.0532,-0.0008,-9.9
0.258,0.0007,0.0022,0.0427,0.0015,-9.7
0.259,0.003,0.009,0.027,0.0037,-9.5
0.26,0.006,0.0127,0.0082,0.0037,-9.3
0.261,0.006,0.0022,0.0202,0.006,-9.1
0.262,0.0105,-0.0053,0.027,0.0045,-9.0
0.263,0.0105,0.0015,0.0067,-0.0015,-8.8
0.264,0.0015,0.0045,-0.0098,-0.0008,-8.6
0.265,-0.0046,0.0075,-0.0436,0.0015,-8.5
0.266,-0.0053,0.0187,-0.0653,0.0007,-8.3
0.267,-0.0046,0.0142,-0.078,-0.0008,-8.1
0.268,-0.0046,0.0007,-0.0765,-0.003,-8.0
0.269,-0.0023,0.0045,-0.0458,0.0007,-7.8
0.27,-0.0046,0.012,-0.0233,0.0022,-7.7
0.271,-0.0053,0.0037,0.0007,-0.0008,-7.5
0.272,-0.006,-0.0068,0.0037,-0.0008,-7.3
0.273,-0.0068,-0.0068,0.018,0.003,-7.2
0.274,-0.0068,-0.0068,0.048,0.0045,-7.0
0.275,-0.0083,-0.0083,0.087,0.0037,-6.8
0.276,-0.0068,0.0052,0.1042,0.0045,-6.7
0.277,-0.003,0.0217,0.063,0.0067,-6.5
0.278,-0.006,0.027,0.0232,0.0082,-6.3
0.279,-0.012,0.0165,-0.0383,0.0007,-6.2
0.28,-0.012,0.0007,-0.0758,-0.006,-6.0
0.281,-0.0083,-0.0128,-0.0833,-0.0068,-5.9
0.282,0.0045,-0.0256,-0.0728,-0.0165,-5.7
0.283,0.0157,-0.0218,-0.0353,-0.0165,-5.6
0.284,0.021,-0.0091,-0.0068,0.003,-5.5
0.285,0.0277,0.0045,0.021,0.0367,-5.4
0.286,0.0277,0.0052,0.0217,0.057,-5.2
0.287,0.0247,-0.0053,0.0217,-0.0023,-5.1
0.288,0.018,-0.0105,0.0007,-0.057,-5.0
0.289,0.0082,-0.0143,-0.0315,-0.039,-4.8
0.29,-0.003,0.0022,-0.0405,-0.0308,-4.7
0.291,-0.0135,0.0232,-0.0645,-0.0091,-4.6
0.292,-0.0135,0.0292,-0.0593,0.003,-4.5
0.293,-0.0091,0.0352,-0.0503,-0.0015,-4.3
0.294,-0.0068,0.0232,-0.0285,-0.003,-4.2
0.295,-0.003,-0.0113,0.0007,-0.021,-4.1
0.296,-0.0038,-0.0405,0.012,-0.0256,-3.9
0.297,-0.0053,-0.0338,0.0375,-0.0023,-3.8
0.298,-0.006,-0.0143,0.0412,0.0502,-3.7
0.299,-0.0038,-0.0105,0.042,0.0615,-3.6
0.3,0.0015,-0.0053,0.0315,0.054,-3.4
0.301,-0.0015,-0.0158,0.0202,0.0457,-3.4
0.302,-0.0053,-0.024,0.0217,0.0277,-3.3
0.303,-0.0068,-0.0008,0.012,0.033,-3.2
0.304,-0.0105,0.024,0.0097,0.0142,-3.2
0.305,-0.0068,0.0307,0.0007,-0.0098,-3.1
0.306,-0.0008,0.0315,-0.0015,-0.0691,-3.0
0.307,0.0067,0.039,0.003,-0.15,-3.0
0.308,0.0097,0.0457,0.003,-0.1088,-2.9
0.309,0.0067,0.0225,0.0112,-0.0023,-2.8
0.31,0.0015,-0.0128,0.012,0.0075,-2.7
0.311,-0.006,-0.0346,0.0097,-0.0083,-2.7
0.312,-0.0083,-0.0368,0.003,0.0022,-2.7
0.313,-0.0083,-0.0143,0.006,0.0045,-2.6
0.314,-0.012,0.0075,0.0187,0.0165,-2.5
0.315,-0.012,0.0217,0.033,0.0082,-2.4
0.316,-0.012,0.0217,0.0405,-0.0008,-2.4
0.317,-0.0128,0.0082,0.0322,-0.0128,-2.3
0.318,-0.0075,0.0127,0.0292,-0.003,-2.3
0.319,-0.0083,0.0397,0.0442,0.0577,-2.2
0.32,-0.0053,0.045,0.0787,0.063,-2.1
0.321,-0.0015,0.0045,0.075,-0.0083,-2.1
0.322,-0.0008,-0.0225,0.0345,-0.0525,-2.1
0.323,0.0045,-0.0248,-0.021,-0.0353,-2.1
0.324,0.0067,-0.048,-0.0848,0.0007,-2.1
0.325,0.0045,-0.0585,-0.1268,-0.0105,-2.1
0.326,0.0015,-0.078,-0.156,0.0045,-2.1
0.327,-0.003,-0.1125,-0.1485,0.0742,-2.1
0.328,-0.0068,-0.12,-0.1043,0.0937,-2.1
0.329,-0.0008,-0.105,-0.0555,0.0855,-2.1
0.33,-0.0068,-0.0518,-0.003,0.09,-2.1
0.331,-0.021,0.0382,0.0382,0.1095,-2.1
0.332,-0.0218,0.1245,0.057,0.1042,-2.1
0.333,-0.0233,0.1755,0.0592,0.0442,-2.1
0.334,-0.0143,0.126,0.0525,-0.0293,-2.1
0.335,-0.003,-0.0256,0.0345,-0.0825,-2.1
0.336,0.0015,-0.1043,0.0157,-0.1155,-2.1
0.337,0.0105,-0.099,0.0082,-0.159,-2.1
0.338,0.0135,-0.039,0.0082,-0.2385,-2.1
0.339,0.0195,0.1035,0.0105,-0.231,-2.1
0.34,0.024,0.2272,0.0112,-0.0833,-2.1
0.341,0.0135,0.2805,0.0217,0.0292,-2.1
0.342,-0.003,0.2017,0.042,0.1125,-2.2
0.343,-0.0091,0.081,0.0555,0.165,-2.2
0.344,-0.0128,0.012,0.0517,0.1612,-2.3
0.345,-0.015,-0.054,0.0375,0.1552,-2.3
0.346,-0.0128,-0.0728,0.0277,0.0862,-2.3
0.347,-0.0083,-0.0773,0.0465,0.0255,-2.4
0.348,0.0045,-0.0803,0.075,-0.0165,-2.4
0.349,0.0157,-0.0818,0.0727,-0.0713,-2.5
0.35,0.0142,-0.0825,0.051,-0.0721,-2.5
0.351,-0.0015,-0.0615,0.0045,-0.0308,-2.6
0.352,-0.0105,-0.042,-0.0488,0.0682,-2.6
0.353,-0.0143,-0.0263,-0.0728,0.0967,-2.7
0.354,-0.0188,-0.0263,-0.0885,-0.0158,-2.7
0.355,-0.0008,-0.0218,-0.0818,-0.1118,-2.7
0.356,0.0165,-0.0248,-0.0706,-0.1478,-2.8
0.357,0.0262,-0.0203,-0.063,-0.1785,-2.8
0.358,0.0277,0.0022,-0.0405,-0.1823,-2.9
0.359,0.0127,0.024,-0.0315,-0.0683,-2.9
0.36,-0.0046,0.03,-0.027,0.1132,-3.0
0.361,-0.0285,-0.006,-0.0158,0.24,-3.1
0.362,-0.0518,-0.0398,0.009,0.2535,-3.1
0.363,-0.0623,-0.081,0.0405,0.165,-3.2
0.364,-0.063,-0.1305,0.0547,0.0847,-3.3
0.365,-0.0548,-0.129,0.0645,-0.0915,-3.4
0.366,-0.0353,-0.0893,0.069,-0.2806,-3.4
0.367,0.003,-0.0173,0.057,-0.1643,-3.5
0.368,0.0532,-0.0165,0.045,-0.0428,-3.6
0.369,0.087,-0.105,0.0322,-0.012,-3.6
0.37,0.0885,-0.1298,0.0232,-0.0398,-3.7
0.371,0.0667,-0.1095,0.0292,-0.1838,-3.8
0.372,0.0352,-0.0046,0.0585,-0.1853,-3.9
0.373,0.03,0.1672,0.075,-0.099,-4.0
0.374,0.0607,0.3195,0.048,0.1477,-4.1
0.375,0.0892,0.3817,0.0127,0.2497,-4.1
0.376,0.0885,0.3037,-0.0405,0.1177,-4.2
0.377,0.0562,0.1972,-0.081,0.1087,-4.3
0.378,0.012,0.06,-0.0848,0.0465,-4.4
0.379,-0.0323,-0.0233,-0.0638,-0.0128,-4.4
0.38,-0.0668,-0.0436,-0.0361,-0.0203,-4.5
0.381,-0.0818,-0.0615,-0.0256,-0.0173,-4.5
0.382,-0.084,-0.0518,0.003,0.0157,-4.6
0.383,-0.0758,-0.0511,0.0105,0.0555,-4.6
0.384,-0.0563,-0.0248,-0.0015,0.1927,-4.7
0.385,-0.0338,0.0,0.0127,0.2122,-4.7
0.386,-0.0098,-0.0038,0.045,0.0165,-4.8
0.387,0.0105,-0.0308,0.063,-0.0405,-4.8
0.388,0.0225,-0.0548,0.0405,-0.0143,-4.9
0.389,0.0255,-0.0765,0.0142,-0.0503,-4.9
0.39,0.0052,-0.0893,-0.0315,-0.0308,-5.0
0.391,-0.0195,-0.0653,-0.0743,-0.0436,-5.0
0.392,-0.0315,-0.057,-0.0848,-0.0615,-5.0
0.393,-0.0308,-0.0653,-0.0863,-0.0706,-5.0
0.394,-0.0256,-0.105,-0.0503,-0.0728,-5.1
0.395,-0.0128,-0.1463,0.0097,-0.105,-5.1
0.396,0.0037,-0.1448,0.0675,-0.147,-5.2
0.397,0.0112,-0.1275,0.075,-0.105,-5.2
0.398,0.0157,-0.1043,0.027,-0.0803,-5.3
0.399,0.0195,-0.0578,-0.0368,-0.0353,-5.3
0.4,0.0225,0.0427,-0.093,-0.0218,-5.4
0.401,0.0232,0.1522,-0.1193,-0.033,-5.4
0.402,0.0127,0.2197,-0.1028,0.0982,-5.3
0.403,-0.0075,0.294,-0.0615,0.2445,-5.3
0.404,-0.027,0.3165,-0.0225,0.2212,-5.2
0.405,-0.039,0.237,0.0255,0.1492,-5.1
0.406,-0.045,0.1162,0.075,0.0772,-5.1
0.407,-0.0315,-0.0068,0.114,-0.0368,-5.0
0.408,-0.0098,-0.0706,0.141,-0.0285,-5.0
0.409,0.0165,-0.0953,0.129,0.0675,-5.0
0.41,0.0427,-0.1073,0.0817,0.0645,-4.9
0.411,0.0585,-0.1035,0.018,-0.0068,-4.8
0.412,0.0682,-0.0893,-0.0488,-0.042,-4.8
0.413,0.045,-0.0555,-0.0915,-0.0361,-4.7
0.414,0.0195,-0.0443,-0.1215,-0.0218,-4.7
0.415,0.009,-0.0608,-0.1253,-0.0825,-4.6
0.416,-0.0098,-0.1073,-0.0938,-0.0871,-4.6
0.417,-0.0181,-0.1365,-0.0638,-0.0353,-4.5
0.418,-0.0278,-0.093,-0.0195,-0.1013,-4.5
0.419,-0.0293,-0.0225,0.0225,-0.123,-4.4
0.42,-0.0248,0.0127,0.0517,-0.1598,-4.4
0.421,-0.0218,0.0015,0.0712,-0.1411,-4.4
0.422,-0.0068,-0.0015,0.0742,-0.0278,-4.4
0.423,0.0,0.012,0.0765,-0.0165,-4.4
0.424,0.012,-0.003,0.0675,0.1627,-4.4
0.425,0.0217,-0.0436,0.0517,0.2932,-4.5
0.426,0.0262,-0.0465,0.0277,0.015,-4.5
0.427,0.0277,-0.012,-0.0015,-0.2783,-4.5
0.428,0.0105,0.0577,-0.0098,-0.2438,-4.5
0.429,0.003,0.1522,-0.0046,-0.0083,-4.5
0.43,0.0007,0.207,0.0045,0.1605,-4.6
0.431,-0.0068,0.2107,0.0082,0.1312,-4.6
0.432,-0.0046,0.1567,0.0157,0.1117,-4.6
0.433,-0.0091,0.0877,0.0232,0.1432,-4.7
0.434,-0.0068,0.0322,0.0225,0.0697,-4.7
0.435,-0.0053,0.0,0.021,0.006,-4.7
0.436,-0.006,-0.0405,0.009,-0.0503,-4.8
0.437,-0.0046,-0.066,0.0007,-0.0413,-4.8
0.438,-0.0075,-0.0503,-0.0068,0.0615,-4.8
0.439,0.0,-0.0428,-0.0181,0.099,-4.8
0.44,0.0015,-0.0495,-0.0181,0.0255,-4.9
0.441,0.0015,-0.0653,-0.0105,-0.0158,-5.0
0.442,0.0015,-0.0765,0.0052,0.0315,-5.2
0.443,-0.0091,-0.0953,0.006,0.0495,-5.3
0.444,-0.0105,-0.0878,0.0045,0.0345,-5.4
0.445,-0.0113,-0.0563,0.0075,0.0307,-5.6
0.446,-0.0173,-0.033,0.0052,0.0307,-5.8
0.447,-0.027,-0.0181,0.012,0.003,-5.9
0.448,-0.0488,-0.0181,0.0112,0.0007,-6.0
0.449,-0.0473,-0.015,0.0105,-0.015,-6.2
0.45,-0.0315,-0.0143,0.0142,-0.0293,-6.3
0.451,-0.0158,-0.0128,0.0142,-0.0293,-6.5
0.452,0.0165,-0.0098,0.0165,-0.075,-6.6
0.453,0.0532,-0.0068,0.0052,-0.1605,-6.8
0.454,0.0862,-0.0015,-0.0173,-0.237,-6.9
0.455,0.1042,-0.0105,-0.0323,-0.1493,-7.1
0.456,0.0975,-0.0203,-0.0405,-0.048,-7.2
0.457,0.0562,-0.0203,-0.0443,-0.006,-7.3
0.458,0.0015,-0.0098,-0.0533,0.0315,-7.5
0.459,-0.033,0.0127,-0.0638,0.0195,-7.7
0.46,-0.0593,0.033,-0.0735,0.057,-7.8
0.461,-0.0721,0.0457,-0.0773,0.093,-7.9
0.462,-0.0721,0.066,-0.0683,0.1515,-8.1
0.463,-0.0593,0.075,-0.0555,0.144,-8.2
0.464,-0.0323,0.057,-0.0413,0.0225,-8.3
0.465,-0.0128,0.0442,-0.0315,0.0292,-8.5
0.466,0.0007,0.0345,-0.0128,0.066,-8.6
0.467,0.0127,0.0157,0.0075,0.0367,-8.8
0.468,0.018,0.0052,0.0195,-0.0038,-8.9
0.469,0.0165,0.0045,0.0322,-0.0218,-9.0
0.47,0.0127,0.003,0.0352,-0.0375,-9.2
0.471,0.0082,0.0067,0.0315,-0.06,-9.3
0.472,0.003,0.0082,0.021,-0.0488,-9.5
0.473,-0.0015,0.0,0.006,-0.0181,-9.6
0.474,-0.0083,0.0082,0.003,0.009,-9.7
0.475,-0.0083,0.0165,0.0082,0.0285,-9.9
0.476,0.0037,0.0015,0.0,0.0232,-10.0
0.477,0.0067,-0.0203,-0.0098,0.0105,-10.2
0.478,0.0022,-0.027,-0.0015,0.021,-10.3
0.479,-0.0068,-0.0398,0.018,0.021,-10.4
0.48,-0.0098,-0.0653,0.0562,0.0255,-10.6
0.481,-0.0113,-0.0615,0.1005,0.0277,-10.6
0.482,-0.0098,-0.027,0.105,-0.0091,-10.7
0.483,-0.015,0.0165,0.0795,-0.1006,-10.8
0.484,-0.0323,0.045,0.0615,-0.1335,-10.8
0.485,-0.0346,0.0772,0.0315,-0.0825,-10.9
0.486,-0.024,0.0915,-0.0091,-0.075,-11.0
0.487,-0.0083,0.0712,-0.0361,-0.0278,-11.0
0.488,0.0052,0.027,-0.0383,-0.0181,-11.1
0.489,0.0082,0.0105,-0.0173,-0.081,-11.2
0.49,0.018,0.018,0.0442,-0.0368,-11.3
0.491,0.03,-0.0083,0.1125,-0.0158,-11.3
0.492,0.0367,0.0097,0.1455,-0.0278,-11.3
0.493,0.0367,0.0165,0.1627,-0.0128,-11.4
0.494,0.006,-0.012,0.096,-0.0375,-11.5
0.495,-0.0353,-0.012,0.009,-0.024,-11.6
0.496,-0.0706,-0.0203,-0.054,0.0007,-11.6
0.497,-0.1028,-0.003,-0.111,0.0742,-11.7
0.498,-0.1021,0.0142,-0.1013,0.1635,-11.7
0.499,-0.0555,0.0045,-0.0818,0.1215,-11.8
0.5,0.0112,-0.012,-0.039,0.1065,-11.9
0.501,0.0592,-0.0165,0.0007,0.1492,-11.9
0.502,0.0877,-0.012,0.0157,0.1237,-11.8
0.503,0.0982,-0.015,0.0315,0.06,-11.8
0.504,0.0637,-0.0218,0.0382,0.0255,-11.8
0.505,0.0165,-0.0293,0.0457,-0.0256,-11.7
0.506,-0.0008,-0.0113,0.0285,-0.1095,-11.7
0.507,0.0127,0.0045,0.0105,-0.0938,-11.7
0.508,0.0352,0.015,-0.012,-0.0368,-11.7
0.509,0.066,0.0142,-0.021,-0.0248,-11.6
0.51,0.1042,0.009,-0.0128,-0.0353,-11.6
0.511,0.0952,0.0082,-0.0083,-0.0518,-11.6
0.512,0.0495,-0.0315,0.0015,-0.0315,-11.5
0.513,0.0052,-0.0698,0.0045,-0.0225,-11.5
0.514,-0.0405,-0.0743,0.0157,-0.0458,-11.5
0.515,-0.057,-0.0405,0.0232,-0.0443,-11.4
0.516,-0.0691,-0.0143,0.0015,-0.0375,-11.4
0.517,-0.0788,-0.0105,-0.0173,-0.0053,-11.3
0.518,-0.0721,-0.003,-0.0248,0.0622,-11.3
0.519,-0.054,-0.0015,-0.0225,0.1042,-11.3
0.52,-0.0256,0.0015,-0.0105,0.0832,-11.3
0.521,-0.012,-0.0008,-0.0128,0.0442,-11.2
0.522,-0.0053,0.0015,-0.0165,0.0217,-11.2
0.523,-0.0015,0.0007,-0.0263,0.006,-11.1
0.524,-0.0075,-0.0023,-0.0293,0.012,-11.1
0.525,-0.0128,-0.0053,-0.0293,-0.0098,-11.0
0.526,-0.0165,-0.0053,-0.0353,-0.0278,-11.0
0.527,-0.0143,-0.0046,-0.0285,0.0105,-10.9
0.528,-0.0158,-0.0083,-0.0338,0.0247,-10.9
0.529,-0.0203,-0.0023,-0.0263,0.0097,-10.8
0.53,-0.0195,0.0022,-0.0225,-0.0165,-10.8
0.531,-0.0158,-0.0053,-0.0181,-0.0863,-10.7
0.532,-0.0083,-0.0428,-0.0068,-0.1538,-10.7
0.533,0.0015,-0.0593,-0.0128,-0.189,-10.6
0.534,0.0067,-0.0188,-0.012,-0.189,-10.6
0.535,0.0067,0.006,-0.0023,-0.1441,-10.5
0.536,0.0067,0.0165,0.0195,0.0082,-10.5
0.537,0.0067,0.0442,0.0232,0.18,-10.4
0.538,0.0052,0.0675,0.0165,0.195,-10.4
0.539,0.0052,0.087,0.0052,0.1425,-10.4
0.54,0.006,0.087,-0.021,0.1132,-10.3
0.541,0.0052,0.0382,-0.0158,0.0517,-10.3
0.542,0.009,0.0015,-0.0023,0.0225,-10.3
0.543,0.0127,-0.0053,0.0105,0.012,-10.3
0.544,0.012,-0.0158,0.0142,-0.0083,-10.2
0.545,0.0127,-0.0105,-0.0023,0.0037,-10.2
0.546,0.021,-0.0105,-0.0233,-0.0105,-10.2
0.547,0.0232,-0.0143,-0.0428,-0.0015,-10.2
0.548,0.0165,-0.0143,-0.0465,-0.0023,-10.2
0.549,0.0037,-0.0128,-0.021,-0.0083,-10.1
0.55,-0.0105,0.0067,0.018,-0.0008,-10.1
0.551,-0.0135,0.0105,0.0457,-0.015,-10.1
0.552,-0.0143,-0.0083,0.0907,0.0045,-10.1
0.553,-0.0068,-0.0158,0.1305,0.0307,-10.1
0.554,0.0067,-0.0098,0.1072,0.0277,-10.0
0.555,0.0142,-0.0173,0.042,0.0015,-10.0
0.556,0.0307,-0.0165,-0.039,-0.0308,-10.0
0.557,0.0472,-0.0105,-0.1215,-0.0548,-10.0
0.558,0.0502,-0.006,-0.186,-0.0503,-10.0
0.559,0.0225,-0.0015,-0.198,-0.0368,-9.9
0.56,-0.0068,0.006,-0.1575,-0.0068,-9.9
0.561,-0.0233,0.0292,-0.09,0.0645,-9.9
0.562,-0.0428,0.0345,-0.0203,0.1042,-9.9
0.563,-0.0353,0.0127,0.0187,0.0465,-9.9
0.564,-0.0263,-0.0128,0.063,-0.0068,-9.9
0.565,-0.0143,-0.0203,0.0915,-0.03,-10.0
0.566,-0.0015,-0.012,0.0997,-0.0773,-10.0
0.567,-0.0143,0.0022,0.1005,-0.042,-10.0
0.568,-0.0248,0.012,0.072,0.0052,-10.0
0.569,-0.039,0.0217,0.0705,0.0105,-10.0
0.57,-0.042,0.036,0.063,0.0232,-10.0
0.571,-0.0383,0.0285,0.0517,0.0067,-10.0
0.572,-0.0195,-0.0008,0.042,-0.0218,-10.1
0.573,0.0165,-0.0143,0.0172,-0.0218,-10.1
0.574,0.039,0.0022,0.009,-0.0173,-10.1
0.575,0.0607,0.0165,0.0015,-0.0293,-10.1
0.576,0.0592,0.015,0.0037,-0.0248,-10.1
0.577,0.0495,-0.0046,0.0052,-0.0398,-10.1
0.578,0.0352,-0.0158,0.0067,-0.042,-10.1
0.579,0.0157,-0.006,0.0142,-0.0225,-10.2
0.58,0.0097,0.012,0.018,-0.0165,-10.2
0.581,-0.0075,0.0217,0.024,-0.0105,-10.2
0.582,-0.0203,0.0165,0.0195,0.0067,-10.2
0.583,-0.027,0.03,0.0082,0.0847,-10.2
0.584,-0.0315,0.0255,-0.0015,0.117,-10.2
0.585,-0.0293,-0.021,-0.0098,0.066,-10.2
0.586,-0.024,-0.0795,-0.0128,0.0502,-10.2
0.587,-0.0135,-0.1208,-0.0091,0.0007,-10.2
0.588,-0.006,-0.0818,-0.0008,-0.0653,-10.2
0.589,0.0,-0.0353,0.0127,-0.0495,-10.2
0.59,0.003,-0.024,0.045,-0.0518,-10.2
0.591,-0.0015,0.0022,0.0855,-0.0368,-10.2
0.592,-0.0165,0.0127,0.0975,-0.0135,-10.2
0.593,-0.0465,0.0247,0.1065,0.0067,-10.2
0.594,-0.0525,0.024,0.084,0.033,-10.2
0.595,-0.0293,0.0142,-0.003,0.0232,-10.3
0.596,0.0037,0.0142,-0.0765,0.0375,-10.3
0.597,0.0405,0.0082,-0.1598,0.0232,-10.3
0.598,0.0465,0.003,-0.1988,0.0045,-10.3
0.599,0.0397,-0.0083,-0.1763,0.0007,-10.3
0.6,0.03,-0.0203,-0.1118,0.0015,-10.3
0.601,0.018,-0.024,-0.0203,0.0067,-10.3
0.602,0.0105,-0.0278,0.0307,-0.0105,-10.3
0.603,-0.012,-0.0338,0.0787,-0.0285,-10.3
0.604,-0.0068,-0.0181,0.0735,-0.0863,-10.2
0.605,0.0052,0.003,0.063,-0.111,-10.2
0.606,0.0082,0.0195,0.0525,-0.0375,-10.2
0.607,0.0307,0.0315,0.0202,0.0015,-10.2
0.608,0.0367,0.0637,0.027,0.033,-10.2
0.609,0.0375,0.1147,0.0195,0.0705,-10.1
0.61,0.0277,0.0787,0.036,0.057,-10.1
0.611,-0.003,0.0082,0.0495,0.0472,-10.1
0.612,-0.0248,-0.0008,0.0607,0.0217,-10.1
0.613,-0.0398,-0.0105,0.0817,0.0202,-10.1
0.614,-0.0555,-0.012,0.0615,0.0187,-10.0
0.615,-0.0706,-0.0113,0.0465,0.003,-10.0
0.616,-0.0698,-0.0233,-0.0046,-0.0038,-10.0
0.617,-0.0563,-0.0195,-0.0608,-0.0105,-10.0
0.618,-0.0346,-0.0218,-0.1155,0.0052,-10.0
0.619,-0.0068,-0.0165,-0.159,0.003,-9.9
0.62,0.009,-0.015,-0.1328,-0.021,-9.9
0.621,0.0202,-0.0143,-0.093,-0.0788,-9.9
0.622,0.0247,-0.0105,-0.0256,-0.0645,-9.9
0.623,0.0217,-0.0023,0.0165,-0.0113,-9.9
0.624,0.0195,0.0232,0.0315,-0.0233,-9.9
0.625,0.0112,0.0307,0.0502,0.0052,-9.8
0.626,0.0097,0.018,0.0427,0.0082,-9.8
0.627,0.0097,-0.0046,0.048,0.0127,-9.8
0.628,0.006,-0.0308,0.0412,0.027,-9.8
0.629,0.0067,-0.0458,0.039,0.0127,-9.7
0.63,0.0052,-0.0465,0.039,0.0255,-9.7
0.631,0.0082,-0.0398,0.0345,0.0165,-9.7
0.632,0.0127,-0.0346,0.042,0.015,-9.6
0.633,0.012,-0.0188,0.03,0.0052,-9.6
0.634,0.0105,-0.0083,0.0315,-0.0188,-9.6
0.635,0.0067,-0.0091,0.0315,-0.027,-9.6
0.636,0.0,-0.0098,0.0307,-0.0128,-9.5
0.637,-0.0105,-0.003,0.0292,0.003,-9.5
0.638,-0.0248,0.0172,0.0105,0.0015,-9.5
0.639,-0.0338,0.0315,0.0067,0.0105,-9.5
0.64,-0.027,0.033,-0.0075,0.0052,-9.5
0.641,-0.0113,0.0142,-0.0203,0.0037,-9.5
0.642,0.0142,0.0007,-0.024,0.0045,-9.4
0.643,0.042,0.0052,-0.024,0.0007,-9.4
0.644,0.0472,-0.0023,0.0052,0.0015,-9.4
0.645,0.0315,-0.0015,0.0382,0.0052,-9.4
0.646,0.0142,0.003,0.0457,0.012,-9.4
0.647,0.003,-0.0053,0.0315,0.0067,-9.3
0.648,-0.0113,-0.0053,-0.0091,-0.0015,-9.3
0.649,-0.0128,0.0082,-0.0405,-0.0075,-9.3
0.65,-0.0046,0.0232,-0.0615,-0.0083,-9.3
0.651,0.0007,0.0187,-0.0758,-0.0075,-9.3
0.652,0.0157,0.006,-0.0495,-0.003,-9.2
0.653,0.0277,0.003,-0.0143,0.0007,-9.2
0.654,0.0277,0.0045,0.0127,-0.0038,-9.2
0.655,0.0142,0.0112,0.0217,-0.003,-9.2
0.656,-0.0053,0.006,0.033,-0.0038,-9.2
0.657,-0.0181,0.0075,0.0367,-0.0015,-9.1
0.658,-0.0315,0.0127,0.0187,0.0,-9.1
0.659,-0.0383,0.0127,0.012,-0.003,-9.1
0.66,-0.0338,0.024,-0.0023,0.0,-9.1
0.661,-0.024,0.0165,-0.0083,0.0067,-9.1
0.662,-0.015,0.0015,-0.0083,0.006,-9.0
0.663,-0.0143,-0.021,-0.0053,-0.0008,-9.0
0.664,-0.0143,-0.0465,0.0022,-0.0046,-9.0
0.665,-0.012,-0.0443,-0.0008,-0.0053,-9.0
0.666,-0.012,-0.024,0.0007,-0.003,-9.0
0.667,-0.0053,-0.0098,-0.0075,0.0,-9.0
0.668,-0.0008,0.0172,-0.0128,0.0082,-9.0
0.669,0.0022,0.0577,-0.015,0.015,-9.0
0.67,0.0075,0.06,-0.0135,0.0157,-9.0
0.671,0.0067,0.0345,-0.0083,0.009,-9.0
0.672,0.0097,-0.003,-0.0113,-0.003,-8.9
0.673,0.009,-0.0233,-0.0091,-0.0068,-8.9
0.674,0.0075,-0.0091,-0.0165,-0.0113,-8.9
0.675,0.003,-0.0008,-0.0233,-0.0113,-8.9
0.676,0.0022,0.006,-0.033,-0.0128,-8.9
0.677,0.0052,0.0187,-0.0428,-0.0256,-8.9
0.678,0.0022,0.0337,-0.0405,-0.0135,-8.9
0.679,-0.0015,0.0307,-0.0398,0.0255,-8.8
0.68,-0.0053,0.0255,-0.0278,0.0292,-8.8
0.681,-0.0053,0.0225,-0.0165,0.0157,-8.8
0.682,-0.003,0.0015,-0.0015,0.0112,-8.8
0.683,0.0015,-0.012,0.0195,-0.0083,-8.8
0.684,0.0067,-0.033,0.03,-0.0038,-8.8
0.685,0.0082,-0.0533,0.0345,-0.0046,-8.7
0.686,0.0045,-0.0473,0.0202,-0.0053,-8.7
0.687,0.0045,-0.027,0.0022,0.0007,-8.7
0.688,0.009,-0.012,-0.0143,-0.0053,-8.7
0.689,0.0052,-0.0105,-0.0248,-0.003,-8.7
0.69,0.003,-0.0023,-0.0256,-0.0023,-8.6
0.691,0.0015,-0.0015,-0.027,0.0015,-8.6
0.692,-0.0023,0.0022,-0.0203,0.003,-8.6
0.693,-0.0023,0.0082,-0.0165,0.0015,-8.6
0.694,-0.003,0.015,-0.012,-0.0015,-8.6
0.695,-0.0015,0.0105,-0.0105,-0.0068,-8.6
0.696,0.0007,-0.006,-0.0068,-0.003,-8.6
0.697,0.0,-0.0008,-0.003,0.0015,-8.6
0.698,-0.0015,0.012,-0.003,0.012,-8.6
0.699,-0.0023,0.0217,0.0052,0.0105,-8.5
0.7,-0.0038,0.0052,0.0067,0.003,-8.5
0.701,-0.003,-0.021,0.009,0.003,-8.5
0.702,0.0015,-0.0285,0.0135,-0.0053,-8.5
0.703,0.0007,-0.048,0.015,-0.0105,-8.4
0.704,-0.0023,-0.048,0.0202,-0.0075,-8.4
0.705,-0.0053,-0.0165,0.0172,-0.0015,-8.4
0.706,-0.0046,0.0067,0.0157,0.0052,-8.4
0.707,-0.0046,0.0285,0.0165,0.0105,-8.3
0.708,-0.0038,0.0352,0.0157,0.0082,-8.3
0.709,-0.003,0.0255,0.0165,0.0067,-8.3
0.71,-0.0053,0.0195,0.0142,0.0082,-8.2
0.711,-0.0075,0.012,0.0127,0.0022,-8.2
0.712,-0.021,-0.0008,0.0142,-0.0068,-8.2
0.713,-0.0361,-0.0181,0.0232,-0.0128,-8.2
0.714,-0.0308,-0.021,0.0442,-0.0053,-8.1
0.715,-0.0195,-0.0308,0.0622,-0.0046,-8.1
0.716,-0.0053,-0.0405,0.0675,-0.0068,-8.1
0.717,0.0165,-0.0233,0.0607,-0.0015,-8.1
0.718,0.0352,-0.0128,0.0315,-0.0008,-8.1
0.719,0.048,-0.0046,-0.0158,-0.0015,-8.1
0.72,0.0502,0.003,-0.0638,-0.0008,-8.0
0.721,0.0405,0.0045,-0.1065,-0.0038,-8.0
0.722,0.021,0.0022,-0.126,-0.0075,-8.0
0.723,0.009,0.0037,-0.1088,-0.0068,-7.9
0.724,0.0052,0.0112,-0.0668,0.0007,-7.9
0.725,-0.0015,0.0187,-0.0308,0.0082,-7.9
0.726,-0.0068,0.0187,0.0045,0.0082,-7.9
0.727,-0.0098,0.0,0.0352,0.0,-7.8
0.728,-0.0098,-0.0158,0.0427,-0.0046,-7.8
0.729,-0.006,-0.0173,0.0555,-0.0046,-7.8
0.73,-0.0083,-0.0105,0.048,-0.0053,-7.7
0.731,-0.0105,-0.0053,0.0442,-0.0068,-7.7
0.732,-0.0105,-0.003,0.0405,-0.0053,-7.7
0.733,-0.0143,0.0165,0.0247,0.0,-7.7
0.734,-0.012,0.0397,0.0232,0.0052,-7.7
0.735,-0.0083,0.0457,0.0165,0.0075,-7.7
0.736,-0.006,0.0255,0.0195,0.006,-7.6
0.737,-0.0053,-0.006,0.0187,-0.0008,-7.6
0.738,-0.0068,-0.021,0.0142,-0.0023,-7.6
0.739,-0.0098,-0.0158,0.0165,0.0015,-7.6
0.74,-0.0218,-0.0068,0.0105,0.003,-7.5
0.741,-0.0263,0.0052,0.0082,0.0045,-7.5
0.742,-0.0248,0.0232,0.0045,0.0052,-7.5
0.743,-0.0195,0.0285,0.0045,-0.0008,-7.5
0.744,-0.0068,-0.0038,0.0097,-0.0068,-7.4
0.745,-0.003,-0.0518,0.0112,-0.0068,-7.4
0.746,0.006,-0.0721,0.015,-0.0091,-7.4
0.747,0.0082,-0.0803,0.012,-0.0091,-7.4
0.748,0.0067,-0.0533,0.0082,-0.003,-7.3
0.749,0.009,-0.006,0.0052,-0.0015,-7.3
0.75,0.006,0.0052,0.009,-0.0083,-7.3
0.751,0.0052,0.0075,0.0127,-0.0105,-7.3
0.752,0.0,0.0142,0.0067,-0.003,-7.3
0.753,0.0007,0.0127,-0.003,-0.0008,-7.2
0.754,0.0007,0.0157,-0.0075,0.0045,-7.2
0.755,-0.0008,0.0165,-0.0083,0.0052,-7.2
0.756,0.0007,0.0172,-0.006,0.0045,-7.2
0.757,0.0007,0.0195,-0.0038,0.0045,-7.2
0.758,0.003,0.0142,0.0135,0.003,-7.2
0.759,0.003,0.009,0.051,0.0045,-7.1
0.76,0.0052,0.003,0.0637,0.0045,-7.1
0.761,0.0067,0.0045,0.0525,0.0052,-7.1
0.762,0.003,0.0052,0.0165,0.0,-7.1
0.763,0.0007,0.0045,-0.0405,-0.0083,-7.1
0.764,-0.0008,0.0022,-0.0653,-0.0083,-7.1
0.765,-0.0046,0.0015,-0.0743,-0.0068,-7.0
0.766,-0.0053,0.0045,-0.0668,-0.003,-7.0
0.767,-0.0053,0.0037,-0.0368,0.0,-7.0
0.768,-0.006,0.0045,-0.0128,0.0007,-7.0
0.769,-0.006,0.0015,-0.0091,0.003,-7.0
0.77,-0.0046,-0.0046,-0.0113,0.0045,-7.0
0.771,-0.0015,-0.0091,-0.0015,0.0052,-7.0
0.772,-0.0015,-0.015,0.0075,0.003,-6.9
0.773,-0.0015,-0.015,0.018,0.0067,-6.9
0.774,-0.0015,0.0022,0.0217,0.006,-6.9
0.775,0.0,0.027,0.0225,0.003,-6.9
0.776,0.0022,0.0352,0.0217,-0.0015,-6.9
0.777,0.003,0.027,0.018,-0.0053,-6.9
0.778,0.0,0.0157,0.018,-0.0015,-6.9
0.779,-0.0008,0.0082,0.0157,-0.0015,-6.8
0.78,0.003,-0.0023,0.0142,-0.0008,-6.8
0.781,0.0007,-0.015,0.0142,-0.003,-6.8
0.782,0.0007,-0.0323,0.0157,-0.0053,-6.8
0.783,0.0007,-0.0308,0.0187,-0.0015,-6.8
0.784,-0.0023,-0.0195,0.0187,-0.0046,-6.8
0.785,-0.0053,-0.0091,0.0112,-0.0008,-6.8
0.786,-0.0233,0.0075,-0.0008,0.0037,-6.8
0.787,-0.0473,0.0195,-0.012,0.0052,-6.8
0.788,-0.057,0.0315,-0.021,-0.0023,-6.8
0.789,-0.0465,0.0307,-0.0308,-0.006,-6.7
0.79,-0.0195,0.021,-0.0383,0.0007,-6.7
0.791,0.021,0.012,-0.0293,0.0015,-6.7
0.792,0.0615,0.0067,-0.0105,0.0052,-6.7
0.793,0.0855,0.0067,0.0022,0.0052,-6.7
0.794,0.0982,0.003,0.0052,0.0067,-6.7
0.795,0.0915,0.0015,0.0127,0.0037,-6.6
0.796,0.0577,-0.0038,0.0142,-0.0046,-6.6
0.797,0.0232,-0.006,0.0097,-0.0046,-6.6
0.798,-0.0015,-0.0083,0.0277,-0.0053,-6.6
0.799,-0.0256,-0.0068,0.0367,-0.003,-6.6
0.8,-0.0383,-0.006,0.0397,-0.0015,-6.6
0.801,-0.0428,-0.0075,0.033,-0.0008,-6.6
0.802,-0.0465,-0.003,0.009,0.0015,-6.5
0.803,-0.0436,-0.003,-0.0113,0.0007,-6.5
0.804,-0.0315,-0.003,-0.0308,-0.0008,-6.5
0.805,-0.0233,-0.003,-0.039,-0.0023,-6.5
0.806,-0.0181,-0.003,-0.042,-0.003,-6.5
0.807,-0.0105,-0.0053,-0.0173,0.0,-6.5
0.808,-0.006,-0.0038,0.0247,0.0015,-6.5
0.809,-0.003,0.0007,0.0337,0.0,-6.5
0.81,0.0022,0.0,0.0262,0.0015,-6.4
0.811,0.0007,-0.0008,0.015,0.0015,-6.4
0.812,-0.0008,-0.0015,-0.0015,-0.0008,-6.4
0.813,-0.0008,0.0,-0.0068,-0.0015,-6.4
0.814,0.0007,0.0022,-0.0195,-0.003,-6.4
0.815,0.0007,0.0022,-0.0256,-0.0023,-6.4
0.816,0.0007,0.0037,-0.0203,-0.0015,-6.4
0.817,0.0015,0.0015,-0.0218,0.0007,-6.4
0.818,-0.0015,0.003,-0.0128,0.0037,-6.4
0.819,-0.0015,0.006,-0.0068,0.0022,-6.3
0.82,-0.0008,0.0045,0.0022,0.0,-6.3
0.821,-0.0008,0.0007,0.003,0.0007,-6.3
0.822,0.0015,0.0,0.003,0.0015,-6.3
0.823,0.0045,-0.0023,0.0075,-0.0053,-6.3
0.824,0.0037,-0.0046,0.009,-0.0105,-6.3
0.825,-0.003,-0.0046,0.0165,-0.0038,-6.3
0.826,-0.0053,-0.0038,0.0165,-0.0015,-6.3
0.827,-0.0075,-0.0015,0.0142,-0.0008,-6.3
0.828,-0.0068,0.0007,0.0097,0.0037,-6.3
0.829,-0.0038,0.003,0.0052,0.0007,-6.3
0.83,-0.0046,0.003,0.003,0.003,-6.3
0.831,-0.003,0.0015,0.003,0.003,-6.3
0.832,-0.0015,0.0015,0.0007,0.0015,-6.3
0.833,-0.0008,0.0015,-0.0015,0.0007,-6.3
0.834,0.0,0.0007,-0.0046,-0.0008,-6.3
0.835,0.003,0.0,-0.0083,0.0007,-6.3
0.836,0.012,0.0015,-0.0091,-0.0015,-6.3
0.837,0.012,0.003,-0.0098,-0.0008,-6.3
0.838,0.009,0.0037,-0.006,0.0007,-6.3
0.839,0.0075,0.003,-0.0038,-0.0008,-6.3
0.84,0.003,0.0007,-0.003,0.0007,-6.3
0.841,0.0052,0.0007,0.0015,0.0015,-6.3
0.842,0.0045,0.003,0.003,0.0037,-6.3
0.843,-0.0008,0.0045,0.0045,0.006,-6.3
0.844,-0.003,0.003,0.0052,0.0052,-6.3
0.845,-0.0038,0.0007,0.012,-0.0015,-6.2
0.846,-0.0046,0.0007,0.012,-0.0075,-6.2
0.847,-0.0083,0.0,0.0082,-0.0046,-6.2
0.848,-0.0053,0.0,0.012,0.0022,-6.2
0.849,-0.0038,0.0022,0.0112,0.0045,-6.2
0.85,-0.0046,0.0015,0.0135,-0.0008,-6.2
0.851,0.003,0.0022,0.0082,-0.0068,-6.2
0.852,0.003,0.0007,0.0007,-0.0068,-6.2
0.853,0.0,-0.0008,-0.0008,-0.006,-6.2
0.854,0.003,-0.0008,-0.0038,-0.0008,-6.2
0.855,0.0007,0.0,-0.0015,0.0007,-6.2
0.856,-0.0015,0.0007,-0.003,0.0,-6.2
0.857,-0.0038,0.0007,-0.0046,0.0007,-6.2
0.858,-0.0068,0.0015,-0.0046,-0.0015,-6.2
0.859,-0.006,0.003,-0.0046,-0.0008,-6.2
0.86,-0.0091,0.0052,-0.003,-0.0023,-6.2
0.861,-0.0225,0.0067,-0.0015,-0.003,-6.2
0.862,-0.039,0.0052,-0.003,-0.0015,-6.2
0.863,-0.039,0.0022,-0.006,-0.0015,-6.2
0.864,-0.0263,0.0,-0.003,0.0007,-6.2
0.865,-0.0015,-0.0068,-0.0015,0.0,-6.2
0.866,0.0285,-0.0083,0.003,-0.0008,-6.2
0.867,0.042,-0.003,0.0022,0.0,-6.2
0.868,0.0412,-0.003,0.0007,0.0015,-6.2
0.869,0.0352,-0.0015,0.0015,0.003,-6.2
0.87,0.0202,-0.0008,-0.0008,0.0007,-6.2
0.871,0.0067,-0.003,0.0045,-0.0008,-6.2
0.872,-0.0008,-0.003,0.003,-0.0008,-6.2
0.873,-0.0008,0.0007,0.0015,-0.0015,-6.2
0.874,0.003,0.0052,-0.0008,0.0007,-6.2
0.875,0.0067,0.003,-0.0053,0.003,-6.2
0.876,0.006,0.0007,-0.0046,0.003,-6.2
0.877,0.0037,0.0015,-0.006,0.0007,-6.2
0.878,-0.0015,0.0007,-0.0083,-0.0015,-6.2
0.879,-0.0105,0.0,-0.0105,0.0,-6.2
0.88,-0.0098,-0.0008,-0.0068,0.0,-6.3
0.881,-0.0098,-0.0015,0.0,-0.0015,-6.3
0.882,-0.0143,-0.0015,0.0037,0.0,-6.3
0.883,-0.0143,0.0007,0.0067,-0.0008,-6.3
0.884,-0.0181,0.0007,0.0037,0.0007,-6.2
0.885,-0.0158,-0.0015,0.003,0.0015,-6.2
0.886,-0.0128,-0.0023,0.0067,0.0007,-6.2
0.887,-0.012,-0.0015,0.0052,0.0007,-6.2
0.888,-0.0068,0.0,0.0052,-0.0015,-6.2
0.889,-0.0053,0.0015,0.0052,0.0007,-6.2
0.89,-0.0046,0.0022,0.0045,0.003,-6.2
0.891,-0.003,0.0037,0.0015,0.0022,-6.2
0.892,-0.0015,0.0022,0.0037,0.0015,-6.2
0.893,0.0007,-0.0008,0.0127,0.0007,-6.2
0.894,0.003,0.0,0.0142,0.0007,-6.2
0.895,0.003,-0.0008,0.0157,-0.0015,-6.2
0.896,0.0015,-0.0015,0.0105,-0.0015,-6.2
0.897,0.0045,0.0007,0.0045,0.0,-6.1
0.898,0.0067,0.0007,-0.0008,-0.003,-6.1
0.899,0.0052,0.0,-0.0015,-0.0015,-6.1
0.9,0.0067,0.0015,0.003,-0.0008,-6.1
0.901,0.003,0.0015,0.0045,0.0015,-6.1
0.902,0.0,0.0022,0.0022,0.0015,-6.1
0.903,-0.0015,0.0007,-0.003,-0.0008,-6.1
0.904,-0.003,0.0,-0.003,0.003,-6.1
0.905,0.0007,-0.0008,-0.0008,0.0045,-6.1
0.906,0.003,-0.0008,0.0105,0.0067,-6.1
0.907,0.003,-0.0038,0.0187,-0.0015,-6.0
0.908,-0.003,-0.0068,0.0195,-0.0135,-6.0
0.909,-0.003,-0.0091,0.0187,-0.012,-6.0
0.91,-0.0046,-0.0083,0.0082,-0.0075,-6.0
0.911,-0.0053,-0.0046,0.0045,-0.0046,-6.0
0.912,-0.0015,-0.0015,0.0,-0.0008,-6.0
0.913,-0.003,-0.0015,-0.0015,0.0007,-6.0
0.914,-0.0008,-0.0008,0.003,0.0007,-5.9
0.915,0.0007,-0.0015,0.0,0.0,-5.9
0.916,-0.0008,-0.003,0.0052,0.0007,-5.9
0.917,0.0022,-0.0015,0.003,0.0015,-5.9
0.918,0.003,-0.003,0.0022,0.0015,-5.9
0.919,0.0037,0.0015,0.0045,0.0022,-5.9
0.92,0.0015,0.018,0.0007,0.0015,-5.9
0.921,-0.0008,0.0292,-0.0008,0.0045,-5.9
0.922,0.0,0.0202,-0.0015,0.0045,-5.9
0.923,-0.0008,0.003,-0.003,0.0037,-5.9
0.924,0.0015,-0.0143,-0.0046,-0.0008,-5.9
0.925,0.0007,-0.0203,-0.0008,-0.006,-5.8
0.926,0.0022,-0.0195,0.0,-0.0068,-5.8
0.927,0.0,-0.027,0.0,-0.0053,-5.8
0.928,-0.003,-0.0225,0.0015,-0.0015,-5.8
0.929,-0.0023,-0.003,0.0007,0.0015,-5.8
0.93,-0.0046,-0.0008,-0.0008,0.0015,-5.7
0.931,-0.0046,-0.003,0.0007,-0.0008,-5.7
0.932,-0.0038,-0.012,0.0015,-0.0038,-5.7
0.933,-0.0053,-0.0278,0.0007,-0.0046,-5.7
0.934,-0.0083,-0.0256,-0.0008,-0.0023,-5.7
0.935,-0.006,-0.0128,-0.0023,-0.0015,-5.7
0.936,-0.0015,-0.0053,-0.0008,0.0037,-5.6
0.937,0.0,0.0165,-0.0008,0.0052,-5.6
0.938,0.0045,0.0547,0.0,0.0015,-5.6
0.939,0.0007,0.0885,0.0015,-0.0008,-5.6
0.94,-0.0015,0.1065,0.0015,-0.0023,-5.6
0.941,-0.0008,0.09,-0.0008,-0.0008,-5.5
0.942,-0.0038,0.0465,-0.0008,-0.0015,-5.5
0.943,0.0,0.0105,-0.0038,-0.003,-5.5
0.944,0.0015,-0.0436,-0.0053,-0.0053,-5.5
0.945,0.0,-0.0893,-0.0053,-0.0046,-5.4
0.946,0.0007,-0.0608,-0.0068,0.0,-5.4
0.947,-0.0015,-0.0405,-0.0083,0.0022,-5.4
0.948,-0.0015,-0.0413,-0.0046,0.0045,-5.4
0.949,-0.0046,-0.039,-0.0023,0.0045,-5.4
0.95,-0.0053,-0.0706,0.0015,0.0082,-5.3
0.951,-0.003,-0.0615,0.0067,0.0142,-5.3
0.952,-0.0046,-0.0323,0.0015,0.0165,-5.3
0.953,-0.0015,-0.0105,-0.0023,0.0142,-5.3
0.954,0.0,0.033,-0.003,0.009,-5.2
0.955,0.0007,0.0652,0.0007,0.0045,-5.2
0.956,0.0052,0.0712,0.0007,-0.0046,-5.2
0.957,0.0075,0.042,0.003,-0.0188,-5.2
0.958,0.003,0.0097,0.0045,-0.0233,-5.1
0.959,-0.0008,-0.03,-0.0015,-0.0158,-5.1
0.96,-0.0023,-0.0563,0.0015,-0.0105,-5.1
0.961,-0.0038,-0.0338,-0.0023,-0.0075,-5.0
0.962,-0.0046,-0.024,0.0007,-0.0105,-5.0
0.963,-0.0015,-0.012,0.0037,-0.0128,-5.0
0.964,-0.0015,0.0427,0.003,-0.003,-5.0
0.965,0.0,0.1185,0.006,0.0037,-4.9
0.966,-0.0015,0.135,0.0045,0.0045,-4.9
0.967,-0.0023,0.0772,0.0097,0.003,-4.8
0.968,0.0,0.012,0.009,-0.0008,-4.8
0.969,-0.0015,-0.0863,0.006,-0.0075,-4.8
0.97,-0.0046,-0.1553,0.006,-0.0128,-4.7
0.971,-0.0068,-0.1185,0.0015,-0.0128,-4.7
0.972,-0.0105,-0.0413,0.0022,-0.0098,-4.6
0.973,-0.0098,-0.0143,0.0045,-0.003,-4.6
0.974,-0.003,0.0067,0.0045,0.0037,-4.6
0.975,0.0015,0.0202,0.003,0.0105,-4.5
0.976,0.0015,-0.012,0.0045,0.012,-4.5
0.977,0.0045,-0.0098,0.0082,0.0112,-4.5
0.978,0.003,-0.0143,0.009,0.006,-4.5
0.979,0.0015,-0.0218,0.0112,-0.003,-4.4
0.98,0.0015,-0.0105,0.012,-0.0015,-4.4
0.981,0.003,-0.0075,0.0075,0.0022,-4.3
0.982,-0.0023,0.027,0.003,0.0105,-4.3
0.983,-0.0046,0.0555,0.0045,0.015,-4.2
0.984,-0.003,0.0532,0.0022,0.018,-4.2
0.985,-0.003,0.039,0.0015,0.0202,-4.2
0.986,0.0007,0.0165,0.0037,0.0195,-4.1
0.987,0.0022,0.0037,0.003,0.012,-4.1
0.988,0.0052,-0.0105,0.0067,0.0052,-4.1
0.989,0.0052,-0.006,0.0052,-0.0008,-4.0
0.99,0.0,0.0232,0.0045,-0.006,-4.0
0.991,-0.0008,0.0172,0.003,-0.012,-4.0
0.992,-0.0046,0.0142,0.0007,-0.024,-3.9
0.993,-0.0053,0.018,0.0,-0.0233,-3.9
0.994,-0.0038,-0.0068,-0.0053,-0.0181,-3.8
0.995,-0.0046,-0.0135,-0.0046,-0.0091,-3.8
0.996,-0.0008,-0.0105,-0.0053,0.0,-3.7
0.997,-0.003,-0.0038,-0.0023,-0.003,-3.7
0.998,0.0,0.0105,-0.0023,-0.0015,-3.7
0.999,0.003,0.0165,-0.0053,-0.003,-3.6
1.0,-0.0008,0.015,-0.0015,-0.0008,-3.6
1.001,0.0007,0.009,-0.0008,0.0015,-3.6
1.002,0.0015,0.0,0.0052,0.0067,-3.5
1.003,0.003,-0.012,0.0067,0.0135,-3.5
1.004,0.0007,-0.0023,0.0067,0.0127,-3.5
1.005,-0.0015,0.0142,0.0052,0.0187,-3.4
1.006,0.0015,0.0352,0.0015,0.0157,-3.4
1.007,0.0007,0.0487,-0.0008,0.009,-3.3
1.008,0.0007,0.0315,-0.0023,0.0015,-3.3
1.009,0.0015,-0.0015,-0.003,-0.0068,-3.2
1.01,-0.0023,-0.0353,-0.0023,-0.0083,-3.2
1.011,-0.0015,-0.0668,-0.0015,-0.0068,-3.2
1.012,0.0015,-0.0818,-0.0015,-0.0046,-3.2
1.013,0.0007,-0.0615,-0.0015,-0.0068,-3.1
1.014,0.0015,-0.0495,-0.0015,-0.0068,-3.1
1.015,0.003,-0.0383,0.0007,-0.0038,-3.0
1.016,0.0,-0.0046,0.0022,-0.0038,-3.0
1.017,0.0007,0.0217,0.0045,-0.006,-3.0
1.018,0.0045,0.048,0.003,-0.0083,-2.9
1.019,0.0022,0.0697,-0.0023,-0.0105,-2.9
1.02,-0.0023,0.0517,-0.003,-0.0128,-2.8
1.021,-0.0015,0.0142,-0.0053,-0.0098,-2.8
1.022,-0.0015,-0.0323,-0.003,-0.0068,-2.8
1.023,-0.0023,-0.0578,-0.0008,-0.0015,-2.7
1.024,-0.0023,-0.0256,-0.0015,0.003,-2.7
1.025,-0.003,-0.0091,0.0037,0.0022,-2.7
1.026,-0.0015,-0.0158,0.003,0.0082,-2.7
1.027,-0.0015,-0.0143,0.0067,0.009,-2.7
1.028,0.0045,-0.0068,0.0045,0.0052,-2.6
1.029,0.0052,0.0172,0.0037,0.0007,-2.6
1.03,0.0,0.0427,0.0007,-0.0023,-2.6
1.031,-0.0008,0.0712,-0.0038,0.0,-2.5
1.032,-0.0053,0.06,-0.0008,0.0052,-2.5
1.033,-0.0038,0.0322,0.0007,0.0112,-2.5
1.034,0.0007,0.0225,0.0075,0.0067,-2.5
1.035,-0.0008,0.0007,0.006,-0.0068,-2.4
1.036,-0.0008,-0.024,0.003,-0.0098,-2.4
1.037,-0.0015,-0.0405,0.0,-0.0068,-2.4
1.038,-0.003,-0.0405,-0.0038,-0.0113,-2.3
1.039,-0.003,-0.0375,-0.0015,-0.012,-2.3
1.04,-0.0015,-0.0195,-0.0046,-0.0046,-2.3
1.041,-0.003,-0.0181,-0.003,-0.003,-2.3
1.042,-0.0008,-0.0525,-0.0008,-0.003,-2.3
1.043,0.0007,-0.0563,0.0,0.0,-2.3
1.044,-0.0053,-0.0195,0.0015,0.0015,-2.3
1.045,-0.0023,0.018,0.0015,0.0022,-2.2
1.046,-0.0015,0.0165,0.0022,0.0045,-2.2
1.047,-0.0023,0.0157,0.0022,0.0045,-2.2
1.048,0.0052,-0.0023,0.0022,0.0052,-2.2
1.049,0.003,-0.0315,0.0022,0.0015,-2.2
1.05,0.003,-0.0195,0.0022,-0.0015,-2.1
1.051,0.0045,-0.0046,0.0022,0.0015,-2.1
1.052,0.003,0.0225,0.0015,0.0,-2.1
1.053,0.0015,0.054,0.0022,0.0007,-2.1
1.054,-0.0015,0.0645,0.0015,0.0007,-2.1
1.055,-0.003,0.0435,0.0007,0.0015,-2.1
1.056,-0.0023,0.003,0.0022,0.0015,-2.0
1.057,-0.0015,-0.0083,0.0037,-0.0008,-2.0
1.058,-0.0046,0.0142,0.0052,0.0022,-2.0
1.059,-0.0068,0.0225,0.0045,-0.0008,-2.0
1.06,-0.003,0.0075,0.0037,-0.0008,-2.0
1.061,-0.003,0.0015,0.0037,-0.0015,-2.0
1.062,-0.0008,-0.0135,0.0007,-0.0015,-2.0
1.063,0.0045,-0.0188,0.0022,0.0007,-2.0
1.064,0.003,-0.0165,0.003,-0.0015,-2.0
1.065,0.0015,-0.0075,0.0037,0.003,-2.0
1.066,0.0007,0.021,0.0067,0.0067,-2.0
1.067,0.0015,0.0322,0.0097,0.0105,-2.0
1.068,0.0022,0.0525,0.0127,0.0127,-2.0
1.069,-0.0008,0.0457,0.0142,0.0052,-2.0
1.07,-0.003,-0.0068,0.0157,0.0082,-1.9
1.071,-0.0015,-0.0533,0.0105,0.0082,-1.9
1.072,-0.0015,-0.0713,0.0067,0.0082,-1.9
1.073,-0.0008,-0.0465,0.0052,0.0105,-1.9
1.074,0.0007,-0.033,0.0022,-0.0008,-1.9
1.075,-0.0008,-0.0346,0.003,-0.0091,-1.9
1.076,0.0007,-0.0053,0.0,-0.0143,-1.9
1.077,0.0015,0.024,0.0007,-0.0105,-1.9
1.078,0.0,0.027,0.0,-0.0083,-1.9
1.079,-0.003,0.0217,-0.003,-0.0091,-1.9
1.08,-0.0023,0.0165,-0.003,-0.0083,-1.9
1.081,-0.006,0.0075,-0.003,-0.0105,-1.9
1.082,-0.0083,0.0105,-0.003,-0.0068,-1.9
1.083,-0.0038,0.0075,-0.0038,-0.006,-1.9
1.084,-0.0015,0.0007,-0.0008,-0.003,-1.9
1.085,0.0,0.0052,0.0,-0.0015,-1.9
1.086,0.0015,0.012,-0.0008,0.0,-1.9
1.087,0.003,0.0142,0.0022,0.0022,-1.9
1.088,0.0052,0.0015,0.003,-0.0008,-1.9
1.089,0.0067,-0.0098,0.006,-0.0053,-1.9
1.09,0.006,-0.0323,0.0045,-0.0075,-1.9
1.091,0.0037,-0.0525,0.006,-0.0046,-1.9
1.092,-0.0015,-0.0346,0.0045,-0.0008,-1.9
1.093,-0.0015,0.0082,0.0015,0.0022,-1.9
1.094,-0.0015,0.0367,0.006,-0.003,-1.9
1.095,-0.003,0.039,0.0045,-0.0046,-1.9
1.096,-0.003,0.0292,0.0052,-0.0015,-1.9
1.097,-0.0053,0.0165,0.003,0.0007,-1.9
1.098,-0.0023,0.0067,0.0007,0.0052,-1.9
1.099,-0.0015,-0.006,0.006,0.0105,-1.9
1.1,-0.0008,-0.012,0.0067,0.0112,-2.0
1.101,0.003,-0.0128,0.0082,0.0075,-2.0
1.102,0.0007,-0.012,0.0045,0.0045,-2.0
1.103,-0.0023,-0.0053,0.0037,0.0007,-2.0
1.104,-0.003,0.003,0.0045,-0.0046,-2.0
1.105,-0.0023,0.0097,0.003,-0.0105,-2.0
1.106,-0.0023,0.0067,0.0045,-0.0128,-2.0
1.107,-0.0015,0.0,0.003,-0.0105,-2.0
1.108,0.0007,-0.0015,0.0037,-0.0023,-2.0
1.109,0.003,0.0007,0.0007,0.003,-2.0
1.11,0.0045,-0.0015,-0.003,0.003,-2.1
1.111,0.003,0.0,-0.0038,0.0007,-2.1
1.112,0.0015,0.0,-0.0068,-0.003,-2.1
1.113,-0.0008,-0.003,-0.0046,0.0,-2.1
1.114,-0.0015,-0.0091,-0.0046,0.0022,-2.1
1.115,-0.003,-0.0128,-0.0038,0.0022,-2.1
1.116,-0.0038,-0.0091,-0.0008,0.0015,-2.1
1.117,-0.0046,-0.0105,-0.0015,0.0037,-2.1
1.118,-0.0068,-0.012,0.0007,0.006,-2.1
1.119,-0.0053,-0.0083,0.0007,0.0,-2.2
1.12,-0.003,0.0,0.0007,-0.0053,-2.2
1.121,-0.003,0.0045,0.0007,-0.0053,-2.2
1.122,-0.0046,0.0022,-0.0015,-0.0015,-2.2
1.123,-0.0053,0.0007,0.0007,0.0,-2.3
1.124,-0.0068,-0.0023,-0.0008,0.003,-2.3
1.125,-0.0068,0.0015,-0.0015,0.0022,-2.3
1.126,-0.0053,0.0052,-0.0008,0.0007,-2.3
1.127,-0.006,-0.0015,-0.003,0.0015,-2.3
1.128,-0.0023,-0.0173,0.0,0.0,-2.3
1.129,-0.0015,-0.021,0.003,-0.003,-2.4
1.13,-0.0008,-0.0075,0.0037,-0.006,-2.4
1.131,0.0,0.0007,0.0052,-0.0046,-2.4
1.132,-0.0015,0.0037,0.0,-0.0038,-2.5
1.133,0.0007,0.006,-0.0023,-0.003,-2.5
1.134,0.0022,0.0052,-0.0008,-0.0008,-2.5
1.135,0.0015,0.0007,-0.003,0.0007,-2.5
1.136,0.0007,-0.0068,0.0,0.003,-2.6
1.137,0.0015,-0.0053,-0.0015,0.003,-2.6
1.138,-0.0015,0.0045,-0.0008,0.0075,-2.6
1.139,-0.0015,0.0202,0.0015,0.006,-2.6
1.14,-0.003,0.033,-0.0015,0.0037,-2.7
1.141,-0.0046,0.0292,0.0022,0.0037,-2.7
1.142,-0.0023,0.009,0.0015,0.0037,-2.7
1.143,-0.0015,-0.0181,0.003,0.0045,-2.7
1.144,0.0007,-0.0315,0.0075,0.0007,-2.8
1.145,0.0045,-0.033,0.0015,0.0,-2.8
1.146,0.003,-0.0413,0.0,0.0007,-2.8
1.147,0.0015,-0.042,-0.003,0.0067,-2.9
1.148,-0.0015,-0.027,0.0015,0.0127,-2.9
1.149,-0.003,-0.0181,0.0037,0.0105,-2.9
1.15,-0.003,-0.0083,-0.0008,0.0052,-3.0
1.151,-0.0046,0.0045,0.0022,0.0007,-3.0
1.152,-0.0008,0.0022,-0.0015,0.0,-3.0
1.153,-0.0008,0.0135,-0.0046,-0.003,-3.1
1.154,-0.0015,0.0247,-0.0053,-0.0038,-3.1
1.155,-0.0008,0.024,-0.0046,0.0,-3.2
1.156,-0.0015,0.0292,-0.003,0.0015,-3.2
1.157,0.0,0.0442,-0.0068,0.0007,-3.2
1.158,0.0007,0.042,-0.0046,0.0007,-3.2
1.159,-0.0008,0.0037,-0.0053,0.003,-3.2
1.16,-0.0008,-0.0233,-0.003,0.0067,-3.3
1.161,-0.0023,-0.0263,0.0007,0.0075,-3.3
1.162,-0.0046,-0.0458,0.0015,0.0045,-3.4
1.163,-0.0038,-0.0608,0.0037,0.0,-3.4
1.164,-0.0023,-0.0346,0.003,-0.0098,-3.5
1.165,-0.0023,-0.0091,0.0015,-0.0165,-3.5
1.166,-0.0038,-0.0091,0.0,-0.0181,-3.6
1.167,-0.0008,-0.0353,-0.0008,-0.0165,-3.6
1.168,-0.0008,-0.0533,0.0007,-0.012,-3.6
1.169,-0.0008,-0.024,0.0015,-0.0068,-3.7
1.17,0.0007,0.0,0.003,-0.0046,-3.7
1.171,-0.0015,0.0067,0.0052,-0.0038,-3.7
1.172,-0.0015,0.0127,0.0052,-0.0023,-3.8
1.173,-0.0023,0.0142,0.006,-0.0008,-3.8
1.174,-0.0015,0.0135,0.0022,-0.0015,-3.9
1.175,-0.0015,0.0105,-0.0015,-0.0008,-3.9
1.176,-0.0008,0.0075,-0.0015,-0.0015,-4.0
1.177,0.0,0.0075,-0.003,-0.0015,-4.0
1.178,-0.003,0.0075,-0.0015,-0.0023,-4.1
1.179,-0.0015,0.0075,0.0,-0.003,-4.1
1.18,-0.0015,0.0112,0.003,-0.0046,-4.2
1.181,-0.0038,0.0292,0.0045,-0.003,-4.2
1.182,-0.0023,0.0382,0.0015,-0.0008,-4.2
1.183,-0.003,0.0165,0.0,0.0007,-4.3
1.184,0.0007,-0.0038,-0.0046,0.0022,-4.3
1.185,0.0015,-0.021,-0.0046,0.0022,-4.4
1.186,-0.0008,-0.0375,-0.003,0.0015,-4.5
1.187,0.003,-0.0361,-0.0038,0.0015,-4.5
1.188,-0.0008,-0.024,0.0015,0.0015,-4.5
1.189,0.0015,0.0097,0.003,-0.0015,-4.6
1.19,0.0022,0.0412,0.006,-0.0053,-4.6
1.191,-0.0015,0.0397,0.006,0.0,-4.7
1.192,0.0022,0.039,0.0052,0.006,-4.7
1.193,0.0007,0.0292,0.0082,0.009,-4.8
1.194,-0.0008,0.0015,0.0052,0.0067,-4.8
1.195,0.0,-0.0195,0.0075,0.0052,-4.9
1.196,-0.0015,-0.0128,0.0082,0.0052,-5.0
1.197,-0.0015,0.0105,0.0045,0.0022,-5.0
1.198,-0.0038,0.0202,0.0037,-0.0015,-5.0
1.199,-0.0046,0.0315,0.0015,-0.0046,-5.1
1.2,-0.0046,0.0382,0.0022,0.0022,-5.2
1.201,-0.0046,0.0352,0.0037,0.0007,-5.2
1.202,-0.003,0.0352,0.003,0.0007,-5.3
1.203,-0.0046,0.0187,0.003,0.0052,-5.3
1.204,-0.0038,-0.0091,0.003,0.0015,-5.4
1.205,-0.0053,-0.0315,0.0045,0.0022,-5.4
1.206,-0.0015,-0.0135,0.0097,0.0,-5.4
1.207,0.0,0.0067,0.0135,0.0015,-5.5
1.208,0.0007,0.006,0.0097,0.0007,-5.6
1.209,0.0037,0.015,0.0067,-0.0015,-5.6
1.21,0.003,0.0127,0.0052,-0.0008,-5.7
1.211,0.0037,0.015,0.0067,-0.0023,-5.8
1.212,-0.0008,0.018,0.0075,-0.0008,-5.8
1.213,0.0022,0.0142,0.009,-0.0038,-5.9
1.214,0.003,0.0105,0.009,-0.0053,-5.9
1.215,-0.0008,0.003,0.006,-0.0046,-6.0
1.216,0.0045,0.0045,0.0067,-0.003,-6.0
1.217,-0.0015,0.0052,0.0067,0.0007,-6.1
1.218,-0.0053,0.0105,0.0082,0.0007,-6.1
1.219,-0.003,0.0135,0.0045,0.0015,-6.2
1.22,-0.0068,0.0165,0.0052,0.0007,-6.3
1.221,-0.003,0.018,0.0022,-0.0023,-6.3
1.222,-0.0015,0.012,0.0007,-0.0015,-6.4
1.223,-0.0015,0.006,0.003,0.0,-6.4
1.224,0.0022,0.0007,0.0045,0.0,-6.5
1.225,0.0007,-0.0015,0.0067,-0.0015,-6.6
1.226,0.0007,-0.0053,0.0037,-0.0023,-6.7
1.227,-0.0008,-0.006,0.0037,-0.0015,-6.7
1.228,-0.0023,-0.0068,0.0022,-0.0008,-6.8
1.229,-0.003,-0.0128,0.0015,0.0015,-6.8
1.23,-0.0046,-0.0181,0.0022,0.0015,-6.9
1.231,-0.0023,-0.0165,-0.0008,0.003,-7.0
1.232,-0.0023,-0.0158,0.003,0.0052,-7.0
1.233,0.0015,-0.0143,0.0022,0.0045,-7.1
1.234,0.0015,-0.0068,0.0037,0.0067,-7.2
1.235,-0.0015,0.0082,0.0045,0.0007,-7.2
1.236,-0.0008,0.015,0.003,-0.0008,-7.3
1.237,-0.0046,0.006,0.0052,0.0,-7.4
1.238,-0.003,0.0067,0.0045,-0.0015,-7.4
1.239,-0.0008,0.0082,0.0037,-0.0015,-7.5
1.24,-0.0023,-0.0038,0.0015,-0.0075,-7.6
1.241,-0.0023,-0.0248,-0.0008,-0.006,-7.7
1.242,-0.0008,-0.0248,-0.0015,-0.003,-7.7
1.243,-0.0015,-0.0173,-0.003,-0.0038,-7.8
1.244,-0.0015,-0.021,-0.0008,-0.0038,-7.9
1.245,0.0015,-0.0165,-0.0015,-0.006,-8.0
1.246,-0.0023,-0.0195,0.0015,-0.0053,-8.1
1.247,-0.0015,-0.0195,0.0015,-0.0053,-8.1
1.248,0.0015,-0.0195,-0.0008,-0.0038,-8.2
1.249,0.0007,-0.024,0.0015,-0.0015,-8.3
1.25,0.0015,-0.024,-0.0015,-0.0008,-8.4
1.251,0.0007,-0.0181,0.0015,0.0,-8.5
1.252,0.0015,-0.0113,0.0015,0.0,-8.6
1.253,0.0037,-0.006,-0.0008,0.0007,-8.7
1.254,0.0015,-0.0023,0.0,-0.0008,-8.8
1.255,-0.0015,-0.003,-0.0038,0.0,-8.9
1.256,-0.003,-0.0113,-0.0015,-0.0008,-8.9
1.257,0.0007,-0.0188,-0.0023,0.0,-9.0
1.258,0.0015,-0.0181,0.0,0.0045,-9.1
1.259,0.003,-0.0195,-0.0008,0.0045,-9.2
1.26,0.0052,-0.0046,-0.0015,0.0015,-9.3
1.261,0.0015,0.0217,-0.0023,-0.0046,-9.4
1.262,0.0007,0.0315,-0.0068,-0.0068,-9.5
1.263,-0.0015,0.0345,-0.006,-0.0038,-9.6
1.264,-0.006,0.0315,-0.0098,-0.0015,-9.7
1.265,-0.0053,0.0337,-0.0091,0.0022,-9.8
1.266,-0.0053,0.0367,-0.0068,0.0052,-9.9
1.267,-0.0046,0.033,-0.0068,0.0052,-10.0
1.268,-0.0023,0.0262,-0.003,-0.0015,-10.1
1.269,-0.0015,0.0112,-0.0023,-0.0046,-10.3
1.27,-0.0015,0.0045,0.0007,0.0015,-10.4
1.271,-0.0008,-0.0015,-0.0008,0.0007,-10.4
1.272,0.0,-0.0195,-0.0008,-0.003,-10.6
1.273,-0.0008,-0.0158,-0.0023,-0.0091,-10.7
1.274,-0.0015,-0.0046,-0.006,-0.0135,-10.8
1.275,-0.003,-0.0218,-0.0046,-0.0075,-10.9
1.276,-0.003,-0.033,-0.0046,0.0015,-11.0
1.277,-0.0008,-0.0256,-0.0015,0.0,-11.1
1.278,-0.0008,-0.0278,0.0,-0.0015,-11.2
1.279,0.0015,-0.027,-0.0008,0.0045,-11.3
1.28,0.0,-0.0188,0.0037,0.0045,-11.5
1.281,0.0,-0.024,0.0015,0.0022,-11.6
1.282,0.0007,-0.039,0.0015,0.006,-11.7
1.283,0.0015,-0.0105,0.003,0.0082,-11.8
1.284,0.0037,0.0345,0.003,0.006,-12.0
1.285,-0.0023,0.0285,-0.0008,-0.0068,-12.1
1.286,-0.003,0.0172,-0.006,-0.0158,-12.2
1.287,-0.0015,0.012,-0.006,-0.0105,-12.4
1.288,-0.0053,0.009,-0.0053,-0.0083,-12.5
1.289,-0.003,0.0195,-0.0053,-0.0015,-12.6
1.29,0.0,0.0345,-0.0046,0.0075,-12.8
1.291,0.0022,0.0382,-0.0015,0.0075,-12.9
1.292,0.0015,0.0075,0.0007,0.0015,-13.0
1.293,-0.0008,-0.0368,0.0007,0.0037,-13.1
1.294,0.0007,-0.0578,0.0022,0.0075,-13.3
1.295,0.0007,-0.0091,0.003,0.0067,-13.4
1.296,-0.0008,0.0472,0.006,0.0045,-13.5
1.297,-0.0046,0.0405,0.0082,0.0067,-13.7
1.298,-0.0053,0.048,0.009,0.0082,-13.8
1.299,-0.003,0.0532,0.012,0.003,-14.0
1.3,-0.0038,0.0067,0.0105,0.0007,-14.1
1.301,-0.003,-0.0383,0.009,0.0007,-14.2
1.302,-0.003,-0.075,0.0097,0.0007,-14.4
1.303,-0.006,-0.0758,0.0105,-0.003,-14.5
1.304,-0.0053,-0.0443,0.009,0.0015,-14.7
1.305,-0.0046,-0.0315,0.0052,0.003,-14.9
1.306,-0.0046,-0.015,0.0045,-0.003,-15.0
1.307,-0.0008,0.0045,0.0015,-0.0008,-15.2
1.308,-0.0015,-0.0015,-0.0008,0.0015,-15.3
1.309,-0.0008,0.0067,0.0015,0.0037,-15.5
1.31,0.0022,0.0217,0.0022,0.003,-15.6
1.311,0.0015,0.024,0.0007,0.003,-15.8
1.312,0.0052,0.0277,0.0007,0.0007,-15.9
1.313,0.006,0.0195,0.0007,-0.0008,-16.1
1.314,0.0007,0.021,0.0015,0.0022,-16.2
1.315,-0.0008,0.021,0.003,-0.0023,-16.4
1.316,-0.003,0.012,0.003,-0.0053,-16.5
1.317,-0.003,0.003,0.003,-0.0053,-16.7
1.318,-0.0008,-0.0008,0.0075,-0.0008,-16.8
1.319,0.0007,0.0067,0.0097,0.0067,-17.0
1.32,0.0015,0.0225,0.0105,0.0097,-17.2
1.321,0.003,0.0352,0.0082,0.0127,-17.3
1.322,0.003,0.0307,0.0082,0.0112,-17.5
1.323,0.003,0.039,0.0082,0.0127,-17.6
1.324,0.0045,0.0345,0.0052,0.0105,-17.8
1.325,0.0015,0.009,0.0112,0.0067,-18.0
1.326,0.0022,-0.021,0.0112,-0.0015,-18.1
1.327,0.0,-0.0706,0.0127,-0.0105,-18.3
1.328,-0.0008,-0.0765,0.012,-0.006,-18.5
1.329,-0.0008,-0.0436,0.0105,-0.0008,-18.7
1.33,-0.003,-0.0203,0.0112,0.0045,-18.9
1.331,-0.0046,-0.0008,0.009,0.0052,-19.0
1.332,-0.0053,0.0112,0.0127,0.0045,-19.2
1.333,-0.0046,0.0045,0.0082,0.0015,-19.4
1.334,-0.0046,0.0,0.0052,0.0022,-19.5
1.335,-0.0008,0.0007,0.0045,0.0052,-19.7
1.336,0.0015,0.0007,0.0,-0.0008,-19.8
1.337,-0.0008,0.0157,0.0045,-0.003,-20.0
1.338,-0.0008,0.0367,-0.0008,-0.003,-20.2
1.339,-0.0046,0.0435,0.0022,-0.0015,-20.3
1.34,-0.0023,0.024,0.0007,-0.0046,-20.6
1.341,-0.0008,-0.0008,0.0,-0.0046,-20.7
1.342,-0.0008,-0.0046,0.006,-0.0015,-20.9
1.343,-0.0015,-0.0046,0.0052,-0.0053,-21.1
1.344,-0.0023,-0.0225,0.0082,-0.006,-21.3
1.345,-0.0015,-0.0361,0.0105,-0.0053,-21.5
1.346,-0.003,-0.0308,0.012,-0.0053,-21.6
1.347,-0.0038,-0.0195,0.0157,-0.0091,-21.9
1.348,-0.0053,-0.0105,0.0165,-0.0158,-22.1
1.349,-0.0046,-0.0046,0.0165,-0.0098,-22.2
1.35,-0.0053,0.018,0.0105,-0.003,-22.5
1.351,-0.0068,0.0337,0.0097,0.0015,-22.6
1.352,-0.0053,0.027,0.0082,0.0037,-22.8
1.353,-0.0046,0.0165,0.009,-0.003,-23.0
1.354,-0.0046,-0.0083,0.0082,-0.003,-23.2
1.355,-0.0053,-0.033,0.0052,-0.003,-23.4
1.356,-0.0053,-0.0458,0.0067,-0.0046,-23.6
1.357,-0.0053,-0.0563,0.0075,-0.003,-23.8
1.358,-0.003,-0.042,0.0082,-0.0008,-24.0
1.359,-0.0023,-0.0165,0.0082,-0.0008,-24.2
1.36,-0.0015,-0.0053,0.0112,-0.003,-24.4
1.361,0.0007,0.003,0.015,-0.0023,-24.6
1.362,-0.0008,0.0082,0.018,-0.0046,-24.8
1.363,0.0007,0.0082,0.0157,-0.0091,-25.0
1.364,0.0015,0.006,0.0142,-0.0098,-25.2
1.365,0.003,0.003,0.018,-0.0068,-25.4
1.366,0.0052,0.0045,0.0142,-0.0038,-25.6
1.367,0.006,0.009,0.0142,-0.0015,-25.8
1.368,0.006,0.015,0.0082,-0.003,-26.0
1.369,0.0022,0.0105,0.0052,-0.0046,-26.2
1.37,0.0045,0.0052,0.0052,-0.0023,-26.4
1.371,0.006,0.0037,0.0007,-0.0008,-26.6
1.372,0.0052,-0.0068,-0.0046,-0.0008,-26.8
1.373,0.0052,-0.0128,-0.0083,0.0015,-27.0
1.374,0.0015,-0.024,-0.0075,0.003,-27.2
1.375,0.0045,-0.0353,-0.0091,0.0045,-27.4
1.376,0.0067,-0.0256,-0.0068,0.0045,-27.6
1.377,0.003,-0.0098,-0.0105,0.0045,-27.8
1.378,0.003,-0.0046,-0.0143,0.006,-28.0
1.379,-0.0008,0.0052,-0.0158,0.0052,-28.2
1.38,-0.0008,0.0135,-0.0203,0.0,-28.5
1.381,0.0015,0.0105,-0.0165,-0.0008,-28.6
1.382,0.0045,0.006,-0.0195,-0.0008,-28.8
1.383,0.0052,0.0022,-0.0203,-0.0015,-29.0
1.384,0.0015,0.0007,-0.0188,-0.0023,-29.3
1.385,0.0015,0.0007,-0.0233,-0.0046,-29.4
1.386,-0.0008,0.0015,-0.024,-0.0053,-29.6
1.387,0.0007,0.0007,-0.0293,-0.006,-29.8
1.388,0.0,0.0007,-0.0293,-0.0083,-30.0
1.389,-0.0038,0.0022,-0.0315,-0.006,-30.2
1.39,0.0015,0.0045,-0.0346,-0.0083,-30.4
1.391,0.0,0.0037,-0.0315,-0.0068,-30.6
1.392,-0.0015,0.0037,-0.0315,-0.0053,-30.8
1.393,-0.0008,0.003,-0.027,-0.0053,-31.0
1.394,-0.0038,0.003,-0.027,-0.0046,-31.2
1.395,-0.0015,-0.0008,-0.0233,-0.003,-31.4
1.396,-0.0015,-0.003,-0.0188,-0.003,-31.6
1.397,-0.0015,-0.0008,-0.0158,-0.0015,-31.8
1.398,0.0007,0.0007,-0.0113,0.0015,-32.0
1.399,0.0,0.0045,-0.012,0.003,-32.2
1.4,-0.0015,0.0112,-0.0068,0.0,-32.4
1.401,-0.003,0.012,-0.0046,0.0007,-32.6
1.402,-0.0008,0.0082,-0.0015,0.0045,-32.8
1.403,0.0007,0.0075,0.003,0.0067,-33.0
1.404,-0.0015,0.0045,-0.0023,0.0082,-33.2
1.405,0.0007,0.0045,0.003,0.0052,-33.3
1.406,0.0,0.0052,0.0022,0.0045,-33.5
1.407,-0.0015,0.003,0.0067,0.0037,-33.7
1.408,-0.0015,0.0,0.0135,0.003,-33.9
1.409,-0.0008,-0.0023,0.0127,0.003,-34.1
1.41,-0.003,-0.0008,0.0202,0.0015,-34.3
1.411,-0.0015,-0.0008,0.018,0.0067,-34.5
1.412,-0.0015,0.0007,0.021,0.009,-34.7
1.413,-0.0038,0.0022,0.0255,0.0052,-34.9
1.414,-0.0023,0.0022,0.0277,0.0037,-35.1
1.415,-0.003,0.0045,0.033,-0.0015,-35.2
1.416,-0.003,0.0045,0.0337,-0.0053,-35.4
1.417,-0.0038,0.0015,0.0367,-0.0053,-35.6
1.418,-0.0046,0.0037,0.036,-0.0053,-35.8
1.419,-0.0038,0.0045,0.0382,-0.0053,-36.0
1.42,-0.0023,0.0045,0.042,-0.0068,-36.2
1.421,-0.003,0.0052,0.0405,-0.006,-36.4
1.422,-0.0015,0.003,0.042,-0.0091,-36.6
1.423,-0.0015,0.0015,0.0367,-0.0113,-36.8
1.424,-0.0015,0.0007,0.0352,-0.012,-36.9
1.425,-0.0008,0.0007,0.0352,-0.0091,-37.2
1.426,-0.006,0.0007,0.03,-0.0053,-37.4
1.427,-0.0053,-0.0008,0.0255,-0.0015,-37.5
1.428,-0.003,0.0,0.0187,0.003,-37.7
1.429,-0.0083,0.0007,0.0195,0.0045,-37.9
1.43,-0.0046,-0.0008,0.018,0.0067,-38.1
1.431,-0.003,0.0022,0.0127,0.0067,-38.3
1.432,-0.0023,0.003,0.0172,0.009,-38.5
1.433,0.0007,0.003,0.0142,0.0082,-38.7
1.434,-0.0008,0.0037,0.0142,0.006,-38.9
1.435,0.0022,0.0022,0.0142,0.0067,-39.1
1.436,0.0,0.003,0.0157,0.0037,-39.3
1.437,-0.0023,0.0022,0.0165,0.0037,-39.5
1.438,-0.0015,0.003,0.0097,0.0,-39.6
1.439,-0.003,0.0007,0.009,-0.0046,-39.9
1.44,-0.0023,0.0007,0.006,-0.006,-40.1
1.441,-0.003,0.0007,0.0007,-0.0068,-40.2
1.442,-0.0023,0.0007,0.0037,-0.0015,-40.5
1.443,-0.0015,0.0015,0.0,-0.0008,-40.6
1.444,-0.003,0.0,0.0007,-0.0015,-40.9
1.445,-0.0008,-0.0008,0.0007,-0.0008,-41.0
1.446,0.0007,-0.0008,0.0007,0.0,-41.2
1.447,0.0015,-0.0008,0.0052,-0.0038,-41.4
1.448,0.0015,-0.0046,0.009,-0.006,-41.6
1.449,0.0007,-0.0068,0.0157,-0.0068,-41.9
1.45,0.0,-0.006,0.0225,-0.0053,-42.0
1.451,-0.0015,-0.0068,0.0367,-0.003,-42.2
1.452,-0.003,-0.0068,0.0315,-0.0015,-42.4
1.453,-0.0015,-0.0053,-0.0075,-0.003,-42.6
1.454,-0.0015,-0.0053,-0.0428,-0.0053,-42.8
1.455,-0.0023,-0.0068,-0.078,-0.0046,-43.0
1.456,-0.003,-0.006,-0.108,-0.0046,-43.2
1.457,-0.0053,-0.0046,-0.1238,-0.0053,-43.4
1.458,-0.0046,-0.0023,-0.1403,-0.0053,-43.6
1.459,-0.0015,-0.0008,-0.1365,-0.006,-43.8
1.46,0.0007,0.0007,-0.1275,-0.003,-44.1
1.461,0.0022,0.0,-0.1185,-0.0046,-44.2
1.462,0.0015,-0.0008,-0.108,-0.003,-44.4
1.463,0.0045,-0.0015,-0.1058,-0.0008,-44.6
1.464,0.0015,-0.0046,-0.0915,0.0022,-44.7
1.465,-0.0008,-0.0046,-0.0735,0.0067,-44.9
1.466,0.0,-0.0023,-0.0473,0.0075,-45.1
1.467,-0.0008,-0.0008,-0.0285,0.0075,-45.3
1.468,0.0007,0.0,-0.0105,0.0075,-45.5
1.469,-0.0015,0.003,0.009,0.0112,-45.6
1.47,-0.0008,0.003,0.0225,0.012,-45.8
1.471,0.0015,0.0015,0.0345,0.0105,-46.0
1.472,0.0007,0.003,0.0375,0.0112,-46.2
1.473,0.0045,0.003,0.0427,0.009,-46.4
1.474,0.0007,0.0067,0.0405,0.0082,-46.5
1.475,0.0015,0.0075,0.0375,0.0037,-46.7
1.476,0.003,0.0082,0.0352,0.0007,-46.9
1.477,0.0,0.009,0.0307,-0.0015,-47.1
1.478,0.0015,0.0022,0.0232,-0.003,-47.3
1.479,-0.0008,0.0015,0.0105,-0.003,-47.4
1.48,-0.0008,0.0007,-0.0015,-0.0068,-47.7
1.481,-0.0008,0.0007,-0.0158,-0.0091,-47.7
1.482,-0.0038,0.0007,-0.0278,-0.0075,-47.9
1.483,-0.0023,0.0,-0.0405,-0.0083,-48.1
1.484,-0.0015,0.0,-0.045,-0.0075,-48.2
1.485,-0.0008,-0.0015,-0.0428,-0.006,-48.4
1.486,-0.0008,-0.0008,-0.0383,-0.0008,-48.5
1.487,-0.0008,-0.0008,-0.0285,0.0015,-48.6
1.488,-0.0015,-0.0015,-0.0188,0.003,-48.8
1.489,-0.0046,-0.0023,-0.0046,0.0022,-49.0
1.49,-0.0038,-0.0015,0.0045,0.0007,-49.1
1.491,-0.0038,-0.0015,0.012,0.0015,-49.2
1.492,-0.003,-0.003,0.018,-0.0023,-49.4
1.493,-0.0015,-0.0046,0.0232,-0.0015,-49.5
1.494,-0.0015,-0.0053,0.0292,-0.0008,-49.7
1.495,0.003,-0.0053,0.036,0.0007,-49.9
1.496,0.0067,-0.0075,0.0457,0.003,-50.0
1.497,0.006,-0.0075,0.0465,0.0045,-50.1
1.498,0.0045,-0.0075,0.0495,0.0052,-50.3
1.499,0.0037,-0.0091,0.0495,0.0052,-50.4
1.5,0.0045,-0.0075,0.0495,0.0067,-50.6
1.501,0.0045,-0.0075,0.0532,0.0052,-50.7
1.502,0.0015,-0.0091,0.051,0.0015,-50.8
1.503,0.0,-0.0091,0.0495,0.0015,-50.9
1.504,0.0022,-0.0083,0.0457,0.003,-51.0
1.505,-0.0008,-0.0083,0.0427,0.0022,-51.1
1.506,-0.003,-0.0098,0.0367,0.0015,-51.2
1.507,-0.0038,-0.0091,0.0322,0.0,-51.3
1.508,-0.0068,-0.0083,0.0277,-0.0015,-51.3
1.509,-0.006,-0.0068,0.027,-0.0008,-51.4
1.51,-0.0053,-0.0083,0.0277,-0.0008,-51.6
1.511,-0.0038,-0.0083,0.0232,0.0007,-51.7
1.512,-0.0053,-0.0068,0.024,0.0007,-51.8
1.513,-0.0053,-0.0046,0.0232,-0.0008,-51.8
1.514,-0.003,-0.0038,0.0232,-0.003,-51.9
1.515,-0.0046,-0.0046,0.0247,-0.0038,-52.0
1.516,-0.0038,-0.003,0.0217,-0.003,-52.1
1.517,-0.003,-0.0023,0.0225,-0.0046,-52.2
1.518,-0.0008,0.0,0.0195,-0.0023,-52.3
1.519,0.003,0.0007,0.0165,-0.0008,-52.4
1.52,0.0015,0.003,0.0157,0.0015,-52.6
1.521,0.0007,0.0067,0.012,0.0045,-52.6
1.522,0.0045,0.009,0.012,0.0052,-52.7
1.523,0.0045,0.0135,0.012,0.0052,-52.7
1.524,0.0052,0.0127,0.0105,0.0067,-52.8
1.525,0.0052,0.012,0.012,0.0082,-52.9
1.526,0.0022,0.0112,0.0105,0.0067,-53.0
1.527,0.0022,0.0082,0.0075,0.0045,-53.1
1.528,0.0007,0.009,0.0082,0.0045,-53.1
1.529,0.0022,0.0067,0.006,0.0015,-53.2
1.53,0.0015,0.003,0.0067,-0.0008,-53.3
1.531,-0.0038,0.0007,0.0097,-0.003,-53.4
1.532,-0.0023,-0.0008,0.0097,-0.0046,-53.5
1.533,-0.003,-0.003,0.0112,-0.0046,-53.6
1.534,-0.0053,-0.0015,0.0105,-0.0075,-53.6
1.535,-0.0046,-0.003,0.0067,-0.0083,-53.7
1.536,-0.0046,-0.0053,0.0037,-0.0105,-53.8
1.537,-0.0038,-0.0053,0.0,-0.0143,-53.9
1.538,-0.0053,-0.0046,-0.003,-0.0113,-54.0
1.539,-0.003,-0.0015,-0.0008,-0.0068,-54.0
1.54,-0.0038,0.003,0.0037,-0.0038,-54.1
1.541,-0.0046,0.0067,0.0045,-0.0008,-54.1
1.542,-0.0008,0.0082,0.0082,0.0,-54.2
1.543,0.0,0.0105,0.0052,-0.0015,-54.2
1.544,0.0015,0.009,0.0007,0.0007,-54.3
1.545,0.0015,0.0105,0.0015,0.0022,-54.4
1.546,-0.003,0.012,-0.0015,0.0015,-54.4
1.547,-0.003,0.0082,-0.0038,0.0007,-54.5
1.548,-0.0023,0.0067,-0.0053,-0.0008,-54.5
1.549,-0.0008,0.0067,-0.006,0.0007,-54.5
1.55,0.0022,0.0067,-0.0046,0.0015,-54.6
1.551,0.0015,0.0067,-0.0053,0.0022,-54.6
1.552,0.0007,0.003,-0.003,0.003,-54.7
1.553,-0.0046,0.003,0.0,0.0015,-54.7
1.554,-0.0068,0.0015,-0.0015,0.0022,-54.8
1.555,-0.0046,0.0037,-0.0008,0.0022,-54.9
1.556,-0.0015,0.0052,-0.0015,0.003,-54.9
1.557,0.0022,0.0045,-0.003,0.003,-54.9
1.558,0.0,0.0067,-0.003,0.0007,-55.0
1.559,-0.0008,0.0067,-0.0008,0.0015,-55.0
1.56,0.003,0.0067,-0.0023,0.0015,-55.1
1.561,0.0007,0.0037,-0.0008,0.0015,-55.1
1.562,0.0015,0.0045,0.003,0.0007,-55.1
1.563,0.0015,0.0052,0.003,0.0007,-55.1
1.564,0.0007,0.0075,0.0052,0.0022,-55.1
1.565,0.0015,0.009,0.0037,0.003,-55.2
1.566,-0.0008,0.0067,0.006,0.0022,-55.2
1.567,-0.0008,0.0045,0.0052,0.0007,-55.2
1.568,-0.0046,0.003,0.003,0.0007,-55.2
1.569,-0.0046,0.0037,-0.0015,0.0,-55.2
1.57,-0.003,0.0037,-0.0023,-0.0023,-55.3
1.571,-0.0053,0.0007,-0.0038,0.0007,-55.3
1.572,-0.003,-0.003,-0.0068,0.0007,-55.3
1.573,-0.006,-0.003,-0.006,-0.0015,-55.3
1.574,-0.006,-0.0023,-0.0098,0.0,-55.3
1.575,-0.003,-0.0015,-0.0083,0.0007,-55.3
1.576,-0.0046,-0.0008,-0.0091,0.0007,-55.4
1.577,-0.0053,0.0,-0.0075,0.003,-55.4
1.578,-0.003,0.0007,-0.0046,0.003,-55.4
1.579,-0.003,0.0,-0.0046,0.003,-55.4
1.58,-0.0015,-0.0015,-0.0008,0.0007,-55.4
1.581,0.003,-0.003,-0.0008,-0.0008,-55.4
1.582,0.0052,-0.0053,0.003,0.0007,-55.4
1.583,0.0037,-0.0053,0.003,0.0007,-55.4
1.584,0.0052,-0.003,0.0015,-0.0015,-55.4
1.585,0.0037,-0.0015,0.0007,-0.0046,-55.3
1.586,-0.0015,-0.0015,-0.0015,-0.003,-55.3
1.587,-0.0015,-0.0015,0.0007,-0.0038,-55.3
1.588,-0.003,-0.0008,0.0015,-0.003,-55.3
1.589,-0.0023,-0.0015,0.0052,-0.0023,-55.2
1.59,-0.0008,-0.003,0.0052,-0.0023,-55.2
1.591,0.0,-0.003,0.003,-0.0015,-55.2
1.592,0.0007,-0.0038,0.0037,-0.003,-55.1
1.593,-0.0008,-0.0038,0.0015,-0.0046,-55.1
1.594,0.0007,-0.003,0.0022,-0.003,-55.1
1.595,0.0,-0.0038,0.0007,-0.0023,-55.1
1.596,-0.0046,-0.0015,0.0007,-0.0015,-55.0
1.597,-0.0046,-0.0008,0.0007,-0.0008,-55.0
1.598,-0.0053,0.0,-0.0015,-0.0008,-55.0
1.599,-0.0068,-0.0008,-0.0008,-0.003,-55.0
1.6,-0.0046,-0.0046,-0.0015,-0.0008,-54.9
1.601,-0.003,-0.0068,-0.0008,-0.0008,-54.9
1.602,-0.0023,-0.0075,-0.0038,-0.0015,-54.9
1.603,0.0007,-0.0068,-0.003,-0.0015,-54.8
1.604,0.0022,-0.0083,0.0007,-0.003,-54.8
1.605,-0.0008,-0.0068,-0.0015,-0.0008,-54.7
1.606,0.0015,-0.0053,0.0007,-0.0008,-54.7
1.607,0.0037,-0.0068,0.0015,-0.0023,-54.6
1.608,0.0015,-0.003,0.0015,0.0015,-54.6
1.609,0.0007,-0.0015,-0.0008,0.0015,-54.5
1.61,-0.0015,0.0007,-0.0046,-0.0008,-54.5
1.611,-0.003,0.0015,-0.0046,-0.0008,-54.5
1.612,-0.0046,-0.0008,-0.003,-0.0023,-54.5
1.613,-0.0038,-0.0015,-0.0015,0.0,-54.4
1.614,-0.0015,-0.003,-0.0015,0.0022,-54.4
1.615,0.0007,-0.0015,0.0015,0.0007,-54.3
1.616,0.0007,-0.0015,0.0,0.0007,-54.3
1.617,0.0007,-0.0015,0.0007,0.0007,-54.2
1.618,0.0015,-0.0015,0.0015,-0.0008,-54.2
1.619,-0.003,0.0,0.0007,0.0007,-54.1
1.62,-0.003,0.0015,0.0015,0.0022,-54.1
1.621,-0.0046,0.0007,-0.003,0.0037,-54.0
1.622,-0.0075,0.0007,-0.0046,0.003,-54.0
1.623,-0.003,0.0007,-0.0053,0.0007,-53.9
1.624,-0.0038,0.0,-0.0053,-0.0008,-53.9
1.625,-0.0015,-0.0015,-0.0046,-0.0015,-53.8
1.626,0.0,-0.0023,-0.0053,-0.0023,-53.7
1.627,-0.0023,-0.0046,-0.0023,-0.0015,-53.7
1.628,-0.003,-0.003,-0.0023,-0.0015,-53.6
1.629,-0.0046,0.0,-0.0015,-0.0015,-53.6
1.63,-0.0015,-0.0015,-0.0038,0.0,-53.5
1.631,-0.0046,-0.0008,-0.0075,-0.0008,-53.5
1.632,-0.0053,0.0007,-0.0046,0.0,-53.4
1.633,-0.0038,0.0007,-0.0068,-0.0008,-53.3
1.634,-0.0008,0.0015,-0.0053,-0.0008,-53.3
1.635,0.0007,0.0015,-0.003,-0.0015,-53.2
1.636,-0.0015,0.003,-0.0038,-0.0023,-53.1
1.637,-0.0008,0.0037,-0.0015,0.0,-53.1
1.638,-0.0015,0.0007,-0.0038,-0.0008,-53.1
1.639,-0.0008,-0.0008,-0.0008,0.0,-53.0
1.64,-0.0008,-0.0008,-0.0008,-0.0008,-52.9
1.641,-0.003,-0.0008,0.0007,0.0,-52.8
1.642,-0.0015,-0.0015,0.003,0.0,-52.8
1.643,-0.0015,-0.0023,0.0022,0.0015,-52.7
1.644,-0.0008,-0.0015,0.003,0.0015,-52.6
1.645,-0.0008,-0.003,0.0015,-0.0015,-52.5
1.646,-0.0008,-0.0046,0.0037,-0.0008,-52.5
1.647,0.0,-0.0053,0.0045,-0.0015,-52.4
1.648,-0.0015,-0.0046,0.0045,-0.0008,-52.3
1.649,0.0,-0.003,0.0037,-0.0008,-52.2
1.65,0.0007,-0.0053,0.0015,0.0,-52.2
1.651,0.0,-0.0053,0.003,0.0007,-52.1
1.652,-0.0008,-0.0046,0.0015,-0.0015,-52.0
1.653,-0.0038,-0.0053,0.0007,-0.0008,-51.9
1.654,-0.0053,-0.0046,0.0,-0.003,-51.8
1.655,-0.0053,-0.0023,0.0,-0.0015,-51.8
1.656,-0.0046,-0.0023,0.0015,0.0007,-51.7
1.657,-0.003,-0.0015,-0.0008,-0.0023,-51.6
1.658,-0.0008,-0.0015,0.0,-0.0008,-51.5
1.659,-0.0015,-0.0008,0.0015,-0.0008,-51.5
1.66,-0.0053,-0.0015,0.0022,-0.0015,-51.4
1.661,-0.0038,-0.0023,0.0052,0.0015,-51.3
1.662,-0.0046,-0.0015,0.0045,0.0022,-51.2
1.663,-0.0083,-0.0015,0.003,0.003,-51.1
1.664,-0.0046,-0.0023,0.0045,0.0022,-51.0
1.665,-0.0053,0.0007,0.0052,0.003,-50.9
1.666,-0.0053,0.003,0.0067,0.003,-50.8
1.667,0.0,0.0015,0.0067,0.0007,-50.7
1.668,-0.0008,0.003,0.0052,0.0007,-50.6
1.669,0.0,0.0015,0.0045,0.0007,-50.5
1.67,-0.0008,0.0007,0.0052,-0.0015,-50.4
1.671,-0.0046,-0.0008,0.0045,-0.003,-50.3
1.672,-0.003,-0.003,0.0067,-0.0008,-50.2
1.673,0.0,-0.0046,0.009,-0.0008,-50.1
1.674,0.0007,-0.003,0.009,-0.003,-50.0
1.675,0.003,-0.0038,0.0112,-0.003,-49.9
1.676,0.003,-0.0046,0.0105,-0.0008,-49.8
1.677,0.0052,-0.003,0.0082,-0.0008,-49.7
1.678,0.0067,0.0007,0.0037,-0.0015,-49.6
1.679,0.0067,0.0022,0.0007,-0.0015,-49.5
1.68,0.0082,0.0015,-0.0008,-0.003,-49.4
1.681,0.0052,0.0022,0.0,-0.0023,-49.3
1.682,0.009,0.0015,0.0015,-0.0038,-49.2
1.683,0.0097,0.0,0.0022,-0.003,-49.1
1.684,0.009,-0.0008,0.003,0.0,-49.0
1.685,0.0142,-0.003,0.0022,0.0007,-48.9
1.686,0.0142,-0.003,0.003,0.0015,-48.8
1.687,0.0187,-0.0015,0.0015,0.0015,-48.6
1.688,0.0195,-0.0008,0.0015,0.0022,-48.6
1.689,0.0165,0.0007,0.003,0.0022,-48.4
1.69,0.0202,0.0,0.0007,0.0015,-48.3
1.691,0.0157,0.0007,0.0,0.0022,-48.2
1.692,0.0142,-0.0008,-0.0015,0.0015,-48.1
1.693,0.0127,0.0007,-0.003,0.0,-48.0
1.694,0.0082,0.0022,-0.0015,-0.0015,-47.9
1.695,0.0067,0.0015,-0.0008,-0.0023,-47.8
1.696,0.0015,0.0015,0.0007,0.0,-47.7
1.697,0.0022,0.0,-0.0015,-0.0015,-47.6
1.698,0.0007,-0.0008,-0.0023,-0.003,-47.5
1.699,0.0007,-0.003,-0.0015,-0.003,-47.3
1.7,0.0007,-0.0046,-0.0015,-0.003,-47.3
1.701,-0.003,-0.003,0.0015,-0.0008,-47.1
1.702,-0.0015,-0.0046,0.0015,0.0015,-47.0
1.703,-0.0046,-0.0046,0.0067,0.003,-46.8
1.704,-0.0046,-0.0053,0.0052,0.0022,-46.7
1.705,-0.0023,-0.006,0.0067,0.0007,-46.6
1.706,-0.0068,-0.0068,0.0075,0.0,-46.4
1.707,-0.0046,-0.0053,0.0045,-0.0008,-46.3
1.708,-0.0053,-0.0038,0.0075,-0.003,-46.2
1.709,-0.0053,-0.003,0.003,-0.0015,-46.0
1.71,-0.0053,-0.0023,0.0007,-0.0015,-45.9
1.711,-0.0098,-0.0008,0.0,0.0007,-45.8
1.712,-0.0091,-0.0008,0.0007,0.0022,-45.6
1.713,-0.012,0.0015,0.0015,0.0007,-45.5
1.714,-0.0143,0.0022,-0.0008,0.0007,-45.4
1.715,-0.0098,0.0015,0.0007,-0.0015,-45.2
1.716,-0.0091,0.0007,-0.0015,-0.0015,-45.1
1.717,-0.0105,-0.0008,0.0015,-0.0023,-45.0
1.718,-0.0075,0.0007,-0.0015,-0.003,-44.8
1.719,-0.0046,0.0007,-0.0015,-0.0015,-44.7
1.72,-0.0053,0.0015,0.0,-0.0023,-44.6
1.721,-0.0046,0.0007,-0.0008,-0.0015,-44.4
1.722,-0.0023,0.003,0.003,-0.0015,-44.2
1.723,-0.0023,0.0037,0.0015,-0.0015,-44.1
1.724,0.0,0.0045,0.0015,-0.0008,-44.0
1.725,-0.0008,0.0022,-0.0015,-0.0015,-43.8
1.726,-0.003,0.0007,0.0,-0.0008,-43.7
1.727,0.0,0.003,0.003,0.0007,-43.5
1.728,0.0022,0.003,0.0045,-0.0008,-43.3
1.729,0.0007,0.003,0.0082,0.0007,-43.2
1.73,0.0015,0.003,0.0052,0.0007,-43.0
1.731,0.0015,0.0022,0.006,0.0,-42.9
1.732,0.0007,0.0015,0.0082,-0.0015,-42.8
1.733,0.003,0.0007,0.009,-0.003,-42.6
1.734,0.003,0.003,0.0082,-0.0015,-42.4
1.735,0.0015,0.003,0.0082,-0.0008,-42.3
1.736,0.0022,0.003,0.009,0.0007,-42.1
1.737,0.0037,0.0015,0.0045,0.0015,-42.0
1.738,0.003,-0.0008,0.0045,0.0007,-41.9
1.739,0.0045,-0.003,0.003,0.0015,-41.7
1.74,0.0022,-0.0046,0.0052,0.0007,-41.5
1.741,0.0,-0.0038,0.0135,0.0015,-41.4
1.742,0.006,-0.0038,0.0135,0.0015,-41.2
1.743,0.003,-0.003,0.0105,-0.0008,-41.0
1.744,0.0015,-0.003,0.0052,0.0007,-40.8
1.745,0.0,-0.0015,-0.0015,-0.0023,-40.6
1.746,-0.006,-0.0008,-0.0083,-0.0015,-40.5
1.747,-0.0053,-0.0015,-0.0188,-0.0023,-40.3
1.748,-0.0046,-0.0015,-0.021,-0.0015,-40.1
1.749,-0.003,-0.0038,-0.021,-0.0015,-39.9
1.75,-0.0038,-0.003,-0.0158,-0.0015,-39.7
1.751,-0.006,-0.0008,-0.006,0.0007,-39.6
1.752,-0.0068,-0.003,-0.0015,-0.0015,-39.4
1.753,-0.0091,-0.003,0.0052,0.0015,-39.2
1.754,-0.0091,-0.003,0.0067,0.0015,-39.1
1.755,-0.0083,-0.0038,0.009,0.0,-38.9
1.756,-0.0053,-0.003,0.0097,0.0015,-38.7
1.757,-0.0046,-0.0015,0.0105,0.0015,-38.5
1.758,-0.0046,0.0007,0.0135,0.003,-38.3
1.759,-0.006,0.0022,0.0105,0.0007,-38.2
1.76,-0.0083,0.0015,0.0097,0.0007,-38.0
1.761,-0.0068,-0.0015,0.0052,-0.0008,-37.8
1.762,-0.0083,-0.0046,0.0007,-0.0008,-37.6
1.763,-0.0113,-0.0046,-0.0046,0.0007,-37.4
1.764,-0.0105,-0.0068,-0.0046,-0.003,-37.2
1.765,-0.0128,-0.0068,-0.0046,-0.0023,-37.0
1.766,-0.0158,-0.0053,-0.0053,-0.0015,-36.8
1.767,-0.0181,-0.0046,-0.0046,-0.0008,-36.6
1.768,-0.0165,-0.0038,-0.0038,-0.0015,-36.4
1.769,-0.0105,-0.0038,0.0022,-0.0015,-36.2
1.77,0.0015,-0.0053,0.0052,-0.0008,-36.0
1.771,0.0127,-0.0083,0.0097,0.0007,-35.8
1.772,0.018,-0.006,0.012,0.0007,-35.6
1.773,0.0232,-0.0053,0.0105,0.003,-35.4
1.774,0.0202,-0.0068,0.009,0.0015,-35.2
1.775,0.0157,-0.0015,0.0022,-0.0008,-35.0
1.776,0.009,-0.0015,-0.0008,-0.0015,-34.8
1.777,-0.0068,-0.003,0.0015,-0.0008,-34.6
1.778,-0.0128,-0.0038,0.006,0.0,-34.4
1.779,-0.0181,-0.0053,0.009,0.0015,-34.2
1.78,-0.024,-0.003,0.012,0.0037,-34.0
1.781,-0.021,-0.0023,0.0202,-0.003,-33.8
1.782,-0.0181,-0.0038,0.0232,-0.0068,-33.6
1.783,-0.012,-0.0015,0.018,-0.0075,-33.3
1.784,-0.0083,-0.0015,0.0127,-0.0091,-33.1
1.785,-0.0068,0.0007,0.0,-0.0053,-32.9
1.786,-0.0053,0.003,-0.0128,-0.0046,-32.6
1.787,-0.0008,0.003,-0.0256,-0.0038,-32.4
1.788,0.0045,0.0052,-0.0323,-0.0023,-32.2
1.789,0.003,0.0045,-0.0323,0.0,-32.0
1.79,0.0075,0.0037,-0.0293,-0.0008,-31.7
1.791,0.009,0.0045,-0.0195,0.0015,-31.5
1.792,0.012,0.0052,-0.0143,0.003,-31.3
1.793,0.0187,0.0052,-0.0098,0.0015,-31.1
1.794,0.0165,0.0015,-0.003,0.0015,-30.8
1.795,0.0157,0.003,-0.0015,0.0007,-30.6
1.796,0.015,0.0045,0.0045,0.003,-30.3
1.797,0.0127,0.0052,0.0067,0.0045,-30.1
1.798,0.012,0.0045,0.0082,0.003,-29.9
1.799,0.012,0.0007,0.0135,0.0015,-29.7
1.8,0.0112,-0.0015,0.0135,0.0007,-29.4
1.801,0.012,-0.0015,0.0165,0.0007,-29.2
1.802,0.0202,-0.003,0.0127,-0.0008,-28.9
1.803,0.0255,-0.0053,0.0082,0.0007,-28.7
1.804,0.0292,-0.0038,0.0082,0.0,-28.5
1.805,0.033,-0.0053,0.003,-0.0015,-28.2
1.806,0.0367,-0.0068,-0.0008,-0.006,-28.0
1.807,0.036,-0.0053,-0.0038,-0.0053,-27.8
1.808,0.0247,-0.0038,-0.0038,-0.0038,-27.5
1.809,0.0142,0.003,-0.0075,-0.0046,-27.3
1.81,0.0045,0.0067,-0.0083,-0.0053,-27.0
1.811,-0.0008,0.003,-0.0068,-0.0046,-26.8
1.812,-0.0023,0.003,0.0007,-0.0008,-26.6
1.813,-0.003,0.0082,0.0165,0.0015,-26.3
1.814,-0.0015,0.0052,0.033,0.0037,-26.1
1.815,0.0007,0.0052,0.0405,0.003,-25.8
1.816,0.0067,0.0045,0.0345,-0.0008,-25.6
1.817,0.006,0.0045,0.03,0.0,-25.3
1.818,0.0007,0.0067,0.021,-0.0008,-25.1
1.819,-0.0113,0.0007,0.0052,-0.0015,-24.8
1.82,-0.021,-0.0023,-0.0083,0.0,-24.6
1.821,-0.0203,-0.0105,-0.0218,0.0,-24.3
1.822,-0.021,-0.0203,-0.027,0.0007,-24.1
1.823,-0.0143,-0.0105,-0.0278,0.0022,-23.9
1.824,-0.0105,0.003,-0.0218,0.0022,-23.6
1.825,-0.012,0.015,-0.0143,0.003,-23.3
1.826,-0.0068,0.024,-0.0113,0.0052,-23.1
1.827,-0.0105,0.0232,-0.0023,0.0067,-22.8
1.828,-0.0158,0.0127,0.0007,0.0052,-22.5
1.829,-0.0225,0.0075,0.0037,0.0052,-22.3
1.83,-0.0278,0.015,0.0015,0.0075,-22.1
1.831,-0.033,0.0135,-0.003,0.0,-21.8
1.832,-0.042,-0.0008,-0.0091,-0.0068,-21.6
1.833,-0.0383,-0.0091,-0.0203,-0.0075,-21.3
1.834,-0.0315,-0.0075,-0.0233,-0.012,-21.0
1.835,-0.0293,-0.0075,-0.0218,-0.0091,-20.7
1.836,-0.0278,-0.006,-0.012,-0.0053,-20.5
1.837,-0.0263,-0.0023,-0.0068,0.0007,-20.3
1.838,-0.0203,-0.0015,-0.0038,0.0052,-20.0
1.839,-0.0181,0.003,0.0045,0.0067,-19.8
1.84,-0.0181,0.0082,0.0112,0.0067,-19.5
1.841,-0.012,0.0127,0.0202,0.0097,-19.2
1.842,-0.0068,0.0165,0.033,0.0127,-19.0
1.843,-0.0046,0.0127,0.0705,0.0112,-18.7
1.844,-0.0038,0.0067,0.093,0.0082,-18.5
1.845,-0.006,-0.0038,0.0742,-0.0105,-18.2
1.846,-0.0105,-0.012,0.0405,-0.0405,-18.0
1.847,-0.0128,-0.0181,-0.0203,-0.0361,-17.7
1.848,-0.0128,-0.0248,-0.0706,-0.0158,-17.4
1.849,-0.0128,-0.0195,-0.099,-0.0113,-17.2
1.85,-0.0105,-0.0173,-0.075,0.0022,-16.9
1.851,-0.0023,-0.015,0.0067,0.0052,-16.7
1.852,-0.0053,-0.0105,0.0495,0.0067,-16.4
1.853,-0.0053,-0.0098,0.0525,0.009,-16.2
1.854,-0.0015,0.0037,0.0247,-0.0068,-15.9
1.855,0.0,0.0217,-0.0323,-0.0346,-15.6
1.856,0.0007,0.021,-0.0728,-0.0308,-15.4
1.857,-0.0015,-0.0091,-0.099,0.009,-15.1
1.858,0.003,-0.0308,-0.0983,0.0172,-14.9
1.859,0.0052,-0.024,-0.075,0.039,-14.6
1.86,0.0067,-0.0091,-0.0473,0.084,-14.4
1.861,0.0052,0.0142,-0.0173,0.1072,-14.1
1.862,0.003,0.0405,-0.0023,0.0862,-13.9
1.863,0.0052,0.0555,0.0217,0.0285,-13.6
1.864,0.0007,0.0232,0.0465,-0.042,-13.4
1.865,-0.003,-0.0563,0.0577,-0.0856,-13.1
1.866,-0.0038,-0.1088,0.0585,-0.0818,-12.9
1.867,-0.0015,-0.12,0.0585,-0.1133,-12.6
1.868,-0.0008,-0.1426,0.0607,-0.1275,-12.4
1.869,0.0,-0.2078,0.0502,-0.1065,-12.1
1.87,0.0052,-0.2648,0.0442,-0.0495,-11.8
1.871,0.0037,-0.2153,0.0367,0.0727,-11.6
1.872,0.0082,-0.0578,0.033,0.0472,-11.3
1.873,0.012,0.108,0.0247,-0.0046,-11.1
1.874,0.0067,0.3555,0.0105,0.087,-10.8
1.875,0.0082,0.5887,0.0007,0.1027,-10.6
1.876,0.0045,0.507,-0.0135,0.0825,-10.4
1.877,0.0015,0.258,-0.0218,0.063,-10.1
1.878,0.0052,0.1657,-0.0225,0.0337,-9.9
1.879,0.006,0.1612,-0.0225,0.0345,-9.6
1.88,0.0075,0.0705,-0.0143,0.0052,-9.4
1.881,0.0045,-0.0256,-0.006,0.003,-9.1
1.882,-0.0023,-0.0728,0.0015,0.0,-8.9
1.883,-0.0046,-0.1035,0.0165,-0.0615,-8.7
1.884,-0.0046,-0.1441,0.039,-0.126,-8.5
1.885,-0.003,-0.1628,0.048,-0.1155,-8.2
1.886,0.003,-0.105,0.0352,-0.042,-8.1
1.887,0.012,-0.0256,0.0232,0.0427,-7.8
1.888,0.0202,0.021,-0.0046,0.132,-7.6
1.889,0.0255,-0.0218,-0.0256,0.147,-7.4
1.89,0.0217,-0.06,-0.039,0.0952,-7.2
1.891,0.0165,-0.0293,-0.039,0.036,-6.9
1.892,0.0067,-0.0413,-0.0105,0.0307,-6.7
1.893,-0.0105,-0.042,0.03,0.0577,-6.5
1.894,-0.0218,-0.0443,0.0457,0.0405,-6.3
1.895,-0.024,-0.0923,0.0307,-0.012,-6.0
1.896,-0.015,-0.1155,0.0217,-0.1935,-5.9
1.897,-0.0023,-0.1103,0.0052,-0.318,-5.6
1.898,0.0082,-0.078,-0.0195,-0.2055,-5.4
1.899,0.0135,-0.0173,-0.0555,0.024,-5.2
1.9,0.012,0.0675,-0.0803,0.1275,-5.0
1.901,0.0142,0.0757,-0.0885,0.0547,-4.8
1.902,0.0127,0.0352,-0.0773,-0.0091,-4.6
1.903,0.0112,0.033,-0.0495,-0.0585,-4.5
1.904,0.0052,0.0045,-0.0181,-0.1021,-4.3
1.905,0.0015,-0.0278,0.0307,-0.1095,-4.1
1.906,0.0052,-0.042,0.048,-0.0023,-4.0
1.907,0.003,-0.0458,0.0495,0.0817,-3.9
1.908,0.003,-0.0368,0.054,0.1237,-3.7
1.909,0.0015,-0.0173,0.054,0.2025,-3.5
1.91,-0.0046,0.0112,0.057,0.147,-3.4
1.911,-0.0053,0.003,0.0495,0.057,-3.2
1.912,-0.0091,-0.0203,0.0375,0.036,-3.1
1.913,-0.0113,-0.0173,0.0165,0.0345,-2.9
1.914,-0.0091,-0.0008,-0.0015,0.0135,-2.7
1.915,-0.0075,0.0022,-0.0008,-0.045,-2.6
1.916,-0.0015,0.003,0.0015,-0.1006,-2.4
1.917,-0.0008,-0.054,0.0067,-0.1095,-2.3
1.918,-0.0046,-0.1665,0.0052,-0.114,-2.1
1.919,-0.0068,-0.1575,0.0142,-0.129,-1.9
1.92,-0.0053,-0.0953,0.0465,-0.15,-1.8
1.921,-0.0015,-0.0893,0.0645,-0.159,-1.7
1.922,0.0022,-0.027,0.0525,-0.1155,-1.6
1.923,0.0037,0.0847,0.024,-0.0818,-1.5
1.924,0.009,0.2272,-0.0195,0.0202,-1.4
1.925,0.0217,0.327,-0.0555,0.0555,-1.3
1.926,0.0247,0.3007,-0.0645,0.0795,-1.2
1.927,0.0217,0.252,-0.0308,0.1492,-1.1
1.928,0.0232,0.105,0.024,0.0915,-1.0
1.929,0.0142,-0.0413,0.0345,0.2242,-0.9
1.93,-0.006,-0.042,0.0232,0.2722,-0.8
1.931,-0.024,-0.0503,-0.0098,0.138,-0.7
1.932,-0.033,-0.063,-0.0346,-0.0023,-0.6
1.933,-0.0315,-0.0825,-0.039,-0.1426,-0.5
1.934,-0.0218,-0.0915,-0.0428,-0.0188,-0.4
1.935,0.0037,-0.0915,-0.0203,0.1425,-0.3
1.936,0.0262,-0.1553,-0.0128,0.1807,-0.2
1.937,0.0277,-0.1696,-0.0135,0.0045,-0.1
1.938,0.0142,-0.0878,-0.0158,-0.1373,0.0
1.939,-0.003,0.0397,-0.0218,-0.105,0.1
1.94,-0.021,0.1492,0.0007,-0.2011,0.2
1.941,-0.042,0.1785,0.0225,-0.1785,0.3
1.942,-0.042,0.1335,0.0315,-0.021,0.3
1.943,-0.0263,0.1087,0.042,0.0885,0.3
1.944,-0.015,0.0817,0.0502,0.084,0.3
1.945,0.009,-0.006,0.048,0.0637,0.4
1.946,0.0292,-0.0413,0.027,0.078,0.4
1.947,0.0405,-0.0533,0.009,0.0502,0.4
1.948,0.0367,-0.048,-0.0083,0.0765,0.4
1.949,0.0105,-0.0218,-0.0203,0.0307,0.4
1.95,-0.0053,-0.0368,-0.0188,-0.0135,0.5
1.951,-0.0181,-0.0495,-0.024,-0.0285,0.5
1.952,-0.0195,-0.063,-0.0203,-0.0533,0.5
1.953,-0.0105,-0.0765,-0.0218,-0.0368,0.5
1.954,-0.0068,-0.09,-0.0233,-0.0495,0.6
1.955,-0.0008,-0.0818,-0.012,-0.0383,0.6
1.956,-0.003,-0.0518,-0.006,-0.0458,0.6
1.957,-0.003,-0.0338,0.0045,-0.0413,0.6
1.958,-0.0068,-0.0105,0.0045,-0.0181,0.7
1.959,-0.0091,0.009,0.0097,-0.0173,0.7
1.96,0.0,0.0285,0.0217,-0.0278,0.7
1.961,0.0045,0.0427,0.033,-0.054,0.7
1.962,0.0022,0.0352,0.0367,-0.039,0.7
1.963,-0.0083,0.0007,0.0202,0.009,0.6
1.964,-0.0278,-0.021,0.003,0.0382,0.6
1.965,-0.0511,-0.0195,-0.0195,-0.0046,0.5
1.966,-0.0691,0.0067,0.0067,-0.0743,0.4
1.967,-0.0818,0.063,0.09,-0.1125,0.4
1.968,-0.063,0.0787,0.1327,-0.0825,0.4
1.969,-0.015,0.075,0.1095,0.0592,0.3
1.97,0.0427,0.0855,0.0457,0.0652,0.3
1.971,0.0915,0.0645,-0.057,0.0255,0.2
1.972,0.1065,0.0292,-0.1298,0.1537,0.2
1.973,0.1177,0.0007,-0.1598,0.1057,0.1
1.974,0.1162,-0.0346,-0.1741,-0.0098,0.1
1.975,0.1125,-0.0495,-0.15,-0.0465,0.0
1.976,0.1117,-0.039,-0.1185,-0.108,0.0
1.977,0.0652,-0.0623,-0.06,-0.0878,-0.1
1.978,0.0172,-0.0878,-0.0046,-0.1065,-0.1
1.979,-0.0285,-0.0878,0.0202,-0.0608,-0.2
1.98,-0.0706,-0.0675,0.0502,0.0637,-0.3
1.981,-0.0893,-0.033,0.0622,0.0952,-0.3
1.982,-0.1013,-0.0046,0.075,0.0195,-0.5
1.983,-0.075,0.0307,0.09,0.0007,-0.5
1.984,-0.039,0.0825,0.0907,0.1957,-0.6
1.985,-0.0053,0.1635,0.093,0.2475,-0.8
1.986,0.0277,0.2302,0.0697,0.1282,-0.9
1.987,0.033,0.174,0.0405,0.0502,-0.9
1.988,0.024,0.0457,0.0232,-0.012,-1.1
1.989,0.0105,0.0,0.0165,-0.0068,-1.2
1.99,-0.0091,-0.003,0.0225,-0.0083,-1.3
1.991,-0.0323,-0.0256,0.012,-0.0338,-1.4
1.992,-0.0428,-0.0488,0.0105,-0.045,-1.5
1.993,-0.0405,-0.0691,0.0082,-0.0428,-1.6
1.994,-0.0338,-0.0638,-0.0091,-0.027,-1.7
1.995,-0.0203,-0.0578,-0.0256,-0.0428,-1.8
1.996,-0.0181,-0.0405,-0.0308,-0.0953,-1.9
1.997,-0.0113,-0.0293,-0.0225,-0.1305,-2.0
1.998,-0.003,-0.0383,-0.012,-0.0953,-2.1
1.999,0.0015,-0.0346,-0.003,-0.0825,-2.3
2.0,0.0112,-0.048,-0.0046,-0.1208,-2.4
2.001,0.0082,-0.0368,-0.03,-0.1245,-2.5
2.002,0.0007,-0.003,-0.06,-0.057,-2.6
2.003,0.0007,0.03,-0.066,0.0862,-2.7
2.004,0.0007,0.057,-0.0608,0.1605,-2.8
2.005,0.0007,0.0405,-0.0315,0.129,-3.0
2.006,-0.0015,0.0255,0.0202,0.1005,-3.1
2.007,-0.0023,0.009,0.054,0.066,-3.2
2.008,-0.003,-0.0023,0.066,0.0165,-3.3
2.009,-0.0008,-0.0105,0.0472,-0.003,-3.4
2.01,0.0037,-0.0578,0.009,-0.0353,-3.6
2.011,0.0007,-0.0713,-0.024,-0.0518,-3.7
2.012,0.0,-0.0495,-0.0503,-0.0293,-3.8
2.013,-0.0105,-0.0308,-0.0645,-0.012,-3.9
2.014,-0.0293,-0.0143,-0.0608,0.003,-4.1
2.015,-0.0315,-0.0053,-0.0353,-0.0046,-4.2
2.016,-0.0338,-0.0046,0.0052,-0.0091,-4.3
2.017,-0.0256,-0.0053,0.018,-0.0135,-4.4
2.018,-0.0083,0.0007,0.009,-0.0105,-4.5
2.019,0.018,0.0075,0.0165,0.0007,-4.6
2.02,0.0487,0.0135,0.009,0.0007,-4.8
2.021,0.0615,0.0127,0.0045,-0.0008,-4.8
2.022,0.063,0.0067,0.0045,0.0037,-4.8
2.023,0.0352,0.0082,0.024,0.0352,-4.8
2.024,0.0097,0.0135,0.0675,0.0427,-4.8
2.025,0.0015,0.0142,0.0862,0.0015,-4.8
2.026,-0.0165,0.0045,0.075,-0.0233,-4.8
2.027,-0.0188,-0.0023,0.0307,-0.0181,-4.9
2.028,-0.0248,-0.0053,-0.0353,-0.0023,-4.9
2.029,-0.0285,0.0007,-0.0765,0.021,-4.9
2.03,-0.0105,0.0165,-0.0773,0.054,-4.9
2.031,0.0052,0.0247,-0.0608,0.0645,-4.9
2.032,0.03,0.015,-0.0533,0.0367,-4.9
2.033,0.033,-0.0181,-0.0495,0.021,-4.9
2.034,0.027,-0.0346,-0.0405,0.0255,-5.0
2.035,0.03,-0.0278,-0.0263,0.0307,-5.0
2.036,0.0172,-0.0233,0.003,0.0007,-5.0
2.037,0.0037,-0.0113,0.0165,-0.126,-5.0
2.038,-0.012,0.012,0.0195,-0.2513,-5.0
2.039,-0.0278,0.0525,0.0307,-0.1868,-5.0
2.04,-0.0338,0.0922,0.0322,0.0022,-5.0
2.041,-0.0405,0.0855,0.0435,0.0817,-5.0
2.042,-0.0346,0.033,0.0562,0.0682,-5.0
2.043,-0.0188,0.003,0.06,0.0622,-5.0
2.044,-0.0083,-0.0046,0.0502,0.0337,-5.0
2.045,0.0015,-0.0293,0.0382,0.0285,-5.0
2.046,0.006,-0.0353,0.0232,0.0187,-5.0
2.047,0.0105,-0.0413,0.012,-0.006,-5.0
2.048,0.0255,-0.0293,0.006,-0.0181,-5.0
2.049,0.0322,-0.0015,-0.0128,-0.0308,-5.0
2.05,0.0277,0.0082,-0.0158,-0.003,-5.0
2.051,0.0232,0.0217,-0.0158,0.0195,-5.0
2.052,0.0127,0.012,-0.0105,0.036,-5.0
2.053,-0.0023,-0.0195,0.0142,0.0532,-5.0
2.054,-0.024,-0.0405,0.0607,0.0345,-5.0
2.055,-0.0398,-0.0428,0.0832,0.0172,-5.0
2.056,-0.0488,-0.027,0.0465,0.0097,-5.0
2.057,-0.0495,-0.0128,0.0022,0.003,-5.0
2.058,-0.0218,-0.0181,-0.054,0.0015,-5.0
2.059,0.0075,-0.0293,-0.0908,-0.0046,-5.0
2.06,0.027,-0.0368,-0.093,-0.015,-5.0
2.061,0.0352,-0.0315,-0.075,-0.0353,-5.1
2.062,0.0315,-0.0098,-0.0293,-0.0555,-5.3
2.063,0.018,-0.0083,0.0045,-0.027,-5.5
2.064,-0.003,-0.0158,0.0352,-0.012,-5.7
2.065,-0.0053,-0.003,0.057,-0.0091,-5.9
2.066,-0.0046,0.0045,0.0705,0.0045,-6.1
2.067,-0.003,0.012,0.06,-0.0105,-6.3
2.068,0.0022,0.0045,0.0277,-0.0038,-6.4
2.069,0.0052,-0.0165,-0.012,-0.0038,-6.6
2.07,0.0112,-0.0233,-0.063,-0.0008,-6.8
2.071,0.012,-0.0256,-0.078,0.0067,-7.0
2.072,0.021,-0.0248,-0.0833,0.0007,-7.2
2.073,0.0202,-0.0278,-0.0825,0.0067,-7.3
2.074,0.0105,-0.0068,-0.0593,0.0082,-7.5
2.075,0.0037,0.0105,-0.033,0.0097,-7.7
2.076,-0.0181,0.0,-0.0068,0.0052,-7.9
2.077,-0.027,0.009,0.0007,0.0052,-8.1
2.078,-0.024,0.0142,0.0082,0.003,-8.3
2.079,-0.024,0.0097,0.0232,-0.0015,-8.5
2.08,-0.0195,0.0127,0.036,0.0037,-8.7
2.081,-0.015,0.0082,0.0487,0.0052,-8.9
2.082,-0.012,0.0067,0.054,0.0015,-9.0
2.083,-0.0233,0.0075,0.0502,-0.0098,-9.3
2.084,-0.0323,0.012,0.0337,-0.0105,-9.5
2.085,-0.0293,0.018,0.0165,-0.0068,-9.7
2.086,-0.0143,0.0165,0.0,-0.0015,-9.9
2.087,0.0217,0.0172,-0.006,0.0067,-10.1
2.088,0.0532,0.024,-0.0046,0.0082,-10.3
2.089,0.0532,0.0292,-0.0195,0.0052,-10.5
2.09,0.0367,0.0345,-0.0405,0.0022,-10.7
2.091,0.0247,0.0352,-0.063,0.0015,-10.9
2.092,0.0202,0.018,-0.0765,-0.0038,-11.1
2.093,0.015,0.0082,-0.0691,-0.0046,-11.3
2.094,0.0097,0.015,-0.0458,-0.003,-11.5
2.095,0.015,0.0262,-0.0285,-0.0008,-11.7
2.096,0.0045,0.0495,-0.0233,0.0052,-12.0
2.097,-0.021,0.0577,-0.03,0.0082,-12.2
2.098,-0.0458,0.0382,-0.0315,0.0037,-12.4
2.099,-0.0795,0.015,0.0007,0.0015,-12.6
2.1,-0.0818,0.0097,0.0435,0.0075,-12.8
2.101,-0.0533,0.0097,0.0802,0.0082,-12.8
2.102,-0.0023,0.012,0.105,0.0037,-12.9
2.103,0.0547,0.0202,0.1177,-0.0015,-13.0
2.104,0.0862,0.0225,0.1305,0.0007,-13.0
2.105,0.1117,0.018,0.1455,0.0,-13.1
2.106,0.0997,0.0135,0.129,-0.0008,-13.1
2.107,0.048,0.009,0.0825,0.0045,-13.2
2.108,0.0045,0.0067,0.0315,0.006,-13.2
2.109,-0.033,0.0082,-0.0173,0.0052,-13.3
2.11,-0.0473,0.0015,-0.0405,-0.0008,-13.4
2.111,-0.0518,-0.006,-0.057,-0.0083,-13.4
2.112,-0.0608,-0.0023,-0.0533,-0.0105,-13.5
2.113,-0.0585,0.0127,-0.0195,-0.0046,-13.5
2.114,-0.057,0.0352,0.0202,0.0022,-13.6
2.115,-0.045,0.0435,0.048,0.0105,-13.7
2.116,-0.033,0.0307,0.0532,0.0157,-13.7
2.117,-0.0375,0.0067,0.0645,0.0142,-13.8
2.118,-0.042,-0.0158,0.0705,0.0142,-13.8
2.119,-0.0353,-0.024,0.0922,0.0105,-13.9
2.12,-0.0173,-0.0278,0.0997,0.0067,-14.0
2.121,0.0045,-0.0375,0.0645,-0.0083,-13.9
2.122,0.027,-0.0465,0.0285,-0.0256,-13.8
2.123,0.039,-0.0353,-0.0263,-0.027,-13.7
2.124,0.042,-0.027,-0.0645,-0.012,-13.6
2.125,0.0405,-0.0323,-0.0818,-0.0068,-13.5
2.126,0.018,-0.0285,-0.0803,-0.006,-13.5
2.127,-0.0173,-0.0195,-0.054,0.0015,-13.4
2.128,-0.045,-0.0068,-0.0293,-0.0008,-13.3
2.129,-0.066,-0.0038,0.003,-0.0068,-13.2
2.13,-0.0555,-0.003,0.0157,-0.0105,-13.1
2.131,-0.0158,-0.0015,0.033,-0.0015,-13.1
2.132,0.012,0.0045,0.0367,0.0037,-13.0
2.133,0.027,0.0105,0.0127,0.006,-12.9
2.134,0.0345,0.006,-0.0046,0.0082,-12.8
2.135,0.0502,0.003,-0.0488,0.006,-12.7
2.136,0.0517,0.006,-0.0863,0.0105,-12.6
2.137,0.0442,0.0105,-0.1185,0.0135,-12.5
2.138,0.039,0.0067,-0.129,0.012,-12.4
2.139,0.0187,0.0007,-0.105,0.0045,-12.3
2.14,0.0067,-0.0038,-0.0721,-0.0046,-12.2
2.141,-0.0098,-0.012,-0.0263,-0.0105,-12.2
2.142,-0.0256,-0.0128,0.0112,-0.0105,-12.1
2.143,-0.0346,-0.0128,0.0502,-0.0075,-12.0
2.144,-0.0436,-0.0105,0.0592,-0.0046,-11.9
2.145,-0.0346,-0.0091,0.0352,0.0007,-11.9
2.146,-0.0218,-0.0091,0.0232,0.0007,-11.8
2.147,-0.0075,-0.0068,0.0135,0.003,-11.7
2.148,0.0075,-0.0068,0.009,0.003,-11.7
2.149,0.0112,-0.0083,0.0075,0.0015,-11.6
2.15,0.0075,-0.0068,0.003,0.0015,-11.5
2.151,0.0007,-0.0068,-0.0038,0.0007,-11.4
2.152,-0.0075,-0.0075,-0.0053,0.0007,-11.3
2.153,-0.015,-0.006,-0.0068,-0.0023,-11.3
2.154,-0.0143,-0.0046,-0.0038,-0.0046,-11.2
2.155,-0.0046,-0.0053,0.0007,-0.003,-11.1
2.156,0.0097,-0.0046,0.0015,0.0015,-11.1
2.157,0.018,-0.003,0.0007,0.0022,-11.0
2.158,0.0202,-0.0053,-0.003,0.0007,-10.9
2.159,0.0187,-0.0053,-0.0075,-0.0015,-10.8
2.16,0.0112,-0.0068,-0.0181,-0.0075,-10.8
2.161,-0.003,-0.0083,-0.0293,-0.0015,-10.8
2.162,-0.0233,-0.0083,-0.0405,0.0,-10.7
2.163,-0.033,-0.0105,-0.0488,-0.0008,-10.7
2.164,-0.0181,-0.0091,-0.0465,0.003,-10.7
2.165,0.0015,-0.0083,-0.0346,0.0007,-10.7
2.166,0.0217,-0.0083,-0.0143,-0.0023,-10.7
2.167,0.0382,-0.0083,0.0015,-0.003,-10.6
2.168,0.0465,-0.0068,0.0112,-0.0053,-10.6
2.169,0.0555,-0.006,0.0217,-0.0046,-10.6
2.17,0.063,-0.006,0.0262,-0.0015,-10.6
2.171,0.0592,-0.0068,0.0345,-0.0015,-10.6
2.172,0.0277,-0.0091,0.0382,-0.0015,-10.5
2.173,-0.0068,-0.0158,0.0345,-0.0008,-10.5
2.174,-0.0248,-0.0165,0.0382,0.0,-10.5
2.175,-0.0398,-0.0128,0.0405,0.0015,-10.5
2.176,-0.0375,-0.012,0.0412,0.0007,-10.5
2.177,-0.0346,-0.0098,0.039,0.0022,-10.4
2.178,-0.0263,-0.0091,0.0292,0.003,-10.4
2.179,-0.0143,-0.006,0.0157,-0.0023,-10.4
2.18,-0.0128,-0.0046,0.0052,-0.0046,-10.4
2.181,-0.0053,-0.0083,0.003,-0.0038,-10.4
2.182,-0.0038,-0.0098,0.0007,-0.0053,-10.4
2.183,0.0007,-0.0046,0.0007,-0.003,-10.4
2.184,0.0045,-0.0015,0.003,-0.0015,-10.4
2.185,-0.0083,-0.003,0.003,-0.0015,-10.5
2.186,-0.0225,-0.0038,0.0105,-0.0008,-10.5
2.187,-0.024,-0.0038,0.0157,0.0015,-10.5
2.188,-0.0105,-0.003,0.033,0.003,-10.5
2.189,0.0082,-0.0015,0.069,0.0007,-10.6
2.19,0.0315,-0.0038,0.0967,-0.0008,-10.6
2.191,0.0487,-0.0038,0.0855,-0.0053,-10.6
2.192,0.0525,-0.003,0.0457,-0.0023,-10.7
2.193,0.0442,-0.003,-0.0046,0.0,-10.7
2.194,0.0225,-0.0053,-0.063,0.0,-10.7
2.195,0.0022,-0.0075,-0.0998,0.0015,-10.7
2.196,-0.0165,-0.0091,-0.1163,0.0007,-10.8
2.197,-0.0323,-0.0068,-0.1028,0.0015,-10.8
2.198,-0.0413,-0.0053,-0.0743,-0.003,-10.8
2.199,-0.042,-0.0083,-0.0338,-0.0083,-10.8
2.2,-0.0323,-0.0128,0.0105,-0.0083,-10.9
2.201,-0.0256,-0.0181,0.0255,-0.0098,-10.9
2.202,-0.0143,-0.0181,0.0405,-0.0068,-10.9
2.203,-0.0053,-0.0158,0.0367,-0.0053,-10.9
2.204,-0.0015,-0.0143,0.0292,-0.0053,-11.0
2.205,0.003,-0.0091,0.027,-0.0015,-11.0
2.206,0.0045,-0.0098,0.0157,-0.0008,-11.0
2.207,0.0075,-0.0098,0.0142,-0.0008,-11.1
2.208,0.0067,-0.0053,0.009,-0.0008,-11.1
2.209,0.0052,-0.0053,0.009,-0.003,-11.1
2.21,0.0037,-0.0038,0.009,-0.003,-11.2
2.211,0.0015,-0.003,0.012,-0.003,-11.2
2.212,0.0045,0.0045,0.0127,0.0,-11.2
2.213,0.0015,0.012,0.0082,0.0015,-11.3
2.214,-0.0008,0.009,0.0052,0.0007,-11.3
2.215,-0.0023,0.006,0.0015,0.0007,-11.3
2.216,0.0007,0.0052,0.0007,-0.0008,-11.3
2.217,0.0007,0.006,-0.003,0.0007,-11.4
2.218,0.0045,0.009,-0.0046,0.0,-11.4
2.219,0.0052,0.0105,-0.006,0.0007,-11.4
2.22,0.0015,0.0097,-0.0083,0.003,-11.5
2.221,0.0045,0.0097,-0.0075,0.0,-11.5
2.222,0.0022,0.0157,-0.0105,-0.0008,-11.5
2.223,-0.0015,0.0195,-0.0105,0.0,-11.5
2.224,-0.0015,0.021,-0.012,0.0007,-11.5
2.225,-0.0038,0.0195,-0.0105,0.003,-11.5
2.226,-0.0023,0.018,-0.0083,0.0045,-11.5
2.227,-0.0038,0.0135,-0.0113,0.0015,-11.5
2.228,-0.003,0.0015,-0.012,0.0007,-11.5
2.229,-0.0008,-0.003,-0.015,-0.0008,-11.5
2.23,0.0007,0.0052,-0.0195,-0.0015,-11.5
2.231,0.0052,0.0075,-0.0203,0.0007,-11.5
2.232,0.006,0.0082,-0.0165,0.0022,-11.5
2.233,0.0045,0.0157,-0.0091,0.0052,-11.5
2.234,0.003,0.0255,-0.0008,0.006,-11.5
2.235,0.0015,0.042,0.003,0.0022,-11.5
2.236,-0.003,0.054,0.0045,-0.0023,-11.5
2.237,-0.0053,0.0577,0.0067,-0.0015,-11.5
2.238,-0.006,0.0765,0.0082,0.003,-11.5
2.239,-0.006,0.09,0.0105,0.003,-11.5
2.24,-0.0038,0.0742,0.012,0.003,-11.5
2.241,-0.0008,0.0495,0.009,0.0037,-11.5
2.242,0.0,0.0127,0.0082,-0.0008,-11.4
2.243,-0.0015,-0.0173,0.0037,-0.0038,-11.4
2.244,-0.003,-0.021,0.0007,-0.003,-11.4
2.245,-0.006,-0.027,-0.0008,-0.0046,-11.3
2.246,-0.0038,-0.045,-0.0015,-0.0053,-11.3
2.247,-0.003,-0.048,-0.0038,-0.0046,-11.3
2.248,-0.0038,-0.0346,-0.003,-0.0015,-11.3
2.249,0.0,-0.0068,-0.0015,0.0022,-11.3
2.25,-0.0023,0.0142,-0.003,0.0052,-11.3
2.251,-0.0008,0.012,-0.0023,0.006,-11.3
2.252,0.0015,0.0195,-0.003,0.009,-11.2
2.253,-0.0008,0.0097,0.003,0.0082,-11.2
2.254,0.0015,0.0015,0.0082,0.0067,-11.2
2.255,-0.0008,0.0172,0.0067,0.0067,-11.1
2.256,0.0,0.039,0.009,0.0007,-11.1
2.257,0.0007,0.0757,0.0075,-0.003,-11.1
2.258,0.0015,0.078,0.0075,-0.003,-11.1
2.259,0.0007,0.042,0.0105,-0.0038,-11.0
2.26,-0.0015,0.0052,0.0067,-0.0046,-11.0
2.261,-0.0038,-0.042,0.006,-0.0015,-11.0
2.262,-0.0083,-0.0675,0.0007,0.0015,-11.0
2.263,-0.0075,-0.0675,-0.0046,0.003,-11.0
2.264,-0.006,-0.0615,-0.0053,0.0045,-11.0
2.265,-0.0038,-0.0495,-0.0075,0.003,-10.9
2.266,-0.0023,-0.0225,-0.0023,-0.0015,-10.9
2.267,-0.0038,-0.0046,0.0015,-0.0038,-10.9
2.268,0.0,-0.0188,0.0022,-0.0015,-10.9
2.269,-0.0015,-0.0256,0.003,0.0007,-10.9
2.27,-0.0023,-0.0105,0.0022,0.0015,-10.8
2.271,0.0007,-0.003,0.0067,0.0015,-10.8
2.272,-0.0015,0.009,0.0135,0.0015,-10.8
2.273,-0.0008,0.018,0.0187,0.0015,-10.8
2.274,-0.0015,0.0202,0.021,0.0015,-10.8
2.275,-0.0023,0.009,0.0172,0.0007,-10.8
2.276,-0.0008,-0.0091,0.012,0.0007,-10.8
2.277,-0.0008,-0.0165,0.006,0.0007,-10.8
2.278,0.0,-0.0256,0.0015,-0.003,-10.8
2.279,-0.0015,-0.0188,-0.0015,-0.0015,-10.7
2.28,-0.0023,-0.0158,-0.0023,0.0,-10.7
2.281,-0.0053,-0.027,-0.0053,-0.003,-10.7
2.282,-0.0083,-0.0285,-0.0046,-0.0015,-10.7
2.283,-0.003,-0.0143,0.0,-0.0023,-10.7
2.284,-0.003,0.0022,0.003,-0.0015,-10.7
2.285,-0.0015,0.003,0.003,-0.0038,-10.7
2.286,0.0022,0.009,0.003,-0.003,-10.7
2.287,0.0022,0.0285,0.0045,0.0007,-10.7
2.288,0.003,0.0367,0.0052,-0.0008,-10.6
2.289,0.003,0.033,0.0037,-0.0008,-10.6
2.29,0.0037,0.0172,0.0045,0.0007,-10.6
2.291,0.003,0.0067,0.0037,0.0015,-10.6
2.292,-0.0015,0.0045,0.003,0.0007,-10.6
2.293,-0.006,-0.0008,0.0082,0.0015,-10.6
2.294,-0.006,-0.0053,0.0075,0.0022,-10.6
2.295,-0.0046,-0.0091,0.0067,0.0015,-10.6
2.296,-0.0046,-0.0068,0.003,0.0007,-10.6
2.297,-0.0046,-0.0015,0.0022,0.0,-10.6
2.298,-0.0046,-0.0046,0.0015,0.0,-10.5
2.299,-0.0046,-0.0068,-0.0008,-0.003,-10.5
2.3,-0.0053,-0.0068,0.0015,-0.0053,-10.5
2.301,-0.0023,-0.0068,0.0022,-0.0083,-10.5
2.302,-0.003,-0.0068,0.006,-0.0053,-10.5
2.303,-0.0038,-0.0046,0.009,0.0,-10.4
2.304,-0.0038,-0.0046,0.0097,0.0007,-10.4
2.305,-0.0046,-0.0023,0.012,0.003,-10.4
2.306,-0.003,0.0082,0.0105,0.0007,-10.4
2.307,-0.0023,0.0135,0.0105,0.0007,-10.4
2.308,0.0007,0.03,0.0067,0.0052,-10.4
2.309,-0.0008,0.0315,0.0037,-0.0015,-10.3
2.31,0.0015,0.0015,0.003,-0.0038,-10.3
2.311,0.0022,-0.0225,0.006,-0.0008,-10.3
2.312,-0.003,-0.0548,0.003,-0.0046,-10.3
2.313,0.0007,-0.078,0.0045,-0.003,-10.2
2.314,-0.0015,-0.0585,0.003,-0.003,-10.2
2.315,-0.0008,-0.0278,0.0,-0.003,-10.2
2.316,-0.0015,-0.003,0.0022,-0.003,-10.2
2.317,-0.0038,0.0097,0.0015,-0.003,-10.2
2.318,-0.0008,0.006,0.003,0.0007,-10.1
2.319,-0.0038,-0.0023,0.0045,-0.0015,-10.1
2.32,0.0015,-0.006,0.003,-0.0038,-10.1
2.321,0.0037,-0.0015,0.0007,-0.0015,-10.0
2.322,-0.0046,-0.0008,0.0,-0.0015,-10.0
2.323,-0.0195,-0.0008,0.0,0.0015,-10.0
2.324,-0.0375,0.0007,0.0015,0.0022,-9.9
2.325,-0.027,0.0015,0.0052,0.0015,-9.9
2.326,-0.006,0.0,0.0052,0.0007,-9.9
2.327,0.0165,-0.0008,0.0067,-0.0015,-9.9
2.328,0.0427,-0.0015,0.0007,-0.0015,-9.8
2.329,0.0495,-0.003,-0.0015,0.0015,-9.8
2.33,0.048,-0.0023,-0.0015,0.003,-9.7
2.331,0.033,-0.003,-0.0053,0.003,-9.7
2.332,0.0127,-0.0038,-0.0038,0.0022,-9.7
2.333,-0.0053,-0.0075,-0.0083,0.0015,-9.6
2.334,-0.0203,-0.0075,-0.0008,0.0015,-9.6
2.335,-0.0181,-0.0038,0.0007,0.0015,-9.6
2.336,-0.0165,0.0015,0.0015,0.0007,-9.5
2.337,-0.012,0.0105,0.0052,-0.0015,-9.5
2.338,-0.0075,0.0172,-0.0023,-0.0015,-9.5
2.339,-0.0068,0.024,0.0,-0.0008,-9.5
2.34,-0.0023,0.0262,-0.0083,-0.0053,-9.4
2.341,-0.003,0.0225,-0.0091,-0.006,-9.4
2.342,-0.0015,0.0037,-0.0091,-0.0053,-9.3
2.343,0.0007,-0.0173,-0.012,-0.0046,-9.3
2.344,0.0,-0.0346,-0.0046,-0.0008,-9.2
2.345,-0.0015,-0.0436,-0.0053,-0.0008,-9.2
2.346,-0.0015,-0.0263,-0.0053,0.0007,-9.2
2.347,-0.0008,-0.0188,-0.0053,0.0015,-9.1
2.348,-0.0008,-0.0173,0.0,0.0,-9.1
2.349,-0.0015,-0.0068,0.0037,0.003,-9.0
2.35,0.0015,-0.0053,0.0015,0.0015,-9.0
2.351,-0.0008,0.0082,0.0015,0.0015,-9.0
2.352,-0.0023,0.0277,0.0015,0.0022,-8.9
2.353,-0.0008,0.039,0.003,0.0022,-8.9
2.354,-0.003,0.0277,0.0007,0.0015,-8.8
2.355,-0.0053,0.012,0.0007,0.0007,-8.8
2.356,-0.0075,0.0105,0.0007,0.0037,-8.8
2.357,-0.0068,0.012,0.0045,0.003,-8.7
2.358,-0.0083,0.015,0.0037,0.003,-8.7
2.359,-0.0068,0.0127,0.0037,0.0,-8.6
2.36,-0.0046,0.0105,0.0067,-0.0053,-8.6
2.361,-0.0038,-0.003,0.006,-0.0068,-8.6
2.362,-0.0008,-0.0278,0.009,-0.0098,-8.5
2.363,-0.0008,-0.033,0.009,-0.0098,-8.5
2.364,-0.0008,-0.012,0.0075,-0.003,-8.4
2.365,0.0007,0.0045,0.0037,-0.0015,-8.4
2.366,0.003,0.0067,0.0015,-0.003,-8.3
2.367,0.0015,0.0112,0.0067,0.0007,-8.3
2.368,-0.0023,0.0135,0.0045,0.003,-8.2
2.369,-0.0008,0.0187,0.0052,0.0067,-8.2
2.37,-0.0008,0.027,0.0067,0.0067,-8.1
2.371,-0.0015,0.024,0.003,0.0045,-8.1
2.372,-0.0008,0.0217,0.0067,0.0052,-8.1
2.373,0.0,0.012,0.0045,0.0052,-8.0
2.374,-0.0008,0.003,0.006,0.0007,-8.0
2.375,-0.0008,-0.0053,0.0045,-0.006,-7.9
2.376,-0.0023,-0.015,0.0045,-0.0053,-7.9
2.377,-0.0015,-0.0091,0.0067,-0.0015,-7.8
2.378,-0.0008,0.0015,0.0022,0.0007,-7.8
2.379,-0.0015,0.0157,0.003,-0.0008,-7.7
2.38,-0.0015,0.0262,0.0,-0.0008,-7.7
2.381,0.0007,0.0307,-0.0015,0.0007,-7.7
2.382,-0.0015,0.0307,0.0007,-0.0008,-7.6
2.383,-0.0046,0.0255,0.0007,-0.0008,-7.6
2.384,-0.003,0.0217,0.0015,0.0,-7.5
2.385,-0.0015,0.0165,0.0007,0.0007,-7.5
2.386,0.0007,0.018,0.0007,0.0022,-7.4
2.387,0.0007,0.0142,0.0,0.0007,-7.4
2.388,0.0007,0.0105,-0.0015,0.0007,-7.3
2.389,-0.0008,0.0105,0.0007,0.0022,-7.3
2.39,-0.0015,0.0067,-0.0015,0.0007,-7.2
2.391,-0.003,0.0052,-0.0053,0.0,-7.2
2.392,-0.0015,0.0045,-0.003,0.0007,-7.2
2.393,-0.0008,0.003,-0.0023,-0.0008,-7.1
2.394,-0.0008,-0.0008,0.0007,-0.0015,-7.1
2.395,0.0007,0.0007,0.0045,-0.0015,-7.0
2.396,0.003,-0.0008,0.0037,-0.0038,-7.0
2.397,0.0015,-0.0008,0.003,-0.0046,-6.9
2.398,-0.0008,-0.0008,0.0045,-0.003,-6.9
2.399,-0.0008,-0.0038,0.0045,-0.003,-6.8
2.4,-0.0046,-0.003,0.0052,-0.0015,-6.8
2.401,-0.0053,-0.0053,0.0052,-0.0008,-6.8
2.402,-0.003,-0.006,0.006,0.0015,-6.7
2.403,-0.003,-0.0038,0.0045,0.0007,-6.7
2.404,0.0007,-0.003,0.0022,0.0,-6.6
2.405,0.0015,-0.003,0.0015,0.0015,-6.6
2.406,-0.0008,-0.0038,0.003,-0.0015,-6.6
2.407,0.003,-0.003,0.0045,-0.0015,-6.5
2.408,0.003,-0.0015,0.0037,-0.0015,-6.5
2.409,0.0015,-0.0046,0.0067,-0.0008,-6.4
2.41,0.0022,-0.0068,0.006,0.0,-6.4
2.411,0.0,-0.0105,0.0075,-0.0015,-6.3
2.412,0.0015,-0.0158,0.0082,0.0,-6.3
2.413,0.003,-0.0181,0.0075,0.0,-6.3
2.414,-0.0008,-0.0181,0.006,0.0,-6.2
2.415,0.0007,-0.0173,0.0052,0.0007,-6.2
2.416,0.0037,-0.0158,0.0067,0.0007,-6.2
2.417,0.0022,-0.0158,0.0045,0.0007,-6.1
2.418,0.0,-0.0158,0.0052,-0.0008,-6.1
2.419,-0.0008,-0.0128,0.006,0.0007,-6.0
2.42,-0.0015,-0.012,0.0067,-0.0015,-6.0
2.421,-0.003,-0.0083,0.0067,-0.003,-5.9
2.422,-0.0015,-0.0015,0.003,0.0007,-5.9
2.423,0.0007,0.0007,0.0045,0.0022,-5.9
2.424,0.0022,0.024,0.0045,0.0052,-5.9
2.425,0.003,0.051,0.0045,0.003,-5.9
2.426,0.0007,0.036,0.0022,-0.0015,-5.8
2.427,-0.003,0.0127,0.0015,-0.0008,-5.8
2.428,-0.003,-0.015,0.0022,-0.003,-5.8
2.429,-0.0015,-0.0495,0.0007,-0.0008,-5.7
2.43,-0.0008,-0.0713,0.003,0.0015,-5.7
2.431,0.0007,-0.0893,-0.0023,-0.0008,-5.7
2.432,0.0015,-0.0668,-0.003,-0.0008,-5.6
2.433,-0.0008,-0.021,0.0015,-0.0015,-5.6
2.434,-0.0015,-0.0068,-0.0008,-0.003,-5.6
2.435,0.0,-0.0091,0.0007,-0.0068,-5.5
2.436,-0.0008,-0.0105,-0.003,-0.0038,-5.5
2.437,-0.0015,-0.0158,-0.0053,0.0052,-5.5
2.438,0.0015,-0.0195,-0.0068,0.0007,-5.4
2.439,0.0007,-0.0181,-0.0083,0.0015,-5.4
2.44,0.0022,-0.0091,-0.0083,0.0,-5.4
2.441,0.003,0.0,-0.012,-0.006,-5.4
2.442,-0.0008,0.0022,-0.0075,-0.0038,-5.4
2.443,-0.0008,0.0,-0.006,-0.0038,-5.3
2.444,0.0007,-0.0128,-0.0046,0.0,-5.3
2.445,0.0007,-0.0181,-0.0023,0.0022,-5.3
2.446,0.0,-0.015,-0.003,0.0022,-5.2
2.447,-0.0008,-0.0158,0.0015,0.0037,-5.2
2.448,-0.0015,-0.0135,0.0,0.0015,-5.2
2.449,0.0,-0.0113,0.0015,0.0015,-5.2
2.45,0.003,0.0007,0.003,-0.0008,-5.1
2.451,0.0007,0.0105,0.0022,-0.0068,-5.1
2.452,-0.0008,0.0127,0.0045,-0.0046,-5.1
2.453,-0.0015,0.0195,0.0022,0.0,-5.0
2.454,-0.0046,0.0157,0.0052,0.0007,-5.0
2.455,-0.0053,0.0022,0.0022,0.0007,-5.0
2.456,-0.0046,-0.0203,-0.0008,-0.0015,-5.0
2.457,0.0007,-0.0405,-0.0023,0.0015,-5.0
2.458,0.0007,-0.027,-0.0046,0.003,-4.9
2.459,0.0015,-0.0075,-0.003,0.003,-4.9
2.46,-0.0008,-0.006,-0.0083,0.0015,-4.9
2.461,0.0,-0.0015,-0.0038,0.0015,-4.9
2.462,0.0015,-0.0015,0.0,0.0015,-4.8
2.463,-0.0015,-0.0015,0.0,0.0,-4.8
2.464,0.0007,0.0015,0.0037,-0.0008,-4.8
2.465,-0.0023,0.0045,0.0015,-0.0008,-4.8
2.466,-0.0023,0.012,0.0052,0.0007,-4.8
2.467,-0.0015,0.0232,0.003,0.0022,-4.8
2.468,-0.0053,0.0255,0.0007,0.003,-4.7
2.469,-0.0015,0.0165,0.0015,0.0007,-4.7
2.47,-0.0008,0.0082,-0.0046,-0.003,-4.7
2.471,0.0007,0.0007,-0.0015,-0.0038,-4.7
2.472,0.0015,0.0015,-0.0046,-0.0015,-4.7
2.473,0.0007,0.0067,-0.0038,0.0007,-4.6
2.474,0.0015,0.009,0.0007,0.0007,-4.6
2.475,0.0,0.0217,-0.0008,0.0015,-4.6
2.476,0.0,0.0322,0.0052,-0.0015,-4.6
2.477,-0.0015,0.033,0.0045,-0.0023,-4.6
2.478,0.0,0.0345,0.0082,-0.0008,-4.6
2.479,0.0022,0.0367,0.006,0.0015,-4.5
2.48,0.0015,0.0435,0.003,0.0015,-4.5
2.481,0.0052,0.0495,0.0067,0.0007,-4.5
2.482,0.0007,0.0465,0.0052,0.0015,-4.5
2.483,-0.0023,0.0382,0.0067,-0.0008,-4.5
2.484,-0.0015,0.024,0.0037,0.0,-4.5
2.485,-0.0015,0.0112,0.0022,0.0007,-4.5
2.486,-0.0008,-0.0008,-0.0008,-0.0015,-4.5
2.487,-0.0015,-0.0173,-0.003,-0.0023,-4.5
2.488,-0.0008,-0.0158,-0.003,-0.0008,-4.5
2.489,-0.003,0.0082,-0.0068,0.0,-4.4
2.49,-0.0046,0.0187,-0.0008,0.003,-4.4
2.491,-0.0008,0.0157,-0.0008,0.0052,-4.4
2.492,-0.0008,0.0135,0.0007,0.0045,-4.4
2.493,0.0015,-0.0008,-0.0008,0.003,-4.4
2.494,0.0015,-0.0203,-0.0046,-0.0008,-4.4
2.495,0.0007,-0.0405,-0.0023,-0.0046,-4.3
2.496,0.0015,-0.0465,-0.0053,-0.0046,-4.3
2.497,0.0,-0.024,-0.0038,-0.0053,-4.3
2.498,-0.0008,-0.0083,-0.0015,-0.003,-4.3
2.499,-0.0015,-0.0083,0.0,-0.0008,-4.3
2.5,0.0,-0.0053,0.0015,0.0007,-4.3
2.501,0.0015,-0.0046,0.0,0.0007,-4.3
2.502,-0.0008,-0.0023,0.003,-0.0015,-4.3
2.503,0.0015,0.003,0.006,-0.0015,-4.2
2.504,-0.0015,0.0037,0.0082,-0.003,-4.2
2.505,-0.0038,0.0015,0.0105,-0.0023,-4.2
2.506,0.0,-0.003,0.0097,0.0,-4.2
2.507,-0.0008,-0.0075,0.0067,0.0015,-4.2
2.508,0.0015,-0.0091,0.0067,0.0022,-4.2
2.509,-0.0008,-0.0068,0.0067,0.0015,-4.2
2.51,0.0,-0.0083,0.0075,0.0015,-4.1
2.511,0.0007,-0.0083,0.0082,0.0015,-4.1
2.512,-0.0046,-0.0046,0.0045,-0.0008,-4.1
2.513,-0.0015,0.0,0.0045,-0.003,-4.1
2.514,-0.0046,0.0,0.0007,-0.0068,-4.1
2.515,-0.0046,-0.006,0.0015,-0.0053,-4.1
2.516,0.0,-0.0083,0.0052,-0.003,-4.1
2.517,-0.0015,-0.012,0.0052,-0.003,-4.1
2.518,-0.0008,-0.0128,0.009,-0.0008,-4.1
2.519,0.0015,-0.012,0.009,0.0015,-4.1
2.52,0.0045,-0.0105,0.009,0.0037,-4.1
2.521,0.0045,-0.0091,0.009,0.003,-4.1
2.522,0.0045,-0.0091,0.0082,0.0007,-4.1
2.523,0.0022,-0.0083,0.0067,0.0015,-4.1
2.524,-0.0023,-0.0053,0.003,0.0015,-4.1
2.525,-0.003,-0.0008,0.0045,0.0007,-4.0
2.526,-0.003,0.0007,0.0052,0.0022,-4.0
2.527,-0.003,0.0007,0.0052,0.0007,-4.0
2.528,-0.0023,0.0015,0.003,-0.0008,-4.0
2.529,-0.0046,0.0,0.0,0.0,-4.0
2.53,-0.0038,-0.0068,-0.0008,-0.0008,-4.0
2.531,-0.003,-0.0113,0.0,-0.0008,-4.0
2.532,0.0,-0.0105,0.0022,0.0007,-4.0
2.533,0.0015,-0.0046,0.0007,0.0015,-4.0
2.534,0.0015,0.0082,-0.0008,-0.0008,-4.0
2.535,0.0015,0.018,-0.0008,-0.0015,-4.0
2.536,0.0,0.0232,0.0007,0.0015,-4.0
2.537,-0.0015,0.0262,-0.0008,0.0007,-4.0
2.538,-0.0023,0.024,-0.0008,-0.0015,-4.0
2.539,-0.0046,0.0195,-0.0008,-0.0008,-4.0
2.54,-0.0053,0.0157,-0.003,-0.0015,-4.0
2.541,-0.0038,0.0142,-0.0023,-0.0008,-4.0
2.542,-0.003,0.0127,-0.003,0.0007,-3.9
2.543,-0.0038,0.009,-0.0046,-0.0008,-3.9
2.544,-0.0023,0.0082,-0.006,0.0,-3.9
2.545,-0.0046,0.0105,-0.0053,0.0,-3.9
2.546,-0.0046,0.0142,-0.003,-0.0015,-3.9
2.547,-0.0023,0.0195,-0.0046,-0.0008,-3.9
2.548,-0.0008,0.021,-0.0053,-0.0023,-3.9
2.549,-0.0008,0.0127,-0.0083,-0.0015,-3.8
2.55,0.0,-0.003,-0.0091,0.0007,-3.8
2.551,0.0045,-0.0083,-0.0105,-0.0008,-3.8
2.552,0.0045,0.006,-0.0128,-0.0015,-3.8
2.553,0.0045,0.0157,-0.015,-0.0038,-3.8
2.554,0.0022,0.0157,-0.0143,-0.003,-3.8
2.555,-0.0008,0.0142,-0.0135,-0.0008,-3.7
2.556,0.0007,0.0112,-0.0158,-0.0015,-3.7
2.557,-0.0008,0.0112,-0.0091,-0.003,-3.7
2.558,-0.0023,0.0112,-0.0083,-0.003,-3.7
2.559,-0.0038,0.009,-0.0068,0.0,-3.7
2.56,-0.0046,0.0097,-0.0046,0.0015,-3.7
2.561,-0.0075,0.0097,-0.0053,0.0045,-3.7
2.562,-0.006,0.0105,-0.0015,0.0052,-3.7
2.563,-0.003,0.0112,0.0015,0.0045,-3.6
2.564,-0.0046,0.0082,0.0037,0.0022,-3.6
2.565,-0.0008,0.0067,0.0045,-0.0008,-3.6
2.566,-0.0008,0.0067,0.006,-0.003,-3.6
2.567,-0.0015,0.006,0.0045,-0.0015,-3.6
2.568,0.0007,0.003,0.0037,0.0,-3.6
2.569,-0.0046,0.0007,0.006,0.0,-3.6
2.57,-0.0038,-0.0023,0.0067,0.0,-3.6
2.571,-0.0015,-0.0046,0.0082,0.0,-3.6
2.572,-0.0023,-0.0068,0.0105,-0.0015,-3.6
2.573,-0.0015,-0.0075,0.0105,-0.003,-3.6
2.574,-0.0008,-0.0091,0.006,-0.0015,-3.6
2.575,0.0,-0.0143,0.0037,-0.0023,-3.6
2.576,-0.0008,-0.015,0.0022,0.0007,-3.6
2.577,0.0007,-0.0158,0.0022,0.003,-3.6
2.578,-0.0015,-0.012,0.0022,0.0015,-3.5
2.579,-0.003,-0.0046,0.0007,0.003,-3.5
2.58,-0.0023,-0.003,0.0015,0.0022,-3.5
2.581,-0.003,-0.0075,0.0,0.0052,-3.5
2.582,-0.0023,-0.012,-0.0015,0.0052,-3.5
2.583,-0.0008,-0.0105,0.003,0.0,-3.5
2.584,-0.0015,-0.0008,0.0037,-0.003,-3.5
2.585,0.0015,0.0,0.003,-0.0015,-3.5
2.586,0.0015,0.0045,0.003,-0.0008,-3.4
2.587,0.0007,0.018,0.0007,-0.0046,-3.4
2.588,0.003,0.012,0.003,-0.0128,-3.4
2.589,0.0007,0.0015,0.0045,-0.0128,-3.4
2.59,0.0007,0.0007,0.0045,-0.0083,-3.4
2.591,0.0007,-0.0075,0.006,-0.0046,-3.4
2.592,-0.0015,-0.0091,0.0082,-0.0008,-3.4
2.593,0.0,-0.0091,0.009,0.0,-3.4
2.594,0.0007,-0.0105,0.0082,0.0007,-3.4
2.595,0.0037,-0.006,0.0067,0.0015,-3.3
2.596,0.003,-0.0008,0.0037,0.003,-3.3
2.597,0.003,0.003,-0.0015,0.0052,-3.3
2.598,0.0015,-0.003,0.0007,0.0045,-3.3
2.599,-0.0046,-0.0068,0.0,0.003,-3.3
2.6,-0.0046,-0.0135,-0.003,0.0022,-3.3
2.601,-0.003,-0.0181,0.0007,0.006,-3.3
2.602,-0.0015,-0.0188,0.0007,0.0007,-3.3
2.603,-0.0008,-0.0263,0.0007,-0.0068,-3.3
2.604,-0.0015,-0.03,0.0015,-0.0105,-3.3
2.605,-0.0008,-0.027,0.0007,-0.0075,-3.3
2.606,-0.0008,-0.0165,-0.0008,0.0007,-3.3
2.607,0.0007,-0.0046,-0.0015,0.003,-3.3
2.608,-0.0038,0.0052,-0.0015,0.0052,-3.3
2.609,-0.0038,0.0067,0.0007,0.0052,-3.3
2.61,-0.003,0.0052,0.0007,0.0007,-3.3
2.611,-0.0053,0.0112,0.0015,-0.0008,-3.3
2.612,-0.0008,0.0067,0.0007,0.0,-3.3
2.613,0.0007,-0.0083,-0.0015,0.0007,-3.3
2.614,0.0015,-0.0225,-0.0008,0.0015,-3.3
2.615,0.003,-0.0285,0.0022,0.0022,-3.3
2.616,0.0007,-0.0308,0.0052,0.0015,-3.3
2.617,0.0015,-0.0375,0.0052,0.0007,-3.3
2.618,-0.0008,-0.021,0.0052,0.0015,-3.3
2.619,0.0015,-0.0083,0.0052,-0.0008,-3.3
2.62,-0.003,-0.0053,0.0007,-0.003,-3.3
2.621,-0.0068,0.0127,-0.0015,-0.0023,-3.3
2.622,-0.0053,0.012,0.0,-0.006,-3.3
2.623,-0.0083,0.0067,0.0,-0.0068,-3.3
2.624,-0.0023,0.0045,0.0007,-0.0023,-3.3
2.625,-0.0015,0.0015,0.0045,-0.0015,-3.3
2.626,-0.0015,0.0052,0.0067,-0.0015,-3.3
2.627,0.0022,0.0045,0.0082,0.0015,-3.3
2.628,0.0015,0.0067,0.0067,0.003,-3.3
2.629,0.0045,0.009,0.0052,0.0045,-3.3
2.63,0.0022,0.012,0.0045,0.003,-3.3
2.631,-0.0008,0.0075,0.0022,0.0,-3.3
2.632,-0.0008,0.003,0.0037,0.0015,-3.3
2.633,-0.0038,0.0052,0.0067,0.0,-3.3
2.634,-0.0008,0.0187,0.0082,0.0,-3.3
2.635,-0.003,0.03,0.009,-0.0015,-3.3
2.636,-0.003,0.0202,0.009,-0.0023,-3.3
2.637,0.0,0.012,0.0067,0.0,-3.3
2.638,-0.0008,-0.0015,0.0067,0.0022,-3.3
2.639,0.0007,-0.0203,0.0052,0.003,-3.3
2.64,0.0007,-0.0256,0.0015,0.0037,-3.4
2.641,-0.0008,-0.0346,0.0022,0.0045,-3.4
2.642,0.0015,-0.0293,0.0052,0.0,-3.4
2.643,-0.0008,-0.0128,0.0075,-0.0015,-3.4
2.644,-0.0015,0.0,0.006,-0.0015,-3.4
2.645,-0.0008,0.0082,0.0052,-0.003,-3.4
2.646,0.0007,0.009,0.0067,-0.0008,-3.4
2.647,0.0007,0.0127,0.0067,-0.0008,-3.4
2.648,-0.0015,0.0135,0.0082,-0.0038,-3.4
2.649,0.0007,0.0082,0.0067,-0.0046,-3.5
2.65,-0.0008,0.0067,0.003,-0.0023,-3.5
2.651,-0.0053,0.0082,0.003,-0.0008,-3.5
2.652,-0.0053,0.0165,0.003,0.0007,-3.5
2.653,-0.0068,0.021,0.0052,0.0022,-3.5
2.654,-0.0053,0.0195,0.0075,0.0015,-3.5
2.655,-0.0046,0.012,0.0075,0.0007,-3.6
2.656,-0.003,0.0,0.009,0.0,-3.6
2.657,-0.0015,-0.015,0.0105,-0.003,-3.6
2.658,-0.0023,-0.0263,0.0105,-0.0038,-3.6
2.659,-0.0008,-0.0181,0.012,-0.0015,-3.6
2.66,0.0007,-0.0091,0.012,-0.0015,-3.6
2.661,0.0,-0.0098,0.0075,-0.0023,-3.6
2.662,0.0007,-0.003,0.0052,-0.0008,-3.6
2.663,-0.0015,0.0007,0.003,-0.0008,-3.7
2.664,-0.0038,0.006,0.0022,-0.0015,-3.7
2.665,-0.003,0.012,0.0082,0.0,-3.7
2.666,-0.0046,0.009,0.009,0.0007,-3.7
2.667,-0.0046,-0.0046,0.0135,0.003,-3.8
2.668,-0.003,-0.0308,0.0127,0.0037,-3.8
2.669,-0.0046,-0.0346,0.0127,0.0037,-3.8
2.67,-0.003,-0.0233,0.0157,0.003,-3.9
2.671,-0.0008,-0.0143,0.0142,-0.0023,-3.9
2.672,0.0007,-0.0075,0.0157,-0.0046,-3.9
2.673,0.0007,-0.012,0.0105,-0.0038,-3.9
2.674,-0.0008,-0.0083,0.009,-0.0023,-4.0
2.675,0.0007,-0.0053,0.0082,-0.0008,-4.0
2.676,-0.0015,-0.0068,0.0037,0.0,-4.0
2.677,-0.0023,-0.0038,0.0075,0.0015,-4.0
2.678,0.0,-0.0068,0.0052,0.0037,-4.1
2.679,-0.0015,-0.0113,0.0045,0.0022,-4.1
2.68,0.003,-0.0181,0.0082,0.003,-4.1
2.681,0.003,-0.0218,0.006,0.0067,-4.1
2.682,0.0015,-0.012,0.0075,0.0045,-4.1
2.683,0.0037,0.0052,0.0052,-0.0015,-4.2
2.684,-0.0008,0.0232,0.003,-0.0143,-4.2
2.685,-0.0046,0.036,0.003,-0.0165,-4.3
2.686,-0.0068,0.0352,-0.0015,-0.0098,-4.3
2.687,-0.0068,0.0195,0.0,-0.0046,-4.3
2.688,-0.0046,-0.0128,-0.0008,-0.0023,-4.4
2.689,-0.0015,-0.0346,0.0007,-0.0008,-4.4
2.69,-0.0008,-0.0308,0.003,0.006,-4.5
2.691,-0.0023,-0.0405,0.0015,0.0067,-4.5
2.692,0.0015,-0.0428,0.0052,0.0052,-4.5
2.693,0.0052,-0.027,0.0067,0.0045,-4.5
2.694,0.0067,-0.012,0.0052,0.003,-4.5
2.695,0.006,0.0052,0.0007,0.0045,-4.6
2.696,0.0037,0.0165,-0.0015,0.0045,-4.6
2.697,0.003,0.0217,-0.0015,-0.0023,-4.7
2.698,-0.0015,0.018,-0.0023,-0.0068,-4.7
2.699,-0.003,0.012,0.0,-0.0038,-4.7
2.7,-0.0015,0.0075,-0.0015,0.0,-4.8
2.701,-0.0015,0.0,-0.003,0.0045,-4.8
2.702,0.0015,-0.0015,-0.003,0.0037,-4.9
2.703,0.003,-0.0046,-0.0053,0.0015,-4.9
2.704,0.0007,-0.0105,-0.0038,-0.0008,-5.0
2.705,-0.003,-0.0135,-0.0068,-0.0015,-5.0
2.706,-0.0015,-0.003,-0.0083,-0.0015,-5.0
2.707,-0.0046,0.0075,-0.0091,-0.0053,-5.1
2.708,-0.0038,0.009,-0.0105,-0.0046,-5.1
2.709,-0.0008,0.0127,-0.0098,-0.0015,-5.2
2.71,0.0,0.0105,-0.0105,-0.0015,-5.2
2.711,0.0015,0.0097,-0.012,0.0007,-5.3
2.712,0.0045,0.0127,-0.0113,0.003,-5.3
2.713,0.0052,0.0127,-0.012,0.0037,-5.4
2.714,0.0052,0.0172,-0.0091,0.0052,-5.4
2.715,0.0037,0.0195,-0.0075,0.0052,-5.4
2.716,0.0,0.0232,-0.0083,0.003,-5.5
2.717,-0.0008,0.0202,-0.0075,0.0007,-5.5
2.718,-0.0015,0.0157,-0.0068,0.0015,-5.6
2.719,-0.0023,0.0157,-0.0068,0.0015,-5.6
2.72,0.0,0.015,-0.0053,0.0007,-5.7
2.721,0.0,0.0187,-0.003,-0.0008,-5.7
2.722,-0.0008,0.0195,-0.0015,-0.0008,-5.8
2.723,-0.0008,0.024,-0.0046,-0.0023,-5.9
2.724,0.0007,0.0255,-0.0046,-0.003,-5.9
2.725,0.0,0.0255,-0.0046,-0.003,-5.9
2.726,0.0007,0.0255,-0.006,-0.0023,-6.0
2.727,0.0,0.0277,-0.0053,-0.0008,-6.1
2.728,-0.0053,0.0315,-0.006,0.003,-6.1
2.729,-0.0038,0.0315,-0.0105,0.006,-6.2
2.73,-0.0046,0.039,-0.0128,0.0037,-6.3
2.731,-0.0015,0.0532,-0.0128,0.0015,-6.3
2.732,0.003,0.051,-0.0105,-0.003,-6.3
2.733,-0.0015,0.03,-0.0105,-0.0105,-6.4
2.734,-0.0008,0.0015,-0.0083,-0.0128,-6.4
2.735,-0.0053,-0.0195,-0.006,-0.0098,-6.5
2.736,-0.0068,-0.0278,-0.0083,-0.0068,-6.6
2.737,0.0007,-0.0578,-0.0053,-0.0068,-6.6
2.738,0.0022,-0.0765,-0.006,-0.0068,-6.7
2.739,0.0007,-0.039,-0.0046,-0.006,-6.8
2.74,0.0,-0.0038,-0.003,-0.0008,-6.8
2.741,0.0,0.0127,-0.003,0.0015,-6.9
2.742,-0.003,0.0105,-0.0053,0.003,-6.9
2.743,-0.0023,-0.0008,-0.0105,0.0052,-7.0
2.744,-0.0038,0.0082,-0.0091,0.0037,-7.1
2.745,-0.006,0.0195,-0.0128,0.0007,-7.2
2.746,-0.0038,0.0165,-0.012,-0.003,-7.2
2.747,-0.003,0.0075,-0.0083,-0.0046,-7.3
2.748,0.0007,0.003,-0.0105,-0.0015,-7.4
2.749,-0.0008,-0.0038,-0.0053,-0.0015,-7.4
2.75,-0.0008,-0.012,-0.0053,0.0015,-7.5
2.751,0.0007,-0.0143,-0.0046,0.003,-7.6
2.752,-0.0015,-0.0113,-0.0008,0.0015,-7.7
2.753,0.0015,-0.0091,-0.0015,0.0007,-7.7
2.754,0.0007,-0.0075,0.0007,-0.0008,-7.8
2.755,0.003,-0.003,0.0007,0.0015,-7.9
2.756,0.003,0.0067,0.0007,0.0052,-8.0
2.757,0.0015,0.012,0.0015,0.006,-8.0
2.758,0.003,0.0142,0.0,0.0022,-8.1
2.759,-0.0008,0.0067,0.0007,-0.003,-8.1
2.76,0.003,-0.003,0.0015,-0.003,-8.3
2.761,0.0022,0.0075,0.0052,-0.003,-8.3
2.762,0.0015,0.0232,0.0082,-0.0023,-8.4
2.763,0.0052,0.03,0.009,-0.0015,-8.5
2.764,0.0022,0.027,0.009,-0.0046,-8.6
2.765,0.0015,0.0195,0.006,-0.0046,-8.6
2.766,-0.003,0.0105,0.0037,-0.0046,-8.7
2.767,-0.0038,-0.0083,0.0037,-0.0015,-8.8
2.768,-0.0068,-0.012,0.0052,0.0037,-8.9
2.769,-0.0091,-0.0091,0.0082,0.0052,-9.0
2.77,-0.0068,-0.0203,0.0082,0.0015,-9.0
2.771,-0.0083,-0.0278,0.0097,-0.003,-9.1
2.772,-0.0053,-0.0495,0.0082,0.0007,-9.2
2.773,-0.0046,-0.0638,0.0082,0.0007,-9.3
2.774,-0.0046,-0.0383,0.0097,-0.0015,-9.4
2.775,0.0007,0.0067,0.012,-0.0053,-9.5
2.776,0.0007,0.033,0.018,-0.012,-9.5
2.777,0.0007,0.0232,0.0195,-0.0091,-9.6
2.778,-0.0008,-0.0015,0.0217,-0.003,-9.7
2.779,-0.003,-0.0353,0.0225,0.0015,-9.8
2.78,-0.0053,-0.057,0.0202,0.003,-9.9
2.781,-0.0038,-0.048,0.0202,0.0052,-9.9
2.782,0.0007,0.009,0.0187,0.003,-10.0
2.783,0.0015,0.0787,0.0165,0.0007,-10.1
2.784,0.0022,0.0795,0.0157,0.003,-10.2
2.785,0.0015,0.033,0.0195,0.0082,-10.4
2.786,0.0007,-0.0225,0.018,0.003,-10.4
2.787,0.0007,-0.0765,0.0142,-0.0105,-10.5
2.788,-0.0023,-0.1006,0.009,-0.0046,-10.6
2.789,-0.0015,-0.0983,0.0037,0.0067,-10.7
2.79,-0.0015,-0.0765,0.0052,0.003,-10.8
2.791,-0.0068,-0.0091,0.0045,0.0037,-10.9
2.792,-0.0083,0.0337,0.0052,0.009,-11.0
2.793,-0.0075,0.0202,0.003,0.0127,-11.1
2.794,-0.0083,0.0382,-0.0008,0.0127,-11.2
2.795,-0.0083,0.0607,0.0007,0.0067,-11.3
2.796,-0.0046,0.063,-0.0008,-0.0068,-11.4
2.797,-0.0046,0.0675,-0.0008,-0.012,-11.5
2.798,-0.003,0.0645,-0.0038,-0.0091,-11.6
2.799,0.0,0.0622,-0.0068,-0.0083,-11.7
2.8,0.0007,0.0802,-0.0068,-0.003,-11.8
2.801,0.0022,0.0892,-0.0053,-0.0015,-11.9
2.802,-0.0015,0.0397,-0.0015,-0.0023,-12.0
2.803,-0.0008,-0.0383,-0.0008,-0.0075,-12.1
2.804,-0.0015,-0.1088,-0.0008,-0.0083,-12.2
2.805,-0.0015,-0.1193,0.0007,0.0007,-12.3
2.806,0.0007,-0.0825,0.0007,-0.0008,-12.5
2.807,-0.0008,-0.078,0.0,0.0037,-12.6
2.808,0.0022,-0.0578,0.0015,0.006,-12.7
2.809,0.0022,-0.054,-0.0008,-0.0015,-12.8
2.81,-0.0008,-0.0555,-0.0008,-0.0008,-13.0
2.811,0.0007,-0.0308,0.0007,-0.0008,-13.1
2.812,-0.0008,-0.0285,-0.0008,-0.0008,-13.2
2.813,0.0,-0.012,0.0007,-0.0008,-13.3
2.814,0.0,-0.0173,-0.0008,0.0007,-13.4
2.815,-0.003,-0.0046,-0.0015,0.0015,-13.5
2.816,-0.003,0.0165,0.0007,0.0045,-13.6
2.817,-0.0038,0.0045,0.0007,0.006,-13.8
2.818,-0.0015,0.0022,0.003,0.006,-13.9
2.819,-0.0023,0.0015,0.0022,0.0045,-14.0
2.82,-0.003,-0.006,0.003,-0.003,-14.2
2.821,-0.0008,-0.0128,0.0075,-0.0068,-14.3
2.822,-0.0023,-0.0046,0.009,-0.0046,-14.4
2.823,0.0015,0.003,0.009,0.0052,-14.5
2.824,0.0037,0.0127,0.009,0.0082,-14.7
2.825,0.003,0.0412,0.009,0.0052,-14.8
2.826,0.0007,0.072,0.003,0.0052,-14.9
2.827,-0.003,0.087,-0.0046,-0.0046,-15.1
2.828,-0.003,0.0592,-0.006,-0.0113,-15.2
2.829,-0.0046,-0.0053,-0.012,-0.012,-15.3
2.83,-0.0046,-0.0353,-0.0098,-0.0083,-15.5
2.831,-0.003,-0.0518,-0.0068,-0.0046,-15.6
2.832,-0.0015,-0.0615,-0.006,-0.0015,-15.7
2.833,0.0015,-0.0533,-0.0015,0.0022,-15.8
2.834,0.0007,-0.0675,-0.0015,0.003,-16.0
2.835,0.003,-0.042,-0.0008,0.0075,-16.1
2.836,0.003,-0.003,-0.0046,0.0075,-16.2
2.837,0.003,0.021,-0.0008,0.0045,-16.4
2.838,0.0037,0.0652,-0.0015,0.0037,-16.5
2.839,-0.0023,0.0892,-0.0023,0.003,-16.7
2.84,-0.0046,0.096,-0.0008,0.003,-16.8
2.841,-0.0053,0.0382,-0.0083,0.0015,-16.9
2.842,-0.003,-0.0593,-0.006,0.0045,-17.1
2.843,0.0015,-0.0691,-0.0083,0.006,-17.2
2.844,-0.0008,-0.0555,-0.0053,0.006,-17.4
2.845,0.0015,-0.063,-0.0038,0.0105,-17.6
2.846,0.0015,-0.0518,-0.0038,0.0105,-17.7
2.847,0.0007,-0.027,0.003,0.0052,-17.9
2.848,0.0007,0.0195,-0.0015,-0.0046,-18.0
2.849,-0.0008,0.018,-0.0015,-0.0091,-18.2
2.85,-0.003,-0.0128,-0.0068,-0.0091,-18.3
2.851,-0.0038,0.012,-0.012,-0.0046,-18.5
2.852,-0.0008,0.0705,-0.0091,0.0045,-18.6
2.853,-0.0008,0.0952,-0.0098,0.003,-18.8
2.854,0.0015,0.0705,-0.003,0.0052,-18.9
2.855,0.0007,0.057,-0.0008,0.006,-19.1
2.856,0.0015,0.0495,0.0022,0.0067,-19.2
2.857,0.0045,-0.0083,0.006,0.0082,-19.4
2.858,0.0045,-0.0818,0.0052,0.0067,-19.5
2.859,0.0037,-0.1185,0.0127,0.0,-19.7
2.86,-0.0008,-0.1043,0.0097,-0.0083,-19.9
2.861,-0.0038,-0.0256,0.0105,-0.0083,-20.0
2.862,-0.003,-0.0068,0.0127,-0.0046,-20.2
2.863,-0.0038,-0.0128,0.0112,-0.0083,-20.3
2.864,-0.0008,0.0112,0.0142,-0.0173,-20.5
2.865,0.0,0.0045,0.0142,-0.0173,-20.7
2.866,-0.0015,0.0532,0.0127,-0.0165,-20.8
2.867,-0.0008,0.0855,0.0112,-0.015,-21.0
2.868,-0.0023,0.0817,0.0105,-0.012,-21.2
2.869,-0.003,0.0742,0.0157,-0.0158,-21.3
2.87,-0.0053,0.0465,0.0135,-0.0173,-21.5
2.871,-0.0083,0.0397,0.0142,-0.012,-21.6
2.872,-0.0053,0.0157,0.0165,0.0015,-21.8
2.873,0.0,0.0262,0.0195,0.0067,-22.0
2.874,0.0052,0.0375,0.021,0.0022,-22.1
2.875,0.003,0.0202,0.018,0.0052,-22.3
2.876,0.003,0.0367,0.0255,0.0082,-22.5
2.877,0.0007,0.048,0.024,0.006,-22.6
2.878,-0.0046,0.0337,0.024,0.009,-22.8
2.879,-0.0046,0.018,0.0255,0.0097,-23.0
2.88,-0.0046,0.0165,0.0247,0.009,-23.2
2.881,-0.003,0.024,0.03,0.0082,-23.4
2.882,0.0022,0.012,0.0292,0.0052,-23.5
2.883,0.0007,-0.0083,0.0277,0.0052,-23.8
2.884,-0.0008,0.009,0.0255,0.006,-23.9
2.885,0.0007,0.0172,0.0255,0.0067,-24.2
2.886,0.0007,-0.0023,0.0255,0.0007,-24.4
2.887,0.0007,-0.012,0.0217,-0.0015,-24.6
2.888,-0.0015,-0.0143,0.018,0.0,-24.8
2.889,0.0,0.006,0.0165,0.0015,-25.0
2.89,0.0007,0.0157,0.0165,0.003,-25.2
2.891,0.0007,-0.0083,0.015,0.0037,-25.4
2.892,0.0,-0.039,0.0165,0.0015,-25.6
2.893,-0.0015,-0.0721,0.0112,0.0015,-25.8
2.894,0.0007,-0.0795,0.0067,0.003,-26.0
2.895,0.0007,-0.0878,0.0082,0.0037,-26.2
2.896,0.0045,-0.0818,0.0045,0.003,-26.5
2.897,0.0045,-0.057,0.0037,-0.0046,-26.6
2.898,0.0037,-0.0346,-0.0015,-0.0091,-26.9
2.899,0.0037,-0.0053,-0.0008,-0.006,-27.0
2.9,0.0007,-0.0128,-0.003,-0.0068,-27.3
2.901,0.0037,-0.0346,-0.0113,-0.0008,-27.5
2.902,0.006,-0.0346,-0.0105,0.0045,-27.8
2.903,0.0052,-0.0218,-0.0128,0.0052,-28.0
2.904,0.003,0.0,-0.0158,0.0052,-28.2
2.905,-0.003,0.012,-0.0218,0.0,-28.5
2.906,-0.0046,0.0127,-0.0256,-0.0046,-28.7
2.907,-0.0068,0.0075,-0.0256,-0.0158,-28.9
2.908,-0.0083,-0.0083,-0.0315,-0.0181,-29.2
2.909,-0.0091,-0.0503,-0.0323,-0.0143,-29.4
2.91,-0.0083,-0.09,-0.0368,-0.0083,-29.7
2.911,-0.0046,-0.0788,-0.0361,0.003,-29.9
2.912,-0.0068,-0.0383,-0.033,0.009,-30.2
2.913,-0.0038,-0.0083,-0.0338,0.0105,-30.4
2.914,-0.0015,0.0127,-0.0248,0.0082,-30.6
2.915,-0.003,0.0465,-0.024,0.0052,-30.9
2.916,-0.0015,0.0592,-0.0218,0.0082,-31.1
2.917,0.0007,0.054,-0.0128,0.0075,-31.3
2.918,0.0015,0.0457,-0.0143,0.0052,-31.5
2.919,0.003,0.0037,-0.0105,0.0045,-31.8
2.92,0.0045,-0.0308,-0.0105,0.0,-32.1
2.921,0.003,-0.06,-0.0113,-0.003,-32.3
2.922,0.003,-0.084,-0.0105,-0.0083,-32.5
2.923,0.0007,-0.0721,-0.012,-0.0105,-32.7
2.924,-0.0008,-0.057,-0.0091,-0.0113,-32.9
2.925,-0.003,-0.0315,-0.0105,-0.0113,-33.2
2.926,-0.0068,-0.0128,-0.0083,-0.0105,-33.4
2.927,-0.0128,-0.0105,-0.0083,-0.0098,-33.7
2.928,-0.012,-0.0015,-0.0046,-0.006,-33.9
2.929,-0.0083,0.0037,0.0015,-0.003,-34.1
2.93,-0.006,0.015,0.0015,-0.0038,-34.3
2.931,-0.0046,0.0247,0.0112,0.0007,-34.6
2.932,-0.0053,0.027,0.012,0.003,-34.8
2.933,-0.0068,0.018,0.0157,0.0007,-35.0
2.934,-0.0053,0.0022,0.0187,0.0022,-35.2
2.935,-0.006,0.003,0.0157,-0.0023,-35.5
2.936,-0.0046,0.0082,0.0195,-0.003,-35.7
2.937,0.0,0.03,0.0142,-0.0053,-36.0
2.938,0.0,0.063,0.018,-0.003,-36.2
2.939,0.0015,0.0787,0.0157,0.0007,-36.4
2.94,0.003,0.0555,0.0127,-0.0083,-36.7
2.941,0.003,0.0127,0.0187,-0.0098,-36.9
2.942,0.0022,-0.0143,0.0195,-0.012,-37.1
2.943,0.0052,-0.0315,0.0255,-0.0165,-37.4
2.944,0.0075,-0.0458,0.0225,-0.0158,-37.6
2.945,0.0052,-0.0436,0.0195,-0.012,-37.8
2.946,0.009,-0.012,0.0195,-0.0075,-38.1
2.947,0.012,0.0045,0.0165,-0.0046,-38.3
2.948,0.0127,0.0007,0.0187,-0.003,-38.5
2.949,0.0142,0.009,0.018,-0.0015,-38.7
2.95,0.0127,0.0097,0.0195,0.0,-39.0
2.951,0.0105,0.0142,0.0195,0.0015,-39.2
2.952,0.0112,0.0195,0.0195,0.0045,-39.5
2.953,0.0105,0.024,0.0157,0.003,-39.7
2.954,0.0067,0.0255,0.0127,0.0007,-39.9
2.955,0.0037,0.0157,0.012,0.0015,-40.2
2.956,0.0015,0.0127,0.0067,0.0007,-40.4
2.957,0.0,0.009,0.0045,0.0007,-40.6
2.958,0.0,0.0082,0.0007,-0.0015,-40.9
2.959,-0.0008,0.0082,-0.0015,0.0007,-41.1
2.96,-0.0038,0.0075,-0.0046,0.0007,-41.4
2.961,-0.0053,0.0097,-0.0046,0.0007,-41.6
2.962,-0.003,0.0105,-0.0015,0.003,-41.8
2.963,-0.0075,0.009,0.003,-0.0008,-42.0
2.964,-0.0068,0.0112,0.0075,0.0022,-42.3
2.965,-0.0023,0.012,0.0097,0.0037,-42.5
2.966,-0.003,0.0105,0.0105,0.0045,-42.7
2.967,0.0015,0.0105,0.0067,0.0067,-42.9
2.968,0.0007,0.0105,0.003,0.0082,-43.2
2.969,-0.0008,0.0127,0.0007,0.0082,-43.4
2.97,-0.0008,0.0135,0.0007,0.0082,-43.7
2.971,-0.003,0.0112,-0.0008,0.0082,-43.9
2.972,-0.0008,0.0112,-0.0015,0.0045,-44.1
2.973,-0.0015,0.0105,-0.0068,0.0052,-44.3
2.974,-0.0046,0.009,-0.0053,0.0015,-44.6
2.975,-0.0046,0.0082,-0.003,-0.0023,-44.8
2.976,-0.0038,0.0082,-0.006,-0.0015,-45.0
2.977,-0.0015,0.0067,-0.0046,-0.003,-45.2
2.978,-0.0023,0.0067,-0.0083,-0.0015,-45.5
2.979,-0.003,0.0105,-0.0053,0.0007,-45.7
2.98,-0.003,0.012,-0.003,0.0007,-45.9
2.981,-0.0038,0.012,-0.0068,-0.0015,-46.1
2.982,-0.0023,0.0112,-0.0068,-0.0015,-46.3
2.983,-0.0038,0.0105,-0.0113,-0.0038,-46.5
2.984,-0.0046,0.0097,-0.0075,-0.003,-46.8
2.985,-0.0053,0.006,-0.0068,-0.0038,-47.0
2.986,-0.0046,0.0045,-0.0105,-0.0068,-47.2
2.987,-0.003,0.0052,-0.0091,-0.0023,-47.4
2.988,-0.003,0.0052,-0.0098,0.0007,-47.6
2.989,0.0,0.0037,-0.0068,-0.0008,-47.8
2.99,-0.0015,0.0015,-0.0068,-0.0015,-48.0
2.991,-0.0038,-0.0023,-0.0083,-0.0023,-48.2
2.992,-0.0046,-0.0046,-0.0068,-0.003,-48.4
2.993,-0.0053,-0.0091,-0.0091,-0.0053,-48.6
2.994,-0.0023,-0.0098,-0.0113,-0.0015,-48.9
2.995,-0.0038,-0.0075,-0.0113,0.0022,-49.1
2.996,-0.0038,-0.0068,-0.0105,0.0037,-49.3
2.997,-0.0015,-0.006,-0.0075,0.0045,-49.5
2.998,0.0007,-0.0068,-0.0046,0.0037,-49.7
2.999,0.0022,-0.0046,-0.0023,0.0045,-49.9
3.0,-0.0015,-0.0053,-0.0008,0.003,-50.2
3.001,-0.0038,-0.0038,-0.0015,0.0007,-50.3
3.002,-0.0075,-0.0015,0.0037,0.0,-50.5
3.003,-0.0091,-0.0008,0.0022,0.0,-50.7
3.004,-0.003,-0.0015,0.0015,0.003,-50.9
3.005,-0.0046,-0.003,0.0015,0.0052,-51.1
3.006,-0.0015,-0.0053,-0.0053,0.003,-51.3
3.007,0.0007,-0.0083,-0.0038,0.003,-51.5
3.008,-0.0023,-0.0091,-0.0075,0.0022,-51.8
3.009,-0.0008,-0.012,-0.0053,-0.0008,-51.9
3.01,-0.0046,-0.0143,-0.0015,-0.0008,-52.2
3.011,-0.0038,-0.0165,-0.0046,-0.003,-52.3
3.012,-0.0015,-0.015,-0.003,-0.0023,-52.5
3.013,-0.0038,-0.0128,-0.0053,-0.0015,-52.7
3.014,0.0,-0.0105,-0.0038,-0.003,-52.9
3.015,0.0015,-0.0091,-0.0053,-0.0038,-53.1
3.016,0.0045,-0.012,-0.0053,-0.0053,-53.3
3.017,0.003,-0.0113,-0.0068,-0.0046,-53.6
3.018,0.0,-0.0083,-0.0046,-0.003,-53.7
3.019,0.0,-0.0068,0.0007,-0.003,-54.0
3.02,-0.0015,-0.0083,-0.0008,-0.0023,-54.2
3.021,0.0007,-0.0083,0.0022,-0.0008,-54.3
3.022,-0.0008,-0.0083,0.003,0.0007,-54.5
3.023,-0.0008,-0.0075,0.003,0.003,-54.6
3.024,-0.0015,-0.0083,0.0075,0.0052,-54.8
3.025,-0.0053,-0.0098,0.0067,0.0045,-54.9
3.026,-0.003,-0.012,0.0082,0.0052,-55.1
3.027,-0.0046,-0.012,0.003,0.0022,-55.3
3.028,-0.0068,-0.0098,-0.0008,0.0007,-55.4
3.029,-0.0046,-0.0113,0.0,-0.0008,-55.6
3.03,-0.0075,-0.012,-0.003,-0.003,-55.8
3.031,-0.0038,-0.012,-0.0023,-0.0015,-55.9
3.032,-0.0008,-0.0128,-0.0053,-0.0015,-56.1
3.033,-0.006,-0.0113,-0.0075,-0.0008,-56.3
3.034,-0.0053,-0.0105,-0.0091,-0.0015,-56.4
3.035,-0.003,-0.0083,-0.0113,-0.003,-56.6
3.036,-0.0023,-0.0053,-0.0068,-0.003,-56.7
3.037,0.0015,-0.0015,-0.0068,-0.0015,-56.9
3.038,0.0022,0.0015,-0.0053,0.0,-57.1
3.039,0.003,0.0015,-0.0046,0.0007,-57.2
3.04,0.0015,0.0,-0.0015,0.0045,-57.5
3.041,0.0015,0.0015,0.0015,0.0045,-57.6
3.042,0.0015,-0.0008,0.0037,0.0067,-57.7
3.043,0.0,-0.0015,0.0052,0.0067,-57.8
3.044,-0.0008,0.0007,0.0015,0.0022,-58.0
3.045,0.0015,0.0022,0.0015,0.0007,-58.1
3.046,0.0007,0.0022,-0.003,-0.0008,-58.2
3.047,-0.0008,0.0037,-0.0015,-0.0008,-58.4
3.048,0.0007,0.0067,0.0052,0.0007,-58.5
3.049,0.0007,0.0067,0.0037,0.0007,-58.6
3.05,0.0007,0.0052,0.0112,0.0015,-58.8
3.051,-0.0008,0.0037,0.0105,0.003,-58.9
3.052,-0.0008,0.003,0.0195,0.0015,-59.0
3.053,-0.0023,0.0015,0.024,0.0007,-59.1
3.054,-0.0023,0.0015,0.0225,0.0015,-59.3
3.055,-0.0015,0.003,0.0255,0.0015,-59.4
3.056,-0.0023,0.0037,0.0187,-0.0008,-59.5
3.057,-0.0008,0.0037,0.018,-0.0015,-59.7
3.058,-0.0008,0.003,0.0127,-0.003,-59.8
3.059,0.0007,0.0045,0.012,-0.0068,-59.9
3.06,0.0015,0.0045,0.0105,-0.0091,-60.1
3.061,-0.0008,0.0045,0.0082,-0.0083,-60.2
3.062,0.0,0.0045,0.012,-0.0053,-60.3
3.063,-0.0015,0.006,0.0082,-0.006,-60.3
3.064,0.0,0.0082,0.0082,-0.0068,-60.4
3.065,-0.0023,0.0105,0.0045,-0.0023,-60.5
3.066,-0.0046,0.0127,0.0052,-0.0015,-60.6
3.067,0.0007,0.0135,0.0067,0.0007,-60.7
3.068,-0.0008,0.0142,0.0052,0.0037,-60.8
3.069,-0.0008,0.0135,0.0105,0.003,-60.9
3.07,-0.0008,0.012,0.012,0.0015,-61.0
3.071,-0.0038,0.009,0.0105,0.0,-61.0
3.072,-0.0038,0.0082,0.009,-0.0023,-61.1
3.073,-0.003,0.0075,0.0075,-0.003,-61.2
3.074,-0.003,0.006,0.0082,-0.0015,-61.3
3.075,-0.0023,0.0045,0.0067,-0.0015,-61.4
3.076,0.0,0.0045,0.003,-0.0015,-61.5
3.077,0.0022,0.0045,0.0007,-0.0015,-61.6
3.078,0.0,0.0007,-0.0008,-0.0015,-61.7
3.079,0.0007,0.0022,-0.0015,-0.0008,-61.7
3.08,-0.0015,0.003,-0.0015,0.0007,-61.9
3.081,-0.0046,0.0022,-0.0015,0.0015,-61.9
3.082,-0.0008,0.0022,-0.006,0.0015,-61.9
3.083,-0.0023,0.003,-0.0068,0.0022,-62.0
3.084,-0.0015,0.006,-0.0046,0.0007,-62.0
3.085,-0.0015,0.0067,-0.0015,0.0007,-62.0
3.086,-0.0053,0.0067,0.0015,0.0,-62.1
3.087,-0.0046,0.0082,0.0022,0.0007,-62.1
3.088,-0.0046,0.0097,0.0045,0.0022,-62.1
3.089,-0.0008,0.0082,0.0045,0.003,-62.2
3.09,0.0007,0.0105,0.0045,0.003,-62.2
3.091,-0.0008,0.012,0.0082,0.0045,-62.2
3.092,0.0045,0.0127,0.006,0.0045,-62.3
3.093,0.0037,0.012,0.0052,0.0015,-62.3
3.094,0.0015,0.0105,0.0045,0.0,-62.4
3.095,-0.0015,0.009,0.0007,0.0,-62.4
3.096,-0.0046,0.009,0.0007,0.0007,-62.5
3.097,-0.0008,0.0082,-0.003,0.0015,-62.5
3.098,-0.0023,0.0045,-0.0023,0.0015,-62.5
3.099,-0.0008,0.0045,-0.003,0.0015,-62.6
3.1,0.0007,0.0082,-0.0046,0.0007,-62.6
3.101,-0.0015,0.0067,-0.0068,0.0022,-62.6
3.102,0.0022,0.0067,-0.0091,0.0015,-62.6
3.103,0.003,0.0067,-0.0046,0.0,-62.6
3.104,-0.0008,0.0045,-0.0038,0.0007,-62.6
3.105,0.0015,0.0045,-0.0015,0.0007,-62.6
3.106,0.0015,0.0015,-0.0015,0.0015,-62.6
3.107,-0.0008,0.0015,-0.0008,0.0007,-62.6
3.108,0.0015,0.003,0.0007,0.0007,-62.7
3.109,-0.0008,0.0022,0.0,0.0007,-62.7
3.11,-0.0038,0.0015,0.0015,-0.0008,-62.7
3.111,-0.003,0.0,-0.0008,0.0015,-62.7
3.112,-0.0046,-0.0023,-0.0023,0.0015,-62.7
3.113,-0.0015,-0.0038,-0.0046,0.0,-62.7
3.114,-0.0008,-0.003,-0.0053,-0.0008,-62.7
3.115,-0.0008,-0.003,-0.0023,-0.0015,-62.7
3.116,-0.0008,-0.003,0.0007,-0.0015,-62.7
3.117,-0.003,-0.003,0.003,-0.0015,-62.7
3.118,0.0007,-0.0038,0.0045,0.0007,-62.8
3.119,0.0,-0.0008,0.0067,0.003,-62.8
3.12,0.0007,0.0015,0.0067,0.0015,-62.8
3.121,0.003,0.003,0.0045,0.0007,-62.8
3.122,-0.0015,0.003,0.0037,-0.0008,-62.8
3.123,0.0015,0.0022,-0.0008,-0.003,-62.7
3.124,0.0037,0.0015,0.0007,-0.0008,-62.7
3.125,0.0022,0.0015,0.0015,0.0007,-62.7
3.126,0.003,0.003,0.0007,0.0007,-62.7
3.127,0.0007,0.0007,0.0045,0.0015,-62.6
3.128,0.0007,-0.0008,0.0,0.0,-62.6
3.129,-0.0008,-0.0015,0.0,0.0007,-62.6
3.13,-0.0015,-0.0038,-0.0023,-0.0015,-62.6
3.131,-0.0015,-0.003,-0.0046,-0.0023,-62.6
3.132,-0.0046,-0.006,-0.0023,-0.0008,-62.5
3.133,-0.0046,-0.0083,-0.0038,0.0,-62.5
3.134,-0.0075,-0.0075,-0.0008,0.0007,-62.5
3.135,-0.0091,-0.006,-0.0008,-0.0008,-62.5
3.136,-0.0046,-0.006,-0.003,-0.0008,-62.4
3.137,-0.0068,-0.0053,-0.0046,-0.0008,-62.4
3.138,-0.003,-0.003,-0.003,-0.0015,-62.4
3.139,-0.0008,-0.003,-0.003,-0.0023,-62.4
3.14,0.0007,-0.0015,-0.0015,-0.0008,-62.3
3.141,0.0052,-0.0015,0.0052,-0.0008,-62.2
3.142,0.0037,-0.003,0.0082,0.0007,-62.2
3.143,0.006,-0.0015,0.012,0.0015,-62.1
3.144,0.0045,-0.003,0.0097,0.0007,-62.1
3.145,0.003,-0.0023,0.0082,-0.0008,-62.0
3.146,0.006,-0.0015,0.009,-0.0008,-61.9
3.147,0.0,-0.003,0.0067,0.0,-61.8
3.148,0.0,-0.003,0.0075,0.0007,-61.7
3.149,-0.0015,-0.0053,0.0067,0.0007,-61.7
3.15,-0.0023,-0.0068,0.006,0.0022,-61.6
3.151,-0.0008,-0.0053,0.0015,0.0015,-61.5
3.152,-0.0008,-0.0053,-0.0008,-0.0008,-61.5
3.153,0.0015,-0.0053,0.0,-0.003,-61.4
3.154,-0.003,-0.0038,-0.0023,-0.003,-61.3
3.155,-0.0046,-0.0046,-0.0008,-0.003,-61.2
3.156,-0.0008,-0.0053,-0.0015,-0.0015,-61.2
3.157,-0.003,-0.0068,0.0007,0.0015,-61.1
3.158,0.0007,-0.0068,0.0015,0.0015,-61.0
3.159,0.0015,-0.0068,-0.0015,0.0015,-61.0
3.16,-0.0008,-0.0068,0.0,0.0007,-60.9
3.161,0.0007,-0.006,-0.0015,-0.0008,-60.8
3.162,-0.0046,-0.0053,-0.0008,-0.0008,-60.7
3.163,-0.0023,-0.0046,-0.0008,-0.0015,-60.5
3.164,-0.0008,-0.006,-0.0015,-0.0008,-60.4
3.165,-0.003,-0.0038,-0.0015,-0.0008,-60.3
3.166,0.0007,-0.0046,-0.0015,-0.0015,-60.1
3.167,-0.0023,-0.006,-0.0046,0.0,-60.0
3.168,0.0007,-0.0053,-0.003,-0.0008,-59.9
3.169,0.0,-0.0046,0.0015,-0.0015,-59.8
3.17,-0.0038,-0.0038,0.0015,-0.0008,-59.6
3.171,0.0015,-0.0046,-0.0008,0.0,-59.5
3.172,-0.0023,-0.0038,-0.0015,0.0015,-59.4
3.173,-0.0015,-0.0038,-0.0015,0.0015,-59.3
3.174,-0.0008,-0.0038,0.0007,0.003,-59.2
3.175,-0.0008,-0.0008,-0.0008,0.0015,-59.0
3.176,0.0037,-0.0015,0.0007,0.0007,-58.9
3.177,-0.0008,-0.0023,0.003,-0.0008,-58.8
3.178,0.0007,-0.0008,0.0045,-0.003,-58.6
3.179,-0.0023,-0.0023,0.0082,-0.0015,-58.5
3.18,-0.0053,-0.003,0.003,-0.0015,-58.4
3.181,-0.0008,-0.003,0.003,-0.0015,-58.3
3.182,-0.0046,0.0,0.0067,-0.0015,-58.1
3.183,-0.0008,0.0015,0.0052,-0.0046,-58.0
3.184,-0.0008,0.0037,0.0082,-0.0015,-57.8
3.185,-0.0023,0.003,0.0082,-0.0015,-57.6
3.186,0.0015,0.0022,0.009,0.0,-57.5
3.187,-0.0015,0.0022,0.0075,0.0015,-57.3
3.188,0.0,0.0022,0.0045,0.0015,-57.2
3.189,-0.0008,0.0022,0.003,0.0015,-57.0
3.19,-0.0046,0.0015,0.0015,0.0,-56.9
3.191,-0.003,0.0015,0.0037,-0.0008,-56.7
3.192,-0.0015,0.0037,0.0045,-0.0008,-56.6
3.193,-0.0008,0.0045,0.0052,-0.0008,-56.4
3.194,-0.0008,0.0052,0.0037,-0.0023,-56.3
3.195,0.0015,0.0052,0.0045,-0.0023,-56.1
3.196,0.0015,0.006,0.0045,-0.0015,-56.0
3.197,0.0007,0.006,0.0022,-0.003,-55.8
3.198,0.0,0.0037,0.0037,-0.0015,-55.7
3.199,-0.0015,0.0052,0.0007,-0.003,-55.5
3.2,-0.0008,0.003,0.0045,-0.003,-55.4
3.201,-0.003,0.0015,0.0045,-0.0008,-55.2
3.202,0.0,0.0045,0.0037,0.0,-55.0
3.203,0.0037,0.0045,0.0052,0.0,-54.9
3.204,0.003,0.0045,0.0015,-0.0015,-54.7
3.205,0.0015,0.0037,0.003,0.0,-54.5
3.206,-0.0015,0.0022,0.0015,0.0,-54.3
3.207,-0.0023,0.0007,0.0015,0.0,-54.1
3.208,-0.0008,0.0022,0.0007,0.0,-54.0
3.209,-0.0015,0.003,0.0,-0.0008,-53.8
3.21,-0.003,0.003,0.0007,-0.0008,-53.6
3.211,-0.003,0.0022,-0.0046,-0.0015,-53.5
3.212,-0.0038,0.0007,-0.0053,-0.0015,-53.3
3.213,-0.003,0.0015,-0.006,-0.0008,-53.1
3.214,-0.0046,-0.0008,-0.003,0.0,-53.0
3.215,-0.0053,-0.003,-0.0053,0.0022,-52.8
3.216,-0.0023,-0.0038,-0.0015,0.0007,-52.6
3.217,-0.0008,-0.0038,0.003,0.0015,-52.4
3.218,-0.0008,-0.0053,0.0007,0.0,-52.3
3.219,-0.0008,-0.0053,0.0022,-0.0008,-52.1
3.22,0.0,-0.0046,-0.0008,-0.0008,-51.9
3.221,0.0022,-0.0046,0.0,-0.0023,-51.8
3.222,0.0045,-0.0046,0.0007,-0.0008,-51.5
3.223,0.0007,-0.0046,-0.0008,0.0007,-51.3
3.224,0.0007,-0.0046,0.0015,0.0,-51.1
3.225,0.0045,-0.0068,-0.0008,-0.0015,-50.9
3.226,0.0022,-0.0068,0.0045,-0.0023,-50.7
3.227,0.0022,-0.0068,0.0037,-0.0023,-50.5
3.228,0.0,-0.0068,0.0015,-0.0023,-50.3
3.229,-0.0046,-0.0075,0.0015,-0.0015,-50.1
3.23,-0.003,-0.0075,-0.0038,-0.003,-49.9
3.231,-0.0046,-0.006,-0.0008,-0.003,-49.7
3.232,-0.0023,-0.0075,-0.0015,-0.0015,-49.5
3.233,-0.0038,-0.006,-0.0015,-0.0023,-49.3
3.234,-0.0083,-0.0053,0.0,-0.0008,-49.1
3.235,-0.0068,-0.0046,-0.0008,-0.0023,-48.9
3.236,-0.0053,-0.0015,0.0015,-0.0008,-48.7
3.237,0.0,-0.0008,0.0022,-0.0008,-48.5
3.238,0.0007,0.0015,0.0037,-0.0008,-48.3
3.239,-0.0008,0.0037,0.003,0.0022,-48.1
3.24,0.0,0.0045,0.0045,0.0015,-47.9
3.241,0.0007,0.0045,0.0052,0.0015,-47.7
3.242,0.0045,0.0052,0.009,0.0007,-47.5
3.243,0.0022,0.0052,0.0105,0.0007,-47.3
3.244,0.003,0.0037,0.009,0.0,-47.1
3.245,0.0052,0.003,0.0067,-0.0015,-46.8
3.246,0.003,0.0015,0.0037,-0.0015,-46.6
3.247,0.0007,0.0015,0.0022,-0.0008,-46.4
3.248,-0.003,0.0022,-0.0008,0.0015,-46.2
3.249,-0.003,0.0015,0.0,0.0022,-45.9
3.25,0.0,0.0022,0.003,0.0022,-45.7
3.251,0.0007,0.0007,0.0022,0.003,-45.5
3.252,0.0015,0.0007,0.0052,0.0037,-45.3
3.253,-0.003,0.0007,0.009,0.0037,-45.1
3.254,-0.003,-0.0015,0.0097,0.0015,-44.9
3.255,-0.0008,-0.003,0.0082,0.0015,-44.6
3.256,-0.003,-0.0046,0.0105,0.0007,-44.4
3.257,-0.0038,-0.0053,0.0142,-0.0008,-44.2
3.258,-0.003,-0.0046,0.0232,0.0,-44.0
3.259,-0.0091,-0.0046,0.024,-0.0008,-43.8
3.26,-0.0135,-0.0038,0.0172,-0.0015,-43.6
3.261,-0.012,-0.003,0.0097,-0.0015,-43.3
3.262,-0.0091,-0.003,-0.0015,-0.003,-43.1
3.263,0.0015,-0.003,-0.0068,-0.0023,-42.9
3.264,0.009,-0.0023,-0.015,-0.0015,-42.7
3.265,0.015,-0.0023,-0.0195,0.0,-42.4
3.266,0.0195,-0.0023,-0.0188,0.0015,-42.2
3.267,0.0142,-0.0038,-0.0158,0.0022,-42.0
3.268,0.0112,-0.003,-0.0068,0.003,-41.8
3.269,0.0052,-0.0053,-0.0015,0.0022,-41.5
3.27,-0.0008,-0.0053,0.003,0.0022,-41.3
3.271,-0.0023,-0.003,0.0037,0.0022,-41.0
3.272,-0.0075,-0.0023,0.0007,0.0007,-40.8
3.273,-0.0113,0.0007,-0.0015,-0.003,-40.6
3.274,-0.0165,0.0,-0.0008,-0.0053,-40.4
3.275,-0.0181,-0.0023,0.0015,-0.0068,-40.1
3.276,-0.0128,-0.0015,0.0022,-0.0053,-39.9
3.277,-0.0128,-0.0046,0.0075,-0.003,-39.7
3.278,-0.0075,-0.0038,0.0105,-0.0023,-39.5
3.279,-0.0046,-0.0038,0.0112,-0.003,-39.2
3.28,-0.003,-0.0091,0.0127,-0.0046,-39.0
3.281,0.0022,-0.0098,0.0112,-0.003,-38.7
3.282,0.0037,-0.0091,0.009,-0.0015,-38.5
3.283,0.006,-0.0075,0.009,-0.0008,-38.3
3.284,0.003,-0.0015,0.0082,-0.0015,-38.0
3.285,0.0007,-0.003,0.0075,-0.0015,-37.7
3.286,-0.0008,0.0015,0.0097,-0.0008,-37.5
3.287,-0.0008,0.0045,0.0075,0.0007,-37.2
3.288,0.003,0.0,0.0067,0.0007,-36.9
3.289,-0.0015,-0.003,0.0022,0.0007,-36.7
3.29,-0.0023,-0.0068,0.0,0.0007,-36.5
3.291,0.0007,-0.0105,0.0045,-0.0008,-36.2
3.292,-0.0015,-0.0113,0.0022,0.0007,-36.0
3.293,-0.0008,-0.0113,-0.0053,0.0007,-35.7
3.294,0.0007,-0.0113,-0.015,0.0015,-35.4
3.295,-0.0008,-0.0075,-0.0233,0.003,-35.1
3.296,-0.0053,-0.0015,-0.03,0.0052,-34.9
3.297,-0.0083,0.0015,-0.0278,0.0052,-34.7
3.298,-0.012,0.0075,-0.0181,0.003,-34.4
3.299,-0.012,0.012,-0.0015,0.003,-34.2
3.3,-0.0143,0.0045,0.0127,0.0,-33.9
3.301,-0.0181,-0.0008,0.0127,-0.0038,-33.6
3.302,-0.0165,-0.0053,0.009,-0.0053,-33.3
3.303,-0.0173,-0.0143,0.0,-0.0038,-33.0
3.304,-0.0173,-0.0105,-0.012,-0.0046,-32.7
3.305,-0.0143,0.0007,-0.0128,-0.006,-32.4
3.306,-0.0105,0.003,-0.0143,-0.0075,-32.0
3.307,-0.006,0.003,-0.0083,-0.0046,-31.8
3.308,-0.0053,0.0022,-0.0015,-0.0008,-31.5
3.309,-0.0083,-0.0068,0.0015,-0.0008,-31.1
3.31,-0.0143,-0.0091,0.012,0.0007,-30.8
3.311,-0.021,-0.0046,0.009,-0.0008,-30.6
3.312,-0.0256,-0.0008,0.0082,-0.0046,-30.2
3.313,-0.0346,0.0,0.009,-0.0083,-29.9
3.314,-0.0495,-0.0008,0.006,-0.0075,-29.7
3.315,-0.0615,-0.0015,0.0045,-0.0068,-29.3
3.316,-0.0465,-0.0091,0.0015,-0.0053,-29.0
3.317,-0.0046,-0.0256,0.003,-0.0046,-28.7
3.318,0.0345,-0.03,0.0112,-0.0038,-28.4
3.319,0.0697,-0.0158,0.0285,-0.0008,-28.1
3.32,0.096,0.0007,0.039,0.0015,-27.8
3.321,0.1065,0.0127,0.0382,0.003,-27.5
3.322,0.1125,0.0255,0.0277,0.0022,-27.2
3.323,0.102,0.024,0.0097,0.0,-26.8
3.324,0.0877,0.0105,-0.0038,0.0007,-26.5
3.325,0.075,0.0195,-0.0195,0.006,-26.2
3.326,0.0645,0.0262,-0.0256,0.0075,-25.8
3.327,0.0592,0.0157,-0.0256,0.0067,-25.5
3.328,0.0495,0.0067,-0.024,0.0022,-25.2
3.329,0.0405,0.0007,-0.0143,-0.0023,-24.9
3.33,0.0337,-0.0015,-0.0046,-0.0083,-24.5
3.331,0.024,-0.0068,0.0052,-0.0128,-24.2
3.332,0.0142,-0.0053,0.0105,-0.0091,-23.9
3.333,0.009,-0.0023,0.0067,-0.0083,-23.6
3.334,0.0082,-0.0046,0.006,-0.0053,-23.3
3.335,0.0075,-0.0046,0.0345,0.0007,-22.9
3.336,0.003,-0.0128,0.063,0.0015,-22.6
3.337,0.0015,-0.024,0.0667,0.0015,-22.3
3.338,0.0007,-0.0203,0.0495,0.0015,-21.9
3.339,-0.0053,-0.0083,0.003,0.0007,-21.6
3.34,-0.0091,0.0037,-0.0443,0.0022,-21.3
3.341,-0.0165,0.0157,-0.075,0.0015,-20.9
3.342,-0.027,0.0142,-0.0803,0.0007,-20.6
3.343,-0.0308,0.009,-0.0428,-0.0008,-20.3
3.344,-0.0368,0.006,0.0202,0.0007,-19.9
3.345,-0.0405,0.0082,0.054,0.0022,-19.5
3.346,-0.0443,0.0082,0.0405,0.003,-19.2
3.347,-0.0465,0.0015,0.003,0.0067,-18.9
3.348,-0.0503,-0.0068,-0.0585,0.0105,-18.5
3.349,-0.054,-0.003,-0.096,0.0127,-18.1
3.35,-0.0518,0.0052,-0.108,0.0195,-17.8
3.351,-0.0495,0.0135,-0.108,0.0277,-17.5
3.352,-0.0428,0.0217,-0.0735,0.03,-17.1
3.353,-0.042,0.0157,-0.0293,0.0255,-16.7
3.354,-0.0383,-0.0233,0.0195,0.0105,-16.4
3.355,-0.033,-0.0691,0.036,-0.015,-16.1
3.356,-0.03,-0.075,0.0382,0.0067,-15.7
3.357,-0.0256,-0.0893,0.0502,0.0367,-15.3
3.358,-0.0256,-0.126,0.054,-0.0263,-15.0
3.359,-0.0285,-0.1238,0.0517,-0.1223,-14.7
3.36,-0.0315,-0.0743,0.0427,-0.162,-14.3
3.361,-0.033,0.021,0.0405,-0.129,-14.0
3.362,-0.0315,0.1417,0.0352,-0.0503,-13.7
3.363,-0.0263,0.2625,0.0352,0.057,-13.3
3.364,-0.0158,0.3142,0.033,0.1192,-13.0
3.365,-0.012,0.2325,0.027,0.1237,-12.7
3.366,-0.0105,0.1072,0.024,0.1057,-12.4
3.367,-0.0068,0.0015,0.0195,0.027,-12.1
3.368,-0.003,-0.0443,0.0345,0.0,-11.7
3.369,-0.0046,-0.0428,0.0427,-0.0083,-11.4
3.37,-0.0075,-0.0443,0.0442,-0.0413,-11.1
3.371,-0.0053,-0.024,0.0292,-0.0638,-10.8
3.372,-0.0015,-0.0158,-0.0008,-0.0758,-10.4
3.373,0.0075,-0.0195,-0.027,-0.012,-10.1
3.374,0.0067,-0.0443,-0.0555,0.0082,-9.8
3.375,0.009,-0.0593,-0.0593,-0.0046,-9.5
3.376,0.012,-0.06,-0.0585,-0.0083,-9.1
3.377,0.0105,-0.0765,-0.0458,-0.039,-8.8
3.378,0.0142,-0.0863,-0.0256,-0.0518,-8.5
3.379,0.0142,-0.0893,-0.0135,-0.0728,-8.1
3.38,0.0202,-0.066,0.0015,-0.0375,-7.8
3.381,0.0187,-0.0443,0.006,0.0502,-7.6
3.382,0.0105,-0.0428,0.0082,0.117,-7.3
3.383,0.009,-0.0308,0.0127,0.1237,-7.1
3.384,0.0075,-0.0008,0.027,0.0232,-6.8
3.385,0.0067,0.0802,0.0615,-0.015,-6.6
3.386,-0.003,0.1965,0.0825,-0.0285,-6.3
3.387,-0.0105,0.2032,0.0615,-0.039,-6.1
3.388,-0.0113,0.1072,0.03,0.0405,-5.9
3.389,-0.0113,0.0352,-0.0053,0.0607,-5.6
3.39,-0.003,-0.0278,-0.0315,0.0847,-5.3
3.391,0.0007,-0.045,-0.0465,0.084,-5.1
3.392,0.003,-0.0458,-0.0691,0.0247,-4.8
3.393,0.0015,-0.0233,-0.0608,0.0607,-4.6
3.394,-0.0008,0.06,-0.0165,0.0952,-4.3
3.395,0.0,0.0892,0.0292,0.0802,-4.1
3.396,-0.003,0.0652,0.0532,0.0607,-3.8
3.397,0.0015,0.0337,0.0705,0.0427,-3.6
3.398,0.0045,0.0052,0.0615,0.0255,-3.3
3.399,0.0045,-0.0188,0.0262,-0.0256,-3.1
3.4,0.006,-0.063,0.018,-0.0473,-2.8
3.401,0.0097,-0.1298,0.0322,-0.0615,-2.7
3.402,0.0127,-0.1808,0.0457,-0.2235,-2.6
3.403,0.009,-0.2003,0.0375,-0.3436,-2.4
3.404,0.0112,-0.2123,-0.0105,-0.3038,-2.3
3.405,0.0082,-0.2198,-0.0773,-0.2258,-2.1
3.406,0.0067,-0.2153,-0.12,-0.0975,-1.9
3.407,0.0097,-0.1411,-0.1448,-0.1268,-1.8
3.408,0.0045,-0.0068,-0.1388,-0.1628,-1.7
3.409,0.0052,0.1717,-0.0968,0.0907,-1.5
3.41,0.0007,0.4102,-0.042,0.3667,-1.4
3.411,-0.0008,0.5535,0.012,0.4612,-1.2
3.412,0.0045,0.456,0.057,0.3622,-1.1
3.413,0.0022,0.1905,0.093,0.2137,-0.9
3.414,-0.0008,0.0067,0.1065,0.0787,-0.8
3.415,-0.003,-0.054,0.0982,-0.0443,-0.6
3.416,-0.0046,-0.0743,0.0727,-0.1418,-0.5
3.417,-0.012,-0.0525,0.0412,-0.1973,-0.4
3.418,-0.012,-0.0735,0.0157,-0.156,-0.2
3.419,-0.0075,-0.1065,0.0007,-0.1441,0.0
3.42,-0.0015,-0.1185,0.003,-0.1493,0.1
3.421,0.015,-0.0878,0.0105,-0.12,0.1
3.422,0.0247,-0.0091,0.0075,-0.1163,0.2
3.423,0.0292,0.0,0.0037,-0.0908,0.2
3.424,0.0277,-0.0668,-0.003,0.1582,0.3
3.425,0.0217,-0.1095,-0.0188,0.3697,0.4
3.426,0.0135,-0.1133,-0.0293,0.2497,0.4
3.427,-0.0008,-0.0968,-0.0346,0.156,0.4
3.428,-0.012,-0.0293,-0.024,-0.0248,0.5
3.429,-0.021,-0.0128,-0.0008,-0.2505,0.5
3.43,-0.024,-0.0615,0.0255,-0.186,0.6
3.431,-0.0203,-0.0885,0.0367,-0.024,0.6
3.432,-0.0165,-0.063,0.0442,0.0172,0.7
3.433,-0.0008,0.003,0.045,-0.0308,0.7
3.434,0.0165,0.066,0.0382,-0.0098,0.8
3.435,0.0307,0.1335,0.0375,0.048,0.9
3.436,0.0435,0.1275,0.012,0.189,0.9
3.437,0.0465,0.1102,-0.012,0.2677,0.9
3.438,0.042,0.1132,-0.0405,0.1455,1.0
3.439,0.039,0.09,-0.078,0.1402,1.0
3.44,0.0277,0.0712,-0.0945,0.2167,1.1
3.441,-0.0046,0.033,-0.1088,0.1147,1.1
3.442,-0.0308,0.003,-0.084,-0.0203,1.1
3.443,-0.042,-0.0353,-0.0563,-0.1148,1.1
3.444,-0.0465,-0.06,-0.0405,-0.2138,1.1
3.445,-0.0465,-0.0773,-0.0053,-0.2003,1.0
3.446,-0.0465,-0.0915,0.0187,-0.2093,1.0
3.447,-0.039,-0.1013,0.0562,-0.2836,1.0
3.448,-0.0263,-0.1313,0.0645,-0.243,1.0
3.449,-0.0075,-0.1028,0.0495,-0.1411,1.0
3.45,0.009,-0.0181,0.042,-0.0008,1.0
3.451,0.015,0.1275,0.0165,0.141,1.0
3.452,0.015,0.2197,0.0082,0.1935,0.9
3.453,0.0127,0.147,-0.0075,0.123,0.9
3.454,0.0142,0.054,-0.0015,-0.0285,0.9
3.455,0.0105,-0.0195,0.0135,-0.1275,0.9
3.456,0.0015,-0.0856,0.0217,-0.1995,0.9
3.457,-0.0068,-0.0915,0.0472,-0.2018,0.9
3.458,-0.015,-0.0706,0.0442,-0.0893,0.9
3.459,-0.0128,0.0067,0.033,0.0525,0.9
3.46,-0.0143,0.1447,0.0165,0.183,0.8
3.461,-0.0165,0.2085,0.0195,0.216,0.8
3.462,-0.0091,0.1275,0.0525,0.2152,0.7
3.463,-0.006,0.003,0.0562,0.24,0.6
3.464,-0.0015,-0.0346,0.0517,0.1875,0.5
3.465,-0.0023,-0.0555,0.0202,0.1005,0.4
3.466,-0.003,-0.063,-0.0143,0.0502,0.4
3.467,0.003,-0.0495,-0.0091,-0.0105,0.3
3.468,-0.0008,-0.0518,-0.0263,-0.0383,0.2
3.469,-0.0143,-0.0353,-0.0578,-0.054,0.1
3.47,-0.0278,-0.0353,-0.1028,-0.0691,0.0
3.471,-0.042,-0.0293,-0.1238,-0.0548,-0.1
3.472,-0.0548,-0.0225,-0.093,-0.0645,-0.2
3.473,-0.0465,-0.0195,-0.0615,-0.0593,-0.3
3.474,-0.0195,-0.0083,0.0015,-0.0503,-0.4
3.475,0.0232,-0.0083,0.072,-0.0473,-0.5
3.476,0.057,-0.0083,0.1012,-0.0428,-0.5
3.477,0.0502,-0.0165,0.099,-0.0436,-0.6
3.478,0.0352,-0.015,0.0517,-0.0113,-0.7
3.479,0.027,-0.006,-0.0195,0.0532,-0.8
3.48,0.039,0.0007,-0.0698,0.072,-0.9
3.481,0.0787,-0.0008,-0.0818,0.0315,-1.0
3.482,0.084,-0.0053,-0.0645,0.0202,-1.2
3.483,0.0765,-0.0008,-0.0248,0.0165,-1.4
3.484,0.06,0.0007,0.0142,0.0127,-1.5
3.485,0.018,0.0037,0.0367,0.0052,-1.7
3.486,-0.0105,0.0052,0.0405,-0.03,-1.8
3.487,-0.0488,0.0097,0.0622,-0.075,-2.0
3.488,-0.0668,0.012,0.1005,-0.0968,-2.2
3.489,-0.066,-0.0128,0.0937,-0.0511,-2.3
3.49,-0.0608,-0.0353,0.066,-0.0585,-2.5
3.491,-0.0285,-0.0473,0.0112,-0.1193,-2.7
3.492,-0.0091,-0.0773,-0.0375,-0.0975,-2.8
3.493,0.0105,-0.0923,-0.0383,-0.0428,-3.0
3.494,0.0187,-0.0795,-0.0293,0.0082,-3.2
3.495,0.0157,-0.06,-0.024,0.108,-3.3
3.496,0.0142,-0.048,-0.0368,0.1297,-3.5
3.497,-0.0181,-0.054,-0.048,0.0195,-3.6
3.498,-0.033,-0.0361,-0.048,-0.0608,-3.8
3.499,-0.0346,0.0487,-0.039,-0.1095,-4.0
3.5,-0.0338,0.1665,-0.0203,-0.0353,-4.2
3.501,-0.0173,0.2422,-0.0068,0.0712,-4.2
3.502,-0.0098,0.1822,-0.003,0.0502,-4.2
3.503,0.0067,0.0502,0.0172,0.0495,-4.2
3.504,0.0307,-0.0135,0.033,0.0202,-4.3
3.505,0.0502,-0.0353,0.012,-0.0008,-4.3
3.506,0.054,-0.0495,0.0082,0.012,-4.3
3.507,0.027,-0.0488,-0.006,0.0142,-4.4
3.508,0.003,-0.0436,-0.015,0.042,-4.4
3.509,-0.021,-0.0368,-0.0105,0.0352,-4.4
3.51,-0.0405,-0.033,-0.0263,0.0315,-4.5
3.511,-0.0398,-0.0218,-0.0165,0.03,-4.5
3.512,-0.0428,-0.012,0.0022,0.0165,-4.5
3.513,-0.0315,-0.0105,0.0255,-0.0075,-4.5
3.514,-0.0233,-0.0105,0.0562,-0.0405,-4.6
3.515,-0.03,-0.0068,0.0645,-0.033,-4.6
3.516,-0.0158,0.0045,0.0465,-0.0091,-4.6
3.517,-0.003,0.0105,0.0352,0.0022,-4.7
3.518,0.012,0.0112,0.018,-0.0015,-4.7
3.519,0.0232,0.0067,-0.0143,-0.024,-4.7
3.52,0.0135,0.0067,-0.0308,-0.0368,-4.8
3.521,0.009,0.027,-0.0511,-0.0233,-4.7
3.522,0.0082,0.039,-0.0675,0.024,-4.7
3.523,0.0255,0.0202,-0.0728,0.0427,-4.6
3.524,0.0352,0.0082,-0.048,0.0232,-4.5
3.525,0.0142,0.003,-0.0091,0.0285,-4.5
3.526,0.0187,-0.0038,0.0082,0.0187,-4.4
3.527,0.0105,-0.0015,0.0255,0.0195,-4.3
3.528,-0.0128,-0.0068,0.0202,0.0112,-4.2
3.529,-0.0165,-0.0015,0.0045,-0.033,-4.1
3.53,-0.0293,-0.0038,-0.0083,-0.0578,-4.1
3.531,-0.012,-0.0053,-0.0256,-0.0278,-4.0
3.532,0.0067,0.0045,-0.0368,-0.006,-3.9
3.533,-0.0008,0.006,-0.0308,-0.0128,-3.9
3.534,0.0037,0.0052,0.0052,0.006,-3.8
3.535,-0.0015,0.003,0.033,0.0067,-3.7
3.536,0.0067,-0.0008,0.0495,0.012,-3.6
3.537,0.012,-0.0165,0.0562,0.006,-3.6
3.538,0.003,-0.0346,0.0427,-0.0053,-3.5
3.539,-0.0008,-0.0308,0.0292,-0.0023,-3.4
3.54,-0.0165,-0.0278,0.0097,-0.0023,-3.3
3.541,-0.012,-0.0188,0.0112,0.0075,-3.5
3.542,-0.0046,0.0015,0.0187,0.0037,-3.7
3.543,0.0052,0.0187,0.024,0.006,-3.9
3.544,0.0165,0.009,0.039,0.0007,-4.1
3.545,0.0015,-0.0165,0.0405,-0.0075,-4.4
3.546,-0.003,-0.0218,0.045,-0.0046,-4.6
3.547,-0.0195,-0.027,0.0442,-0.0053,-4.8
3.548,-0.0278,-0.0361,0.0405,-0.0008,-5.0
3.549,-0.0173,-0.048,0.0367,-0.0053,-5.2
3.55,-0.015,-0.0638,0.0345,-0.0091,-5.4
3.551,0.0052,-0.0645,0.0585,-0.0098,-5.7
3.552,0.0195,-0.0465,0.0825,-0.0075,-5.9
3.553,0.0352,-0.0278,0.066,-0.0091,-6.1
3.554,0.039,-0.0218,0.012,-0.0098,-6.3
3.555,0.024,-0.0181,-0.0548,-0.0083,-6.5
3.556,0.0217,-0.0135,-0.1133,-0.0053,-6.8
3.557,0.0067,-0.0098,-0.1411,0.0007,-7.0
3.558,-0.0053,-0.0068,-0.1441,-0.0023,-7.2
3.559,-0.0113,-0.0053,-0.123,-0.0008,-7.4
3.56,-0.0091,-0.003,-0.0908,0.0045,-7.7
3.561,0.009,0.0,-0.0533,0.0037,-7.9
3.562,0.0187,0.0007,-0.0368,0.003,-8.2
3.563,0.0367,0.003,-0.0413,0.003,-8.6
3.564,0.0465,0.0067,-0.0361,-0.0008,-8.9
3.565,0.0217,0.006,-0.0353,-0.0083,-9.2
3.566,0.0082,0.0067,-0.0203,-0.0091,-9.6
3.567,0.003,0.0105,-0.0015,-0.0008,-9.9
3.568,-0.0075,0.015,0.018,0.003,-10.2
3.569,-0.012,0.0195,0.045,0.0052,-10.5
3.57,-0.0158,0.0255,0.0532,0.0067,-10.9
3.571,-0.0203,0.027,0.0592,0.003,-11.2
3.572,-0.0308,0.0285,0.0637,0.0015,-11.5
3.573,-0.033,0.0285,0.0585,-0.003,-11.8
3.574,-0.027,0.024,0.0577,-0.0038,-12.2
3.575,-0.0218,0.0232,0.048,-0.0008,-12.5
3.576,-0.0165,0.0262,0.0315,0.0045,-12.8
3.577,-0.0143,0.027,0.0105,0.0045,-13.1
3.578,-0.0091,0.0232,-0.0195,-0.0015,-13.5
3.579,-0.0181,0.027,-0.0285,-0.0015,-13.8
3.58,-0.0315,0.03,-0.0353,0.003,-14.2
3.581,-0.024,0.0307,-0.0338,0.009,-14.3
3.582,-0.0105,0.033,-0.024,0.0142,-14.4
3.583,0.0127,0.042,-0.0113,0.0202,-14.5
3.584,0.0427,0.0457,0.0187,0.021,-14.7
3.585,0.057,0.0405,0.0412,0.0127,-14.8
3.586,0.0585,0.0405,0.0772,0.0052,-14.9
3.587,0.0442,0.0345,0.114,-0.0053,-15.0
3.588,0.0262,0.033,0.105,-0.0105,-15.2
3.589,0.0022,0.0345,0.075,-0.0083,-15.3
3.59,-0.0338,0.0277,0.0195,-0.0083,-15.4
3.591,-0.0548,0.0202,-0.0458,-0.006,-15.6
3.592,-0.0653,0.0112,-0.081,-0.003,-15.7
3.593,-0.0645,0.0112,-0.1043,-0.0023,-15.8
3.594,-0.0503,0.018,-0.093,-0.0015,-16.0
3.595,-0.0315,0.0315,-0.0593,0.0007,-16.1
3.596,-0.0128,0.027,-0.0128,0.0015,-16.2
3.597,-0.0098,0.0007,0.012,-0.0008,-16.3
3.598,-0.0068,-0.003,0.0165,0.0007,-16.5
3.599,-0.003,-0.0015,0.0315,-0.0023,-16.6
3.6,-0.0046,-0.0008,0.0277,-0.003,-16.8
3.601,-0.0015,0.012,0.0292,0.0007,-16.7
3.602,-0.0046,0.018,0.0232,0.0052,-16.6
3.603,-0.0075,0.009,0.0172,0.0067,-16.5
3.604,-0.0135,-0.0075,0.0172,0.0015,-16.4
3.605,-0.0181,-0.0143,0.009,0.0015,-16.2
3.606,-0.0091,-0.0128,0.0097,-0.0008,-16.2
3.607,0.0015,-0.0068,0.009,0.0067,-16.1
3.608,0.0165,0.0015,0.0465,0.012,-16.0
3.609,0.0262,0.0022,0.0892,0.0105,-15.8
3.61,0.0307,-0.0053,0.0795,0.0097,-15.8
3.611,0.0262,-0.015,0.0465,0.003,-15.7
3.612,0.0165,-0.0165,-0.0173,0.003,-15.5
3.613,0.0082,-0.0158,-0.0848,-0.0023,-15.4
3.614,-0.0105,-0.0195,-0.135,-0.0075,-15.3
3.615,-0.0233,-0.0165,-0.132,-0.0046,-15.2
3.616,-0.0338,-0.0128,-0.0443,-0.0023,-15.1
3.617,-0.048,-0.0105,0.0172,-0.0008,-15.0
3.618,-0.0555,-0.0113,0.0592,-0.0053,-14.9
3.619,-0.0645,-0.0113,0.0667,-0.0053,-14.8
3.62,-0.0578,-0.0075,0.0195,0.0022,-14.7
3.621,-0.03,-0.0068,0.0082,0.0075,-14.6
3.622,0.009,-0.006,-0.0195,0.012,-14.4
3.623,0.0315,-0.0113,-0.0383,0.0142,-14.3
3.624,0.0337,-0.0181,-0.0525,0.0045,-14.1
3.625,0.0502,-0.0188,-0.0555,0.0022,-14.0
3.626,0.0577,-0.0128,-0.0256,0.0067,-13.9
3.627,0.0802,-0.0083,-0.0248,0.0007,-13.7
3.628,0.114,-0.0105,0.0105,-0.0098,-13.5
3.629,0.1125,-0.012,0.0322,-0.03,-13.4
3.63,0.1042,-0.0128,0.0427,-0.0278,-13.3
3.631,0.0795,-0.0091,0.0487,-0.0098,-13.1
3.632,0.0532,-0.0075,0.027,-0.0105,-13.0
3.633,0.0412,-0.006,0.0292,-0.003,-12.8
3.634,0.0067,-0.003,0.0135,0.0022,-12.7
3.635,-0.0165,-0.003,0.009,0.0045,-12.6
3.636,-0.0346,-0.0015,0.0045,0.0082,-12.4
3.637,-0.0548,-0.003,-0.003,0.0067,-12.3
3.638,-0.057,-0.0015,0.0075,0.0052,-12.1
3.639,-0.0668,-0.0046,0.0,0.003,-12.0
3.64,-0.0593,-0.006,0.0015,0.0007,-11.8
3.641,-0.0495,-0.0068,-0.0075,-0.0015,-11.7
3.642,-0.0458,-0.0098,-0.0105,-0.0046,-11.6
3.643,-0.0308,-0.0091,0.003,-0.0083,-11.5
3.644,-0.027,-0.0068,0.0127,-0.0068,-11.4
3.645,-0.0188,-0.0068,0.033,-0.003,-11.3
3.646,-0.0143,-0.0053,0.042,-0.0008,-11.2
3.647,-0.0091,-0.0075,0.0495,0.0045,-11.1
3.648,0.003,-0.0083,0.057,0.0052,-11.0
3.649,0.0112,-0.0075,0.045,0.0052,-10.9
3.65,0.027,-0.0091,0.024,0.0045,-10.8
3.651,0.036,-0.0068,0.0015,0.0015,-10.7
3.652,0.0427,-0.0053,-0.0256,-0.0015,-10.6
3.653,0.0367,-0.0091,-0.0675,-0.0075,-10.4
3.654,0.0067,-0.012,-0.1043,-0.0091,-10.4
3.655,-0.0188,-0.0113,-0.135,-0.0053,-10.3
3.656,-0.0495,-0.0091,-0.1418,-0.0008,-10.1
3.657,-0.0683,-0.0068,-0.0953,0.0015,-10.0
3.658,-0.0608,-0.0046,-0.0368,0.0045,-9.9
3.659,-0.0398,-0.003,0.0127,0.0052,-9.8
3.66,-0.0105,-0.0046,0.0442,0.0007,-9.7
3.661,0.0255,-0.0068,0.0607,-0.0053,-9.7
3.662,0.042,-0.0105,0.063,-0.0105,-9.7
3.663,0.0082,-0.0128,0.0487,-0.0083,-9.7
3.664,-0.0233,-0.0105,0.039,-0.0038,-9.7
3.665,-0.0218,-0.0098,0.036,-0.0023,-9.7
3.666,-0.006,-0.0091,0.0345,-0.0015,-9.8
3.667,0.0292,-0.0113,0.024,-0.0015,-9.8
3.668,0.042,-0.012,0.0157,-0.0015,-9.8
3.669,0.0307,-0.0091,0.018,-0.0008,-9.8
3.67,0.0172,-0.0068,0.0247,0.0015,-9.8
3.671,0.0112,-0.003,0.0442,0.0045,-9.8
3.672,0.0232,-0.0046,0.0487,0.0022,-9.8
3.673,0.0165,-0.003,0.045,-0.0008,-9.8
3.674,0.0082,0.0007,0.0495,0.0007,-9.8
3.675,0.0045,0.0007,0.054,-0.0008,-9.9
3.676,-0.0053,0.0037,0.0292,0.0,-9.9
3.677,0.0015,0.0045,-0.024,0.0015,-9.9
3.678,-0.0008,0.0045,-0.0706,-0.0015,-9.9
3.679,-0.0113,0.0045,-0.12,-0.0015,-9.9
3.68,-0.0203,0.0067,-0.1365,-0.0008,-9.9
3.681,-0.027,0.009,-0.123,-0.0008,-9.9
3.682,-0.0248,0.009,-0.0915,-0.003,-9.9
3.683,-0.0218,0.0075,-0.0346,-0.003,-10.0
3.684,-0.0143,0.0052,0.024,0.0015,-10.0
3.685,-0.0068,0.0052,0.0675,0.0007,-10.1
3.686,-0.0015,0.0052,0.0712,0.003,-10.1
3.687,-0.0075,0.0067,0.0675,0.0022,-10.1
3.688,-0.0233,0.0082,0.0465,0.003,-10.2
3.689,-0.0278,0.0075,0.0255,0.0007,-10.2
3.69,-0.03,0.0052,0.0135,-0.0046,-10.2
3.691,-0.0233,0.0037,-0.012,-0.0015,-10.3
3.692,-0.0015,0.0037,-0.0256,-0.003,-10.3
3.693,0.0202,0.0045,-0.0458,0.0,-10.3
3.694,0.0382,0.0045,-0.048,0.0015,-10.4
3.695,0.0495,0.0045,-0.0361,-0.0008,-10.4
3.696,0.0577,0.0037,-0.0181,0.0007,-10.4
3.697,0.0555,0.0007,0.0052,-0.003,-10.4
3.698,0.054,-0.0008,0.024,-0.0023,-10.5
3.699,0.057,-0.0015,0.0457,-0.0015,-10.5
3.7,0.0367,-0.0008,0.0502,-0.0023,-10.6
3.701,0.009,-0.0008,0.0442,0.0,-10.6
3.702,-0.0143,0.0015,0.0412,-0.0046,-10.6
3.703,-0.0203,0.0022,0.033,-0.0068,-10.6
3.704,-0.0256,0.0,0.0165,-0.0053,-10.6
3.705,-0.0428,0.0037,0.0105,-0.0046,-10.6
3.706,-0.0443,0.0052,0.009,-0.0015,-10.6
3.707,-0.0428,0.0052,0.009,-0.0008,-10.6
3.708,-0.0278,0.0052,0.009,-0.0015,-10.6
3.709,-0.0091,0.0015,0.0067,-0.0038,-10.6
3.71,-0.0068,0.003,0.009,-0.003,-10.7
3.711,0.0022,0.003,0.006,0.0007,-10.7
3.712,0.0007,0.0052,0.0052,0.0022,-10.7
3.713,-0.0015,0.0067,0.0075,0.0052,-10.7
3.714,0.0,0.0082,0.0112,0.0045,-10.7
3.715,-0.0046,0.009,0.0195,0.0007,-10.7
3.716,-0.003,0.009,0.0195,0.0022,-10.7
3.717,-0.0015,0.0105,0.018,0.0007,-10.7
3.718,0.0015,0.0105,0.0135,0.0,-10.8
3.719,0.0045,0.0135,0.003,-0.0023,-10.8
3.72,0.003,0.0165,-0.0046,0.0,-10.8
3.721,0.0045,0.0127,0.0052,0.0022,-10.8
3.722,-0.0015,0.0082,0.0285,0.0015,-10.8
3.723,-0.0083,0.0082,0.0172,0.0022,-10.8
3.724,-0.0083,0.0097,-0.006,-0.0008,-10.8
3.725,-0.0105,0.009,-0.0293,0.0015,-10.8
3.726,-0.0068,0.0082,-0.0495,0.0045,-10.8
3.727,0.0,0.0067,-0.0533,0.0067,-10.8
3.728,0.003,0.0067,-0.054,0.009,-10.8
3.729,0.0082,0.0075,-0.0128,0.009,-10.8
3.73,0.0082,0.0052,0.0382,0.009,-10.8
3.731,-0.0053,0.003,0.0585,0.003,-10.8
3.732,-0.0158,-0.0023,0.045,-0.0046,-10.8
3.733,-0.0083,-0.0068,-0.0091,-0.0068,-10.8
3.734,0.012,-0.0091,-0.0548,-0.0046,-10.8
3.735,0.0352,-0.0098,-0.084,-0.0083,-10.8
3.736,0.0427,-0.0105,-0.0893,-0.015,-10.8
3.737,0.0382,-0.0091,-0.075,-0.0068,-10.8
3.738,0.0232,-0.0046,-0.0615,0.0007,-10.8
3.739,0.0015,-0.0038,-0.0293,0.0052,-10.8
3.74,-0.0091,-0.0046,-0.006,0.003,-10.8
3.741,-0.0293,-0.0053,0.0217,-0.0008,-10.8
3.742,-0.054,-0.0075,0.0442,-0.0008,-10.8
3.743,-0.0668,-0.0068,0.042,-0.0023,-10.8
3.744,-0.0675,-0.0068,0.045,-0.0015,-10.8
3.745,-0.042,-0.0046,0.0367,-0.0015,-10.8
3.746,-0.0128,-0.0015,0.0345,-0.0008,-10.8
3.747,0.0052,-0.0023,0.0277,0.0015,-10.8
3.748,0.0202,-0.003,0.0195,0.0045,-10.8
3.749,0.0232,-0.0008,0.0165,0.0045,-10.8
3.75,0.024,0.0007,0.0105,0.0022,-10.8
3.751,0.0217,0.0022,0.0142,0.0022,-10.8
3.752,0.0127,0.0037,0.0142,0.0007,-10.8
3.753,0.0105,0.0045,0.0165,0.0007,-10.8
3.754,0.0045,0.0052,0.0142,0.003,-10.8
3.755,-0.0008,0.0052,0.012,0.003,-10.8
3.756,0.0022,0.0037,0.0165,0.0045,-10.8
3.757,0.0015,0.0037,0.0157,0.003,-10.8
3.758,0.0045,0.003,0.015,0.0007,-10.8
3.759,0.0037,0.0037,0.0097,0.0,-10.8
3.76,0.0007,0.0022,0.009,-0.0015,-10.8
3.761,0.0007,0.0022,0.0067,-0.0015,-10.8
3.762,-0.0046,0.0022,0.0015,0.0,-10.8
3.763,-0.0046,-0.0008,0.0007,0.0007,-10.8
3.764,-0.003,0.0007,0.0022,0.0007,-10.9
3.765,-0.0023,0.0,0.0045,-0.0008,-10.9
3.766,-0.0008,0.0015,0.0067,-0.0008,-10.9
3.767,-0.0015,0.0015,0.0075,0.0007,-10.9
3.768,-0.0053,0.0015,0.0067,0.0015,-11.0
3.769,-0.0218,0.0022,0.0105,0.0007,-11.0
3.77,-0.042,0.0015,0.018,0.0,-11.0
3.771,-0.0413,-0.0008,0.0285,-0.0008,-11.0
3.772,-0.0218,-0.003,0.021,0.0,-11.0
3.773,0.0067,-0.0046,0.012,0.0007,-11.1
3.774,0.0382,-0.0046,0.0045,-0.0015,-11.1
3.775,0.0532,-0.0046,-0.0075,-0.0008,-11.1
3.776,0.054,-0.0068,-0.0083,0.0,-11.1
3.777,0.0435,-0.0098,-0.0091,-0.0015,-11.2
3.778,0.024,-0.0091,-0.0046,0.0007,-11.2
3.779,0.0045,-0.0083,-0.0015,-0.0008,-11.2
3.78,-0.0143,-0.0083,0.0007,-0.0015,-11.3
3.781,-0.0256,-0.0083,0.0067,-0.0008,-11.3
3.782,-0.0293,-0.0068,0.0067,-0.0015,-11.3
3.783,-0.027,-0.0053,0.0157,-0.0008,-11.3
3.784,-0.0181,-0.0053,0.0202,-0.0046,-11.3
3.785,-0.0135,-0.0068,0.0217,-0.0075,-11.3
3.786,-0.0091,-0.0053,0.0195,-0.006,-11.3
3.787,-0.0038,-0.003,0.0097,-0.003,-11.3
3.788,-0.003,-0.0023,0.0082,-0.003,-11.3
3.789,-0.006,-0.0008,0.003,-0.003,-11.3
3.79,-0.0068,-0.0023,0.0015,-0.003,-11.3
3.791,-0.006,-0.0023,0.0015,-0.0023,-11.3
3.792,-0.0053,-0.0015,0.0007,-0.0008,-11.3
3.793,-0.006,-0.0023,0.0045,0.0015,-11.3
3.794,-0.0075,0.0,0.0007,0.0007,-11.3
3.795,-0.0083,0.0007,0.0037,-0.0008,-11.4
3.796,-0.006,0.0015,0.003,-0.0015,-11.4
3.797,-0.003,0.003,-0.006,-0.0053,-11.4
3.798,-0.0015,0.0022,-0.012,-0.0075,-11.4
3.799,0.0015,0.0015,-0.0195,-0.003,-11.4
3.8,0.0045,0.0015,-0.0188,0.0007,-11.5
3.801,0.009,0.003,-0.0203,0.0007,-11.5
3.802,0.0187,0.0037,-0.0218,0.0022,-11.5
3.803,0.0225,0.0045,-0.0218,0.0007,-11.5
3.804,0.0187,0.003,-0.0195,-0.0015,-11.5
3.805,0.0105,0.003,-0.0083,0.0015,-11.4
3.806,-0.0023,0.0045,-0.003,0.0015,-11.4
3.807,-0.0091,0.0052,-0.0053,-0.0008,-11.4
3.808,-0.0105,0.0067,-0.0091,0.0007,-11.4
3.809,-0.0098,0.0052,-0.0113,0.0015,-11.4
3.81,-0.0083,0.0037,-0.0068,0.0007,-11.4
3.811,-0.006,0.0,-0.0023,0.0,-11.4
3.812,-0.0023,-0.003,0.0015,0.0007,-11.4
3.813,-0.003,-0.0046,0.009,0.0,-11.4
3.814,-0.0015,-0.0038,0.0105,0.0,-11.4
3.815,-0.0008,-0.0015,0.0082,0.0007,-11.4
3.816,-0.0015,-0.0038,0.009,-0.0008,-11.4
3.817,-0.0008,-0.003,0.009,-0.0008,-11.4
3.818,-0.0023,-0.0015,0.009,0.0,-11.4
3.819,-0.0038,-0.003,0.003,0.003,-11.4
3.82,-0.0023,-0.0015,0.0007,0.0007,-11.4
3.821,-0.0015,-0.0015,0.0007,-0.003,-11.3
3.822,-0.003,-0.0023,-0.0008,-0.0046,-11.3
3.823,-0.0023,-0.0008,0.0015,-0.0008,-11.3
3.824,-0.0023,-0.0015,-0.0008,-0.0008,-11.3
3.825,-0.0015,-0.0015,0.0015,0.0007,-11.3
3.826,0.0045,0.0007,0.0007,0.0007,-11.3
3.827,0.0045,-0.0008,0.0007,-0.0015,-11.3
3.828,0.0052,-0.003,0.0052,-0.0008,-11.2
3.829,0.003,-0.0038,0.0007,-0.0008,-11.2
3.83,-0.0038,-0.003,0.0045,-0.0015,-11.2
3.831,-0.0008,-0.003,0.0022,-0.0008,-11.1
3.832,-0.0008,-0.0038,0.0007,-0.0015,-11.1
3.833,-0.0015,-0.003,0.0022,-0.0008,-11.1
3.834,0.003,-0.0046,-0.0015,-0.0015,-11.1
3.835,0.0007,-0.0023,-0.0008,-0.0023,-11.0
3.836,-0.0023,-0.0015,-0.0023,-0.0015,-11.0
3.837,-0.0046,-0.003,-0.003,-0.0023,-11.0
3.838,-0.006,-0.003,-0.0008,-0.0023,-11.0
3.839,-0.0075,-0.0023,-0.0015,0.0007,-11.0
3.84,-0.0068,-0.0008,-0.0038,0.0,-10.9
3.841,-0.0046,-0.0015,-0.003,0.0,-10.9
3.842,-0.0046,-0.0008,-0.0038,0.0015,-10.8
3.843,-0.0038,-0.0008,-0.0053,0.0,-10.8
3.844,-0.0015,-0.0015,-0.0038,-0.0008,-10.8
3.845,-0.0008,-0.0038,-0.003,-0.0046,-10.7
3.846,-0.0008,-0.0053,-0.0053,-0.0046,-10.7
3.847,0.0007,-0.0038,-0.0075,-0.0008,-10.6
3.848,0.0045,-0.0046,-0.0068,-0.0023,-10.6
3.849,0.0067,-0.003,-0.0075,0.0007,-10.5
3.85,0.0052,-0.0015,-0.0053,0.0015,-10.5
3.851,-0.0008,-0.0053,-0.0038,0.0007,-10.5
3.852,0.0,-0.006,-0.0046,0.0,-10.4
3.853,0.0015,-0.0083,-0.003,-0.0008,-10.4
3.854,-0.0015,-0.0091,-0.003,-0.0008,-10.4
3.855,-0.0015,-0.0046,0.0007,-0.0008,-10.3
3.856,-0.0075,-0.0046,0.0045,0.0,-10.3
3.857,-0.0053,-0.0038,0.0015,0.0007,-10.2
3.858,-0.0023,0.0007,0.0007,-0.0008,-10.2
3.859,-0.0053,0.0022,0.0022,0.0,-10.1
3.86,-0.0015,0.003,0.0045,-0.0008,-10.1
3.861,-0.0023,0.0022,0.003,0.0,-10.0
3.862,0.0015,0.003,0.0007,0.0015,-10.0
3.863,0.0,0.0015,0.0007,-0.0008,-9.9
3.864,-0.003,0.003,-0.0023,0.0022,-9.9
3.865,-0.0008,0.003,-0.003,0.0015,-9.9
3.866,-0.0046,0.0015,-0.0008,0.0007,-9.9
3.867,-0.003,0.0045,-0.0015,0.003,-9.8
3.868,-0.003,0.0045,0.0007,0.0022,-9.8
3.869,-0.0068,0.0052,0.0037,0.0022,-9.7
3.87,-0.0053,0.0052,0.0052,0.0015,-9.7
3.871,-0.0053,0.0052,0.009,0.0007,-9.6
3.872,-0.0008,0.006,0.0135,0.0015,-9.6
3.873,0.0015,0.006,0.018,0.003,-9.5
3.874,0.0015,0.0067,0.0165,0.003,-9.5
3.875,-0.0015,0.0067,0.0187,0.0022,-9.5
3.876,-0.0015,0.0045,0.018,-0.0023,-9.5
3.877,0.0015,0.0037,0.0157,-0.0046,-9.4
3.878,-0.0023,0.0037,0.0157,-0.0023,-9.4
3.879,0.0007,0.003,0.012,-0.0015,-9.3
3.88,0.0015,0.0037,0.012,0.003,-9.3
3.881,-0.0015,0.003,0.009,0.0,-9.2
3.882,0.0,0.0015,0.0067,-0.0015,-9.2
3.883,-0.0023,0.0015,0.006,-0.0023,-9.1
3.884,-0.0008,-0.0008,0.0067,-0.0015,-9.1
3.885,0.0,-0.0008,0.009,0.0,-9.0
3.886,-0.0008,-0.0008,0.009,-0.0023,-9.0
3.887,0.0015,-0.0008,0.009,0.0007,-9.0
3.888,-0.0023,-0.0008,0.0067,-0.0008,-9.0
3.889,-0.0008,-0.0008,0.0082,-0.0008,-8.9
3.89,0.0015,0.0,0.009,-0.0015,-8.9
3.891,-0.0015,-0.0008,0.0052,-0.0015,-8.8
3.892,-0.0046,0.0007,0.0067,0.0007,-8.8
3.893,-0.0038,0.0007,0.0015,0.0015,-8.7
3.894,-0.0008,0.0007,-0.0015,0.0045,-8.7
3.895,-0.0015,0.003,-0.0023,0.0022,-8.6
3.896,0.0007,0.003,-0.0053,0.0015,-8.6
3.897,0.0015,0.0007,-0.003,-0.0008,-8.6
3.898,0.0015,0.0007,-0.0046,-0.0008,-8.6
3.899,0.0067,-0.0008,-0.0038,-0.0008,-8.5
3.9,0.0045,-0.003,-0.003,-0.0015,-8.5
3.901,0.003,-0.0023,-0.003,-0.0008,-8.4
3.902,0.0015,0.0,-0.003,-0.0008,-8.4
3.903,-0.003,0.0015,-0.0023,-0.0015,-8.3
3.904,-0.003,0.0015,0.0007,-0.0015,-8.3
3.905,-0.0053,0.0045,0.0007,-0.0038,-8.3
3.906,-0.0068,0.0015,0.0052,-0.0015,-8.2
3.907,-0.0023,-0.0023,0.0007,0.0015,-8.2
3.908,-0.0008,-0.003,-0.0015,0.0007,-8.1
3.909,-0.0015,-0.0046,-0.0015,0.0022,-8.1
3.91,0.0,-0.003,-0.0046,0.0037,-8.1
3.911,0.0007,-0.003,-0.003,0.003,-8.1
3.912,0.0015,-0.0038,-0.0046,0.0,-8.0
3.913,0.0015,-0.003,-0.0046,-0.0053,-8.0
3.914,-0.0008,-0.0046,-0.0068,-0.0068,-7.9
3.915,0.0007,-0.0038,-0.006,-0.0053,-7.9
3.916,-0.0008,-0.0023,-0.0008,-0.0015,-7.8
3.917,-0.0038,-0.0023,-0.0008,0.0007,-7.8
3.918,-0.0015,-0.0015,0.0007,-0.0015,-7.8
3.919,0.0007,-0.003,0.0007,-0.0023,-7.7
3.92,0.0,-0.0046,0.0007,-0.0023,-7.7
3.921,0.0,-0.003,0.0015,-0.0008,-7.7
3.922,0.0007,-0.0015,-0.0008,0.0015,-7.7
3.923,-0.0015,-0.0008,0.0,0.0022,-7.6
3.924,-0.003,-0.0008,-0.0008,0.0022,-7.6
3.925,0.0022,-0.003,-0.0008,0.0007,-7.6
3.926,0.0015,-0.0023,0.0015,-0.0008,-7.5
3.927,0.0,-0.0008,0.0,0.0,-7.5
3.928,-0.0023,-0.0008,-0.0008,0.0007,-7.5
3.929,-0.0053,-0.003,-0.0015,-0.0015,-7.4
3.93,-0.0023,-0.0046,-0.0038,-0.0008,-7.4
3.931,-0.0038,-0.006,-0.003,0.0007,-7.4
3.932,-0.0046,-0.0068,-0.0038,0.0007,-7.3
3.933,-0.0023,-0.0083,-0.0015,0.0015,-7.3
3.934,-0.0023,-0.0098,-0.003,-0.0015,-7.3
3.935,0.0015,-0.0105,-0.0023,0.0007,-7.2
3.936,0.0045,-0.0113,-0.0008,0.003,-7.2
3.937,0.0052,-0.0091,0.0007,0.0022,-7.2
3.938,0.0067,-0.0068,0.0037,0.003,-7.2
3.939,0.0052,-0.006,0.0045,0.0007,-7.2
3.94,0.0052,-0.0038,0.0052,-0.0023,-7.1
3.941,0.0015,-0.0046,0.0067,-0.0053,-7.1
3.942,0.003,-0.0023,0.0105,-0.0015,-7.0
3.943,0.003,-0.0015,0.012,0.0007,-7.0
3.944,0.0015,-0.0015,0.0105,0.0015,-7.0
3.945,0.0007,0.0,0.0105,0.0015,-6.9
3.946,-0.0008,-0.0015,0.009,-0.0008,-6.9
3.947,0.0015,0.0007,0.009,-0.0008,-6.8
3.948,0.003,0.003,0.0082,-0.0015,-6.8
3.949,0.0007,0.0045,0.0067,-0.0023,-6.8
3.95,0.003,0.009,0.009,-0.0015,-6.8
3.951,0.0045,0.012,0.0075,-0.0008,-6.7
3.952,0.0045,0.0112,0.0067,-0.0008,-6.7
3.953,0.0075,0.012,0.009,0.0015,-6.7
3.954,0.0067,0.012,0.0045,0.003,-6.6
3.955,0.003,0.012,0.0045,0.0007,-6.6
3.956,0.0015,0.0097,0.0022,-0.0023,-6.5
3.957,0.0007,0.0082,-0.0008,-0.0008,-6.5
3.958,-0.0015,0.0075,-0.0015,0.0,-6.5
3.959,-0.003,0.0067,-0.0015,-0.0008,-6.4
3.96,-0.0015,0.0045,0.0015,-0.0008,-6.4
3.961,-0.003,0.0015,0.003,0.0015,-6.3
3.962,-0.0015,0.003,0.0052,0.003,-6.3
3.963,-0.0008,0.0045,0.006,0.0007,-6.3
3.964,-0.003,0.0052,0.0067,-0.0015,-6.3
3.965,-0.0015,0.0075,0.006,-0.0008,-6.2
3.966,-0.003,0.0067,0.0037,-0.0015,-6.2
3.967,0.0007,0.006,0.003,-0.0008,-6.1
3.968,0.0007,0.0045,-0.0008,0.0007,-6.1
3.969,0.0,0.0037,0.0007,-0.0015,-6.1
3.97,0.0045,0.0037,-0.0015,-0.003,-6.0
3.971,0.0007,0.0007,-0.0015,-0.0015,-6.0
3.972,0.0007,0.0,-0.0008,-0.0008,-5.9
3.973,-0.0015,0.0015,-0.0008,-0.0008,-5.9
3.974,-0.003,0.0022,-0.0015,-0.0008,-5.9
3.975,-0.0015,0.0007,-0.0046,-0.0015,-5.9
3.976,-0.0015,-0.0023,-0.0008,-0.0023,-5.8
3.977,0.0037,-0.0038,-0.0008,-0.0015,-5.8
3.978,0.003,-0.0053,0.0015,-0.0008,-5.8
3.979,0.0015,-0.006,-0.0008,-0.0015,-5.7
3.98,0.003,-0.0091,0.0,-0.0008,-5.7
3.981,0.0,-0.0113,0.003,0.0,-5.6
3.982,0.0,-0.012,0.0015,-0.0008,-5.6
3.983,-0.0008,-0.0128,0.006,-0.0008,-5.6
3.984,-0.0038,-0.0105,0.0015,-0.0015,-5.5
3.985,-0.0046,-0.0105,0.003,-0.0008,-5.5
3.986,-0.003,-0.0105,0.0007,0.0,-5.4
3.987,-0.0053,-0.0113,-0.0046,0.0,-5.4
3.988,-0.003,-0.0113,-0.0068,-0.0008,-5.4
3.989,0.0007,-0.0105,-0.0075,-0.003,-5.4
3.99,-0.003,-0.0091,-0.0053,-0.0015,-5.3
3.991,-0.0023,-0.0083,-0.0053,0.0015,-5.3
3.992,-0.0008,-0.006,-0.0053,0.0022,-5.2
3.993,-0.0008,-0.003,-0.0046,0.0007,-5.2
3.994,0.0,-0.0053,-0.0023,0.0007,-5.2
3.995,-0.0015,-0.0068,0.0,-0.0008,-5.1
3.996,-0.0008,-0.0068,-0.0008,0.0007,-5.1
3.997,0.003,-0.0068,0.0007,0.0,-5.0
3.998,0.0037,-0.0046,-0.0015,0.0,-5.0
3.999,0.0007,-0.003,-0.003,0.0,-5.0
4.0,0.003,-0.0023,-0.0008,-0.0008,-5.0
4.001,0.003,-0.0038,0.0007,0.0007,-4.9
4.002,0.0022,-0.003,0.0,0.0015,-4.9
4.003,0.0007,-0.0038,0.0015,0.003,-4.9
4.004,-0.0015,-0.0046,0.0007,0.0052,-4.9
4.005,0.0015,-0.0046,0.0015,0.003,-4.8
4.006,-0.0023,-0.0053,0.0007,-0.0008,-4.8
4.007,-0.0023,-0.003,-0.0015,-0.0015,-4.8
4.008,-0.003,0.0,-0.0015,-0.0015,-4.8
4.009,-0.0053,0.0,-0.0023,-0.0023,-4.8
4.01,-0.0015,0.0022,-0.0015,-0.003,-4.7
4.011,-0.0075,0.0,-0.0023,-0.0008,-4.7
4.012,-0.0053,0.0007,-0.0046,0.0007,-4.7
4.013,-0.0046,0.0015,-0.0068,0.0007,-4.6
4.014,-0.0053,0.0015,-0.0068,0.0,-4.6
4.015,0.0,0.0022,-0.006,0.0007,-4.6
4.016,-0.003,0.0015,-0.0046,0.0007,-4.6
4.017,-0.003,0.003,-0.0023,-0.0008,-4.6
4.018,-0.0015,0.0045,-0.003,-0.0008,-4.5
4.019,0.0007,0.0052,-0.0008,-0.0023,-4.5
4.02,0.0052,0.0082,-0.0023,-0.003,-4.5
4.021,0.003,0.0075,-0.0053,0.0,-4.5
4.022,0.0015,0.009,-0.0046,0.0007,-4.5
4.023,0.0007,0.0082,-0.0046,0.0037,-4.4
4.024,-0.0046,0.0067,-0.0053,0.0045,-4.4
4.025,-0.0015,0.006,-0.0098,0.003,-4.4
4.026,-0.0023,0.0045,-0.0091,0.0045,-4.4
4.027,-0.003,0.0052,-0.0083,0.0022,-4.3
4.028,-0.003,0.0052,-0.0068,0.003,-4.3
4.029,-0.0023,0.0067,0.0,0.0015,-4.3
4.03,0.0015,0.0097,0.0007,-0.0008,-4.2
4.031,-0.0008,0.0135,0.0052,-0.0038,-4.2
4.032,0.0007,0.0142,0.006,-0.0053,-4.2
4.033,0.0007,0.009,0.0052,-0.0015,-4.2
4.034,0.0,0.0082,0.006,0.0,-4.1
4.035,0.0015,0.0067,0.0022,0.003,-4.1
4.036,-0.003,0.0075,0.0015,0.0022,-4.1
4.037,-0.0038,0.009,-0.0015,0.0,-4.1
4.038,-0.0046,0.0052,-0.003,-0.0015,-4.1
4.039,-0.0053,0.0067,-0.0015,-0.003,-4.1
4.04,-0.0023,0.0037,-0.0008,-0.003,-4.0
4.041,0.0,0.0037,0.0,-0.0015,-4.0
4.042,0.003,0.0022,-0.0008,-0.0015,-4.0
4.043,0.003,0.0,0.0007,-0.0015,-4.0
4.044,0.0037,-0.0008,0.0022,0.0007,-3.9
4.045,0.0022,-0.0015,0.0037,0.0007,-3.9
4.046,-0.0015,-0.0015,0.0052,-0.0008,-3.9
4.047,-0.0008,-0.0008,0.0067,-0.0008,-3.9
4.048,-0.003,0.0007,0.0045,-0.0015,-3.9
4.049,-0.0053,0.0,0.003,-0.003,-3.8
4.05,-0.0008,-0.0008,0.003,-0.0038,-3.8
4.051,-0.003,-0.0008,0.0,-0.003,-3.8
4.052,-0.0046,-0.0015,0.0007,-0.0015,-3.8
4.053,-0.003,0.0007,-0.0023,0.0015,-3.8
4.054,-0.0023,0.0015,-0.003,0.0015,-3.7
4.055,0.0007,0.0015,0.0015,0.0,-3.7
4.056,-0.0015,0.003,0.0007,0.0007,-3.7
4.057,-0.0053,0.0037,0.006,0.0022,-3.7
4.058,-0.003,0.0045,0.0067,0.0045,-3.7
4.059,-0.0008,0.0052,0.003,0.0022,-3.6
4.06,-0.0015,0.0045,0.0007,0.0007,-3.6
4.061,-0.0023,0.0,-0.0015,0.0007,-3.6
4.062,-0.0023,-0.0038,-0.0015,-0.0008,-3.6
4.063,0.0007,-0.0015,-0.0015,0.0007,-3.6
4.064,0.0007,0.0015,0.0022,0.0007,-3.6
4.065,0.0007,-0.0023,0.0045,0.0,-3.6
4.066,-0.0008,0.003,0.006,0.0,-3.6
4.067,-0.0046,0.0142,0.0067,-0.0015,-3.6
4.068,-0.0046,0.018,0.009,-0.0008,-3.6
4.069,-0.0053,0.0202,0.0067,-0.0046,-3.6
4.07,-0.0038,0.0142,0.003,-0.003,-3.5
4.071,-0.0008,0.0067,0.0022,0.0015,-3.5
4.072,-0.0008,0.0045,0.0015,0.003,-3.5
4.073,-0.0008,-0.0015,0.0045,0.0045,-3.5
4.074,-0.0008,-0.0053,0.0045,0.0022,-3.5
4.075,-0.0015,-0.0046,0.006,0.0007,-3.5
4.076,-0.0015,-0.0015,0.0067,-0.0008,-3.5
4.077,-0.0015,0.003,0.0097,-0.003,-3.5
4.078,-0.0038,0.0045,0.0082,-0.0053,-3.4
4.079,-0.0053,0.003,0.0067,-0.0068,-3.4
4.08,-0.0015,-0.0008,0.006,-0.006,-3.4
4.081,-0.0015,-0.0008,0.0037,-0.0068,-3.4
4.082,0.0007,-0.0023,0.0052,-0.0068,-3.4
4.083,0.0015,-0.0023,-0.0015,-0.0053,-3.4
4.084,-0.0015,-0.0023,-0.0023,-0.0053,-3.4
4.085,-0.0008,-0.0046,-0.0008,-0.003,-3.4
4.086,-0.003,-0.003,-0.0008,-0.0015,-3.4
4.087,-0.0046,-0.0038,0.0037,-0.0008,-3.4
4.088,-0.0015,-0.0015,0.0007,0.0007,-3.4
4.089,-0.003,0.0015,0.0045,-0.0008,-3.4
4.09,-0.0023,0.0037,0.0045,-0.0023,-3.4
4.091,-0.0008,0.0052,0.0007,-0.0023,-3.4
4.092,-0.0008,0.0067,0.0022,-0.0046,-3.4
4.093,0.0,0.0067,0.0007,-0.003,-3.4
4.094,-0.0023,0.0022,0.003,0.0007,-3.4
4.095,-0.003,-0.0046,0.0045,0.0015,-3.4
4.096,-0.0015,-0.0158,0.0075,0.003,-3.4
4.097,-0.0023,-0.0263,0.0097,0.003,-3.4
4.098,0.0,-0.0278,0.0082,0.003,-3.4
4.099,0.0022,-0.0195,0.0075,0.0045,-3.4
4.1,0.003,-0.0098,0.0075,0.0052,-3.4
4.101,0.0015,-0.0023,0.0075,0.0022,-3.4
4.102,-0.003,-0.0023,0.009,0.0015,-3.4
4.103,-0.0038,-0.0015,0.0105,0.0015,-3.4
4.104,-0.0046,-0.0015,0.0105,0.0015,-3.4
4.105,-0.0038,-0.003,0.0097,0.0022,-3.4
4.106,0.0015,-0.003,0.0105,0.0007,-3.5
4.107,0.0037,-0.0053,0.009,0.0015,-3.5
4.108,0.003,-0.0083,0.006,0.0015,-3.5
4.109,0.003,-0.012,0.0052,0.0,-3.5
4.11,0.0015,-0.0105,0.0052,0.0,-3.5
4.111,-0.0008,-0.0068,0.0052,0.0,-3.5
4.112,-0.0015,-0.0046,0.0067,-0.0008,-3.5
4.113,-0.0015,-0.0015,0.0067,-0.0008,-3.5
4.114,-0.0008,-0.0008,0.0052,0.0015,-3.5
4.115,0.0007,0.0,0.0052,-0.0008,-3.6
4.116,-0.0008,-0.0038,0.0045,-0.0038,-3.6
4.117,-0.0023,-0.0053,0.003,-0.0015,-3.6
4.118,-0.0053,-0.0046,0.003,-0.0015,-3.6
4.119,-0.0046,-0.0068,0.003,0.0007,-3.6
4.12,0.0,-0.0046,0.009,0.0022,-3.6
4.121,-0.0038,-0.0038,0.0105,0.0015,-3.6
4.122,-0.0023,0.0007,0.0112,0.0015,-3.6
4.123,-0.0008,-0.0015,0.012,-0.0015,-3.7
4.124,-0.0008,-0.0053,0.0082,-0.0015,-3.7
4.125,-0.0015,-0.0046,0.0082,-0.003,-3.7
4.126,-0.0053,-0.0075,0.0097,-0.0015,-3.7
4.127,-0.003,-0.0083,0.0142,0.0007,-3.7
4.128,-0.0015,-0.0068,0.0165,-0.0008,-3.8
4.129,-0.0008,-0.006,0.0157,0.0,-3.8
4.13,-0.0008,-0.0053,0.0157,0.0,-3.8
4.131,-0.0008,-0.0075,0.012,0.0007,-3.9
4.132,0.003,-0.0091,0.0105,0.0,-3.9
4.133,0.0007,-0.0105,0.0082,-0.003,-3.9
4.134,-0.0015,-0.0128,0.0067,0.0007,-3.9
4.135,-0.0046,-0.0128,0.009,0.0,-4.0
4.136,-0.0053,-0.0158,0.0082,-0.003,-4.0
4.137,-0.0015,-0.0195,0.009,-0.0023,-4.0
4.138,-0.0023,-0.0195,0.009,-0.0015,-4.0
4.139,-0.0015,-0.0173,0.0105,-0.0015,-4.0
4.14,-0.003,-0.015,0.015,-0.0015,-4.1
4.141,-0.003,-0.0053,0.0165,-0.0015,-4.1
4.142,-0.0023,0.0,0.0157,-0.0015,-4.1
4.143,-0.0038,-0.0008,0.0142,-0.0008,-4.1
4.144,0.0,-0.0015,0.012,0.0007,-4.2
4.145,-0.0008,-0.0083,0.0067,-0.0015,-4.2
4.146,-0.0015,-0.0083,0.0,-0.0008,-4.2
4.147,0.0007,-0.0091,0.0007,0.0015,-4.3
4.148,-0.0008,-0.0098,0.0015,-0.0015,-4.3
4.149,-0.0008,-0.0053,0.0007,-0.0008,-4.3
4.15,-0.0008,-0.0038,0.003,-0.0015,-4.4
4.151,-0.0008,-0.003,0.0052,-0.0008,-4.4
4.152,-0.0038,-0.0046,0.0067,-0.0008,-4.4
4.153,-0.0015,-0.003,0.0052,-0.0015,-4.4
4.154,-0.0015,-0.0015,0.0045,-0.0008,-4.5
4.155,0.0007,-0.0023,0.0037,-0.0023,-4.5
4.156,0.0037,-0.0015,0.003,-0.0008,-4.5
4.157,0.0015,-0.0023,0.0015,0.0,-4.5
4.158,0.003,-0.0023,0.0037,-0.0008,-4.6
4.159,-0.0008,-0.0008,0.0052,-0.0008,-4.6
4.16,-0.0008,-0.0008,0.0037,-0.0015,-4.7
4.161,0.0037,0.0007,0.0015,-0.003,-4.7
4.162,-0.0008,0.0007,-0.003,-0.0023,-4.7
4.163,-0.003,0.0007,-0.0068,-0.0023,-4.8
4.164,-0.0023,0.0022,-0.0113,-0.0008,-4.8
4.165,-0.0046,0.003,-0.012,0.0015,-4.9
4.166,-0.0053,0.0052,-0.0128,0.0007,-4.9
4.167,-0.003,0.0067,-0.0158,0.0007,-4.9
4.168,-0.003,0.0082,-0.0158,0.0037,-5.0
4.169,-0.0015,0.0105,-0.0181,0.0037,-5.0
4.17,0.0007,0.012,-0.0181,0.0045,-5.0
4.171,0.0,0.0135,-0.0158,0.003,-5.1
4.172,0.0,0.0135,-0.0165,0.0015,-5.1
4.173,-0.003,0.0105,-0.0181,0.0015,-5.2
4.174,-0.003,0.009,-0.0158,0.0007,-5.2
4.175,-0.0023,0.0105,-0.0165,0.0015,-5.3
4.176,-0.0038,0.009,-0.0188,0.0007,-5.3
4.177,-0.0008,0.0082,-0.0203,0.0007,-5.3
4.178,0.0022,0.006,-0.024,0.0,-5.4
4.179,0.0067,0.0067,-0.0218,-0.0038,-5.4
4.18,0.0067,0.009,-0.0218,-0.003,-5.5
4.181,0.0067,0.0105,-0.0188,-0.0023,-5.5
4.182,0.006,0.0135,-0.0158,-0.0008,-5.5
4.183,0.0015,0.0157,-0.0143,0.0015,-5.6
4.184,0.0015,0.0165,-0.0091,0.0015,-5.7
4.185,-0.0008,0.015,-0.0105,-0.0008,-5.7
4.186,-0.003,0.0165,-0.0128,-0.0015,-5.8
4.187,-0.0023,0.0157,-0.012,0.0007,-5.8
4.188,-0.0008,0.0135,-0.0091,-0.0023,-5.9
4.189,-0.0023,0.0142,-0.0075,-0.0046,-5.9
4.19,-0.003,0.0127,-0.0068,-0.0038,-6.0
4.191,-0.003,0.0157,-0.006,-0.003,-6.0
4.192,-0.003,0.0142,-0.0075,-0.003,-6.1
4.193,-0.0038,0.0127,-0.0068,-0.003,-6.2
4.194,-0.0023,0.0097,-0.0046,-0.003,-6.2
4.195,-0.0046,0.009,-0.003,-0.003,-6.3
4.196,-0.0068,0.0135,-0.0023,0.0007,-6.3
4.197,-0.0068,0.018,0.0007,0.0007,-6.3
4.198,-0.0046,0.0225,-0.0023,-0.0008,-6.4
4.199,-0.0023,0.0217,-0.003,-0.0015,-6.5
4.2,0.0007,0.0225,-0.0015,-0.003,-6.6
4.201,0.0052,0.0217,-0.0023,-0.0008,-6.6
4.202,0.003,0.0202,0.003,-0.0008,-6.6
4.203,0.003,0.018,0.003,-0.0015,-6.7
4.204,0.0015,0.0165,0.0037,0.0007,-6.8
4.205,-0.0015,0.0172,0.0015,0.0007,-6.8
4.206,0.0,0.012,0.0007,0.0015,-6.9
4.207,-0.0038,0.009,0.003,-0.0008,-6.9
4.208,-0.0015,0.0052,0.0007,-0.0008,-7.0
4.209,-0.003,0.006,0.0007,0.0007,-7.0
4.21,-0.0038,0.0052,-0.003,0.0007,-7.1
4.211,-0.0008,0.0037,0.0015,0.0015,-7.2
4.212,-0.0008,0.0052,0.0015,0.003,-7.2
4.213,0.0022,0.0067,0.003,0.003,-7.2
4.214,-0.0008,0.0052,0.0052,0.0007,-7.3
4.215,-0.0008,-0.0038,0.0007,-0.0015,-7.4
4.216,0.0015,-0.0068,0.003,-0.0046,-7.4
4.217,-0.0015,-0.0075,0.0015,-0.003,-7.5
4.218,0.0,-0.0068,0.003,0.0007,-7.6
4.219,0.0015,-0.0008,0.0037,0.003,-7.6
4.22,0.003,0.0045,0.0037,0.0052,-7.7
4.221,0.003,0.0082,0.009,0.0052,-7.7
4.222,0.0015,0.0007,0.0082,0.003,-7.8
4.223,0.0015,-0.0075,0.009,0.0022,-7.9
4.224,0.0015,-0.006,0.006,0.0015,-7.9
4.225,0.0,-0.0046,0.0022,-0.003,-8.0
4.226,-0.0008,-0.0046,0.0037,-0.0083,-8.1
4.227,-0.0046,-0.0068,0.0045,-0.012,-8.1
4.228,-0.0038,-0.0008,0.0067,-0.0068,-8.2
4.229,0.0007,0.0097,0.0052,-0.0023,-8.3
4.23,0.0007,0.012,0.0045,0.0,-8.4
4.231,0.0007,0.003,0.0045,0.0015,-8.4
4.232,0.0,-0.0091,0.006,0.0,-8.5
4.233,-0.0015,-0.015,0.009,0.0007,-8.6
4.234,-0.0008,-0.027,0.009,0.0015,-8.6
4.235,-0.0038,-0.045,0.012,0.003,-8.7
4.236,-0.003,-0.0443,0.0082,0.0067,-8.8
4.237,0.0007,-0.0256,0.0082,0.0037,-8.8
4.238,-0.0015,-0.0105,0.009,0.003,-8.9
4.239,-0.0015,0.0,0.0067,0.0037,-9.0
4.24,0.0045,0.0097,0.0082,0.0007,-9.1
4.241,0.0022,0.015,0.006,-0.0015,-9.1
4.242,0.0007,0.0172,0.0045,-0.0091,-9.2
4.243,0.0007,0.0082,-0.0015,-0.0105,-9.3
4.244,0.0,0.0022,0.0,0.0007,-9.4
4.245,0.003,0.0045,0.0022,0.0105,-9.5
4.246,0.0052,0.0157,0.0015,0.0195,-9.5
4.247,0.0067,0.024,0.0067,0.0255,-9.6
4.248,0.003,0.0157,0.0015,0.021,-9.7
4.249,-0.0008,-0.0135,0.0015,0.0105,-9.8
4.25,-0.0023,-0.015,0.0045,-0.0008,-9.9
4.251,-0.0046,0.0315,0.0007,-0.0195,-9.9
4.252,-0.0038,0.0315,0.0045,-0.0353,-10.0
4.253,-0.0053,-0.0256,0.0037,-0.0443,-10.1
4.254,-0.0053,-0.099,0.0045,-0.0368,-10.2
4.255,-0.006,-0.0983,0.0067,-0.0173,-10.3
4.256,-0.003,-0.0465,0.0105,-0.0053,-10.4
4.257,-0.0023,-0.0218,0.0127,0.0007,-10.4
4.258,-0.0038,0.0142,0.0082,0.0052,-10.5
4.259,0.0,0.0285,0.0082,0.009,-10.6
4.26,-0.0008,0.0142,0.0067,0.012,-10.8
4.261,0.0,-0.0075,0.0067,0.0157,-10.8
4.262,0.0045,-0.0143,0.009,0.012,-10.9
4.263,0.0022,-0.0015,0.0097,0.0,-11.0
4.264,0.0045,-0.0068,0.012,-0.0046,-11.1
4.265,0.0022,0.0052,0.0105,-0.0015,-11.2
4.266,0.003,0.009,0.012,-0.0015,-11.3
4.267,0.0015,-0.0203,0.0097,0.0037,-11.4
4.268,0.0,-0.03,0.0067,0.0052,-11.5
4.269,0.0022,-0.0293,0.0067,0.003,-11.6
4.27,-0.003,-0.0173,0.0037,0.0067,-11.7
4.271,-0.0023,0.0097,0.0052,0.0067,-11.8
4.272,0.0007,0.0105,0.0045,0.0075,-11.9
4.273,0.003,0.018,0.0045,0.0105,-12.0
4.274,0.0075,0.039,0.0045,0.0127,-12.1
4.275,0.003,0.0307,0.0015,0.0067,-12.2
4.276,0.0045,0.0345,0.0022,0.003,-12.3
4.277,0.0,0.0547,0.003,0.0015,-12.4
4.278,-0.0053,0.0502,0.0015,-0.0068,-12.6
4.279,-0.006,0.0292,-0.003,-0.0128,-12.6
4.28,-0.0105,0.0082,-0.006,-0.0218,-12.8
4.281,-0.0098,-0.0173,-0.0038,-0.0218,-12.9
4.282,-0.0105,-0.0555,-0.0008,-0.0143,-13.0
4.283,-0.0075,-0.033,0.0007,-0.0083,-13.1
4.284,-0.006,0.0157,0.003,-0.0023,-13.2
4.285,-0.0053,0.0367,0.0015,-0.0023,-13.4
4.286,-0.003,0.0637,-0.0015,0.0007,-13.5
4.287,-0.0038,0.039,-0.0015,0.003,-13.6
4.288,-0.0008,0.0082,0.0007,0.0045,-13.7
4.289,-0.0015,-0.0143,0.0015,0.0105,-13.9
4.29,0.0015,-0.0436,0.0015,0.012,-14.0
4.291,0.0045,-0.042,-0.0008,0.0067,-14.1
4.292,0.0007,-0.054,-0.0015,0.0015,-14.3
4.293,-0.0008,-0.0375,-0.0023,-0.0046,-14.4
4.294,-0.0046,0.003,-0.003,-0.0068,-14.5
4.295,-0.0046,0.0532,-0.0038,0.003,-14.6
4.296,0.0015,0.1012,-0.0038,0.0067,-14.8
4.297,0.0007,0.069,-0.003,0.0015,-14.9
4.298,0.0007,0.0082,-0.003,0.0045,-15.0
4.299,0.0045,-0.0706,-0.003,0.0037,-15.1
4.3,0.0022,-0.1388,-0.0015,0.0015,-15.3
4.301,0.0015,-0.1043,-0.0008,0.0037,-15.4
4.302,0.0022,-0.0503,-0.003,0.0045,-15.6
4.303,-0.0008,-0.0233,-0.0053,0.0045,-15.7
4.304,-0.0008,0.0022,-0.0038,0.0045,-15.8
4.305,0.0007,-0.0023,-0.0015,0.009,-16.0
4.306,0.0007,-0.0173,0.0,0.0052,-16.2
4.307,-0.0015,-0.006,0.0007,0.0015,-16.3
4.308,-0.0046,0.0202,-0.0053,0.0067,-16.4
4.309,-0.0015,0.03,-0.0091,0.0075,-16.6
4.31,-0.003,0.018,-0.0091,0.0052,-16.7
4.311,-0.0046,-0.0075,-0.0091,0.0045,-16.9
4.312,-0.0046,-0.0068,-0.0038,0.0007,-17.1
4.313,-0.0068,-0.0143,-0.0015,-0.0038,-17.2
4.314,-0.006,-0.0683,-0.0015,-0.012,-17.3
4.315,-0.0068,-0.1088,-0.006,-0.0165,-17.5
4.316,-0.0083,-0.0975,-0.0083,-0.0053,-17.6
4.317,-0.0053,-0.054,-0.0038,0.0037,-17.8
4.318,-0.0023,-0.024,0.0015,0.0127,-17.9
4.319,0.0045,-0.0008,0.0067,0.0142,-18.1
4.32,0.0097,0.0315,0.0105,0.009,-18.3
4.321,0.0082,0.0885,0.0157,0.0165,-18.4
4.322,0.0067,0.1282,0.0127,0.024,-18.6
4.323,0.0045,0.1297,0.012,0.0232,-18.8
4.324,0.0037,0.1117,0.0097,-0.0008,-19.0
4.325,-0.0008,0.0502,0.0067,-0.0278,-19.2
4.326,-0.0046,-0.0015,0.0052,-0.0278,-19.4
4.327,-0.006,-0.048,0.0015,-0.0143,-19.6
4.328,-0.0083,-0.1335,0.0007,0.0007,-19.8
4.329,-0.003,-0.1688,0.003,0.0097,-19.9
4.33,-0.0008,-0.075,0.0097,0.009,-20.2
4.331,0.0,0.0105,0.0142,0.0052,-20.3
4.332,0.0037,0.0172,0.0142,0.0015,-20.5
4.333,0.0007,0.0135,0.018,0.0082,-20.7
4.334,0.0015,0.0232,0.0165,0.012,-20.9
4.335,0.003,0.0622,0.0195,-0.0053,-21.1
4.336,0.0,0.042,0.018,-0.027,-21.3
4.337,-0.0015,-0.0195,0.012,-0.033,-21.5
4.338,-0.0091,-0.0668,0.0112,-0.0256,-21.7
4.339,-0.0083,-0.0698,0.0112,-0.012,-21.9
4.34,-0.0038,-0.0075,0.0142,-0.0053,-22.1
4.341,0.0007,0.0127,0.018,-0.0083,-22.3
4.342,0.0015,0.0127,0.0195,-0.0068,-22.5
4.343,0.0007,0.0127,0.0232,-0.0008,-22.7
4.344,0.003,0.0082,0.027,0.0045,-23.0
4.345,0.0007,0.0292,0.0277,0.0067,-23.2
4.346,0.0,0.036,0.027,0.0082,-23.4
4.347,-0.003,0.0202,0.0277,0.0015,-23.6
4.348,-0.0068,0.003,0.0247,-0.0023,-23.8
4.349,-0.0046,-0.006,0.024,-0.0023,-24.0
4.35,-0.006,-0.0353,0.024,-0.003,-24.3
4.351,-0.0046,-0.0653,0.0217,-0.0068,-24.5
4.352,-0.0038,-0.0593,0.021,-0.0181,-24.7
4.353,-0.0053,-0.0293,0.0187,-0.0165,-24.9
4.354,-0.0046,0.009,0.0172,-0.003,-25.2
4.355,0.0015,0.042,0.0165,0.0052,-25.4
4.356,0.0037,0.0472,0.015,0.0015,-25.6
4.357,0.0007,0.0112,0.0105,-0.0046,-25.8
4.358,0.0015,-0.0128,0.003,0.0015,-26.0
4.359,0.0007,-0.0091,-0.0008,0.0082,-26.2
4.36,0.0007,-0.0015,-0.0015,0.0082,-26.5
4.361,0.0052,0.0165,-0.003,0.0112,-26.7
4.362,0.0045,0.0352,-0.0053,0.0142,-27.0
4.363,0.0052,0.0472,-0.0128,0.0127,-27.3
4.364,0.0045,0.051,-0.0195,0.0105,-27.5
4.365,0.0022,0.033,-0.0225,0.0067,-27.8
4.366,-0.0015,0.0157,-0.0256,0.003,-28.1
4.367,-0.003,0.0015,-0.027,0.0052,-28.4
4.368,0.0015,-0.0091,-0.03,0.0082,-28.6
4.369,-0.0023,0.003,-0.0346,0.009,-28.9
4.37,-0.0038,0.0112,-0.0346,0.0045,-29.2
4.371,-0.003,-0.0053,-0.0368,0.0052,-29.4
4.372,-0.0038,-0.0188,-0.0368,0.0082,-29.7
4.373,0.0,-0.0233,-0.0346,0.006,-29.9
4.374,0.0015,-0.0203,-0.0346,0.0045,-30.2
4.375,0.0015,-0.0098,-0.0315,0.0007,-30.5
4.376,0.0015,-0.0008,-0.0293,0.0015,-30.7
4.377,-0.003,0.0127,-0.024,-0.0008,-31.0
4.378,-0.0075,0.009,-0.021,-0.0098,-31.3
4.379,-0.0083,-0.0053,-0.015,-0.0135,-31.5
4.38,-0.0083,-0.0015,-0.0075,-0.0165,-31.9
4.381,-0.0083,-0.003,-0.003,-0.0158,-32.1
4.382,-0.0038,-0.0015,0.0037,-0.0143,-32.4
4.383,-0.0008,-0.0023,0.0067,-0.0158,-32.6
4.384,0.0,-0.003,0.0067,-0.0181,-32.9
4.385,0.0,-0.003,0.0022,-0.0165,-33.1
4.386,-0.0015,-0.0083,0.003,-0.0165,-33.4
4.387,-0.0038,-0.0015,0.0052,-0.015,-33.7
4.388,-0.0083,-0.0023,0.0052,-0.0091,-33.9
4.389,-0.006,-0.0083,0.009,-0.0075,-34.2
4.39,-0.0075,-0.0143,0.0067,-0.0046,-34.4
4.391,-0.0068,-0.0308,0.0045,-0.0015,-34.7
4.392,-0.003,-0.0428,0.0075,-0.0008,-35.0
4.393,-0.0068,-0.0495,0.0075,0.0007,-35.2
4.394,-0.0053,-0.0398,0.0097,0.0015,-35.5
4.395,-0.0046,-0.0195,0.0142,0.0045,-35.7
4.396,-0.0053,-0.0128,0.015,0.006,-36.0
4.397,-0.0046,-0.0075,0.0135,0.0045,-36.3
4.398,-0.003,-0.003,0.015,0.0007,-36.5
4.399,0.003,-0.0023,0.0165,0.0007,-36.8
4.4,0.0007,0.0007,0.018,-0.0046,-37.1
4.401,0.0007,-0.0008,0.0157,-0.0068,-37.3
4.402,0.0045,-0.0046,0.012,-0.0046,-37.5
4.403,0.0015,-0.0091,0.009,-0.0053,-37.7
4.404,0.0045,-0.0105,0.0052,-0.006,-37.9
4.405,0.0052,-0.0068,0.006,-0.0083,-38.2
4.406,0.0045,-0.0068,0.0082,-0.0091,-38.4
4.407,0.0067,-0.0105,0.009,-0.0105,-38.6
4.408,0.0045,-0.0158,0.0105,-0.0075,-38.8
4.409,0.0052,-0.0143,0.0142,-0.0046,-39.1
4.41,0.009,-0.0105,0.018,0.0007,-39.3
4.411,0.0112,-0.0075,0.0232,0.0045,-39.5
4.412,0.0127,-0.0038,0.0292,0.0067,-39.7
4.413,0.015,-0.0068,0.0277,0.0097,-39.9
4.414,0.015,-0.0105,0.027,0.0097,-40.1
4.415,0.012,-0.0015,0.024,0.0112,-40.4
4.416,0.0105,0.0195,0.0202,0.0097,-40.6
4.417,0.0075,0.0337,0.0157,0.0067,-40.8
4.418,0.0045,0.039,0.012,0.0022,-41.0
4.419,0.003,0.0277,0.0067,0.003,-41.3
4.42,0.0022,0.0105,0.0,0.003,-41.5
4.421,0.0015,0.0105,0.003,0.0037,-41.7
4.422,-0.0008,0.0112,0.0015,0.0052,-41.9
4.423,-0.0023,0.0105,0.003,0.003,-42.1
4.424,-0.003,0.0135,0.0015,0.003,-42.3
4.425,-0.003,0.0127,0.0022,0.0015,-42.5
4.426,-0.0023,0.012,0.0037,0.0007,-42.7
4.427,-0.0015,0.0157,0.0015,0.0007,-42.9
4.428,0.0,0.0157,0.003,-0.003,-43.1
4.429,-0.0008,0.0165,-0.0023,-0.0075,-43.3
4.43,-0.003,0.015,-0.0046,-0.0091,-43.5
4.431,-0.0053,0.0142,-0.0038,-0.0098,-43.7
4.432,-0.006,0.0157,-0.0091,-0.0105,-43.9
4.433,-0.0046,0.012,-0.0105,-0.0105,-44.1
4.434,-0.0046,0.0142,-0.0113,-0.0098,-44.3
4.435,-0.0046,0.0142,-0.0105,-0.0098,-44.6
4.436,-0.0038,0.0135,-0.0091,-0.0105,-44.7
4.437,-0.0046,0.0135,-0.0098,-0.0083,-44.9
4.438,-0.0046,0.012,-0.0068,-0.0046,-45.1
4.439,-0.0053,0.012,-0.0046,-0.0015,-45.3
4.44,-0.0068,0.0127,-0.0053,0.0007,-45.6
4.441,-0.0053,0.0142,-0.0038,0.003,-45.8
4.442,-0.0023,0.0165,-0.0053,0.0007,-46.0
4.443,-0.0023,0.018,-0.0046,0.003,-46.2
4.444,-0.0015,0.0172,-0.0053,0.0015,-46.4
4.445,-0.0008,0.015,-0.0105,0.0,-46.6
4.446,-0.0023,0.0135,-0.0128,0.0022,-46.8
4.447,-0.0015,0.0127,-0.0158,-0.0008,-47.1
4.448,-0.0038,0.0142,-0.0128,-0.0008,-47.3
4.449,-0.0068,0.0172,-0.0105,-0.0008,-47.5
4.45,-0.0083,0.018,-0.0075,-0.0015,-47.7
4.451,-0.0068,0.0157,-0.0053,-0.0015,-47.9
4.452,-0.0038,0.0157,-0.0053,-0.0015,-48.2
4.453,-0.003,0.015,-0.0015,-0.0008,-48.3
4.454,-0.0023,0.0105,-0.0015,-0.0008,-48.6
4.455,-0.0046,0.0105,-0.0015,0.0015,-48.8
4.456,-0.0046,0.012,-0.0008,0.0022,-49.0
4.457,-0.0015,0.0127,-0.0046,0.0015,-49.2
4.458,-0.003,0.0112,-0.0053,0.0015,-49.4
4.459,-0.0015,0.006,-0.003,-0.003,-49.6
4.46,-0.003,0.0045,-0.0015,-0.0083,-49.9
4.461,-0.006,0.003,0.0007,-0.0075,-50.1
4.462,-0.0053,0.0052,0.0022,-0.003,-50.3
4.463,-0.003,0.0052,0.0052,0.0015,-50.5
4.464,0.0,0.0045,0.0067,0.003,-50.7
4.465,0.0015,0.003,0.0067,0.0037,-50.9
4.466,0.003,-0.0008,0.009,0.0052,-51.1
4.467,0.0022,-0.0023,0.0082,0.0052,-51.3
4.468,-0.0023,-0.0053,0.0052,0.006,-51.5
4.469,-0.0008,-0.0053,0.0045,0.0052,-51.7
4.47,0.0,-0.0068,0.0007,0.0037,-51.9
4.471,-0.003,-0.0068,0.0,0.0082,-52.1
4.472,0.0007,-0.0068,-0.003,0.0097,-52.3
4.473,0.0,-0.006,-0.006,0.009,-52.5
4.474,-0.0008,-0.0046,-0.0046,0.0082,-52.7
4.475,-0.0015,-0.0046,-0.0023,0.0082,-52.9
4.476,-0.0015,-0.0046,0.003,0.0075,-53.1
4.477,0.0015,-0.0046,0.0067,0.0075,-53.3
4.478,0.0015,-0.0053,0.0067,0.006,-53.6
4.479,0.0037,-0.0075,0.0075,0.0045,-53.7
4.48,0.0015,-0.0083,0.0052,0.0052,-54.0
4.481,0.0015,-0.0105,0.0075,0.0015,-54.1
4.482,0.0045,-0.0143,0.0097,-0.0008,-54.3
4.483,-0.0008,-0.0158,0.0052,0.0007,-54.5
4.484,-0.0015,-0.0165,0.0015,-0.0015,-54.6
4.485,-0.0008,-0.0165,-0.0023,-0.0008,-54.8
4.486,0.003,-0.0181,-0.0068,-0.003,-55.0
4.487,0.0052,-0.0188,-0.006,-0.003,-55.2
4.488,0.003,-0.0195,-0.0091,-0.0023,-55.4
4.489,0.003,-0.0203,-0.0075,-0.0046,-55.5
4.49,-0.0008,-0.0203,-0.0053,-0.003,-55.7
4.491,-0.0023,-0.0203,-0.0075,-0.0038,-55.8
4.492,-0.0046,-0.0181,-0.003,-0.003,-56.0
4.493,-0.006,-0.0143,-0.0015,0.0015,-56.2
4.494,-0.0053,-0.0105,0.003,0.0007,-56.4
4.495,-0.0053,-0.0075,0.0015,0.0007,-56.6
4.496,-0.0053,-0.0083,0.0,0.0,-56.7
4.497,-0.0046,-0.0083,-0.0008,-0.0008,-56.9
4.498,-0.0046,-0.0091,0.0,0.0007,-57.1
4.499,-0.0038,-0.0113,0.0082,-0.0015,-57.2
4.5,-0.0008,-0.0105,0.0067,-0.0008,-57.5
4.501,0.0,-0.0105,0.0052,-0.0008,-57.6
4.502,-0.0015,-0.0105,0.003,-0.003,-57.7
4.503,0.0007,-0.0091,0.0007,-0.003,-57.9
4.504,-0.0008,-0.0091,0.0015,-0.0008,-58.0
4.505,-0.0046,-0.0083,-0.0008,-0.0023,-58.1
4.506,-0.0046,-0.0083,-0.0008,-0.0046,-58.3
4.507,-0.006,-0.0068,-0.0008,-0.003,-58.5
4.508,-0.0068,-0.0068,-0.0023,-0.0015,-58.6
4.509,-0.003,-0.0046,0.0,0.0022,-58.7
4.51,-0.0023,0.0007,0.0,0.0015,-58.9
4.511,-0.0008,0.0015,0.0007,-0.0008,-59.0
4.512,-0.003,0.0,0.0015,0.003,-59.2
4.513,-0.0015,0.0,-0.003,0.0015,-59.3
4.514,-0.0008,0.0007,-0.0015,0.0015,-59.4
4.515,-0.003,-0.0008,-0.0015,0.0037,-59.6
4.516,0.0015,0.0022,-0.0008,0.0007,-59.8
4.517,0.0007,0.003,0.003,0.003,-59.9
4.518,0.0007,0.0015,0.0007,0.0007,-60.1
4.519,0.0,0.0015,-0.0015,-0.0008,-60.2
4.52,-0.003,0.003,-0.0008,0.0007,-60.4
4.521,-0.0015,0.0045,0.0015,0.0015,-60.4
4.522,-0.0015,0.0067,-0.0023,0.0045,-60.6
4.523,0.0015,0.009,-0.0015,0.0045,-60.7
4.524,0.003,0.009,0.0,0.0052,-60.8
4.525,0.003,0.0105,0.0045,0.0067,-60.9
4.526,0.0067,0.0105,0.0082,0.0037,-61.0
4.527,0.0052,0.0105,0.009,0.003,-61.1
4.528,0.0052,0.009,0.0127,0.0037,-61.2
4.529,0.0045,0.0067,0.012,0.0007,-61.3
4.53,-0.0008,0.0045,0.0127,-0.0008,-61.4
4.531,-0.003,0.006,0.012,-0.0008,-61.5
4.532,-0.006,0.006,0.0135,-0.0015,-61.7
4.533,-0.0046,0.0037,0.0165,-0.0038,-61.7
4.534,-0.003,0.003,0.0142,-0.0053,-61.9
4.535,-0.0046,0.0037,0.0142,-0.003,-62.0
4.536,-0.0015,0.0097,0.009,-0.0023,-62.1
4.537,-0.0023,0.0135,0.0082,-0.0023,-62.2
4.538,0.0007,0.0135,0.0112,-0.0015,-62.3
4.539,0.0,0.0127,0.0142,-0.0046,-62.4
4.54,-0.0053,0.0127,0.012,-0.0046,-62.6
4.541,-0.0015,0.0127,0.0097,-0.0053,-62.6
4.542,-0.003,0.0127,0.0067,-0.0053,-62.6
4.543,-0.0053,0.015,0.0007,-0.0053,-62.6
4.544,-0.0046,0.0165,0.0007,-0.006,-62.7
4.545,-0.0068,0.0142,-0.003,-0.0053,-62.7
4.546,-0.0053,0.0142,-0.0038,-0.0038,-62.8
4.547,-0.006,0.0142,-0.0053,-0.0023,-62.8
4.548,-0.0046,0.012,-0.0075,-0.0015,-62.9
4.549,0.0015,0.012,-0.0046,-0.003,-62.9
4.55,0.0007,0.0082,-0.0046,-0.003,-63.0
4.551,0.0015,0.0052,-0.003,-0.0008,-63.0
4.552,0.0,0.0052,-0.003,-0.0008,-63.0
4.553,-0.003,0.003,-0.006,-0.0008,-63.1
4.554,-0.0008,0.0037,-0.0046,0.0,-63.1
4.555,-0.003,0.0007,-0.0053,0.0015,-63.2
4.556,-0.0046,0.0007,-0.0083,0.003,-63.2
4.557,-0.0046,0.0007,-0.0091,0.0045,-63.3
4.558,-0.0023,0.0007,-0.0083,0.0022,-63.3
4.559,0.0007,0.0007,-0.0068,0.0015,-63.4
4.56,0.0015,0.0007,-0.0083,0.0007,-63.5
4.561,0.003,0.0022,-0.0053,-0.0008,-63.5
4.562,0.0022,0.0022,-0.003,0.0,-63.5
4.563,0.0007,0.0045,-0.0046,-0.0015,-63.5
4.564,0.0007,0.0052,-0.0046,-0.0015,-63.5
4.565,-0.0015,0.0067,-0.0046,-0.0015,-63.5
4.566,-0.003,0.0082,-0.0023,-0.0008,-63.5
4.567,-0.0015,0.0075,-0.0015,0.0007,-63.5
4.568,0.0,0.0075,-0.0008,-0.0015,-63.5
4.569,0.0007,0.0067,0.003,0.0007,-63.5
4.57,-0.003,0.0052,0.0052,0.0015,-63.5
4.571,-0.0046,0.0045,0.009,0.0007,-63.5
4.572,-0.003,0.0015,0.0105,0.0045,-63.5
4.573,-0.0015,-0.0015,0.0082,0.003,-63.5
4.574,0.0015,-0.003,0.0082,0.003,-63.5
4.575,0.0,-0.0046,0.0052,0.0045,-63.5
4.576,0.0007,-0.0075,0.0045,0.0022,-63.5
4.577,0.0007,-0.0083,0.003,0.0015,-63.5
4.578,-0.0015,-0.0083,0.0015,-0.0008,-63.5
4.579,-0.0023,-0.0068,0.0022,-0.0008,-63.5
4.58,-0.0015,-0.006,-0.0008,0.0007,-63.6
4.581,-0.0015,-0.0068,0.0037,0.0007,-63.5
4.582,0.0007,-0.0068,0.006,0.0007,-63.5
4.583,0.0015,-0.0075,0.0067,0.0,-63.5
4.584,0.0015,-0.0068,0.0075,0.0,-63.5
4.585,0.0007,-0.0068,0.0037,0.0,-63.4
4.586,0.0015,-0.0068,0.006,0.0007,-63.4
4.587,0.0015,-0.006,0.0015,0.0007,-63.4
4.588,0.0,-0.006,-0.0008,0.0015,-63.3
4.589,0.0007,-0.006,0.0007,0.0007,-63.3
4.59,-0.0008,-0.0046,0.0015,0.0007,-63.3
4.591,-0.003,-0.0053,0.0052,0.0,-63.2
4.592,-0.003,-0.0053,0.0022,-0.0008,-63.2
4.593,-0.003,-0.0015,0.0007,0.0007,-63.2
4.594,-0.0015,-0.0008,-0.0008,0.0,-63.1
4.595,0.0,-0.0008,-0.0015,-0.0015,-63.1
4.596,0.0015,-0.0008,0.0,-0.0008,-63.1
4.597,0.003,-0.0023,0.0007,-0.0015,-63.0
4.598,0.0022,-0.0023,-0.0015,-0.003,-63.0
4.599,0.0022,-0.003,-0.003,-0.0023,-63.0
4.6,0.003,-0.0015,-0.0015,-0.0038,-63.0
4.601,0.0022,-0.0008,-0.0023,-0.0015,-62.9
4.602,0.0015,-0.0038,0.0022,-0.0008,-62.8
4.603,-0.0008,-0.0053,0.0067,-0.0008,-62.7
4.604,-0.0038,-0.0068,0.0067,0.0015,-62.6
4.605,-0.0015,-0.0068,0.0067,0.0015,-62.6
4.606,-0.003,-0.0053,0.006,-0.0008,-62.5
4.607,-0.0053,-0.006,0.0067,-0.0008,-62.4
4.608,-0.0008,-0.0053,0.003,-0.0008,-62.4
4.609,-0.0015,-0.0053,0.0015,-0.0015,-62.3
4.61,0.0007,-0.0053,0.0045,-0.0015,-62.2
4.611,0.0037,-0.0053,0.0037,0.0,-62.1
4.612,0.0007,-0.0053,0.0067,0.0,-62.1
4.613,0.003,-0.0053,0.0037,0.0015,-62.0
4.614,0.0007,-0.0068,0.0037,0.0,-61.9
4.615,-0.0015,-0.0046,0.0052,0.0007,-61.8
4.616,0.0,-0.003,0.006,0.003,-61.8
4.617,0.0,-0.0038,0.0097,0.0015,-61.7
4.618,0.0015,-0.003,0.0082,0.0007,-61.6
4.619,-0.0015,-0.0015,0.0112,0.0007,-61.6
4.62,-0.0015,-0.0008,0.0105,0.0015,-61.5
4.621,-0.0008,0.0007,0.0037,0.0007,-61.4
4.622,0.0007,0.0,0.0037,0.0015,-61.2
4.623,0.0007,-0.0015,0.0,0.0007,-61.2
4.624,0.0,0.0007,0.0022,-0.0008,-61.0
4.625,0.0037,0.0015,0.0037,0.0,-60.9
4.626,0.0045,0.0,0.0015,-0.0008,-60.8
4.627,0.0007,-0.0008,0.003,-0.0008,-60.7
4.628,0.0007,-0.003,-0.0008,-0.0015,-60.6
4.629,0.0007,-0.003,-0.003,-0.0008,-60.5
4.63,-0.0008,-0.0015,-0.0053,-0.0015,-60.4
4.631,0.0015,-0.0023,-0.0068,-0.0015,-60.3
4.632,-0.003,-0.0008,-0.0068,-0.0008,-60.2
4.633,-0.0023,0.0,-0.003,-0.0015,-60.1
4.634,0.0007,-0.0008,-0.0008,-0.0015,-59.9
4.635,-0.003,-0.0008,-0.0008,-0.0023,-59.9
4.636,0.0007,-0.0015,0.0,-0.0023,-59.8
4.637,0.0015,-0.0015,-0.0015,-0.0015,-59.6
4.638,-0.0015,-0.0015,0.0007,-0.0008,-59.5
4.639,-0.0015,-0.003,0.0007,0.0,-59.4
4.64,-0.0053,-0.0023,0.0007,-0.0008,-59.3
4.641,-0.003,-0.0015,-0.0015,-0.0008,-59.2
4.642,-0.0008,-0.0015,-0.0053,-0.003,-59.0
4.643,-0.0015,-0.0023,-0.0046,-0.003,-58.9
4.644,-0.0015,0.0007,-0.003,-0.0008,-58.7
4.645,-0.0015,0.0007,0.003,0.0015,-58.5
4.646,-0.0008,0.0007,0.0067,0.0007,-58.4
4.647,-0.0015,0.0015,0.0067,0.0007,-58.3
4.648,0.0007,0.0007,0.0067,0.0007,-58.1
4.649,0.0007,0.0022,0.0052,-0.0015,-58.0
4.65,-0.0008,0.0022,0.0045,-0.0015,-57.8
4.651,0.0007,0.0022,0.0015,-0.0023,-57.7
4.652,-0.0015,0.003,0.0007,-0.0015,-57.5
4.653,0.0007,0.0015,-0.0008,0.0015,-57.4
4.654,0.0007,0.0015,0.0007,0.0015,-57.2
4.655,0.0015,0.0007,0.0007,0.0,-57.1
4.656,0.0007,-0.0008,-0.0008,0.0,-56.9
4.657,-0.003,-0.0008,0.0015,-0.0008,-56.8
4.658,-0.0008,-0.0023,-0.0015,-0.0015,-56.7
4.659,-0.0053,-0.0015,0.0015,-0.0008,-56.5
4.66,-0.0038,0.0,0.0,0.0,-56.3
4.661,-0.0015,0.0,-0.0023,-0.0008,-56.2
4.662,-0.003,-0.0008,-0.0008,-0.0008,-56.0
4.663,0.0015,-0.0008,-0.0046,0.0007,-55.8
4.664,-0.0015,0.0,-0.0053,0.0015,-55.6
4.665,0.003,0.0,-0.0053,0.0015,-55.4
4.666,0.0015,-0.0015,-0.003,0.0007,-55.2
4.667,-0.0023,-0.0015,-0.0015,0.0007,-55.0
4.668,0.0,-0.0023,-0.0008,0.0007,-54.9
4.669,-0.0046,-0.003,0.0,-0.0008,-54.7
4.67,-0.0008,-0.003,-0.0008,0.0,-54.5
4.671,-0.0008,-0.0053,-0.0008,-0.0008,-54.3
4.672,-0.0023,-0.0053,-0.003,0.0007,-54.1
4.673,0.0007,-0.0053,0.0007,0.0007,-53.9
4.674,-0.003,-0.0053,0.0015,-0.0008,-53.7
4.675,0.0,-0.0053,0.0037,-0.0023,-53.6
4.676,0.003,-0.0038,0.0045,-0.0015,-53.4
4.677,0.0015,-0.003,0.006,-0.0015,-53.1
4.678,0.0007,-0.0015,0.0067,-0.0008,-53.0
4.679,-0.003,-0.0038,0.0052,-0.0008,-52.8
4.68,-0.0046,-0.003,0.006,0.0,-52.6
4.681,-0.006,-0.0015,0.0007,0.0,-52.4
4.682,-0.0053,-0.0023,0.0007,-0.0015,-52.2
4.683,-0.0015,0.0007,-0.0008,-0.0015,-52.0
4.684,0.0015,-0.0008,-0.003,-0.0015,-51.8
4.685,0.0007,-0.0046,0.0,-0.0015,-51.5
4.686,-0.0015,-0.0046,0.0015,-0.0008,-51.3
4.687,0.0,-0.0023,0.0067,0.0,-51.1
4.688,-0.0038,-0.0023,0.0067,0.0015,-50.9
4.689,-0.0038,-0.0023,0.009,0.0,-50.7
4.69,-0.003,-0.003,0.0082,0.0007,-50.4
4.691,-0.003,-0.003,0.006,0.0015,-50.3
4.692,0.0007,-0.0008,0.0082,-0.0015,-50.0
4.693,0.0,-0.0015,0.003,-0.0015,-49.8
4.694,0.0015,-0.0008,-0.0015,-0.0023,-49.6
4.695,0.0007,-0.0008,-0.0015,-0.0015,-49.4
4.696,0.0015,0.0,0.0007,-0.003,-49.2
4.697,0.003,0.0,0.0015,-0.0046,-49.0
4.698,0.0015,-0.0015,-0.0008,-0.0038,-48.7
4.699,0.0022,0.0007,0.0007,-0.0015,-48.6
4.7,0.003,0.0015,0.0,-0.0008,-48.3
4.701,0.0015,0.0007,0.0037,-0.003,-48.1
4.702,-0.0015,-0.0008,0.0082,-0.0015,-47.8
4.703,-0.0038,0.0015,0.006,-0.0015,-47.6
4.704,-0.0083,0.0052,0.0067,0.0,-47.4
4.705,-0.006,0.006,0.0097,0.0022,-47.1
4.706,-0.0038,0.0082,0.0127,0.0015,-46.9
4.707,-0.003,0.009,0.0157,0.0045,-46.7
4.708,-0.003,0.009,0.0157,0.0045,-46.4
4.709,-0.0038,0.009,0.0105,0.0022,-46.2
4.71,-0.0023,0.0075,0.006,0.003,-45.9
4.711,-0.003,0.0067,0.0045,0.0022,-45.7
4.712,-0.003,0.003,0.0007,-0.0008,-45.5
4.713,-0.0023,0.0007,-0.0015,-0.0046,-45.2
4.714,-0.0008,-0.0008,-0.0053,-0.006,-45.0
4.715,0.0015,0.0,-0.0091,-0.003,-44.7
4.716,0.003,0.0007,-0.0128,-0.0015,-44.5
4.717,0.0015,0.0015,-0.0128,-0.0015,-44.2
4.718,0.003,-0.0008,-0.0143,-0.0015,-44.0
4.719,0.0015,-0.0015,-0.0105,-0.0015,-43.7
4.72,-0.0091,0.0007,0.0067,-0.0008,-43.5
4.721,-0.015,0.0,0.0157,0.0015,-43.2
4.722,-0.0158,0.0007,0.0172,0.003,-43.0
4.723,-0.012,-0.0008,0.0142,0.003,-42.8
4.724,-0.0023,-0.0015,0.0045,0.0007,-42.5
4.725,0.0082,-0.003,-0.0015,0.0015,-42.2
4.726,0.0187,-0.0015,-0.012,0.003,-41.9
4.727,0.0232,-0.0023,-0.0165,0.0015,-41.7
4.728,0.0217,-0.0046,-0.0165,0.0007,-41.4
4.729,0.0187,-0.003,-0.0105,0.0,-41.2
4.73,0.012,-0.0053,-0.0053,-0.0008,-40.9
4.731,0.0067,-0.0068,-0.0046,-0.003,-40.6
4.732,-0.0068,-0.0091,0.006,-0.0046,-40.4
4.733,-0.0143,-0.0113,0.018,-0.003,-40.1
4.734,-0.0165,-0.012,0.027,-0.0015,-39.9
4.735,-0.0195,-0.0143,0.0255,0.0015,-39.6
4.736,-0.0158,-0.012,0.018,0.0015,-39.3
4.737,-0.012,-0.0083,0.0097,0.0015,-39.1
4.738,-0.0046,-0.0075,0.0022,0.0,-38.8
4.739,0.0015,-0.0023,-0.0015,-0.0008,-38.6
4.74,0.003,0.0015,-0.0008,0.0007,-38.3
4.741,0.0045,0.0015,0.0022,0.0007,-38.0
4.742,0.003,-0.0008,0.0067,-0.0008,-37.7
4.743,0.003,-0.0038,0.0142,-0.0046,-37.4
4.744,0.0045,-0.0068,0.0105,-0.0083,-37.1
4.745,0.0067,-0.006,0.0097,-0.0083,-36.8
4.746,0.0045,-0.0053,-0.0008,-0.003,-36.5
4.747,-0.003,-0.003,-0.0105,0.0015,-36.2
4.748,-0.003,-0.0083,-0.0068,0.0015,-35.9
4.749,-0.003,-0.0165,-0.0091,0.0015,-35.6
4.75,-0.0068,-0.0195,-0.0068,-0.0008,-35.3
4.751,-0.0038,-0.0128,-0.0068,-0.0008,-35.0
4.752,-0.0046,0.0015,-0.0015,0.0007,-34.7
4.753,-0.0038,0.0082,0.0045,-0.0008,-34.4
4.754,-0.0015,0.0142,0.0052,0.0015,-34.2
4.755,-0.003,0.0165,0.0052,0.003,-33.8
4.756,0.0007,0.003,0.003,-0.0008,-33.5
4.757,0.0022,-0.0105,0.0082,-0.0023,-33.3
4.758,0.003,-0.012,0.0105,-0.003,-32.9
4.759,-0.0008,-0.0053,0.0165,-0.0046,-32.7
4.76,-0.0008,-0.0015,0.0217,-0.0046,-32.4
4.761,-0.0008,-0.0008,0.0157,-0.0046,-32.0
4.762,-0.0075,-0.003,0.009,-0.003,-31.7
4.763,-0.0128,-0.0083,-0.0038,-0.0015,-31.4
4.764,-0.0158,-0.0053,-0.0023,-0.0023,-31.0
4.765,-0.0105,0.003,0.0067,-0.0015,-30.7
4.766,-0.0053,0.0067,0.0007,-0.0015,-30.3
4.767,0.0052,0.0067,0.003,-0.0015,-30.0
4.768,0.0157,0.006,0.0045,0.0015,-29.7
4.769,0.0195,0.0007,0.018,0.0,-29.3
4.77,0.027,-0.0188,0.024,-0.0038,-29.0
4.771,0.024,-0.0353,0.018,-0.0038,-28.7
4.772,0.0195,-0.0195,0.0157,-0.0015,-28.4
4.773,0.0075,-0.0008,0.0,0.0015,-28.0
4.774,-0.0046,0.018,-0.0068,0.0022,-27.7
4.775,-0.0105,0.0367,-0.0015,0.0022,-27.3
4.776,-0.0181,0.0202,0.009,0.0015,-27.0
4.777,-0.0218,-0.0046,-0.0023,-0.0008,-26.6
4.778,-0.024,-0.003,-0.0195,0.0007,-26.3
4.779,-0.0195,0.0082,-0.0465,-0.0015,-26.0
4.78,-0.0143,0.0165,-0.0803,-0.0046,-25.7
4.781,-0.0083,0.03,-0.0893,-0.0046,-25.3
4.782,0.0,0.0352,-0.0885,-0.003,-25.0
4.783,0.0007,0.0202,-0.0623,-0.0015,-24.6
4.784,0.0045,0.0015,-0.0203,-0.0008,-24.3
4.785,0.009,-0.0053,0.027,0.0007,-23.9
4.786,0.012,-0.0158,0.0517,0.0015,-23.5
4.787,0.0112,-0.033,0.0457,0.0015,-23.2
4.788,0.0075,-0.0473,0.0405,-0.0023,-22.9
4.789,0.0037,-0.033,0.0157,-0.0008,-22.5
4.79,-0.003,-0.0068,0.009,0.0007,-22.1
4.791,-0.0046,0.0045,0.024,-0.0008,-21.8
4.792,-0.0068,0.0105,0.0405,-0.0008,-21.5
4.793,-0.0135,0.003,0.0405,-0.0015,-21.1
4.794,-0.0158,0.0007,0.024,0.0045,-20.8
4.795,-0.0181,0.0052,0.0112,0.0052,-20.4
4.796,-0.0135,0.0015,-0.0203,0.009,-20.1
4.797,-0.0083,0.0082,-0.0383,0.0157,-19.7
4.798,-0.006,0.015,-0.042,0.012,-19.4
4.799,-0.0008,0.0112,-0.021,0.0037,-19.0
4.8,0.0037,0.0142,0.003,-0.0143,-18.7
4.801,0.0015,0.024,0.0195,-0.0233,-18.4
4.802,-0.003,0.0262,0.0405,-0.0143,-18.0
4.803,-0.006,0.021,0.0412,-0.0053,-17.7
4.804,-0.0083,0.024,0.033,-0.003,-17.4
4.805,-0.0091,0.0217,0.0157,-0.0098,-17.0
4.806,-0.0083,0.003,-0.0053,-0.0143,-16.7
4.807,-0.003,-0.0143,-0.021,-0.0128,-16.4
4.808,0.0082,-0.0188,-0.027,-0.0098,-16.1
4.809,0.0165,-0.0105,-0.0225,-0.003,-15.7
4.81,0.0195,0.0045,-0.0105,0.0082,-15.4
4.811,0.0127,0.027,0.0052,0.0165,-15.1
4.812,0.0067,0.0285,0.0127,0.027,-14.7
4.813,0.003,0.0022,0.0157,0.033,-14.4
4.814,-0.0015,-0.0158,0.006,0.0292,-14.1
4.815,0.0,-0.024,0.0037,0.0112,-13.7
4.816,-0.0023,-0.0465,0.021,-0.0015,-13.4
4.817,-0.0008,-0.0563,0.0292,-0.0038,-13.1
4.818,-0.0015,-0.0398,0.024,-0.0105,-12.8
4.819,-0.0128,-0.024,0.0045,-0.0083,-12.4
4.82,-0.0128,0.003,-0.015,-0.003,-12.1
4.821,-0.0135,0.0285,-0.021,0.003,-11.8
4.822,-0.0128,0.0322,-0.0128,0.006,-11.5
4.823,-0.0046,0.0217,0.003,0.0052,-11.3
4.824,0.0007,0.0082,0.0112,0.0067,-11.0
4.825,0.0097,0.0067,0.009,0.0015,-10.7
4.826,0.0112,0.0067,-0.0046,0.0022,-10.4
4.827,0.0135,0.0105,-0.0195,0.0045,-10.1
4.828,0.0142,0.0105,-0.0195,0.0015,-9.8
4.829,0.0067,0.0045,0.0075,-0.0023,-9.5
4.83,0.0082,0.012,0.0307,-0.0195,-9.2
4.831,0.0022,0.015,0.0232,-0.0368,-9.0
4.832,-0.006,0.0045,0.009,-0.0143,-8.7
4.833,-0.0105,0.0015,-0.0046,0.0127,-8.4
4.834,-0.0113,0.0112,0.0127,0.042,-8.1
4.835,-0.0068,0.0157,0.0502,0.087,-7.8
4.836,-0.0053,0.0052,0.063,0.06,-7.5
4.837,0.0015,-0.0068,0.0817,0.0015,-7.2
4.838,0.0045,-0.0173,0.0675,-0.0338,-7.0
4.839,0.0022,-0.0248,0.0165,-0.063,-6.7
4.84,0.003,-0.0293,-0.0218,-0.0578,-6.4
4.841,-0.0038,-0.0218,-0.0555,-0.0405,-6.2
4.842,-0.0143,-0.003,-0.0653,-0.0308,-5.9
4.843,-0.0218,-0.0008,-0.0743,-0.0503,-5.7
4.844,-0.0165,0.0052,-0.081,-0.0848,-5.4
4.845,-0.0143,0.0232,-0.0743,-0.0945,-5.2
4.846,-0.0128,0.0217,-0.0675,-0.093,-5.0
4.847,-0.0083,-0.0075,-0.0525,-0.0525,-4.7
4.848,-0.0068,-0.0645,-0.0278,-0.0293,-4.5
4.849,0.0,-0.1125,0.0097,-0.0405,-4.2
4.85,-0.0015,-0.0915,0.045,-0.0683,-4.0
4.851,-0.006,-0.0075,0.0735,-0.0691,-3.8
4.852,0.0037,0.1162,0.0945,0.0705,-3.5
4.853,0.0045,0.2115,0.1012,0.3052,-3.3
4.854,0.0052,0.1567,0.0832,0.3405,-3.1
4.855,0.0,0.0352,0.051,0.201,-2.8
4.856,-0.0143,-0.0765,0.0142,0.12,-2.6
4.857,-0.0263,-0.1628,-0.0068,-0.024,-2.3
4.858,-0.039,-0.1381,-0.0143,-0.0503,-2.1
4.859,-0.0511,-0.0938,-0.0091,0.012,-1.8
4.86,-0.0773,-0.054,0.0015,-0.0188,-1.6
4.861,-0.1185,0.045,0.0112,0.0052,-1.5
4.862,-0.135,0.099,0.0217,0.0277,-1.4
4.863,-0.0788,0.1057,0.0105,0.042,-1.3
4.864,0.0015,0.0607,0.0045,0.0217,-1.1
4.865,0.066,-0.1073,0.0052,0.0345,-1.0
4.866,0.1327,-0.2085,0.0,0.093,-0.9
4.867,0.1642,-0.2011,0.0022,0.0285,-0.8
4.868,0.1897,-0.1411,-0.003,-0.1006,-0.6
4.869,0.2017,-0.003,-0.0143,-0.1823,-0.5
4.87,0.1995,0.1155,-0.0248,-0.2153,-0.4
4.871,0.2085,0.2145,-0.0353,-0.2821,-0.3
4.872,0.1815,0.3127,-0.027,-0.3608,-0.2
4.873,0.1552,0.4387,-0.0195,-0.2168,0.0
4.874,0.12,0.5062,-0.012,0.1395,0.1
4.875,0.078,0.369,-0.012,0.285,0.2
4.876,0.045,0.1515,-0.0233,0.2077,0.3
4.877,0.0007,-0.0181,-0.027,0.1492,0.4
4.878,-0.027,-0.1313,-0.0443,0.0487,0.6
4.879,-0.0593,-0.1883,-0.054,-0.0683,0.7
4.88,-0.0878,-0.2235,-0.045,-0.1028,0.8
4.881,-0.1006,-0.2363,-0.0315,-0.0383,0.9
4.882,-0.12,-0.2123,-0.0173,-0.0143,0.9
4.883,-0.129,-0.1411,-0.012,-0.093,0.9
4.884,-0.129,-0.0113,-0.0143,-0.126,0.9
4.885,-0.1133,0.0337,-0.012,-0.1613,1.0
4.886,-0.0743,-0.0405,-0.0046,-0.0721,1.0
4.887,-0.0353,-0.027,0.0015,0.1492,1.0
4.888,-0.03,0.009,0.0037,0.1747,1.1
4.889,-0.0413,-0.0233,0.0045,0.1072,1.1
4.89,-0.057,-0.0218,0.0045,0.0937,1.2
4.891,-0.0525,-0.03,0.009,0.1215,1.2
4.892,-0.0233,-0.0346,0.012,0.156,1.2
4.893,-0.0128,-0.0428,0.024,0.1822,1.3
4.894,-0.0128,-0.0368,0.0382,0.1777,1.3
4.895,-0.0285,0.0015,0.036,0.045,1.3
4.896,-0.0495,-0.0046,0.0427,-0.063,1.3
4.897,-0.0465,-0.0203,0.036,-0.0653,1.4
4.898,-0.0495,-0.033,0.0105,-0.105,1.4
4.899,-0.042,-0.0375,0.012,-0.1365,1.4
4.9,-0.0256,-0.0315,0.0195,-0.0758,1.5
4.901,-0.015,-0.0225,0.0232,-0.0248,1.5
4.902,-0.0158,0.0232,0.0105,-0.0023,1.5
4.903,-0.0315,0.0667,-0.006,-0.0353,1.4
4.904,-0.0375,0.0382,-0.0218,-0.1441,1.4
4.905,-0.0413,-0.0653,-0.0465,-0.153,1.3
4.906,-0.0375,-0.1553,-0.0495,-0.0495,1.3
4.907,-0.0256,-0.1665,-0.0338,0.048,1.3
4.908,-0.012,-0.2003,-0.0023,0.075,1.3
4.909,0.012,-0.2168,0.0277,0.0255,1.2
4.91,0.0307,-0.1673,0.0757,-0.0743,1.2
4.911,0.042,-0.0803,0.0967,-0.231,1.2
4.912,0.0547,0.0472,0.0645,-0.192,1.1
4.913,0.042,0.1222,0.042,0.0202,1.1
4.914,0.0255,0.231,-0.024,0.219,1.1
4.915,0.021,0.3517,-0.0728,0.249,1.0
4.916,0.0082,0.3997,-0.1006,0.1252,1.0
4.917,0.0052,0.3045,-0.1118,0.114,0.9
4.918,-0.003,0.1672,-0.0773,0.0937,0.9
4.919,-0.0091,0.1785,-0.0578,0.1027,0.9
4.92,-0.0105,0.108,-0.0015,0.0727,0.8
4.921,-0.015,0.0075,0.033,0.0345,0.7
4.922,0.0,-0.0263,0.054,0.0502,0.6
4.923,0.009,-0.0803,0.0757,-0.0075,0.5
4.924,0.0127,-0.0878,0.0817,-0.0083,0.4
4.925,0.0157,-0.1028,0.1237,-0.048,0.3
4.926,0.0082,-0.1065,0.1267,-0.063,0.1
4.927,0.0052,-0.0938,0.1027,-0.0578,0.0
4.928,0.0007,-0.081,0.0697,-0.0645,-0.1
4.929,-0.003,-0.0691,0.0187,-0.0405,-0.2
4.93,-0.0015,-0.0683,-0.024,-0.0503,-0.3
4.931,-0.0015,-0.06,-0.0488,-0.045,-0.5
4.932,-0.0046,-0.06,-0.0458,-0.0548,-0.5
4.933,0.0,-0.054,-0.0465,-0.039,-0.7
4.934,0.0082,-0.045,-0.0458,-0.0203,-0.8
4.935,0.0157,-0.0338,-0.0405,-0.0195,-0.9
4.936,0.0127,-0.0256,-0.0405,-0.0046,-1.0
4.937,0.0052,-0.0195,-0.0428,0.0255,-1.1
4.938,0.012,-0.0098,-0.0436,0.0712,-1.3
4.939,0.0112,-0.0098,-0.0278,0.0382,-1.4
4.94,0.003,-0.0225,-0.0188,-0.042,-1.5
4.941,-0.0046,-0.0323,-0.0091,-0.048,-1.7
4.942,-0.0181,-0.024,0.0007,-0.0233,-1.8
4.943,-0.0293,-0.0203,0.009,-0.021,-2.0
4.944,-0.0285,-0.0218,0.0157,-0.0053,-2.2
4.945,-0.0158,-0.0225,0.0165,-0.0091,-2.3
4.946,-0.0068,-0.0323,0.0157,-0.0248,-2.5
4.947,-0.0008,-0.0308,0.018,-0.0308,-2.7
4.948,0.0052,-0.0083,0.027,-0.0428,-2.8
4.949,0.0052,0.0165,0.0217,-0.039,-3.0
4.95,0.0082,0.0262,0.009,-0.0293,-3.2
4.951,0.009,0.0195,-0.003,-0.0278,-3.3
4.952,0.0127,-0.0015,-0.006,-0.0218,-3.5
4.953,0.0127,-0.0225,0.0045,-0.0015,-3.7
4.954,0.0052,-0.0203,0.0052,0.0525,-3.8
4.955,-0.0023,-0.012,0.0082,0.1027,-4.0
4.956,-0.0068,-0.0105,0.0045,0.0712,-4.2
4.957,-0.006,-0.0091,0.003,0.0315,-4.4
4.958,-0.0046,-0.0091,0.006,0.012,-4.5
4.959,0.0022,-0.0091,0.0022,-0.012,-4.7
4.96,0.0067,-0.0091,-0.0068,-0.0053,-4.9
4.961,0.009,-0.0091,-0.0105,-0.006,-4.9
4.962,0.0165,-0.0083,0.0052,-0.0023,-4.9
4.963,0.021,-0.0046,0.0352,-0.0038,-4.9
4.964,0.0217,0.0045,0.0652,-0.006,-4.9
4.965,0.015,0.0157,0.0652,0.0015,-4.9
4.966,0.0022,0.027,0.0465,0.0,-4.9
4.967,0.0015,0.042,0.0232,0.0015,-4.9
4.968,0.0037,0.0517,-0.006,0.003,-4.9
4.969,0.0067,0.0502,-0.027,0.0067,-4.9
4.97,0.0157,0.0405,-0.06,0.0075,-4.9
4.971,0.0225,0.0337,-0.0825,0.009,-4.9
4.972,0.0367,0.03,-0.0503,0.0157,-4.9
4.973,0.0352,0.018,0.0082,0.0082,-4.9
4.974,0.0142,0.0082,0.0195,0.0015,-4.9
4.975,0.0045,0.003,0.012,-0.0015,-4.8
4.976,-0.012,0.003,-0.003,0.0022,-4.8
4.977,-0.0308,0.009,-0.0293,0.0067,-4.8
4.978,-0.0443,0.0127,-0.0413,-0.0015,-4.8
4.979,-0.0518,0.0082,-0.0728,-0.0195,-4.8
4.98,-0.042,0.003,-0.0833,-0.0203,-4.8
4.981,-0.0256,0.003,-0.0856,-0.0038,-4.9
4.982,0.0067,0.003,-0.0645,-0.0046,-4.9
4.983,0.036,0.0022,-0.0338,-0.0053,-5.0
4.984,0.0517,0.0022,-0.0195,0.0007,-5.1
4.985,0.0652,0.0,0.0232,-0.0008,-5.2
4.986,0.0465,-0.003,0.0457,0.0015,-5.2
4.987,0.0127,-0.003,0.0765,0.0052,-5.3
4.988,-0.0038,-0.003,0.0945,0.0075,-5.4
4.989,-0.0203,-0.0015,0.093,0.009,-5.4
4.99,-0.0263,-0.0023,0.102,0.0112,-5.5
4.991,-0.0248,-0.0053,0.078,0.012,-5.6
4.992,-0.0278,-0.0053,0.0615,0.015,-5.7
4.993,-0.0195,-0.0046,0.0375,0.0127,-5.8
4.994,-0.0113,-0.0075,0.018,0.0135,-5.9
4.995,-0.0038,-0.0105,0.0195,0.0232,-5.9
4.996,0.0045,-0.0105,0.0127,0.0202,-6.0
4.997,0.0097,-0.0181,0.0165,0.0105,-6.1
4.998,0.003,-0.0158,0.0142,0.0015,-6.2
4.999,-0.0008,-0.0143,0.0142,-0.039,-6.2
5.0,0.0015,-0.0203,0.012,-0.078,-6.3
5.001,-0.0008,-0.0263,0.003,-0.0458,-6.6
5.002,0.0067,-0.0368,-0.006,-0.0195,-6.9
5.003,0.0105,-0.0428,-0.0075,-0.0668,-7.3
5.004,0.0127,-0.0361,0.0052,-0.09,-7.6
5.005,0.0172,-0.0075,-0.0046,-0.0293,-7.9
5.006,0.0165,0.036,-0.0181,0.0045,-8.2
5.007,0.021,0.0427,-0.0428,-0.0046,-8.6
5.008,0.0165,0.0037,-0.0735,0.0127,-8.9
5.009,0.006,-0.0105,-0.0818,0.0037,-9.2
5.01,0.0022,-0.0188,-0.084,0.018,-9.5
5.011,0.0067,-0.0361,-0.0428,0.0277,-9.9
5.012,0.0022,-0.027,-0.0075,0.024,-10.2
5.013,-0.0218,-0.024,0.0045,0.0307,-10.5
5.014,-0.0436,-0.0165,0.0127,0.0157,-10.8
5.015,-0.0555,-0.0143,-0.0091,0.0195,-11.2
5.016,-0.0375,-0.0181,-0.0338,0.009,-11.5
5.017,-0.0015,-0.015,-0.0698,-0.0068,-11.8
5.018,0.0315,-0.0075,-0.0945,-0.03,-12.2
5.019,0.0615,0.012,-0.0968,-0.039,-12.5
5.02,0.0442,0.0127,-0.0825,0.0082,-12.8
5.021,0.009,0.018,-0.0443,0.0277,-13.1
5.022,-0.012,0.024,0.0067,0.0202,-13.4
5.023,-0.0308,0.021,0.0427,0.0202,-13.6
5.024,-0.0285,0.0255,0.0765,0.0082,-13.9
5.025,-0.0256,0.0255,0.1192,0.012,-14.2
5.026,-0.0173,0.0285,0.135,0.012,-14.5
5.027,-0.0195,0.0292,0.1282,0.009,-14.8
5.028,-0.039,0.0315,0.1012,0.0127,-15.0
5.029,-0.0533,0.0367,0.06,0.0082,-15.3
5.03,-0.0675,0.0337,0.0165,0.012,-15.6
5.031,-0.0458,0.027,-0.0233,0.0052,-15.9
5.032,-0.012,0.0232,-0.0353,-0.0008,-16.2
5.033,0.0127,0.0285,-0.015,0.003,-16.5
5.034,0.033,0.0352,0.0277,0.0022,-16.7
5.035,0.03,0.042,0.039,-0.0008,-17.1
5.036,0.0465,0.036,0.0075,0.0015,-17.3
5.037,0.0757,0.0285,-0.0353,0.0015,-17.6
5.038,0.1005,0.0255,-0.0585,-0.0053,-17.9
5.039,0.078,0.0187,-0.0428,-0.006,-18.2
5.04,0.009,0.0165,-0.027,-0.006,-18.5
5.041,-0.0293,0.0165,-0.0098,-0.0023,-18.5
5.042,-0.0548,0.018,0.0187,0.003,-18.5
5.043,-0.0563,0.0172,0.0255,0.0045,-18.6
5.044,-0.0503,0.0157,0.0067,0.0045,-18.6
5.045,-0.0533,0.015,-0.024,0.0052,-18.7
5.046,-0.042,0.0127,-0.048,0.0045,-18.7
5.047,-0.0413,0.0105,-0.048,0.003,-18.7
5.048,-0.0323,0.009,-0.021,0.0037,-18.8
5.049,-0.0233,0.009,0.0202,0.0052,-18.8
5.05,-0.0188,0.009,0.045,0.0052,-18.9
5.051,-0.0165,0.0067,0.0555,0.0045,-18.9
5.052,-0.0308,0.0052,0.0592,0.003,-18.9
5.053,-0.0368,0.0015,0.0555,0.0045,-19.0
5.054,-0.0248,0.0007,0.0465,0.0052,-19.0
5.055,0.0067,-0.0008,0.0255,0.0015,-19.1
5.056,0.0435,-0.003,0.015,-0.0015,-19.1
5.057,0.06,-0.0038,0.0217,-0.0068,-19.1
5.058,0.057,-0.0068,0.018,-0.0105,-19.2
5.059,0.0427,-0.006,0.0157,-0.0083,-19.2
5.06,0.027,-0.006,0.0307,0.0045,-19.3
5.061,0.0315,-0.0023,0.018,0.0142,-19.1
5.062,0.0337,0.0007,-0.021,0.0165,-18.9
5.063,0.0135,0.0,-0.063,0.015,-18.8
5.064,-0.003,0.0007,-0.084,0.015,-18.6
5.065,-0.0173,-0.0008,-0.0593,0.0165,-18.4
5.066,-0.0383,-0.0068,-0.0293,-0.0015,-18.3
5.067,-0.0578,-0.0158,-0.0195,-0.0323,-18.1
5.068,-0.0698,-0.0233,-0.0195,-0.0398,-17.9
5.069,-0.06,-0.0188,-0.0248,-0.0218,-17.7
5.07,-0.0195,-0.012,-0.0195,-0.0158,-17.6
5.071,0.033,-0.0128,-0.0046,-0.0113,-17.4
5.072,0.0667,-0.015,0.0165,-0.0083,-17.2
5.073,0.0742,-0.0165,0.0292,-0.0075,-17.0
5.074,0.0742,-0.0158,0.0277,0.0007,-16.8
5.075,0.0735,-0.0128,0.0262,0.0007,-16.7
5.076,0.0495,-0.0128,0.0232,0.003,-16.5
5.077,0.021,-0.012,0.0142,0.009,-16.3
5.078,0.0015,-0.0105,-0.0008,0.0067,-16.2
5.079,-0.015,-0.012,-0.0188,0.006,-16.0
5.08,-0.0203,-0.012,-0.0158,0.0052,-15.8
5.081,-0.021,-0.012,-0.006,0.0022,-15.8
5.082,-0.0256,-0.0098,0.0135,-0.0015,-15.7
5.083,-0.027,-0.0075,0.0457,-0.0008,-15.6
5.084,-0.024,-0.0091,0.0645,0.0037,-15.5
5.085,-0.0218,-0.0091,0.0675,0.0045,-15.5
5.086,-0.027,-0.0105,0.0495,0.0045,-15.4
5.087,-0.0346,-0.0105,0.0165,0.0045,-15.3
5.088,-0.0443,-0.0075,-0.012,0.0045,-15.3
5.089,-0.054,-0.0083,-0.0368,0.003,-15.2
5.09,-0.0458,-0.0083,-0.048,0.003,-15.2
5.091,-0.0248,-0.0098,-0.0495,-0.0008,-15.1
5.092,-0.0091,-0.0128,-0.0375,-0.0068,-15.0
5.093,0.012,-0.012,-0.0256,-0.0023,-15.0
5.094,0.033,-0.0083,-0.024,0.0007,-14.9
5.095,0.0435,-0.0053,-0.0248,0.0,-14.9
5.096,0.0487,-0.0068,-0.0181,-0.0015,-14.8
5.097,0.0442,-0.0091,-0.0046,-0.0046,-14.7
5.098,0.0285,-0.0091,0.0105,-0.0046,-14.7
5.099,0.012,-0.0091,0.0277,-0.0046,-14.6
5.1,0.0022,-0.0091,0.057,-0.0008,-14.5
5.101,0.0015,-0.0083,0.0982,-0.0008,-14.5
5.102,0.012,-0.0083,0.1117,-0.0015,-14.4
5.103,0.0262,-0.0105,0.0817,-0.0046,-14.4
5.104,0.0277,-0.0105,0.0255,-0.0091,-14.3
5.105,0.0112,-0.0105,-0.0555,-0.0091,-14.2
5.106,-0.0091,-0.0091,-0.1021,-0.0105,-14.2
5.107,-0.0195,-0.0068,-0.1103,-0.0068,-14.1
5.108,-0.0218,-0.0068,-0.09,-0.006,-14.0
5.109,-0.021,-0.006,-0.0405,-0.0046,-14.0
5.11,-0.024,-0.006,0.021,-0.0015,-13.9
5.111,-0.024,-0.0038,0.1155,0.0007,-13.9
5.112,-0.0165,0.0007,0.1627,0.0045,-13.8
5.113,-0.0135,-0.0015,0.147,0.0037,-13.7
5.114,-0.0105,-0.0053,0.0877,-0.0008,-13.7
5.115,-0.0083,-0.0053,-0.0203,-0.0046,-13.6
5.116,-0.003,-0.006,-0.1006,-0.006,-13.5
5.117,-0.0015,-0.0053,-0.1613,-0.0046,-13.5
5.118,-0.0046,-0.0046,-0.1696,-0.003,-13.5
5.119,-0.0046,-0.0053,-0.1193,-0.0053,-13.4
5.12,-0.0053,-0.0068,-0.0706,-0.0015,-13.3
5.121,-0.003,-0.0053,-0.0105,0.003,-13.4
5.122,-0.0008,-0.0038,0.0195,0.0067,-13.5
5.123,0.0022,-0.0023,0.036,0.0052,-13.6
5.124,0.0045,0.0,0.0532,0.003,-13.7
5.125,0.0067,0.0,0.0585,0.006,-13.8
5.126,0.024,0.0015,0.0555,-0.0008,-13.9
5.127,0.03,0.0052,0.024,-0.0143,-14.0
5.128,0.0225,0.006,-0.0083,-0.0083,-14.1
5.129,0.0105,0.0052,-0.0398,-0.0008,-14.2
5.13,-0.0046,0.0045,-0.0593,-0.0046,-14.3
5.131,-0.0083,0.0052,-0.0608,0.0022,-14.4
5.132,-0.0015,0.0075,-0.0488,0.006,-14.5
5.133,0.0127,0.0082,-0.027,0.0082,-14.6
5.134,0.012,0.0045,-0.0143,0.006,-14.7
5.135,-0.0113,0.0045,0.0052,-0.0038,-14.8
5.136,-0.0233,0.0067,0.0345,-0.0053,-14.9
5.137,-0.0135,0.0075,0.078,-0.003,-15.0
5.138,0.0067,0.009,0.0855,-0.0023,-15.1
5.139,0.0195,0.009,0.06,-0.0015,-15.2
5.14,0.0165,0.0112,0.024,0.0015,-15.3
5.141,0.0082,0.0097,-0.024,0.0015,-15.3
5.142,-0.0105,0.009,-0.0495,0.0045,-15.3
5.143,-0.0218,0.0067,-0.078,0.006,-15.3
5.144,-0.0181,0.0052,-0.078,0.0052,-15.4
5.145,-0.015,0.006,-0.0555,0.0015,-15.4
5.146,0.0037,0.0067,-0.0195,-0.0023,-15.4
5.147,0.0292,0.006,0.0292,-0.0015,-15.5
5.148,0.0382,0.0052,0.0315,-0.0053,-15.5
5.149,0.0345,0.0045,0.0277,-0.003,-15.5
5.15,0.0217,0.0045,0.015,-0.003,-15.5
5.151,0.0127,0.0045,0.0052,-0.0053,-15.6
5.152,0.0052,0.0067,0.0217,-0.0038,-15.6
5.153,0.0007,0.009,0.018,-0.0038,-15.6
5.154,-0.003,0.0097,0.0187,-0.003,-15.6
5.155,-0.012,0.0067,0.021,-0.0046,-15.7
5.156,-0.0158,0.0052,0.0262,-0.0038,-15.7
5.157,-0.0218,0.0045,0.0442,-0.0038,-15.7
5.158,-0.024,0.0045,0.0435,-0.0046,-15.7
5.159,-0.024,0.0037,0.0367,-0.0046,-15.7
5.16,-0.0263,0.003,0.0202,-0.0038,-15.8
5.161,-0.0188,0.0052,0.0015,0.0007,-15.8
5.162,-0.0323,0.0067,-0.003,0.003,-15.8
5.163,-0.063,0.0082,-0.0053,0.003,-15.7
5.164,-0.0818,0.0082,-0.0015,0.003,-15.7
5.165,-0.078,0.0075,0.003,0.0045,-15.7
5.166,-0.0405,0.0067,0.024,0.003,-15.7
5.167,0.0195,0.0075,0.033,-0.003,-15.6
5.168,0.075,0.0052,0.0082,-0.003,-15.6
5.169,0.1065,0.0052,-0.0233,-0.003,-15.6
5.17,0.0975,0.0052,-0.057,-0.003,-15.5
5.171,0.0652,0.0015,-0.057,0.0,-15.5
5.172,0.03,0.0007,-0.0256,0.0045,-15.5
5.173,-0.0008,0.0,0.0135,0.0082,-15.5
5.174,-0.0278,0.0007,0.0367,0.009,-15.4
5.175,-0.0346,-0.0008,0.039,0.0045,-15.4
5.176,-0.0008,-0.003,0.045,0.0015,-15.4
5.177,0.0307,-0.0038,0.0427,-0.0008,-15.4
5.178,0.0487,-0.0083,0.0307,-0.0008,-15.3
5.179,0.0615,-0.0068,0.0172,0.0,-15.3
5.18,0.0517,-0.0105,0.0007,-0.0038,-15.3
5.181,0.0225,-0.0128,-0.0128,-0.0083,-15.3
5.182,-0.0068,-0.012,-0.0128,-0.0075,-15.3
5.183,-0.039,-0.0113,-0.006,-0.0015,-15.3
5.184,-0.0645,-0.0075,-0.003,0.0015,-15.3
5.185,-0.0683,-0.006,-0.0015,0.0022,-15.3
5.186,-0.0683,-0.0068,0.0,0.0015,-15.2
5.187,-0.0608,-0.0083,0.003,0.0007,-15.2
5.188,-0.0465,-0.0075,-0.0083,0.0,-15.2
5.189,-0.0285,-0.0053,-0.0188,-0.003,-15.2
5.19,-0.0128,-0.0046,-0.015,-0.0008,-15.2
5.191,0.0,-0.003,-0.0105,0.0022,-15.2
5.192,0.0105,-0.0038,-0.0023,0.0045,-15.2
5.193,0.0135,-0.0046,-0.0015,0.0037,-15.2
5.194,0.0112,-0.006,-0.0015,0.0007,-15.2
5.195,0.0067,-0.0053,-0.0008,0.0022,-15.1
5.196,0.003,-0.003,-0.0015,0.0037,-15.1
5.197,-0.003,-0.003,0.0022,0.0037,-15.1
5.198,0.0007,-0.003,-0.0015,0.0052,-15.1
5.199,0.0037,-0.003,-0.0008,0.0015,-15.1
5.2,0.0015,-0.0046,0.0015,-0.0015,-15.1
5.201,0.0037,-0.0053,0.009,-0.0038,-15.1
5.202,0.003,-0.0068,0.024,-0.0053,-15.1
5.203,0.0052,-0.0091,0.0345,-0.0015,-15.1
5.204,0.0052,-0.0075,0.0307,-0.0046,-15.1
5.205,-0.003,-0.0083,0.0277,-0.0053,-15.1
5.206,-0.0218,-0.0053,0.048,-0.0008,-15.1
5.207,-0.0338,-0.0038,0.0675,0.0007,-15.1
5.208,-0.0233,-0.0046,0.0615,0.003,-15.1
5.209,-0.0053,-0.0015,0.0247,0.0015,-15.1
5.21,0.0255,-0.0038,-0.0256,-0.0023,-15.1
5.211,0.048,-0.0015,-0.0721,-0.0023,-15.1
5.212,0.057,0.0007,-0.0983,-0.003,-15.1
5.213,0.0645,-0.0015,-0.1065,-0.0015,-15.1
5.214,0.048,-0.0015,-0.0975,0.0015,-15.1
5.215,0.0225,-0.0008,-0.0593,0.003,-15.1
5.216,-0.0038,0.0015,-0.006,0.0015,-15.1
5.217,-0.0293,0.0007,0.024,-0.0015,-15.2
5.218,-0.042,0.003,0.0315,-0.0015,-15.2
5.219,-0.0458,0.003,0.0465,0.0015,-15.2
5.22,-0.0346,0.006,0.0502,0.0045,-15.2
5.221,-0.021,0.0067,0.048,0.0045,-15.2
5.222,-0.0135,0.0067,0.039,0.0015,-15.2
5.223,-0.0038,0.0067,0.027,-0.0008,-15.2
5.224,0.0015,0.0052,0.0172,-0.0008,-15.2
5.225,0.0052,0.0082,0.006,0.0007,-15.2
5.226,0.0067,0.009,0.0052,0.0022,-15.2
5.227,0.003,0.009,-0.0015,0.0007,-15.2
5.228,-0.0008,0.0082,-0.0053,-0.0008,-15.2
5.229,-0.0053,0.0037,-0.0038,0.0,-15.2
5.23,-0.0083,0.0045,-0.0008,-0.0008,-15.2
5.231,-0.0075,0.0037,0.0052,0.0,-15.2
5.232,-0.0091,0.003,0.0052,-0.0008,-15.2
5.233,-0.0083,0.0045,0.0067,-0.0008,-15.2
5.234,-0.0053,0.0022,0.0052,0.0007,-15.2
5.235,-0.0023,0.0015,0.0045,0.0007,-15.2
5.236,0.0007,0.0,0.003,0.0007,-15.2
5.237,0.0022,0.0007,0.0045,0.0022,-15.2
5.238,0.0045,0.0007,0.0052,-0.0008,-15.2
5.239,0.0045,-0.0015,0.0022,0.0,-15.2
5.24,0.0067,-0.0015,0.0052,0.0,-15.3
5.241,0.0067,-0.0023,0.0067,0.0007,-15.2
5.242,0.0,-0.0015,0.0052,0.0037,-15.2
5.243,0.0007,-0.0015,0.0007,0.003,-15.2
5.244,-0.0015,-0.0008,-0.0038,0.0022,-15.2
5.245,-0.015,-0.0008,-0.0038,0.0015,-15.1
5.246,-0.0361,-0.0015,-0.0068,-0.0008,-15.1
5.247,-0.0488,-0.0008,-0.0091,-0.0023,-15.1
5.248,-0.0353,-0.0015,-0.0015,-0.0053,-15.1
5.249,-0.0165,-0.0038,0.0052,-0.0068,-15.1
5.25,0.0165,-0.0046,0.0067,-0.0015,-15.0
5.251,0.045,-0.003,0.0045,0.0037,-15.0
5.252,0.0577,-0.0015,-0.0038,0.0052,-15.0
5.253,0.0592,-0.0046,-0.0053,0.003,-15.0
5.254,0.0375,-0.006,-0.0105,-0.0046,-14.9
5.255,0.0232,-0.0105,-0.0143,-0.0075,-14.9
5.256,0.0,-0.0091,-0.012,-0.0046,-14.9
5.257,-0.0203,-0.0046,-0.0113,-0.0053,-14.9
5.258,-0.0218,-0.0053,0.0,-0.0083,-14.9
5.259,-0.0248,-0.006,0.009,-0.0053,-14.9
5.26,-0.0158,-0.0053,0.0135,-0.0046,-14.8
5.261,-0.0158,-0.0038,0.021,-0.003,-14.8
5.262,-0.0098,-0.0015,0.024,-0.0008,-14.8
5.263,-0.0015,-0.003,0.0202,-0.0015,-14.7
5.264,-0.0053,-0.0046,0.018,-0.003,-14.7
5.265,0.0022,-0.003,0.0127,-0.0046,-14.7
5.266,0.0007,-0.0023,0.0052,-0.003,-14.6
5.267,0.0007,-0.0038,0.0052,-0.0008,-14.6
5.268,0.0052,-0.0038,0.0045,-0.0038,-14.6
5.269,0.0045,-0.0015,0.0045,-0.0023,-14.6
5.27,0.0067,-0.0008,0.0052,0.0,-14.5
5.271,0.003,-0.0008,0.0022,-0.0008,-14.5
5.272,-0.0008,0.0022,0.0052,0.0022,-14.5
5.273,-0.0046,0.0045,0.0067,0.0045,-14.4
5.274,-0.0068,0.006,0.0052,0.0045,-14.4
5.275,-0.0053,0.0075,0.006,0.0037,-14.4
5.276,-0.0083,0.0075,0.0067,0.0022,-14.4
5.277,-0.0068,0.0082,0.0075,0.003,-14.4
5.278,-0.006,0.0082,0.009,0.0007,-14.3
5.279,-0.0053,0.0082,0.009,0.0007,-14.3
5.28,-0.003,0.0075,0.006,0.0007,-14.3
5.281,-0.0023,0.0052,0.0045,-0.0008,-14.2
5.282,-0.0008,0.0037,0.0,-0.0015,-14.2
5.283,-0.0015,0.0007,-0.0008,-0.003,-14.1
5.284,-0.0008,0.0,0.003,-0.0008,-14.1
5.285,0.0007,0.0007,0.0015,0.0,-14.0
5.286,-0.0023,0.0007,0.003,0.0007,-14.0
5.287,-0.0008,0.0015,-0.0008,0.0007,-13.9
5.288,-0.0023,0.0022,-0.003,-0.0008,-13.9
5.289,-0.003,0.0045,-0.0008,-0.0008,-13.8
5.29,0.0015,0.0045,-0.0038,0.0,-13.8
5.291,0.0015,0.0052,-0.0008,0.0015,-13.7
5.292,0.003,0.0067,-0.0008,0.0022,-13.7
5.293,0.0015,0.006,-0.0023,0.0,-13.6
5.294,0.0007,0.0067,-0.003,-0.0008,-13.6
5.295,0.0015,0.0105,-0.0015,0.0,-13.5
5.296,0.0,0.012,0.0,0.0,-13.5
5.297,0.0007,0.0135,0.0,0.0,-13.4
5.298,-0.0023,0.0157,0.003,0.0007,-13.4
5.299,-0.0046,0.0165,0.0,0.0007,-13.3
5.3,-0.0023,0.0142,0.0045,0.003,-13.3
5.301,-0.0015,0.0112,0.003,0.0045,-13.2
5.302,-0.0015,0.0082,-0.0023,0.0052,-13.2
5.303,-0.003,0.006,-0.0015,0.003,-13.1
5.304,-0.0023,0.0075,-0.0008,0.003,-13.1
5.305,0.0,0.0075,0.0052,0.0045,-13.0
5.306,0.0007,0.0067,0.0007,0.0,-13.0
5.307,0.0015,0.0045,0.0007,-0.0008,-12.9
5.308,0.0007,-0.0008,0.003,0.0007,-12.9
5.309,-0.003,-0.0015,0.0007,0.0015,-12.8
5.31,-0.0053,0.0,0.0,-0.0015,-12.7
5.311,-0.006,-0.0046,-0.0046,-0.0083,-12.7
5.312,-0.0053,-0.0083,-0.0083,-0.0053,-12.6
5.313,-0.0008,-0.0075,-0.0113,0.0,-12.6
5.314,0.003,-0.0083,-0.012,0.0007,-12.6
5.315,0.0015,-0.0068,-0.0091,0.003,-12.5
5.316,-0.0008,-0.0068,-0.0068,-0.0008,-12.5
5.317,-0.0038,-0.0038,-0.0046,-0.0008,-12.4
5.318,-0.0068,-0.003,-0.0015,0.0007,-12.3
5.319,-0.0068,-0.003,0.0007,0.0007,-12.3
5.32,-0.0068,-0.003,0.003,0.0015,-12.2
5.321,-0.0068,-0.0038,0.0067,-0.0008,-12.2
5.322,-0.003,-0.0023,0.0082,0.0,-12.1
5.323,-0.003,-0.0015,0.0067,-0.0023,-12.1
5.324,-0.0046,-0.0008,0.006,-0.0046,-12.0
5.325,-0.0008,-0.0015,0.003,-0.0023,-12.0
5.326,-0.0023,-0.0015,0.003,-0.0008,-11.9
5.327,-0.003,-0.0015,0.0015,-0.0008,-11.8
5.328,0.0007,-0.0008,0.0015,-0.0008,-11.8
5.329,-0.0015,0.0015,0.0022,-0.0008,-11.7
5.33,-0.0038,0.0022,0.0015,-0.0008,-11.7
5.331,0.0,0.003,0.0015,-0.0008,-11.6
5.332,0.0015,0.0007,0.0,0.0007,-11.6
5.333,0.0015,-0.0015,-0.0008,-0.0008,-11.5
5.334,0.0015,-0.0023,0.0007,-0.0015,-11.5
5.335,-0.0008,-0.0038,0.0007,0.0,-11.4
5.336,-0.0015,-0.0046,0.0007,-0.003,-11.3
5.337,-0.0038,-0.0075,0.0007,-0.0046,-11.3
5.338,-0.0053,-0.0068,0.0007,-0.0015,-11.3
5.339,-0.0046,-0.006,0.003,-0.0015,-11.2
5.34,-0.0053,-0.0068,0.003,-0.0008,-11.1
5.341,-0.0023,-0.0053,0.003,0.0007,-11.1
5.342,-0.0008,-0.006,0.0022,-0.0008,-11.0
5.343,-0.0008,-0.0068,0.0007,0.0015,-10.9
5.344,0.0015,-0.0075,0.0,0.0015,-10.9
5.345,-0.0023,-0.0053,0.0,0.0007,-10.8
5.346,0.0,-0.0053,0.0045,-0.0008,-10.8
5.347,0.0007,-0.0046,0.003,-0.0008,-10.7
5.348,-0.003,-0.0038,0.0037,-0.0023,-10.7
5.349,-0.003,-0.006,0.0052,-0.0008,-10.6
5.35,-0.003,-0.0046,0.0045,0.0015,-10.5
5.351,-0.003,-0.0053,0.0037,0.003,-10.5
5.352,-0.0008,-0.0053,0.0007,0.0052,-10.4
5.353,-0.0015,-0.0046,0.0007,0.0045,-10.4
5.354,0.0,-0.0083,-0.003,0.0037,-10.4
5.355,0.0007,-0.0105,-0.003,0.0007,-10.3
5.356,-0.0015,-0.0158,-0.0015,-0.006,-10.2
5.357,0.0007,-0.0143,-0.0023,-0.006,-10.2
5.358,0.0007,-0.0143,0.0022,-0.0046,-10.1
5.359,-0.0015,-0.0143,0.003,-0.0053,-10.0
5.36,0.0007,-0.0128,0.0037,-0.003,-10.0
5.361,-0.0015,-0.012,0.0015,-0.0015,-9.9
5.362,0.0007,-0.012,-0.0008,-0.0008,-9.9
5.363,0.003,-0.0105,0.0007,-0.0008,-9.9
5.364,0.0022,-0.0068,0.0015,-0.0046,-9.8
5.365,0.0052,-0.0038,0.003,-0.006,-9.7
5.366,0.0022,-0.0008,0.0015,-0.006,-9.7
5.367,0.0022,0.0045,0.0015,-0.0046,-9.6
5.368,-0.0008,0.0037,-0.0015,-0.0053,-9.6
5.369,-0.0015,-0.0008,-0.0023,-0.0053,-9.5
5.37,0.0007,-0.0046,-0.0015,-0.003,-9.5
5.371,-0.0038,-0.0053,-0.0046,-0.0008,-9.5
5.372,0.0,-0.0083,-0.0046,0.0,-9.4
5.373,0.0007,-0.0083,-0.0046,0.0,-9.4
5.374,0.0007,-0.0075,-0.0015,0.0007,-9.3
5.375,0.0022,-0.0091,-0.0023,0.0007,-9.2
5.376,0.0007,-0.006,-0.0038,0.0007,-9.2
5.377,-0.0015,-0.0068,-0.006,0.0,-9.1
5.378,0.0007,-0.0068,-0.0046,0.0015,-9.1
5.379,0.0015,-0.0053,-0.0046,0.0015,-9.0
5.38,0.0,-0.003,-0.006,0.0007,-9.0
5.381,0.0015,-0.0023,-0.0008,0.0015,-9.0
5.382,0.003,-0.0023,0.0015,0.0007,-8.9
5.383,0.0007,-0.0023,0.0045,0.0015,-8.9
5.384,-0.0015,-0.003,0.0052,0.0022,-8.8
5.385,0.0007,-0.003,0.0045,0.003,-8.8
5.386,0.0007,-0.0015,0.0045,0.0015,-8.7
5.387,-0.0008,0.0007,0.003,0.0015,-8.7
5.388,0.0015,0.003,0.0015,0.0007,-8.6
5.389,0.003,0.0022,0.0015,-0.0008,-8.6
5.39,0.0045,0.0067,0.0015,0.0015,-8.6
5.391,0.0052,0.012,0.0007,0.0015,-8.6
5.392,0.0015,0.0127,0.0007,0.003,-8.5
5.393,0.0007,0.0195,-0.0008,0.003,-8.5
5.394,0.0037,0.0217,-0.0015,0.0007,-8.4
5.395,0.0037,0.024,0.0,0.0015,-8.4
5.396,0.0045,0.0277,0.0007,0.0007,-8.3
5.397,0.0045,0.0277,0.0015,0.0022,-8.3
5.398,0.0045,0.0277,0.0015,0.0037,-8.2
5.399,0.0037,0.0277,0.0052,0.003,-8.2
5.4,0.003,0.0247,0.0067,0.003,-8.1
5.401,0.003,0.021,0.003,0.0015,-8.1
5.402,0.0007,0.0165,0.0015,0.0007,-8.1
5.403,0.0037,0.0142,0.0,0.0015,-8.1
5.404,0.003,0.0127,0.0,-0.0015,-8.0
5.405,-0.0008,0.0105,-0.0008,-0.0015,-8.0
5.406,0.0015,0.009,0.0015,0.0,-7.9
5.407,-0.0015,0.0067,0.0007,-0.0015,-7.9
5.408,-0.0023,0.0045,0.0007,0.0007,-7.9
5.409,-0.003,0.0052,0.0045,-0.0008,-7.8
5.41,-0.0038,0.0045,0.0022,0.0,-7.8
5.411,0.0,0.003,0.0052,0.0,-7.7
5.412,-0.0008,0.003,0.0037,-0.003,-7.7
5.413,-0.0015,0.003,0.0037,-0.003,-7.7
5.414,-0.0015,0.0007,0.0037,-0.0038,-7.7
5.415,-0.0008,-0.0008,0.0022,-0.0008,-7.6
5.416,0.0015,-0.0023,0.0052,-0.0015,-7.6
5.417,0.003,-0.0046,-0.0015,-0.0008,-7.5
5.418,0.0022,-0.0053,-0.0015,-0.0008,-7.5
5.419,0.0007,-0.0083,-0.003,0.0,-7.5
5.42,0.0,-0.0105,-0.0046,0.0015,-7.4
5.421,-0.0008,-0.0128,0.0015,-0.0008,-7.4
5.422,-0.0015,-0.0143,-0.0015,-0.0015,-7.4
5.423,-0.0015,-0.0158,0.0015,-0.0008,-7.3
5.424,-0.003,-0.0165,0.0022,-0.0008,-7.3
5.425,-0.0046,-0.0173,0.0037,0.0,-7.3
5.426,0.0015,-0.0165,0.0052,0.0,-7.2
5.427,0.0015,-0.0158,0.0045,-0.0008,-7.2
5.428,0.0015,-0.0143,0.0045,-0.0008,-7.2
5.429,0.0045,-0.0128,0.0015,0.0,-7.2
5.43,0.0015,-0.0128,0.0007,-0.0008,-7.1
5.431,0.003,-0.0158,-0.0015,-0.0023,-7.1
5.432,0.0022,-0.0165,0.0015,-0.0015,-7.1
5.433,-0.0008,-0.0158,0.0045,-0.0015,-7.1
5.434,0.0,-0.0158,0.0052,-0.0008,-7.0
5.435,0.0007,-0.0158,0.009,-0.0015,-7.0
5.436,-0.0008,-0.0143,0.009,-0.0023,-7.0
5.437,-0.0008,-0.015,0.0097,-0.0015,-6.9
5.438,0.0022,-0.0128,0.006,-0.0015,-6.9
5.439,0.003,-0.0128,0.0022,0.0,-6.9
5.44,0.0,-0.0135,0.0007,-0.0008,-6.8
5.441,-0.0038,-0.0091,0.0022,0.0015,-6.8
5.442,-0.003,-0.0068,0.0052,0.0007,-6.8
5.443,-0.0015,-0.0053,0.0052,0.0007,-6.8
5.444,0.0015,-0.003,0.0045,-0.0008,-6.8
5.445,0.003,-0.0023,0.0007,-0.003,-6.7
5.446,0.0,0.0022,0.003,-0.0015,-6.7
5.447,0.0022,0.0052,0.0052,-0.0015,-6.7
5.448,0.0007,0.009,0.0075,0.0007,-6.7
5.449,-0.0008,0.012,0.0082,0.0015,-6.7
5.45,-0.0083,0.0127,0.0015,0.003,-6.6
5.451,-0.0293,0.0165,0.0022,0.0022,-6.6
5.452,-0.0353,0.021,0.0037,0.0007,-6.6
5.453,-0.0203,0.0232,0.003,0.003,-6.6
5.454,0.0052,0.021,0.003,0.003,-6.5
5.455,0.0277,0.0217,0.0022,0.0007,-6.5
5.456,0.039,0.0232,0.0007,0.0007,-6.5
5.457,0.042,0.0202,-0.0046,0.0015,-6.4
5.458,0.0292,0.0202,-0.0023,-0.0008,-6.4
5.459,0.0157,0.0202,-0.0015,-0.0015,-6.4
5.46,0.003,0.018,-0.0046,-0.0015,-6.4
5.461,-0.0128,0.0195,-0.006,-0.0008,-6.4
5.462,-0.0158,0.0187,-0.0098,-0.0008,-6.3
5.463,-0.012,0.018,-0.012,-0.0046,-6.3
5.464,-0.012,0.0195,-0.012,-0.0008,-6.3
5.465,-0.0053,0.018,-0.0105,0.0015,-6.3
5.466,0.0015,0.0195,-0.0105,0.0022,-6.3
5.467,0.0015,0.0195,-0.0091,0.003,-6.3
5.468,0.003,0.0165,-0.0083,0.0007,-6.3
5.469,-0.0008,0.0165,-0.0068,0.0015,-6.3
5.47,-0.0068,0.0157,-0.0105,-0.0023,-6.2
5.471,-0.0068,0.0105,-0.0105,-0.0023,-6.2
5.472,-0.0091,0.0067,-0.012,-0.0015,-6.2
5.473,-0.0083,0.0045,-0.0158,-0.003,-6.2
5.474,-0.0068,0.003,-0.0128,-0.0008,-6.2
5.475,-0.0068,0.003,-0.0113,-0.0008,-6.2
5.476,-0.0046,0.0007,-0.006,-0.0008,-6.1
5.477,-0.003,0.0,-0.006,0.0007,-6.1
5.478,-0.0046,-0.0038,-0.0083,-0.0008,-6.1
5.479,-0.003,-0.0083,-0.0053,-0.0023,-6.1
5.48,-0.0038,-0.0075,-0.003,-0.003,-6.1
5.481,-0.003,-0.0091,0.003,-0.0015,-6.1
5.482,0.0015,-0.0105,0.0045,0.0007,-6.0
5.483,0.003,-0.0128,0.0045,0.0022,-6.0
5.484,0.0022,-0.0128,0.0052,0.0015,-6.0
5.485,0.0022,-0.0105,0.0067,0.0015,-6.0
5.486,-0.0008,-0.0105,0.0105,0.0,-6.0
5.487,-0.0015,-0.0083,0.0097,0.0,-6.0
5.488,-0.0038,-0.0075,0.0052,0.0007,-6.0
5.489,-0.0075,-0.006,0.0052,-0.0008,-5.9
5.49,-0.0075,-0.0091,0.0075,-0.0008,-5.9
5.491,-0.0098,-0.0105,0.0067,0.0007,-5.9
5.492,-0.0091,-0.0083,0.0105,0.0007,-5.9
5.493,-0.003,-0.0091,0.009,0.0007,-5.9
5.494,-0.003,-0.0068,0.006,0.0007,-5.9
5.495,-0.0008,-0.0098,0.0067,-0.0008,-5.9
5.496,0.0022,-0.0113,0.006,0.0,-5.9
5.497,0.0007,-0.0098,0.009,0.0,-5.9
5.498,0.0007,-0.0091,0.009,-0.0008,-5.9
5.499,0.0007,-0.0083,0.0097,0.0007,-5.8
5.5,-0.003,-0.0091,0.0075,-0.0008,-5.8
5.501,-0.0046,-0.0053,0.0052,0.0,-5.8
5.502,-0.0015,-0.0046,0.0082,0.0,-5.8
5.503,-0.003,-0.0038,0.009,-0.0008,-5.8
5.504,-0.0053,-0.0023,0.0097,0.0007,-5.8
5.505,-0.003,-0.0038,0.0082,-0.0008,-5.8
5.506,-0.0015,-0.003,0.0052,0.0007,-5.8
5.507,0.0007,-0.0046,0.003,0.0015,-5.8
5.508,0.0015,-0.0068,0.0022,0.0007,-5.7
5.509,-0.0008,-0.0046,0.0015,0.003,-5.7
5.51,-0.0015,-0.0053,0.003,-0.0008,-5.7
5.511,-0.003,-0.0053,0.0015,-0.0015,-5.7
5.512,-0.0023,-0.0015,-0.0008,-0.0008,-5.7
5.513,0.0015,0.0007,0.0007,-0.0023,-5.7
5.514,0.0,-0.0008,0.0007,-0.0023,-5.7
5.515,-0.003,-0.0008,0.0022,-0.0015,-5.7
5.516,-0.0053,-0.0015,0.003,-0.0008,-5.7
5.517,-0.0038,-0.0008,0.0037,-0.0008,-5.7
5.518,-0.0023,-0.0008,0.003,0.0007,-5.6
5.519,-0.0008,-0.0015,0.0007,0.0007,-5.6
5.52,0.0015,-0.003,0.0022,-0.0008,-5.6
5.521,-0.0015,-0.0023,-0.0008,-0.0008,-5.6
5.522,-0.0008,-0.0023,0.0007,-0.0008,-5.6
5.523,0.0,-0.0023,0.0015,-0.0008,-5.6
5.524,0.0007,-0.0008,0.0007,0.0015,-5.6
5.525,0.0015,-0.003,0.0007,0.0037,-5.6
5.526,-0.0008,-0.003,-0.003,0.003,-5.6
5.527,-0.0008,-0.0023,-0.0008,0.0,-5.6
5.528,-0.0008,-0.0046,-0.0023,-0.0008,-5.6
5.529,0.0015,-0.0068,-0.0038,-0.0008,-5.6
5.53,0.0015,-0.0068,-0.003,-0.0038,-5.5
5.531,0.0,-0.0068,-0.0046,-0.0053,-5.5
5.532,-0.0008,-0.0046,-0.0038,-0.0053,-5.5
5.533,-0.0015,-0.003,-0.0015,-0.0053,-5.5
5.534,-0.003,-0.003,0.003,-0.003,-5.5
5.535,-0.0015,-0.003,0.0045,-0.0046,-5.5
5.536,-0.0015,-0.0015,0.0015,-0.0046,-5.5
5.537,-0.0053,-0.003,0.0007,-0.003,-5.5
5.538,-0.0038,-0.003,0.0,-0.0015,-5.5
5.539,-0.0023,-0.003,0.0007,-0.0015,-5.5
5.54,-0.0008,-0.0046,0.0,-0.0023,-5.5
5.541,0.0,-0.003,0.0015,-0.0046,-5.5
5.542,-0.0008,-0.0015,0.0015,-0.0038,-5.5
5.543,-0.0008,0.0007,0.0022,-0.003,-5.5
5.544,-0.0008,0.0037,0.0015,-0.0038,-5.5
5.545,0.0,0.006,0.0022,0.0007,-5.5
5.546,-0.0008,0.0067,0.0075,0.0007,-5.5
5.547,0.0007,0.0022,0.0052,0.0,-5.5
5.548,-0.0008,-0.0008,0.0022,0.0007,-5.5
5.549,-0.0015,-0.0015,0.0,0.0007,-5.5
5.55,-0.0008,-0.0015,-0.0038,0.0007,-5.5
5.551,-0.0008,-0.0008,-0.0015,0.003,-5.5
5.552,0.0007,0.0007,-0.0008,0.0037,-5.5
5.553,-0.0008,0.0007,-0.0008,0.0045,-5.5
5.554,0.0015,-0.0015,0.0,0.0045,-5.5
5.555,0.0007,-0.0015,-0.0008,0.003,-5.5
5.556,0.0015,-0.0015,0.0022,0.0015,-5.5
5.557,0.0037,-0.0015,0.0045,0.0015,-5.5
5.558,-0.0008,-0.0015,0.0052,0.0045,-5.5
5.559,0.0007,-0.0008,0.0052,0.0022,-5.5
5.56,-0.0015,0.0007,0.0052,0.0007,-5.5
5.561,-0.0008,-0.0008,0.0067,0.0007,-5.5
5.562,0.0015,-0.0015,0.0075,-0.0015,-5.5
5.563,0.0,-0.0008,0.0067,-0.0008,-5.5
5.564,-0.0008,-0.003,0.0075,0.0007,-5.5
5.565,-0.0053,-0.0053,0.0052,-0.0008,-5.5
5.566,-0.0046,-0.0053,0.0052,0.0,-5.5
5.567,-0.0038,-0.0068,0.0045,0.0,-5.5
5.568,-0.0083,-0.006,0.0045,-0.0023,-5.5
5.569,-0.0015,-0.006,0.0052,-0.0023,-5.6
5.57,-0.0023,-0.0075,0.0052,-0.0038,-5.6
5.571,-0.0068,-0.0068,0.0082,-0.003,-5.6
5.572,-0.0038,-0.006,0.0082,-0.0015,-5.6
5.573,-0.0038,-0.0053,0.0105,-0.0008,-5.6
5.574,-0.0038,-0.006,0.012,0.0007,-5.6
5.575,-0.0038,-0.0083,0.012,0.0007,-5.7
5.576,-0.0046,-0.0083,0.0157,0.0,-5.7
5.577,-0.003,-0.0075,0.018,-0.0008,-5.7
5.578,-0.006,-0.0068,0.021,-0.0015,-5.7
5.579,-0.003,-0.0046,0.0202,0.0,-5.7
5.58,-0.0008,-0.0046,0.0217,0.0007,-5.8
5.581,-0.0023,-0.003,0.0217,0.0007,-5.8
5.582,-0.0008,0.0,0.0195,0.0007,-5.8
5.583,-0.0023,0.0015,0.0195,-0.0008,-5.8
5.584,-0.0023,0.0015,0.0157,0.0007,-5.8
5.585,-0.0008,0.0022,0.0127,-0.0015,-5.9
5.586,0.0,0.0045,0.012,-0.003,-5.9
5.587,0.0,0.0022,0.012,-0.003,-5.9
5.588,-0.0023,0.0022,0.0157,-0.0038,-5.9
5.589,-0.0046,0.0007,0.0165,-0.0015,-5.9
5.59,-0.0053,-0.0008,0.0165,-0.003,-5.9
5.591,-0.0046,0.0,0.0172,-0.003,-6.0
5.592,-0.0046,0.0007,0.0195,-0.0008,-6.0
5.593,-0.003,0.0015,0.0187,0.0022,-6.0
5.594,0.0007,-0.0008,0.018,0.003,-6.0
5.595,-0.0008,-0.0008,0.0195,0.0015,-6.1
5.596,-0.0023,-0.0015,0.0165,0.0015,-6.1
5.597,-0.0008,-0.0008,0.0127,-0.0008,-6.1
5.598,-0.0008,0.0,0.0105,-0.0008,-6.1
5.599,0.0007,-0.0015,0.0127,0.0007,-6.1
5.6,0.0007,-0.0008,0.0135,0.0007,-6.2
5.601,-0.0015,0.0007,0.0165,0.0007,-6.2
5.602,-0.0023,0.0007,0.0165,0.0007,-6.3
5.603,-0.0008,0.0,0.0142,0.0,-6.3
5.604,0.0,0.0,0.0112,0.0007,-6.3
5.605,-0.003,0.0015,0.0105,0.0007,-6.3
5.606,-0.0023,0.0045,0.0105,0.0,-6.4
5.607,-0.0015,0.0052,0.0082,0.0015,-6.4
5.608,-0.003,0.0052,0.0052,0.0,-6.4
5.609,-0.0015,0.0067,0.0015,-0.0008,-6.5
5.61,-0.0038,0.009,0.0022,-0.0015,-6.5
5.611,-0.0053,0.0075,0.0015,-0.0023,-6.6
5.612,-0.0046,0.0067,-0.003,-0.0015,-6.6
5.613,0.0007,0.0067,-0.0075,-0.0008,-6.6
5.614,0.0052,0.0045,-0.0105,-0.0008,-6.7
5.615,0.0052,0.0067,-0.0128,-0.0015,-6.7
5.616,0.0045,0.0067,-0.012,-0.0015,-6.8
5.617,0.0067,0.006,-0.012,-0.0023,-6.8
5.618,0.0037,0.0082,-0.0128,0.0,-6.8
5.619,0.003,0.0082,-0.0105,0.0007,-6.8
5.62,0.0022,0.0112,-0.0091,0.0015,-6.9
5.621,-0.0015,0.0142,-0.0113,0.0015,-6.9
5.622,-0.0008,0.0157,-0.0128,0.0015,-7.0
5.623,-0.0023,0.018,-0.0195,0.0007,-7.1
5.624,0.0,0.0172,-0.0218,-0.0015,-7.1
5.625,0.003,0.0142,-0.0233,-0.0008,-7.2
5.626,0.0007,0.0097,-0.024,-0.0023,-7.2
5.627,0.0007,0.0045,-0.0225,-0.0015,-7.2
5.628,-0.003,-0.0015,-0.0233,-0.0008,-7.3
5.629,-0.0046,-0.0075,-0.0203,-0.0008,-7.4
5.63,-0.003,-0.0143,-0.024,0.0015,-7.4
5.631,-0.0038,-0.0181,-0.0248,0.0,-7.5
5.632,-0.0008,-0.0225,-0.027,-0.0008,-7.5
5.633,0.003,-0.0256,-0.0293,-0.0008,-7.6
5.634,0.0052,-0.0233,-0.024,-0.0008,-7.7
5.635,0.0075,-0.021,-0.024,0.0007,-7.7
5.636,0.0037,-0.0165,-0.021,0.0022,-7.7
5.637,0.0015,-0.0143,-0.0195,0.0015,-7.8
5.638,-0.0023,-0.0098,-0.0165,0.003,-7.9
5.639,-0.0053,-0.0053,-0.012,0.003,-7.9
5.64,-0.0008,-0.0038,-0.0128,0.0015,-8.0
5.641,-0.0023,-0.0008,-0.0091,0.0015,-8.1
5.642,-0.0023,0.0015,-0.0068,0.003,-8.1
5.643,-0.0008,0.0052,-0.0053,0.0015,-8.2
5.644,-0.003,0.0082,-0.0053,0.0015,-8.2
5.645,-0.003,0.009,-0.0075,0.0015,-8.3
5.646,-0.0053,0.0105,-0.0083,0.0007,-8.4
5.647,-0.0015,0.0112,-0.0091,-0.0008,-8.5
5.648,-0.0015,0.0135,-0.0091,-0.0015,-8.6
5.649,-0.0015,0.0127,-0.0053,0.0,-8.6
5.65,0.0,0.0135,-0.0053,0.0007,-8.7
5.651,-0.0015,0.0142,-0.0053,0.0015,-8.8
5.652,0.0015,0.0157,-0.0075,0.0007,-8.8
5.653,0.0007,0.0157,-0.0105,0.0007,-8.9
5.654,0.0015,0.0157,-0.0105,0.0007,-9.0
5.655,0.003,0.0165,-0.0105,-0.0015,-9.0
5.656,0.0007,0.0165,-0.0068,0.0022,-9.1
5.657,0.0022,0.015,-0.0046,0.0022,-9.2
5.658,0.0,0.0127,-0.0046,-0.0015,-9.3
5.659,-0.0008,0.0127,-0.0015,-0.0015,-9.3
5.66,-0.0008,0.0097,-0.003,-0.0046,-9.5
5.661,-0.0015,0.006,-0.0091,-0.0046,-9.5
5.662,-0.0015,0.0037,-0.012,-0.0038,-9.6
5.663,-0.0038,0.0052,-0.0128,-0.0053,-9.7
5.664,-0.0023,0.0037,-0.0128,-0.0046,-9.7
5.665,0.0007,0.003,-0.0113,-0.003,-9.8
5.666,0.0007,0.0037,-0.0075,-0.003,-9.9
5.667,0.003,0.0007,-0.0046,-0.0046,-10.0
5.668,0.003,0.0,-0.0008,-0.0038,-10.1
5.669,0.0007,-0.0023,0.0045,-0.0015,-10.2
5.67,0.0007,-0.0046,0.0052,-0.0008,-10.3
5.671,-0.003,-0.0015,0.0022,-0.0008,-10.3
5.672,-0.0038,-0.0008,0.0015,-0.0008,-10.4
5.673,-0.003,-0.0008,0.0045,0.0007,-10.5
5.674,0.0015,0.0007,0.0045,0.0007,-10.6
5.675,0.003,0.0037,0.0075,0.0007,-10.7
5.676,0.0015,0.0052,0.0112,0.0007,-10.8
5.677,0.0045,0.006,0.0135,-0.0015,-10.8
5.678,0.0015,0.0052,0.0172,-0.0008,-10.9
5.679,-0.0015,0.0052,0.0195,-0.0023,-11.0
5.68,-0.0046,0.003,0.0195,-0.0008,-11.1
5.681,-0.0046,0.0015,0.0172,-0.0008,-11.2
5.682,-0.003,0.003,0.0157,-0.0015,-11.3
5.683,-0.0015,0.0037,0.0165,-0.0008,-11.4
5.684,-0.0015,0.0015,0.0165,-0.003,-11.5
5.685,-0.0015,0.0007,0.0202,-0.0015,-11.6
5.686,-0.0008,-0.0023,0.0195,-0.0023,-11.7
5.687,0.003,-0.0083,0.0157,-0.0008,-11.8
5.688,0.0045,-0.0091,0.0127,-0.0008,-11.9
5.689,0.003,-0.0105,0.012,-0.0015,-12.0
5.69,0.0007,-0.0143,0.012,-0.0023,-12.1
5.691,0.0007,-0.0113,0.0135,-0.0015,-12.2
5.692,0.0015,-0.0053,0.0172,0.0007,-12.3
5.693,0.0015,-0.0046,0.0142,0.0015,-12.4
5.694,0.0007,-0.003,0.0157,0.0037,-12.5
5.695,0.0015,-0.006,0.0157,0.003,-12.6
5.696,0.003,-0.0128,0.012,0.0007,-12.7
5.697,0.003,-0.0143,0.012,0.0007,-12.8
5.698,0.003,-0.0105,0.009,0.0015,-12.9
5.699,0.003,-0.0068,0.0135,0.0022,-13.0
5.7,0.0045,-0.0008,0.0135,0.0007,-13.1
5.701,0.0,0.003,0.0142,0.0052,-13.2
5.702,0.0015,0.003,0.0157,0.0067,-13.3
5.703,0.0052,-0.003,0.012,0.0045,-13.5
5.704,0.0022,-0.0053,0.0135,0.003,-13.6
5.705,0.006,-0.0083,0.0127,-0.0015,-13.7
5.706,0.003,-0.003,0.0112,-0.0008,-13.8
5.707,-0.0015,0.009,0.009,-0.0008,-14.0
5.708,-0.0008,0.009,0.0052,-0.003,-14.0
5.709,-0.0038,0.0052,0.0067,-0.0053,-14.2
5.71,-0.0015,-0.0046,0.003,-0.0068,-14.3
5.711,0.0,-0.0158,0.0007,-0.0046,-14.4
5.712,-0.0008,-0.0256,-0.0023,-0.0038,-14.5
5.713,0.0015,-0.0173,-0.0038,-0.0023,-14.6
5.714,0.0007,0.0007,-0.003,-0.003,-14.8
5.715,0.0,0.018,-0.0046,-0.0053,-14.9
5.716,-0.0008,0.0405,0.0015,-0.003,-15.0
5.717,-0.0015,0.0472,-0.0008,-0.0015,-15.1
5.718,-0.003,0.0382,-0.0023,-0.0046,-15.3
5.719,-0.0046,0.027,-0.0015,0.0015,-15.3
5.72,-0.0046,0.0225,-0.0046,0.0052,-15.5
5.721,-0.0053,0.0105,-0.0046,-0.0046,-15.6
5.722,-0.0053,-0.0188,-0.0091,-0.0098,-15.8
5.723,-0.0053,-0.0443,-0.0068,-0.0105,-15.9
5.724,-0.0038,-0.0511,-0.003,-0.0038,-16.0
5.725,-0.0015,-0.0203,-0.0008,0.0,-16.2
5.726,-0.0046,0.0082,0.0,0.0045,-16.3
5.727,-0.0015,-0.0015,-0.0008,0.0112,-16.4
5.728,-0.0008,-0.003,0.0007,0.0127,-16.6
5.729,-0.003,-0.015,-0.0023,0.0165,-16.7
5.73,-0.003,-0.0225,-0.0015,0.0165,-16.9
5.731,-0.0023,-0.0203,-0.0008,0.0157,-17.0
5.732,-0.0023,-0.0053,-0.0046,0.0127,-17.1
5.733,-0.0015,-0.0008,-0.0053,-0.0008,-17.3
5.734,-0.0023,-0.0623,-0.0105,-0.012,-17.4
5.735,-0.0046,-0.0968,-0.012,-0.015,-17.6
5.736,-0.0038,-0.0713,-0.0135,-0.0105,-17.7
5.737,-0.0038,-0.0353,-0.012,-0.0023,-17.8
5.738,-0.003,-0.003,-0.0091,0.0045,-18.0
5.739,0.003,0.0037,-0.0091,0.0067,-18.1
5.74,-0.0008,-0.0105,-0.0046,0.006,-18.3
5.741,-0.003,-0.003,-0.006,0.0082,-18.4
5.742,-0.0023,0.0345,-0.0046,0.0067,-18.5
5.743,-0.0038,0.0615,0.0,0.0007,-18.7
5.744,-0.0015,0.0667,-0.003,0.0007,-18.8
5.745,-0.0053,0.0465,0.0015,0.006,-19.0
5.746,-0.0083,0.0082,0.0,0.0082,-19.1
5.747,-0.006,-0.0128,0.0015,0.006,-19.3
5.748,-0.0046,-0.0285,0.0067,0.0007,-19.4
5.749,-0.0023,-0.0346,0.009,-0.006,-19.6
5.75,0.0015,-0.0083,0.0127,-0.0091,-19.8
5.751,0.0015,0.0202,0.0142,-0.0098,-19.9
5.752,0.0015,0.012,0.0127,-0.0128,-20.0
5.753,0.0022,-0.0143,0.009,-0.0068,-20.2
5.754,0.0,-0.0203,0.0052,0.003,-20.3
5.755,0.0007,-0.0075,0.0067,0.0105,-20.5
5.756,0.0007,0.0067,0.0097,0.0142,-20.7
5.757,-0.0008,0.0225,0.0127,0.0142,-20.8
5.758,-0.0015,0.057,0.0165,0.0097,-20.9
5.759,-0.0023,0.0795,0.0165,0.0,-21.1
5.76,-0.0015,0.0742,0.0187,0.0,-21.3
5.761,-0.0008,0.084,0.0187,-0.0008,-21.4
5.762,0.0,0.0915,0.0195,-0.0098,-21.6
5.763,-0.003,0.0412,0.0195,-0.0188,-21.8
5.764,-0.0046,-0.0375,0.012,-0.0181,-22.0
5.765,-0.0038,-0.0765,0.0127,-0.0091,-22.2
5.766,-0.0053,-0.063,0.0105,-0.006,-22.4
5.767,-0.0023,-0.0436,0.012,-0.006,-22.5
5.768,-0.0008,-0.03,0.0202,-0.006,-22.7
5.769,-0.003,-0.0181,0.0225,-0.0053,-22.9
5.77,-0.0023,-0.0195,0.0277,0.0,-23.1
5.771,-0.0008,-0.0263,0.0285,0.0022,-23.3
5.772,-0.0023,-0.0503,0.03,0.0022,-23.5
5.773,-0.0023,-0.0578,0.033,0.003,-23.7
5.774,-0.0046,-0.0458,0.0307,-0.0015,-23.9
5.775,-0.0046,-0.0203,0.0322,-0.0008,-24.0
5.776,-0.0015,0.0015,0.027,-0.0008,-24.2
5.777,-0.0046,0.0022,0.0232,0.0007,-24.4
5.778,-0.0015,0.0082,0.0202,0.0045,-24.6
5.779,0.0007,0.0045,0.015,0.006,-24.8
5.78,0.003,0.0045,0.0127,0.0105,-25.0
5.781,0.0052,-0.0015,0.0112,0.0112,-25.2
5.782,0.0052,-0.0143,0.0127,0.0127,-25.4
5.783,0.0052,-0.0158,0.0067,0.0135,-25.7
5.784,0.0022,-0.012,0.0045,0.009,-25.9
5.785,0.0,0.0045,0.0007,0.0067,-26.1
5.786,0.003,0.0157,-0.0053,0.003,-26.4
5.787,0.0022,0.0262,-0.0068,-0.0015,-26.6
5.788,0.0007,0.027,-0.0165,-0.003,-26.8
5.789,0.0015,0.0165,-0.0218,-0.003,-27.0
5.79,0.0007,0.0105,-0.027,-0.0046,-27.3
5.791,0.003,0.0022,-0.0293,-0.0023,-27.5
5.792,0.003,-0.0046,-0.0278,-0.003,-27.7
5.793,0.003,-0.0015,-0.0285,-0.0046,-27.9
5.794,0.003,0.0127,-0.0278,-0.0046,-28.2
5.795,-0.0008,0.0225,-0.0315,-0.0068,-28.4
5.796,-0.0015,0.027,-0.03,-0.0053,-28.7
5.797,-0.0015,0.0277,-0.03,-0.0038,-28.9
5.798,0.0,0.0382,-0.027,0.0015,-29.1
5.799,0.0015,0.051,-0.027,0.0052,-29.3
5.8,-0.0008,0.0375,-0.027,0.0067,-29.6
5.801,-0.0038,0.0112,-0.0218,0.0045,-29.8
5.802,-0.0083,-0.021,-0.0195,0.0,-30.1
5.803,-0.0091,-0.0458,-0.0165,0.0007,-30.4
5.804,-0.0075,-0.0503,-0.0173,0.0007,-30.6
5.805,-0.006,-0.0443,-0.0165,0.0022,-31.0
5.806,-0.0046,-0.0181,-0.0128,0.003,-31.2
5.807,-0.0023,0.0067,-0.0105,-0.0008,-31.5
5.808,-0.0015,0.0052,-0.0075,-0.0015,-31.8
5.809,-0.0023,0.0082,-0.0068,-0.006,-32.0
5.81,-0.003,0.0045,-0.003,-0.0091,-32.3
5.811,-0.0053,-0.0008,-0.0008,-0.0105,-32.6
5.812,-0.0083,0.0015,0.0015,-0.012,-32.9
5.813,-0.0083,-0.0046,0.003,-0.0135,-33.1
5.814,-0.0105,-0.0038,0.0037,-0.015,-33.4
5.815,-0.0105,-0.0083,0.0052,-0.012,-33.7
5.816,-0.0083,-0.0083,0.0045,-0.0105,-34.0
5.817,-0.0091,-0.0068,0.0045,-0.0098,-34.2
5.818,-0.0091,-0.0091,0.0052,-0.0091,-34.5
5.819,-0.0091,-0.0075,0.0105,-0.0091,-34.8
5.82,-0.0091,-0.0091,0.0112,-0.0091,-35.1
5.821,-0.0075,-0.012,0.009,-0.0075,-35.3
5.822,-0.0038,-0.0128,0.0105,-0.0046,-35.6
5.823,0.0015,-0.012,0.0142,-0.0015,-35.8
5.824,0.0052,-0.012,0.0195,0.0007,-36.0
5.825,0.0105,-0.0143,0.018,0.0015,-36.3
5.826,0.018,-0.021,0.0157,0.003,-36.5
5.827,0.0202,-0.024,0.0172,0.003,-36.8
5.828,0.0202,-0.0165,0.0217,0.003,-37.0
5.829,0.0195,-0.0075,0.0232,0.003,-37.3
5.83,0.018,0.0015,0.0247,0.0067,-37.5
5.831,0.0202,0.0142,0.0255,0.0127,-37.8
5.832,0.0195,0.0157,0.0255,0.0195,-38.0
5.833,0.0172,0.0015,0.024,0.0277,-38.3
5.834,0.0165,-0.0105,0.024,0.0292,-38.5
5.835,0.0157,-0.0143,0.03,0.0277,-38.8
5.836,0.012,-0.0195,0.0277,0.0217,-39.0
5.837,0.0067,-0.0203,0.0262,0.012,-39.3
5.838,0.0082,-0.024,0.0292,0.0067,-39.5
5.839,0.0075,-0.0165,0.027,0.0007,-39.7
5.84,0.006,-0.003,0.0255,-0.0053,-40.1
5.841,0.0045,0.0067,0.0225,-0.0128,-40.2
5.842,-0.0008,0.0,0.0195,-0.0173,-40.5
5.843,0.0,-0.012,0.0157,-0.0181,-40.7
5.844,0.0022,-0.0113,0.0157,-0.0248,-40.9
5.845,0.003,-0.0083,0.012,-0.0308,-41.1
5.846,0.0045,0.0052,0.0067,-0.0346,-41.4
5.847,-0.0008,0.0045,0.0082,-0.0375,-41.6
5.848,-0.003,0.0007,0.003,-0.0346,-41.8
5.849,-0.0046,-0.0023,0.0037,-0.0308,-42.0
5.85,-0.006,-0.0075,0.0015,-0.024,-42.3
5.851,-0.0098,-0.0023,-0.003,-0.0165,-42.5
5.852,-0.012,-0.0015,-0.0046,-0.0091,-42.7
5.853,-0.0105,0.0007,-0.012,-0.0008,-42.9
5.854,-0.0105,0.003,-0.0173,0.0015,-43.2
5.855,-0.0083,0.0052,-0.021,0.0015,-43.4
5.856,-0.0075,0.0052,-0.0218,0.0045,-43.6
5.857,-0.0098,0.0045,-0.0195,0.0082,-43.8
5.858,-0.0128,0.006,-0.0165,0.0135,-44.1
5.859,-0.0128,0.006,-0.0143,0.0195,-44.3
5.86,-0.012,0.009,-0.012,0.0217,-44.6
5.861,-0.0091,0.009,-0.0113,0.0217,-44.7
5.862,-0.0053,0.0082,-0.0068,0.0217,-45.0
5.863,-0.0053,0.0105,-0.0053,0.0195,-45.2
5.864,-0.0046,0.009,-0.0053,0.0172,-45.4
5.865,-0.0023,0.0135,-0.0046,0.0127,-45.6
5.866,-0.0068,0.0157,-0.0075,0.009,-45.9
5.867,-0.0068,0.0172,-0.0105,0.0067,-46.1
5.868,-0.0068,0.0195,-0.0105,0.0022,-46.3
5.869,-0.0068,0.021,-0.0105,0.0052,-46.5
5.87,-0.003,0.0217,-0.012,0.006,-46.8
5.871,-0.003,0.0217,-0.0105,0.0045,-47.0
5.872,-0.003,0.0217,-0.0105,-0.0015,-47.3
5.873,-0.0023,0.0202,-0.0083,-0.006,-47.5
5.874,-0.0053,0.0195,-0.0068,-0.0083,-47.7
5.875,-0.0068,0.0172,-0.0098,-0.0128,-47.9
5.876,-0.006,0.0142,-0.0105,-0.0113,-48.2
5.877,-0.0068,0.0135,-0.0105,-0.0083,-48.4
5.878,-0.0075,0.0157,-0.0075,-0.0083,-48.6
5.879,-0.0075,0.0157,-0.0015,-0.0098,-48.8
5.88,-0.0053,0.0142,0.0045,-0.0128,-49.1
5.881,-0.0053,0.0112,0.003,-0.012,-49.3
5.882,-0.0046,0.0105,0.0045,-0.0113,-49.5
5.883,-0.0038,0.012,0.0045,-0.0075,-49.7
5.884,-0.006,0.0127,0.0045,-0.0015,-50.0
5.885,-0.003,0.0127,0.009,0.0015,-50.2
5.886,-0.0046,0.0105,0.0075,0.003,-50.4
5.887,-0.0038,0.0082,0.0075,0.0007,-50.7
5.888,0.003,0.0082,0.0052,0.0015,-50.9
5.889,0.0022,0.0067,0.0045,0.0007,-51.1
5.89,0.0067,0.0052,0.0075,0.0015,-51.3
5.891,0.0082,0.0037,0.0052,0.003,-51.6
5.892,0.0052,0.0045,0.0082,0.0037,-51.8
5.893,0.0052,0.0045,0.0082,0.0075,-52.0
5.894,0.0022,0.0052,0.006,0.009,-52.2
5.895,0.0022,0.0045,0.0067,0.0157,-52.5
5.896,0.003,0.0015,0.0007,0.0157,-52.7
5.897,0.0015,0.0037,0.0015,0.012,-53.0
5.898,0.0,0.003,0.0015,0.0105,-53.2
5.899,-0.0008,0.0,0.0022,0.0067,-53.4
5.9,0.0015,-0.0008,0.0067,0.0045,-53.7
5.901,0.0007,-0.0015,0.0067,-0.003,-53.9
5.902,-0.0008,-0.0015,0.0097,-0.0083,-54.0
5.903,-0.0015,-0.003,0.0067,-0.0128,-54.3
5.904,-0.003,-0.0023,0.0037,-0.0165,-54.5
5.905,-0.0053,-0.0046,0.0022,-0.0181,-54.7
5.906,-0.0046,-0.006,-0.0008,-0.0218,-54.9
5.907,-0.0046,-0.0105,0.0022,-0.0256,-55.1
5.908,-0.0046,-0.0128,-0.003,-0.0233,-55.4
5.909,0.0,-0.0143,-0.0046,-0.0173,-55.5
5.91,-0.003,-0.0165,-0.0053,-0.0128,-55.8
5.911,-0.0015,-0.0165,-0.0083,-0.0075,-56.0
5.912,0.0,-0.0181,-0.0053,-0.0008,-56.2
5.913,-0.0015,-0.0195,-0.0075,0.0052,-56.4
5.914,0.003,-0.0158,-0.0023,0.0082,-56.6
5.915,0.0022,-0.0158,0.0015,0.0097,-56.8
5.916,0.0037,-0.015,0.0075,0.012,-57.0
5.917,0.0067,-0.0128,0.0105,0.0127,-57.2
5.918,0.0045,-0.0113,0.009,0.0127,-57.5
5.919,0.003,-0.0105,0.012,0.0112,-57.6
5.92,0.0007,-0.0091,0.0067,0.0112,-57.9
5.921,0.0007,-0.0091,0.009,0.0082,-58.1
5.922,-0.0008,-0.0083,0.0045,0.0067,-58.2
5.923,0.0,-0.012,0.0015,0.003,-58.4
5.924,0.0,-0.0143,0.0045,-0.0008,-58.5
5.925,-0.0038,-0.0158,0.0022,0.0,-58.7
5.926,-0.003,-0.0173,0.0045,0.0015,-58.9
5.927,-0.0015,-0.0143,-0.0008,0.0045,-59.0
5.928,0.0015,-0.0128,-0.0015,0.0067,-59.2
5.929,0.0007,-0.012,0.003,0.0082,-59.3
5.93,0.0,-0.0105,0.003,0.0105,-59.5
5.931,-0.0008,-0.0105,0.006,0.0082,-59.7
5.932,-0.0008,-0.0098,0.0015,0.0052,-59.8
5.933,0.0,-0.012,-0.0015,0.0045,-60.0
5.934,-0.003,-0.0113,-0.003,0.0022,-60.1
5.935,-0.003,-0.0083,-0.0053,0.0007,-60.3
5.936,-0.0023,-0.0091,-0.0053,-0.0015,-60.5
5.937,-0.0023,-0.0105,-0.0053,-0.0046,-60.6
5.938,-0.003,-0.0075,-0.003,-0.003,-60.8
5.939,-0.0015,-0.0091,-0.0023,-0.0038,-60.9
5.94,-0.0015,-0.0091,-0.0008,-0.0015,-61.2
5.941,-0.0015,-0.0068,-0.006,-0.003,-61.2
5.942,-0.0015,-0.0068,-0.0128,-0.0046,-61.4
5.943,-0.0046,-0.0083,-0.0135,-0.0023,-61.5
5.944,-0.003,-0.0068,-0.0158,-0.0008,-61.6
5.945,-0.0015,-0.0038,-0.0165,0.0022,-61.7
5.946,-0.0008,-0.003,-0.0165,0.003,-61.9
5.947,0.0015,0.0015,-0.0135,-0.0008,-62.0
5.948,0.0007,0.0045,-0.0128,-0.0008,-62.1
5.949,0.0007,0.0052,-0.0091,-0.0008,-62.2
5.95,0.0022,0.0052,-0.003,0.003,-62.4
5.951,0.0007,0.0022,-0.0015,0.0052,-62.5
5.952,0.003,0.0037,0.0045,0.0037,-62.6
5.953,0.0015,0.0015,0.0052,0.006,-62.7
5.954,0.0022,0.0015,0.0052,0.0067,-62.9
5.955,0.003,0.0037,0.0075,0.0067,-63.0
5.956,0.0,0.003,0.009,0.0052,-63.1
5.957,0.0015,0.0045,0.0112,0.0037,-63.3
5.958,0.0007,0.0052,0.009,-0.0008,-63.4
5.959,0.0,0.0052,0.0105,-0.0023,-63.5
5.96,0.0015,0.0045,0.0082,-0.0053,-63.7
5.961,-0.0015,0.003,0.009,-0.0075,-63.7
5.962,-0.0015,0.0045,0.009,-0.0053,-63.8
5.963,-0.003,0.0052,0.009,-0.0075,-63.8
5.964,-0.0053,0.0082,0.0105,-0.0068,-63.9
5.965,-0.0038,0.0082,0.0075,-0.0068,-63.9
5.966,-0.0053,0.006,0.0097,-0.0068,-64.0
5.967,-0.0068,0.0075,0.009,-0.003,-64.1
5.968,-0.0083,0.009,0.0067,-0.0023,-64.2
5.969,-0.0053,0.0112,0.006,-0.0015,-64.2
5.97,-0.0038,0.0135,0.0067,-0.0015,-64.3
5.971,-0.003,0.0165,0.0067,0.0,-64.4
5.972,-0.0023,0.0172,0.0082,0.0007,-64.4
5.973,-0.0008,0.018,0.0075,0.0007,-64.5
5.974,0.0007,0.0157,0.003,0.003,-64.5
5.975,0.0,0.0142,0.0045,0.003,-64.6
5.976,0.0015,0.0127,0.0067,0.003,-64.7
5.977,0.003,0.0127,0.0082,0.0067,-64.8
5.978,0.0045,0.012,0.0082,0.0045,-64.8
5.979,0.0045,0.0142,0.006,0.0052,-64.9
5.98,0.0015,0.0127,0.0075,0.0045,-65.0
5.981,0.0022,0.0127,0.0045,0.0015,-65.0
5.982,-0.0023,0.0142,0.0015,0.0015,-65.0
5.983,-0.0015,0.0127,0.0045,0.0,-65.0
5.984,-0.0008,0.0127,0.0015,-0.0023,-65.0
5.985,-0.0046,0.009,0.0,-0.0068,-65.0
5.986,-0.0008,0.0082,-0.003,-0.0075,-65.0
5.987,0.0,0.012,-0.0091,-0.0068,-65.0
5.988,-0.003,0.0135,-0.0091,-0.0075,-65.0
5.989,0.0007,0.0142,-0.0113,-0.0091,-65.0
5.99,-0.003,0.015,-0.012,-0.0068,-65.0
5.991,-0.003,0.0142,-0.0113,-0.0053,-65.0
5.992,-0.0008,0.0165,-0.0113,-0.0053,-65.0
5.993,-0.0023,0.0195,-0.012,-0.0015,-65.0
5.994,-0.003,0.0165,-0.0135,-0.0023,-65.0
5.995,-0.003,0.0127,-0.012,-0.003,-65.0
5.996,0.0,0.0082,-0.0083,-0.003,-65.0
5.997,-0.0015,0.0067,-0.0053,-0.003,-65.0
5.998,-0.0023,0.0045,-0.0015,0.0015,-65.0
5.999,0.0,0.003,0.0015,0.0037,-65.0
6.0,-0.0038,0.0015,0.003,0.0052,-65.0
6.001,-0.003,0.0,0.0052,0.0045,-64.9
6.002,-0.0023,-0.0015,0.0082,0.0037,-64.9
6.003,-0.003,-0.0023,0.0112,0.0045,-64.8
6.004,-0.0015,-0.0008,0.012,0.003,-64.8
6.005,0.0007,-0.0008,0.012,0.003,-64.8
6.006,0.0022,-0.0015,0.0112,0.0015,-64.8
6.007,0.0007,0.0015,0.0105,0.0007,-64.7
6.008,0.0045,0.0015,0.0075,0.0007,-64.7
6.009,0.006,0.003,0.0037,0.0037,-64.6
6.01,0.003,0.003,0.0052,0.0015,-64.6
6.011,0.0037,-0.0008,0.003,0.003,-64.6
6.012,0.003,0.0015,0.0022,0.0037,-64.5
6.013,0.0007,-0.0008,0.003,0.0022,-64.5
6.014,-0.0008,-0.0015,0.0015,0.0015,-64.4
6.015,-0.0015,-0.0023,0.003,0.0015,-64.4
6.016,-0.0008,-0.003,0.0037,0.003,-64.4
6.017,-0.0015,-0.0015,0.0052,0.0015,-64.4
6.018,-0.0015,-0.003,0.003,0.0015,-64.3
6.019,-0.0023,-0.0046,0.003,0.0007,-64.3
6.02,-0.0053,-0.0053,0.0022,0.0007,-64.2
6.021,-0.0008,-0.0068,0.003,0.0,-64.1
6.022,-0.0015,-0.0068,0.0052,0.0,-64.0
6.023,-0.0008,-0.0083,0.0022,0.0,-63.9
6.024,0.0007,-0.0083,0.0015,0.0,-63.9
6.025,-0.003,-0.006,0.0,0.0,-63.8
6.026,-0.0038,-0.0046,0.0007,-0.0015,-63.7
6.027,-0.0053,-0.003,0.0037,-0.0008,-63.6
6.028,-0.0046,-0.0023,0.0015,0.0007,-63.5
6.029,-0.0008,-0.0015,0.003,0.0007,-63.4
6.03,-0.0008,-0.003,0.0015,0.0007,-63.3
6.031,-0.0015,-0.003,0.0007,0.0007,-63.3
6.032,-0.0008,-0.0053,0.0,0.0007,-63.2
6.033,0.0007,-0.0075,-0.0015,0.0007,-63.1
6.034,0.0007,-0.0068,0.0,0.0007,-63.0
6.035,0.0007,-0.0068,-0.0023,0.0,-62.9
6.036,0.0,-0.006,-0.0008,0.0007,-62.8
6.037,-0.0046,-0.0075,-0.003,0.0007,-62.7
6.038,-0.0046,-0.0068,-0.0083,-0.0008,-62.6
6.039,-0.0038,-0.0083,-0.0023,0.0007,-62.6
6.04,-0.0046,-0.0068,-0.0038,-0.0008,-62.5
6.041,-0.0038,-0.0075,-0.0023,-0.0015,-62.3
6.042,-0.0023,-0.0083,0.0015,-0.0015,-62.2
6.043,0.0,-0.0075,-0.0015,-0.003,-62.1
6.044,0.0007,-0.0083,0.0007,-0.0015,-62.0
6.045,0.0,-0.0083,0.003,-0.0008,-61.9
6.046,0.0015,-0.0083,0.006,0.0022,-61.8
6.047,0.0007,-0.0075,0.0097,0.0015,-61.7
6.048,0.0007,-0.006,0.0082,0.0007,-61.6
6.049,0.0015,-0.006,0.0082,0.0015,-61.5
6.05,0.0015,-0.006,0.0075,0.0007,-61.3
6.051,0.003,-0.006,0.0067,0.0007,-61.2
6.052,-0.0008,-0.0083,0.0067,0.0,-61.1
6.053,0.0,-0.0091,0.003,0.0007,-61.0
6.054,0.003,-0.0068,0.0015,0.0,-60.9
6.055,0.0015,-0.0053,-0.0008,0.0007,-60.8
6.056,0.0015,-0.0046,-0.0008,0.0007,-60.7
6.057,0.0007,-0.0046,0.0007,-0.0008,-60.5
6.058,0.0015,-0.0068,0.0007,-0.0015,-60.4
6.059,0.0007,-0.0083,0.0015,-0.0008,-60.3
6.06,0.0015,-0.0053,0.0037,0.0,-60.2
6.061,0.0045,-0.0046,0.0097,0.0007,-60.0
6.062,0.0,-0.0046,0.0067,0.0,-59.9
6.063,0.0015,-0.0015,0.0067,0.0015,-59.8
6.064,0.0007,-0.0008,0.0052,0.003,-59.6
6.065,-0.0008,0.0,0.0045,0.0007,-59.4
6.066,0.0,-0.0008,0.0075,0.0007,-59.3
6.067,0.0007,-0.0008,0.0037,-0.0015,-59.1
6.068,0.0015,0.0015,0.0075,-0.0053,-59.0
6.069,-0.0023,0.003,0.0067,-0.0038,-58.8
6.07,-0.0008,0.0045,0.0052,-0.0023,-58.6
6.071,-0.0008,0.0045,0.0067,-0.0015,-58.5
6.072,-0.0023,0.0045,0.0045,0.0,-58.3
6.073,0.0007,0.0052,0.006,-0.003,-58.2
6.074,-0.003,0.0052,0.0052,-0.003,-58.0
6.075,-0.0046,0.0052,0.0045,-0.003,-57.8
6.076,-0.0023,0.0067,0.003,-0.0046,-57.7
6.077,-0.0023,0.0052,0.0052,0.0007,-57.5
6.078,-0.0008,0.0015,0.0052,0.0007,-57.4
6.079,-0.0023,0.0015,0.0015,0.0015,-57.2
6.08,-0.0008,0.0007,0.0007,-0.0015,-57.1
6.081,-0.0015,-0.0008,-0.0008,-0.0015,-56.9
6.082,-0.0046,-0.003,-0.0023,-0.003,-56.7
6.083,-0.0008,-0.0046,-0.0038,-0.0046,-56.5
6.084,-0.0008,-0.0038,-0.0015,-0.0015,-56.3
6.085,0.0,-0.0008,0.0007,-0.0008,-56.1
6.086,0.0015,0.0,-0.0008,0.0007,-55.9
6.087,0.0007,0.0,0.0007,0.0015,-55.7
6.088,-0.0015,-0.0008,0.0007,0.0007,-55.5
6.089,-0.0053,-0.0015,0.0007,-0.0008,-55.3
6.09,-0.0046,-0.0015,-0.0008,-0.0008,-55.1
6.091,-0.0068,-0.0008,-0.0015,-0.0008,-54.9
6.092,-0.0083,0.0015,0.0007,-0.003,-54.7
6.093,-0.0046,0.0007,0.0015,-0.0015,-54.5
6.094,-0.0038,0.0007,0.0007,-0.0015,-54.3
6.095,-0.0008,0.0015,0.0007,-0.0008,-54.1
6.096,0.0,0.0015,0.003,0.0007,-53.9
6.097,0.0007,0.0015,0.0045,0.003,-53.7
6.098,0.0007,0.0007,0.0052,0.0045,-53.5
6.099,-0.0015,-0.0015,0.0037,0.0045,-53.3
6.1,-0.0008,-0.003,0.0022,0.0022,-53.1
6.101,-0.0015,-0.0015,0.0,0.0015,-52.9
6.102,0.0015,-0.0008,-0.0023,0.0015,-52.7
6.103,0.0022,-0.0008,-0.0038,0.0007,-52.4
6.104,-0.0008,-0.0015,-0.0046,0.0,-52.2
6.105,0.003,-0.0008,-0.0046,-0.0008,-52.0
6.106,0.003,0.0015,-0.0015,-0.0023,-51.8
6.107,0.0007,0.0007,-0.003,-0.0015,-51.6
6.108,-0.0008,-0.0008,-0.0015,-0.0015,-51.3
6.109,-0.0008,-0.0015,-0.003,-0.0015,-51.1
6.11,0.0,-0.0015,-0.0091,-0.0008,-50.9
6.111,-0.0023,0.0007,-0.0083,-0.0008,-50.7
6.112,-0.0015,-0.0008,-0.0098,-0.0023,-50.4
6.113,-0.0046,0.0,-0.0068,-0.003,-50.2
6.114,-0.003,0.0007,-0.0053,-0.003,-50.0
6.115,-0.0023,-0.0015,-0.0091,0.0007,-49.8
6.116,-0.0046,-0.003,-0.0068,0.0007,-49.6
6.117,-0.0015,-0.0023,-0.0068,-0.0015,-49.4
6.118,-0.0023,-0.0023,-0.0015,-0.0015,-49.1
6.119,-0.0015,-0.0023,0.0007,-0.0015,-48.9
6.12,-0.0008,-0.003,0.003,-0.0015,-48.7
6.121,0.0007,-0.006,0.0045,-0.0008,-48.5
6.122,0.0045,-0.0068,0.0007,0.0007,-48.2
6.123,0.0015,-0.0053,0.0007,-0.0015,-48.0
6.124,-0.0008,-0.0053,-0.0008,-0.0015,-47.7
6.125,0.0015,-0.0046,0.0015,-0.0015,-47.5
6.126,-0.0015,-0.003,0.0045,-0.0015,-47.3
6.127,-0.0008,-0.0015,0.0067,-0.0015,-47.0
6.128,0.0015,-0.0008,0.009,-0.0008,-46.8
6.129,0.0,-0.0008,0.0135,-0.0008,-46.5
6.13,-0.0023,0.0015,0.015,-0.0008,-46.3
6.131,-0.003,0.003,0.0142,-0.0008,-46.0
6.132,0.0007,0.003,0.0142,0.0,-45.8
6.133,-0.0015,0.003,0.0105,0.0015,-45.5
6.134,0.0007,0.0022,0.009,0.003,-45.3
6.135,0.0015,0.0007,0.0075,0.0045,-45.0
6.136,-0.0015,-0.0008,0.0067,0.003,-44.8
6.137,0.0007,0.0,0.0075,0.003,-44.6
6.138,-0.0008,0.0015,0.0067,0.003,-44.3
6.139,-0.0015,0.0007,0.0075,0.0015,-44.1
6.14,0.0007,-0.0008,0.0082,0.0015,-43.8
6.141,-0.003,-0.003,0.0082,0.0007,-43.6
6.142,-0.0046,-0.0023,0.003,-0.0008,-43.3
6.143,-0.0008,-0.0015,0.0022,0.0015,-43.0
6.144,-0.0008,-0.0023,0.0007,0.0015,-42.8
6.145,-0.0008,-0.0015,-0.0008,0.0007,-42.5
6.146,0.003,-0.003,0.0015,-0.0008,-42.3
6.147,-0.0008,-0.0023,0.0037,-0.0008,-42.0
6.148,0.0015,0.0007,0.006,-0.0023,-41.7
6.149,0.003,0.0015,0.0052,-0.0023,-41.4
6.15,-0.0015,0.0015,0.003,-0.0008,-41.2
6.151,0.0007,0.0022,0.0007,-0.0015,-41.0
6.152,-0.0008,0.0022,0.0007,-0.0008,-40.7
6.153,0.003,0.003,0.0022,0.0022,-40.4
6.154,-0.003,0.0015,0.0052,0.0015,-40.1
6.155,-0.0143,0.003,0.012,0.0015,-39.9
6.156,-0.0128,0.0022,0.0165,0.0022,-39.6
6.157,-0.0128,0.003,0.0142,-0.0008,-39.4
6.158,-0.0038,0.003,0.006,-0.0015,-39.1
6.159,0.0045,-0.0008,-0.0083,0.0007,-38.8
6.16,0.0142,-0.0008,-0.0203,0.0007,-38.6
6.161,0.0217,0.0,-0.03,-0.0008,-38.3
6.162,0.0172,-0.003,-0.033,-0.0015,-38.0
6.163,0.0157,-0.0015,-0.0293,-0.0038,-37.8
6.164,0.0067,0.0007,-0.0248,-0.0023,-37.5
6.165,0.0007,0.0022,-0.0158,-0.003,-37.2
6.166,-0.0008,0.0037,-0.0083,-0.0023,-36.9
6.167,-0.0046,0.0022,0.0015,-0.0008,-36.6
6.168,-0.003,0.0015,0.009,-0.0015,-36.4
6.169,-0.0091,0.0022,0.0105,-0.0008,-36.1
6.17,-0.0128,0.003,0.0217,0.0007,-35.8
6.171,-0.012,0.0022,0.0345,0.003,-35.6
6.172,-0.012,0.0052,0.0337,0.0007,-35.3
6.173,-0.0105,0.0052,0.027,-0.003,-35.0
6.174,-0.0075,0.0037,0.0127,-0.0053,-34.7
6.175,-0.0068,-0.0008,-0.0015,-0.0046,-34.4
6.176,-0.0083,-0.003,-0.0068,-0.0023,-34.2
6.177,-0.0068,-0.006,-0.0091,0.0007,-33.9
6.178,-0.0046,-0.012,-0.0015,0.0045,-33.6
6.179,0.003,-0.0128,0.0045,0.0037,-33.3
6.18,0.0082,-0.0143,0.0105,-0.0015,-33.1
6.181,0.012,-0.0135,0.015,-0.003,-32.8
6.182,0.0135,-0.0128,0.0105,-0.003,-32.5
6.183,0.0082,-0.012,0.0067,-0.0053,-32.2
6.184,0.006,-0.012,-0.003,-0.0068,-31.9
6.185,-0.0015,-0.0128,-0.0068,-0.0038,-31.6
6.186,-0.0091,-0.0128,-0.0068,-0.0023,-31.3
6.187,-0.0068,-0.0105,-0.0135,0.0022,-31.0
6.188,-0.0023,-0.0091,-0.0143,0.003,-30.7
6.189,0.0052,-0.0083,-0.0165,0.003,-30.4
6.19,0.003,-0.0068,-0.0158,0.003,-30.1
6.191,0.003,-0.0023,-0.012,0.0007,-29.8
6.192,0.0007,-0.0015,-0.0113,0.0007,-29.5
6.193,-0.0105,-0.003,-0.0075,-0.0008,-29.2
6.194,-0.0135,0.0,-0.003,0.0015,-28.9
6.195,-0.015,0.0037,0.0045,-0.0023,-28.6
6.196,-0.0083,0.0052,0.012,-0.0046,-28.3
6.197,0.003,0.006,0.0165,-0.0038,-28.0
6.198,0.0105,0.0052,0.0202,-0.0038,-27.7
6.199,0.0172,-0.0008,0.0217,-0.0008,-27.4
6.2,0.0195,-0.0023,0.0202,0.0015,-27.1
6.201,0.015,0.0007,0.0202,0.003,-26.7
6.202,0.0082,0.0037,0.018,0.0045,-26.4
6.203,0.0007,0.0075,0.0082,0.0022,-26.1
6.204,-0.0053,0.0195,0.0015,0.0,-25.7
6.205,-0.0105,0.018,-0.0008,-0.0053,-25.4
6.206,-0.0195,0.0037,-0.0053,-0.0091,-25.0
6.207,-0.0248,0.003,-0.006,-0.0068,-24.7
6.208,-0.0195,0.0015,-0.003,-0.003,-24.3
6.209,-0.0128,-0.0135,0.0112,-0.0023,-24.0
6.21,-0.0083,-0.0346,0.0307,-0.0046,-23.7
6.211,-0.0046,-0.0361,0.0255,-0.0038,-23.3
6.212,-0.0068,-0.0165,0.0142,0.0,-23.0
6.213,-0.0015,-0.003,-0.003,0.003,-22.6
6.214,0.003,0.0195,-0.0248,0.0067,-22.3
6.215,0.0045,0.0465,-0.0323,0.0097,-22.0
6.216,0.0037,0.042,-0.0383,0.0052,-21.6
6.217,0.0052,0.0202,-0.0308,0.003,-21.3
6.218,0.0052,0.0082,-0.0225,-0.0023,-20.9
6.219,0.0037,0.006,-0.015,-0.0053,-20.6
6.22,0.0045,0.009,0.0,-0.0053,-20.3
6.221,0.0,0.0082,0.006,-0.0083,-19.9
6.222,-0.0053,0.003,0.0045,-0.0068,-19.6
6.223,-0.0038,-0.0008,-0.003,-0.006,-19.2
6.224,-0.0015,-0.0083,-0.0105,-0.0023,-18.9
6.225,-0.0008,-0.0165,-0.0158,0.0037,-18.5
6.226,0.0007,-0.0195,-0.0233,0.0022,-18.2
6.227,0.0022,-0.0165,-0.0233,-0.0023,-17.9
6.228,0.0045,-0.012,-0.0181,-0.0068,-17.5
6.229,0.0045,-0.0098,-0.0046,-0.006,-17.2
6.23,0.0022,-0.0075,0.033,-0.0053,-16.8
6.231,-0.003,-0.0038,0.0765,-0.003,-16.5
6.232,-0.0083,0.0015,0.0967,0.0007,-16.2
6.233,-0.0053,0.0052,0.0975,0.0037,-15.8
6.234,-0.0083,0.0075,0.063,0.0067,-15.5
6.235,-0.0083,0.0045,0.0007,0.0067,-15.1
6.236,-0.0023,0.003,-0.0495,0.0097,-14.8
6.237,-0.0023,0.0045,-0.075,0.009,-14.4
6.238,0.0015,0.003,-0.0525,0.0082,-14.1
6.239,0.0022,0.0022,-0.0338,0.0052,-13.8
6.24,0.003,-0.0015,-0.0218,-0.0008,-13.4
6.241,0.0097,0.003,-0.0068,-0.0038,-13.1
6.242,0.0105,0.0075,-0.0285,-0.0075,-12.8
6.243,0.0067,0.0,-0.0315,-0.0068,-12.5
6.244,0.0007,-0.0008,-0.0383,-0.0075,-12.2
6.245,-0.0015,0.0015,-0.0323,-0.0083,-11.8
6.246,-0.0046,0.0045,-0.0046,-0.0053,-11.5
6.247,-0.0046,0.0075,0.0157,-0.003,-11.2
6.248,0.0045,0.003,0.0367,-0.003,-10.9
6.249,0.006,-0.0068,0.027,-0.0053,-10.6
6.25,0.0052,-0.0181,0.0225,-0.0046,-10.3
6.251,0.0007,-0.0128,0.0157,0.0015,-9.9
6.252,-0.0068,0.0075,0.0045,0.0045,-9.6
6.253,-0.0075,0.0187,0.0127,0.0015,-9.3
6.254,-0.0091,0.0247,0.0232,-0.003,-9.0
6.255,-0.0053,0.0157,0.0352,-0.0023,-8.7
6.256,-0.0008,-0.0083,0.0307,0.0015,-8.4
6.257,0.0045,-0.0218,0.0232,0.0082,-8.1
6.258,0.0075,-0.0218,0.015,0.0255,-7.7
6.259,0.003,-0.0105,0.003,0.0705,-7.4
6.26,0.0007,0.0007,-0.0008,0.0817,-7.1
6.261,-0.006,0.003,0.0045,0.0352,-6.9
6.262,-0.0128,0.0037,0.0367,0.003,-6.6
6.263,-0.0143,0.0007,0.0705,-0.033,-6.4
6.264,-0.0135,0.0007,0.0757,-0.0203,-6.2
6.265,-0.0083,-0.0053,0.045,0.0075,-5.9
6.266,-0.0046,-0.0188,-0.006,-0.0143,-5.7
6.267,0.0007,-0.0181,-0.0608,-0.0173,-5.4
6.268,0.0067,-0.0181,-0.1006,-0.0368,-5.2
6.269,0.0105,-0.012,-0.117,-0.0458,-5.0
6.27,0.0135,0.0007,-0.1088,-0.054,-4.7
6.271,0.012,0.0067,-0.0773,-0.042,-4.5
6.272,0.0067,0.0007,-0.042,-0.0383,-4.2
6.273,-0.003,-0.0075,-0.006,-0.054,-4.0
6.274,-0.0181,0.0082,0.018,-0.0083,-3.8
6.275,-0.0293,0.0232,0.0472,-0.0225,-3.5
6.276,-0.0315,0.03,0.0765,-0.024,-3.3
6.277,-0.0256,0.0367,0.0892,0.021,-3.1
6.278,-0.0113,0.0187,0.0892,0.0337,-2.8
6.279,0.0007,0.0015,0.09,0.0127,-2.6
6.28,0.0015,0.0,0.114,-0.0405,-2.3
6.281,0.0,-0.012,0.1312,-0.045,-2.2
6.282,-0.0023,-0.0218,0.102,-0.042,-2.1
6.283,-0.0046,-0.0128,0.0435,-0.0075,-1.9
6.284,-0.006,0.003,-0.012,0.054,-1.8
6.285,-0.0083,0.0007,-0.0263,0.0607,-1.6
6.286,-0.0068,-0.06,-0.0375,0.018,-1.5
6.287,-0.0053,-0.1463,-0.0608,-0.0256,-1.4
6.288,0.0,-0.2085,-0.0653,0.0195,-1.2
6.289,0.0112,-0.2543,-0.0856,0.1252,-1.1
6.29,0.024,-0.3098,-0.078,0.1537,-0.9
6.291,0.0382,-0.3308,-0.06,-0.0075,-0.8
6.292,0.0367,-0.234,-0.0428,-0.2078,-0.7
6.293,0.0345,0.003,-0.006,-0.318,-0.5
6.294,0.0367,0.273,0.0067,-0.3285,-0.4
6.295,0.027,0.4387,0.0165,-0.1463,-0.2
6.296,0.0202,0.5122,0.012,0.1222,-0.1
6.297,0.0172,0.5527,0.0082,0.237,0.0
6.298,0.012,0.5655,0.003,0.1732,0.2
6.299,0.0165,0.4552,-0.0135,0.1815,0.3
6.3,0.0217,0.2362,-0.0143,0.159,0.4
6.301,0.0255,0.1357,-0.0233,0.117,0.5
6.302,0.0247,0.0615,-0.0143,0.1402,0.5
6.303,0.015,-0.0923,-0.0008,0.0705,0.6
6.304,0.0022,-0.1883,0.0052,0.159,0.6
6.305,-0.0143,-0.231,0.0187,0.216,0.6
6.306,-0.0233,-0.249,0.0315,0.1252,0.7
6.307,-0.0233,-0.2483,0.057,0.1057,0.7
6.308,-0.0158,-0.198,0.0495,-0.0368,0.8
6.309,-0.0165,-0.1125,0.0285,-0.2138,0.8
6.31,-0.0188,-0.0256,0.003,-0.2745,0.9
6.311,-0.0143,0.0487,-0.027,-0.231,0.9
6.312,-0.0173,0.09,-0.039,-0.0818,0.9
6.313,-0.0143,0.1792,-0.0503,0.0165,0.9
6.314,-0.0128,0.1897,-0.0495,0.0105,1.0
6.315,-0.012,0.0757,-0.0428,-0.0068,1.0
6.316,-0.0128,-0.0158,-0.0346,0.042,1.1
6.317,-0.0181,-0.1283,-0.0256,0.063,1.1
6.318,-0.0203,-0.2085,-0.0165,-0.0015,1.1
6.319,-0.0233,-0.2745,-0.0068,-0.0195,1.2
6.32,-0.0135,-0.3083,0.009,0.021,1.2
6.321,-0.0023,-0.2618,0.0337,0.033,1.2
6.322,-0.0015,-0.2213,0.0435,-0.0848,1.2
6.323,-0.0008,-0.1838,0.0532,-0.1215,1.2
6.324,-0.0068,-0.1733,0.0555,-0.0675,1.2
6.325,-0.0098,-0.1013,0.039,-0.0953,1.2
6.326,-0.0091,0.0802,0.0285,-0.1388,1.2
6.327,-0.0046,0.2347,0.0097,-0.0458,1.2
6.328,-0.0068,0.2872,-0.0053,0.1822,1.2
6.329,-0.0128,0.315,-0.021,0.1995,1.1
6.33,-0.012,0.291,-0.0428,0.1807,1.1
6.331,-0.0053,0.1837,-0.0458,0.1222,1.1
6.332,-0.0068,0.0577,-0.0353,-0.075,1.1
6.333,-0.0165,-0.0315,-0.003,-0.1741,1.1
6.334,-0.0181,-0.135,0.024,-0.3383,1.1
6.335,-0.0278,-0.2026,0.0315,-0.4005,1.0
6.336,-0.0368,-0.114,0.021,-0.2198,1.0
6.337,-0.0368,0.0307,0.0022,-0.0878,1.0
6.338,-0.045,0.2137,-0.0075,-0.0458,1.0
6.339,-0.0383,0.2325,-0.0068,-0.0143,1.0
6.34,-0.0105,0.0825,0.003,0.1087,0.9
6.341,0.024,0.0337,-0.0053,0.3765,0.9
6.342,0.0577,-0.0113,-0.0015,0.4755,0.9
6.343,0.063,-0.0533,0.018,0.3645,0.8
6.344,0.0502,-0.063,0.0487,0.2002,0.8
6.345,0.039,-0.0788,0.0922,0.0555,0.7
6.346,0.051,-0.0795,0.1012,-0.0503,0.6
6.347,0.0862,-0.078,0.0727,-0.1006,0.6
6.348,0.0915,-0.0691,0.0352,-0.0368,0.5
6.349,0.072,-0.0691,0.0307,-0.0195,0.5
6.35,0.0472,-0.063,0.0577,0.0367,0.4
6.351,-0.0008,-0.0668,0.0405,0.111,0.4
6.352,-0.033,-0.1035,-0.0195,0.0465,0.3
6.353,-0.0518,-0.1365,-0.0878,-0.045,0.3
6.354,-0.0615,-0.0975,-0.1568,-0.075,0.2
6.355,-0.0428,-0.0143,-0.1696,-0.0923,0.1
6.356,-0.0188,0.0067,-0.1538,-0.084,0.1
6.357,0.0007,0.0165,-0.1043,-0.0728,0.0
6.358,-0.0015,0.0667,-0.0256,-0.0945,0.0
6.359,-0.0091,0.1177,0.0382,-0.0368,-0.1
6.36,-0.0075,0.165,0.105,0.0585,-0.2
6.361,-0.0083,0.159,0.123,0.0862,-0.3
6.362,-0.0008,0.0765,0.1042,0.0397,-0.5
6.363,-0.0038,0.0127,0.0757,0.012,-0.6
6.364,-0.0075,-0.0105,0.0315,-0.0495,-0.7
6.365,-0.0091,-0.0383,-0.006,-0.093,-0.9
6.366,-0.0218,-0.042,-0.0488,-0.06,-1.0
6.367,-0.03,-0.0308,-0.078,-0.0488,-1.2
6.368,-0.0315,-0.0293,-0.0863,-0.012,-1.3
6.369,-0.0248,-0.0256,-0.078,-0.0128,-1.4
6.37,-0.0158,-0.027,-0.0593,-0.0203,-1.6
6.371,-0.0218,-0.0278,-0.0368,-0.0105,-1.8
6.372,-0.0285,-0.0278,-0.0143,0.012,-1.9
6.373,-0.0315,-0.0256,-0.0053,0.0217,-2.0
6.374,-0.0315,-0.0405,0.003,-0.0181,-2.2
6.375,-0.0195,-0.0593,0.012,-0.081,-2.3
6.376,-0.003,-0.048,0.0322,-0.1703,-2.5
6.377,0.0142,-0.03,0.0592,-0.1403,-2.6
6.378,0.036,-0.015,0.0712,-0.0555,-2.7
6.379,0.0517,0.0082,0.06,0.0682,-2.9
6.38,0.066,0.069,0.0457,0.1725,-3.1
6.381,0.0697,0.1162,0.0382,0.0952,-3.2
6.382,0.042,0.0652,0.0322,0.0615,-3.3
6.383,0.0277,0.003,0.0217,0.0405,-3.4
6.384,0.015,-0.0046,0.0067,0.006,-3.5
6.385,-0.0068,-0.015,0.0112,0.0172,-3.6
6.386,-0.0128,-0.0143,0.0105,-0.0046,-3.7
6.387,-0.0263,-0.0083,0.0037,0.0097,-3.8
6.388,-0.0308,-0.0158,0.0067,0.009,-3.9
6.389,-0.0353,-0.0128,0.0075,0.0127,-4.1
6.39,-0.0383,-0.0098,0.0157,0.0202,-4.1
6.391,-0.0293,-0.0038,0.0202,0.0105,-4.2
6.392,-0.0256,-0.0008,0.0292,0.0067,-4.4
6.393,-0.0105,-0.0068,0.0397,-0.033,-4.5
6.394,0.0022,-0.0181,0.0532,-0.0578,-4.6
6.395,0.0097,-0.0188,0.042,-0.045,-4.7
6.396,0.0157,-0.0091,0.0045,-0.0233,-4.8
6.397,0.0067,0.0,-0.0225,-0.0083,-4.9
6.398,0.0045,0.009,-0.0713,0.0052,-5.0
6.399,-0.003,0.012,-0.1065,0.0142,-5.1
6.4,-0.0046,0.018,-0.12,0.0157,-5.3
6.401,0.0105,0.0202,-0.1238,0.0142,-5.2
6.402,0.0202,0.0202,-0.0735,0.012,-5.1
6.403,0.0217,0.0217,-0.039,0.0052,-5.1
6.404,0.0112,0.0157,-0.0195,-0.0023,-5.0
6.405,0.0045,0.015,0.0015,0.0007,-5.0
6.406,-0.0023,0.018,0.009,0.0007,-4.9
6.407,-0.012,0.0195,0.0412,0.003,-4.9
6.408,-0.0038,0.0195,0.066,0.0045,-4.8
6.409,-0.0105,0.0157,0.0825,-0.0008,-4.7
6.41,-0.0233,0.0127,0.0652,-0.0053,-4.6
6.411,-0.0278,0.0135,0.0345,-0.0053,-4.6
6.412,-0.0173,0.0127,0.0142,-0.003,-4.5
6.413,0.0105,0.012,-0.0105,0.0007,-4.5
6.414,0.0345,0.0105,-0.0285,0.0052,-4.4
6.415,0.051,0.0037,-0.0436,0.009,-4.4
6.416,0.0442,0.0015,-0.033,0.012,-4.3
6.417,0.0277,-0.0008,-0.0188,0.012,-4.2
6.418,0.0217,-0.0046,-0.0046,0.009,-4.2
6.419,0.0052,-0.0083,-0.0008,0.003,-4.1
6.42,-0.0098,-0.012,-0.0053,-0.003,-4.1
6.421,-0.0346,-0.0173,0.0067,-0.0075,-4.1
6.422,-0.0518,-0.0233,0.0277,-0.0091,-4.3
6.423,-0.057,-0.0195,0.0847,-0.003,-4.4
6.424,-0.057,-0.0165,0.1192,0.0,-4.5
6.425,-0.0315,-0.0181,0.1065,0.0037,-4.7
6.426,0.003,-0.0218,0.0667,0.0022,-4.8
6.427,0.0442,-0.0233,-0.0038,0.0,-5.0
6.428,0.0615,-0.0188,-0.048,0.0007,-5.1
6.429,0.0382,-0.0165,-0.0743,-0.0075,-5.2
6.43,0.0165,-0.0143,-0.0691,-0.0083,-5.4
6.431,0.0,-0.0143,-0.033,-0.0046,-5.4
6.432,-0.0105,-0.0143,0.0015,-0.0046,-5.6
6.433,-0.0098,-0.012,0.036,-0.0038,-5.7
6.434,-0.0128,-0.0105,0.0442,-0.0083,-5.9
6.435,-0.0083,-0.0083,0.0562,-0.0158,-6.0
6.436,-0.0038,-0.0046,0.072,-0.0368,-6.1
6.437,0.0037,-0.0038,0.0967,-0.0308,-6.3
6.438,0.021,-0.0158,0.111,0.0127,-6.4
6.439,0.012,-0.0308,0.0765,0.0157,-6.5
6.44,-0.0068,-0.039,0.0315,0.0052,-6.7
6.441,-0.0181,-0.0405,-0.0405,-0.0015,-7.0
6.442,-0.0256,-0.0368,-0.108,-0.0143,-7.3
6.443,-0.0181,-0.03,-0.1433,-0.006,-7.6
6.444,0.0007,-0.0203,-0.1448,-0.0128,-7.9
6.445,0.0292,-0.0165,-0.1275,-0.012,-8.3
6.446,0.0517,-0.0105,-0.1208,-0.0015,-8.6
6.447,0.0615,-0.0091,-0.0856,-0.0015,-8.9
6.448,0.0637,-0.0128,-0.0615,-0.0038,-9.2
6.449,0.0547,-0.0105,-0.0518,-0.0046,-9.5
6.45,0.0382,-0.0053,-0.0458,0.0,-9.9
6.451,0.0255,-0.0008,-0.0338,-0.0015,-10.2
6.452,-0.0023,0.0007,-0.0105,0.0037,-10.5
6.453,-0.0405,0.0007,0.0037,0.0045,-10.8
6.454,-0.063,0.0037,0.024,0.0052,-11.1
6.455,-0.0743,0.009,0.027,0.0067,-11.5
6.456,-0.0623,0.0135,0.0427,-0.0008,-11.8
6.457,-0.0398,0.0127,0.0742,0.0007,-12.1
6.458,-0.0383,0.0127,0.0952,0.0045,-12.4
6.459,-0.048,0.0165,0.099,0.0045,-12.7
6.46,-0.06,0.0195,0.078,0.0037,-13.1
6.461,-0.0608,0.0232,0.0292,-0.0015,-13.2
6.462,-0.0315,0.0292,-0.0315,0.0015,-13.4
6.463,0.0067,0.033,-0.0675,0.009,-13.6
6.464,0.0457,0.0337,-0.0788,0.0045,-13.8
6.465,0.0832,0.0307,-0.0645,0.0052,-14.0
6.466,0.09,0.024,-0.0293,0.0052,-14.1
6.467,0.066,0.0202,0.0157,0.0015,-14.3
6.468,0.0307,0.021,0.0435,0.0045,-14.5
6.469,-0.0113,0.0225,0.0465,0.003,-14.7
6.47,-0.0383,0.0232,0.0495,0.003,-14.9
6.471,-0.0503,0.0277,0.0367,0.0022,-15.0
6.472,-0.0585,0.0285,0.0292,-0.0023,-15.2
6.473,-0.0518,0.024,0.0277,-0.0008,-15.3
6.474,-0.0495,0.0202,0.0217,0.0015,-15.5
6.475,-0.0405,0.0255,0.03,0.0045,-15.7
6.476,-0.0308,0.0292,0.0292,0.0052,-15.9
6.477,-0.0285,0.0292,0.0285,0.0067,-16.1
6.478,-0.0203,0.0315,0.0195,0.0082,-16.2
6.479,-0.0195,0.0255,0.009,0.0045,-16.4
6.48,-0.012,0.0255,0.0135,0.0045,-16.7
6.481,-0.0046,0.024,0.0127,0.0045,-16.6
6.482,0.0022,0.018,0.0217,0.0067,-16.5
6.483,0.0172,0.0165,0.0217,0.0082,-16.4
6.484,0.027,0.009,0.0337,0.0045,-16.4
6.485,0.033,0.0,0.0547,0.003,-16.3
6.486,0.0285,0.0015,0.0427,0.0052,-16.2
6.487,0.0157,0.006,0.027,0.0052,-16.2
6.488,0.0007,0.006,-0.0008,0.0,-16.1
6.489,-0.0008,0.003,-0.0285,-0.006,-16.0
6.49,0.0037,-0.0023,-0.0443,-0.0105,-15.9
6.491,-0.0015,-0.003,-0.0593,-0.0068,-15.8
6.492,0.0067,-0.003,-0.024,-0.0008,-15.8
6.493,0.0127,-0.0038,0.0427,0.0007,-15.7
6.494,0.0157,-0.003,0.0712,0.0007,-15.7
6.495,0.027,-0.0008,0.0315,0.0022,-15.6
6.496,0.027,0.0015,-0.0555,0.0045,-15.5
6.497,0.0195,0.0007,-0.1275,0.0007,-15.4
6.498,0.0052,-0.0008,-0.1568,-0.0008,-15.3
6.499,-0.003,0.0,-0.1418,0.0052,-15.3
6.5,0.0007,0.0015,-0.1006,0.0142,-15.2
6.501,-0.0015,0.0022,-0.0428,0.0172,-15.1
6.502,-0.0091,0.003,0.018,0.0202,-14.9
6.503,-0.0233,-0.0008,0.0495,0.0202,-14.8
6.504,-0.0218,-0.003,0.0712,0.0165,-14.7
6.505,-0.0068,-0.006,0.0772,0.0015,-14.5
6.506,0.012,-0.0105,0.063,-0.0338,-14.4
6.507,0.0345,-0.012,0.057,-0.0436,-14.2
6.508,0.0397,-0.0105,0.0517,-0.0218,-14.1
6.509,0.036,-0.0083,0.039,-0.0105,-14.0
6.51,0.0292,-0.0068,0.0202,0.0007,-13.8
6.511,0.027,-0.0068,0.0097,0.0075,-13.7
6.512,0.0157,-0.0038,0.003,0.0052,-13.5
6.513,-0.0008,-0.0038,0.0022,0.0075,-13.4
6.514,-0.0015,-0.0046,0.006,0.0045,-13.3
6.515,-0.003,-0.0068,0.0075,0.0037,-13.1
6.516,-0.0015,-0.0068,0.0105,0.0067,-13.0
6.517,-0.0015,-0.003,0.0022,0.0067,-12.8
6.518,-0.006,-0.0038,-0.0015,0.0052,-12.7
6.519,-0.006,-0.003,-0.0098,0.0045,-12.6
6.52,-0.006,-0.003,-0.012,0.003,-12.4
6.521,-0.0015,-0.0053,-0.0068,0.0015,-12.3
6.522,0.0022,-0.0105,0.0,0.0015,-12.2
6.523,0.0045,-0.0083,0.0202,0.0007,-12.2
6.524,0.0067,-0.0046,0.0435,-0.0023,-12.1
6.525,-0.0015,-0.0083,0.0547,-0.0091,-12.0
6.526,-0.0038,-0.0113,0.0375,-0.0105,-11.9
6.527,-0.0053,-0.0128,0.0112,-0.0091,-11.8
6.528,-0.006,-0.015,-0.0143,-0.0083,-11.7
6.529,-0.0015,-0.0143,-0.039,-0.0046,-11.7
6.53,-0.0008,-0.0158,-0.0495,-0.0053,-11.6
6.531,0.0,-0.015,-0.0585,-0.0023,-11.5
6.532,0.0,-0.0135,-0.0511,0.0015,-11.4
6.533,0.0022,-0.0128,-0.024,0.0015,-11.3
6.534,0.0015,-0.0143,0.0075,0.0045,-11.3
6.535,-0.0008,-0.015,0.0255,-0.0008,-11.2
6.536,-0.003,-0.0181,0.0285,-0.0023,-11.1
6.537,-0.0098,-0.0195,0.0292,-0.0023,-11.0
6.538,-0.0128,-0.0181,0.0195,-0.0068,-10.9
6.539,-0.0158,-0.0173,0.015,-0.0053,-10.8
6.54,-0.024,-0.0098,0.0135,-0.0053,-10.8
6.541,-0.0465,-0.0083,0.0067,-0.0023,-10.7
6.542,-0.0698,-0.006,-0.0046,0.0007,-10.7
6.543,-0.0615,-0.0046,-0.0165,-0.0038,-10.6
6.544,-0.0346,-0.0091,-0.024,-0.003,-10.5
6.545,0.0015,-0.0113,-0.024,-0.003,-10.5
6.546,0.0397,-0.0165,-0.012,-0.0053,-10.4
6.547,0.0525,-0.0225,-0.0046,-0.003,-10.4
6.548,0.0525,-0.0188,0.006,0.0,-10.3
6.549,0.0442,-0.0158,0.0112,-0.0008,-10.3
6.55,0.033,-0.015,0.003,0.0,-10.2
6.551,0.0165,-0.0143,-0.0023,0.0052,-10.2
6.552,-0.0053,-0.0128,-0.012,0.0045,-10.1
6.553,-0.0143,-0.0135,-0.0218,-0.003,-10.0
6.554,-0.0248,-0.0135,-0.0293,-0.0053,-10.0
6.555,-0.0256,-0.0113,-0.0293,-0.0053,-9.9
6.556,-0.0158,-0.0046,-0.0293,-0.0023,-9.9
6.557,-0.0105,0.0052,-0.0285,0.0007,-9.9
6.558,-0.0046,0.015,-0.0233,0.0015,-9.8
6.559,-0.0046,0.0195,-0.0165,0.0015,-9.7
6.56,-0.003,0.018,-0.0083,0.0015,-9.7
6.561,-0.0015,0.0067,-0.0046,0.0015,-9.7
6.562,-0.006,-0.0091,0.0015,0.003,-9.7
6.563,-0.0008,-0.0285,0.0082,0.0015,-9.7
6.564,-0.0023,-0.0375,0.0127,0.003,-9.7
6.565,0.0007,-0.0188,0.012,0.0037,-9.7
6.566,0.0015,-0.0083,0.0082,0.0022,-9.7
6.567,-0.0038,-0.0046,0.0045,0.0007,-9.8
6.568,-0.0015,0.0045,0.0007,-0.003,-9.8
6.569,-0.0038,0.006,0.0,-0.0068,-9.8
6.57,-0.0083,0.0157,-0.003,-0.0053,-9.8
6.571,-0.0075,0.0142,0.0037,-0.003,-9.8
6.572,-0.0038,0.0157,0.0097,-0.0008,-9.9
6.573,0.0015,0.0255,0.0165,0.0015,-9.9
6.574,0.006,0.024,0.0232,0.0015,-9.9
6.575,0.0105,0.024,0.0202,0.003,-9.9
6.576,0.006,0.0165,0.0202,0.0007,-9.9
6.577,0.0075,0.0105,0.015,-0.0038,-9.9
6.578,0.0157,0.0075,0.0142,-0.0046,-9.9
6.579,0.0187,0.006,0.0135,-0.0105,-10.0
6.58,0.0202,0.0082,0.0045,-0.015,-10.0
6.581,0.0157,0.0045,-0.0046,-0.0091,-10.0
6.582,0.0172,0.0037,-0.0181,-0.0068,-10.0
6.583,0.0127,0.0045,-0.0165,-0.0046,-9.9
6.584,0.0,0.0075,-0.0038,0.0007,-9.9
6.585,-0.0113,0.009,0.0112,0.0015,-9.9
6.586,-0.0256,0.009,0.0255,0.0045,-9.9
6.587,-0.0353,0.0052,0.0225,0.0015,-9.8
6.588,-0.0413,-0.0075,0.027,0.0022,-9.8
6.589,-0.0338,-0.0143,0.0255,0.009,-9.8
6.59,-0.0158,0.0015,0.0232,0.012,-9.7
6.591,-0.0083,0.0292,0.021,0.009,-9.7
6.592,0.0015,0.0352,0.0127,-0.003,-9.7
6.593,0.0067,0.0442,0.0142,-0.0068,-9.6
6.594,0.0075,0.057,0.0082,-0.0053,-9.6
6.595,0.0135,0.0187,0.0067,-0.0083,-9.5
6.596,0.012,-0.0165,0.0082,-0.006,-9.5
6.597,0.012,-0.0181,0.0052,-0.0046,-9.5
6.598,0.009,-0.0278,0.009,-0.006,-9.5
6.599,0.0022,-0.015,0.0082,-0.0053,-9.5
6.6,0.0,0.0127,0.0052,-0.0008,-9.4
6.601,-0.0038,0.0165,0.0045,0.0045,-9.4
6.602,-0.0023,0.0097,0.003,0.003,-9.3
6.603,-0.0091,0.015,-0.003,0.0015,-9.3
6.604,-0.0256,0.024,-0.0105,0.0045,-9.2
6.605,-0.0428,0.024,-0.0173,0.0037,-9.2
6.606,-0.0518,0.0247,-0.0225,0.0022,-9.1
6.607,-0.0368,0.0195,-0.0188,0.0022,-9.1
6.608,-0.003,0.0172,-0.0128,0.003,-9.0
6.609,0.0345,0.0142,-0.0053,0.0037,-9.0
6.61,0.063,0.0105,0.0082,0.0045,-9.0
6.611,0.069,0.0142,0.0165,0.0037,-8.9
6.612,0.0615,0.0082,0.0187,0.0007,-8.9
6.613,0.0472,0.0015,0.0135,-0.0015,-8.8
6.614,0.021,0.0,0.0082,0.0,-8.8
6.615,-0.0015,-0.0023,0.0067,0.0022,-8.7
6.616,-0.0158,0.0007,0.0075,0.0045,-8.7
6.617,-0.024,0.0067,0.0067,0.0067,-8.6
6.618,-0.024,0.006,0.0067,0.003,-8.6
6.619,-0.0248,0.0067,0.009,-0.0015,-8.6
6.62,-0.0218,0.0097,0.012,0.0022,-8.5
6.621,-0.0195,0.0172,0.021,0.0052,-8.5
6.622,-0.0181,0.027,0.0255,0.0052,-8.5
6.623,-0.0128,0.0255,0.024,0.0015,-8.5
6.624,-0.0143,0.0285,0.0195,-0.0015,-8.4
6.625,-0.0098,0.0307,0.0135,-0.0038,-8.4
6.626,-0.0068,0.0345,0.0082,-0.0068,-8.4
6.627,-0.0038,0.0232,0.0052,-0.0046,-8.3
6.628,0.003,-0.0053,0.0045,0.0,-8.3
6.629,0.0007,-0.0188,0.0015,0.0052,-8.3
6.63,0.003,-0.06,0.003,0.003,-8.3
6.631,0.0015,-0.1065,-0.0015,-0.0008,-8.2
6.632,0.0015,-0.1178,-0.0008,0.0007,-8.2
6.633,0.0045,-0.0975,0.0045,-0.0008,-8.2
6.634,0.0007,-0.066,0.006,-0.0008,-8.2
6.635,-0.003,-0.0315,0.0082,-0.0015,-8.1
6.636,-0.0046,-0.0015,0.0082,0.0,-8.1
6.637,-0.0053,-0.0053,0.012,-0.0008,-8.1
6.638,-0.003,-0.0023,0.0127,-0.003,-8.1
6.639,-0.0015,0.003,0.0142,-0.0023,-8.1
6.64,0.0,0.003,0.0135,-0.0015,-8.1
6.641,0.0007,0.0105,0.012,0.0015,-8.1
6.642,-0.0008,0.0127,0.0075,0.0007,-8.1
6.643,0.0015,0.0202,0.0022,0.003,-8.1
6.644,0.0037,0.0225,-0.0015,0.0015,-8.1
6.645,0.0022,0.0195,-0.0083,0.0022,-8.1
6.646,0.0022,0.0127,-0.0135,0.003,-8.1
6.647,0.0052,0.0007,-0.0203,0.0,-8.1
6.648,0.0015,-0.0083,-0.024,0.0015,-8.1
6.649,-0.003,-0.0181,-0.0285,-0.0008,-8.1
6.65,-0.0053,-0.0203,-0.024,0.0015,-8.0
6.651,-0.0105,-0.0143,-0.015,0.003,-8.0
6.652,-0.0098,-0.0068,-0.0098,0.0007,-8.0
6.653,-0.0053,-0.003,-0.0053,0.0015,-8.0
6.654,-0.003,0.0007,-0.0053,0.0015,-8.0
6.655,-0.0015,0.003,0.0015,0.0045,-8.0
6.656,0.0022,0.0022,0.0037,0.0007,-8.0
6.657,0.0045,0.0022,0.006,-0.003,-8.0
6.658,0.0007,0.003,0.009,-0.0023,-8.0
6.659,-0.0008,0.0045,0.0045,-0.0038,-8.0
6.66,-0.0008,0.0052,0.009,-0.0023,-8.0
6.661,-0.0015,0.009,0.0082,-0.0015,-8.0
6.662,0.0007,0.009,0.0067,-0.0046,-8.0
6.663,0.0007,0.0097,0.0052,-0.0046,-8.0
6.664,0.0007,0.0105,0.0007,-0.0008,-8.0
6.665,0.0,0.0097,0.0037,0.0022,-8.0
6.666,0.0045,0.0127,-0.0023,0.0045,-8.0
6.667,0.0127,0.0105,-0.003,0.003,-8.0
6.668,0.0172,0.0082,-0.0023,0.0,-8.0
6.669,0.0157,0.006,-0.003,-0.0046,-8.0
6.67,0.0097,0.0045,0.0,-0.0105,-8.0
6.671,0.0015,0.0022,-0.0046,-0.0128,-8.0
6.672,-0.0046,0.0007,-0.0053,-0.0068,-8.0
6.673,-0.0083,0.0022,-0.0053,-0.0038,-8.0
6.674,-0.0143,0.003,-0.0068,-0.0008,-8.0
6.675,-0.0218,0.0045,-0.0083,0.0007,-8.0
6.676,-0.0285,0.0045,-0.0143,-0.0015,-8.0
6.677,-0.0293,0.003,-0.0165,0.0,-8.0
6.678,-0.0203,0.0015,-0.0165,0.0007,-8.0
6.679,-0.0083,0.0022,-0.0158,0.0015,-8.0
6.68,0.003,-0.0008,-0.0143,0.0037,-8.1
6.681,0.0112,-0.0015,-0.0135,0.0022,-8.1
6.682,0.0112,-0.0023,-0.0068,-0.0008,-8.0
6.683,0.009,-0.006,-0.0008,0.0007,-8.0
6.684,0.0082,-0.0068,0.0037,-0.0008,-8.0
6.685,0.0052,-0.0105,0.0082,-0.0053,-8.0
6.686,0.0022,-0.0113,0.0082,-0.0046,-8.0
6.687,0.0022,-0.012,0.0082,-0.0038,-8.0
6.688,0.003,-0.0098,0.0052,-0.0015,-7.9
6.689,0.003,-0.0083,0.0045,-0.0015,-7.9
6.69,0.0015,-0.0075,0.0,-0.0015,-7.9
6.691,0.0022,-0.0083,-0.006,0.0015,-7.9
6.692,0.003,-0.0068,-0.0068,0.0,-7.9
6.693,0.0007,-0.006,-0.0113,0.0007,-7.8
6.694,-0.0015,-0.0113,-0.0098,0.0015,-7.8
6.695,-0.0053,-0.0105,-0.0083,-0.0008,-7.8
6.696,-0.006,-0.0091,-0.0046,0.0015,-7.8
6.697,-0.0046,-0.0075,0.0052,0.0015,-7.8
6.698,-0.003,-0.0083,0.0045,-0.0008,-7.8
6.699,-0.0158,-0.0091,0.0075,0.0007,-7.7
6.7,-0.0353,-0.0083,0.0015,0.0,-7.7
6.701,-0.0353,-0.0091,-0.0015,0.0007,-7.7
6.702,-0.0256,-0.0105,0.0037,-0.0023,-7.7
6.703,-0.0068,-0.0105,-0.0008,-0.0053,-7.7
6.704,0.0247,-0.0091,0.0007,-0.0015,-7.7
6.705,0.0465,-0.0083,-0.0008,-0.0015,-7.7
6.706,0.0562,-0.0091,0.0007,0.0007,-7.7
6.707,0.0502,-0.0098,0.0022,0.003,-7.7
6.708,0.0292,-0.0105,0.0007,0.0007,-7.6
6.709,0.006,-0.0091,0.0067,0.0015,-7.6
6.71,-0.0105,-0.0098,0.009,-0.0008,-7.6
6.711,-0.0181,-0.0091,0.0097,0.0007,-7.6
6.712,-0.0195,-0.006,0.0105,0.0015,-7.6
6.713,-0.0165,-0.0053,0.0112,0.003,-7.5
6.714,-0.0128,-0.0053,0.0105,0.0045,-7.5
6.715,-0.0105,-0.0053,0.009,0.0007,-7.5
6.716,-0.0068,-0.0053,0.0105,0.0007,-7.5
6.717,-0.0083,-0.003,0.0112,0.0,-7.5
6.718,-0.0053,-0.0015,0.0112,0.0007,-7.5
6.719,-0.0023,-0.0015,0.0112,-0.0008,-7.4
6.72,-0.0023,-0.0008,0.0105,-0.0015,-7.4
6.721,0.0015,0.003,0.0097,0.0007,-7.4
6.722,0.0037,0.0067,0.0067,0.0,-7.4
6.723,0.003,0.0067,0.0045,0.0022,-7.4
6.724,0.0022,0.0105,0.0015,0.0015,-7.4
6.725,0.0007,0.0157,0.0,-0.0023,-7.3
6.726,0.0,0.0157,0.0,-0.0015,-7.3
6.727,-0.0015,0.0165,0.003,-0.003,-7.3
6.728,-0.0053,0.0135,0.0075,-0.0023,-7.3
6.729,-0.0083,0.0127,0.0067,-0.0008,-7.3
6.73,-0.003,0.0135,0.0067,0.0007,-7.2
6.731,-0.0008,0.0112,0.0045,0.0007,-7.2
6.732,-0.0008,0.0142,0.003,-0.0008,-7.2
6.733,-0.0008,0.0142,0.0052,-0.0015,-7.2
6.734,-0.0015,0.009,0.006,-0.0008,-7.2
6.735,0.003,0.0067,0.003,-0.0008,-7.2
6.736,0.0045,0.0097,-0.0015,-0.0008,-7.2
6.737,0.0052,0.0127,-0.0038,-0.0008,-7.2
6.738,0.0052,0.0165,-0.0046,0.0,-7.2
6.739,0.003,0.0172,-0.0038,0.003,-7.1
6.74,0.0007,0.0195,-0.0015,0.0015,-7.1
6.741,-0.0015,0.024,-0.0015,-0.0046,-7.1
6.742,-0.0015,0.024,0.003,-0.0046,-7.1
6.743,-0.003,0.0217,0.0052,-0.0015,-7.0
6.744,-0.0075,0.0157,0.009,-0.0015,-7.0
6.745,-0.0053,0.0142,0.0112,0.0015,-7.0
6.746,-0.0023,0.0127,0.009,0.0015,-7.0
6.747,-0.0046,0.012,0.003,0.0015,-6.9
6.748,-0.003,0.012,-0.0008,0.0015,-6.9
6.749,-0.0015,0.0112,-0.0008,0.0,-6.9
6.75,-0.0046,0.0112,-0.0008,0.0015,-6.8
6.751,-0.0046,0.009,0.0015,0.0015,-6.8
6.752,-0.0023,0.0067,-0.0015,0.0007,-6.8
6.753,-0.0015,0.0052,-0.0038,0.0015,-6.8
6.754,-0.0008,0.0022,-0.003,-0.0008,-6.8
6.755,0.0007,-0.0008,-0.003,-0.0046,-6.8
6.756,0.003,-0.003,-0.0008,-0.003,-6.7
6.757,0.0007,-0.0046,-0.0008,0.0,-6.7
6.758,-0.0015,-0.0053,0.0015,-0.0008,-6.7
6.759,-0.0015,-0.0091,0.003,0.0007,-6.7
6.76,-0.0015,-0.0075,0.0015,0.003,-6.6
6.761,0.003,-0.0046,0.0015,0.0022,-6.6
6.762,0.0007,-0.0023,0.003,0.003,-6.6
6.763,-0.003,-0.0008,0.0015,0.003,-6.6
6.764,-0.0008,-0.0015,0.0,0.0007,-6.5
6.765,-0.0038,-0.0015,0.0,-0.0023,-6.5
6.766,-0.0038,0.0007,-0.0008,-0.0068,-6.5
6.767,-0.0038,0.0015,0.0022,-0.0075,-6.5
6.768,-0.0008,0.0007,0.0007,-0.0053,-6.4
6.769,0.0015,-0.0015,-0.0015,-0.0053,-6.4
6.77,-0.0008,-0.0046,0.0015,-0.003,-6.4
6.771,0.0007,-0.0068,0.0015,-0.0038,-6.4
6.772,-0.0008,-0.006,0.0045,-0.003,-6.4
6.773,-0.0008,-0.0046,0.0067,0.0007,-6.3
6.774,0.0007,-0.006,0.0045,0.0007,-6.3
6.775,-0.0008,-0.0068,0.009,0.0007,-6.3
6.776,-0.0038,-0.0091,0.0082,0.0,-6.3
6.777,-0.0038,-0.0105,0.009,0.0007,-6.3
6.778,-0.0046,-0.0135,0.009,-0.0008,-6.3
6.779,-0.0053,-0.0158,0.0052,0.0,-6.2
6.78,-0.0053,-0.0135,0.0052,0.0022,-6.2
6.781,-0.006,-0.0135,0.0052,0.0022,-6.2
6.782,-0.003,-0.0165,0.0067,0.0052,-6.2
6.783,-0.0008,-0.0158,0.0052,0.0022,-6.2
6.784,0.003,-0.012,0.0015,0.0007,-6.1
6.785,0.009,-0.0105,-0.0008,0.0015,-6.1
6.786,0.0135,-0.0091,-0.0023,0.0015,-6.1
6.787,0.012,-0.0075,0.0007,0.0015,-6.0
6.788,0.0067,-0.0075,-0.0008,0.0007,-6.0
6.789,0.003,-0.0038,0.0015,-0.0008,-6.0
6.79,-0.003,0.0015,0.0015,0.0,-6.0
6.791,-0.0046,0.0082,0.0007,-0.0015,-5.9
6.792,-0.006,0.0105,0.0,-0.0046,-5.9
6.793,-0.0083,0.012,0.0,-0.0053,-5.9
6.794,-0.0083,0.0142,0.003,-0.0008,-5.9
6.795,-0.0113,0.0142,0.0037,-0.0008,-5.9
6.796,-0.0068,0.0157,0.0052,-0.0008,-5.9
6.797,-0.003,0.0165,0.0045,0.0007,-5.8
6.798,-0.0015,0.0165,0.0045,0.0015,-5.8
6.799,0.0022,0.0142,0.0075,0.0,-5.8
6.8,0.0045,0.0135,0.0097,0.0,-5.8
6.801,0.0067,0.0142,0.012,0.0007,-5.8
6.802,0.0015,0.0127,0.0105,0.0,-5.7
6.803,0.003,0.012,0.0082,0.0015,-5.7
6.804,0.0022,0.0082,0.0037,0.0007,-5.7
6.805,-0.0015,0.0045,0.0037,0.003,-5.7
6.806,-0.0015,0.0007,-0.0008,0.0015,-5.7
6.807,-0.0046,0.0,-0.0015,0.0015,-5.6
6.808,-0.0015,-0.0023,0.0015,0.003,-5.6
6.809,-0.0008,-0.0023,0.0015,-0.0008,-5.6
6.81,-0.003,0.0007,0.0052,0.0007,-5.6
6.811,-0.0038,0.0007,0.0015,0.0015,-5.6
6.812,-0.0038,-0.0015,-0.003,0.0,-5.5
6.813,0.0,-0.0015,-0.0023,0.0007,-5.5
6.814,-0.0015,-0.0015,-0.003,0.0015,-5.5
6.815,0.0,0.0,-0.0038,0.0015,-5.5
6.816,0.0,0.0037,-0.0015,0.0007,-5.5
6.817,-0.0015,0.0052,-0.0023,0.0015,-5.4
6.818,0.0007,0.0045,-0.0038,0.0022,-5.4
6.819,-0.0015,0.0045,-0.0015,0.0015,-5.4
6.82,-0.003,0.0015,0.0015,0.0007,-5.4
6.821,-0.0015,-0.0015,0.0067,0.0007,-5.4
6.822,-0.003,-0.0038,0.0082,0.0015,-5.4
6.823,-0.0008,-0.0068,0.0082,-0.0015,-5.4
6.824,0.0015,-0.0098,0.0067,-0.0015,-5.3
6.825,0.0037,-0.0128,0.0082,-0.0015,-5.3
6.826,0.0007,-0.015,0.006,-0.0015,-5.3
6.827,0.0037,-0.0173,0.0045,-0.0008,-5.3
6.828,0.0082,-0.0203,0.006,-0.0008,-5.3
6.829,0.006,-0.0203,0.0045,0.0007,-5.2
6.83,0.0105,-0.024,0.0052,-0.0008,-5.2
6.831,0.0097,-0.027,0.006,0.0,-5.2
6.832,0.0082,-0.0263,0.0082,0.0007,-5.2
6.833,0.009,-0.0293,0.0105,0.0022,-5.2
6.834,0.0067,-0.033,0.009,0.0015,-5.1
6.835,0.0067,-0.0368,0.0067,0.0007,-5.1
6.836,0.006,-0.0383,0.0075,0.0007,-5.1
6.837,0.0045,-0.039,0.0067,0.0007,-5.1
6.838,0.0022,-0.0375,0.003,0.0,-5.1
6.839,0.0,-0.033,0.0022,-0.0008,-5.0
6.84,-0.0008,-0.0278,0.0015,-0.0023,-5.0
6.841,-0.003,-0.024,0.0007,-0.0038,-5.0
6.842,-0.0015,-0.0203,0.0007,-0.003,-5.0
6.843,-0.0038,-0.0158,0.003,-0.0046,-5.0
6.844,-0.0038,-0.0128,0.0037,-0.0038,-5.0
6.845,-0.003,-0.0091,0.0015,-0.0015,-4.9
6.846,-0.0053,-0.0038,-0.0008,-0.0015,-4.9
6.847,-0.0046,0.0007,-0.0008,-0.0008,-4.9
6.848,-0.0046,0.0067,-0.0015,-0.0015,-4.9
6.849,-0.003,0.0112,-0.0008,0.0,-4.8
6.85,-0.0008,0.012,0.0045,-0.0023,-4.8
6.851,-0.0008,0.0052,0.0045,0.0007,-4.8
6.852,0.0015,0.0015,0.0045,0.0007,-4.7
6.853,-0.0008,0.0015,0.0015,-0.0053,-4.7
6.854,-0.0038,0.0007,-0.003,-0.003,-4.7
6.855,-0.0015,0.0045,-0.0053,-0.0046,-4.7
6.856,-0.003,0.0105,-0.0053,-0.0038,-4.6
6.857,0.0,0.0142,-0.0015,0.0007,-4.6
6.858,0.0015,0.0172,-0.0015,0.0007,-4.6
6.859,0.0022,0.021,0.0007,0.0015,-4.6
6.86,0.0015,0.0232,0.0007,-0.0008,-4.5
6.861,-0.0008,0.0247,0.0015,-0.0023,-4.5
6.862,0.0015,0.0247,0.003,-0.0008,-4.5
6.863,-0.0008,0.024,0.0037,-0.0023,-4.5
6.864,-0.0008,0.0232,0.0045,-0.0015,-4.5
6.865,0.0007,0.0247,0.0045,0.0007,-4.5
6.866,-0.0046,0.0217,0.0037,0.0,-4.5
6.867,-0.0015,0.018,0.0045,0.0007,-4.5
6.868,-0.0038,0.018,0.006,-0.0015,-4.5
6.869,-0.0038,0.0142,0.0052,-0.0023,-4.4
6.87,-0.0008,0.0142,0.0037,-0.0008,-4.4
6.871,-0.0038,0.012,0.0022,0.0,-4.4
6.872,-0.0015,0.0067,0.0022,0.0007,-4.4
6.873,0.0015,0.0022,0.0022,0.0,-4.4
6.874,0.0015,-0.0038,0.0015,-0.0008,-4.4
6.875,0.0007,-0.0053,0.003,-0.0008,-4.3
6.876,0.0007,-0.0083,0.0067,0.0007,-4.3
6.877,-0.0008,-0.012,0.0052,0.0015,-4.3
6.878,-0.0046,-0.0143,0.003,0.0,-4.3
6.879,-0.003,-0.0158,0.0045,0.0,-4.3
6.88,-0.0008,-0.0158,-0.0008,-0.0023,-4.3
6.881,-0.003,-0.0165,-0.0046,-0.0015,-4.3
6.882,0.0,-0.0181,-0.0083,-0.0008,-4.2
6.883,-0.0015,-0.0165,-0.0091,-0.003,-4.2
6.884,-0.0038,-0.0165,-0.0053,-0.0023,-4.2
6.885,-0.0023,-0.0195,-0.0068,-0.0023,-4.2
6.886,-0.0053,-0.0181,-0.0083,-0.0015,-4.2
6.887,-0.0038,-0.0181,-0.0068,0.0,-4.2
6.888,-0.0008,-0.0181,-0.0053,0.003,-4.2
6.889,-0.0023,-0.0158,-0.0046,0.003,-4.2
6.89,-0.0015,-0.015,-0.0046,0.0015,-4.1
6.891,-0.0015,-0.012,-0.006,0.0007,-4.1
6.892,-0.0008,-0.0105,-0.0091,0.0007,-4.1
6.893,0.0015,-0.0105,-0.0091,0.003,-4.1
6.894,0.0007,-0.0091,-0.0083,0.0007,-4.1
6.895,0.0015,-0.0083,-0.0046,0.0007,-4.1
6.896,0.0007,-0.0068,-0.0046,0.0015,-4.1
6.897,-0.0015,-0.0083,-0.003,0.0,-4.1
6.898,-0.0015,-0.006,-0.0015,0.0007,-4.1
6.899,-0.0008,-0.0046,-0.0046,0.0007,-4.1
6.9,0.0022,-0.0053,-0.0046,0.0022,-4.1
6.901,0.0015,-0.0038,-0.006,0.0015,-4.1
6.902,0.0015,-0.0038,-0.0068,0.0022,-4.0
6.903,0.0015,-0.003,-0.0046,0.0022,-4.0
6.904,-0.0023,-0.0015,-0.0053,-0.0008,-4.0
6.905,-0.003,-0.0038,-0.0046,0.0,-4.0
6.906,-0.0046,-0.0015,-0.0023,0.0007,-4.0
6.907,-0.0023,-0.0008,-0.0008,0.0007,-4.0
6.908,-0.0046,0.0015,0.0007,0.0007,-4.0
6.909,-0.0053,0.0045,-0.0008,0.0,-4.0
6.91,-0.0008,0.0022,0.0,0.0015,-3.9
6.911,-0.0015,0.006,-0.0015,0.0007,-3.9
6.912,0.0,0.006,-0.0015,-0.0008,-3.9
6.913,-0.0008,0.0067,-0.0015,0.0007,-3.9
6.914,-0.0008,0.0105,0.0007,-0.0008,-3.9
6.915,0.0,0.0097,0.0045,0.0007,-3.9
6.916,0.0007,0.0105,0.0007,0.0007,-3.9
6.917,0.0015,0.012,0.0015,-0.0015,-3.9
6.918,-0.0023,0.0127,0.0,0.0015,-3.9
6.919,0.0007,0.0127,0.0007,-0.0008,-3.8
6.92,0.003,0.0157,0.0015,-0.0023,-3.8
6.921,-0.0008,0.018,0.0007,-0.0015,-3.8
6.922,0.0,0.0157,0.0015,-0.0046,-3.8
6.923,-0.003,0.0127,-0.003,-0.0008,-3.8
6.924,-0.003,0.0127,-0.003,0.0,-3.8
6.925,-0.0015,0.0112,-0.003,0.0,-3.8
6.926,-0.0015,0.0105,-0.0008,0.0007,-3.8
6.927,-0.0038,0.0105,0.0007,-0.0015,-3.8
6.928,-0.006,0.0112,0.0015,0.0007,-3.7
6.929,-0.0053,0.0142,0.0015,-0.0008,-3.7
6.93,-0.0046,0.0142,-0.003,-0.0015,-3.7
6.931,-0.0046,0.0157,-0.0023,0.0007,-3.7
6.932,-0.003,0.0157,-0.0008,0.0007,-3.7
6.933,0.0,0.0142,0.0,0.0007,-3.7
6.934,0.0007,0.0142,0.0015,0.0007,-3.7
6.935,0.0007,0.012,-0.0023,0.0007,-3.7
6.936,0.0015,0.0105,-0.0008,-0.0008,-3.7
6.937,0.0015,0.009,0.0015,-0.0008,-3.7
6.938,0.0007,0.0075,0.0007,0.0015,-3.6
6.939,-0.0008,0.0082,0.0015,-0.0008,-3.6
6.94,-0.0023,0.0067,0.0,-0.0008,-3.6
6.941,-0.0038,0.0067,-0.0008,0.0,-3.6
6.942,-0.0046,0.0067,-0.0015,0.0015,-3.6
6.943,-0.0015,0.0067,-0.0015,0.003,-3.6
6.944,0.0,0.0052,0.0007,0.0,-3.6
6.945,0.0007,0.0067,0.0037,0.0007,-3.6
6.946,-0.0008,0.0112,0.003,0.0007,-3.6
6.947,-0.0023,0.012,0.0007,-0.0008,-3.6
6.948,-0.0015,0.0127,0.0007,-0.0008,-3.6
6.949,-0.0015,0.0157,-0.0015,-0.0023,-3.6
6.95,0.0007,0.0165,-0.0008,-0.0015,-3.6
6.951,0.0015,0.0165,-0.003,-0.003,-3.6
6.952,0.0,0.0172,0.0007,-0.003,-3.6
6.953,-0.0008,0.0172,0.0022,-0.0023,-3.5
6.954,-0.0015,0.0165,-0.0008,-0.0015,-3.5
6.955,-0.0015,0.015,0.0037,0.0015,-3.5
6.956,-0.0015,0.0135,0.0022,0.0,-3.5
6.957,-0.0008,0.012,0.0052,-0.0008,-3.5
6.958,-0.0008,0.0105,0.0052,-0.0015,-3.5
6.959,-0.003,0.0105,0.0052,-0.0023,-3.5
6.96,-0.0015,0.009,0.006,0.0007,-3.5
6.961,-0.0038,0.0075,0.0052,0.0007,-3.5
6.962,-0.0038,0.0052,0.0082,0.0015,-3.5
6.963,-0.003,0.0015,0.0067,-0.0015,-3.5
6.964,-0.003,0.0007,0.0082,-0.0008,-3.5
6.965,0.0007,-0.003,0.0052,0.0015,-3.5
6.966,-0.0023,-0.0068,0.0045,-0.0023,-3.5
6.967,-0.003,-0.0083,0.0082,-0.0008,-3.5
6.968,-0.003,-0.0068,0.0052,0.0,-3.5
6.969,-0.003,-0.006,0.0105,-0.0008,-3.5
6.97,-0.0015,-0.0053,0.0082,-0.0008,-3.5
6.971,-0.0023,-0.0038,0.0045,0.0,-3.5
6.972,-0.0008,-0.0053,-0.0008,-0.0008,-3.5
6.973,0.0007,-0.0068,-0.0015,-0.0015,-3.5
6.974,0.0045,-0.0075,0.0022,0.0,-3.5
6.975,0.003,-0.0068,0.003,-0.0008,-3.5
6.976,0.0015,-0.0091,0.006,-0.0008,-3.5
6.977,-0.0008,-0.0128,0.0037,-0.0008,-3.5
6.978,-0.0053,-0.0128,0.0015,0.0022,-3.5
6.979,-0.0046,-0.0113,0.0045,0.0022,-3.5
6.98,-0.003,-0.012,0.0007,0.0015,-3.6
6.981,-0.0038,-0.012,0.0022,0.0007,-3.6
6.982,-0.003,-0.012,0.0052,0.0,-3.6
6.983,-0.0015,-0.012,0.003,0.0007,-3.6
6.984,0.0015,-0.0128,0.003,-0.003,-3.6
6.985,0.0015,-0.0105,0.0022,-0.003,-3.6
6.986,0.0015,-0.0068,0.0052,-0.0046,-3.6
6.987,0.0,-0.0053,0.006,-0.0053,-3.6
6.988,-0.0015,-0.0046,0.0052,-0.0015,-3.6
6.989,-0.0008,-0.0008,0.0067,0.0,-3.6
6.99,0.0007,0.0,0.0052,0.0007,-3.6
6.991,-0.0008,-0.0046,0.003,-0.0008,-3.6
6.992,-0.0015,-0.0083,0.003,-0.0015,-3.6
6.993,-0.003,-0.0068,0.003,-0.0015,-3.6
6.994,-0.0038,-0.0068,0.0022,-0.003,-3.6
6.995,-0.0015,-0.006,0.0,-0.0053,-3.6
6.996,-0.0015,-0.0008,0.0007,-0.0053,-3.6
6.997,-0.003,0.0082,0.0007,-0.0015,-3.6
6.998,-0.0015,0.0127,0.0,-0.0008,-3.6
6.999,-0.0046,0.0105,-0.003,0.0015,-3.6
7.0,-0.0046,-0.0015,-0.0038,0.0045,-3.6
7.001,-0.003,-0.0113,-0.0015,0.003,-3.6
7.002,-0.0008,-0.0173,-0.003,0.0052,-3.6
7.003,0.003,-0.0218,-0.0023,0.0052,-3.6
7.004,0.0015,-0.0203,-0.003,0.0045,-3.6
7.005,0.003,-0.0173,-0.0046,0.0037,-3.6
7.006,0.0007,-0.0105,-0.0015,0.0007,-3.6
7.007,-0.003,-0.0068,-0.0015,0.0015,-3.6
7.008,-0.0038,-0.0075,0.0007,0.0007,-3.6
7.009,-0.0046,-0.0053,0.0022,0.0015,-3.6
7.01,-0.006,-0.0038,0.0015,0.0007,-3.7
7.011,-0.003,0.0022,-0.0008,-0.0038,-3.7
7.012,0.0007,0.0052,-0.0015,-0.0068,-3.7
7.013,0.0015,0.003,0.0,-0.0083,-3.7
7.014,-0.0008,0.0022,0.0007,-0.0053,-3.7
7.015,0.0015,0.0045,0.0045,-0.0023,-3.7
7.016,0.0007,0.003,0.006,0.0007,-3.7
7.017,-0.0015,0.0022,0.0082,0.0007,-3.7
7.018,0.0015,0.0015,0.0082,0.0,-3.7
7.019,0.0007,-0.0008,0.003,-0.0008,-3.7
7.02,0.0007,0.0022,0.003,0.0007,-3.8
7.021,0.0015,0.003,0.0037,0.0007,-3.8
7.022,0.0015,0.0007,0.0022,0.0,-3.8
7.023,0.003,0.0015,0.0037,0.0015,-3.8
7.024,0.0015,0.0045,0.0067,0.0007,-3.8
7.025,0.003,0.0112,0.0105,0.003,-3.8
7.026,0.0007,0.0127,0.012,0.0045,-3.8
7.027,-0.003,0.009,0.0105,0.0037,-3.8
7.028,-0.0008,0.0105,0.009,0.003,-3.9
7.029,-0.006,0.0082,0.0067,0.0015,-3.9
7.03,-0.0068,0.0007,0.0052,0.0007,-3.9
7.031,-0.003,-0.0158,0.0007,-0.0015,-3.9
7.032,-0.0023,-0.0315,-0.0008,-0.0008,-3.9
7.033,0.0,-0.033,0.0007,-0.0015,-4.0
7.034,0.0007,-0.0285,-0.003,-0.0015,-4.0
7.035,0.0,-0.0218,-0.0015,-0.003,-4.0
7.036,0.0,-0.0105,0.0007,-0.0053,-4.0
7.037,-0.0015,-0.0053,0.0022,-0.0023,-4.0
7.038,0.0007,0.0022,0.0007,-0.0015,-4.0
7.039,-0.0015,0.0052,0.0052,-0.0015,-4.1
7.04,0.0007,0.0037,0.0045,-0.0046,-4.1
7.041,0.0022,0.0045,0.0045,-0.0046,-4.1
7.042,-0.0023,0.0045,0.0097,-0.0023,-4.1
7.043,0.0007,0.0045,0.0105,-0.003,-4.1
7.044,-0.0008,0.0045,0.0165,0.0,-4.1
7.045,0.0007,0.0045,0.0127,-0.0008,-4.2
7.046,0.0007,0.0052,0.0105,0.0,-4.2
7.047,-0.0038,0.0052,0.0112,0.0007,-4.2
7.048,-0.0015,0.0067,0.0067,-0.0008,-4.2
7.049,-0.0053,0.006,0.009,0.0007,-4.2
7.05,-0.0053,0.003,0.009,0.0007,-4.3
7.051,-0.0023,0.003,0.0067,0.0015,-4.3
7.052,-0.0008,0.0022,0.0052,0.0015,-4.3
7.053,0.0007,0.0037,0.0045,0.0,-4.3
7.054,-0.0008,0.0015,0.0045,-0.0008,-4.4
7.055,0.0,0.0007,0.0067,-0.0008,-4.4
7.056,-0.0008,0.0007,0.0097,0.0015,-4.4
7.057,0.0007,-0.0015,0.0075,0.003,-4.5
7.058,0.0045,-0.003,0.0052,0.003,-4.5
7.059,0.0022,-0.0053,0.0052,0.0037,-4.5
7.06,0.0015,-0.0053,0.0045,0.003,-4.5
7.061,0.0015,-0.006,0.003,0.003,-4.5
7.062,0.0007,-0.0046,0.003,0.003,-4.5
7.063,0.003,-0.0053,0.009,0.0022,-4.6
7.064,0.0015,-0.0046,0.0127,0.0,-4.6
7.065,0.0022,-0.003,0.0157,-0.0008,-4.7
7.066,0.0045,-0.0053,0.0157,-0.0008,-4.7
7.067,0.0015,-0.0083,0.0157,-0.0015,-4.7
7.068,0.0,-0.0105,0.0172,-0.0008,-4.8
7.069,-0.0008,-0.0113,0.0157,-0.0015,-4.8
7.07,-0.003,-0.012,0.0142,-0.0008,-4.8
7.071,-0.0008,-0.012,0.0127,-0.0008,-4.9
7.072,-0.0008,-0.0128,0.012,0.0,-4.9
7.073,-0.0046,-0.0128,0.0105,-0.0015,-4.9
7.074,-0.0023,-0.0113,0.0082,-0.0008,-5.0
7.075,-0.0008,-0.0083,0.0052,0.0022,-5.0
7.076,-0.0015,-0.0015,0.0082,0.0022,-5.0
7.077,0.003,0.003,0.0105,0.003,-5.0
7.078,0.003,0.0045,0.0157,-0.0015,-5.1
7.079,0.0015,0.0,0.018,-0.0046,-5.1
7.08,0.003,-0.0046,0.0195,-0.0053,-5.2
7.081,0.0,-0.0046,0.0202,-0.0068,-5.2
7.082,-0.0015,-0.0038,0.0172,-0.0046,-5.2
7.083,-0.0015,-0.0046,0.0202,-0.0038,-5.3
7.084,-0.0015,-0.0075,0.0142,-0.0015,-5.3
7.085,-0.003,-0.0068,0.0082,-0.0008,-5.4
7.086,-0.0046,-0.0068,0.0082,0.0007,-5.4
7.087,-0.0023,-0.0053,0.006,0.003,-5.4
7.088,-0.0015,0.0052,0.009,0.0045,-5.4
7.089,0.0007,0.0165,0.0067,0.003,-5.5
7.09,0.0015,0.018,0.0082,0.0015,-5.5
7.091,0.0,0.0202,0.0082,0.003,-5.6
7.092,0.0037,0.0135,0.0067,0.0015,-5.6
7.093,0.0007,-0.0015,0.0082,-0.0015,-5.7
7.094,-0.0008,-0.015,0.0037,-0.0053,-5.7
7.095,0.0015,-0.0361,0.0015,-0.0083,-5.8
7.096,0.0,-0.0525,-0.003,-0.012,-5.8
7.097,0.0007,-0.048,-0.0053,-0.0098,-5.8
7.098,0.0007,-0.0225,-0.0053,-0.0046,-5.9
7.099,-0.0015,-0.0015,-0.0105,-0.003,-5.9
7.1,-0.0008,0.003,-0.0135,0.0007,-6.0
7.101,0.0,0.0045,-0.0181,0.0015,-6.0
7.102,-0.0008,0.0067,-0.0181,0.0037,-6.0
7.103,-0.0008,0.0097,-0.0181,0.0022,-6.1
7.104,0.0,0.012,-0.0195,0.0,-6.2
7.105,0.0007,0.015,-0.0195,0.0007,-6.2
7.106,-0.0008,0.0202,-0.021,-0.0008,-6.3
7.107,0.0007,0.0195,-0.0225,0.0007,-6.3
7.108,0.0007,0.0165,-0.024,-0.0008,-6.3
7.109,-0.0023,0.0187,-0.027,0.0,-6.4
7.11,-0.0023,0.0195,-0.027,0.0015,-6.5
7.111,-0.003,0.0157,-0.0278,0.003,-6.5
7.112,-0.006,0.0127,-0.0293,0.003,-6.6
7.113,-0.0053,0.0187,-0.027,0.003,-6.6
7.114,-0.006,0.0195,-0.027,0.003,-6.7
7.115,-0.0068,0.0105,-0.024,0.0067,-6.7
7.116,-0.0053,-0.003,-0.0233,0.0075,-6.8
7.117,-0.0046,-0.0105,-0.024,0.0052,-6.8
7.118,-0.003,-0.0023,-0.0218,0.0067,-6.9
7.119,0.0007,0.0052,-0.0233,0.0082,-6.9
7.12,0.0052,0.0105,-0.0195,0.009,-7.0
7.121,0.0045,0.0142,-0.0173,0.0082,-7.0
7.122,0.0007,0.0315,-0.0165,0.0015,-7.1
7.123,0.0007,0.0457,-0.015,-0.0143,-7.2
7.124,-0.0023,0.0367,-0.0181,-0.0233,-7.2
7.125,-0.0046,0.0352,-0.0143,-0.0195,-7.3
7.126,-0.0046,0.0232,-0.0128,-0.0143,-7.3
7.127,-0.006,-0.0188,-0.0113,-0.006,-7.4
7.128,-0.0046,-0.045,-0.0091,0.0007,-7.5
7.129,-0.0038,-0.0188,-0.0105,0.0052,-7.5
7.13,-0.0015,-0.0293,-0.0053,0.0052,-7.6
7.131,0.0022,-0.0683,-0.0015,0.0067,-7.7
7.132,0.0015,-0.0293,0.0007,0.0067,-7.7
7.133,0.0037,0.0142,-0.0008,-0.003,-7.8
7.134,0.003,0.0382,-0.0046,-0.0105,-7.8
7.135,0.0007,0.0592,-0.0053,-0.0128,-7.9
7.136,0.0,0.063,-0.0105,-0.0143,-8.0
7.137,0.0,0.0495,-0.0135,-0.0143,-8.0
7.138,-0.0008,0.0315,-0.0158,-0.0083,-8.1
7.139,-0.0023,0.0405,-0.0098,-0.0015,-8.1
7.14,-0.0015,0.054,-0.006,0.0015,-8.2
7.141,-0.0008,0.0502,-0.0068,0.0015,-8.3
7.142,0.0015,0.036,-0.0053,0.0082,-8.3
7.143,0.0007,0.033,-0.0068,0.0142,-8.4
7.144,-0.0015,0.0225,-0.0038,0.0165,-8.5
7.145,-0.0023,0.0045,-0.0068,0.015,-8.6
7.146,-0.0038,-0.0165,-0.0068,0.0105,-8.6
7.147,-0.0008,-0.0465,-0.0038,0.0105,-8.7
7.148,0.0015,-0.0405,-0.0053,0.012,-8.7
7.149,0.003,-0.0083,-0.0008,0.006,-8.8
7.15,0.0052,0.0165,-0.0008,-0.012,-8.9
7.151,0.0015,0.0202,-0.0046,-0.03,-9.0
7.152,-0.003,-0.0046,-0.0083,-0.0338,-9.0
7.153,-0.0068,-0.0368,-0.0075,-0.0218,-9.1
7.154,-0.0053,-0.0503,-0.0083,-0.0113,-9.2
7.155,-0.0015,-0.0443,-0.0105,-0.0046,-9.2
7.156,-0.0008,-0.027,-0.0091,0.0037,-9.3
7.157,0.0007,-0.003,-0.0091,0.0067,-9.4
7.158,-0.0008,0.012,-0.0046,0.0105,-9.5
7.159,0.0,0.0232,-0.0015,0.018,-9.5
7.16,0.0045,0.0375,0.003,0.027,-9.6
7.161,0.0052,0.0322,0.006,0.0195,-9.7
7.162,0.006,-0.0165,0.0037,0.0007,-9.8
7.163,0.0007,-0.0398,0.0045,-0.0113,-9.9
7.164,-0.0046,-0.0285,0.0007,-0.0158,-9.9
7.165,-0.0053,-0.0113,0.0052,-0.0038,-10.0
7.166,-0.0068,0.0517,0.0052,-0.0015,-10.1
7.167,-0.0053,0.0825,0.0007,-0.0165,-10.2
7.168,-0.0083,0.0892,-0.0008,-0.0203,-10.3
7.169,-0.0105,0.0802,0.0015,-0.0128,-10.4
7.17,-0.0075,-0.0188,0.0105,-0.0068,-10.4
7.171,-0.0068,-0.0863,0.0097,-0.0008,-10.5
7.172,-0.0038,-0.1125,0.0157,0.0007,-10.6
7.173,0.0007,-0.1441,0.0195,0.0007,-10.7
7.174,0.0015,-0.1275,0.0187,0.0052,-10.8
7.175,0.0007,-0.1028,0.0202,0.0097,-10.9
7.176,0.0037,-0.066,0.0172,0.015,-10.9
7.177,0.0075,-0.039,0.021,0.0142,-11.0
7.178,0.0075,-0.0091,0.0232,0.015,-11.1
7.179,0.0067,0.0465,0.0225,0.0067,-11.2
7.18,0.0045,0.0787,0.0217,-0.003,-11.3
7.181,-0.0015,0.0997,0.018,-0.003,-11.4
7.182,-0.0046,0.0637,0.0202,-0.0008,-11.5
7.183,-0.0038,0.0502,0.018,0.018,-11.6
7.184,-0.003,0.078,0.0165,0.027,-11.7
7.185,-0.0015,0.0817,0.0172,0.0232,-11.7
7.186,0.0022,0.0937,0.0187,0.009,-11.8
7.187,0.0007,0.0532,0.0195,-0.0105,-11.9
7.188,-0.0008,-0.0398,0.0165,-0.0203,-12.0
7.189,-0.0015,-0.1598,0.0127,-0.0233,-12.1
7.19,-0.0008,-0.2048,0.0127,-0.0203,-12.2
7.191,-0.0008,-0.12,0.0135,-0.024,-12.3
7.192,-0.003,-0.0195,0.0142,-0.0218,-12.4
7.193,-0.0023,0.078,0.0157,-0.0046,-12.5
7.194,-0.003,0.0982,0.0135,0.012,-12.6
7.195,-0.0023,0.084,0.012,0.018,-12.7
7.196,0.0007,0.075,0.0105,0.0015,-12.8
7.197,-0.0023,0.0157,0.003,-0.0165,-12.9
7.198,-0.0053,-0.0068,-0.003,-0.0233,-13.0
7.199,-0.0083,-0.0293,-0.0046,-0.0165,-13.1
7.2,-0.0083,-0.0533,0.003,0.0015,-13.2
7.201,-0.003,-0.0233,0.0105,0.0165,-13.3
7.202,0.0045,0.012,0.0105,0.0165,-13.4
7.203,0.0067,0.0382,0.0135,0.003,-13.5
7.204,0.0075,0.0187,0.0097,-0.0068,-13.6
7.205,0.0007,-0.027,0.0045,0.0015,-13.8
7.206,-0.0053,-0.06,0.0,0.0187,-13.9
7.207,-0.0068,-0.024,-0.0008,0.0247,-14.0
7.208,-0.0068,0.0135,0.003,0.0127,-14.1
7.209,-0.0046,0.0082,0.0052,0.0007,-14.3
7.21,-0.003,0.024,0.0105,-0.012,-14.4
7.211,-0.0008,0.0052,0.0097,-0.0158,-14.5
7.212,0.0015,0.0112,0.0105,-0.003,-14.7
7.213,0.0007,0.0045,0.012,0.0045,-14.8
7.214,0.0007,0.0397,0.012,0.0105,-14.9
7.215,-0.003,0.1515,0.0112,0.0157,-15.0
7.216,-0.0053,0.1275,0.009,0.0217,-15.2
7.217,-0.0046,0.0532,0.0082,0.0255,-15.3
7.218,-0.003,-0.0173,0.0067,0.024,-15.4
7.219,0.0,-0.0735,0.0097,0.0142,-15.5
7.22,-0.0008,-0.078,0.0105,-0.0046,-15.7
7.221,0.0015,-0.0773,0.009,-0.012,-15.8
7.222,0.0007,-0.0278,0.0052,-0.015,-15.9
7.223,-0.0008,-0.0008,0.003,-0.0083,-16.1
7.224,-0.0015,-0.0091,0.003,0.003,-16.2
7.225,-0.0046,-0.0675,0.0022,0.0045,-16.4
7.226,0.0,-0.1238,0.0015,0.0015,-16.5
7.227,-0.0015,-0.12,-0.0008,-0.0008,-16.7
7.228,-0.0015,-0.12,0.0037,0.0052,-16.8
7.229,0.0007,-0.0735,0.0037,0.0142,-16.9
7.23,0.0,-0.015,0.0082,0.0127,-17.1
7.231,0.0045,0.0127,0.0105,0.0,-17.2
7.232,-0.0015,0.0195,0.0067,-0.0188,-17.4
7.233,-0.0068,0.0307,0.0015,-0.021,-17.5
7.234,-0.0083,0.042,-0.0015,0.0015,-17.6
7.235,-0.0068,0.0352,0.0022,0.0052,-17.8
7.236,-0.003,0.0465,0.003,-0.0165,-17.9
7.237,-0.0023,-0.0046,0.0075,-0.0278,-18.1
7.238,-0.0015,-0.0788,0.0075,-0.0135,-18.2
7.239,-0.003,-0.1155,0.0067,-0.0008,-18.4
7.24,-0.0038,-0.1275,0.0082,0.003,-18.5
7.241,0.0,-0.0585,0.0067,0.0105,-18.7
7.242,0.0022,0.0577,0.009,0.0052,-18.9
7.243,0.0022,0.108,0.009,0.0052,-19.0
7.244,0.0007,0.0457,0.0127,0.0142,-19.2
7.245,0.0,0.0277,0.0105,0.0105,-19.4
7.246,-0.0015,0.0247,0.0067,-0.0046,-19.6
7.247,-0.0015,-0.0308,0.0082,-0.0173,-19.8
7.248,0.003,-0.0218,0.012,-0.0188,-19.9
7.249,0.0007,0.039,0.0127,-0.012,-20.1
7.25,0.0015,0.0855,0.0165,0.0015,-20.3
7.251,0.0045,0.069,0.0157,-0.0023,-20.5
7.252,0.0015,0.0457,0.0112,-0.0083,-20.7
7.253,0.0015,0.03,0.0127,-0.0053,-20.9
7.254,0.0007,-0.0015,0.003,-0.0218,-21.1
7.255,-0.0046,-0.0525,0.0045,-0.0165,-21.2
7.256,-0.0046,-0.0721,0.0082,0.0015,-21.4
7.257,0.0,-0.0075,0.006,0.0045,-21.6
7.258,0.0007,0.0472,0.012,0.0075,-21.8
7.259,0.003,0.0615,0.0082,0.0045,-22.0
7.26,-0.0008,0.0442,0.009,0.0105,-22.2
7.261,0.0,0.012,0.0037,0.0172,-22.4
7.262,0.0007,-0.0195,0.0045,0.0105,-22.6
7.263,-0.0068,-0.0398,0.0075,0.0105,-22.8
7.264,-0.0023,-0.0525,0.0045,0.006,-23.1
7.265,-0.0023,-0.0623,0.0082,0.0075,-23.3
7.266,-0.0015,-0.0443,0.003,0.0112,-23.5
7.267,0.0045,-0.0038,0.0052,0.009,-23.8
7.268,0.003,0.0637,0.0067,0.0052,-24.0
7.269,0.0037,0.0915,0.0015,-0.0091,-24.2
7.27,0.0015,0.0675,0.0082,-0.0165,-24.5
7.271,-0.0008,0.0285,0.0082,-0.0165,-24.7
7.272,0.0007,-0.042,0.0082,-0.0113,-24.9
7.273,0.0015,-0.1013,0.0105,-0.0023,-25.2
7.274,0.0052,-0.1035,0.015,0.0022,-25.4
7.275,0.0052,-0.0465,0.021,0.006,-25.6
7.276,0.0052,0.006,0.0195,0.0067,-25.8
7.277,0.0037,0.0232,0.027,0.006,-26.1
7.278,-0.0008,0.0127,0.0277,-0.0008,-26.3
7.279,-0.0008,-0.003,0.0292,0.0007,-26.6
7.28,0.0007,-0.003,0.027,0.012,-26.8
7.281,0.0015,-0.003,0.0232,0.0157,-27.1
7.282,0.0045,0.0405,0.0232,0.0135,-27.4
7.283,0.003,0.0952,0.0157,-0.012,-27.7
7.284,-0.003,0.0765,0.0142,-0.0361,-28.0
7.285,-0.0046,0.0195,0.009,-0.0473,-28.3
7.286,-0.0068,-0.0706,0.0022,-0.0443,-28.6
7.287,-0.0046,-0.1328,0.003,-0.0195,-28.9
7.288,-0.0015,-0.1388,0.0015,-0.003,-29.2
7.289,0.0,-0.1411,-0.0046,0.0105,-29.5
7.29,0.0067,-0.0638,-0.0098,0.0202,-29.8
7.291,0.0082,-0.0105,-0.0113,0.0127,-30.1
7.292,0.0082,-0.0105,-0.0195,0.0037,-30.4
7.293,0.006,0.018,-0.024,-0.0046,-30.7
7.294,0.0,-0.0008,-0.0233,-0.012,-31.0
7.295,-0.0008,-0.0368,-0.0285,-0.0128,-31.3
7.296,-0.006,-0.0495,-0.027,0.003,-31.6
7.297,-0.0068,-0.0083,-0.0285,0.015,-31.9
7.298,-0.0053,0.0412,-0.0293,0.0135,-32.2
7.299,-0.0083,0.0622,-0.0293,0.0127,-32.5
7.3,-0.0053,0.0945,-0.0368,0.0067,-32.9
7.301,-0.0053,0.0727,-0.0346,-0.0105,-33.1
7.302,-0.0023,-0.0105,-0.0383,-0.0218,-33.4
7.303,0.0,-0.042,-0.039,-0.0113,-33.7
7.304,0.0,-0.0315,-0.0346,0.0015,-33.9
7.305,0.0022,-0.0218,-0.0353,0.0045,-34.2
7.306,0.0,0.0015,-0.0285,0.0015,-34.5
7.307,-0.0008,0.018,-0.027,0.0007,-34.8
7.308,-0.003,0.0412,-0.0225,0.0105,-35.1
7.309,-0.0053,0.0292,-0.015,0.009,-35.3
7.31,0.0,0.003,-0.0098,-0.0083,-35.6
7.311,0.0,0.0082,-0.0015,-0.0158,-35.9
7.312,-0.0008,0.0015,-0.0038,-0.0128,-36.2
7.313,-0.0008,-0.0293,-0.0015,-0.0068,-36.5
7.314,-0.0015,-0.066,-0.0008,0.0075,-36.7
7.315,-0.0015,-0.0728,0.003,0.009,-37.0
7.316,-0.0053,-0.048,0.006,0.0045,-37.3
7.317,-0.0075,0.0082,0.0075,0.0052,-37.6
7.318,-0.0091,0.0997,0.0082,0.0015,-37.8
7.319,-0.012,0.12,0.0022,-0.0023,-38.2
7.32,-0.0105,0.0652,0.0067,-0.0023,-38.5
7.321,-0.0128,0.0337,0.0082,0.0015,-38.7
7.322,-0.0091,-0.006,0.0112,0.0022,-38.9
7.323,-0.006,-0.048,0.0142,0.0007,-39.2
7.324,-0.0053,-0.063,0.0127,-0.003,-39.4
7.325,-0.0015,-0.0263,0.021,0.0007,-39.6
7.326,-0.0023,0.0435,0.0202,-0.0015,-39.9
7.327,-0.0015,0.0465,0.0232,-0.0091,-40.1
7.328,-0.0015,-0.0008,0.0195,-0.0053,-40.4
7.329,0.0007,-0.0181,0.0157,-0.0046,-40.6
7.33,0.003,-0.0278,0.0142,-0.0046,-40.9
7.331,0.0045,-0.0375,0.0067,-0.003,-41.1
7.332,0.006,-0.027,0.009,-0.0023,-41.4
7.333,0.0022,-0.0023,0.006,0.0015,-41.6
7.334,0.0045,0.0307,0.0052,0.0,-41.9
7.335,0.0045,0.0345,0.0045,-0.003,-42.1
7.336,0.0015,0.0045,-0.003,-0.0105,-42.3
7.337,0.0022,-0.0068,-0.0008,-0.0113,-42.6
7.338,0.0015,0.0127,-0.0023,-0.0143,-42.8
7.339,0.0037,0.0052,0.0007,-0.0143,-43.1
7.34,0.0015,0.0037,0.0037,-0.0075,-43.3
7.341,0.0007,0.0082,0.0037,-0.0105,-43.5
7.342,-0.0008,0.0007,0.0067,-0.0075,-43.7
7.343,-0.0008,0.0067,0.009,-0.006,-44.0
7.344,0.0015,0.0015,0.0127,-0.003,-44.2
7.345,-0.0008,0.0045,0.0105,-0.0015,-44.4
7.346,0.0052,0.0037,0.0097,-0.0015,-44.6
7.347,0.0022,0.003,0.0045,-0.003,-44.9
7.348,-0.0008,0.0082,-0.0015,-0.0053,-45.1
7.349,0.0022,0.009,-0.0053,-0.003,-45.3
7.35,-0.0015,0.0105,-0.0091,-0.0038,-45.6
7.351,0.0007,0.009,-0.012,-0.003,-45.8
7.352,0.0045,0.0075,-0.0158,-0.0015,-46.0
7.353,0.0015,0.0052,-0.0158,-0.0046,-46.3
7.354,0.0007,0.0052,-0.0143,-0.003,-46.5
7.355,-0.0008,0.0067,-0.012,0.0015,-46.7
7.356,0.0,0.012,-0.0068,0.0052,-46.9
7.357,-0.0008,0.0157,-0.0046,0.0075,-47.2
7.358,0.0007,0.018,-0.003,0.009,-47.4
7.359,-0.0008,0.0232,-0.0015,0.0112,-47.6
7.36,0.0015,0.0247,0.0007,0.009,-47.9
7.361,0.0007,0.0292,0.003,0.0082,-48.1
7.362,-0.0015,0.0307,0.003,0.009,-48.3
7.363,-0.0023,0.0292,0.0007,0.009,-48.5
7.364,-0.0053,0.0307,0.0007,0.009,-48.7
7.365,-0.0023,0.0307,-0.0008,0.0075,-48.9
7.366,-0.0023,0.0307,-0.0015,0.006,-49.1
7.367,-0.0023,0.03,-0.0023,0.0052,-49.3
7.368,-0.0008,0.027,-0.0038,0.0015,-49.5
7.369,-0.0053,0.0232,-0.0083,0.0,-49.8
7.37,-0.0023,0.0202,-0.0075,-0.0008,-50.0
7.371,-0.0015,0.0157,-0.0046,-0.0015,-50.2
7.372,-0.003,0.0127,-0.0053,-0.0015,-50.4
7.373,0.0,0.0142,-0.0038,-0.003,-50.6
7.374,-0.0008,0.0127,-0.0053,-0.003,-50.8
7.375,-0.0008,0.012,-0.0083,-0.0008,-51.0
7.376,-0.0015,0.0105,-0.0046,-0.0008,-51.3
7.377,-0.0008,0.0105,-0.006,0.0007,-51.5
7.378,-0.003,0.0127,-0.0075,-0.0008,-51.7
7.379,-0.0068,0.0165,-0.0053,0.0022,-51.9
7.38,-0.0023,0.0187,-0.0091,0.006,-52.2
7.381,-0.0046,0.0172,-0.0053,0.0082,-52.3
7.382,-0.003,0.0165,-0.0068,0.0097,-52.5
7.383,0.0015,0.0135,-0.0091,0.0082,-52.7
7.384,-0.0008,0.0105,-0.0046,0.0067,-52.9
7.385,0.0037,0.009,-0.0075,0.0075,-53.1
7.386,0.0022,0.0105,-0.0038,0.0082,-53.3
7.387,0.0015,0.012,0.0,0.0112,-53.5
7.388,0.0045,0.0112,0.003,0.0127,-53.6
7.389,0.0015,0.0112,0.009,0.0127,-53.8
7.39,0.0052,0.009,0.0105,0.009,-54.0
7.391,0.0052,0.006,0.0105,0.0067,-54.2
7.392,0.003,0.0045,0.012,0.0045,-54.4
7.393,0.0052,0.003,0.0112,0.003,-54.6
7.394,-0.0015,0.0015,0.0105,0.0007,-54.8
7.395,-0.0023,-0.0015,0.0067,-0.003,-55.0
7.396,-0.003,-0.003,0.0067,-0.0046,-55.2
7.397,-0.0053,-0.0053,0.009,-0.0075,-55.4
7.398,-0.0053,-0.0083,0.0105,-0.0091,-55.5
7.399,-0.0053,-0.0091,0.0127,-0.0083,-55.8
7.4,-0.0023,-0.012,0.0127,-0.0091,-56.0
7.401,-0.0038,-0.015,0.0157,-0.0068,-56.1
7.402,-0.0038,-0.0181,0.0112,-0.0083,-56.3
7.403,-0.0046,-0.0181,0.0082,-0.0075,-56.4
7.404,-0.0046,-0.0203,0.0007,-0.0053,-56.6
7.405,-0.003,-0.0203,-0.0098,-0.0068,-56.8
7.406,-0.003,-0.0203,-0.0091,-0.0038,-57.0
7.407,-0.0008,-0.0181,-0.0105,-0.0038,-57.1
7.408,-0.0008,-0.0165,-0.0068,-0.003,-57.3
7.409,-0.0023,-0.0158,-0.0008,0.0,-57.5
7.41,-0.0038,-0.012,0.0052,0.0015,-57.6
7.411,-0.0038,-0.012,0.0082,0.003,-57.8
7.412,-0.0015,-0.012,0.009,0.0045,-58.0
7.413,0.0007,-0.0135,0.0127,0.0067,-58.1
7.414,0.003,-0.0143,0.0112,0.0067,-58.3
7.415,0.0,-0.012,0.015,0.0052,-58.5
7.416,-0.0015,-0.0128,0.0105,0.006,-58.6
7.417,-0.0015,-0.0128,0.0067,0.006,-58.8
7.418,-0.003,-0.0105,0.0052,0.0052,-59.0
7.419,-0.0008,-0.0113,0.003,0.0052,-59.1
7.42,-0.0008,-0.0165,0.0045,0.0015,-59.4
7.421,0.003,-0.0203,0.0015,0.0,-59.4
7.422,0.0045,-0.0218,0.0015,-0.0008,-59.6
7.423,0.0045,-0.024,0.0007,-0.0023,-59.8
7.424,0.0067,-0.0256,0.0007,-0.003,-59.9
7.425,0.0022,-0.027,-0.0023,-0.0083,-60.1
7.426,0.0015,-0.027,-0.0053,-0.0068,-60.2
7.427,-0.0008,-0.024,-0.0038,-0.0068,-60.3
7.428,-0.0015,-0.024,-0.006,-0.0068,-60.5
7.429,-0.0008,-0.0203,0.0,-0.0023,-60.7
7.43,-0.0053,-0.0158,0.003,-0.0023,-60.8
7.431,-0.0046,-0.0181,0.0052,-0.0015,-60.9
7.432,-0.0046,-0.0195,0.0052,-0.0068,-61.1
7.433,-0.0083,-0.0203,0.0045,-0.0083,-61.2
7.434,-0.0091,-0.0233,0.0052,-0.0075,-61.4
7.435,-0.0068,-0.024,0.0022,-0.0083,-61.6
7.436,-0.0038,-0.0256,0.003,-0.006,-61.7
7.437,-0.0015,-0.0248,0.0,-0.0046,-61.8
7.438,0.0015,-0.0233,-0.0023,-0.0015,-62.0
7.439,-0.0008,-0.0195,-0.003,0.0,-62.1
7.44,-0.0023,-0.0165,-0.0046,0.0,-62.3
7.441,-0.0053,-0.0128,-0.0083,-0.0023,-62.4
7.442,-0.0083,-0.0098,-0.0083,-0.0008,-62.6
7.443,-0.0068,-0.0091,-0.0046,0.0,-62.7
7.444,-0.0038,-0.0083,-0.0015,0.0015,-62.8
7.445,0.0,-0.006,0.003,0.0037,-63.0
7.446,0.003,-0.0053,0.003,0.0037,-63.1
7.447,0.0037,-0.0046,0.0,0.003,-63.3
7.448,0.0052,-0.0075,0.0007,0.0015,-63.4
7.449,0.0045,-0.0068,0.0015,0.0015,-63.5
7.45,0.0052,-0.0023,0.0007,0.0007,-63.7
7.451,0.0022,0.0007,0.0037,0.0,-63.8
7.452,-0.0008,0.0045,0.0022,0.0015,-63.9
7.453,-0.0008,0.009,0.0007,0.0037,-64.1
7.454,-0.0015,0.0135,0.0022,0.0022,-64.2
7.455,-0.003,0.0165,0.0015,0.0007,-64.4
7.456,-0.003,0.018,0.0052,0.0007,-64.5
7.457,-0.0038,0.0187,0.0022,-0.0015,-64.7
7.458,-0.0008,0.0172,0.0037,0.0007,-64.8
7.459,-0.0008,0.0195,0.0082,0.0015,-64.9
7.46,-0.003,0.0172,0.0045,0.0007,-65.1
7.461,-0.0008,0.0127,0.003,0.0007,-65.2
7.462,-0.0008,0.0157,0.0015,0.0,-65.3
7.463,0.0007,0.0142,0.0022,0.0015,-65.3
7.464,0.0007,0.0165,0.0045,0.0022,-65.4
7.465,-0.0008,0.0195,-0.0015,0.0015,-65.6
7.466,-0.0008,0.0195,-0.0098,0.0015,-65.7
7.467,-0.0038,0.021,-0.0195,0.0015,-65.7
7.468,-0.0046,0.021,-0.0143,0.003,-65.8
7.469,-0.0053,0.0217,0.0015,0.0037,-65.9
7.47,-0.0046,0.0232,0.015,0.0007,-66.0
7.471,0.0,0.0232,0.0217,0.0,-66.1
7.472,-0.0015,0.0217,0.018,0.0007,-66.2
7.473,0.0037,0.0195,0.012,0.0007,-66.3
7.474,0.003,0.0195,0.0052,0.0015,-66.4
7.475,0.003,0.0202,0.0052,0.0007,-66.5
7.476,0.003,0.021,0.012,0.0007,-66.6
7.477,-0.0008,0.0232,0.0157,0.0,-66.7
7.478,-0.0015,0.0232,0.015,-0.0015,-66.8
7.479,-0.0015,0.0247,0.0067,-0.0015,-66.9
7.48,0.0007,0.024,0.0,-0.0038,-67.0
7.481,0.0015,0.0225,-0.0053,-0.0015,-67.0
7.482,-0.0008,0.024,-0.0046,-0.003,-67.1
7.483,-0.0015,0.0225,-0.0015,-0.003,-67.1
7.484,-0.003,0.0217,-0.0015,-0.0023,-67.1
7.485,-0.0015,0.0195,0.0007,-0.003,-67.2
7.486,-0.0038,0.018,-0.0023,0.0,-67.2
7.487,-0.0053,0.0157,-0.0038,0.0007,-67.2
7.488,-0.0068,0.012,-0.0038,0.0015,-67.3
7.489,-0.0068,0.0105,-0.0023,0.003,-67.3
7.49,-0.0023,0.0067,0.0007,0.0022,-67.4
7.491,-0.003,0.0037,0.0045,0.003,-67.4
7.492,-0.0023,0.0,0.009,0.0015,-67.5
7.493,0.0007,-0.0015,0.0067,0.0007,-67.5
7.494,-0.0008,-0.0008,0.0045,0.0,-67.5
7.495,-0.003,-0.003,0.006,-0.0008,-67.6
7.496,-0.0038,-0.0046,0.0067,-0.0008,-67.6
7.497,-0.0023,-0.0038,0.0067,-0.0015,-67.6
7.498,-0.0008,-0.0053,0.006,0.0015,-67.7
7.499,0.0,-0.0046,0.0015,0.0,-67.7
7.5,0.0007,-0.0046,0.0037,0.0007,-67.8
7.501,-0.0015,-0.0046,0.0015,0.0015,-64.4
7.502,-0.0015,-0.0053,0.0,0.0015,-61.1
7.503,-0.0015,-0.0068,0.0045,0.003,-57.6
7.504,-0.003,-0.0053,-0.0008,0.0007,-54.3
7.505,-0.0008,-0.0083,-0.0008,0.0015,-50.9
7.506,0.0015,-0.0083,-0.0023,0.0015,-47.5
7.507,-0.0015,-0.0075,-0.0046,0.0007,-44.1
7.508,-0.0008,-0.0098,-0.0008,0.0022,-40.7
7.509,-0.0008,-0.0105,-0.0015,0.0007,-37.4
7.51,-0.0023,-0.0105,0.0052,0.0007,-34.0
7.511,-0.0008,-0.0068,0.0022,0.0015,-30.6
7.512,-0.0038,-0.0053,0.0007,0.0,-27.2
7.513,-0.0038,-0.0038,0.0022,0.0,-23.8
7.514,-0.0008,-0.0023,-0.0015,-0.0015,-20.4
7.515,-0.0046,-0.003,0.003,-0.0008,-17.1
7.516,-0.0015,-0.0023,0.003,-0.0015,-13.7
7.517,0.003,-0.0023,0.0045,-0.0015,-10.3
7.518,0.0022,-0.0038,0.0037,0.0007,-6.9
7.519,0.0007,-0.003,0.003,0.0,-3.5
7.52,-0.0008,-0.003,0.0082,0.0,-0.1
7.521,-0.0015,0.0217,0.0105,-0.0165,-0.1
7.522,,,,,-0.1
7.523,,,,,-0.1
7.524,,,,,-0.1
7.525,,,,,-0.1
7.526,,,,,-0.1
7.527,,,,,-0.1
7.528,,,,,-0.1
7.529,,,,,-0.1
7.53,,,,,-0.1
7.531,,,,,-0.1
7.532,,,,,-0.1
7.533,,,,,-0.1
7.534,,,,,-0.1
7.535,,,,,-0.1
7.536,,,,,-0.1
7.537,,,,,-0.1
7.538,,,,,-0.1
7.539,,,,,-0.1
7.54,,,,,
