Time_s,RF,BF,VM,ST,FX
0.0,-0.0008,-0.0046,0.003,-0.0098,-59.1
0.001,0.0007,-0.0053,0.0015,-0.006,-59.2
0.002,0.0,-0.0046,0.003,-0.0015,-59.3
0.003,0.0007,-0.0015,0.0067,0.003,-59.4
0.004,-0.0008,-0.0023,0.0052,0.012,-59.4
0.005,-0.0008,-0.0015,0.006,0.0165,-59.5
0.006,-0.0015,0.0007,0.0052,0.018,-59.6
0.007,-0.0008,0.0022,0.0045,0.0202,-59.7
0.008,0.0015,0.003,0.0067,0.0165,-59.8
0.009,0.0015,0.0022,0.0045,0.0127,-59.9
0.01,0.0007,0.0015,0.0045,0.0105,-60.0
0.011,-0.0015,0.0007,0.0037,0.009,-60.1
0.012,0.0007,0.0015,0.0045,0.0045,-60.2
0.013,0.0,-0.0008,0.003,0.0,-60.3
0.014,0.0007,-0.0015,0.0007,-0.0015,-60.4
0.015,0.0045,-0.003,0.0007,-0.006,-60.5
0.016,0.0007,-0.0046,0.0007,-0.0091,-60.6
0.017,0.0007,-0.003,0.0015,-0.0091,-60.7
0.018,0.0007,-0.0046,0.0015,-0.0091,-60.8
0.019,0.0007,-0.003,-0.0008,-0.0068,-60.8
0.02,0.0007,-0.003,-0.0008,-0.0053,-61.0
0.021,-0.0008,-0.0015,-0.003,-0.0053,-61.0
0.022,0.0,0.0,-0.0008,-0.006,-61.0
0.023,-0.0023,0.0,0.0022,-0.0053,-61.1
0.024,-0.003,0.0,0.003,-0.0068,-61.2
0.025,-0.003,0.0007,0.0052,-0.0083,-61.2
0.026,-0.0023,0.0015,0.0052,-0.0053,-61.2
0.027,-0.0008,-0.0015,0.0045,-0.0053,-61.3
0.028,-0.0008,-0.0015,0.0052,-0.0038,-61.4
0.029,0.0007,-0.003,0.0067,-0.003,-61.4
0.03,-0.0008,-0.0015,0.0067,-0.0008,-61.5
0.031,0.0007,0.0007,0.0052,0.0045,-61.5
0.032,0.0,0.0007,0.0067,0.006,-61.6
0.033,-0.0015,0.003,0.0052,0.0105,-61.7
0.034,-0.0023,0.0007,0.0045,0.012,-61.7
0.035,-0.0023,0.0007,0.003,0.0112,-61.7
0.036,-0.0008,0.0015,0.0022,0.0067,-61.8
0.037,-0.003,0.0007,0.003,0.0015,-61.8
0.038,-0.0023,0.0007,0.0022,-0.0015,-61.9
0.039,-0.0023,0.0007,0.0015,-0.0046,-62.0
0.04,-0.0015,-0.0015,0.0007,-0.0053,-62.1
0.041,0.0,-0.0015,0.0,-0.0053,-62.1
0.042,-0.0015,-0.0015,-0.0008,-0.0046,-62.1
0.043,-0.0015,-0.003,-0.0015,-0.0038,-62.1
0.044,0.0007,-0.003,-0.0015,-0.0053,-62.1
0.045,0.0,-0.0023,0.0007,-0.0068,-62.1
0.046,-0.0008,-0.0023,0.0,-0.0046,-62.1
0.047,-0.0008,-0.003,-0.003,-0.0038,-62.1
0.048,-0.0015,-0.0038,-0.0038,-0.0053,-62.2
0.049,-0.0008,-0.003,-0.0015,-0.0023,-62.2
0.05,0.0,-0.0015,-0.0008,-0.0008,-62.2
0.051,-0.0008,-0.003,0.0,0.0007,-62.2
0.052,0.0,-0.0023,-0.0015,-0.0008,-62.2
0.053,-0.0008,-0.0015,-0.0008,-0.003,-62.3
0.054,0.0007,-0.0046,0.0015,-0.0008,-62.3
0.055,0.003,-0.0038,0.003,-0.0015,-62.3
0.056,0.0037,-0.003,0.0022,-0.0038,-62.3
0.057,0.003,-0.0015,0.0015,-0.0038,-62.4
0.058,0.003,0.0007,0.0,-0.0008,-62.4
0.059,0.003,-0.0008,-0.0015,0.0015,-62.4
0.06,0.0015,-0.0015,-0.0015,0.0045,-62.5
0.061,0.003,-0.0023,-0.0015,0.0045,-62.5
0.062,0.003,-0.0023,0.0,0.0052,-62.4
0.063,0.0022,-0.0015,0.0007,0.006,-62.4
0.064,0.0022,-0.003,0.0015,0.0067,-62.4
0.065,0.003,-0.0038,0.0015,0.0082,-62.4
0.066,0.003,-0.003,0.003,0.0052,-62.3
0.067,0.003,-0.0023,0.003,0.0052,-62.3
0.068,0.003,-0.0015,0.003,0.003,-62.3
0.069,0.0015,-0.0015,0.0022,0.0,-62.3
0.07,0.0007,-0.0008,0.0015,0.0015,-62.2
0.071,0.0022,-0.0015,0.003,-0.0008,-62.2
0.072,0.003,-0.0008,0.0,-0.0046,-62.2
0.073,0.0015,0.0007,-0.0008,-0.0046,-62.2
0.074,0.0007,0.0,-0.0008,-0.003,-62.2
0.075,0.0015,-0.0015,-0.0015,-0.0008,-62.1
0.076,0.0007,-0.003,0.0007,0.0015,-62.1
0.077,0.0007,-0.003,0.0007,0.003,-62.1
0.078,0.0022,-0.0023,0.0015,0.0067,-62.1
0.079,0.0015,-0.0015,0.003,0.0075,-62.1
0.08,0.0007,-0.003,0.0022,0.0052,-62.1
0.081,0.0,-0.003,0.003,0.0052,-62.0
0.082,-0.0015,-0.003,0.0015,0.0052,-62.0
0.083,-0.0023,-0.0008,-0.0015,0.006,-61.9
0.084,-0.0008,-0.0008,-0.0008,0.0045,-61.8
0.085,0.0,-0.0015,-0.0008,0.0,-61.8
0.086,-0.0015,-0.0015,-0.0008,-0.0015,-61.7
0.087,-0.0015,-0.0008,-0.0008,-0.0046,-61.7
0.088,0.0,-0.0008,-0.0008,-0.0053,-61.6
0.089,0.0007,-0.0008,0.0007,-0.003,-61.6
0.09,0.0007,-0.0008,0.0007,-0.0008,-61.5
0.091,-0.0008,-0.0008,0.0015,0.0,-61.4
0.092,-0.0015,-0.0008,0.0007,-0.003,-61.4
0.093,-0.0008,-0.0008,0.0022,-0.0046,-61.3
0.094,-0.0015,-0.0015,0.0052,-0.0053,-61.2
0.095,-0.0023,-0.0015,0.003,-0.0053,-61.2
0.096,0.0007,-0.0008,0.0022,-0.0038,-61.2
0.097,0.0007,0.0007,0.003,-0.0046,-61.1
0.098,-0.0008,0.0022,0.0022,-0.003,-61.0
0.099,0.0022,0.0007,0.0015,-0.0038,-61.0
0.1,0.0015,-0.0008,0.0007,-0.0023,-60.9
0.101,0.0015,-0.0008,0.0,-0.0008,-60.8
0.102,0.0007,0.0,-0.0008,-0.0015,-60.8
0.103,-0.0023,-0.0008,0.0007,0.0,-60.7
0.104,-0.0015,-0.0015,0.0007,0.0007,-60.6
0.105,-0.0008,-0.0015,0.0007,-0.0008,-60.4
0.106,0.0007,0.0,0.0015,-0.0008,-60.3
0.107,0.0015,-0.0008,0.0015,0.0007,-60.3
0.108,0.0,-0.0015,0.0015,-0.0008,-60.2
0.109,-0.0015,-0.0008,0.0015,-0.0015,-60.1
0.11,-0.0015,-0.0015,0.0015,0.0007,-60.0
0.111,-0.0023,-0.0015,0.0015,0.0,-59.9
0.112,-0.003,-0.003,0.0015,0.0007,-59.8
0.113,-0.0008,-0.0015,0.003,0.0,-59.7
0.114,-0.0008,-0.0015,0.0045,0.0015,-59.6
0.115,-0.0008,-0.003,0.003,0.0015,-59.5
0.116,0.0007,-0.0023,0.0045,0.0007,-59.4
0.117,0.0007,-0.0023,0.0052,0.0015,-59.3
0.118,-0.0015,-0.0008,0.003,0.0015,-59.2
0.119,0.0,-0.0008,0.0015,0.0045,-59.1
0.12,0.0,-0.0008,0.0007,0.0037,-59.0
0.121,-0.0023,0.0007,0.0015,0.0015,-58.9
0.122,-0.0015,0.0015,0.0015,0.0015,-58.8
0.123,-0.003,0.0015,0.0015,0.0007,-58.6
0.124,-0.0008,0.0007,0.0,-0.0015,-58.5
0.125,0.0007,-0.0008,-0.0008,-0.0015,-58.4
0.126,-0.0008,0.0015,0.0015,-0.0015,-58.3
0.127,0.0007,0.0015,0.0015,0.0,-58.1
0.128,0.0,0.0007,0.0007,0.0015,-58.0
0.129,-0.0008,0.0015,0.0007,0.0022,-57.9
0.13,0.0007,-0.0008,0.0007,0.0015,-57.7
0.131,0.0015,-0.0023,0.0022,0.0015,-57.6
0.132,0.0022,-0.0015,0.0022,0.0015,-57.5
0.133,0.003,-0.0015,0.0045,0.0015,-57.3
0.134,0.003,-0.0015,0.0037,0.0007,-57.2
0.135,0.003,-0.003,0.0022,-0.0008,-57.1
0.136,0.0022,-0.0046,0.0015,-0.0008,-57.0
0.137,0.003,-0.0046,0.0015,0.0007,-56.8
0.138,0.0037,-0.0023,0.003,0.0007,-56.7
0.139,0.0015,-0.003,0.0007,0.0,-56.6
0.14,-0.0008,-0.0015,0.0,0.0022,-56.4
0.141,0.0,-0.003,-0.0015,0.0022,-56.3
0.142,0.0007,-0.0046,-0.0015,0.0007,-56.1
0.143,0.0015,-0.0008,-0.0008,0.0,-56.0
0.144,0.0,0.0,0.0015,0.0007,-55.8
0.145,-0.0023,0.0,0.003,0.0,-55.7
0.146,-0.0015,-0.0008,0.003,-0.0015,-55.5
0.147,-0.003,-0.003,0.0037,-0.0015,-55.4
0.148,-0.0046,0.0,0.0037,-0.0023,-55.2
0.149,-0.0038,-0.0008,0.0037,-0.003,-55.0
0.15,-0.0023,-0.0023,0.0007,-0.003,-54.9
0.151,-0.0015,-0.0015,0.0007,-0.0068,-54.8
0.152,-0.003,-0.0015,0.003,-0.0053,-54.6
0.153,-0.0023,-0.0046,0.0015,-0.0053,-54.5
0.154,-0.0023,-0.0046,0.0015,-0.0053,-54.3
0.155,-0.0008,-0.0008,0.0007,-0.0038,-54.1
0.156,0.0015,-0.0015,-0.0015,-0.0038,-54.0
0.157,0.0015,-0.0015,0.0,-0.0046,-53.8
0.158,0.0007,-0.003,0.0007,-0.0038,-53.7
0.159,0.0007,-0.0038,0.0007,-0.0015,-53.5
0.16,0.0007,-0.0015,0.003,0.0,-53.4
0.161,-0.0008,-0.003,0.0015,0.0015,-53.2
0.162,-0.0015,-0.0015,0.0045,0.0015,-53.0
0.163,-0.0023,0.0,0.0022,0.0015,-52.8
0.164,-0.0023,-0.0008,0.0007,0.003,-52.7
0.165,-0.0008,0.0007,0.003,0.0007,-52.5
0.166,0.0015,0.0007,0.0015,0.0015,-52.3
0.167,0.0007,0.0007,0.0007,0.0007,-52.1
0.168,-0.0008,0.0,-0.0008,-0.0008,-51.9
0.169,0.0007,-0.0015,0.0007,0.0015,-51.8
0.17,-0.0008,0.0007,0.003,-0.0008,-51.6
0.171,-0.0015,-0.0008,0.0045,-0.0008,-51.4
0.172,0.0,-0.0008,0.006,0.0007,-51.3
0.173,0.0007,-0.0008,0.0052,0.0015,-51.1
0.174,0.0007,-0.0015,0.003,0.0007,-50.9
0.175,0.0015,0.0007,0.0015,0.0022,-50.7
0.176,0.0022,0.0007,0.0007,0.003,-50.5
0.177,0.0007,0.0,0.0015,0.0045,-50.4
0.178,0.0,0.0007,0.0007,0.0052,-50.2
0.179,0.0007,-0.0015,0.003,0.0052,-50.0
0.18,-0.0008,-0.0023,-0.0008,0.0052,-49.8
0.181,-0.0023,0.0015,-0.0015,0.003,-49.6
0.182,-0.0015,0.003,-0.0008,0.0007,-49.4
0.183,-0.0008,0.0022,-0.003,0.0015,-49.2
0.184,0.0022,0.0007,-0.003,0.0007,-49.0
0.185,0.003,-0.0015,-0.003,-0.0008,-48.7
0.186,0.0022,-0.0038,-0.003,0.0,-48.6
0.187,0.0022,-0.0015,-0.003,0.0015,-48.3
0.188,0.0015,0.0,-0.003,0.0007,-48.1
0.189,-0.0008,-0.0008,-0.0008,0.003,-47.9
0.19,-0.0008,0.0007,-0.0015,0.0022,-47.7
0.191,0.0,0.0007,-0.0023,0.0007,-47.5
0.192,0.0007,-0.0023,0.0,0.0007,-47.3
0.193,-0.0015,-0.003,0.0007,-0.0008,-47.1
0.194,0.0,-0.003,0.0015,-0.0015,-46.8
0.195,0.0,-0.0046,0.003,-0.0046,-46.6
0.196,-0.0015,-0.0053,0.0015,-0.003,-46.4
0.197,-0.003,-0.0046,0.003,-0.0015,-46.2
0.198,-0.0038,-0.003,0.0007,-0.0015,-46.0
0.199,-0.0023,-0.0015,-0.0023,0.0007,-45.8
0.2,-0.003,-0.0008,0.0007,-0.0015,-45.6
0.201,-0.0008,0.0007,0.0007,0.0007,-45.4
0.202,0.0007,0.0015,0.0015,0.003,-45.1
0.203,0.0022,0.0015,0.0022,0.0022,-44.9
0.204,0.0015,0.0015,0.003,0.003,-44.6
0.205,-0.0008,0.0007,0.0045,0.0015,-44.4
0.206,0.0007,0.0015,0.0015,0.0015,-44.1
0.207,0.0007,0.0007,0.0015,0.0015,-43.9
0.208,-0.0008,-0.0008,0.0015,0.0045,-43.6
0.209,0.0015,-0.006,0.0007,0.003,-43.4
0.21,0.0007,-0.0105,0.0015,0.003,-43.1
0.211,0.0007,-0.0098,0.0007,0.0015,-42.9
0.212,-0.0008,-0.0068,0.0007,0.0007,-42.7
0.213,-0.0015,-0.0053,0.0015,0.0007,-42.4
0.214,-0.0008,-0.0038,0.0037,0.0007,-42.2
0.215,-0.0008,-0.003,0.0052,0.0022,-41.9
0.216,0.0,-0.0023,0.0015,0.003,-41.7
0.217,0.0,-0.0008,-0.0008,0.0,-41.4
0.218,0.0,0.0007,-0.003,-0.0008,-41.2
0.219,0.0015,0.0007,-0.0046,-0.0015,-40.9
0.22,0.0007,0.0007,-0.003,0.0007,-40.7
0.221,0.0015,0.0,-0.0015,0.0015,-40.4
0.222,0.0007,0.0007,0.0,-0.0008,-40.2
0.223,-0.0015,0.0007,-0.0015,-0.0008,-39.9
0.224,0.0015,0.0007,0.0,0.0007,-39.6
0.225,0.0015,0.003,0.0022,0.0007,-39.4
0.226,0.0007,0.003,0.0022,0.0007,-39.1
0.227,-0.0008,0.0022,0.0045,-0.0015,-38.9
0.228,0.0,0.003,0.0022,-0.0046,-38.6
0.229,-0.0008,0.0007,0.0007,0.0,-38.3
0.23,-0.0008,-0.0008,0.0,0.0,-38.1
0.231,-0.0015,-0.0008,0.0022,0.0,-37.8
0.232,-0.003,0.0,0.006,0.0022,-37.6
0.233,-0.0008,0.0015,0.0045,0.0015,-37.3
0.234,-0.0008,0.0007,0.0052,0.003,-37.1
0.235,0.0007,0.0022,0.0052,0.0022,-36.8
0.236,0.0022,0.0022,0.0045,0.0022,-36.5
0.237,0.0007,0.0015,0.0015,0.0007,-36.3
0.238,0.0022,-0.0008,0.0,-0.0008,-36.0
0.239,0.0022,-0.0015,0.0015,-0.0015,-35.8
0.24,0.0007,-0.0015,0.0,-0.0015,-35.5
0.241,0.0015,-0.0038,0.0007,-0.006,-35.2
0.242,0.0,-0.0046,0.003,-0.0046,-35.0
0.243,-0.0008,-0.0038,0.003,0.0007,-34.7
0.244,-0.0015,-0.0053,0.0015,0.0022,-34.4
0.245,-0.003,-0.0053,-0.0008,0.003,-34.1
0.246,-0.003,-0.0053,0.0007,0.0007,-33.8
0.247,-0.0015,-0.0083,-0.0008,-0.0015,-33.6
0.248,-0.0008,-0.0053,0.0007,-0.0008,-33.3
0.249,-0.0008,-0.0053,0.0015,0.0,-33.0
0.25,0.0022,-0.0046,0.0,0.0015,-32.8
0.251,0.0022,-0.0015,-0.0015,0.0007,-32.5
0.252,0.0022,-0.0008,-0.003,0.003,-32.2
0.253,0.0022,0.0007,0.0015,0.0045,-32.0
0.254,0.003,0.003,0.0045,0.0045,-31.7
0.255,0.0045,0.0052,0.003,0.003,-31.4
0.256,0.003,0.0037,0.0015,0.0007,-31.1
0.257,0.0015,0.0,0.0022,-0.0008,-30.8
0.258,0.0007,-0.003,0.0037,-0.0053,-30.6
0.259,-0.0023,-0.0046,0.0045,-0.0068,-30.3
0.26,-0.003,-0.0053,0.003,-0.0083,-30.0
0.261,-0.0008,-0.006,0.0045,-0.0068,-29.7
0.262,0.0015,-0.006,0.0007,-0.0053,-29.5
0.263,0.003,-0.0053,0.0,-0.0053,-29.2
0.264,0.0052,-0.0038,0.0007,-0.0046,-28.9
0.265,0.003,-0.0015,0.0007,-0.0046,-28.6
0.266,0.003,0.0007,0.0007,-0.0023,-28.4
0.267,0.0037,0.0015,0.0007,-0.0015,-28.1
0.268,0.003,0.0,0.0007,-0.0015,-27.8
0.269,-0.0023,-0.003,0.0015,-0.0008,-27.5
0.27,-0.0046,-0.0015,0.0007,0.0007,-27.2
0.271,-0.0038,0.0,0.0,0.0015,-27.0
0.272,-0.003,0.0007,0.0007,0.0045,-26.7
0.273,-0.0023,0.0007,0.003,0.0045,-26.4
0.274,-0.0023,-0.003,0.003,0.0052,-26.1
0.275,0.0015,-0.0015,0.003,0.006,-25.8
0.276,0.003,-0.0008,0.0007,0.0045,-25.6
0.277,0.0105,-0.0008,-0.0015,0.0052,-25.3
0.278,0.0157,-0.0008,-0.0015,0.003,-25.0
0.279,0.0097,-0.0023,0.0007,0.0015,-24.7
0.28,0.0037,0.0007,0.0015,0.0007,-24.4
0.281,-0.0053,0.0007,0.0022,0.0015,-24.2
0.282,-0.0128,-0.0008,0.003,0.0045,-23.9
0.283,-0.012,-0.0046,0.0037,0.003,-23.7
0.284,-0.0128,-0.0098,0.0015,0.0015,-23.4
0.285,-0.012,-0.0083,0.0,-0.0023,-23.1
0.286,-0.0091,-0.0091,-0.0008,-0.003,-22.9
0.287,-0.0046,-0.0083,-0.0008,-0.0046,-22.6
0.288,0.0,-0.0023,0.0,-0.0046,-22.4
0.289,0.0022,-0.0008,0.0,-0.0023,-22.1
0.29,0.0015,-0.0008,-0.0008,0.0015,-21.8
0.291,0.003,0.0015,-0.0008,0.0022,-21.6
0.292,0.0082,0.0022,-0.0008,0.0045,-21.3
0.293,0.0082,0.003,-0.0008,0.0067,-21.1
0.294,0.0045,0.0045,0.0015,0.0067,-20.8
0.295,0.0015,0.0037,0.0037,0.0067,-20.6
0.296,0.0007,0.0015,0.0045,0.0015,-20.3
0.297,0.0007,0.0007,0.0052,-0.0038,-20.0
0.298,-0.0023,0.0,0.003,-0.0053,-19.8
0.299,-0.0008,-0.0008,0.003,-0.0053,-19.5
0.3,0.0022,-0.0015,0.0,-0.0075,-19.3
0.301,0.003,-0.003,-0.0023,-0.0068,-19.1
0.302,0.0045,-0.0015,-0.0008,-0.0015,-18.9
0.303,0.0045,0.0015,-0.003,-0.0015,-18.7
0.304,0.0007,0.0037,-0.003,-0.0023,-18.5
0.305,-0.003,0.0045,-0.003,-0.0046,-18.3
0.306,-0.0015,0.0045,0.0,-0.0046,-18.0
0.307,0.0015,0.0022,0.003,-0.0023,-17.9
0.308,0.0015,0.0015,0.0037,-0.0053,-17.6
0.309,0.0045,0.0007,0.0067,-0.0046,-17.5
0.31,0.0067,0.0022,0.009,-0.0008,-17.2
0.311,0.0097,0.0007,0.0067,-0.0008,-17.1
0.312,0.0105,-0.0023,0.0037,-0.0008,-16.9
0.313,0.003,-0.0015,0.0022,0.0015,-16.7
0.314,-0.0008,-0.0008,0.0015,0.0045,-16.5
0.315,-0.003,-0.0008,0.0015,0.006,-16.2
0.316,-0.0046,0.003,0.0037,0.0105,-16.1
0.317,-0.003,0.006,0.003,0.0112,-15.8
0.318,-0.0008,0.006,0.0007,0.0075,-15.7
0.319,0.0052,0.0045,0.0007,0.006,-15.4
0.32,0.0082,0.003,0.0015,0.003,-15.3
0.321,0.0052,-0.0015,0.0015,-0.0023,-15.1
0.322,-0.0015,-0.0046,0.0015,-0.0008,-14.9
0.323,-0.0083,-0.0083,0.0007,-0.0015,-14.8
0.324,-0.0113,-0.0105,0.0,-0.0046,-14.7
0.325,-0.0113,-0.0098,-0.0015,-0.0046,-14.5
0.326,-0.0098,-0.0091,-0.003,-0.0075,-14.4
0.327,-0.0091,-0.006,-0.0023,-0.0046,-14.2
0.328,-0.0046,0.0,-0.0038,-0.0015,-14.1
0.329,-0.0015,0.0037,-0.0015,-0.0008,-14.0
0.33,-0.0008,0.0037,0.0007,-0.0015,-13.8
0.331,0.003,0.003,0.0015,-0.0015,-13.6
0.332,0.003,0.0015,0.0022,-0.0008,-13.5
0.333,0.0045,-0.0008,0.0015,-0.0015,-13.4
0.334,0.0067,-0.003,0.0007,0.0007,-13.2
0.335,0.0067,-0.0053,-0.0015,0.0007,-13.1
0.336,0.0037,-0.006,-0.0015,-0.003,-12.9
0.337,-0.0008,-0.0053,0.0022,-0.003,-12.8
0.338,-0.0015,-0.0046,0.0007,-0.0015,-12.6
0.339,-0.003,-0.0015,-0.0008,-0.0008,-12.5
0.34,-0.0008,-0.0008,0.0015,-0.0008,-12.3
0.341,-0.003,0.0007,-0.0008,0.003,-12.2
0.342,-0.006,0.0022,0.0,0.0015,-12.1
0.343,-0.003,0.003,0.0015,0.0007,-12.0
0.344,-0.0023,0.003,0.0007,0.003,-11.9
0.345,-0.0008,0.0022,0.0022,0.003,-11.8
0.346,-0.0008,0.0052,0.0007,0.0045,-11.7
0.347,-0.0008,0.0052,-0.0015,0.0037,-11.6
0.348,-0.0015,0.003,0.0007,0.0,-11.5
0.349,-0.003,-0.0015,0.0015,-0.003,-11.4
0.35,-0.0038,-0.0046,0.0045,-0.003,-11.3
0.351,-0.0023,-0.003,0.0037,-0.0008,-11.2
0.352,-0.0008,-0.0015,0.0,0.0022,-11.1
0.353,-0.0008,-0.0015,0.0015,0.003,-11.0
0.354,0.0007,-0.0023,0.0022,0.0022,-10.9
0.355,0.0,-0.0068,0.0022,0.0015,-10.8
0.356,0.0015,-0.0091,0.0052,-0.0008,-10.7
0.357,-0.0008,-0.0053,0.0007,-0.0015,-10.6
0.358,0.0,-0.0053,0.0022,0.0,-10.5
0.359,0.003,-0.003,0.0105,0.0007,-10.4
0.36,0.0045,-0.003,0.012,-0.003,-10.3
0.361,0.003,-0.003,0.0112,-0.003,-10.3
0.362,0.0015,0.0,0.0052,-0.003,-10.2
0.363,0.0045,0.0,-0.0015,-0.003,-10.1
0.364,0.012,0.0022,-0.0053,-0.0008,-10.1
0.365,0.0112,0.0015,-0.0046,0.0007,-10.0
0.366,0.0037,0.0007,-0.0053,0.0007,-9.9
0.367,-0.0015,0.0007,-0.0046,0.0015,-9.9
0.368,-0.0091,0.003,-0.0008,0.0045,-9.9
0.369,-0.0158,0.0067,0.0015,0.0045,-9.8
0.37,-0.0105,0.0037,0.0015,0.0045,-9.7
0.371,-0.0083,0.0052,-0.003,0.0067,-9.7
0.372,-0.0053,0.0007,-0.0083,0.003,-9.6
0.373,-0.003,-0.0075,-0.0083,-0.0015,-9.5
0.374,-0.0046,-0.0105,-0.0068,-0.0053,-9.5
0.375,-0.0046,-0.0165,-0.003,-0.0075,-9.4
0.376,-0.0023,-0.015,0.0045,-0.006,-9.4
0.377,-0.0008,-0.0091,0.0097,-0.0046,-9.3
0.378,0.0022,-0.0053,0.0165,-0.003,-9.3
0.379,0.0037,-0.003,0.021,-0.003,-9.2
0.38,0.0022,-0.0023,0.012,-0.0038,-9.1
0.381,0.0052,-0.0015,0.0015,-0.003,-9.1
0.382,0.0037,-0.003,-0.0038,-0.0023,-9.1
0.383,0.0045,-0.0068,-0.0091,-0.003,-9.1
0.384,0.0045,-0.0068,-0.0105,-0.0015,-9.1
0.385,0.006,0.003,-0.015,0.0045,-9.1
0.386,0.009,0.0082,-0.0143,0.0105,-9.0
0.387,0.0067,0.0052,-0.0098,0.012,-9.0
0.388,0.0052,0.0082,-0.0068,0.012,-9.0
0.389,0.0045,0.0075,-0.0023,0.009,-9.0
0.39,0.0052,0.003,-0.0008,0.0022,-9.0
0.391,0.003,-0.0046,0.0007,-0.0075,-9.0
0.392,-0.0053,-0.012,0.0082,-0.015,-9.0
0.393,-0.0068,-0.0143,0.018,-0.0143,-9.0
0.394,-0.0053,-0.0083,0.0292,-0.0053,-9.0
0.395,-0.0015,0.0015,0.0352,0.0007,-9.0
0.396,0.0015,0.0067,0.0232,0.0045,-9.0
0.397,0.0052,0.0007,0.0082,0.0075,-9.0
0.398,0.0045,-0.0105,0.0,0.0052,-9.0
0.399,0.0037,-0.0158,-0.0053,-0.0053,-8.9
0.4,0.0045,-0.0105,-0.0098,-0.0105,-8.9
0.401,0.0015,-0.006,-0.0128,-0.0098,-8.9
0.402,-0.0015,-0.006,-0.0158,-0.0128,-8.9
0.403,-0.0038,-0.003,-0.0165,-0.0105,-9.0
0.404,-0.0023,0.0015,-0.0165,-0.0105,-9.0
0.405,-0.0008,0.0082,-0.0135,-0.0053,-9.0
0.406,-0.0015,0.0195,-0.0128,0.0015,-9.0
0.407,-0.0015,0.0247,-0.0083,0.0082,-9.0
0.408,-0.0015,0.018,-0.0053,0.0097,-9.0
0.409,-0.0015,-0.0091,-0.0038,0.0022,-9.1
0.41,-0.0015,-0.0278,-0.0008,0.003,-9.1
0.411,0.0,-0.0315,0.0052,0.003,-9.1
0.412,0.003,-0.0293,0.0112,0.0037,-9.2
0.413,0.0045,0.0,0.0067,0.018,-9.2
0.414,0.006,0.0315,0.0052,0.024,-9.2
0.415,0.0232,0.0307,0.012,0.0127,-9.2
0.416,0.0367,0.0157,0.024,0.0045,-9.3
0.417,0.0187,0.0022,0.0487,0.0037,-9.3
0.418,-0.0008,0.0015,0.0735,0.0075,-9.3
0.419,-0.012,0.0045,0.0555,0.0045,-9.3
0.42,-0.0285,-0.0038,0.0127,-0.0083,-9.4
0.421,-0.0346,-0.0068,-0.0165,-0.0053,-9.4
0.422,-0.0346,-0.0091,-0.0428,-0.0038,-9.5
0.423,-0.0278,-0.015,-0.0503,-0.0046,-9.5
0.424,-0.0143,-0.0128,-0.0511,-0.0046,-9.6
0.425,-0.0015,-0.015,-0.0518,-0.0113,-9.7
0.426,0.0082,-0.0225,-0.0428,-0.0128,-9.8
0.427,0.0045,-0.03,-0.0353,-0.0158,-9.8
0.428,0.0007,-0.024,-0.024,-0.021,-9.9
0.429,-0.0046,-0.0046,-0.0195,-0.0181,-9.9
0.43,-0.0068,0.0105,-0.0135,-0.0068,-10.0
0.431,-0.0038,0.0165,-0.0053,0.0045,-10.1
0.432,-0.0068,0.0165,-0.0023,0.012,-10.1
0.433,-0.0046,0.0142,0.0045,0.0052,-10.2
0.434,-0.0008,0.0142,0.0112,0.009,-10.3
0.435,0.009,0.0217,0.0172,0.027,-10.4
0.436,0.0195,0.042,0.0202,0.0315,-10.4
0.437,0.0217,0.0675,0.0247,0.0307,-10.5
0.438,0.0202,0.0517,0.0315,0.033,-10.5
0.439,0.012,0.0045,0.0307,0.027,-10.6
0.44,0.0022,-0.0083,0.0202,0.0067,-10.7
0.441,-0.0008,-0.0068,0.015,-0.0008,-10.8
0.442,0.0067,-0.0046,0.0172,-0.0038,-10.8
0.443,0.009,-0.024,0.018,-0.0075,-10.9
0.444,0.0052,-0.0465,0.0195,-0.0091,-11.0
0.445,0.0022,-0.0293,0.0127,-0.0165,-11.1
0.446,-0.012,-0.0135,0.0112,-0.0075,-11.2
0.447,-0.0473,-0.0105,0.0225,-0.003,-11.3
0.448,-0.0825,-0.0083,0.0292,0.003,-11.3
0.449,-0.0578,-0.0053,0.0225,0.0165,-11.4
0.45,-0.0225,0.0015,0.0105,0.0112,-11.5
0.451,-0.0015,0.0022,0.0015,0.0097,-11.6
0.452,0.0277,0.0,0.009,0.0202,-11.7
0.453,0.0345,0.006,0.024,0.0045,-11.8
0.454,0.0405,0.0135,0.018,-0.0165,-11.9
0.455,0.0405,0.0,-0.0053,-0.0308,-12.0
0.456,0.0352,-0.0256,-0.0218,-0.039,-12.0
0.457,0.033,-0.0465,-0.0248,-0.0225,-12.1
0.458,0.0307,-0.033,-0.0105,-0.0091,-12.2
0.459,0.0375,-0.0046,0.0007,-0.0091,-12.3
0.46,0.0352,-0.0105,-0.0105,-0.0143,-12.4
0.461,0.027,-0.0143,-0.0105,-0.0135,-12.5
0.462,0.0165,-0.0113,-0.0113,-0.0083,-12.6
0.463,0.0105,-0.0105,-0.0128,-0.0068,-12.6
0.464,0.0052,-0.0083,0.0045,-0.012,-12.7
0.465,-0.0046,-0.0195,0.018,-0.0195,-12.8
0.466,-0.0173,-0.027,0.015,-0.0195,-12.9
0.467,-0.0308,-0.027,0.0172,-0.0173,-13.0
0.468,-0.0383,-0.0105,0.0112,-0.0135,-13.0
0.469,-0.024,0.0127,-0.0068,-0.0053,-13.1
0.47,0.0082,0.0277,-0.0203,0.0187,-13.2
0.471,0.009,0.0262,-0.0428,0.0127,-13.3
0.472,-0.0128,0.0165,-0.039,-0.0075,-13.4
0.473,-0.0293,0.0172,-0.0083,-0.0091,-13.4
0.474,-0.033,0.0082,0.0217,-0.0158,-13.5
0.475,-0.0203,0.0187,0.0322,0.027,-13.6
0.476,0.0075,0.0517,0.0165,0.0945,-13.7
0.477,0.0195,0.0502,-0.0135,0.0915,-13.8
0.478,-0.0165,0.0127,-0.0503,0.033,-13.8
0.479,-0.0203,-0.0098,-0.0645,0.0052,-13.9
0.48,-0.0203,-0.0046,-0.06,0.0045,-14.0
0.481,-0.0233,0.0202,-0.0361,0.0052,-14.0
0.482,-0.0113,0.033,0.0045,0.0007,-14.1
0.483,-0.0105,-0.0008,0.0315,-0.0083,-14.1
0.484,0.0105,-0.033,0.0487,-0.015,-14.1
0.485,0.0142,-0.0285,0.0547,-0.021,-14.2
0.486,0.0292,-0.0181,0.0457,-0.0105,-14.2
0.487,0.0315,-0.0165,0.0315,-0.0083,-14.3
0.488,0.0142,-0.0158,0.0412,-0.0135,-14.3
0.489,0.0165,-0.0105,0.0577,-0.0135,-14.3
0.49,0.0067,-0.0068,0.051,-0.0046,-14.4
0.491,0.0015,-0.0015,0.0172,0.0007,-14.4
0.492,-0.0015,-0.0008,-0.0098,0.0045,-14.4
0.493,-0.003,-0.0075,-0.0353,0.0157,-14.4
0.494,-0.0023,-0.0046,-0.0465,0.0292,-14.5
0.495,-0.0008,0.0127,-0.0405,0.036,-14.5
0.496,0.0045,0.024,-0.0518,0.0285,-14.6
0.497,0.0135,0.0247,-0.0495,0.012,-14.6
0.498,0.0105,0.018,-0.0203,-0.0015,-14.6
0.499,-0.0195,0.021,0.0105,-0.012,-14.7
0.5,-0.0293,0.021,0.0315,-0.0158,-14.8
0.501,-0.0315,0.0142,0.0285,-0.003,-14.9
0.502,-0.0361,0.0037,0.0187,-0.0008,-15.2
0.503,-0.0233,-0.0218,0.0157,-0.0135,-15.3
0.504,-0.0053,-0.0533,0.0187,-0.0248,-15.6
0.505,0.0135,-0.0706,0.024,-0.0278,-15.8
0.506,0.027,-0.0623,0.015,-0.0173,-16.0
0.507,0.0255,-0.0405,-0.0083,-0.0046,-16.2
0.508,0.0157,-0.0233,-0.0315,0.0,-16.4
0.509,0.0045,-0.0113,-0.0346,0.0037,-16.7
0.51,0.0082,-0.0015,-0.0233,0.0067,-16.9
0.511,0.0165,-0.0015,-0.0105,0.0022,-17.1
0.512,0.0015,0.0015,0.003,0.0015,-17.3
0.513,-0.0068,0.0157,0.0082,0.0052,-17.5
0.514,0.003,0.024,0.0142,0.0105,-17.7
0.515,0.0105,0.027,0.021,0.0127,-17.9
0.516,0.0142,0.0292,0.0225,0.0165,-18.1
0.517,0.0307,0.0292,0.0202,0.0105,-18.4
0.518,0.0382,0.027,0.0232,0.0052,-18.5
0.519,0.0142,0.0255,0.03,0.0045,-18.8
0.52,0.0097,0.021,0.0277,-0.0015,-19.0
0.521,0.0292,0.0135,0.033,-0.0053,-19.2
0.522,0.0442,0.0082,0.039,-0.0143,-19.4
0.523,0.0532,0.0007,0.0232,-0.0195,-19.6
0.524,0.027,-0.0046,0.0112,-0.0218,-19.8
0.525,-0.0091,0.0,0.003,-0.0233,-20.0
0.526,-0.039,0.003,-0.033,-0.0075,-20.3
0.527,-0.0608,-0.0015,-0.0668,0.0082,-20.5
0.528,-0.0518,0.0015,-0.0675,0.0127,-20.7
0.529,-0.0128,0.0082,-0.0518,0.0052,-20.9
0.53,0.0052,0.0082,-0.0428,0.003,-21.1
0.531,-0.0195,0.006,-0.0428,0.0045,-21.3
0.532,-0.0511,0.003,-0.0293,-0.0038,-21.5
0.533,-0.0713,0.0007,-0.0225,-0.0173,-21.7
0.534,-0.063,-0.0008,-0.0083,-0.0158,-21.9
0.535,-0.033,0.0,0.0127,-0.0068,-22.1
0.536,-0.0083,0.0,0.0232,-0.0046,-22.3
0.537,0.009,0.0007,0.0315,0.0007,-22.5
0.538,0.009,-0.0008,0.0315,0.0015,-22.8
0.539,0.0075,-0.0015,0.0352,0.0037,-23.0
0.54,0.0045,-0.003,0.0307,0.0015,-23.2
0.541,0.0,-0.0008,0.0195,-0.006,-23.2
0.542,0.0052,0.0015,0.0195,-0.0083,-23.3
0.543,0.0,0.0007,0.0307,-0.0083,-23.3
0.544,-0.0046,-0.0015,0.0382,-0.0046,-23.4
0.545,-0.0008,0.003,0.027,0.0007,-23.4
0.546,-0.0008,0.0105,0.036,0.003,-23.5
0.547,0.0007,0.0157,0.0322,0.0007,-23.5
0.548,-0.0015,0.0157,-0.0046,0.0,-23.6
0.549,0.0015,0.012,-0.033,0.0015,-23.6
0.55,0.0045,0.0112,-0.0593,-0.0023,-23.7
0.551,0.006,0.0105,-0.0608,-0.0068,-23.8
0.552,0.0082,0.009,-0.0511,-0.0098,-23.8
0.553,0.0067,0.003,-0.0458,-0.0091,-23.9
0.554,0.0067,-0.0203,-0.0263,-0.0083,-23.9
0.555,0.0037,-0.0578,-0.012,-0.0068,-23.9
0.556,0.0007,-0.0488,-0.0083,0.0052,-24.0
0.557,0.0015,-0.0091,-0.0023,0.0112,-24.1
0.558,-0.003,-0.0075,0.0067,0.003,-24.1
0.559,-0.0233,-0.0091,0.0157,0.0067,-24.2
0.56,-0.0285,-0.0091,0.0262,0.0165,-24.3
0.561,-0.0083,-0.0165,0.0262,0.0037,-24.2
0.562,0.0157,-0.0105,0.0292,-0.003,-24.2
0.563,0.0457,-0.0068,0.042,-0.0023,-24.2
0.564,0.0405,-0.0075,0.0352,-0.0113,-24.2
0.565,0.0225,-0.0053,0.0232,-0.0068,-24.1
0.566,0.0067,0.0022,0.0225,-0.0128,-24.1
0.567,-0.0203,0.0045,0.0405,-0.0203,-24.1
0.568,-0.0158,-0.003,0.0547,-0.0113,-24.0
0.569,-0.0091,-0.0091,0.0217,-0.0015,-24.0
0.57,0.0015,-0.0105,-0.0113,0.0165,-24.0
0.571,0.0105,-0.006,-0.0256,0.0202,-23.9
0.572,0.0067,-0.0068,-0.0405,0.024,-23.9
0.573,0.0067,-0.006,-0.042,0.042,-23.9
0.574,-0.0008,-0.0053,-0.0465,0.0345,-23.9
0.575,-0.0068,-0.0046,-0.042,0.0172,-23.9
0.576,-0.0083,-0.0046,-0.024,0.0052,-23.8
0.577,-0.0053,-0.0046,-0.0083,0.0015,-23.8
0.578,-0.0128,-0.0046,0.0082,0.0007,-23.8
0.579,-0.024,-0.006,0.024,-0.0008,-23.8
0.58,-0.0256,-0.0068,0.0532,0.0007,-23.7
0.581,-0.0143,-0.0083,0.0615,0.0015,-23.7
0.582,-0.003,-0.0098,0.036,0.0082,-23.6
0.583,0.0082,-0.0075,0.0127,0.0112,-23.6
0.584,0.024,-0.0046,-0.0083,0.003,-23.6
0.585,0.0307,-0.0046,-0.0195,-0.0008,-23.5
0.586,0.0352,-0.0053,-0.0195,-0.0015,-23.5
0.587,0.0382,-0.0038,-0.0053,-0.0083,-23.5
0.588,0.0315,-0.0068,0.0225,-0.0098,-23.4
0.589,0.0195,-0.0075,0.0187,-0.012,-23.4
0.59,0.0082,-0.0068,-0.0105,-0.0113,-23.4
0.591,0.003,-0.012,-0.027,-0.012,-23.4
0.592,-0.0046,-0.0165,-0.0361,-0.0128,-23.3
0.593,-0.012,-0.0135,-0.0248,-0.0098,-23.3
0.594,-0.0075,-0.0091,-0.015,-0.0091,-23.3
0.595,-0.0053,-0.0083,-0.0083,-0.0075,-23.2
0.596,-0.0083,-0.0053,0.0015,-0.006,-23.2
0.597,-0.003,-0.0046,0.0067,-0.0015,-23.1
0.598,0.003,-0.0008,0.0142,0.003,-23.1
0.599,0.0052,0.0007,0.0172,0.0045,-23.1
0.6,-0.0008,0.0007,0.018,0.0067,-23.0
0.601,-0.006,0.0007,0.018,0.0045,-23.0
0.602,-0.006,0.0,0.015,0.0007,-23.0
0.603,-0.006,0.0,0.0142,-0.003,-23.0
0.604,-0.0015,0.0007,0.0105,-0.003,-23.0
0.605,0.0,0.0007,0.0105,-0.0008,-23.0
0.606,0.0007,0.0015,0.0082,-0.0023,-23.0
0.607,0.0015,0.0067,0.0052,-0.0068,-23.0
0.608,0.003,0.0082,0.0075,-0.0105,-23.0
0.609,0.0015,0.0082,0.0127,-0.0098,-23.0
0.61,0.0,0.0052,0.0292,-0.006,-23.0
0.611,0.0,0.0007,0.039,0.0007,-23.0
0.612,-0.0015,-0.003,0.0165,0.0045,-23.0
0.613,0.006,-0.0046,-0.006,0.0075,-23.0
0.614,0.0442,-0.0008,-0.021,0.0105,-23.0
0.615,0.0727,0.0007,-0.0428,0.009,-23.0
0.616,0.0382,0.0007,-0.0368,0.0052,-23.0
0.617,-0.0083,0.0015,-0.0256,0.003,-23.0
0.618,-0.0413,-0.0008,-0.021,0.0015,-23.0
0.619,-0.0675,-0.0023,-0.012,-0.0015,-23.0
0.62,-0.063,-0.0023,-0.0083,-0.0008,-23.0
0.621,-0.0518,0.0007,-0.0023,0.0015,-23.0
0.622,-0.0293,0.0015,-0.0046,0.0022,-23.0
0.623,-0.0113,0.0015,-0.006,0.0007,-23.0
0.624,-0.0015,0.003,0.003,-0.0015,-22.9
0.625,0.0067,0.0015,0.009,-0.0015,-22.9
0.626,0.0052,0.0007,0.0172,-0.006,-22.9
0.627,0.0082,0.0007,0.021,-0.0046,-22.8
0.628,0.0082,0.0007,0.0142,0.0015,-22.8
0.629,0.0105,0.0015,0.0082,0.0052,-22.8
0.63,0.0127,-0.0008,0.0037,0.0075,-22.8
0.631,0.012,-0.0015,0.003,0.0037,-22.7
0.632,0.0097,-0.0015,0.003,0.0022,-22.7
0.633,0.0127,0.0,0.0015,-0.003,-22.7
0.634,0.0127,0.0007,-0.0023,-0.0053,-22.7
0.635,0.0045,0.0015,-0.0038,-0.0008,-22.6
0.636,0.0015,0.0015,-0.0023,0.0022,-22.6
0.637,0.0015,0.0007,-0.003,0.0015,-22.6
0.638,-0.0023,0.0,-0.0038,-0.0015,-22.6
0.639,-0.0038,-0.0008,-0.0008,0.0015,-22.6
0.64,0.0037,0.0015,0.0007,0.0127,-22.5
0.641,0.0127,0.0015,0.0015,0.0165,-22.5
0.642,0.0075,0.0007,0.0052,0.0022,-22.5
0.643,-0.0083,0.0015,0.0127,-0.0015,-22.5
0.644,-0.0143,0.0045,0.0352,-0.0046,-22.4
0.645,-0.012,0.0067,0.0577,-0.0068,-22.4
0.646,-0.0091,0.0075,0.0547,-0.0015,-22.4
0.647,-0.003,0.0067,0.0487,-0.0023,-22.3
0.648,0.006,0.0082,0.0172,0.0022,-22.3
0.649,0.0127,0.0067,-0.0308,0.0127,-22.2
0.65,0.009,0.0067,-0.0503,0.0082,-22.2
0.651,0.0015,0.006,-0.0728,-0.0008,-22.2
0.652,-0.003,0.0045,-0.0728,-0.0015,-22.1
0.653,-0.0046,0.0052,-0.0593,-0.003,-22.1
0.654,-0.003,0.0045,-0.0458,-0.0008,-22.1
0.655,-0.0008,0.0067,-0.0203,-0.0046,-22.1
0.656,-0.0038,0.009,-0.0083,-0.0143,-22.0
0.657,-0.0046,0.0082,0.0037,-0.0113,-22.0
0.658,-0.0053,0.0067,0.0082,-0.006,-22.0
0.659,-0.0068,0.0052,0.0045,-0.0038,-21.9
0.66,-0.0053,0.0075,0.0052,-0.0046,-21.9
0.661,-0.003,0.0045,0.0052,-0.0038,-21.9
0.662,-0.0008,0.0045,0.0097,0.0045,-21.9
0.663,-0.0015,0.0045,0.0142,0.0097,-21.9
0.664,-0.003,0.0015,0.0172,0.0075,-21.9
0.665,-0.0008,0.003,0.0172,0.003,-21.9
0.666,0.0045,0.0022,0.0105,0.003,-21.9
0.667,0.012,0.003,0.0052,0.0112,-21.9
0.668,0.0157,0.0015,0.0052,0.0105,-21.9
0.669,0.0105,0.0015,0.0067,0.003,-21.9
0.67,-0.0128,0.0,0.0112,0.0015,-21.9
0.671,-0.0383,-0.0023,0.0187,-0.0008,-21.9
0.672,-0.0315,-0.0023,0.018,0.0052,-21.9
0.673,-0.0181,-0.0015,0.0105,0.012,-21.9
0.674,-0.0046,0.0007,0.0037,0.0112,-21.9
0.675,0.0067,-0.0008,0.0007,0.006,-21.9
0.676,0.0105,-0.0008,-0.0008,-0.0008,-21.9
0.677,0.0277,0.0007,-0.0008,-0.0015,-21.9
0.678,0.036,0.0,0.0015,-0.0038,-21.9
0.679,0.03,0.0,-0.0015,-0.0038,-21.9
0.68,0.0202,-0.0008,0.0022,-0.0053,-21.9
0.681,0.0142,-0.0008,0.012,-0.0046,-21.9
0.682,0.0105,-0.0015,0.0052,-0.0053,-21.9
0.683,-0.0038,-0.0053,0.0007,-0.0053,-21.9
0.684,-0.0105,-0.003,0.0015,-0.0038,-21.8
0.685,-0.0068,-0.0008,-0.0053,-0.0015,-21.8
0.686,0.0037,-0.0008,-0.0053,0.0007,-21.8
0.687,0.018,-0.003,-0.0046,-0.003,-21.8
0.688,0.021,-0.0008,-0.0015,-0.0015,-21.8
0.689,0.015,-0.0015,0.0067,0.0037,-21.8
0.69,0.003,-0.0053,0.0097,0.0045,-21.8
0.691,-0.0091,-0.0068,0.0082,-0.0023,-21.8
0.692,-0.0158,-0.0083,-0.0015,-0.006,-21.8
0.693,-0.0195,-0.0083,0.0015,-0.0083,-21.8
0.694,-0.0173,-0.0083,0.021,-0.0075,-21.8
0.695,-0.0181,-0.0075,0.033,-0.003,-21.8
0.696,-0.0195,-0.006,0.0187,-0.0023,-21.8
0.697,-0.0195,-0.003,-0.0053,0.0015,-21.7
0.698,-0.0143,-0.003,-0.0195,0.0,-21.7
0.699,-0.0053,-0.0023,-0.0346,-0.0015,-21.7
0.7,0.003,-0.0008,-0.0353,-0.0015,-21.7
0.701,0.018,-0.0008,-0.0293,-0.003,-21.7
0.702,0.0292,-0.003,-0.0181,0.0015,-21.7
0.703,0.0277,-0.0046,-0.0053,0.003,-21.7
0.704,0.0135,-0.006,-0.0008,0.0022,-21.6
0.705,-0.0015,-0.0068,0.0075,0.0007,-21.6
0.706,-0.0083,-0.0075,0.0067,-0.0053,-21.6
0.707,-0.012,-0.0075,0.0067,-0.0038,-21.6
0.708,-0.0098,-0.0083,0.0067,-0.003,-21.6
0.709,-0.0038,-0.0083,0.0067,-0.0068,-21.6
0.71,0.0037,-0.0068,0.0067,-0.0083,-21.5
0.711,0.0052,-0.0053,0.0045,-0.0053,-21.5
0.712,0.0015,-0.0046,0.0112,0.0,-21.5
0.713,-0.0053,-0.003,0.0262,0.0007,-21.5
0.714,-0.0083,-0.0015,0.0382,0.0007,-21.5
0.715,-0.0068,-0.003,0.0172,0.0052,-21.4
0.716,-0.0053,-0.0046,-0.0046,0.0112,-21.4
0.717,-0.0046,-0.0038,-0.0128,0.0075,-21.4
0.718,-0.0015,-0.0046,-0.0233,0.0007,-21.4
0.719,-0.0008,-0.0023,-0.0158,-0.0008,-21.3
0.72,0.0052,-0.003,-0.0128,-0.0038,-21.3
0.721,0.0082,-0.0038,-0.0046,-0.0015,-21.3
0.722,0.0045,-0.0046,0.0067,-0.0008,-21.3
0.723,0.0007,-0.0046,0.0112,-0.003,-21.3
0.724,-0.0038,-0.0015,0.0187,-0.003,-21.2
0.725,-0.0038,-0.0008,0.012,-0.0008,-21.2
0.726,-0.0046,-0.0008,0.0052,0.0,-21.2
0.727,-0.003,0.0007,0.0037,-0.0015,-21.2
0.728,-0.0015,0.0007,0.0045,0.0,-21.2
0.729,-0.0008,-0.0008,0.006,0.0022,-21.2
0.73,-0.0008,-0.0015,0.0067,0.0022,-21.2
0.731,-0.0015,-0.0023,0.0045,0.0007,-21.2
0.732,-0.0008,-0.0015,0.003,0.0007,-21.1
0.733,0.003,-0.0008,0.0052,-0.0008,-21.1
0.734,0.0067,-0.0008,0.006,0.0007,-21.1
0.735,0.0052,0.0,0.0067,0.0015,-21.1
0.736,-0.0015,-0.0015,0.0052,-0.003,-21.1
0.737,-0.0068,-0.0015,0.0052,-0.012,-21.0
0.738,-0.0068,0.0007,0.0045,-0.0113,-21.0
0.739,-0.006,0.0,0.0015,-0.0015,-21.0
0.74,-0.0068,-0.003,0.0,-0.0008,-21.0
0.741,-0.0068,-0.003,-0.0015,-0.0015,-21.0
0.742,-0.0091,-0.003,-0.0023,0.0052,-21.0
0.743,-0.0091,-0.0015,-0.0015,0.015,-20.9
0.744,-0.0046,-0.0008,-0.0015,0.0097,-20.9
0.745,-0.0008,-0.0008,-0.0015,0.0007,-20.9
0.746,-0.0015,0.0015,-0.0023,0.0052,-20.9
0.747,-0.0053,0.0,-0.0015,0.006,-20.9
0.748,-0.0023,0.0,-0.0023,0.0067,-20.9
0.749,0.0022,0.0,-0.0015,0.0052,-20.9
0.75,0.0127,0.0007,-0.003,0.0045,-20.9
0.751,0.0217,-0.0008,-0.0046,0.0075,-20.9
0.752,0.0217,-0.0008,-0.0053,0.003,-20.9
0.753,0.018,-0.0008,-0.003,0.0037,-20.8
0.754,0.0097,-0.0023,-0.003,0.0007,-20.8
0.755,0.0015,-0.0008,-0.0015,-0.0046,-20.8
0.756,-0.0015,-0.003,0.0007,-0.0068,-20.8
0.757,-0.0015,-0.0053,0.0022,-0.0113,-20.8
0.758,0.0007,-0.0053,0.0082,-0.012,-20.8
0.759,0.0015,-0.0053,0.012,-0.0083,-20.8
0.76,-0.0008,-0.0046,0.0082,-0.0046,-20.8
0.761,-0.0046,-0.0053,0.009,-0.0038,-20.8
0.762,-0.0091,-0.0053,0.0097,0.0015,-20.8
0.763,-0.0083,-0.0046,0.0112,0.009,-20.8
0.764,-0.0053,-0.0023,0.009,0.0082,-20.8
0.765,-0.0023,-0.0038,0.0067,0.006,-20.8
0.766,0.003,-0.0053,0.0082,0.0097,-20.8
0.767,0.0007,-0.003,0.006,0.012,-20.8
0.768,-0.003,-0.003,0.003,0.0097,-20.8
0.769,-0.0046,-0.003,0.0007,0.0067,-20.8
0.77,-0.0046,-0.0038,-0.0008,0.0045,-20.7
0.771,-0.0023,-0.003,-0.0038,-0.0008,-20.7
0.772,-0.003,-0.0015,-0.0053,-0.006,-20.7
0.773,-0.0015,-0.0015,-0.0075,-0.0038,-20.7
0.774,-0.003,-0.0015,-0.0128,-0.0053,-20.7
0.775,-0.0053,-0.003,-0.0143,-0.0046,-20.7
0.776,-0.006,-0.003,-0.0135,0.0007,-20.7
0.777,-0.006,-0.0015,-0.0113,0.0067,-20.7
0.778,-0.0068,-0.0023,-0.0053,0.0037,-20.7
0.779,-0.0083,-0.003,-0.0023,-0.0008,-20.7
0.78,-0.0053,-0.0015,-0.0015,-0.0015,-20.7
0.781,-0.0008,0.0,-0.0015,-0.003,-20.7
0.782,0.0022,-0.0008,-0.0015,-0.003,-20.7
0.783,0.003,-0.0008,-0.0015,-0.0053,-20.7
0.784,0.0037,0.0007,0.0082,-0.003,-20.7
0.785,0.006,0.0007,0.0232,0.003,-20.7
0.786,0.0067,-0.0023,0.0232,0.0015,-20.7
0.787,0.006,-0.0023,0.0127,-0.0008,-20.7
0.788,0.0075,-0.0023,0.003,-0.003,-20.6
0.789,0.0045,-0.0023,-0.0023,0.0,-20.6
0.79,0.0052,-0.0008,-0.0053,-0.0008,-20.6
0.791,0.0082,-0.0008,-0.0105,0.0007,-20.6
0.792,0.0045,0.0007,-0.0128,0.0015,-20.6
0.793,0.0022,0.0,-0.012,0.0015,-20.5
0.794,-0.0008,0.0007,-0.012,0.0007,-20.5
0.795,-0.0015,-0.0008,-0.015,-0.0015,-20.5
0.796,-0.003,-0.0015,-0.0128,-0.0015,-20.5
0.797,-0.0046,-0.0008,-0.0053,-0.003,-20.5
0.798,-0.003,-0.0008,-0.0008,-0.003,-20.5
0.799,-0.0038,0.0007,0.003,-0.0008,-20.4
0.8,-0.003,0.003,0.0067,-0.0015,-20.4
0.801,-0.0023,0.0045,0.009,-0.0046,-20.4
0.802,-0.0015,0.0045,0.0112,-0.012,-20.4
0.803,0.0007,0.006,0.0097,-0.0143,-20.3
0.804,0.003,0.0052,0.009,-0.0046,-20.3
0.805,0.003,0.0022,0.0082,0.003,-20.3
0.806,0.0045,0.0022,0.0067,0.003,-20.3
0.807,0.0045,0.0022,0.0052,0.006,-20.3
0.808,0.0015,0.0022,0.0037,0.0067,-20.3
0.809,0.0007,0.0007,0.0045,0.0052,-20.2
0.81,0.0007,0.0007,0.0052,0.0052,-20.2
0.811,0.0022,0.0007,0.0022,0.003,-20.2
0.812,0.003,0.0,-0.0015,0.0037,-20.1
0.813,0.003,0.0015,-0.0015,0.003,-20.1
0.814,0.0037,0.0007,-0.0008,0.0015,-20.1
0.815,0.0052,0.0007,-0.003,0.0,-20.1
0.816,0.003,-0.0008,-0.0046,-0.0023,-20.0
0.817,-0.0008,-0.0008,-0.0023,-0.0046,-20.0
0.818,-0.0023,0.0,-0.0008,-0.0091,-20.0
0.819,-0.0015,0.0007,-0.0008,-0.0098,-20.0
0.82,-0.0015,0.0007,-0.0015,-0.0068,-19.9
0.821,-0.003,0.0007,0.0007,-0.0075,-19.9
0.822,-0.003,0.0,0.0037,-0.0083,-19.9
0.823,-0.003,-0.0008,0.006,-0.0046,-19.8
0.824,-0.0015,-0.0008,0.0067,-0.003,-19.8
0.825,-0.0008,-0.0015,0.0045,-0.0008,-19.8
0.826,-0.003,-0.0015,0.003,-0.0023,-19.8
0.827,-0.0038,-0.0015,0.003,-0.0008,-19.7
0.828,-0.0008,-0.0023,0.003,0.0015,-19.7
0.829,0.0007,-0.0046,0.0022,0.003,-19.7
0.83,-0.0008,-0.0046,0.0007,0.0052,-19.6
0.831,0.0,-0.0023,-0.0008,0.0097,-19.6
0.832,0.003,-0.0015,0.0,0.015,-19.6
0.833,0.0052,0.0007,0.0015,0.0157,-19.5
0.834,0.0037,0.0,0.0015,0.015,-19.5
0.835,0.003,-0.0008,0.0045,0.009,-19.4
0.836,0.0007,0.0,0.0045,0.0037,-19.4
0.837,0.0015,-0.0015,0.003,0.0007,-19.4
0.838,0.003,-0.0023,0.0045,-0.003,-19.4
0.839,0.0015,-0.003,0.003,-0.0015,-19.4
0.84,0.0007,-0.0023,0.003,-0.0046,-19.3
0.841,-0.0023,-0.003,0.003,-0.0083,-19.3
0.842,-0.0008,-0.003,-0.0008,-0.0075,-19.3
0.843,0.0015,-0.0023,-0.003,-0.0053,-19.2
0.844,-0.0008,-0.0015,-0.0023,-0.0091,-19.2
0.845,-0.0023,-0.003,0.0015,-0.0083,-19.2
0.846,-0.0023,-0.0023,0.0007,-0.0023,-19.1
0.847,-0.0008,-0.0015,0.0,0.0015,-19.1
0.848,-0.0015,0.0007,0.0022,0.0037,-19.1
0.849,-0.003,0.0015,0.0015,0.006,-19.0
0.85,-0.0038,0.0007,0.003,0.0097,-19.0
0.851,-0.003,0.0007,0.0045,0.0105,-19.0
0.852,-0.0046,0.0015,0.0052,0.009,-18.9
0.853,0.0015,0.0015,0.0075,0.0067,-18.9
0.854,0.009,0.0,0.0045,0.0067,-18.9
0.855,0.0037,-0.0008,0.0022,0.0037,-18.9
0.856,-0.0015,0.0007,0.0015,-0.0015,-18.9
0.857,-0.0053,0.0,0.0015,-0.0015,-18.8
0.858,-0.0091,-0.0008,0.0015,-0.006,-18.8
0.859,-0.0075,0.0,0.0007,-0.0083,-18.8
0.86,-0.0083,0.0,0.0007,-0.0068,-18.7
0.861,-0.006,-0.0008,0.0007,-0.0091,-18.7
0.862,-0.006,-0.0023,0.0015,-0.0083,-18.7
0.863,-0.0053,-0.003,0.0007,-0.0068,-18.6
0.864,0.0007,-0.003,-0.0008,-0.0083,-18.6
0.865,0.003,-0.0038,0.0007,-0.0053,-18.5
0.866,0.0,-0.0046,0.0007,-0.0046,-18.5
0.867,-0.0008,-0.0046,-0.0015,-0.0038,-18.5
0.868,0.0015,-0.0023,-0.0008,-0.0023,-18.5
0.869,0.0015,-0.0023,0.0007,-0.0038,-18.5
0.87,0.0052,-0.0023,0.0007,-0.0015,-18.4
0.871,0.009,-0.0023,0.0007,-0.0008,-18.4
0.872,0.0082,-0.003,0.0015,0.0,-18.4
0.873,0.0082,-0.003,0.0007,-0.0008,-18.3
0.874,0.0067,-0.0015,0.0007,0.0007,-18.3
0.875,0.003,0.0,-0.0015,0.0007,-18.2
0.876,0.0015,-0.0015,-0.003,-0.0015,-18.2
0.877,0.0007,-0.0023,-0.003,0.0045,-18.2
0.878,0.0007,0.0,-0.0038,0.009,-18.1
0.879,-0.0008,0.0015,-0.0046,0.0082,-18.1
0.88,0.0,0.0015,-0.0046,0.0112,-18.1
0.881,0.0015,0.0007,-0.0053,0.0135,-18.0
0.882,0.003,0.0007,-0.0053,0.0135,-18.0
0.883,0.003,0.0007,-0.0053,0.012,-18.0
0.884,0.0015,0.0007,-0.0053,0.0105,-18.0
0.885,-0.0008,-0.0015,-0.0046,0.0067,-17.9
0.886,-0.0053,-0.0015,-0.0038,0.0052,-17.9
0.887,-0.015,-0.0023,0.003,0.006,-17.9
0.888,-0.0203,0.0,0.0097,0.0037,-17.8
0.889,-0.012,-0.0008,0.0067,0.003,-17.8
0.89,0.0015,-0.0023,0.006,-0.003,-17.8
0.891,0.0045,-0.003,0.0052,-0.0068,-17.7
0.892,0.0045,-0.0038,0.006,-0.0068,-17.7
0.893,0.0015,-0.003,0.0067,-0.0068,-17.7
0.894,-0.0015,-0.0046,0.0052,-0.0046,-17.6
0.895,0.0007,-0.0023,0.003,-0.0015,-17.6
0.896,0.003,-0.0008,0.0007,-0.0015,-17.6
0.897,0.0037,-0.0015,-0.003,-0.0046,-17.6
0.898,0.003,0.0,-0.003,-0.0038,-17.5
0.899,0.0015,-0.0015,-0.0023,-0.0015,-17.5
0.9,0.0015,-0.0023,-0.003,-0.003,-17.5
0.901,0.0007,-0.0015,-0.003,-0.0038,-17.5
0.902,0.0015,-0.0023,-0.0008,-0.003,-17.4
0.903,0.0007,-0.0015,0.0,-0.0015,-17.4
0.904,-0.0015,-0.003,0.0015,-0.0008,-17.4
0.905,0.0007,-0.003,-0.0008,-0.0015,-17.3
0.906,0.0022,-0.0008,-0.0023,-0.0008,-17.3
0.907,0.003,-0.0008,-0.003,0.0,-17.3
0.908,0.0045,-0.0008,-0.0008,-0.0015,-17.3
0.909,0.0022,-0.0008,0.0,0.0015,-17.2
0.91,0.0007,-0.0008,-0.0023,0.0015,-17.2
0.911,0.0007,-0.0008,-0.0015,0.0015,-17.2
0.912,0.0022,0.0,0.0,0.0022,-17.2
0.913,0.0037,0.0007,-0.0008,0.0075,-17.2
0.914,0.003,-0.0008,0.0,0.012,-17.1
0.915,0.0015,0.0007,0.0007,0.0105,-17.1
0.916,0.0045,0.0,0.003,0.0052,-17.1
0.917,0.0045,-0.0008,0.0037,0.0,-17.1
0.918,0.0015,-0.0008,0.003,-0.003,-17.1
0.919,0.0015,-0.0015,0.0015,-0.003,-17.0
0.92,0.0015,-0.0023,0.003,-0.0046,-17.0
0.921,0.003,-0.0023,0.0045,-0.003,-17.0
0.922,0.0007,-0.0023,0.0015,-0.0008,-17.0
0.923,-0.003,-0.0038,0.0,0.0015,-17.0
0.924,-0.0015,-0.003,0.0022,0.0037,-16.9
0.925,-0.003,-0.0008,0.0015,0.003,-16.9
0.926,-0.0015,0.0007,0.0,0.0037,-16.9
0.927,-0.0015,0.0007,0.0007,0.0,-16.8
0.928,-0.0023,0.0,0.0007,-0.0038,-16.8
0.929,-0.0046,0.0,0.0015,0.0022,-16.8
0.93,-0.0046,0.0015,0.003,0.0052,-16.8
0.931,-0.003,0.0022,0.0037,0.0045,-16.8
0.932,-0.0023,0.0015,0.0015,-0.0008,-16.7
0.933,0.0022,0.0022,-0.0015,-0.003,-16.7
0.934,0.0082,0.0015,0.0015,-0.0023,-16.7
0.935,0.009,0.0007,0.0045,0.0015,-16.7
0.936,0.0045,-0.0015,0.0067,0.0052,-16.7
0.937,-0.0015,-0.0015,0.0067,0.0045,-16.6
0.938,-0.0083,-0.0008,0.006,0.0015,-16.6
0.939,-0.012,0.0,0.0052,-0.0008,-16.6
0.94,-0.012,0.0,0.003,-0.0015,-16.6
0.941,-0.0098,-0.0015,0.0022,-0.003,-16.5
0.942,-0.0038,-0.0008,0.0045,-0.0053,-16.5
0.943,0.0007,-0.0023,0.003,-0.006,-16.5
0.944,0.0045,-0.003,0.0022,-0.0046,-16.4
0.945,0.0075,-0.003,0.003,-0.003,-16.4
0.946,0.0052,-0.0046,0.0045,-0.003,-16.4
0.947,0.0,-0.0053,0.0037,-0.0083,-16.3
0.948,-0.0023,-0.0083,0.003,-0.0128,-16.3
0.949,-0.0038,-0.0083,0.0052,-0.0113,-16.3
0.95,-0.0008,-0.0068,0.0067,-0.0105,-16.2
0.951,0.0007,-0.0075,0.006,-0.0083,-16.2
0.952,-0.0008,-0.0053,0.0037,-0.0083,-16.2
0.953,-0.0008,-0.0046,0.0037,-0.0075,-16.2
0.954,0.0015,-0.003,0.0022,-0.0068,-16.1
0.955,0.0015,0.0015,0.0015,-0.0008,-16.1
0.956,0.0007,0.003,0.003,0.0067,-16.1
0.957,0.0007,0.003,0.0037,0.0097,-16.0
0.958,0.0007,0.0037,0.0037,0.012,-16.0
0.959,-0.0008,0.0015,0.0007,0.0075,-16.0
0.96,-0.0015,0.0007,0.0,0.0082,-15.9
0.961,-0.003,-0.0008,0.0,0.0112,-15.9
0.962,-0.003,-0.0008,-0.0015,0.012,-15.8
0.963,-0.003,-0.0023,-0.0008,0.0105,-15.8
0.964,-0.0008,-0.0015,0.0015,0.0067,-15.8
0.965,-0.0023,-0.0008,0.0015,0.0052,-15.8
0.966,-0.0015,-0.0023,-0.0008,0.0037,-15.8
0.967,0.0007,-0.0023,0.0007,0.0052,-15.7
0.968,0.0007,-0.0038,0.003,0.003,-15.7
0.969,0.0007,-0.0046,0.003,-0.0008,-15.6
0.97,-0.0008,-0.0053,0.003,-0.0008,-15.6
0.971,0.0007,-0.0046,0.003,-0.0023,-15.6
0.972,0.0015,-0.0046,0.0045,-0.0015,-15.5
0.973,0.0015,-0.0038,0.0015,-0.0091,-15.5
0.974,0.0022,-0.003,0.0007,-0.0135,-15.4
0.975,0.003,-0.003,0.003,-0.0008,-15.4
0.976,0.0015,-0.0015,0.0015,0.003,-15.4
0.977,0.003,-0.0008,0.0,0.0015,-15.3
0.978,0.0045,-0.0008,-0.0008,0.0015,-15.3
0.979,0.0052,0.0015,-0.0015,0.0007,-15.3
0.98,0.0045,0.0015,-0.0015,0.003,-15.3
0.981,0.0022,0.0015,-0.0053,-0.0008,-15.2
0.982,0.0015,0.0,-0.003,-0.003,-15.2
0.983,0.0,-0.0015,0.0007,-0.003,-15.2
0.984,0.0,-0.0023,0.0015,-0.0046,-15.1
0.985,-0.0008,-0.0015,0.0022,-0.003,-15.1
0.986,-0.0008,-0.0015,0.0007,-0.0053,-15.0
0.987,0.0,-0.0008,0.0015,-0.003,-15.0
0.988,-0.0008,-0.0015,-0.0008,-0.003,-15.0
0.989,-0.0008,-0.0015,-0.0015,-0.003,-14.9
0.99,-0.0008,-0.0015,0.0007,0.0007,-14.9
0.991,0.0015,-0.0015,-0.0008,-0.0015,-14.9
0.992,0.0022,-0.003,-0.0015,-0.0023,-14.8
0.993,0.0022,-0.003,-0.0015,-0.0015,-14.8
0.994,0.0015,-0.0008,-0.0008,0.0015,-14.8
0.995,-0.0015,-0.0008,0.0007,0.0007,-14.7
0.996,-0.0015,0.0,0.0007,-0.0008,-14.7
0.997,0.0007,0.0015,0.0045,0.0007,-14.6
0.998,0.003,0.0007,0.0075,-0.0015,-14.6
0.999,0.006,-0.0008,0.0045,0.0,-14.6
1.0,0.0105,-0.0015,0.0007,0.0007,-14.5
1.001,0.012,-0.0008,-0.0008,0.0,-14.5
1.002,0.0045,-0.0015,0.0007,0.0007,-14.4
1.003,-0.0023,-0.0015,0.0007,0.0015,-14.4
1.004,-0.0053,-0.0015,-0.003,0.003,-14.4
1.005,-0.0075,-0.0015,-0.006,0.003,-14.4
1.006,-0.0091,-0.0008,-0.0068,0.0067,-14.3
1.007,-0.0038,-0.0038,-0.0075,0.006,-14.3
1.008,0.0007,-0.0046,-0.0015,0.0007,-14.3
1.009,0.0022,-0.0046,0.0045,-0.0023,-14.2
1.01,0.0045,-0.0046,0.006,-0.0015,-14.2
1.011,0.0045,-0.0015,0.003,-0.0008,-14.1
1.012,0.0052,0.0022,0.0,-0.0015,-14.1
1.013,0.0052,0.0045,-0.0008,0.0007,-14.1
1.014,0.0037,0.0037,0.0007,0.0015,-14.0
1.015,0.0015,0.0045,-0.0015,0.0015,-14.0
1.016,0.0007,0.0052,-0.0015,0.0022,-14.0
1.017,-0.0008,0.0045,0.0007,0.0,-13.9
1.018,-0.0015,0.003,-0.0015,0.0007,-13.9
1.019,-0.0015,0.0007,-0.003,0.0007,-13.9
1.02,-0.003,-0.0008,-0.003,-0.0015,-13.8
1.021,-0.0023,-0.0023,-0.0023,-0.0023,-13.8
1.022,-0.0023,-0.0046,-0.0008,-0.0015,-13.8
1.023,-0.0015,-0.003,-0.0015,-0.0015,-13.7
1.024,0.0007,-0.0023,-0.0015,-0.0015,-13.7
1.025,0.0037,-0.0015,0.0052,-0.0023,-13.7
1.026,0.006,-0.0015,0.0067,-0.003,-13.6
1.027,0.0045,-0.0023,0.0045,-0.0008,-13.6
1.028,0.003,-0.0015,0.0045,0.0007,-13.6
1.029,0.0037,-0.003,0.0015,0.0007,-13.6
1.03,0.0067,-0.0053,0.003,-0.0015,-13.5
1.031,0.0052,-0.006,0.0045,0.0015,-13.5
1.032,0.0037,-0.0046,0.0067,0.0022,-13.5
1.033,-0.0008,-0.0046,0.0097,-0.0015,-13.5
1.034,-0.0053,-0.0046,0.0052,-0.0046,-13.5
1.035,-0.0053,-0.0053,0.003,-0.0038,-13.4
1.036,-0.0046,-0.0053,0.0015,-0.0038,-13.4
1.037,-0.0015,-0.003,-0.0008,-0.0038,-13.4
1.038,0.0,-0.0008,0.0022,-0.0008,-13.3
1.039,0.0015,0.0,0.0045,-0.0023,-13.3
1.04,-0.0008,0.0,0.0037,-0.0023,-13.3
1.041,-0.0015,0.0,0.0007,-0.0038,-13.3
1.042,-0.003,0.0007,0.0015,-0.0075,-13.2
1.043,-0.003,-0.0008,-0.0008,-0.006,-13.2
1.044,-0.0008,-0.003,-0.0008,-0.0046,-13.2
1.045,-0.003,-0.003,0.0007,-0.0023,-13.2
1.046,-0.0023,-0.0023,0.003,-0.0008,-13.2
1.047,-0.003,-0.0008,0.0082,0.0022,-13.1
1.048,-0.003,-0.0008,0.006,0.0067,-13.1
1.049,-0.003,0.0,0.0037,0.0067,-13.1
1.05,-0.0015,0.0015,-0.0015,0.0082,-13.1
1.051,0.0015,0.0015,-0.0053,0.0097,-13.1
1.052,-0.0008,0.0015,-0.0046,0.0075,-13.1
1.053,-0.0008,0.0007,-0.0075,0.0052,-13.1
1.054,-0.0023,0.0,-0.003,0.006,-13.0
1.055,-0.003,0.0015,0.003,0.0037,-13.0
1.056,0.0,0.0015,0.0015,-0.0008,-13.0
1.057,-0.0008,-0.0015,0.0045,-0.0008,-13.0
1.058,0.0007,-0.003,0.0037,-0.0008,-13.0
1.059,0.003,-0.0015,0.0045,0.0015,-12.9
1.06,0.0007,-0.0015,0.0052,0.0015,-12.9
1.061,-0.0008,-0.0008,0.0022,0.0007,-12.9
1.062,-0.0008,0.0015,0.0007,0.0015,-12.9
1.063,-0.0015,0.0015,-0.0008,0.003,-12.9
1.064,-0.0008,0.0015,0.0015,0.0052,-12.9
1.065,-0.0008,0.003,0.0045,0.0045,-12.9
1.066,0.0007,0.003,0.0037,0.0037,-12.9
1.067,0.003,0.003,0.0067,0.0022,-12.9
1.068,0.006,0.003,0.0052,0.0015,-12.9
1.069,0.0097,0.0007,0.0045,-0.003,-12.9
1.07,0.0105,0.0015,0.0037,-0.0113,-12.9
1.071,0.0082,0.0022,0.0007,-0.0128,-12.9
1.072,-0.0008,0.0015,0.0022,-0.0038,-12.9
1.073,-0.0075,0.0,0.0015,-0.003,-12.9
1.074,-0.0105,-0.0008,0.0,-0.0008,-12.9
1.075,-0.0128,0.0007,0.0007,0.0015,-12.9
1.076,-0.0143,0.0,0.0007,-0.0008,-12.9
1.077,-0.012,0.0,0.0015,0.0,-12.9
1.078,-0.003,-0.0038,0.003,-0.0023,-12.9
1.079,0.0045,-0.0046,0.0015,0.0,-12.9
1.08,0.0052,-0.0038,0.0022,-0.0008,-13.0
1.081,0.0,-0.0038,-0.0008,0.0,-13.0
1.082,-0.0046,-0.003,-0.0015,0.0007,-13.0
1.083,-0.0068,-0.003,0.0,-0.0008,-13.0
1.084,-0.003,-0.0015,0.0007,0.0022,-13.0
1.085,0.0015,-0.0015,0.0067,0.0007,-13.0
1.086,0.003,-0.003,0.0157,0.0045,-13.1
1.087,0.0052,-0.003,0.027,0.003,-13.1
1.088,0.0052,-0.003,0.0277,0.0015,-13.1
1.089,0.0045,-0.0015,0.0187,0.003,-13.1
1.09,0.0052,-0.003,0.0082,-0.0023,-13.1
1.091,0.0015,-0.0046,-0.0038,-0.003,-13.1
1.092,-0.0008,-0.0023,-0.0105,-0.0015,-13.1
1.093,-0.003,-0.0008,-0.0218,0.003,-13.2
1.094,-0.003,0.0,-0.0256,0.003,-13.2
1.095,-0.0046,0.0,-0.0203,0.0015,-13.2
1.096,-0.006,-0.0008,-0.0195,0.0007,-13.2
1.097,-0.0083,-0.0008,-0.015,-0.0015,-13.3
1.098,-0.0113,-0.0015,-0.0143,0.0007,-13.3
1.099,-0.0105,-0.0008,-0.0128,0.0,-13.3
1.1,-0.0046,0.0,-0.0113,-0.0023,-13.4
1.101,0.0,0.0,0.0015,-0.0008,-13.4
1.102,0.003,0.0015,0.0187,-0.0008,-13.4
1.103,0.0067,0.0007,0.0165,-0.0008,-13.4
1.104,0.0082,0.0015,0.0127,0.0022,-13.5
1.105,0.009,0.0007,0.0082,0.0015,-13.5
1.106,0.0067,-0.0008,0.003,0.003,-13.5
1.107,0.0082,0.0007,-0.0015,0.0015,-13.5
1.108,0.0067,-0.0008,-0.0068,0.0007,-13.6
1.109,0.0022,-0.0023,-0.0091,0.0,-13.6
1.11,-0.0008,-0.0015,-0.0068,-0.0015,-13.6
1.111,-0.0015,-0.0023,-0.0046,0.0015,-13.7
1.112,-0.0015,-0.0015,-0.0023,0.0022,-13.7
1.113,-0.0015,-0.0023,0.0007,0.0007,-13.7
1.114,-0.0015,-0.003,0.003,0.0007,-13.8
1.115,0.0007,-0.0015,0.0037,-0.0015,-13.8
1.116,0.0045,-0.003,0.0082,0.0007,-13.8
1.117,0.0045,-0.003,0.009,0.0015,-13.9
1.118,0.0022,-0.0008,0.0082,-0.0008,-13.9
1.119,0.0015,0.0,0.009,0.0,-13.9
1.12,0.0015,0.0007,0.0075,-0.0015,-14.0
1.121,0.003,0.0,0.009,-0.0015,-14.0
1.122,0.003,-0.0015,0.009,-0.003,-14.0
1.123,0.0015,-0.0023,0.0082,-0.0038,-14.1
1.124,0.0022,-0.003,0.0075,-0.0023,-14.1
1.125,0.0007,-0.0038,0.0052,-0.0015,-14.2
1.126,0.0007,-0.0038,0.0067,-0.003,-14.2
1.127,0.003,-0.003,0.0082,-0.0008,-14.3
1.128,0.0037,-0.0038,0.0067,0.0015,-14.3
1.129,0.0022,-0.0038,0.006,0.0007,-14.4
1.13,0.0007,-0.0046,0.0052,0.0007,-14.4
1.131,0.0007,-0.0046,0.003,0.0015,-14.4
1.132,-0.0008,-0.0015,0.0015,0.0015,-14.4
1.133,-0.0015,0.0015,0.0015,0.0015,-14.5
1.134,-0.0008,0.0037,0.0007,0.0022,-14.5
1.135,-0.0008,0.0022,0.003,0.003,-14.6
1.136,0.0007,0.0022,0.0007,0.003,-14.6
1.137,0.0015,0.0052,-0.0008,0.0022,-14.7
1.138,0.003,0.003,0.0007,0.0015,-14.7
1.139,0.0045,0.0,0.0015,-0.0015,-14.8
1.14,0.003,-0.0038,0.0022,-0.003,-14.9
1.141,0.003,-0.0068,0.003,-0.003,-14.9
1.142,0.0007,-0.0053,0.0037,-0.003,-14.9
1.143,0.0,-0.0068,0.0037,-0.0008,-15.0
1.144,-0.0008,-0.0075,0.0015,0.0007,-15.0
1.145,-0.0008,-0.0038,0.0007,0.0007,-15.1
1.146,0.0007,0.0015,0.0,0.0015,-15.1
1.147,-0.0008,0.0067,0.0007,-0.0008,-15.2
1.148,-0.0015,0.003,-0.0008,-0.0015,-15.3
1.149,-0.003,0.0007,-0.0038,-0.0023,-15.3
1.15,-0.0015,-0.0015,-0.0023,-0.0046,-15.4
1.151,0.0,-0.0046,-0.0023,-0.0046,-15.4
1.152,-0.0023,-0.006,-0.0015,-0.0038,-15.5
1.153,-0.0015,-0.0075,0.0007,-0.0015,-15.5
1.154,-0.0015,-0.0046,0.0015,0.0007,-15.6
1.155,-0.0015,-0.0046,0.0022,-0.0015,-15.7
1.156,-0.0008,-0.006,-0.0008,-0.0046,-15.7
1.157,-0.0008,-0.0075,-0.0015,-0.003,-15.8
1.158,-0.0008,-0.0038,-0.0015,0.0015,-15.8
1.159,-0.0008,0.0022,0.0007,0.0022,-15.9
1.16,0.0015,0.0052,0.0007,-0.0008,-16.0
1.161,0.0075,0.0045,-0.0015,-0.0015,-16.0
1.162,0.0105,0.003,-0.0008,-0.0015,-16.1
1.163,0.009,0.0015,-0.0015,-0.0008,-16.1
1.164,0.0045,-0.0015,-0.003,-0.0015,-16.2
1.165,-0.0023,0.0015,-0.0015,0.0,-16.3
1.166,-0.0075,-0.0008,-0.0008,0.0015,-16.3
1.167,-0.0128,-0.0008,0.003,0.003,-16.4
1.168,-0.0195,0.0015,0.0007,0.003,-16.5
1.169,-0.0218,0.0007,-0.0023,0.0022,-16.6
1.17,-0.0195,0.003,-0.003,0.003,-16.6
1.171,-0.0105,0.0067,-0.0015,0.003,-16.7
1.172,0.0,0.009,0.0015,0.0015,-16.7
1.173,0.006,0.0075,0.0007,-0.0008,-16.8
1.174,0.0045,0.0037,0.003,-0.0015,-16.9
1.175,0.0015,-0.0053,0.0037,-0.0015,-17.0
1.176,0.0022,-0.0143,0.0045,0.0,-17.0
1.177,0.0007,-0.0181,0.0037,-0.0015,-17.1
1.178,-0.0008,-0.0128,0.0007,-0.0008,-17.1
1.179,-0.003,0.0007,0.0007,0.0007,-17.2
1.18,-0.003,0.0075,-0.0008,0.0052,-17.3
1.181,-0.0015,0.0052,0.0015,0.003,-17.4
1.182,-0.003,0.0015,0.0022,0.0015,-17.5
1.183,0.0015,-0.0015,0.0007,0.0045,-17.6
1.184,0.0015,-0.0046,0.0045,0.0015,-17.6
1.185,0.0,-0.0091,0.0052,0.0,-17.8
1.186,0.0015,-0.0075,0.0067,-0.0008,-17.9
1.187,0.0015,-0.0068,0.0075,0.0015,-18.0
1.188,0.0015,-0.0046,0.0067,-0.003,-18.0
1.189,0.0022,-0.0053,0.006,-0.0038,-18.1
1.19,0.006,-0.0083,0.0045,-0.0015,-18.2
1.191,0.0082,-0.006,0.0037,-0.0023,-18.3
1.192,0.0067,-0.003,0.0022,0.0007,-18.4
1.193,0.0052,0.0037,0.0015,-0.0008,-18.5
1.194,0.0067,0.0082,0.0022,0.0007,-18.6
1.195,0.0075,0.0112,0.0015,0.0007,-18.7
1.196,0.0067,0.012,0.0007,-0.0008,-18.8
1.197,0.0052,0.009,0.0015,0.0007,-18.9
1.198,0.003,0.006,0.0007,-0.0023,-19.0
1.199,0.0015,-0.0015,-0.0008,-0.0023,-19.1
1.2,0.0015,-0.0038,-0.0015,0.0015,-19.2
1.201,0.003,0.0067,-0.0015,0.0037,-19.3
1.202,0.0007,0.0067,0.0022,0.0007,-19.4
1.203,-0.0015,-0.003,0.0045,-0.0046,-19.5
1.204,-0.0015,-0.0091,0.0015,-0.0053,-19.7
1.205,-0.0008,-0.0158,0.0007,-0.0046,-19.8
1.206,-0.0008,-0.0158,-0.0008,-0.0046,-19.9
1.207,0.0015,-0.012,-0.0015,-0.003,-20.0
1.208,0.0,-0.0113,-0.0008,-0.0008,-20.1
1.209,-0.0015,-0.0068,-0.0023,0.0037,-20.3
1.21,-0.0015,-0.0046,-0.003,0.0022,-20.4
1.211,-0.003,-0.003,-0.0023,-0.0015,-20.5
1.212,-0.0008,-0.0023,-0.0023,-0.0008,-20.6
1.213,-0.0008,-0.0046,0.0007,-0.0015,-20.7
1.214,-0.0008,-0.0053,0.0015,-0.003,-20.8
1.215,0.0,-0.0015,-0.0008,-0.0008,-21.0
1.216,-0.0015,-0.0015,-0.0008,0.0015,-21.1
1.217,-0.0008,-0.0068,-0.0015,0.0015,-21.2
1.218,0.0007,-0.0075,-0.0015,0.0015,-21.3
1.219,0.0015,-0.006,-0.0008,0.0022,-21.4
1.22,0.0022,-0.0008,-0.0015,0.0015,-21.6
1.221,0.0015,0.0052,-0.0015,0.0015,-21.7
1.222,0.0015,0.0105,-0.0008,0.0015,-21.9
1.223,0.0015,0.0157,0.0,0.0045,-22.1
1.224,0.0015,0.0165,-0.0008,0.0052,-22.2
1.225,0.0015,0.0142,-0.0008,0.0007,-22.4
1.226,0.0,0.0142,0.0007,0.0015,-22.5
1.227,-0.0015,0.009,-0.0015,0.003,-22.7
1.228,-0.0023,0.0045,-0.003,0.0007,-22.9
1.229,-0.003,0.003,-0.003,0.0,-23.0
1.23,-0.0023,-0.0105,-0.0023,-0.0015,-23.2
1.231,-0.0015,-0.0165,0.0,-0.0023,-23.4
1.232,0.0015,-0.0158,0.0015,-0.0068,-23.5
1.233,-0.0015,-0.0195,0.003,-0.0091,-23.7
1.234,-0.0008,-0.021,0.0037,-0.0008,-23.8
1.235,0.0007,-0.0158,0.003,0.0045,-24.0
1.236,0.0022,-0.0083,0.0045,0.0045,-24.2
1.237,0.0022,0.0007,0.0015,0.009,-24.3
1.238,0.0015,0.018,-0.0008,0.0105,-24.5
1.239,0.0015,0.027,-0.0015,0.0075,-24.6
1.24,0.0015,0.0202,-0.0046,0.0067,-24.8
1.241,0.0007,0.0142,-0.003,0.0067,-25.0
1.242,-0.0008,0.0127,-0.0008,0.0082,-25.2
1.243,-0.0023,0.0127,-0.0015,0.003,-25.5
1.244,-0.003,0.012,-0.003,0.0015,-25.7
1.245,-0.0015,0.003,-0.003,0.0007,-26.0
1.246,-0.0015,-0.0165,-0.0015,-0.0053,-26.2
1.247,-0.0023,-0.0263,0.0022,-0.0091,-26.4
1.248,-0.0008,-0.0233,0.003,-0.0181,-26.6
1.249,0.0007,-0.012,0.003,-0.0128,-26.9
1.25,0.0015,-0.0046,0.0052,-0.0015,-27.1
1.251,-0.0015,-0.0053,0.006,-0.0053,-27.4
1.252,-0.0015,-0.003,0.0045,-0.0046,-27.6
1.253,-0.0023,-0.0008,0.0015,-0.0068,-27.8
1.254,-0.0038,-0.0015,0.0007,-0.0068,-28.0
1.255,-0.0015,0.0007,0.0022,-0.0046,-28.3
1.256,-0.003,0.0015,0.0052,-0.003,-28.5
1.257,-0.0046,0.0007,0.003,0.0052,-28.8
1.258,-0.0053,0.0022,-0.0008,0.006,-29.0
1.259,-0.0068,-0.0008,0.0,0.0075,-29.2
1.26,-0.0053,-0.0091,-0.0008,0.006,-29.5
1.261,-0.0046,-0.012,-0.0015,0.0,-29.7
1.262,-0.0023,-0.0128,-0.0046,0.0037,-30.0
1.263,-0.0015,-0.0113,-0.006,0.0097,-30.2
1.264,-0.0008,-0.0046,-0.0075,0.012,-30.5
1.265,-0.0015,0.0067,-0.0083,0.012,-30.8
1.266,-0.0015,0.0195,-0.0053,0.0157,-31.1
1.267,-0.003,0.027,-0.003,0.0172,-31.3
1.268,-0.0015,0.0195,-0.0015,0.009,-31.6
1.269,0.0007,0.0052,-0.0046,0.0052,-31.9
1.27,-0.0015,-0.0008,-0.0046,0.0037,-32.2
1.271,0.0,-0.0008,-0.003,0.0022,-32.4
1.272,0.003,-0.0015,-0.0038,0.0,-32.7
1.273,0.0045,-0.0023,-0.0046,-0.0046,-33.0
1.274,0.0045,-0.003,-0.0046,-0.0053,-33.3
1.275,0.0045,-0.003,-0.003,-0.0091,-33.5
1.276,0.0052,-0.003,-0.0015,-0.0098,-33.8
1.277,0.0045,-0.003,0.0,-0.0068,-34.1
1.278,0.0052,-0.0008,0.0015,-0.0053,-34.3
1.279,0.0052,0.0015,0.0022,-0.0083,-34.6
1.28,0.0045,0.0022,0.003,-0.0068,-34.9
1.281,0.0045,0.0007,0.0045,-0.0008,-35.1
1.282,0.0052,-0.0015,0.0045,0.0007,-35.4
1.283,0.0045,-0.0046,0.0045,-0.0015,-35.7
1.284,0.0022,-0.0075,0.0045,-0.0015,-36.0
1.285,0.0015,-0.0113,0.0052,-0.0008,-36.2
1.286,0.003,-0.0158,0.0082,-0.0046,-36.5
1.287,0.0007,-0.0203,0.0097,-0.0038,-36.8
1.288,0.0,-0.0165,0.0067,0.0037,-37.0
1.289,0.0007,-0.006,0.0045,0.006,-37.3
1.29,-0.0008,-0.006,0.0067,0.0082,-37.6
1.291,0.0,-0.0053,0.009,0.0097,-37.9
1.292,-0.0008,-0.0015,0.0097,0.009,-38.2
1.293,-0.0015,0.0022,0.012,0.0082,-38.4
1.294,-0.0008,0.012,0.012,0.0045,-38.7
1.295,0.0007,0.0142,0.0142,-0.0023,-39.0
1.296,0.0015,0.0135,0.012,-0.0091,-39.2
1.297,0.0015,0.0067,0.0105,-0.0105,-39.5
1.298,0.0015,0.0015,0.012,-0.006,-39.8
1.299,0.0007,0.003,0.0105,-0.003,-40.1
1.3,0.0015,-0.0083,0.009,-0.0008,-40.4
1.301,0.0015,-0.0173,0.0082,0.0037,-40.6
1.302,0.0007,-0.0165,0.0105,0.006,-40.9
1.303,-0.0008,-0.0075,0.0127,0.0037,-41.2
1.304,-0.0008,-0.003,0.0127,-0.0008,-41.5
1.305,-0.0008,-0.003,0.015,-0.0015,-41.9
1.306,-0.0008,0.0045,0.0135,-0.003,-42.1
1.307,0.0007,0.003,0.012,-0.0053,-42.4
1.308,0.0,-0.003,0.0105,-0.003,-42.8
1.309,0.0,-0.0053,0.0075,0.0015,-43.1
1.31,-0.0008,-0.0075,0.0082,0.003,-43.4
1.311,0.0015,-0.0091,0.0105,0.0045,-43.7
1.312,0.0037,-0.0105,0.0097,0.0022,-44.0
1.313,0.003,-0.0068,0.0105,-0.0091,-44.3
1.314,0.0037,-0.0023,0.0097,-0.0105,-44.6
1.315,0.0022,0.0007,0.0082,-0.0068,-44.9
1.316,0.003,0.0052,0.0105,-0.0083,-45.2
1.317,0.0007,0.0015,0.0097,-0.0068,-45.5
1.318,-0.0008,-0.0015,0.0067,-0.0113,-45.8
1.319,0.003,0.0015,0.0052,-0.021,-46.1
1.32,0.0015,0.0045,0.0015,-0.0308,-46.4
1.321,0.0015,0.0007,0.0007,-0.0293,-46.7
1.322,0.0015,-0.0046,-0.0008,-0.0173,-46.9
1.323,0.0,-0.003,0.0,-0.0053,-47.2
1.324,0.0007,-0.0015,0.0007,0.0097,-47.5
1.325,0.0015,-0.0023,0.0,0.021,-47.8
1.326,0.0015,-0.0008,0.0007,0.0292,-48.1
1.327,0.0007,0.003,0.0015,0.0307,-48.3
1.328,0.0007,0.0045,0.0022,0.0277,-48.6
1.329,0.0,0.0022,0.0007,0.0277,-48.9
1.33,-0.0008,0.003,0.0007,0.0315,-49.2
1.331,0.0,0.0045,0.0022,0.0277,-49.5
1.332,-0.0015,0.0045,0.003,0.0195,-49.7
1.333,-0.003,0.0015,0.0045,0.0105,-50.0
1.334,-0.0046,0.0,0.0045,-0.0038,-50.3
1.335,-0.0038,0.0015,0.0022,-0.0113,-50.5
1.336,-0.003,-0.0008,0.003,-0.0143,-50.8
1.337,-0.003,-0.003,0.003,-0.0181,-51.1
1.338,-0.0015,-0.003,0.0007,-0.0203,-51.4
1.339,-0.003,-0.0015,-0.0015,-0.0165,-51.7
1.34,-0.0038,-0.0008,-0.0015,-0.006,-52.0
1.341,-0.0038,-0.0023,-0.003,-0.0083,-52.2
1.342,-0.0038,-0.003,-0.0053,-0.0053,-52.4
1.343,-0.0038,-0.0015,-0.0068,0.0007,-52.7
1.344,-0.003,-0.0015,-0.0053,0.003,-52.9
1.345,-0.003,0.0,-0.003,0.0067,-53.1
1.346,-0.0015,-0.0008,-0.0023,0.003,-53.4
1.347,-0.0008,-0.003,-0.003,-0.0008,-53.6
1.348,-0.0008,-0.006,-0.0046,-0.0015,-53.9
1.349,-0.0023,-0.0046,-0.0053,0.0007,-54.1
1.35,-0.0023,0.0015,-0.0046,0.0015,-54.4
1.351,-0.0015,0.0045,-0.0053,-0.0008,-54.6
1.352,0.0007,0.006,-0.0068,0.0007,-54.9
1.353,0.0007,0.0052,-0.0053,-0.0015,-55.1
1.354,0.0015,0.003,-0.0053,-0.0038,-55.4
1.355,0.0015,0.0007,-0.0046,-0.0038,-55.6
1.356,0.003,-0.0015,-0.0046,-0.0038,-55.8
1.357,0.0015,-0.0015,-0.0053,-0.0015,-56.1
1.358,0.0007,-0.0023,-0.0046,-0.0008,-56.3
1.359,0.0007,-0.0038,-0.003,0.0015,-56.6
1.36,-0.0008,-0.0068,-0.0015,0.0015,-56.9
1.361,-0.0008,-0.0098,-0.0008,-0.0008,-57.1
1.362,-0.0008,-0.0068,-0.0015,-0.003,-57.2
1.363,-0.0008,-0.003,-0.003,-0.003,-57.5
1.364,-0.0015,-0.0046,-0.0038,0.0,-57.7
1.365,-0.003,-0.0068,-0.0038,-0.003,-57.9
1.366,-0.003,-0.0046,-0.0038,-0.0038,-58.1
1.367,-0.003,-0.0023,-0.0046,-0.0008,-58.3
1.368,-0.0015,-0.003,-0.0068,0.0,-58.5
1.369,0.0,-0.0015,-0.006,-0.0015,-58.8
1.37,0.0007,0.003,-0.0053,-0.0008,-59.0
1.371,0.0007,0.0067,-0.0053,0.0022,-59.2
1.372,0.0015,0.0067,-0.0015,0.003,-59.4
1.373,0.0015,0.0037,0.0007,0.0045,-59.6
1.374,0.003,0.0015,-0.0008,0.0045,-59.9
1.375,0.003,-0.006,-0.0008,0.0082,-60.0
1.376,0.0037,-0.0083,0.0007,0.0127,-60.3
1.377,0.0045,-0.0083,0.0007,0.0052,-60.5
1.378,0.0007,-0.0165,0.0007,-0.0008,-60.7
1.379,0.0015,-0.024,0.0,0.0037,-60.9
1.38,0.0007,-0.024,0.0007,0.0067,-61.2
1.381,-0.0008,-0.0181,0.0015,0.0082,-61.3
1.382,-0.0008,-0.0091,0.0007,0.012,-61.5
1.383,0.0,-0.0068,0.0007,0.0135,-61.7
1.384,0.0007,-0.003,0.0007,0.0097,-61.9
1.385,-0.0008,0.015,0.0,0.0052,-62.1
1.386,-0.0015,0.0382,0.0007,0.0,-62.2
1.387,-0.003,0.0367,0.0,-0.0068,-62.5
1.388,0.0007,0.0165,-0.0015,-0.0098,-62.6
1.389,-0.0008,0.0105,-0.0008,-0.0068,-62.8
1.39,-0.0008,0.003,-0.0023,-0.0075,-63.0
1.391,-0.0023,0.0007,-0.0023,-0.0038,-63.2
1.392,-0.0023,0.0045,-0.0046,-0.0008,-63.4
1.393,0.0007,0.0007,-0.0046,-0.0015,-63.6
1.394,0.0015,0.0015,-0.003,-0.003,-63.8
1.395,0.003,-0.0008,-0.003,-0.003,-64.0
1.396,0.0015,0.0,-0.0046,0.0007,-64.2
1.397,0.0007,-0.0015,-0.0046,0.0015,-64.4
1.398,-0.0008,-0.0008,-0.003,0.0015,-64.6
1.399,0.0007,-0.0008,-0.0015,0.0007,-64.8
1.4,0.0007,-0.0008,0.0,-0.0008,-65.0
1.401,0.0007,0.0,-0.0008,-0.0015,-65.0
1.402,0.0015,-0.0008,-0.0008,-0.0046,-65.2
1.403,0.0015,0.0007,0.0007,-0.0083,-65.3
1.404,0.0007,0.0,0.0007,-0.0091,-65.3
1.405,0.0007,-0.0008,0.003,-0.0038,-65.5
1.406,-0.0008,-0.0046,0.0045,0.0007,-65.6
1.407,-0.0008,-0.0068,0.0052,0.0015,-65.7
1.408,-0.0023,-0.0053,0.0052,0.0015,-65.7
1.409,-0.0023,-0.0038,0.006,0.0015,-65.9
1.41,-0.0023,-0.0015,0.006,0.0015,-66.0
1.411,-0.0008,-0.0008,0.0052,0.0,-66.1
1.412,0.0015,-0.0008,0.0045,-0.0015,-66.2
1.413,0.0007,-0.003,0.0007,-0.0008,-66.3
1.414,0.0007,-0.003,-0.0015,-0.0008,-66.4
1.415,0.0015,-0.003,0.0015,-0.0008,-66.5
1.416,0.0007,-0.003,0.0015,0.0015,-66.6
1.417,0.0007,-0.0053,0.003,0.0007,-66.7
1.418,-0.0008,-0.0053,0.0015,-0.0015,-66.8
1.419,0.0007,-0.0046,0.0,-0.0038,-66.9
1.42,0.0007,-0.0008,0.0007,-0.006,-67.1
1.421,-0.0008,0.003,-0.0015,-0.0053,-67.1
1.422,-0.0008,0.0022,-0.0023,-0.0046,-67.1
1.423,-0.0008,0.0052,-0.0008,-0.003,-67.1
1.424,0.0007,0.0045,-0.0015,0.0052,-67.1
1.425,0.0,-0.003,0.0007,0.0045,-67.2
1.426,0.0015,-0.0128,0.0045,-0.0046,-67.2
1.427,0.003,-0.0128,0.0037,0.003,-67.3
1.428,0.0022,-0.0053,0.003,0.0015,-67.3
1.429,0.0022,-0.0046,0.0007,-0.0015,-67.3
1.43,0.0015,-0.003,-0.0008,0.0052,-67.4
1.431,0.0007,-0.0008,0.0007,0.0037,-67.4
1.432,0.0007,-0.0015,0.0007,0.0105,-67.5
1.433,0.0007,0.0,0.0007,0.0127,-67.5
1.434,0.0007,0.0007,0.0045,0.0067,-67.5
1.435,-0.0008,0.003,0.0045,0.003,-67.5
1.436,0.0,0.0022,0.0052,0.0015,-67.6
1.437,0.0015,0.0022,0.0067,0.006,-67.6
1.438,0.0015,0.0045,0.006,0.0052,-67.6
1.439,0.003,0.0037,0.0067,0.003,-67.7
1.44,0.003,0.0037,0.0067,0.0,-67.8
1.441,0.0045,0.003,0.0045,-0.0015,-67.8
1.442,0.003,0.0022,0.0045,-0.0008,-67.8
1.443,0.0007,0.0022,0.0045,0.0007,-67.8
1.444,0.0,0.0007,0.0052,-0.0015,-67.8
1.445,0.0007,0.0007,0.003,-0.0053,-67.8
1.446,0.0007,0.0022,0.0015,-0.0053,-67.8
1.447,-0.0015,0.0007,0.003,-0.0068,-67.8
1.448,-0.0023,0.0,0.0015,-0.0083,-67.8
1.449,-0.003,0.0007,0.0015,-0.0053,-67.8
1.45,-0.003,0.0007,0.003,-0.0046,-67.9
1.451,-0.0023,0.0,0.0022,-0.0038,-67.9
1.452,-0.003,-0.0015,0.0022,-0.003,-67.9
1.453,-0.0038,-0.0008,0.0007,0.0007,-67.9
1.454,-0.0046,-0.0008,0.0007,0.0045,-67.9
1.455,-0.0038,-0.0008,-0.0008,0.0015,-67.9
1.456,-0.0046,-0.0008,0.0015,0.0007,-67.9
1.457,-0.0046,-0.0015,0.0037,0.0015,-67.9
1.458,-0.0015,-0.0015,0.003,0.003,-68.0
1.459,-0.0023,-0.0015,0.0022,0.003,-68.0
1.46,-0.0046,-0.0015,0.0,0.0007,-68.0
1.461,-0.003,-0.0023,0.0007,0.0007,-68.0
1.462,-0.0023,-0.003,0.003,-0.0015,-68.0
1.463,-0.0008,-0.0038,0.003,0.0007,-67.9
1.464,0.0007,-0.003,0.0015,0.0015,-67.9
1.465,0.0007,-0.0023,0.0045,0.0015,-67.9
1.466,0.003,-0.0015,0.003,0.0015,-67.8
1.467,0.003,-0.0023,0.003,-0.0015,-67.8
1.468,0.0022,-0.0053,0.0045,0.0007,-67.8
1.469,0.0037,-0.006,-0.0008,0.0,-67.8
1.47,0.0022,-0.0038,-0.0015,-0.0008,-67.7
1.471,0.0015,-0.0023,-0.0015,0.0007,-67.7
1.472,0.0007,-0.0023,-0.0023,-0.0008,-67.7
1.473,0.0,-0.0023,-0.0008,0.0,-67.6
1.474,-0.0015,0.0007,0.0007,-0.0008,-67.6
1.475,-0.0023,0.0022,0.0015,-0.0008,-67.6
1.476,-0.0015,0.0007,0.0007,-0.0015,-67.5
1.477,-0.0015,-0.0008,0.0015,-0.0023,-67.5
1.478,-0.0008,-0.0015,0.0007,-0.0008,-67.5
1.479,-0.0008,-0.0015,0.0007,-0.0015,-67.5
1.48,-0.0008,-0.0015,0.0007,-0.0008,-67.5
1.481,0.0007,-0.0008,0.0007,0.0007,-67.4
1.482,-0.0008,-0.0015,0.0015,0.0007,-67.3
1.483,0.0007,-0.0008,0.0007,0.0007,-67.2
1.484,0.0015,-0.0008,0.0,-0.0008,-67.1
1.485,0.0015,-0.0015,0.0,-0.0015,-67.1
1.486,0.0007,-0.0015,0.0,-0.0015,-67.0
1.487,0.0,-0.0023,0.0007,-0.0038,-66.9
1.488,0.0015,-0.003,-0.0008,-0.0038,-66.8
1.489,0.0015,-0.003,0.0007,-0.003,-66.7
1.49,0.0007,-0.003,0.0045,-0.0068,-66.6
1.491,0.0,-0.0015,0.0052,-0.006,-66.6
1.492,0.0007,-0.0023,0.0052,-0.0053,-66.5
1.493,0.0015,-0.003,0.0052,-0.0023,-66.4
1.494,0.0015,-0.0015,0.0045,0.0015,-66.3
1.495,0.0007,0.0,0.0045,0.0037,-66.2
1.496,-0.0023,-0.0008,0.003,0.0067,-66.2
1.497,-0.0046,-0.0008,0.003,0.0052,-66.1
1.498,-0.0046,0.0007,0.0015,0.0022,-66.0
1.499,-0.0053,-0.0015,0.0,0.0015,-65.9
1.5,-0.0046,-0.0008,-0.0008,0.0007,-65.8
1.501,-0.003,0.0,-0.003,0.0022,-65.7
1.502,-0.0023,0.0015,-0.0038,0.003,-65.6
1.503,-0.0015,0.0015,-0.0008,0.0015,-65.4
1.504,-0.0015,0.0,0.0007,0.0007,-65.3
1.505,-0.0023,-0.0015,-0.0008,0.0,-65.2
1.506,-0.0015,-0.0015,-0.0015,0.0,-65.0
1.507,-0.0008,-0.0015,0.0007,-0.0008,-64.9
1.508,-0.0008,-0.0046,0.003,0.0007,-64.8
1.509,-0.0008,-0.0068,0.0007,-0.0008,-64.6
1.51,0.0007,-0.0053,0.0015,-0.0015,-64.5
1.511,0.0007,-0.0038,0.0,-0.0015,-64.4
1.512,0.0015,-0.003,0.0015,-0.0008,-64.3
1.513,0.0045,-0.003,0.0037,0.0,-64.1
1.514,0.0015,-0.0015,0.0015,0.0,-64.0
1.515,0.0015,-0.003,0.0022,0.0022,-63.9
1.516,0.0015,-0.0053,0.0022,0.003,-63.7
1.517,0.0015,-0.0053,0.0015,0.0007,-63.6
1.518,0.0015,-0.0046,0.0037,0.0015,-63.5
1.519,0.0,-0.003,0.0015,0.003,-63.3
1.52,0.0,-0.0046,0.0007,0.0007,-63.2
1.521,-0.0015,-0.0038,0.0007,0.0,-63.0
1.522,-0.0015,-0.0015,-0.0008,0.0,-62.9
1.523,0.0007,-0.0015,0.0007,-0.0008,-62.7
1.524,0.0007,-0.0015,0.0015,-0.003,-62.6
1.525,0.0007,-0.0015,0.003,-0.0038,-62.4
1.526,0.0007,-0.003,0.0045,-0.0023,-62.2
1.527,-0.0015,-0.0023,0.0015,-0.0023,-62.1
1.528,-0.0008,-0.0023,0.0015,-0.003,-61.9
1.529,-0.0008,-0.0015,0.0015,-0.0023,-61.7
1.53,0.0,0.0015,0.0007,-0.0023,-61.6
1.531,0.0,0.003,0.0015,-0.0008,-61.4
1.532,0.0,-0.0008,0.0022,0.0007,-61.2
1.533,-0.0015,-0.0015,-0.0008,0.0007,-61.1
1.534,-0.003,0.0007,0.0015,0.0015,-60.9
1.535,-0.003,0.0022,0.003,0.003,-60.8
1.536,-0.0023,0.0015,0.0037,0.003,-60.6
1.537,-0.0015,0.0037,0.0037,0.0045,-60.5
1.538,-0.0015,0.0052,0.0022,0.0045,-60.3
1.539,0.0007,0.003,0.0022,0.0037,-60.2
1.54,0.0015,0.0015,0.003,0.0015,-60.0
1.541,0.0022,0.0007,0.0015,0.0,-59.8
1.542,0.0037,-0.0015,0.0007,0.0,-59.6
1.543,0.0045,-0.0046,0.0007,0.0007,-59.4
1.544,0.0037,-0.003,-0.0008,0.0,-59.2
1.545,0.0,-0.003,-0.0008,0.0,-59.0
1.546,-0.0023,-0.0053,0.0007,0.0,-58.8
1.547,-0.0008,-0.0046,0.0015,0.0007,-58.6
1.548,0.0,-0.0023,0.0037,-0.0008,-58.5
1.549,-0.0015,-0.0015,0.0045,-0.0023,-58.2
1.55,0.0007,-0.0008,0.0045,-0.0015,-58.1
1.551,0.0,0.0007,0.0037,-0.0008,-57.9
1.552,-0.003,0.003,0.0037,0.0007,-57.6
1.553,-0.003,0.003,0.0045,-0.0008,-57.5
1.554,-0.0023,0.0007,0.0045,-0.0023,-57.3
1.555,-0.0015,0.0022,0.0045,-0.0023,-57.1
1.556,-0.0008,0.0022,0.0052,-0.0023,-56.9
1.557,0.0007,0.0007,0.003,0.0,-56.7
1.558,0.0,0.0037,0.003,0.003,-56.5
1.559,-0.0008,0.003,0.0045,0.003,-56.3
1.56,0.0015,0.0007,0.0022,0.0015,-56.1
1.561,-0.0008,0.003,0.003,0.0,-55.9
1.562,-0.0008,0.0052,0.0007,0.0015,-55.7
1.563,0.0,0.003,0.0007,0.0015,-55.4
1.564,-0.0008,-0.003,0.0007,0.0037,-55.2
1.565,-0.0015,-0.0046,-0.0015,-0.0008,-55.0
1.566,-0.0015,-0.003,-0.0015,-0.0015,-54.8
1.567,0.0,-0.0023,0.0,0.0,-54.5
1.568,0.0015,0.0015,0.003,0.0007,-54.3
1.569,0.0015,0.0022,0.003,0.003,-54.1
1.57,0.0007,0.0,0.0022,0.0007,-53.9
1.571,0.0015,-0.0008,0.003,0.0015,-53.7
1.572,0.0015,-0.0015,0.003,0.003,-53.5
1.573,0.003,-0.0023,0.0045,0.0045,-53.2
1.574,0.0015,-0.003,0.0045,0.0052,-53.0
1.575,0.0022,-0.0053,0.0037,0.003,-52.8
1.576,0.003,-0.0083,0.0015,0.0015,-52.6
1.577,0.0007,-0.0091,0.0007,0.0015,-52.3
1.578,0.0007,-0.0053,-0.0008,0.0,-52.1
1.579,0.0007,-0.0046,-0.0008,-0.0015,-51.9
1.58,0.0015,-0.0038,-0.0023,-0.003,-51.7
1.581,0.0,-0.003,-0.0023,-0.003,-51.4
1.582,-0.0015,-0.006,-0.0008,-0.0046,-51.2
1.583,-0.0008,-0.0023,-0.0038,-0.003,-50.9
1.584,0.0007,0.0007,-0.0046,-0.0015,-50.7
1.585,0.0015,0.0007,-0.0015,-0.0023,-50.4
1.586,0.0022,-0.0008,-0.0015,-0.0015,-50.1
1.587,0.0007,-0.0038,-0.0008,-0.003,-49.9
1.588,0.0,-0.0046,0.0007,-0.003,-49.6
1.589,0.0,-0.0023,0.0015,-0.0015,-49.4
1.59,-0.0015,-0.0008,0.0015,-0.0023,-49.1
1.591,0.0,0.0015,0.003,-0.0015,-48.9
1.592,-0.0015,0.003,0.0052,0.0,-48.6
1.593,-0.0015,0.0045,0.006,0.0007,-48.4
1.594,0.0007,0.0052,0.0045,0.0045,-48.2
1.595,0.0,0.0052,0.0052,0.0037,-47.9
1.596,0.0015,-0.0015,0.0045,-0.0008,-47.6
1.597,0.0007,-0.0083,0.0037,-0.0008,-47.4
1.598,-0.0015,-0.0053,0.003,0.0015,-47.1
1.599,-0.0023,-0.0053,0.0015,0.0,-46.9
1.6,-0.003,-0.0046,0.0022,-0.0008,-46.6
1.601,-0.003,-0.0015,0.0015,-0.0008,-46.3
1.602,-0.003,-0.0015,0.0,-0.0008,-46.0
1.603,-0.0038,0.0007,-0.0015,0.0,-45.7
1.604,-0.0015,-0.0023,-0.003,-0.0015,-45.5
1.605,-0.0023,-0.0015,0.0,0.0015,-45.1
1.606,-0.0008,-0.006,-0.0008,0.0,-44.8
1.607,0.0015,-0.0091,0.0007,0.0022,-44.6
1.608,0.0,-0.0053,0.0015,0.003,-44.2
1.609,0.0,-0.0038,-0.0008,0.0022,-44.0
1.61,0.0007,-0.0023,-0.0015,0.0015,-43.7
1.611,0.0015,-0.003,0.0,-0.0008,-43.3
1.612,0.0015,-0.0023,-0.0008,0.0015,-43.1
1.613,0.0,-0.0015,-0.0015,0.0007,-42.8
1.614,0.0007,-0.0008,0.0007,0.0015,-42.5
1.615,0.0015,-0.0015,0.0007,0.003,-42.2
1.616,0.0007,0.0007,0.0022,0.0022,-41.9
1.617,0.0015,0.0,0.0045,0.0015,-41.6
1.618,0.0007,0.0022,0.0015,0.0007,-41.3
1.619,0.0015,0.0045,0.003,0.0045,-41.0
1.62,0.0,0.0075,0.003,0.0052,-40.7
1.621,-0.0015,0.0105,0.0037,0.0075,-40.4
1.622,-0.0008,0.006,0.0015,0.003,-40.1
1.623,0.0007,-0.0008,0.0022,-0.003,-39.7
1.624,0.0015,-0.0083,0.0052,-0.0046,-39.4
1.625,0.003,-0.0098,0.0015,-0.0091,-39.1
1.626,0.0045,-0.012,-0.0023,-0.0075,-38.8
1.627,0.003,-0.0098,-0.0015,-0.0046,-38.5
1.628,0.0007,-0.0046,-0.0023,-0.0046,-38.2
1.629,0.0045,-0.003,-0.003,-0.003,-37.8
1.63,0.0067,-0.0008,-0.0023,0.0007,-37.5
1.631,0.003,-0.0008,0.0007,0.0015,-37.2
1.632,0.0007,-0.0015,0.0015,-0.0008,-36.9
1.633,-0.0008,0.0,-0.0008,0.0,-36.5
1.634,-0.0008,-0.0023,-0.003,0.0007,-36.2
1.635,0.0007,-0.0015,-0.0015,0.0045,-35.9
1.636,0.0007,0.0,0.0,0.003,-35.6
1.637,-0.0008,0.0,-0.0008,0.003,-35.3
1.638,-0.003,0.0015,-0.0008,0.003,-35.0
1.639,-0.0046,0.003,-0.0008,0.0007,-34.7
1.64,-0.0068,-0.0015,0.0022,0.0,-34.3
1.641,-0.0075,-0.003,0.0037,-0.0008,-34.0
1.642,-0.0046,-0.0015,0.0015,0.0007,-33.7
1.643,-0.0046,-0.003,0.0007,0.0,-33.4
1.644,-0.0015,-0.003,-0.0008,-0.0015,-33.1
1.645,0.0,-0.0015,0.0007,-0.0008,-32.7
1.646,-0.0008,0.003,0.0015,0.0,-32.4
1.647,0.0007,-0.0008,0.0,-0.0008,-32.1
1.648,0.003,-0.0083,0.0007,-0.003,-31.8
1.649,0.003,-0.0091,0.0007,-0.0023,-31.5
1.65,0.003,-0.0068,-0.0008,-0.003,-31.1
1.651,0.0022,-0.0053,-0.0015,-0.0068,-30.8
1.652,0.0007,-0.0038,-0.003,-0.0053,-30.5
1.653,0.0007,-0.003,-0.0008,-0.003,-30.2
1.654,0.0007,0.0015,0.0007,-0.0015,-29.9
1.655,0.003,0.0015,0.0015,-0.0015,-29.5
1.656,0.0052,0.0022,0.003,0.0015,-29.2
1.657,0.0037,0.0037,0.0015,0.003,-28.9
1.658,0.0037,0.003,0.0015,0.003,-28.6
1.659,0.003,0.006,0.0007,0.0022,-28.3
1.66,0.0097,0.0075,0.0007,0.003,-27.9
1.661,0.0157,0.0075,0.0,0.0037,-27.6
1.662,0.009,0.003,0.0,0.003,-27.4
1.663,0.0,-0.0023,-0.0008,-0.0008,-27.0
1.664,-0.0083,-0.0053,0.0015,-0.003,-26.8
1.665,-0.0135,-0.0075,0.0037,-0.0038,-26.5
1.666,-0.0143,-0.0091,0.0037,-0.0068,-26.1
1.667,-0.012,-0.0053,0.0045,-0.0038,-25.9
1.668,-0.0091,-0.003,0.0015,0.0007,-25.6
1.669,-0.006,-0.003,0.0,0.003,-25.3
1.67,-0.0023,0.0,0.0007,0.0045,-25.0
1.671,0.0007,0.0022,0.0007,0.0037,-24.7
1.672,0.006,0.003,-0.003,0.0,-24.4
1.673,0.0097,0.0015,0.0015,0.0,-24.1
1.674,0.0112,0.0007,0.0082,0.0007,-23.8
1.675,0.0105,0.0007,0.0105,0.0015,-23.5
1.676,0.0067,0.003,0.0127,-0.0008,-23.2
1.677,0.003,0.0007,0.009,-0.0015,-22.9
1.678,-0.0008,-0.0015,0.0067,-0.0023,-22.6
1.679,0.0,-0.0015,0.006,-0.0046,-22.3
1.68,-0.0038,-0.0046,0.0052,-0.0015,-22.0
1.681,-0.0053,-0.003,0.0037,0.0,-21.8
1.682,-0.0023,0.0007,0.0045,0.0015,-21.6
1.683,-0.0015,0.0015,0.0022,0.003,-21.3
1.684,-0.0008,0.0,-0.0015,0.0015,-21.1
1.685,0.0007,-0.003,0.0007,0.0007,-20.8
1.686,0.0015,-0.0046,-0.0008,0.003,-20.6
1.687,0.0015,-0.0023,-0.0015,0.0052,-20.3
1.688,0.003,0.0,0.0007,0.0045,-20.1
1.689,0.003,-0.0008,-0.0015,0.0045,-19.9
1.69,0.0007,0.0015,-0.0008,0.0045,-19.6
1.691,0.003,0.003,-0.0008,0.0022,-19.4
1.692,0.0045,0.003,-0.0015,0.0007,-19.2
1.693,0.0022,0.0007,0.0,-0.0008,-18.9
1.694,0.0007,0.0007,0.0007,-0.0023,-18.7
1.695,-0.0008,-0.0015,0.003,-0.003,-18.5
1.696,-0.0023,-0.006,0.0007,-0.003,-18.2
1.697,-0.0023,-0.0068,0.0015,-0.0023,-18.0
1.698,-0.003,-0.006,0.0015,-0.003,-17.7
1.699,-0.003,-0.0008,0.0007,-0.0023,-17.5
1.7,0.0015,0.0075,0.0022,-0.0008,-17.3
1.701,0.0082,0.0127,0.0007,0.003,-17.1
1.702,0.0112,0.0135,-0.0023,0.006,-17.0
1.703,0.0075,0.0037,-0.0023,0.0045,-16.8
1.704,0.0022,-0.0075,-0.003,-0.0023,-16.7
1.705,-0.0046,-0.015,-0.003,-0.0091,-16.5
1.706,-0.0083,-0.0233,-0.0015,-0.0143,-16.3
1.707,-0.0075,-0.0218,0.0007,-0.0105,-16.2
1.708,-0.0068,-0.012,-0.0008,-0.0053,-16.0
1.709,-0.0075,-0.0053,-0.0038,-0.0008,-15.8
1.71,-0.0053,0.0007,-0.0046,0.0052,-15.7
1.711,-0.0053,0.0022,-0.0023,0.0022,-15.5
1.712,-0.0083,-0.0008,-0.003,-0.0008,-15.3
1.713,-0.0046,-0.0015,0.0015,0.0007,-15.2
1.714,-0.0023,-0.0015,0.0097,0.0015,-15.0
1.715,0.0,-0.003,0.0142,0.003,-14.9
1.716,0.0015,-0.0015,0.0112,0.0052,-14.7
1.717,0.0022,-0.0008,0.003,0.0015,-14.5
1.718,0.0045,0.0015,-0.0046,-0.0053,-14.4
1.719,0.0037,0.0052,-0.0135,-0.0091,-14.2
1.72,0.0052,0.012,-0.0165,-0.0113,-14.0
1.721,0.0082,0.0112,-0.0158,-0.012,-14.0
1.722,0.0112,0.003,-0.012,-0.0113,-13.8
1.723,0.0105,-0.0046,-0.0068,-0.0046,-13.7
1.724,0.0052,-0.0068,-0.003,-0.0008,-13.6
1.725,0.0,-0.0128,0.003,-0.0068,-13.5
1.726,-0.0023,-0.0128,0.0052,-0.0083,-13.4
1.727,-0.0015,-0.0105,0.0082,0.0045,-13.3
1.728,-0.0015,-0.0128,0.0097,0.0232,-13.2
1.729,-0.003,-0.0128,0.0052,0.033,-13.1
1.73,-0.0015,-0.0158,0.0052,0.0232,-13.0
1.731,0.0,-0.0173,0.009,0.0007,-12.9
1.732,0.0007,0.0045,0.0105,-0.0015,-12.7
1.733,0.0007,0.0307,0.009,-0.0008,-12.6
1.734,0.0007,0.0352,0.0067,-0.0046,-12.5
1.735,-0.0008,0.027,0.0022,-0.0046,-12.4
1.736,0.0,0.0105,-0.0023,-0.012,-12.3
1.737,-0.0015,0.0022,-0.0023,-0.012,-12.2
1.738,-0.0023,0.0015,-0.003,-0.0188,-12.1
1.739,0.003,-0.0015,0.0,-0.003,-12.0
1.74,0.009,0.0097,0.0015,0.0465,-11.9
1.741,0.0075,0.012,0.0007,0.072,-11.8
1.742,0.0015,-0.0053,0.0007,0.048,-11.7
1.743,-0.003,-0.0256,-0.0015,0.006,-11.7
1.744,-0.0083,-0.0203,-0.003,-0.0165,-11.6
1.745,-0.0091,-0.003,-0.0046,-0.024,-11.6
1.746,-0.0083,0.0,-0.0046,-0.012,-11.5
1.747,-0.006,0.006,0.0022,-0.0015,-11.4
1.748,-0.0015,0.0142,0.0067,-0.0015,-11.3
1.749,-0.0015,0.0022,0.009,0.003,-11.3
1.75,-0.0008,-0.0158,0.0082,-0.0075,-11.2
1.751,0.0,-0.0113,0.0052,-0.0113,-11.2
1.752,0.0007,-0.0181,0.0067,-0.0158,-11.1
1.753,0.0045,-0.0278,0.006,-0.0181,-11.0
1.754,0.0067,-0.0218,0.0045,-0.0165,-11.0
1.755,0.0067,-0.0091,0.006,-0.0256,-10.9
1.756,0.0052,0.0097,0.0067,-0.0256,-10.8
1.757,-0.0023,0.0135,0.0045,-0.0218,-10.8
1.758,-0.0053,0.0105,-0.0008,-0.0165,-10.7
1.759,-0.0053,-0.0015,-0.0046,-0.0218,-10.6
1.76,-0.0068,-0.0165,-0.003,-0.0323,-10.6
1.761,-0.0015,-0.0008,-0.0038,-0.0233,-10.6
1.762,0.0,0.0127,-0.0046,0.0082,-10.5
1.763,-0.003,0.0022,-0.0023,0.0375,-10.5
1.764,0.003,0.0172,-0.0015,0.0382,-10.5
1.765,0.0202,0.0187,-0.0015,0.0217,-10.5
1.766,0.0262,0.0015,0.0,0.0127,-10.5
1.767,0.009,0.0022,-0.0008,0.0127,-10.5
1.768,-0.0015,-0.0015,-0.0008,-0.0098,-10.5
1.769,-0.012,0.018,0.0015,-0.0068,-10.4
1.77,-0.0203,0.045,0.0015,-0.0015,-10.4
1.771,-0.0165,0.0225,0.003,-0.0181,-10.4
1.772,-0.0188,-0.0346,0.0082,-0.0075,-10.4
1.773,-0.0173,-0.0773,0.0225,-0.0015,-10.4
1.774,-0.012,-0.0915,0.0442,-0.0068,-10.4
1.775,-0.0068,-0.078,0.0615,-0.0256,-10.4
1.776,-0.003,-0.033,0.0495,-0.0293,-10.4
1.777,-0.003,0.0105,0.0165,-0.006,-10.4
1.778,0.0015,0.0465,-0.0158,0.0255,-10.4
1.779,0.012,0.072,-0.0465,0.0592,-10.3
1.78,0.0157,0.0322,-0.063,0.042,-10.3
1.781,0.0127,0.0082,-0.0683,0.03,-10.3
1.782,0.0067,0.0435,-0.063,0.0465,-10.3
1.783,-0.0015,0.0637,-0.048,0.0352,-10.4
1.784,-0.003,0.0652,-0.0375,0.0202,-10.4
1.785,-0.0038,0.0157,-0.021,0.0105,-10.4
1.786,-0.0038,0.0067,-0.003,0.003,-10.4
1.787,-0.0008,0.0202,0.0097,-0.0068,-10.5
1.788,-0.0015,0.027,0.0315,-0.0068,-10.5
1.789,-0.0015,0.066,0.0547,-0.0068,-10.5
1.79,0.0007,0.0442,0.054,-0.0038,-10.6
1.791,0.0015,-0.0008,0.0315,-0.003,-10.6
1.792,0.0045,-0.0256,0.009,-0.033,-10.6
1.793,0.0052,-0.0203,-0.0098,-0.0503,-10.6
1.794,0.003,-0.0218,-0.0173,-0.045,-10.7
1.795,0.0022,-0.0308,-0.0181,-0.039,-10.7
1.796,0.003,-0.0315,-0.0158,-0.021,-10.7
1.797,0.0037,-0.0548,-0.003,-0.033,-10.8
1.798,0.0045,-0.0863,0.0097,-0.048,-10.8
1.799,-0.0008,-0.1185,0.0097,0.0157,-10.8
1.8,-0.0083,-0.0773,0.0097,0.093,-10.9
1.801,-0.0068,-0.003,0.0127,0.1177,-10.9
1.802,-0.0083,0.0457,0.0165,0.072,-11.0
1.803,-0.0083,0.0555,0.0142,-0.0158,-11.0
1.804,-0.0075,0.0045,0.009,-0.0428,-11.1
1.805,-0.0008,-0.0353,0.012,-0.057,-11.2
1.806,0.0037,-0.0645,0.0067,-0.0721,-11.2
1.807,0.0037,-0.0945,-0.0105,-0.0428,-11.3
1.808,0.0037,-0.1193,-0.021,0.0292,-11.3
1.809,-0.0046,-0.0998,-0.0173,0.129,-11.4
1.81,-0.0143,-0.0165,-0.0083,0.1125,-11.5
1.811,-0.0315,0.0232,0.0052,0.033,-11.5
1.812,-0.0511,0.0367,0.018,-0.0046,-11.6
1.813,-0.0436,0.06,0.015,-0.042,-11.7
1.814,-0.0181,0.1027,0.0157,-0.0165,-11.7
1.815,-0.0075,0.1702,0.0292,0.0352,-11.7
1.816,-0.0075,0.1717,0.0247,0.0592,-11.8
1.817,-0.0158,0.0975,0.012,0.0277,-11.9
1.818,-0.0008,0.0232,0.006,-0.0188,-11.9
1.819,0.033,0.0007,0.0022,0.003,-12.0
1.82,0.0667,-0.0165,0.0135,0.0232,-12.1
1.821,0.0802,-0.0473,0.021,0.0082,-12.2
1.822,0.057,-0.0743,0.0292,-0.0256,-12.2
1.823,0.0405,-0.075,0.0382,-0.0233,-12.3
1.824,0.0142,-0.0593,0.0052,-0.0293,-12.4
1.825,-0.0015,-0.0495,-0.0225,-0.0593,-12.5
1.826,-0.0053,0.0015,-0.0346,-0.0683,-12.6
1.827,-0.0203,0.0412,-0.0465,-0.0743,-12.7
1.828,-0.0105,0.024,-0.0383,-0.0608,-12.8
1.829,0.0045,-0.0091,-0.0315,-0.0706,-12.9
1.83,0.012,-0.0256,-0.0203,-0.0645,-13.0
1.831,0.003,-0.042,-0.0158,-0.003,-13.1
1.832,-0.0023,-0.0945,-0.0143,0.033,-13.1
1.833,0.003,-0.096,-0.0053,0.042,-13.2
1.834,0.0105,0.0255,-0.0008,0.078,-13.3
1.835,0.042,0.1335,0.003,0.1027,-13.4
1.836,0.0472,0.1027,-0.0023,0.0735,-13.5
1.837,0.0105,0.0555,0.006,0.03,-13.6
1.838,-0.0143,0.0547,0.0277,0.003,-13.7
1.839,-0.042,0.0232,0.051,-0.0188,-13.8
1.84,-0.0593,-0.0105,0.0442,-0.021,-13.9
1.841,-0.0488,-0.0256,0.0165,-0.012,-14.0
1.842,-0.039,-0.0368,0.015,-0.0053,-14.1
1.843,-0.0233,-0.0383,0.0082,-0.0075,-14.2
1.844,-0.0128,-0.033,-0.0008,-0.0143,-14.3
1.845,-0.0105,-0.0308,-0.0083,-0.012,-14.4
1.846,0.0007,-0.0293,-0.0173,-0.0091,-14.5
1.847,0.0015,-0.0256,-0.0113,-0.0068,-14.7
1.848,-0.0015,-0.021,-0.0015,-0.0091,-14.8
1.849,0.0075,-0.0195,0.003,-0.0068,-14.9
1.85,0.0307,-0.0098,-0.0128,0.0067,-15.0
1.851,0.042,0.018,-0.0233,0.018,-15.1
1.852,0.021,0.0382,-0.0143,0.0127,-15.3
1.853,-0.0015,0.0397,0.0052,0.0015,-15.3
1.854,-0.0105,0.0255,0.0165,-0.0015,-15.5
1.855,-0.0165,0.0127,0.0165,-0.006,-15.6
1.856,-0.0098,0.0232,0.0142,-0.003,-15.7
1.857,-0.0128,0.0202,0.0082,0.0,-15.8
1.858,-0.0068,0.0135,0.0067,-0.0083,-15.9
1.859,0.009,0.0075,-0.0053,-0.0278,-16.0
1.86,0.0112,-0.0135,-0.0038,-0.0353,-16.2
1.861,0.0157,-0.015,-0.0015,-0.0225,-16.2
1.862,0.0067,-0.0075,-0.0143,-0.0068,-16.4
1.863,0.0165,-0.0263,-0.003,-0.0008,-16.5
1.864,0.0225,-0.0623,0.003,-0.003,-16.6
1.865,-0.0105,-0.0473,-0.0158,-0.0015,-16.7
1.866,-0.0233,-0.0098,-0.0398,-0.0053,-16.8
1.867,-0.042,-0.0098,-0.0465,-0.0165,-16.9
1.868,-0.048,-0.0008,-0.048,-0.0181,-17.1
1.869,-0.0165,0.0105,-0.0368,-0.0091,-17.1
1.87,0.018,0.018,-0.0165,-0.0023,-17.3
1.871,0.0405,0.0225,-0.003,-0.003,-17.4
1.872,0.0412,0.0157,0.0105,-0.0008,-17.5
1.873,0.0315,0.0082,0.0285,-0.012,-17.6
1.874,-0.0015,-0.0053,0.06,-0.0181,-17.7
1.875,-0.0315,0.0022,0.0555,-0.0053,-17.8
1.876,-0.0503,0.0052,0.0105,-0.0046,-17.9
1.877,-0.0383,0.0007,-0.0323,0.0015,-18.0
1.878,-0.0008,-0.015,-0.0405,0.0097,-18.1
1.879,0.0202,-0.042,-0.0165,0.0202,-18.3
1.88,0.0315,-0.0346,0.0045,0.036,-18.4
1.881,0.0277,-0.0233,0.0247,0.0352,-18.4
1.882,0.0285,-0.024,0.0405,0.039,-18.3
1.883,0.018,-0.012,0.0517,0.048,-18.3
1.884,-0.0143,-0.012,0.0495,0.039,-18.2
1.885,-0.0428,-0.0113,0.0367,0.021,-18.2
1.886,-0.0585,-0.006,0.027,0.012,-18.1
1.887,-0.0405,-0.003,0.0157,0.0105,-18.1
1.888,-0.0203,0.006,0.0112,0.0015,-18.0
1.889,-0.006,0.0052,0.0082,-0.003,-18.0
1.89,0.0052,0.0015,0.0045,-0.003,-17.9
1.891,0.0105,-0.0053,0.003,-0.0091,-17.9
1.892,0.0225,-0.0083,0.0015,-0.0143,-17.8
1.893,0.0277,-0.0008,0.0157,-0.0098,-17.8
1.894,0.027,0.0082,0.0442,-0.0046,-17.7
1.895,0.0247,0.0195,0.039,0.0007,-17.7
1.896,0.0105,0.0277,0.0007,0.003,-17.6
1.897,0.0007,0.024,-0.033,-0.0008,-17.6
1.898,0.0007,0.0052,-0.0585,-0.0091,-17.6
1.899,-0.003,-0.0098,-0.0465,-0.0165,-17.5
1.9,-0.003,-0.0068,-0.0091,-0.0158,-17.5
1.901,-0.0015,0.0075,0.0067,-0.0038,-17.5
1.902,0.0022,0.0157,-0.0068,0.0082,-17.5
1.903,0.0082,0.018,-0.0308,0.0112,-17.6
1.904,0.009,0.0165,-0.045,0.0067,-17.6
1.905,0.0225,0.0097,-0.0503,0.0082,-17.7
1.906,0.0435,0.0127,-0.0383,0.009,-17.7
1.907,0.0427,0.0142,-0.006,0.0052,-17.8
1.908,0.024,0.0127,0.0442,0.0015,-17.9
1.909,0.003,0.0142,0.0645,-0.0046,-17.9
1.91,-0.0068,0.009,0.0382,-0.0083,-18.0
1.911,-0.0015,0.0075,0.0142,-0.003,-18.0
1.912,-0.0075,0.0105,-0.0105,0.0,-18.1
1.913,-0.0091,0.0097,-0.0256,0.0015,-18.1
1.914,-0.012,0.0097,-0.027,0.0045,-18.2
1.915,-0.021,0.012,-0.0256,0.0,-18.3
1.916,-0.024,0.0067,-0.0203,-0.0015,-18.3
1.917,-0.03,0.0052,-0.0128,-0.0046,-18.4
1.918,-0.0173,0.0075,0.012,-0.0105,-18.5
1.919,0.0105,0.0067,0.033,-0.0105,-18.5
1.92,0.0315,0.0022,0.0412,-0.027,-18.6
1.921,0.0315,-0.0015,0.048,-0.033,-18.7
1.922,0.0127,-0.003,0.0487,-0.021,-18.8
1.923,-0.0023,-0.003,0.0472,-0.0218,-18.9
1.924,-0.006,-0.0015,0.0517,-0.0128,-19.1
1.925,0.003,0.0022,0.0517,-0.0038,-19.2
1.926,0.0142,0.006,0.0195,0.0127,-19.3
1.927,0.039,0.0105,-0.039,0.0367,-19.4
1.928,0.054,0.0075,-0.0788,0.0405,-19.6
1.929,0.0277,0.0067,-0.099,0.0397,-19.7
1.93,-0.0008,0.0082,-0.1035,0.03,-19.8
1.931,-0.0353,-0.0008,-0.0863,0.0187,-20.0
1.932,-0.0458,-0.0053,-0.0623,0.0052,-20.1
1.933,-0.0383,-0.0068,-0.0278,-0.0128,-20.3
1.934,-0.0346,-0.0083,0.0015,-0.0091,-20.4
1.935,-0.0263,-0.003,0.0165,-0.0053,-20.5
1.936,-0.0225,-0.0008,0.0202,-0.015,-20.6
1.937,-0.0046,0.0007,0.0255,-0.0105,-20.7
1.938,0.0052,0.0007,0.027,-0.003,-20.9
1.939,0.0015,0.0007,0.0232,-0.0008,-21.0
1.94,0.0097,-0.0015,0.0255,-0.0008,-21.2
1.941,0.0232,-0.0053,0.0217,-0.0023,-21.2
1.942,0.0195,-0.0068,0.0217,-0.003,-21.2
1.943,-0.0023,-0.0075,0.0165,-0.0083,-21.3
1.944,-0.0188,-0.0075,0.0142,-0.006,-21.3
1.945,-0.0285,-0.0083,0.0165,-0.0083,-21.4
1.946,-0.0368,-0.0075,0.0135,-0.0083,-21.4
1.947,-0.033,-0.0053,0.012,-0.003,-21.5
1.948,-0.0256,-0.0068,0.0067,-0.0083,-21.5
1.949,-0.0181,-0.0091,0.0052,-0.012,-21.6
1.95,-0.012,-0.0098,0.006,-0.0105,-21.6
1.951,-0.012,-0.0105,0.0075,-0.0075,-21.7
1.952,-0.0068,-0.0128,0.0157,-0.0053,-21.7
1.953,-0.003,-0.0143,0.036,-0.0015,-21.8
1.954,0.0,-0.0113,0.0427,0.009,-21.8
1.955,0.003,-0.0091,0.0217,0.024,-21.9
1.956,0.0082,-0.0105,0.0105,0.0232,-21.9
1.957,0.0127,-0.0091,-0.0046,0.0082,-22.0
1.958,0.009,-0.0091,-0.0256,0.003,-22.0
1.959,0.0015,-0.0091,-0.0346,-0.0015,-22.1
1.96,-0.0008,-0.0091,-0.0346,0.0007,-22.1
1.961,0.003,-0.0098,-0.0248,0.0007,-22.1
1.962,0.0067,-0.012,-0.0158,-0.003,-22.0
1.963,0.009,-0.012,-0.0023,-0.0046,-22.0
1.964,0.012,-0.012,0.0045,-0.003,-21.9
1.965,0.0157,-0.012,0.0052,-0.0015,-21.8
1.966,0.018,-0.0113,0.012,-0.0075,-21.8
1.967,0.0142,-0.0091,0.0157,-0.012,-21.7
1.968,0.0127,-0.0083,0.0195,-0.0038,-21.7
1.969,0.0142,-0.0068,0.0217,0.0097,-21.6
1.97,0.0067,-0.006,0.0465,0.0105,-21.6
1.971,-0.0068,-0.0068,0.0735,0.0082,-21.5
1.972,-0.0143,-0.0068,0.0712,0.0067,-21.4
1.973,-0.0195,-0.0091,0.0465,0.0105,-21.4
1.974,-0.012,-0.0098,-0.0098,0.0157,-21.3
1.975,0.006,-0.0068,-0.0511,0.0037,-21.2
1.976,0.0172,-0.0068,-0.063,-0.0046,-21.2
1.977,0.0127,-0.0083,-0.0706,-0.0068,-21.2
1.978,0.0037,-0.0083,-0.057,-0.0068,-21.1
1.979,-0.0023,-0.0075,-0.042,-0.003,-21.0
1.98,-0.0046,-0.0068,-0.0203,-0.0083,-21.0
1.981,0.0015,-0.0068,0.0037,-0.0053,-20.9
1.982,0.0127,-0.0023,0.0165,-0.0046,-20.9
1.983,0.0165,0.0015,0.03,-0.0091,-20.8
1.984,0.0112,0.0022,0.0262,-0.0046,-20.8
1.985,0.0075,0.003,0.0165,0.0015,-20.7
1.986,0.0045,0.0,0.0142,0.0007,-20.7
1.987,-0.0008,0.0007,0.0082,-0.003,-20.7
1.988,-0.0098,0.0007,0.006,-0.0053,-20.6
1.989,-0.0091,0.0007,0.0105,-0.0046,-20.6
1.99,-0.0015,0.0045,0.012,-0.0015,-20.5
1.991,0.0,0.0045,0.0052,-0.0038,-20.5
1.992,-0.006,0.0052,-0.0053,-0.0068,-20.5
1.993,-0.0143,0.003,-0.012,-0.0068,-20.4
1.994,-0.0083,0.0015,-0.0128,-0.0053,-20.4
1.995,-0.003,0.0045,-0.0091,-0.0008,-20.3
1.996,0.0015,0.003,0.0,0.0015,-20.3
1.997,0.003,0.0052,0.0022,0.003,-20.3
1.998,0.0,0.006,0.003,0.006,-20.2
1.999,0.0007,0.0082,0.0045,0.0015,-20.2
2.0,0.0007,0.009,0.003,-0.003,-20.1
2.001,0.0045,0.0082,0.0067,-0.0015,-20.1
2.002,0.0022,0.0082,0.0097,-0.0023,-20.0
2.003,-0.0008,0.0067,0.0202,-0.0053,-20.0
2.004,-0.0008,0.0045,0.0435,-0.0083,-19.9
2.005,-0.0046,0.003,0.057,-0.0068,-19.9
2.006,-0.0008,0.003,0.0337,-0.0015,-19.8
2.007,0.0007,0.0037,-0.003,0.003,-19.8
2.008,0.0015,0.0052,-0.0203,0.009,-19.8
2.009,0.0067,0.006,-0.021,0.015,-19.7
2.01,0.0142,0.0052,-0.0218,0.0172,-19.7
2.011,0.0127,0.006,-0.024,0.009,-19.7
2.012,0.0015,0.0045,-0.0195,0.0037,-19.6
2.013,-0.0083,0.003,-0.0105,-0.0008,-19.6
2.014,-0.0158,0.0015,0.0,-0.0053,-19.5
2.015,-0.0143,0.0015,0.0015,-0.0046,-19.5
2.016,-0.0195,0.0037,-0.0068,-0.0046,-19.4
2.017,-0.03,0.0045,-0.012,-0.003,-19.4
2.018,-0.0256,0.0045,-0.0158,-0.0008,-19.4
2.019,-0.0181,0.0045,-0.0173,0.006,-19.3
2.02,-0.0105,0.0022,-0.0188,0.015,-19.3
2.021,0.006,0.003,-0.0225,0.0082,-19.3
2.022,0.0195,0.003,-0.0233,-0.0046,-19.2
2.023,0.0277,0.003,-0.012,0.0007,-19.2
2.024,0.0285,0.0015,-0.0015,0.0007,-19.2
2.025,0.0232,0.0007,0.0015,0.0037,-19.2
2.026,0.018,0.0022,0.0067,0.0075,-19.1
2.027,0.0142,-0.0008,0.009,0.0105,-19.1
2.028,0.0142,0.0007,0.009,0.0165,-19.1
2.029,0.0052,0.0015,0.0082,0.0052,-19.1
2.03,0.0015,-0.0008,0.0067,0.0052,-19.0
2.031,0.0082,0.0015,0.009,0.006,-19.0
2.032,0.003,-0.0015,0.012,-0.003,-19.0
2.033,-0.0046,-0.0023,0.0127,-0.0015,-19.0
2.034,-0.0023,-0.0023,0.0082,-0.0023,-19.0
2.035,-0.0008,-0.0023,0.0045,0.0007,-18.9
2.036,0.0015,-0.0015,0.0045,0.0007,-18.9
2.037,-0.0008,-0.0038,0.0037,0.0007,-18.9
2.038,-0.0046,-0.0008,0.003,0.0015,-18.9
2.039,-0.0068,0.0007,0.0007,-0.0015,-18.9
2.04,-0.0091,-0.0008,-0.0008,-0.0015,-18.9
2.041,-0.0098,-0.003,-0.0015,-0.0015,-18.9
2.042,-0.0091,-0.0023,-0.0046,0.0015,-18.9
2.043,-0.0046,-0.003,-0.0053,-0.0008,-18.8
2.044,-0.0015,-0.0023,-0.0053,-0.003,-18.8
2.045,-0.0015,0.0,-0.003,-0.0053,-18.8
2.046,-0.0046,0.0,-0.003,-0.0083,-18.8
2.047,-0.0068,0.0,-0.003,-0.0068,-18.8
2.048,-0.0015,-0.0008,-0.0015,-0.0083,-18.8
2.049,0.0037,-0.0008,0.0007,-0.0083,-18.8
2.05,0.003,-0.0015,0.0015,-0.0053,-18.8
2.051,0.0015,-0.003,0.0,-0.0008,-18.8
2.052,0.0052,-0.0015,0.0015,0.0007,-18.8
2.053,0.0112,-0.0015,0.0037,-0.0015,-18.7
2.054,0.0105,-0.0015,0.003,0.0015,-18.7
2.055,0.009,-0.0015,0.003,0.0045,-18.7
2.056,0.009,-0.0038,0.0022,0.0007,-18.7
2.057,0.0022,-0.006,0.0052,-0.0038,-18.7
2.058,-0.0091,-0.006,0.0052,-0.0046,-18.7
2.059,-0.012,-0.006,0.0037,-0.0015,-18.7
2.06,-0.0083,-0.0068,0.0067,0.0015,-18.7
2.061,0.0045,-0.0068,0.0067,0.0015,-18.7
2.062,0.027,-0.0053,0.0037,0.0015,-18.7
2.063,0.0232,-0.0053,0.0037,0.0007,-18.7
2.064,0.0015,-0.0053,0.0052,-0.0023,-18.6
2.065,-0.012,-0.0053,0.0052,-0.0015,-18.6
2.066,-0.0256,-0.0068,0.006,-0.0046,-18.6
2.067,-0.0233,-0.0053,0.003,-0.0015,-18.6
2.068,-0.0143,-0.0046,0.003,0.0007,-18.6
2.069,-0.0105,-0.0046,0.0052,-0.0015,-18.6
2.07,-0.0053,-0.003,0.0112,0.0007,-18.6
2.071,-0.0068,-0.0046,0.0352,-0.0015,-18.6
2.072,-0.0023,-0.0046,0.0472,-0.0015,-18.6
2.073,-0.0068,-0.003,0.027,-0.003,-18.6
2.074,-0.012,-0.0015,0.0045,-0.003,-18.6
2.075,-0.0083,-0.0015,-0.0143,-0.003,-18.6
2.076,-0.0068,-0.0015,-0.0353,-0.006,-18.6
2.077,-0.0075,-0.0023,-0.0428,-0.0083,-18.5
2.078,-0.0083,-0.003,-0.0353,-0.0038,-18.5
2.079,0.003,-0.0023,0.0045,0.0037,-18.5
2.08,0.0217,0.0007,0.0457,0.0067,-18.5
2.081,0.0262,-0.0015,0.0352,0.0127,-18.5
2.082,0.0255,-0.0046,0.0075,0.024,-18.5
2.083,0.0172,-0.0075,-0.0143,0.0195,-18.5
2.084,0.0052,-0.0083,-0.0353,0.0015,-18.5
2.085,0.0015,-0.0068,-0.0308,-0.003,-18.4
2.086,0.0045,-0.0046,-0.021,-0.0053,-18.4
2.087,0.003,-0.0023,-0.0083,-0.0046,-18.4
2.088,-0.0015,-0.003,0.0052,0.0,-18.4
2.089,-0.0015,-0.0023,0.0082,-0.0008,-18.3
2.09,-0.0038,-0.0023,0.0157,0.0015,-18.3
2.091,-0.0038,-0.0008,0.0105,0.0007,-18.3
2.092,-0.003,0.0007,0.0067,-0.0015,-18.3
2.093,-0.003,-0.0015,0.009,-0.0015,-18.2
2.094,-0.0015,-0.0015,0.009,0.0,-18.2
2.095,-0.0038,-0.0023,0.0105,0.0007,-18.2
2.096,-0.0046,-0.0023,0.009,0.0007,-18.2
2.097,-0.0046,-0.0008,0.006,0.0015,-18.2
2.098,-0.0015,-0.0008,0.0015,0.0022,-18.1
2.099,0.0007,-0.0008,-0.0008,0.0045,-18.1
2.1,0.0,-0.0008,-0.0015,0.0022,-18.1
2.101,-0.0038,-0.0008,-0.0023,0.0,-18.0
2.102,-0.0068,-0.0008,-0.0015,-0.0008,-18.0
2.103,-0.0023,0.0,-0.0046,-0.0023,-18.0
2.104,-0.0008,0.0007,-0.0083,-0.0008,-17.9
2.105,0.0015,0.0015,-0.0105,0.0007,-17.9
2.106,0.0007,0.0015,-0.0098,0.0,-17.8
2.107,-0.0015,0.0007,-0.0083,-0.0008,-17.8
2.108,-0.0023,0.0,-0.0046,-0.0038,-17.7
2.109,-0.0023,-0.0008,0.003,-0.0053,-17.7
2.11,0.003,-0.003,0.0037,-0.003,-17.6
2.111,0.0045,-0.0023,-0.0015,-0.003,-17.6
2.112,0.0082,-0.0008,-0.0068,-0.0015,-17.6
2.113,0.0067,0.0,-0.0091,-0.0023,-17.6
2.114,0.0045,0.0007,-0.012,-0.0008,-17.5
2.115,0.0015,-0.0008,-0.012,0.0015,-17.5
2.116,-0.0038,0.0,-0.0068,0.0007,-17.4
2.117,-0.0068,0.0015,-0.0083,0.0,-17.4
2.118,-0.0075,0.0015,-0.0091,0.0007,-17.3
2.119,-0.0128,0.0,-0.0053,0.0007,-17.3
2.12,-0.0165,-0.0008,-0.0023,-0.0015,-17.2
2.121,-0.0091,-0.0008,-0.0008,0.0007,-17.2
2.122,0.0007,-0.0023,0.0015,0.0052,-17.2
2.123,0.003,-0.0008,0.0052,0.0052,-17.1
2.124,0.006,-0.0008,0.0052,0.003,-17.1
2.125,0.009,-0.0008,0.0082,0.0015,-17.1
2.126,0.0135,0.003,0.0127,0.003,-17.1
2.127,0.0142,0.0,0.009,0.0067,-17.0
2.128,0.012,-0.0015,0.0097,0.0082,-17.0
2.129,0.0075,-0.003,0.0105,0.0015,-16.9
2.13,0.0,-0.003,0.012,-0.0098,-16.9
2.131,-0.003,0.0,0.0165,-0.0128,-16.9
2.132,-0.0046,0.0007,0.0142,-0.0053,-16.8
2.133,-0.0015,-0.0008,0.0105,-0.0053,-16.8
2.134,-0.0046,-0.003,0.0075,-0.0068,-16.7
2.135,-0.0053,-0.003,0.0067,-0.0015,-16.7
2.136,-0.0023,-0.0046,0.0045,-0.0015,-16.7
2.137,-0.0046,-0.0046,0.0037,0.0015,-16.7
2.138,-0.0008,-0.0038,0.0045,0.0015,-16.6
2.139,0.0007,-0.0038,0.0045,0.0022,-16.6
2.14,-0.0008,-0.0038,0.003,0.003,-16.6
2.141,-0.0008,-0.0046,0.0015,0.0007,-16.5
2.142,0.0,-0.0046,0.003,0.0007,-16.5
2.143,0.0007,-0.003,0.006,-0.0008,-16.5
2.144,0.0007,-0.0015,0.0067,0.0007,-16.4
2.145,-0.0008,-0.0038,0.0067,0.0,-16.4
2.146,-0.0008,-0.003,0.0037,0.0007,-16.4
2.147,-0.0023,-0.0023,0.0075,0.0015,-16.3
2.148,0.0,-0.0023,0.0082,0.003,-16.3
2.149,0.0037,0.0007,0.0052,0.0045,-16.3
2.15,0.0037,0.0015,0.0045,0.0045,-16.2
2.151,0.0007,0.0037,0.0015,0.0015,-16.2
2.152,0.0007,0.003,0.0015,-0.0015,-16.2
2.153,-0.0008,-0.0008,0.0015,-0.0015,-16.2
2.154,-0.003,0.0,0.0015,-0.003,-16.1
2.155,-0.0015,-0.0008,0.0037,-0.0038,-16.1
2.156,0.0015,-0.0015,0.003,-0.0015,-16.1
2.157,0.003,-0.0023,0.0052,0.0015,-16.0
2.158,0.0045,-0.003,0.006,0.0015,-16.0
2.159,0.0045,-0.003,0.0045,0.003,-16.0
2.16,0.0037,-0.0053,0.0052,0.003,-15.9
2.161,0.003,-0.0038,0.0037,0.0037,-15.9
2.162,0.0015,-0.0023,0.0045,0.0052,-15.8
2.163,-0.0015,-0.0015,0.0015,0.0052,-15.8
2.164,-0.0015,0.0007,0.0015,0.0075,-15.8
2.165,-0.003,0.0015,0.0007,0.0052,-15.8
2.166,-0.0046,0.0045,0.0,0.0045,-15.7
2.167,-0.0046,0.0045,0.0015,0.003,-15.7
2.168,-0.0053,0.0045,-0.0008,0.0015,-15.7
2.169,-0.003,0.0067,-0.0015,0.0022,-15.6
2.17,0.003,0.0045,-0.003,-0.0008,-15.6
2.171,0.009,0.0052,-0.0046,0.0007,-15.5
2.172,0.0097,0.006,-0.0046,0.0052,-15.5
2.173,0.0052,0.0015,-0.003,0.0045,-15.5
2.174,-0.003,0.0007,0.0,0.0,-15.4
2.175,-0.0135,0.0015,0.0015,-0.0038,-15.4
2.176,-0.0135,0.0,-0.0015,-0.0053,-15.3
2.177,-0.006,-0.0008,-0.003,-0.0023,-15.3
2.178,-0.0015,-0.0015,-0.0023,-0.003,-15.3
2.179,-0.0038,-0.003,-0.003,-0.0046,-15.3
2.18,-0.0015,0.0,-0.0023,-0.0038,-15.2
2.181,0.0037,0.0015,-0.0008,-0.0046,-15.2
2.182,0.0007,0.0015,-0.0023,-0.0046,-15.1
2.183,-0.0023,0.0007,-0.0038,-0.0053,-15.1
2.184,-0.0015,-0.0008,-0.003,-0.0015,-15.0
2.185,-0.0015,-0.0015,-0.003,-0.003,-15.0
2.186,-0.0008,-0.0015,-0.0008,-0.0038,-14.9
2.187,-0.0015,-0.0015,0.0052,0.0007,-14.9
2.188,-0.0008,0.0,0.0045,-0.0023,-14.9
2.189,-0.0015,0.0007,0.003,-0.0046,-14.8
2.19,-0.0038,0.0007,0.003,-0.0091,-14.8
2.191,-0.003,0.0015,-0.0008,-0.0128,-14.8
2.192,0.0,0.0007,-0.003,-0.0143,-14.7
2.193,0.0045,0.0015,-0.0075,-0.0158,-14.7
2.194,0.0105,0.003,-0.0091,-0.0083,-14.6
2.195,0.0127,0.0037,-0.0083,0.003,-14.6
2.196,0.0157,0.0007,-0.006,0.0157,-14.5
2.197,0.0157,-0.0015,0.0015,0.024,-14.5
2.198,0.0082,-0.003,0.0082,0.024,-14.4
2.199,-0.0046,-0.0053,0.0112,0.0112,-14.4
2.2,-0.0203,-0.0068,0.0165,-0.0015,-14.4
2.201,-0.0173,-0.0068,0.018,-0.0038,-14.3
2.202,-0.006,-0.0083,0.0187,-0.0046,-14.3
2.203,-0.0015,-0.0068,0.0195,-0.0053,-14.2
2.204,0.0052,-0.003,0.018,-0.0091,-14.2
2.205,0.0082,-0.0008,0.012,-0.006,-14.1
2.206,0.0037,-0.0015,0.003,0.0022,-14.1
2.207,0.0015,-0.003,-0.003,-0.0015,-14.0
2.208,-0.0015,-0.003,-0.0083,-0.0015,-14.0
2.209,-0.003,-0.0015,-0.0143,-0.003,-14.0
2.21,-0.0015,-0.0015,-0.0135,-0.0046,-13.9
2.211,-0.0015,-0.0015,-0.0113,0.0,-13.9
2.212,-0.0008,-0.0015,-0.0105,-0.0015,-13.9
2.213,0.0007,-0.0023,-0.0105,0.0015,-13.8
2.214,0.0015,-0.003,-0.0113,-0.0008,-13.8
2.215,0.0007,-0.0015,-0.012,-0.0008,-13.7
2.216,-0.0008,-0.003,-0.0128,0.0022,-13.7
2.217,0.0,-0.003,-0.0135,0.0007,-13.6
2.218,-0.0008,-0.0015,-0.0143,0.0022,-13.6
2.219,-0.0008,-0.0008,-0.0128,0.0015,-13.5
2.22,0.0,-0.0015,-0.012,0.0037,-13.5
2.221,0.0,-0.0015,-0.0098,0.003,-13.5
2.222,0.0007,-0.003,-0.006,0.0015,-13.5
2.223,0.003,-0.003,-0.0038,0.0037,-13.4
2.224,0.0045,-0.0023,-0.003,-0.0015,-13.4
2.225,0.0015,-0.0015,-0.0038,-0.0053,-13.3
2.226,-0.0008,-0.0015,-0.003,-0.0053,-13.3
2.227,-0.003,-0.0023,0.0007,-0.0046,-13.3
2.228,-0.003,-0.0015,0.003,-0.0015,-13.2
2.229,-0.0023,-0.0008,0.003,-0.0023,-13.2
2.23,0.0015,0.0007,0.0015,-0.003,-13.2
2.231,0.003,-0.0015,0.003,-0.0023,-13.1
2.232,0.0015,-0.003,0.0007,-0.0008,-13.1
2.233,0.003,-0.0008,-0.0008,0.0007,-13.1
2.234,0.0007,-0.0015,0.0015,0.0,-13.1
2.235,-0.0008,-0.0015,-0.0008,-0.0015,-13.0
2.236,0.0,-0.0015,0.0,0.0007,-13.0
2.237,-0.0008,-0.003,0.0007,0.0067,-13.0
2.238,0.0015,-0.0015,0.0007,0.009,-12.9
2.239,0.0,0.0007,0.0015,0.009,-12.9
2.24,-0.0008,0.0015,0.0007,0.0097,-12.9
2.241,0.0007,-0.0008,0.003,0.0075,-12.8
2.242,0.0,-0.0008,0.003,0.006,-12.8
2.243,0.0,-0.0008,0.0007,0.0045,-12.8
2.244,-0.0015,-0.0015,0.0015,0.0015,-12.8
2.245,-0.0008,-0.0015,0.0022,-0.003,-12.7
2.246,0.0007,-0.0015,0.0015,-0.0053,-12.7
2.247,0.0007,-0.0015,0.003,-0.003,-12.7
2.248,0.0,-0.003,0.0045,-0.003,-12.7
2.249,-0.0008,-0.0038,0.003,-0.0046,-12.6
2.25,0.0,-0.0053,0.003,-0.0046,-12.6
2.251,-0.0015,-0.0046,0.003,-0.0038,-12.6
2.252,-0.0008,-0.003,0.0052,-0.0038,-12.6
2.253,0.0015,-0.0038,0.0045,-0.0023,-12.6
2.254,0.0015,-0.0015,0.0015,-0.0023,-12.5
2.255,0.0007,-0.0015,0.0007,-0.0015,-12.5
2.256,0.0007,-0.0015,0.0022,0.0007,-12.5
2.257,0.0,-0.003,0.003,0.0,-12.5
2.258,0.0,-0.003,0.0015,0.0015,-12.4
2.259,0.0007,0.0007,0.0,0.0045,-12.4
2.26,0.0,-0.0015,0.0,0.003,-12.4
2.261,0.0015,-0.0023,-0.0008,0.0007,-12.4
2.262,0.0022,-0.003,0.0,0.0022,-12.3
2.263,0.0007,-0.0008,0.0007,0.0037,-12.3
2.264,0.0015,0.0,0.0007,0.0052,-12.3
2.265,0.0007,-0.0015,0.0015,0.003,-12.3
2.266,0.0007,-0.0015,0.0015,0.0045,-12.3
2.267,0.0015,-0.003,0.0015,0.0067,-12.3
2.268,-0.0008,-0.0023,0.0022,0.0052,-12.2
2.269,-0.0046,-0.003,0.003,0.003,-12.2
2.27,-0.0053,-0.0008,0.0037,0.0015,-12.2
2.271,-0.0023,0.0,0.0015,0.0007,-12.2
2.272,-0.0023,0.0007,0.0022,0.0007,-12.2
2.273,-0.003,0.0015,0.003,-0.0015,-12.2
2.274,-0.0053,0.0007,0.0045,-0.003,-12.2
2.275,-0.0091,0.0007,0.0082,-0.0023,-12.2
2.276,-0.0068,0.0015,0.0105,-0.0008,-12.1
2.277,-0.003,0.0045,0.0105,-0.0023,-12.1
2.278,-0.003,0.006,0.0082,-0.0046,-12.1
2.279,0.0007,0.0037,0.0052,0.0007,-12.1
2.28,0.0067,0.0007,0.003,0.006,-12.1
2.281,0.0142,0.0007,0.003,0.0045,-12.1
2.282,0.0135,0.0015,0.003,0.003,-12.1
2.283,0.0045,0.0022,0.006,0.0015,-12.0
2.284,-0.0046,0.0015,0.0067,0.003,-12.0
2.285,-0.0105,-0.003,0.006,0.0007,-12.0
2.286,-0.0135,-0.0091,0.0075,-0.003,-12.0
2.287,-0.012,-0.0091,0.0067,-0.0015,-12.0
2.288,-0.0098,-0.006,0.0052,0.0,-12.0
2.289,-0.0053,-0.003,0.0067,-0.0008,-12.0
2.29,-0.0008,-0.003,0.0067,-0.0015,-11.9
2.291,0.0052,-0.0038,0.0075,-0.0038,-11.9
2.292,0.0075,-0.003,0.009,-0.0053,-11.9
2.293,0.003,0.0045,0.009,-0.0075,-11.9
2.294,0.0037,0.012,0.0067,-0.0083,-11.9
2.295,0.0022,0.012,0.0045,-0.0075,-11.9
2.296,0.0022,0.0082,0.0037,-0.0083,-11.9
2.297,0.003,0.0075,0.0015,-0.0068,-11.9
2.298,0.003,0.0045,0.0022,-0.0023,-11.8
2.299,0.0045,0.0007,0.0045,0.0007,-11.8
2.3,0.0045,-0.003,0.0045,0.0007,-11.8
2.301,0.0045,-0.0105,0.0052,-0.0008,-11.8
2.302,0.0037,-0.015,0.006,-0.0008,-11.8
2.303,0.003,-0.021,0.0052,0.0007,-11.8
2.304,0.003,-0.0263,0.0075,0.0007,-11.7
2.305,0.0015,-0.0285,0.0082,0.0015,-11.7
2.306,0.0015,-0.027,0.0067,0.0082,-11.7
2.307,0.0015,-0.0165,0.0045,0.0127,-11.7
2.308,0.0045,-0.0083,0.003,0.0142,-11.7
2.309,0.0037,-0.0023,0.0007,0.0157,-11.7
2.31,0.0015,0.003,0.0007,0.0157,-11.7
2.311,0.0007,0.0082,0.0015,0.0127,-11.7
2.312,-0.0008,0.0135,-0.0008,0.0127,-11.6
2.313,-0.0008,0.0142,-0.0023,0.0112,-11.6
2.314,0.0007,0.0112,-0.0015,0.0075,-11.6
2.315,0.0015,0.0112,-0.0015,0.0037,-11.6
2.316,-0.0008,0.0142,-0.0008,0.0007,-11.6
2.317,-0.0008,0.0172,-0.0023,-0.0015,-11.5
2.318,0.0007,0.0172,-0.0015,-0.0046,-11.5
2.319,0.0,0.009,-0.0015,-0.0068,-11.5
2.32,-0.0015,0.0007,-0.0008,-0.0083,-11.5
2.321,-0.0015,0.0007,-0.0008,-0.0105,-11.5
2.322,-0.0046,-0.0008,-0.0015,-0.0128,-11.5
2.323,-0.0046,-0.0015,-0.0015,-0.0143,-11.4
2.324,-0.0023,-0.0046,-0.0046,-0.0158,-11.4
2.325,-0.0046,-0.0083,-0.0015,-0.015,-11.4
2.326,-0.0015,-0.0091,-0.0046,-0.015,-11.4
2.327,0.0015,-0.0091,-0.0053,-0.0225,-11.4
2.328,0.0007,-0.0053,-0.003,-0.0203,-11.4
2.329,-0.0015,-0.003,-0.0046,-0.0068,-11.4
2.33,-0.0046,-0.0038,-0.003,-0.003,-11.4
2.331,-0.0023,-0.003,-0.0008,-0.0038,-11.4
2.332,-0.0008,-0.0046,0.0007,0.0015,-11.4
2.333,0.0007,-0.0053,0.0,0.003,-11.3
2.334,0.003,-0.003,0.0007,0.0037,-11.3
2.335,0.0015,-0.003,0.0052,0.003,-11.3
2.336,0.003,-0.003,0.0052,0.0045,-11.3
2.337,0.003,-0.003,0.0052,0.0045,-11.3
2.338,0.0,-0.003,0.0045,0.0007,-11.3
2.339,0.0007,-0.0015,0.0052,0.0015,-11.3
2.34,0.003,-0.0068,0.0052,0.0015,-11.3
2.341,0.003,-0.0083,0.0037,0.0007,-11.3
2.342,0.0045,-0.0015,0.0015,-0.0053,-11.3
2.343,0.0045,0.0037,-0.0008,-0.0158,-11.3
2.344,0.003,0.003,0.0007,-0.0105,-11.3
2.345,0.0052,0.0045,0.0022,0.0037,-11.2
2.346,0.0037,0.0127,0.0015,0.0067,-11.2
2.347,0.0007,0.0247,0.0007,0.0165,-11.2
2.348,0.0007,0.0315,-0.0015,0.0195,-11.2
2.349,0.0007,0.027,-0.0008,0.012,-11.2
2.35,0.0007,0.009,-0.0008,0.018,-11.2
2.351,0.0,-0.0091,-0.0008,0.0232,-11.2
2.352,-0.0023,-0.021,0.0015,0.0232,-11.1
2.353,-0.0046,-0.0323,0.003,0.0127,-11.1
2.354,-0.0023,-0.03,0.0037,0.0105,-11.1
2.355,-0.0015,-0.0165,0.0015,0.0142,-11.1
2.356,-0.0023,-0.0083,0.0007,0.009,-11.1
2.357,0.0007,-0.0038,0.0,0.006,-11.1
2.358,-0.0008,-0.0068,0.0,-0.0046,-11.1
2.359,-0.0015,-0.0128,0.0,-0.0091,-11.0
2.36,-0.0015,-0.012,-0.0008,-0.0105,-11.0
2.361,0.0007,-0.0068,-0.0008,-0.012,-11.0
2.362,0.003,-0.003,-0.0008,-0.0105,-11.0
2.363,0.0007,0.0,0.0015,-0.012,-11.0
2.364,-0.0008,0.0015,0.0015,-0.0105,-11.0
2.365,-0.003,0.003,0.0045,-0.0091,-11.0
2.366,-0.0046,0.003,0.0052,-0.006,-11.0
2.367,-0.0068,0.0015,0.0015,-0.003,-10.9
2.368,-0.0053,0.0007,0.0015,-0.0023,-10.9
2.369,-0.0015,0.003,-0.0008,-0.0023,-10.9
2.37,-0.0008,0.0045,0.0007,-0.003,-10.9
2.371,0.0,0.0015,0.003,-0.0038,-10.9
2.372,0.0015,0.003,0.0007,-0.0046,-10.9
2.373,0.0052,0.003,0.0007,-0.0046,-10.9
2.374,0.0067,-0.0008,0.0,-0.0038,-10.8
2.375,0.0022,-0.0015,-0.003,-0.0015,-10.8
2.376,-0.0008,-0.003,-0.0038,0.0007,-10.8
2.377,0.0067,-0.003,-0.0046,0.0015,-10.8
2.378,0.0195,-0.0015,-0.0023,0.0052,-10.8
2.379,0.0217,-0.0015,0.0,0.009,-10.8
2.38,0.0142,0.0007,0.0007,0.0082,-10.8
2.381,0.0052,0.0015,0.0015,0.0045,-10.8
2.382,-0.0023,0.0015,0.0015,0.0015,-10.8
2.383,-0.0105,0.0007,0.0015,0.0007,-10.8
2.384,-0.0143,0.003,0.0015,-0.0015,-10.8
2.385,-0.0143,0.0015,0.003,-0.0015,-10.8
2.386,-0.0135,0.0,0.0052,0.0007,-10.8
2.387,-0.0091,0.0007,0.0052,0.0015,-10.8
2.388,-0.003,0.0015,0.0045,0.0015,-10.7
2.389,0.0037,0.0015,0.0045,0.0007,-10.7
2.39,0.0015,0.0015,0.0022,0.0007,-10.7
2.391,-0.0046,0.0007,0.0007,-0.0023,-10.7
2.392,-0.0053,-0.0008,0.0045,-0.003,-10.7
2.393,-0.0046,-0.003,0.003,-0.0023,-10.7
2.394,-0.0038,-0.0038,-0.0008,0.0015,-10.7
2.395,-0.0008,-0.0038,0.0007,0.0052,-10.7
2.396,0.0007,-0.003,-0.0015,0.0022,-10.7
2.397,0.0052,-0.0015,0.0,-0.0075,-10.7
2.398,0.0067,-0.0008,0.0007,-0.0105,-10.6
2.399,0.0045,-0.0008,-0.003,0.0007,-10.6
2.4,0.0045,0.0007,-0.0015,0.0052,-10.6
2.401,0.0022,0.0007,-0.0008,0.0045,-10.6
2.402,0.0007,-0.0008,-0.0015,0.0045,-10.6
2.403,0.0007,0.0007,-0.0008,-0.0008,-10.6
2.404,0.0007,0.0,0.0,0.0007,-10.6
2.405,0.0015,0.0,0.0015,0.0007,-10.6
2.406,-0.0008,0.0,0.0037,0.0015,-10.6
2.407,0.0,-0.0015,0.003,0.0045,-10.6
2.408,-0.0008,-0.0015,-0.0015,0.0015,-10.6
2.409,-0.0023,-0.0015,-0.003,0.0007,-10.6
2.41,-0.0008,-0.0015,-0.003,-0.0008,-10.6
2.411,-0.0015,-0.0008,-0.0023,-0.003,-10.6
2.412,-0.0008,-0.003,0.0,-0.0046,-10.6
2.413,-0.0015,-0.0038,-0.0008,-0.0053,-10.6
2.414,-0.0008,-0.003,0.0015,-0.0038,-10.6
2.415,0.0007,-0.0023,0.0037,-0.0008,-10.6
2.416,-0.0008,-0.0015,0.0037,-0.0008,-10.6
2.417,0.0,-0.0023,0.0052,0.0,-10.6
2.418,0.0022,-0.003,0.0052,-0.0008,-10.6
2.419,0.0015,-0.003,0.0045,-0.0008,-10.6
2.42,0.0007,-0.003,0.0045,0.0007,-10.7
2.421,-0.0008,-0.003,0.0052,0.0015,-10.7
2.422,-0.0015,-0.003,0.0037,0.0007,-10.7
2.423,-0.003,-0.003,0.0007,0.0,-10.7
2.424,-0.0023,-0.003,0.0022,0.0007,-10.7
2.425,0.0,-0.0008,0.0045,0.0007,-10.7
2.426,-0.0008,0.0007,0.0037,0.0022,-10.7
2.427,-0.0008,0.0015,0.0045,0.003,-10.7
2.428,-0.0015,0.0007,0.0067,0.0045,-10.7
2.429,0.0,0.0,0.0075,0.0037,-10.7
2.43,0.0022,0.0007,0.0052,0.0037,-10.8
2.431,0.0022,0.0,0.0045,0.0052,-10.8
2.432,0.003,0.0,0.0037,0.0045,-10.8
2.433,0.0007,-0.0015,0.0045,0.006,-10.8
2.434,0.0,-0.0015,0.0052,0.003,-10.8
2.435,0.0022,0.0015,0.003,-0.0008,-10.8
2.436,0.0015,0.0015,0.0015,-0.003,-10.8
2.437,0.0015,0.0015,-0.0008,-0.003,-10.8
2.438,0.0007,0.0007,-0.0015,-0.0046,-10.8
2.439,0.0,0.0007,-0.0008,-0.0046,-10.8
2.44,0.0,0.0022,-0.003,-0.0023,-10.9
2.441,0.0007,-0.0008,-0.003,-0.0038,-10.9
2.442,0.0,0.0,-0.0008,-0.0038,-10.9
2.443,0.0,0.0,0.0007,-0.0023,-10.9
2.444,-0.0008,-0.0023,0.0052,-0.0008,-10.9
2.445,-0.0008,-0.0008,0.006,0.0007,-11.0
2.446,-0.0015,-0.0008,0.0037,-0.0008,-11.0
2.447,-0.0015,-0.0008,0.0045,0.0007,-11.0
2.448,-0.0015,-0.0008,0.0015,-0.0015,-11.0
2.449,0.0007,-0.0008,0.003,-0.0015,-11.1
2.45,0.0082,-0.0015,0.0007,0.0015,-11.1
2.451,0.0112,-0.003,-0.0015,0.0,-11.1
2.452,0.0105,-0.003,0.0,0.0,-11.2
2.453,0.009,-0.003,0.0,0.0015,-11.2
2.454,0.003,-0.003,-0.0015,-0.0008,-11.2
2.455,-0.0053,-0.0015,-0.0015,0.0007,-11.2
2.456,-0.0105,-0.003,-0.0023,-0.0008,-11.3
2.457,-0.015,-0.0046,-0.0023,-0.0023,-11.3
2.458,-0.0135,-0.003,-0.0023,-0.0015,-11.3
2.459,-0.0091,-0.003,-0.003,-0.0015,-11.3
2.46,-0.003,-0.003,-0.0046,-0.0008,-11.4
2.461,0.0097,-0.0015,-0.0015,0.0,-11.4
2.462,0.012,-0.0008,0.0015,-0.0015,-11.4
2.463,0.0052,-0.003,0.0045,0.0,-11.4
2.464,0.0,-0.003,0.0067,0.0007,-11.5
2.465,-0.0046,-0.003,0.0045,0.0,-11.5
2.466,-0.0053,-0.0046,0.0007,-0.0008,-11.5
2.467,-0.0038,-0.0046,0.0015,0.0,-11.6
2.468,0.0037,-0.0046,-0.0008,0.0015,-11.6
2.469,0.0052,-0.0038,0.0,0.0007,-11.6
2.47,0.0037,-0.0046,0.0007,0.0007,-11.7
2.471,0.0022,-0.003,0.003,0.0007,-11.7
2.472,-0.0008,-0.0023,0.0067,-0.0008,-11.7
2.473,-0.0015,-0.0038,0.0052,0.0007,-11.7
2.474,-0.0015,-0.0038,0.0075,0.0,-11.8
2.475,-0.0023,-0.003,0.0082,0.0007,-11.8
2.476,-0.0023,-0.0008,0.006,0.0022,-11.8
2.477,-0.003,-0.0008,0.0075,0.0007,-11.9
2.478,-0.003,-0.0008,0.0067,0.003,-11.9
2.479,-0.0046,-0.0008,0.0015,0.0022,-11.9
2.48,-0.003,-0.0015,-0.0053,0.0022,-12.0
2.481,-0.0015,0.0007,-0.0105,0.0052,-12.0
2.482,0.0007,0.0082,-0.0135,0.0015,-12.1
2.483,0.0015,0.0127,-0.0128,0.0007,-12.1
2.484,0.0,0.0112,-0.0091,0.0007,-12.2
2.485,-0.0015,0.0097,-0.0083,-0.003,-12.2
2.486,-0.003,0.0052,-0.003,-0.0046,-12.2
2.487,-0.0008,-0.0015,0.009,-0.0038,-12.2
2.488,-0.0015,-0.0046,0.0217,-0.003,-12.3
2.489,-0.0038,-0.0075,0.018,-0.0023,-12.3
2.49,-0.0023,-0.0113,0.003,-0.0023,-12.4
2.491,-0.0015,-0.0158,-0.006,-0.0008,-12.4
2.492,-0.0023,-0.0181,-0.0113,0.0015,-12.5
2.493,-0.0038,-0.0181,-0.0105,0.0015,-12.5
2.494,-0.0046,-0.0143,-0.0068,0.0037,-12.6
2.495,-0.0098,-0.0098,-0.003,0.0067,-12.6
2.496,-0.0135,-0.0023,0.0015,0.003,-12.6
2.497,-0.0105,0.0007,0.003,0.0015,-12.6
2.498,-0.0068,0.0015,0.0075,-0.0008,-12.7
2.499,-0.006,0.0045,0.0097,-0.0046,-12.7
2.5,-0.0046,0.0067,0.0105,-0.003,-12.8
2.501,-0.0023,0.0105,0.0082,-0.0038,-12.8
2.502,0.0,0.0097,0.003,-0.0046,-12.9
2.503,0.0045,0.009,0.003,-0.003,-12.9
2.504,0.0052,0.009,0.003,-0.0008,-13.0
2.505,0.006,0.0067,0.0015,-0.0008,-13.0
2.506,0.0052,0.003,0.0052,-0.0023,-13.1
2.507,0.0052,-0.0015,0.0052,-0.0046,-13.1
2.508,0.0067,-0.0015,0.0052,-0.0046,-13.1
2.509,0.0045,-0.0023,0.0045,-0.0015,-13.2
2.51,0.0067,-0.0046,0.0007,-0.0015,-13.3
2.511,0.0067,-0.0038,0.0,-0.003,-13.3
2.512,0.0075,-0.0015,0.0015,-0.0015,-13.4
2.513,0.0075,0.0015,0.0022,0.0015,-13.4
2.514,0.0067,0.0007,0.0022,0.0,-13.5
2.515,0.0052,-0.0023,0.0007,0.0015,-13.5
2.516,0.003,-0.0015,0.0007,0.003,-13.5
2.517,0.003,-0.0023,0.003,0.0037,-13.6
2.518,0.003,-0.0015,0.003,0.0045,-13.6
2.519,0.0045,-0.003,0.0067,0.003,-13.7
2.52,0.0037,-0.0008,0.006,0.0022,-13.8
2.521,0.0022,0.0015,0.0022,0.0022,-13.8
2.522,0.0015,0.0015,0.0015,0.0052,-13.9
2.523,0.0015,0.0067,-0.0008,0.003,-13.9
2.524,0.0007,0.0082,-0.0008,0.0015,-14.0
2.525,0.0,0.0037,-0.003,0.003,-14.0
2.526,-0.0015,0.0045,-0.0046,0.0045,-14.1
2.527,0.0007,0.0052,-0.003,0.0045,-14.1
2.528,-0.0008,0.0045,-0.0038,0.0015,-14.2
2.529,-0.003,0.0015,-0.003,-0.0015,-14.3
2.53,-0.0015,-0.0023,-0.003,0.0,-14.3
2.531,-0.0015,-0.0008,-0.0046,0.0015,-14.4
2.532,0.0007,0.0045,-0.003,0.0007,-14.4
2.533,0.0015,0.0052,0.0,0.003,-14.5
2.534,-0.0008,0.009,0.0007,0.0015,-14.5
2.535,-0.0015,0.0097,0.0007,-0.0015,-14.6
2.536,-0.0023,0.0082,0.0015,0.0007,-14.7
2.537,-0.0015,0.003,0.0045,-0.0008,-14.7
2.538,-0.0008,-0.0068,0.0052,-0.0015,-14.8
2.539,0.0007,-0.0158,0.0067,-0.0008,-14.9
2.54,0.0007,-0.0248,0.006,0.0,-14.9
2.541,0.0015,-0.0233,0.003,0.0007,-15.0
2.542,0.0015,-0.0165,0.0015,0.003,-15.0
2.543,0.0037,-0.012,0.003,0.0045,-15.1
2.544,0.0067,-0.0068,0.0067,0.003,-15.2
2.545,0.0082,-0.0038,0.0052,-0.0015,-15.3
2.546,0.0105,-0.0008,0.0052,-0.003,-15.3
2.547,0.012,0.0015,0.0067,-0.003,-15.4
2.548,0.012,0.0,0.0045,-0.0053,-15.5
2.549,0.0105,-0.0053,0.003,-0.0053,-15.6
2.55,0.009,-0.006,0.0007,-0.0046,-15.7
2.551,0.0082,0.0007,0.0,-0.0015,-15.8
2.552,0.0052,0.0015,0.003,-0.003,-15.8
2.553,0.0045,-0.0015,0.0022,-0.0046,-15.9
2.554,0.0022,-0.0053,0.0022,-0.0046,-16.0
2.555,-0.0008,-0.0068,0.0037,-0.0068,-16.1
2.556,-0.0008,-0.0083,0.003,-0.003,-16.1
2.557,-0.003,-0.0091,0.0,-0.0008,-16.2
2.558,-0.0038,-0.0083,-0.0008,0.0045,-16.3
2.559,-0.0053,-0.0046,0.0015,0.0045,-16.3
2.56,-0.0068,-0.0023,0.0022,0.0,-16.5
2.561,-0.006,0.0015,0.003,0.0015,-16.5
2.562,-0.0068,0.0045,0.0037,0.0,-16.6
2.563,-0.0053,0.0015,0.0015,0.0007,-16.7
2.564,-0.0046,0.0037,0.0015,0.0037,-16.8
2.565,-0.0046,0.0045,0.003,0.0037,-16.9
2.566,-0.0038,0.0037,0.003,0.003,-17.1
2.567,-0.0053,0.0015,0.0015,0.0045,-17.1
2.568,-0.003,0.0007,0.0,0.0052,-17.2
2.569,-0.0008,0.0,-0.0015,0.0015,-17.3
2.57,-0.0053,0.0,-0.0015,0.0007,-17.5
2.571,-0.0053,0.003,-0.0015,0.003,-17.6
2.572,-0.0038,0.003,0.0,0.0045,-17.6
2.573,-0.0038,-0.0008,0.0007,0.0037,-17.7
2.574,-0.003,-0.0015,0.0015,-0.0008,-17.8
2.575,-0.0046,0.0015,0.0015,0.0,-18.0
2.576,-0.0053,0.003,-0.0008,0.003,-18.0
2.577,-0.0046,-0.0015,-0.0015,-0.0023,-18.1
2.578,-0.003,-0.0091,-0.0015,-0.0053,-18.3
2.579,-0.0015,-0.0128,-0.0015,-0.0053,-18.4
2.58,-0.0015,-0.0083,0.0,-0.003,-18.5
2.581,-0.0015,0.0007,0.0,-0.0008,-18.6
2.582,0.0,0.0015,0.0,-0.003,-18.7
2.583,-0.0008,-0.0046,-0.0008,-0.003,-18.9
2.584,0.0007,-0.0053,0.0007,-0.0008,-19.0
2.585,0.0007,-0.0046,0.0007,-0.0015,-19.2
2.586,0.0,0.0007,-0.0015,0.0007,-19.4
2.587,-0.0008,0.0067,-0.003,0.0015,-19.5
2.588,0.0007,0.0112,-0.0046,0.0022,-19.6
2.589,0.0007,0.0105,-0.0053,0.0022,-19.8
2.59,0.0007,0.012,-0.0068,0.003,-19.9
2.591,0.0022,0.0127,-0.0053,0.003,-20.1
2.592,0.0037,0.0082,-0.0046,0.0052,-20.2
2.593,0.0045,0.009,-0.0046,0.0052,-20.3
2.594,0.0045,0.0045,-0.003,-0.0008,-20.5
2.595,0.0007,-0.0091,-0.003,-0.0053,-20.7
2.596,0.0,-0.0188,-0.003,-0.0091,-20.8
2.597,-0.0008,-0.0181,-0.0015,-0.0091,-20.9
2.598,0.0007,-0.0105,0.0007,-0.0068,-21.1
2.599,0.0007,-0.0038,0.0015,-0.003,-21.2
2.6,0.0015,0.0015,0.0007,0.0007,-21.4
2.601,0.0007,0.003,0.0007,0.0022,-21.6
2.602,-0.0023,0.0045,-0.0015,0.0052,-21.8
2.603,-0.003,0.0082,-0.0015,0.009,-22.0
2.604,-0.0046,0.0052,-0.003,0.0052,-22.2
2.605,-0.0038,-0.0008,-0.003,0.0045,-22.4
2.606,-0.0046,-0.003,-0.003,0.003,-22.6
2.607,-0.0038,-0.006,-0.0046,0.0015,-22.8
2.608,-0.0015,-0.0068,-0.0046,0.0015,-23.0
2.609,-0.0038,-0.003,-0.0053,-0.0008,-23.2
2.61,-0.0015,0.0007,-0.006,0.0015,-23.4
2.611,-0.0008,0.0007,-0.0053,0.0007,-23.6
2.612,0.0,-0.003,-0.0038,-0.0015,-23.9
2.613,0.0007,-0.0075,-0.006,-0.0015,-24.0
2.614,0.0007,-0.0068,-0.0053,-0.0008,-24.3
2.615,0.0022,-0.0023,-0.0038,-0.0015,-24.4
2.616,0.0015,-0.0015,-0.0023,-0.0015,-24.7
2.617,0.0045,-0.003,0.0007,-0.0015,-24.8
2.618,0.0052,-0.003,0.0007,-0.0023,-25.1
2.619,0.0045,0.0,0.003,-0.0008,-25.2
2.62,0.0052,-0.0008,0.006,-0.0008,-25.5
2.621,0.0052,-0.0015,0.0045,0.0007,-25.7
2.622,0.0022,0.0007,0.003,0.0022,-26.0
2.623,0.003,0.0,0.0022,0.003,-26.3
2.624,0.0037,-0.0008,-0.0008,0.003,-26.6
2.625,0.003,0.0,-0.0008,0.003,-26.9
2.626,0.003,-0.0008,0.0007,0.0015,-27.1
2.627,0.003,0.0007,0.0015,0.0,-27.4
2.628,0.0022,0.0022,0.0022,-0.0015,-27.7
2.629,0.0015,0.0015,0.003,-0.0046,-27.9
2.63,0.0007,-0.0008,0.0015,-0.0053,-28.3
2.631,-0.0008,-0.0008,0.003,-0.0046,-28.5
2.632,0.0007,-0.0015,0.0015,-0.0015,-28.8
2.633,0.0,-0.0015,0.0,0.0,-29.1
2.634,0.0007,0.0,0.0007,0.0015,-29.3
2.635,-0.0008,0.0007,0.0022,0.003,-29.6
2.636,-0.0008,-0.0015,0.0015,0.0007,-29.9
2.637,0.0007,-0.003,0.0015,0.0037,-30.2
2.638,0.0015,0.0007,-0.0008,0.0045,-30.5
2.639,0.0007,-0.003,-0.0015,0.0015,-30.7
2.64,0.0007,-0.0053,-0.0008,0.0,-31.1
2.641,0.003,-0.0046,-0.0008,-0.0015,-31.3
2.642,0.0015,-0.0053,-0.0015,-0.0015,-31.6
2.643,0.0,-0.0053,-0.0008,0.0022,-32.0
2.644,-0.0008,-0.0068,0.0015,0.0045,-32.3
2.645,0.0,-0.0053,0.0022,0.0022,-32.6
2.646,0.0007,-0.003,0.0022,0.0045,-32.9
2.647,0.0007,0.0015,0.0007,0.0067,-33.2
2.648,0.0015,0.003,0.0007,0.0075,-33.5
2.649,0.0015,-0.0008,0.003,0.0052,-33.8
2.65,0.0015,0.0007,0.0045,0.003,-34.1
2.651,0.0007,-0.0008,0.0052,-0.0008,-34.4
2.652,0.0,0.0007,0.0082,-0.0038,-34.7
2.653,0.0007,0.0007,0.009,-0.0038,-35.1
2.654,0.0007,-0.003,0.0082,-0.0046,-35.4
2.655,0.0015,-0.003,0.0105,-0.0046,-35.7
2.656,-0.0008,-0.003,0.0105,-0.0015,-36.0
2.657,-0.0008,-0.0023,0.009,0.0,-36.3
2.658,0.0007,-0.0015,0.0105,0.0007,-36.6
2.659,0.0007,-0.0015,0.0105,0.003,-36.9
2.66,-0.0008,0.0,0.0082,0.0037,-37.3
2.661,-0.0008,0.0007,0.0097,0.0022,-37.5
2.662,-0.003,0.0007,0.012,-0.0015,-37.8
2.663,-0.003,0.0007,0.012,-0.0038,-38.1
2.664,-0.0008,0.0007,0.0105,-0.0023,-38.4
2.665,-0.0015,-0.0023,0.0097,-0.003,-38.7
2.666,-0.0008,-0.003,0.009,-0.0015,-39.0
2.667,0.0,-0.0023,0.0075,-0.0015,-39.3
2.668,-0.0015,-0.003,0.0075,-0.0046,-39.6
2.669,-0.0008,-0.003,0.009,-0.0053,-39.9
2.67,-0.0015,-0.0015,0.009,-0.0046,-40.2
2.671,0.0007,-0.003,0.009,0.003,-40.5
2.672,0.0007,-0.0038,0.0082,0.0067,-40.8
2.673,-0.0015,-0.0038,0.009,0.0052,-41.1
2.674,0.0,-0.003,0.0082,0.0022,-41.4
2.675,-0.0008,0.0007,0.0082,-0.003,-41.7
2.676,-0.0008,0.0045,0.0075,-0.0023,-42.0
2.677,-0.0023,0.003,0.0067,-0.0023,-42.3
2.678,-0.0008,0.0007,0.0067,-0.0046,-42.6
2.679,-0.0008,0.0,0.0045,-0.0046,-42.9
2.68,-0.0008,-0.0008,0.0052,-0.0053,-43.2
2.681,0.0007,-0.003,0.0052,-0.0068,-43.5
2.682,-0.0008,-0.0075,0.0052,-0.0075,-43.8
2.683,-0.0008,-0.0091,0.0067,-0.003,-44.1
2.684,-0.0008,-0.0098,0.006,0.0007,-44.4
2.685,0.0007,-0.012,0.0052,0.0052,-44.6
2.686,-0.0008,-0.012,0.0052,0.0067,-44.9
2.687,-0.0008,-0.0068,0.003,0.0052,-45.2
2.688,-0.0015,-0.0015,0.0045,0.0082,-45.5
2.689,-0.0015,0.0007,0.0045,0.003,-45.8
2.69,-0.0015,0.0007,0.0045,0.003,-46.1
2.691,-0.0015,-0.0008,0.0045,0.0015,-46.4
2.692,0.003,-0.0015,0.0045,-0.0053,-46.7
2.693,0.0015,-0.0023,0.006,-0.0068,-46.9
2.694,-0.0008,0.0007,0.0067,-0.0068,-47.3
2.695,-0.0023,0.0015,0.006,-0.0053,-47.5
2.696,-0.003,-0.0023,0.0052,-0.0008,-47.8
2.697,-0.0023,-0.0038,0.0045,0.0007,-48.1
2.698,-0.0038,-0.0046,0.003,0.0007,-48.4
2.699,-0.0023,-0.003,0.0052,0.0007,-48.7
2.7,-0.003,-0.0023,0.0067,0.0015,-49.0
2.701,-0.0046,-0.0023,0.0052,-0.0008,-49.2
2.702,-0.0038,-0.0008,0.0052,-0.003,-49.5
2.703,-0.0023,-0.0008,0.0045,-0.0091,-49.8
2.704,-0.0015,-0.0008,0.003,-0.0143,-50.0
2.705,-0.0008,-0.0008,0.0015,-0.0128,-50.3
2.706,-0.0015,-0.0015,-0.0015,-0.0075,-50.5
2.707,-0.0015,-0.0008,-0.0023,-0.0113,-50.8
2.708,-0.0008,-0.0015,-0.0015,-0.0233,-51.1
2.709,0.0007,-0.0008,-0.0015,-0.0293,-51.3
2.71,0.0,0.0007,-0.0015,-0.021,-51.6
2.711,0.0007,0.0,-0.0023,-0.0128,-51.9
2.712,0.003,0.0,-0.003,-0.0008,-52.2
2.713,-0.0008,0.0007,-0.003,0.0157,-52.4
2.714,0.0007,0.003,-0.0046,0.0232,-52.7
2.715,0.0015,0.003,-0.006,0.0277,-53.0
2.716,0.0,0.0037,-0.0053,0.0247,-53.2
2.717,0.0007,0.0045,-0.0053,0.018,-53.5
2.718,-0.0015,0.003,-0.0046,0.0165,-53.7
2.719,-0.0038,0.0022,-0.0046,0.021,-54.0
2.72,-0.0046,0.0037,-0.0046,0.027,-54.3
2.721,-0.003,0.006,-0.003,0.0255,-54.5
2.722,-0.0015,0.0045,-0.0046,0.0225,-54.7
2.723,-0.0008,0.003,-0.0023,0.0202,-54.9
2.724,-0.0008,0.0052,-0.0008,0.0172,-55.2
2.725,0.0007,0.0015,-0.003,0.018,-55.4
2.726,-0.0008,0.0007,-0.0038,0.0142,-55.7
2.727,-0.0008,0.0007,-0.0038,0.009,-55.9
2.728,0.0007,0.0,-0.0038,0.009,-56.1
2.729,0.0015,-0.0008,-0.0046,0.0082,-56.3
2.73,0.003,-0.0015,-0.0046,0.0052,-56.6
2.731,0.0015,-0.0008,-0.0038,-0.0015,-56.8
2.732,0.0,-0.0008,-0.003,-0.0046,-57.1
2.733,-0.0008,-0.0008,-0.003,-0.0053,-57.3
2.734,0.0,-0.0008,-0.003,-0.0105,-57.5
2.735,0.0015,-0.0008,-0.0023,-0.012,-57.7
2.736,0.0015,0.0,-0.0046,-0.0143,-58.0
2.737,0.003,-0.0008,-0.0075,-0.015,-58.2
2.738,0.0052,-0.0008,-0.0053,-0.0135,-58.5
2.739,0.0037,0.0007,-0.0038,-0.012,-58.7
2.74,0.003,0.0022,-0.0038,-0.0091,-59.0
2.741,0.0052,0.0007,-0.0046,-0.0083,-59.1
2.742,0.003,-0.0008,-0.0053,-0.0053,-59.3
2.743,-0.0008,0.0007,-0.006,-0.0068,-59.5
2.744,-0.0015,0.0007,-0.0038,-0.006,-59.8
2.745,-0.0023,0.0,-0.0015,-0.0053,-59.9
2.746,-0.003,0.0007,-0.0008,-0.0083,-60.2
2.747,-0.0015,0.0,0.0007,-0.0113,-60.4
2.748,-0.0015,-0.0008,-0.0008,-0.0105,-60.6
2.749,-0.0038,-0.003,-0.003,-0.0068,-60.8
2.75,-0.0038,-0.0023,-0.0046,-0.006,-61.0
2.751,-0.003,-0.003,-0.0053,-0.0023,-61.2
2.752,-0.0015,-0.0038,-0.0046,-0.0023,-61.4
2.753,-0.0008,-0.0038,-0.0053,-0.003,-61.6
2.754,-0.0015,-0.0046,-0.0053,-0.0015,-61.8
2.755,-0.0015,-0.0038,-0.0046,0.0,-62.1
2.756,0.0007,-0.0038,-0.0038,-0.0015,-62.2
2.757,0.0007,-0.0046,-0.003,-0.0046,-62.5
2.758,0.003,-0.0046,-0.0046,-0.0046,-62.7
2.759,0.003,-0.0046,-0.0046,-0.0046,-62.9
2.76,0.0045,-0.0023,-0.003,-0.0008,-63.1
2.761,0.0037,0.0,-0.0023,0.0022,-63.2
2.762,0.003,-0.0015,-0.0046,0.0045,-63.4
2.763,0.0022,-0.0015,-0.0038,0.0045,-63.5
2.764,0.0015,-0.0015,-0.0015,0.0052,-63.7
2.765,0.003,-0.0015,-0.0046,0.0052,-63.9
2.766,0.0045,-0.0015,-0.0046,0.003,-64.0
2.767,0.0045,-0.0008,-0.0046,0.0022,-64.1
2.768,0.0045,-0.0015,-0.0046,0.0015,-64.3
2.769,0.0015,-0.0015,-0.0008,0.0007,-64.4
2.77,0.0007,-0.0015,0.0,0.003,-64.6
2.771,0.0,-0.0015,0.0015,0.003,-64.7
2.772,0.0,-0.003,0.0015,0.003,-64.9
2.773,-0.0008,-0.0023,-0.0008,0.0015,-65.0
2.774,-0.0008,-0.0015,0.0007,-0.0008,-65.2
2.775,0.0007,-0.0015,0.0007,-0.0008,-65.3
2.776,0.0015,-0.0015,0.0015,-0.0008,-65.5
2.777,0.0022,-0.0008,0.0015,0.0007,-65.6
2.778,0.0007,-0.0015,0.0015,-0.0008,-65.7
2.779,0.0,-0.003,0.003,-0.003,-65.9
2.78,0.0015,-0.0015,0.0045,-0.0015,-66.1
2.781,0.0037,-0.0015,0.0045,-0.0008,-66.1
2.782,0.0045,-0.003,0.0052,0.0,-66.2
2.783,0.0045,-0.003,0.0067,0.0015,-66.2
2.784,0.0052,-0.0015,0.006,0.0007,-66.3
2.785,0.003,-0.0015,0.0045,0.0007,-66.3
2.786,0.0,-0.0015,0.0052,0.0007,-66.4
2.787,0.0015,0.0,0.0067,0.0022,-66.4
2.788,0.0,0.0,0.0067,0.006,-66.5
2.789,-0.0015,0.0007,0.0045,0.0082,-66.6
2.79,-0.0008,0.0007,0.0052,0.0052,-66.6
2.791,-0.0008,-0.0008,0.0052,0.0052,-66.6
2.792,0.0007,-0.0008,0.0075,0.0045,-66.7
2.793,-0.0008,-0.0015,0.0067,0.0045,-66.8
2.794,0.0015,-0.0015,0.0052,0.0052,-66.8
2.795,0.0007,0.0007,0.0067,0.0022,-66.9
2.796,-0.0008,0.0007,0.0052,0.0022,-66.9
2.797,-0.003,0.0,0.0052,0.0007,-67.0
2.798,-0.003,-0.0008,0.0052,-0.0008,-67.1
2.799,-0.003,0.0,0.003,0.0015,-67.1
2.8,-0.0015,0.0007,0.0022,0.0015,-67.2
2.801,-0.0023,-0.0008,0.0022,-0.0008,-67.2
2.802,-0.0015,-0.0023,0.0015,-0.0046,-67.2
2.803,0.0007,-0.0038,0.0015,-0.003,-67.2
2.804,0.0,-0.0046,0.0015,-0.0068,-67.2
2.805,-0.0015,-0.006,0.0007,-0.0091,-67.3
2.806,-0.0023,-0.0046,0.0,-0.0053,-67.3
2.807,-0.003,-0.0046,-0.0008,-0.0046,-67.3
2.808,-0.0015,-0.0046,-0.0015,-0.0046,-67.4
2.809,-0.0023,-0.003,-0.0015,-0.0053,-67.4
2.81,-0.0046,-0.0023,-0.0008,-0.0053,-67.4
2.811,-0.006,-0.0015,-0.0008,-0.0038,-67.5
2.812,-0.006,-0.0008,0.0007,0.0007,-67.5
2.813,-0.003,-0.0015,0.0015,0.0045,-67.5
2.814,-0.0015,-0.0015,0.003,0.0082,-67.5
2.815,-0.0008,-0.0008,0.0045,0.0105,-67.5
2.816,0.0007,-0.0008,0.0037,0.0082,-67.6
2.817,0.0,-0.0008,0.006,0.0045,-67.6
2.818,0.0015,-0.0008,0.0067,0.0045,-67.6
2.819,0.0015,0.0015,0.0075,0.0037,-67.6
2.82,-0.0008,0.003,0.009,0.0015,-67.7
2.821,-0.0023,0.0007,0.0067,0.0015,-67.7
2.822,-0.0038,0.0,0.0067,0.003,-67.7
2.823,-0.0015,0.0007,0.0052,0.0007,-67.7
2.824,-0.0008,0.0015,0.0052,0.0015,-67.7
2.825,0.0,0.0007,0.0075,0.0015,-67.7
2.826,0.0022,-0.0008,0.0067,0.0007,-67.7
2.827,0.0037,-0.0008,0.0067,0.0015,-67.7
2.828,0.0037,-0.0015,0.006,0.0007,-67.7
2.829,0.003,-0.0008,0.0037,0.003,-67.7
2.83,0.0015,-0.003,0.003,0.0,-67.7
2.831,-0.0008,-0.003,0.003,0.0,-67.7
2.832,0.0007,-0.0015,0.0022,0.003,-67.7
2.833,0.0007,-0.0015,0.003,0.003,-67.7
2.834,0.0007,-0.003,0.003,0.0022,-67.7
2.835,0.0007,-0.0023,0.0007,0.003,-67.6
2.836,0.0007,-0.0015,0.0,-0.0008,-67.6
2.837,0.0007,-0.003,0.0007,-0.0038,-67.6
2.838,-0.0023,-0.003,0.0007,-0.0038,-67.6
2.839,-0.003,-0.0038,-0.0008,-0.0046,-67.6
2.84,-0.0008,-0.0023,-0.0008,-0.0008,-67.6
2.841,-0.003,-0.0023,0.0,-0.0023,-67.6
2.842,-0.003,-0.0008,0.0007,-0.0015,-67.5
2.843,-0.0023,0.0007,0.0015,-0.0015,-67.5
2.844,-0.0015,0.0,-0.0008,-0.0053,-67.5
2.845,-0.0015,0.0007,0.0007,-0.0053,-67.4
2.846,-0.0008,0.0007,0.003,-0.0046,-67.4
2.847,-0.0015,0.0007,0.0007,-0.003,-67.3
2.848,-0.0015,-0.0008,-0.0008,-0.0008,-67.3
2.849,-0.0015,0.0,-0.0008,-0.0008,-67.2
2.85,-0.0008,0.0015,-0.0015,0.0007,-67.2
2.851,-0.0015,0.0007,-0.0015,-0.0008,-67.1
2.852,-0.003,0.0007,-0.0015,-0.0015,-67.1
2.853,-0.0015,0.0007,0.0007,-0.0015,-67.1
2.854,-0.0015,0.0007,0.0,-0.0023,-67.0
2.855,-0.0046,0.0007,-0.0023,0.0,-67.0
2.856,-0.0083,0.0015,-0.003,0.0015,-66.9
2.857,-0.0075,0.0015,-0.0008,0.0,-66.9
2.858,-0.0068,0.0015,0.003,0.0,-66.8
2.859,-0.0053,0.0015,0.0015,0.0,-66.8
2.86,-0.0023,0.0015,0.0007,-0.0008,-66.7
2.861,-0.0023,0.0007,0.003,-0.0008,-66.6
2.862,0.0007,-0.0008,0.0015,-0.0008,-66.6
2.863,0.0007,0.0007,0.0022,-0.0015,-66.5
2.864,-0.0008,0.0015,0.0022,-0.0015,-66.4
2.865,0.0015,-0.0008,0.0015,-0.0015,-66.3
2.866,0.0045,-0.0015,0.003,-0.003,-66.2
2.867,0.0037,-0.0008,0.0045,-0.0008,-66.1
2.868,0.0045,-0.0015,0.0052,-0.0015,-66.0
2.869,0.003,-0.003,0.0045,0.0,-65.9
2.87,0.003,-0.003,0.0045,0.0022,-65.8
2.871,0.003,0.0,0.0045,0.0015,-65.7
2.872,0.0045,-0.0015,0.003,0.0,-65.6
2.873,0.0052,-0.003,0.0015,-0.003,-65.5
2.874,0.0045,-0.003,-0.0008,-0.0008,-65.4
2.875,0.003,-0.003,0.0015,-0.0008,-65.3
2.876,0.003,-0.0038,0.0007,0.0007,-65.3
2.877,0.0022,-0.0038,-0.0008,0.0007,-65.2
2.878,0.0015,-0.0038,0.0015,0.0007,-65.1
2.879,0.003,-0.0053,0.0,0.0015,-65.0
2.88,0.0015,-0.003,-0.0023,0.0015,-64.9
2.881,0.0022,-0.003,-0.0038,0.0015,-64.8
2.882,0.0015,-0.0046,-0.0015,-0.0008,-64.6
2.883,0.003,-0.0023,0.0007,-0.0008,-64.5
2.884,0.003,-0.0008,0.0015,-0.0008,-64.4
2.885,0.0007,-0.0008,0.003,-0.0008,-64.2
2.886,0.003,-0.0015,0.003,0.0007,-64.1
2.887,0.0045,-0.003,0.003,0.0,-63.9
2.888,0.003,-0.0038,0.003,-0.0008,-63.8
2.889,0.003,-0.006,0.0045,-0.0008,-63.7
2.89,0.0022,-0.0053,0.006,0.0022,-63.5
2.891,0.0007,-0.0023,0.003,0.0037,-63.4
2.892,-0.0008,-0.0008,0.0015,0.0007,-63.2
2.893,0.0007,-0.003,0.003,0.0,-63.1
2.894,-0.0008,-0.0046,0.0015,-0.0008,-63.0
2.895,-0.0008,-0.0023,0.0,-0.0023,-62.8
2.896,0.0007,0.0007,-0.0008,-0.0008,-62.7
2.897,-0.0015,0.0007,-0.0015,0.0007,-62.6
2.898,-0.0015,0.0,-0.0008,-0.0008,-62.4
2.899,0.0,0.0,0.0,0.0,-62.3
2.9,-0.0008,-0.0008,-0.0008,0.0007,-62.1
2.901,-0.0015,0.0007,0.0007,0.0,-62.0
2.902,-0.0015,0.0022,0.0015,-0.0008,-61.8
2.903,-0.0023,0.0015,0.0007,0.0,-61.6
2.904,-0.003,0.0,-0.0008,0.0,-61.4
2.905,-0.0008,-0.0015,-0.003,-0.0038,-61.2
2.906,-0.0008,-0.003,-0.0046,-0.0038,-61.1
2.907,-0.0008,-0.0038,-0.003,-0.003,-60.9
2.908,0.0007,-0.0023,-0.003,-0.003,-60.7
2.909,0.0,-0.0008,-0.003,0.0007,-60.5
2.91,0.0007,-0.0015,-0.003,0.0007,-60.3
2.911,0.0015,-0.0008,-0.0015,0.0,-60.1
2.912,0.0015,0.0007,0.0,-0.0008,-59.9
2.913,0.0007,0.0007,0.0007,0.0007,-59.8
2.914,-0.0008,-0.003,0.003,0.0007,-59.6
2.915,-0.0008,-0.0038,0.0045,-0.0008,-59.4
2.916,-0.0023,-0.003,0.0037,-0.0023,-59.2
2.917,-0.0038,-0.0015,0.0022,-0.0015,-59.0
2.918,-0.003,-0.003,0.0007,0.0007,-58.9
2.919,-0.0015,-0.0008,0.0022,-0.0008,-58.7
2.92,-0.0015,0.0015,0.0015,0.0,-58.5
2.921,-0.0008,-0.0008,0.0015,0.0015,-58.3
2.922,-0.0008,-0.0008,0.003,0.0052,-58.1
2.923,-0.0015,0.0022,0.0022,0.003,-57.8
2.924,-0.0015,0.0015,0.003,0.0007,-57.6
2.925,-0.0008,0.0015,0.0015,0.0007,-57.4
2.926,0.0,-0.0023,0.0007,-0.0015,-57.2
2.927,0.0015,-0.0083,0.0015,-0.0015,-57.0
2.928,0.0022,-0.0091,0.0,0.0,-56.7
2.929,0.0007,-0.006,0.0007,0.003,-56.5
2.93,0.0007,-0.0008,0.0015,0.0022,-56.3
2.931,0.0007,0.0022,0.003,0.003,-56.1
2.932,0.0007,0.003,0.0045,0.0022,-55.8
2.933,0.0015,0.0045,0.0045,0.0,-55.6
2.934,-0.0008,0.003,0.0075,-0.0008,-55.4
2.935,-0.0008,0.003,0.009,-0.0015,-55.2
2.936,0.0007,0.0045,0.0067,0.0007,-55.0
2.937,0.0015,0.0022,0.0045,0.0015,-54.8
2.938,0.0015,0.0007,0.0045,-0.0008,-54.5
2.939,0.0015,-0.0008,0.003,0.0,-54.3
2.94,0.003,0.0015,0.0037,0.0045,-54.1
2.941,0.0007,0.0052,0.003,0.0045,-53.8
2.942,0.0007,0.0052,0.003,0.0037,-53.6
2.943,0.0015,0.0067,0.003,0.003,-53.3
2.944,0.003,0.0015,0.0045,0.0007,-53.1
2.945,0.0022,-0.0068,0.0045,-0.0023,-52.8
2.946,-0.0015,-0.0083,0.0045,-0.0038,-52.6
2.947,-0.003,-0.0068,0.0045,-0.0008,-52.3
2.948,-0.0038,-0.0046,0.0052,0.0007,-52.1
2.949,-0.0023,-0.0015,0.0067,0.0022,-51.8
2.95,-0.0015,-0.0015,0.0052,0.0007,-51.5
2.951,-0.0015,-0.003,0.006,-0.0015,-51.3
2.952,-0.0008,-0.006,0.003,-0.0023,-51.0
2.953,0.0007,-0.0046,0.0007,-0.0053,-50.8
2.954,0.0015,-0.003,0.0007,-0.0046,-50.5
2.955,-0.0015,-0.0023,-0.0008,-0.0008,-50.3
2.956,-0.0023,-0.0008,-0.0015,0.0015,-50.0
2.957,-0.0015,-0.0008,-0.0038,0.0052,-49.8
2.958,-0.0038,-0.0015,-0.0046,0.0045,-49.5
2.959,-0.0023,-0.003,-0.0015,0.0022,-49.3
2.96,-0.0008,-0.0053,-0.0015,0.003,-49.0
2.961,-0.0008,-0.0068,-0.003,0.0007,-48.7
2.962,-0.0015,-0.0046,-0.0015,0.0015,-48.4
2.963,-0.0023,-0.0023,-0.003,0.0037,-48.2
2.964,-0.0023,0.0,-0.0038,0.0015,-47.9
2.965,-0.0015,0.0015,-0.003,-0.0008,-47.6
2.966,-0.0015,0.0015,-0.0015,-0.0015,-47.3
2.967,-0.0008,-0.003,-0.0008,-0.0015,-47.0
2.968,-0.0008,-0.0075,0.0007,-0.0008,-46.7
2.969,0.0007,-0.0068,0.0022,-0.0015,-46.4
2.97,0.0015,0.0007,0.0037,0.0,-46.1
2.971,0.0,0.006,0.0045,0.0022,-45.9
2.972,0.0007,0.0045,0.0045,0.0022,-45.6
2.973,-0.0015,-0.0015,0.0045,0.0022,-45.3
2.974,-0.0015,-0.0135,0.0037,-0.0008,-45.0
2.975,0.0022,-0.0158,0.0045,-0.003,-44.7
2.976,0.0015,-0.0068,0.0037,-0.003,-44.4
2.977,0.003,-0.0046,0.0007,-0.003,-44.1
2.978,0.0015,-0.0015,-0.0015,-0.0015,-43.9
2.979,0.0015,0.0015,-0.0015,-0.0008,-43.6
2.98,0.003,0.006,0.0007,0.0045,-43.3
2.981,0.003,0.0127,0.0015,0.0052,-43.0
2.982,0.0037,0.015,0.0015,0.0045,-42.7
2.983,0.0007,0.0082,0.0037,0.0037,-42.3
2.984,0.0,-0.003,0.0045,0.0,-42.0
2.985,-0.003,-0.0091,0.0067,0.0015,-41.7
2.986,-0.0068,-0.0098,0.006,0.0067,-41.4
2.987,-0.006,-0.0083,0.0045,0.009,-41.1
2.988,-0.003,-0.0068,0.003,0.0052,-40.8
2.989,0.0007,-0.0046,0.0007,0.0045,-40.5
2.99,0.009,0.003,-0.0015,0.0045,-40.1
2.991,0.012,0.0067,-0.0015,0.003,-39.8
2.992,0.0052,0.0052,0.0007,0.006,-39.5
2.993,-0.0008,0.0007,-0.0008,0.0007,-39.2
2.994,-0.0083,-0.012,-0.0053,-0.0075,-38.9
2.995,-0.0091,-0.0181,-0.0053,-0.0083,-38.6
2.996,-0.0053,-0.0128,-0.0038,-0.0075,-38.3
2.997,-0.0068,-0.0091,-0.0053,-0.0053,-37.9
2.998,-0.0038,-0.0046,-0.0053,-0.0046,-37.6
2.999,-0.0008,-0.0008,-0.006,-0.0015,-37.3
3.0,0.0007,0.0052,-0.003,0.0015,-37.0
3.001,0.0015,0.009,0.0,0.003,-36.7
3.002,0.0007,0.0142,-0.0015,0.0015,-36.4
3.003,0.0022,0.0165,-0.003,0.0007,-36.0
3.004,0.0007,0.015,0.0015,-0.0015,-35.7
3.005,0.003,0.0082,0.003,-0.003,-35.4
3.006,0.0052,-0.0053,0.0022,0.0,-35.1
3.007,0.003,-0.012,0.0052,-0.0023,-34.7
3.008,0.0045,-0.0158,0.003,-0.0046,-34.4
3.009,0.0037,-0.015,0.0045,-0.0046,-34.1
3.01,0.0007,-0.0135,0.0082,-0.0038,-33.8
3.011,0.0007,-0.0105,0.009,-0.0046,-33.4
3.012,-0.0008,-0.0053,0.0105,-0.0015,-33.1
3.013,0.0015,-0.0015,0.0052,-0.0015,-32.8
3.014,0.0045,0.0052,0.003,-0.0015,-32.5
3.015,0.0015,0.0082,0.0082,-0.0008,-32.2
3.016,-0.0038,0.0075,0.0082,0.0022,-31.9
3.017,-0.0068,0.0037,0.0045,0.0045,-31.5
3.018,-0.0053,-0.0046,0.003,-0.0008,-31.2
3.019,-0.003,-0.0068,-0.0008,-0.0023,-30.9
3.02,0.0007,-0.0083,-0.0023,-0.0015,-30.6
3.021,0.0045,-0.0075,-0.003,0.0015,-30.2
3.022,0.0097,-0.0023,-0.0075,0.0075,-29.9
3.023,0.0135,0.0007,-0.0105,0.0052,-29.6
3.024,0.012,0.003,-0.0113,0.0007,-29.2
3.025,0.009,0.0052,-0.0091,0.0,-28.9
3.026,0.0082,0.012,-0.0075,-0.0015,-28.6
3.027,0.0037,0.0165,-0.0046,0.0007,-28.2
3.028,0.0007,0.0142,0.0,0.0,-27.9
3.029,0.003,0.0142,0.0067,-0.003,-27.5
3.03,0.0015,0.009,0.0045,-0.0046,-27.2
3.031,-0.0053,0.003,-0.0053,-0.003,-26.9
3.032,-0.0098,0.0022,-0.0053,0.0007,-26.6
3.033,-0.012,-0.0023,-0.0015,-0.0015,-26.2
3.034,-0.0091,-0.0143,0.003,-0.0075,-25.9
3.035,-0.0083,-0.0233,0.0052,-0.0143,-25.6
3.036,-0.0075,-0.024,0.0052,-0.0143,-25.2
3.037,-0.0046,-0.0218,0.0045,-0.0068,-24.9
3.038,-0.0008,-0.0173,0.0067,-0.0053,-24.6
3.039,0.0052,-0.0143,0.0112,-0.0023,-24.2
3.04,0.0097,-0.0158,0.0082,0.0015,-23.9
3.041,0.009,-0.024,0.0105,-0.0023,-23.6
3.042,0.0052,-0.0263,0.015,-0.0113,-23.4
3.043,0.0022,-0.0143,0.009,-0.0008,-23.0
3.044,0.003,-0.0008,0.0022,0.0277,-22.8
3.045,0.0007,0.0052,0.0007,0.0472,-22.5
3.046,-0.006,0.0007,0.0052,0.033,-22.2
3.047,-0.0105,0.0007,0.0037,0.0067,-22.0
3.048,-0.0075,0.0187,0.0015,0.003,-21.6
3.049,0.0,0.0292,0.0007,0.003,-21.4
3.05,0.0105,0.0315,0.0015,0.0037,-21.1
3.051,0.0135,0.0307,0.0015,-0.0015,-20.8
3.052,0.0045,0.009,-0.0015,-0.0083,-20.6
3.053,0.0075,-0.0046,0.0015,-0.0113,-20.3
3.054,0.0255,-0.0015,0.0045,-0.0105,-20.0
3.055,0.0225,0.0,0.0127,-0.0053,-19.7
3.056,0.0022,-0.0053,0.0217,-0.0053,-19.4
3.057,-0.0128,-0.0203,0.0157,-0.006,-19.2
3.058,-0.0256,-0.0315,0.0067,-0.0173,-18.9
3.059,-0.0308,-0.0361,0.0,-0.0256,-18.6
3.06,-0.027,-0.0165,-0.0015,-0.0233,-18.3
3.061,-0.0225,-0.0068,-0.0015,-0.0181,-18.1
3.062,-0.015,-0.0165,-0.0098,-0.0135,-17.9
3.063,-0.0091,-0.0113,-0.0181,-0.0098,-17.7
3.064,-0.0023,-0.0015,-0.0181,0.0052,-17.5
3.065,0.0045,0.0202,-0.0091,0.012,-17.2
3.066,0.0015,0.0487,-0.003,0.0,-17.1
3.067,-0.0008,0.042,-0.0015,0.0007,-16.8
3.068,0.0,0.0322,0.0022,0.0202,-16.6
3.069,0.0007,0.0345,0.003,0.0307,-16.4
3.07,0.0052,0.012,0.0067,0.0345,-16.2
3.071,0.006,-0.0015,0.0217,0.033,-16.0
3.072,0.0052,-0.0315,0.024,0.0105,-15.8
3.073,0.0067,-0.0638,0.018,-0.012,-15.6
3.074,0.0037,-0.0525,0.009,-0.0173,-15.3
3.075,0.0015,-0.0256,-0.003,-0.015,-15.1
3.076,0.0007,-0.0008,-0.0053,-0.0203,-14.9
3.077,0.0007,0.0142,-0.0083,-0.0278,-14.7
3.078,0.006,0.021,-0.021,-0.0443,-14.5
3.079,0.0105,0.0067,-0.03,-0.048,-14.3
3.08,0.0127,-0.0083,-0.0323,-0.0533,-14.1
3.081,0.015,-0.006,-0.024,-0.0578,-14.0
3.082,0.018,0.0202,-0.0128,0.0352,-13.8
3.083,0.0112,0.0645,-0.0038,0.129,-13.7
3.084,0.0052,0.0765,0.0037,0.0772,-13.5
3.085,0.0,0.0547,0.0045,0.021,-13.4
3.086,-0.0091,0.039,0.0157,0.0037,-13.3
3.087,-0.0091,0.0067,0.0307,-0.0203,-13.1
3.088,-0.0068,-0.012,0.033,-0.0105,-13.0
3.089,-0.0053,-0.0323,0.0405,0.0,-12.9
3.09,-0.0008,-0.0765,0.0472,0.0142,-12.7
3.091,0.0007,-0.105,0.0277,0.0045,-12.6
3.092,0.0022,-0.0983,0.0052,-0.0046,-12.5
3.093,0.0022,-0.0293,-0.0143,0.027,-12.4
3.094,0.0045,0.0315,-0.0353,0.0502,-12.2
3.095,0.009,0.0367,-0.0398,0.045,-12.1
3.096,0.009,0.033,-0.0405,0.0127,-12.0
3.097,0.0075,0.018,-0.033,-0.0091,-11.8
3.098,0.0045,-0.0015,-0.0256,-0.024,-11.7
3.099,-0.003,-0.0053,-0.0181,-0.0308,-11.6
3.1,-0.0083,-0.0233,-0.0091,-0.0293,-11.4
3.101,-0.0038,-0.0293,-0.003,-0.0091,-11.4
3.102,-0.0015,-0.027,0.003,0.027,-11.3
3.103,-0.0015,-0.0203,0.006,0.036,-11.3
3.104,0.0067,0.006,0.0097,0.0352,-11.2
3.105,0.0067,0.027,0.012,0.0277,-11.1
3.106,0.003,0.0195,0.0127,0.0007,-11.1
3.107,-0.003,-0.0218,0.0127,-0.024,-11.0
3.108,-0.0195,-0.0691,0.0142,-0.0398,-11.0
3.109,-0.0436,-0.0975,0.0157,-0.0405,-10.9
3.11,-0.0428,-0.0885,0.0255,-0.0128,-10.8
3.111,0.0217,-0.054,0.0495,-0.0046,-10.8
3.112,0.0607,0.024,0.0345,-0.0008,-10.7
3.113,0.039,0.147,-0.003,0.0292,-10.7
3.114,0.0315,0.2092,-0.015,0.033,-10.6
3.115,0.0105,0.165,-0.015,0.0232,-10.5
3.116,-0.0098,0.069,-0.012,0.0007,-10.5
3.117,-0.0165,0.018,-0.0181,-0.0083,-10.4
3.118,-0.0263,0.0045,-0.0263,-0.0053,-10.4
3.119,-0.0195,-0.0173,-0.0263,-0.0135,-10.3
3.12,-0.0113,-0.0075,-0.0135,-0.0075,-10.3
3.121,-0.0158,-0.015,-0.0015,-0.0128,-10.3
3.122,-0.045,-0.0263,-0.006,-0.0143,-10.3
3.123,-0.0653,-0.0278,0.003,-0.0188,-10.3
3.124,-0.0511,-0.021,0.0045,-0.024,-10.3
3.125,-0.0278,-0.0105,0.0015,-0.0293,-10.3
3.126,0.012,-0.0158,0.0,-0.042,-10.3
3.127,0.0382,-0.0338,-0.0113,-0.0525,-10.3
3.128,0.0405,-0.063,-0.0053,-0.054,-10.3
3.129,0.0427,-0.0495,0.0007,-0.039,-10.3
3.13,0.0337,-0.0225,0.0075,-0.0233,-10.3
3.131,0.0247,0.0195,0.0142,0.0082,-10.3
3.132,0.0157,0.0585,0.0232,0.0262,-10.3
3.133,0.0097,0.0367,0.0277,0.0045,-10.3
3.134,0.009,-0.0203,0.018,-0.0158,-10.3
3.135,0.0067,-0.0698,0.0112,-0.0015,-10.3
3.136,0.0052,-0.045,0.003,0.0465,-10.3
3.137,-0.0023,0.0442,-0.0053,0.0817,-10.3
3.138,-0.0015,0.0967,-0.0083,0.0982,-10.3
3.139,0.0105,0.0802,0.0007,0.1065,-10.3
3.14,0.0142,0.0397,0.0157,0.0712,-10.3
3.141,0.0075,0.0345,0.036,0.0375,-10.3
3.142,-0.003,0.0315,0.0435,0.0067,-10.4
3.143,-0.0143,-0.0353,0.0052,-0.0135,-10.4
3.144,-0.0165,-0.0721,-0.0233,-0.0105,-10.5
3.145,-0.0165,-0.057,-0.0165,-0.0083,-10.6
3.146,-0.0113,-0.0405,0.0157,-0.0083,-10.6
3.147,-0.0083,-0.0533,0.0247,-0.0256,-10.7
3.148,-0.0075,-0.0585,0.0,-0.0278,-10.7
3.149,-0.0143,-0.0195,-0.0105,-0.0293,-10.8
3.15,-0.0488,0.0352,-0.0398,-0.0315,-10.8
3.151,-0.0548,0.0667,-0.0593,-0.0165,-10.9
3.152,-0.0263,0.0345,-0.0578,-0.0135,-11.0
3.153,-0.0068,0.0247,-0.0473,-0.0188,-11.0
3.154,0.018,0.0247,-0.024,-0.0181,-11.1
3.155,0.0345,0.0127,-0.0083,-0.0068,-11.2
3.156,0.0427,0.0007,0.012,-0.0023,-11.2
3.157,0.042,-0.0293,0.0165,-0.0113,-11.3
3.158,0.0285,-0.0488,0.0165,-0.0128,-11.3
3.159,0.018,-0.054,0.0127,0.0105,-11.4
3.16,0.0052,-0.0361,0.0082,0.036,-11.5
3.161,0.003,-0.03,0.0172,0.027,-11.6
3.162,0.0052,-0.0105,0.015,0.0142,-11.7
3.163,0.0037,0.024,0.018,0.0007,-11.8
3.164,-0.0053,0.0232,0.015,-0.0165,-11.9
3.165,-0.0068,0.012,0.0082,-0.015,-12.0
3.166,-0.006,0.0142,0.0082,-0.015,-12.1
3.167,-0.0128,0.018,0.0105,-0.0083,-12.2
3.168,-0.006,0.0165,0.0315,-0.0015,-12.3
3.169,-0.0015,0.006,0.0382,0.0015,-12.5
3.17,0.0015,-0.0225,0.0105,0.0097,-12.6
3.171,0.0015,-0.0256,-0.0068,0.015,-12.7
3.172,-0.0188,-0.0083,-0.0083,0.0045,-12.8
3.173,-0.0428,-0.012,0.006,-0.0046,-12.9
3.174,-0.045,-0.021,0.0247,-0.0015,-13.1
3.175,-0.0315,-0.0233,0.0202,-0.0083,-13.1
3.176,-0.0075,-0.0195,0.0052,-0.0083,-13.3
3.177,0.024,-0.012,-0.0285,-0.006,-13.4
3.178,0.0367,-0.0053,-0.0503,-0.0075,-13.5
3.179,0.0412,0.003,-0.0428,-0.0091,-13.6
3.18,0.0397,0.0135,-0.0338,-0.0158,-13.8
3.181,0.033,0.0142,-0.0158,-0.015,-13.8
3.182,0.0382,0.0097,-0.0008,-0.0113,-14.0
3.183,0.0487,0.0,0.012,-0.0165,-14.0
3.184,0.0502,-0.0083,0.021,-0.0188,-14.2
3.185,0.0202,-0.0023,0.0217,-0.0128,-14.3
3.186,-0.0285,0.0037,0.027,-0.0135,-14.4
3.187,-0.0683,0.0037,0.0382,-0.0105,-14.5
3.188,-0.0765,0.009,0.0457,-0.0068,-14.6
3.189,-0.0691,0.0067,0.024,0.0007,-14.7
3.19,-0.0555,0.0022,-0.0008,0.0052,-14.8
3.191,-0.0143,-0.0008,-0.024,0.0135,-14.9
3.192,0.0225,-0.0046,-0.0375,0.018,-15.0
3.193,0.0307,-0.0083,-0.0353,0.0165,-15.1
3.194,0.0172,-0.0098,-0.0383,0.0277,-15.3
3.195,-0.0008,-0.0091,-0.0338,0.0202,-15.3
3.196,-0.0091,-0.0091,-0.0323,0.0112,-15.4
3.197,-0.0053,-0.0083,-0.0203,0.0112,-15.6
3.198,0.0037,-0.006,0.0052,0.0142,-15.7
3.199,0.0142,-0.0038,0.018,0.0202,-15.8
3.2,0.021,-0.003,0.033,0.024,-15.9
3.201,0.0105,0.0007,0.0367,0.0195,-16.0
3.202,-0.0053,0.0,0.018,0.003,-16.2
3.203,-0.0128,-0.0038,-0.0008,-0.0046,-16.3
3.204,0.0037,-0.003,-0.0105,-0.0075,-16.4
3.205,0.0195,-0.003,-0.0008,-0.003,-16.5
3.206,0.0105,-0.0015,0.021,-0.0008,-16.7
3.207,0.0015,-0.003,0.0367,0.0045,-16.8
3.208,-0.012,-0.0038,0.0127,0.015,-16.9
3.209,-0.0188,0.003,-0.0105,0.0105,-17.1
3.21,-0.012,0.0045,-0.0135,0.0045,-17.2
3.211,-0.0046,0.0,-0.0256,0.0007,-17.3
3.212,0.0045,-0.0098,-0.0346,0.0007,-17.4
3.213,0.0105,-0.0128,-0.039,0.0,-17.6
3.214,0.0105,-0.006,-0.0338,-0.0008,-17.7
3.215,-0.0105,0.0045,-0.0308,0.0112,-17.8
3.216,-0.0218,0.0097,-0.024,0.0202,-18.0
3.217,0.0022,0.009,0.0045,0.0105,-18.0
3.218,0.0292,0.0067,0.024,-0.0091,-18.2
3.219,0.0367,-0.0023,0.027,-0.0135,-18.3
3.22,0.027,-0.0068,0.0225,-0.012,-18.5
3.221,0.0142,-0.0053,0.0202,-0.0143,-18.7
3.222,0.0097,-0.0008,0.012,-0.0158,-18.9
3.223,0.0135,0.0067,0.003,-0.0068,-19.1
3.224,0.0172,0.0142,0.0105,0.0165,-19.4
3.225,0.009,0.0187,0.0105,0.0255,-19.6
3.226,0.0052,0.0157,0.003,0.0165,-19.8
3.227,-0.0083,0.012,0.0105,-0.0015,-20.0
3.228,-0.0315,0.0105,0.0405,-0.0195,-20.3
3.229,-0.0458,0.009,0.0562,-0.0188,-20.5
3.23,-0.0436,0.009,0.0382,-0.0195,-20.7
3.231,-0.0195,0.0127,0.0292,-0.021,-21.0
3.232,0.0292,0.015,0.0382,-0.0083,-21.2
3.233,0.0667,0.018,0.0225,0.027,-21.4
3.234,0.0382,0.0195,-0.012,0.0465,-21.6
3.235,-0.0083,0.015,-0.0353,0.0247,-21.9
3.236,-0.0413,0.0112,-0.0465,0.006,-22.1
3.237,-0.0668,0.0045,-0.0346,0.0007,-22.3
3.238,-0.0653,0.0,-0.0225,-0.0113,-22.5
3.239,-0.0578,0.0015,-0.0158,-0.0158,-22.8
3.24,-0.0383,0.0015,-0.0091,-0.0173,-23.0
3.241,-0.0046,0.0015,-0.0068,-0.0128,-23.1
3.242,0.0255,0.0015,0.0075,-0.0098,-23.1
3.243,0.0345,-0.0008,0.0367,-0.0143,-23.2
3.244,0.024,-0.0023,0.063,-0.0165,-23.3
3.245,0.0127,-0.0046,0.0555,-0.0195,-23.4
3.246,-0.0008,-0.0053,0.0262,-0.0165,-23.4
3.247,-0.003,-0.0053,-0.0046,-0.0105,-23.5
3.248,0.0082,-0.0038,-0.0308,-0.0046,-23.6
3.249,0.0247,-0.0038,-0.033,-0.0038,-23.6
3.25,0.0315,-0.0068,-0.0218,0.003,-23.7
3.251,0.0232,-0.0046,-0.0128,0.0195,-23.8
3.252,0.0105,-0.0068,-0.0075,0.0247,-23.9
3.253,-0.0008,-0.0068,-0.0091,0.0135,-23.9
3.254,-0.003,-0.006,-0.0098,0.006,-24.0
3.255,-0.0098,-0.0083,-0.0158,0.0007,-24.1
3.256,-0.0143,-0.0083,-0.0218,-0.0083,-24.2
3.257,-0.0135,-0.0098,-0.012,-0.0083,-24.2
3.258,-0.0128,-0.0083,0.0007,-0.0068,-24.3
3.259,-0.012,-0.006,0.0082,-0.0105,-24.3
3.26,-0.0113,-0.0053,0.0142,-0.0165,-24.5
3.261,-0.012,-0.0068,0.018,-0.0181,-24.5
3.262,-0.0128,-0.0068,0.0142,-0.0165,-24.5
3.263,-0.006,-0.0083,0.0105,-0.0091,-24.4
3.264,-0.0015,-0.0105,0.0135,-0.003,-24.4
3.265,0.0052,-0.0098,0.0082,0.0022,-24.4
3.266,0.0135,-0.0105,0.0022,0.0187,-24.4
3.267,0.0127,-0.0098,0.0015,0.0195,-24.4
3.268,0.0195,-0.0083,-0.0008,0.0172,-24.4
3.269,0.018,-0.0091,0.0,0.0127,-24.4
3.27,0.0112,-0.0113,0.0,0.0082,-24.4
3.271,0.0045,-0.0105,-0.0046,0.0082,-24.4
3.272,-0.0015,-0.0113,0.0067,-0.0008,-24.4
3.273,0.0,-0.0128,0.0577,-0.0023,-24.3
3.274,-0.003,-0.012,0.0855,-0.0053,-24.3
3.275,-0.0068,-0.0105,0.0405,-0.0075,-24.3
3.276,-0.006,-0.0091,-0.0068,-0.003,-24.3
3.277,-0.006,-0.0113,-0.0458,-0.0053,-24.3
3.278,-0.0046,-0.0128,-0.0728,-0.0105,-24.3
3.279,-0.0008,-0.0128,-0.063,-0.0143,-24.3
3.28,0.0037,-0.0113,-0.0525,-0.0075,-24.3
3.281,0.0157,-0.0105,-0.0323,0.012,-24.2
3.282,0.0307,-0.0105,-0.012,0.0142,-24.1
3.283,0.0322,-0.0098,0.003,0.0037,-24.0
3.284,0.018,-0.0091,0.012,0.0015,-23.9
3.285,-0.0181,-0.0091,0.0052,0.0015,-23.8
3.286,-0.0361,-0.0083,0.0037,0.0045,-23.7
3.287,-0.0233,-0.0068,0.0007,0.003,-23.6
3.288,-0.0165,-0.0083,0.0127,-0.0038,-23.5
3.289,-0.0008,-0.006,0.027,-0.0008,-23.4
3.29,0.0195,-0.0053,0.027,-0.0068,-23.3
3.291,0.0195,-0.0008,0.0277,-0.0128,-23.2
3.292,0.0142,-0.0008,0.0165,-0.0143,-23.0
3.293,0.012,-0.0023,0.0067,-0.0105,-23.0
3.294,0.0277,0.0022,0.0037,-0.0075,-22.9
3.295,0.0352,0.0022,0.0067,-0.003,-22.7
3.296,0.0382,-0.0008,0.012,0.0105,-22.6
3.297,0.0315,-0.003,0.006,0.0075,-22.5
3.298,0.0022,-0.0053,0.0007,-0.0008,-22.5
3.299,-0.012,-0.0053,0.0045,0.0052,-22.3
3.3,-0.0083,-0.0038,0.0082,0.006,-22.2
3.301,0.0007,-0.0008,0.015,-0.0046,-22.2
3.302,0.0127,0.0007,0.0195,-0.0143,-22.2
3.303,0.009,0.0045,0.0037,-0.0008,-22.1
3.304,-0.0023,0.0067,-0.0091,0.0067,-22.1
3.305,-0.0068,0.0052,-0.0181,0.0,-22.1
3.306,-0.0105,0.0067,-0.0218,0.0037,-22.1
3.307,-0.0173,0.0075,-0.015,0.0082,-22.0
3.308,-0.0181,0.006,-0.006,0.0112,-22.0
3.309,-0.0158,0.0037,0.0322,0.006,-22.0
3.31,-0.0181,0.0037,0.0607,-0.0015,-21.9
3.311,-0.024,0.0045,0.0465,-0.0015,-21.9
3.312,-0.0143,0.0052,0.027,-0.003,-21.9
3.313,0.009,0.0082,-0.003,-0.003,-21.8
3.314,0.0105,0.009,-0.0195,-0.0008,-21.8
3.315,-0.0038,0.0075,-0.0015,0.0067,-21.7
3.316,-0.0233,0.0045,0.0075,0.0082,-21.7
3.317,-0.0308,0.003,-0.0105,0.0007,-21.7
3.318,-0.024,0.003,-0.0233,0.0,-21.6
3.319,-0.027,0.003,-0.0233,0.003,-21.6
3.32,-0.0203,0.0037,-0.021,0.0045,-21.6
3.321,-0.0105,0.0052,-0.027,0.0082,-21.6
3.322,-0.0068,0.006,-0.0315,0.0052,-21.6
3.323,-0.0015,0.0052,-0.0278,-0.0023,-21.6
3.324,0.003,0.0052,-0.0248,-0.0046,-21.6
3.325,0.0112,0.0052,-0.0098,-0.0053,-21.5
3.326,0.0105,0.0052,0.003,0.0007,-21.5
3.327,0.0075,0.0037,0.0247,0.0052,-21.5
3.328,0.0075,0.0037,0.0577,0.0022,-21.5
3.329,0.0067,0.0045,0.0487,0.0022,-21.5
3.33,0.009,0.0052,0.006,0.0007,-21.4
3.331,0.0127,0.0052,-0.0113,0.0045,-21.4
3.332,0.0195,0.0067,-0.0225,0.0045,-21.4
3.333,0.0225,0.0082,-0.024,0.0052,-21.4
3.334,0.0277,0.0097,-0.0091,0.012,-21.4
3.335,0.027,0.0067,-0.0091,0.0082,-21.4
3.336,0.018,0.0045,-0.0113,0.0045,-21.3
3.337,0.0127,0.0052,-0.015,0.0067,-21.3
3.338,0.009,0.0052,-0.0165,0.0067,-21.3
3.339,0.0015,0.0052,-0.0068,0.0045,-21.3
3.34,-0.0068,0.0022,-0.0023,-0.003,-21.3
3.341,-0.0091,-0.0008,0.0007,-0.0046,-21.3
3.342,-0.0135,0.0007,0.012,0.0015,-21.3
3.343,-0.0143,0.0007,0.0127,0.0022,-21.3
3.344,-0.0165,0.0007,0.006,0.0015,-21.3
3.345,-0.0203,0.0007,0.0045,-0.0008,-21.3
3.346,-0.015,-0.0008,0.0015,-0.0008,-21.3
3.347,-0.0098,-0.0008,0.0097,0.003,-21.3
3.348,-0.012,-0.0015,0.0427,0.0015,-21.3
3.349,-0.012,-0.0015,0.072,0.0007,-21.3
3.35,-0.0015,-0.0046,0.0607,-0.0038,-21.4
3.351,0.003,-0.0053,0.024,-0.006,-21.4
3.352,-0.0008,-0.0038,-0.0113,-0.0075,-21.4
3.353,-0.0008,-0.003,-0.048,-0.0128,-21.4
3.354,-0.003,-0.0046,-0.0578,-0.0105,-21.4
3.355,-0.0015,-0.0046,-0.0555,-0.0053,-21.4
3.356,-0.0015,-0.003,-0.0405,-0.0068,-21.4
3.357,-0.0038,-0.0038,-0.0195,-0.006,-21.4
3.358,0.0022,-0.003,-0.0158,-0.0038,-21.5
3.359,0.009,-0.0008,-0.0053,-0.0053,-21.5
3.36,0.0075,0.0007,0.0,0.0007,-21.5
3.361,0.009,0.0007,0.0022,0.009,-21.5
3.362,0.0067,0.003,0.0067,0.0105,-21.5
3.363,0.003,0.0037,0.012,0.003,-21.5
3.364,0.0045,0.003,0.021,0.0,-21.5
3.365,0.0037,0.0045,0.033,0.0015,-21.5
3.366,-0.0008,0.0022,0.036,0.0015,-21.5
3.367,-0.0158,0.0022,0.0217,-0.0008,-21.5
3.368,-0.0218,0.0015,0.021,-0.0053,-21.5
3.369,-0.0098,-0.0008,0.0307,-0.0053,-21.5
3.37,-0.0015,0.0007,0.0202,-0.0046,-21.5
3.371,0.0075,0.0007,-0.0091,-0.0008,-21.5
3.372,0.018,0.0015,-0.0285,-0.0023,-21.5
3.373,0.0255,0.0015,-0.0405,-0.0015,-21.5
3.374,0.0292,0.0007,-0.0488,0.0015,-21.5
3.375,0.0277,0.003,-0.0458,0.0007,-21.5
3.376,0.0292,0.0007,-0.0323,0.0052,-21.5
3.377,0.0285,-0.0023,-0.0143,0.0007,-21.5
3.378,0.0142,-0.003,0.0015,-0.0038,-21.5
3.379,-0.006,-0.0046,0.0187,-0.0053,-21.5
3.38,-0.03,-0.0038,0.0427,-0.0083,-21.5
3.381,-0.0375,-0.0053,0.0622,0.0007,-21.5
3.382,-0.0293,-0.0046,0.054,-0.0008,-21.5
3.383,-0.0248,-0.003,0.0517,-0.0075,-21.5
3.384,-0.0181,-0.003,0.0487,-0.0038,-21.5
3.385,-0.0098,-0.003,0.012,-0.0053,-21.5
3.386,0.0,-0.003,-0.0105,0.0082,-21.5
3.387,0.0135,-0.0015,-0.0218,0.0217,-21.5
3.388,0.024,-0.0023,-0.03,0.018,-21.6
3.389,0.0262,-0.0053,-0.033,0.0097,-21.6
3.39,0.0157,-0.0098,-0.0375,-0.0008,-21.6
3.391,0.0,-0.0091,-0.027,-0.0053,-21.6
3.392,-0.0105,-0.0083,-0.0181,-0.0053,-21.6
3.393,-0.0105,-0.006,-0.0053,-0.0046,-21.6
3.394,-0.0083,-0.0046,0.003,-0.0015,-21.6
3.395,-0.0091,-0.0053,0.0045,0.0007,-21.6
3.396,-0.0091,-0.0046,0.024,-0.0008,-21.6
3.397,-0.0098,-0.0046,0.0465,0.0007,-21.6
3.398,-0.0075,-0.003,0.0487,0.0022,-21.6
3.399,-0.003,-0.0023,0.0427,0.003,-21.6
3.4,0.0007,-0.0015,0.0292,-0.0008,-21.7
3.401,0.0,-0.0008,-0.0158,-0.0053,-21.7
3.402,-0.0008,-0.0008,-0.0398,-0.0091,-21.7
3.403,0.0007,-0.0008,-0.0518,-0.0068,-21.7
3.404,-0.0008,0.0,-0.0555,0.0037,-21.7
3.405,0.0015,-0.0008,-0.0405,0.0075,-21.7
3.406,0.0037,0.0007,-0.0308,0.0045,-21.7
3.407,0.0037,-0.003,-0.0113,0.003,-21.7
3.408,-0.0008,-0.0046,-0.0008,0.003,-21.7
3.409,-0.0053,-0.003,0.0067,-0.0008,-21.7
3.41,-0.0038,-0.003,0.0225,-0.0053,-21.7
3.411,-0.003,-0.0008,0.0232,0.0007,-21.7
3.412,0.0037,-0.0008,0.0195,0.0082,-21.7
3.413,0.009,-0.0015,0.018,0.0037,-21.7
3.414,0.0105,-0.003,0.0165,-0.0023,-21.7
3.415,0.009,-0.003,0.0165,-0.0023,-21.7
3.416,0.0037,-0.0015,0.0157,-0.0053,-21.7
3.417,-0.0015,-0.0023,0.0105,-0.012,-21.8
3.418,-0.0046,-0.0015,0.009,-0.0083,-21.8
3.419,0.0,-0.003,0.0067,0.0015,-21.8
3.42,0.0007,-0.003,0.0052,0.0097,-21.8
3.421,-0.0015,-0.003,0.0082,0.012,-21.8
3.422,-0.0068,-0.003,0.0067,0.0015,-21.8
3.423,-0.0135,-0.003,0.0067,-0.0023,-21.8
3.424,-0.0158,-0.003,0.009,0.0,-21.8
3.425,-0.0128,-0.0046,0.0052,0.0,-21.8
3.426,-0.0105,-0.0053,0.0052,0.0,-21.8
3.427,-0.006,-0.0046,0.0105,-0.0023,-21.8
3.428,-0.0053,-0.0053,0.009,0.0007,-21.8
3.429,-0.0083,-0.0053,0.0045,0.0022,-21.8
3.43,-0.0075,-0.0046,0.0045,0.0052,-21.7
3.431,0.0007,-0.0046,0.003,0.0052,-21.7
3.432,0.0105,-0.0046,0.0015,0.0022,-21.7
3.433,0.0127,-0.0046,0.0007,0.003,-21.7
3.434,0.012,-0.0075,-0.0008,0.003,-21.7
3.435,0.009,-0.0068,0.0007,0.0015,-21.7
3.436,0.009,-0.006,-0.003,-0.0008,-21.7
3.437,0.0067,-0.0046,-0.0038,0.0007,-21.7
3.438,0.003,-0.0053,-0.0015,-0.0015,-21.7
3.439,0.0022,-0.0046,0.0015,-0.0015,-21.7
3.44,-0.0015,-0.003,0.003,-0.0008,-21.7
3.441,-0.0068,-0.006,0.0045,-0.003,-21.7
3.442,-0.0128,-0.0068,0.009,-0.0015,-21.6
3.443,-0.0143,-0.0053,0.0045,-0.0008,-21.6
3.444,-0.0091,-0.003,0.0037,0.0007,-21.6
3.445,-0.0038,-0.0023,0.003,0.0007,-21.6
3.446,-0.0008,-0.003,-0.0008,-0.0023,-21.6
3.447,0.0007,-0.003,-0.0023,-0.0023,-21.6
3.448,0.0015,-0.0015,-0.0098,0.0007,-21.6
3.449,0.0,0.0,-0.0113,-0.0015,-21.6
3.45,0.0007,-0.0008,-0.0105,-0.0046,-21.5
3.451,0.0015,-0.0015,-0.0083,-0.0075,-21.5
3.452,-0.0015,-0.0023,-0.0068,-0.0068,-21.5
3.453,0.0,-0.0023,-0.0068,-0.0068,-21.5
3.454,0.006,-0.0008,-0.0038,-0.0038,-21.5
3.455,0.0082,-0.0015,-0.0008,0.0007,-21.5
3.456,0.0075,-0.0008,0.003,0.0015,-21.4
3.457,0.006,0.0007,0.0082,0.0015,-21.4
3.458,0.003,0.0007,0.0127,0.003,-21.4
3.459,0.0015,-0.0008,0.0082,0.0045,-21.4
3.46,0.0015,-0.0015,-0.0015,0.0037,-21.4
3.461,0.0037,-0.0015,-0.012,0.0045,-21.4
3.462,0.0075,-0.0015,-0.0181,0.0045,-21.3
3.463,0.0052,-0.0015,-0.0218,0.0015,-21.3
3.464,0.0022,0.0,-0.0233,0.0007,-21.3
3.465,0.0037,0.0,-0.0203,-0.0015,-21.3
3.466,0.0022,0.0007,-0.0165,-0.0046,-21.3
3.467,0.0022,0.0015,-0.0158,-0.0143,-21.3
3.468,0.0015,0.0045,-0.0143,-0.0188,-21.2
3.469,-0.0015,0.003,-0.0091,-0.0068,-21.2
3.47,-0.003,0.0022,-0.0083,-0.0046,-21.2
3.471,-0.0038,0.0015,-0.0015,-0.0046,-21.2
3.472,-0.0008,0.0,0.0022,0.0007,-21.2
3.473,0.0052,0.0007,0.0015,-0.003,-21.2
3.474,0.0037,0.0022,0.0045,0.0,-21.2
3.475,-0.0053,0.0015,0.006,0.003,-21.2
3.476,-0.0105,0.0,0.0105,0.0045,-21.1
3.477,-0.0128,0.0007,0.0127,0.0037,-21.1
3.478,-0.012,0.0007,0.0105,0.0,-21.1
3.479,-0.0091,0.0007,0.0127,0.0015,-21.1
3.48,-0.0068,0.0015,0.0105,0.0015,-21.1
3.481,-0.0046,0.003,0.0082,0.0015,-21.0
3.482,0.0022,0.0007,0.0105,0.0015,-21.0
3.483,0.0105,0.0,0.009,0.0,-21.0
3.484,0.0112,0.0007,0.009,0.0015,-21.0
3.485,0.0045,0.003,0.006,0.0022,-20.9
3.486,-0.0015,0.0045,0.0052,0.0045,-20.9
3.487,-0.0008,0.0037,0.009,0.0052,-20.9
3.488,-0.0008,0.0045,0.009,0.0037,-20.9
3.489,0.0007,0.0037,0.0082,0.0007,-20.8
3.49,0.0045,0.003,0.0097,0.0007,-20.8
3.491,0.0022,0.0045,0.0127,-0.0008,-20.8
3.492,0.003,0.0045,0.0172,-0.0038,-20.7
3.493,0.003,0.0037,0.018,-0.0068,-20.7
3.494,0.0052,0.003,0.015,-0.0105,-20.7
3.495,0.0052,0.003,0.0157,-0.0105,-20.7
3.496,0.003,0.0015,0.0142,-0.0046,-20.7
3.497,0.0007,0.0015,0.0142,0.0022,-20.7
3.498,0.0,0.0007,0.0165,0.003,-20.6
3.499,-0.0008,0.0,0.0127,0.0045,-20.6
3.5,-0.0008,0.0007,0.009,0.009,-20.6
3.501,-0.0008,-0.0008,0.0022,0.012,-20.5
3.502,-0.0008,-0.0023,-0.003,0.0127,-20.5
3.503,0.0,-0.003,-0.0038,0.012,-20.4
3.504,0.0007,-0.0038,-0.0053,0.0097,-20.4
3.505,0.003,-0.003,-0.0046,0.006,-20.3
3.506,0.0037,-0.0023,-0.0008,0.0037,-20.3
3.507,0.0037,-0.003,-0.003,0.006,-20.3
3.508,0.0037,-0.0046,-0.0023,0.0045,-20.2
3.509,0.003,-0.0046,0.0,0.0,-20.2
3.51,0.003,-0.0046,-0.0015,0.0007,-20.1
3.511,0.0015,-0.0053,-0.0015,-0.0015,-20.1
3.512,0.0007,-0.0053,-0.003,-0.0038,-20.1
3.513,-0.0015,-0.0053,-0.003,-0.0053,-20.0
3.514,-0.0046,-0.0046,-0.0015,-0.0083,-20.0
3.515,-0.0068,-0.003,-0.0015,-0.0098,-19.9
3.516,-0.006,-0.0023,-0.0023,-0.0113,-19.9
3.517,-0.0046,-0.0023,-0.0015,-0.0075,-19.8
3.518,-0.0046,-0.0023,-0.0015,-0.0015,-19.8
3.519,-0.0015,0.0007,-0.0015,0.003,-19.8
3.52,0.0007,0.0,-0.0015,0.0082,-19.7
3.521,-0.0008,-0.0008,-0.0015,0.009,-19.7
3.522,0.0015,-0.0008,0.0007,0.0097,-19.6
3.523,0.0022,-0.0015,0.0007,0.0082,-19.6
3.524,0.0007,-0.0038,-0.0023,0.0067,-19.6
3.525,0.0045,-0.003,-0.0046,0.0045,-19.5
3.526,0.0067,-0.003,-0.0015,0.003,-19.5
3.527,0.0,-0.0015,0.0,0.0022,-19.4
3.528,-0.003,-0.0015,-0.0015,0.0007,-19.4
3.529,-0.003,-0.0046,-0.0038,-0.0015,-19.4
3.53,-0.0023,-0.0038,-0.0046,-0.0046,-19.4
3.531,0.0015,-0.0046,-0.0053,-0.0053,-19.3
3.532,0.0067,-0.0038,-0.0038,-0.0046,-19.3
3.533,0.009,-0.003,0.0,-0.0038,-19.3
3.534,0.0067,-0.003,-0.0008,-0.0038,-19.2
3.535,0.0015,-0.0038,-0.0038,-0.0038,-19.2
3.536,-0.0046,-0.0053,-0.0053,-0.0053,-19.1
3.537,-0.0128,-0.0083,-0.0053,-0.0083,-19.1
3.538,-0.0203,-0.0083,-0.003,-0.0083,-19.1
3.539,-0.0181,-0.0075,-0.0046,-0.0083,-19.0
3.54,-0.0083,-0.0083,-0.0038,-0.0083,-19.0
3.541,-0.003,-0.0053,-0.0015,-0.006,-18.9
3.542,-0.003,-0.0023,-0.0008,-0.0053,-18.9
3.543,0.0,0.0,0.0015,-0.0015,-18.9
3.544,0.0037,0.0007,-0.0008,-0.0008,-18.8
3.545,0.0052,0.0007,-0.0023,-0.0008,-18.7
3.546,0.003,0.0015,-0.0015,-0.003,-18.7
3.547,0.0022,0.0015,-0.0008,-0.0083,-18.6
3.548,0.0015,-0.0008,-0.0008,-0.0083,-18.6
3.549,0.0015,-0.0008,-0.0008,-0.0053,-18.5
3.55,0.003,0.0007,-0.0008,-0.0046,-18.5
3.551,0.0022,0.0007,0.0007,0.0007,-18.5
3.552,0.0007,0.0022,0.0007,0.0067,-18.4
3.553,0.0037,0.0045,-0.0008,0.009,-18.4
3.554,0.0052,0.0045,0.0015,0.0067,-18.3
3.555,0.0075,0.003,0.0007,0.009,-18.2
3.556,0.0142,0.0022,0.0022,0.012,-18.2
3.557,0.0157,0.0022,0.0015,0.0105,-18.1
3.558,0.0075,0.0007,-0.0008,0.0097,-18.1
3.559,-0.0023,0.0015,0.0007,0.009,-18.0
3.56,-0.0105,0.0022,0.0,0.0082,-18.0
3.561,-0.012,0.003,-0.0023,0.0052,-18.0
3.562,-0.012,0.0037,-0.003,0.0037,-17.9
3.563,-0.012,0.0037,-0.0015,0.0022,-17.9
3.564,-0.006,0.0045,-0.0008,0.0075,-17.8
3.565,-0.0008,0.0037,0.012,0.012,-17.8
3.566,0.0082,0.0015,0.033,0.006,-17.7
3.567,0.012,0.0015,0.0307,0.0022,-17.7
3.568,0.006,0.0015,0.0037,0.003,-17.6
3.569,-0.0008,-0.0008,-0.0135,-0.0008,-17.6
3.57,-0.0008,-0.0023,-0.0293,-0.0023,-17.6
3.571,0.0,-0.0008,-0.033,0.0,-17.6
3.572,-0.0008,-0.0008,-0.0233,-0.0008,-17.5
3.573,0.0022,0.0007,-0.0195,-0.0008,-17.5
3.574,0.0015,0.0015,-0.0113,-0.0015,-17.4
3.575,-0.0008,0.0,-0.0038,-0.0023,-17.4
3.576,-0.003,0.0007,0.0075,-0.0053,-17.3
3.577,-0.003,0.0,0.0142,-0.0053,-17.3
3.578,-0.003,-0.0015,0.009,-0.0046,-17.2
3.579,-0.0023,-0.0023,0.009,-0.0038,-17.2
3.58,0.0,-0.003,0.0037,-0.0023,-17.1
3.581,0.0007,-0.0015,0.0015,-0.0008,-17.1
3.582,0.0,-0.003,0.0,0.003,-17.1
3.583,0.0007,-0.0053,-0.0046,0.006,-17.1
3.584,0.0007,-0.003,-0.0015,0.003,-17.0
3.585,0.0007,-0.0038,-0.0046,-0.003,-17.0
3.586,0.0,-0.003,-0.0023,-0.0105,-16.9
3.587,0.0,0.0015,0.0015,-0.0068,-16.9
3.588,-0.0015,0.0022,0.0007,0.0052,-16.9
3.589,-0.0038,0.0015,0.003,0.0022,-16.8
3.59,-0.0015,0.0007,0.0067,0.0,-16.8
3.591,0.0007,-0.0015,0.009,-0.0008,-16.7
3.592,0.0,-0.0015,0.0082,-0.0053,-16.7
3.593,0.0015,-0.0038,0.0105,-0.0015,-16.7
3.594,0.0022,-0.003,0.0097,-0.0046,-16.7
3.595,0.0015,-0.003,0.0105,-0.006,-16.6
3.596,-0.0008,-0.0046,0.0112,-0.0053,-16.6
3.597,-0.0015,-0.0053,0.0112,-0.006,-16.5
3.598,-0.0015,-0.006,0.0165,-0.003,-16.5
3.599,-0.0008,-0.0053,0.0195,-0.0046,-16.5
3.6,0.0,-0.0068,0.0142,-0.003,-16.4
3.601,-0.0008,-0.0068,0.0075,-0.0015,-16.4
3.602,0.0022,-0.0053,0.003,-0.0008,-16.4
3.603,0.0015,-0.0046,-0.0008,0.0007,-16.3
3.604,-0.0008,-0.003,-0.003,0.0015,-16.3
3.605,-0.0008,-0.0015,-0.003,0.0015,-16.2
3.606,0.0007,-0.0008,-0.0008,0.0,-16.2
3.607,0.0007,-0.0046,0.0015,-0.0008,-16.2
3.608,-0.0008,-0.0053,-0.0008,0.0007,-16.2
3.609,-0.0008,-0.0046,0.0007,0.0007,-16.1
3.61,-0.0046,-0.0046,0.0007,0.0015,-16.1
3.611,-0.006,-0.0023,0.0045,0.0037,-16.1
3.612,-0.003,-0.0015,0.0105,0.0045,-16.0
3.613,-0.0023,0.0007,0.0082,0.0067,-16.0
3.614,-0.0008,-0.0008,0.0082,0.003,-16.0
3.615,-0.0015,-0.0015,0.009,0.003,-15.9
3.616,-0.0008,-0.0015,0.0082,0.0015,-15.9
3.617,0.0015,-0.0008,0.0082,0.0,-15.8
3.618,0.0045,-0.0008,0.0217,0.0022,-15.8
3.619,0.0127,-0.0015,0.0465,-0.0008,-15.8
3.62,0.015,0.0007,0.039,-0.0008,-15.8
3.621,0.009,0.003,0.012,0.0045,-15.7
3.622,0.0007,0.0022,-0.006,0.0067,-15.7
3.623,-0.0068,0.0022,-0.027,0.0045,-15.7
3.624,-0.0113,0.0015,-0.0346,0.003,-15.6
3.625,-0.012,0.0007,-0.039,0.0015,-15.6
3.626,-0.0113,0.0007,-0.0368,0.003,-15.5
3.627,-0.0075,0.0007,-0.0195,0.0045,-15.5
3.628,-0.003,0.0007,-0.0128,0.003,-15.5
3.629,0.0037,0.0015,-0.0068,0.0037,-15.4
3.63,0.0082,0.0015,-0.0046,0.0045,-15.4
3.631,0.003,0.0007,-0.0053,0.0045,-15.4
3.632,-0.0008,0.0015,-0.0008,0.0045,-15.3
3.633,0.0,0.0007,0.0045,0.0045,-15.3
3.634,0.0,-0.0008,0.0067,0.0045,-15.3
3.635,0.0022,0.0007,0.0067,0.0007,-15.3
3.636,0.0045,0.0007,0.0052,0.0,-15.2
3.637,0.0067,0.0007,0.0045,0.0007,-15.2
3.638,0.006,0.0007,0.0067,0.0007,-15.1
3.639,0.003,-0.0008,0.0097,0.0007,-15.1
3.64,-0.0008,-0.0008,0.015,-0.0008,-15.1
3.641,-0.003,0.0007,0.0172,-0.0015,-15.0
3.642,-0.003,-0.0015,0.012,-0.0038,-15.0
3.643,-0.0046,-0.0008,0.0105,-0.0053,-15.0
3.644,-0.0053,-0.0008,0.0082,-0.0015,-14.9
3.645,-0.0046,-0.0015,0.003,0.0015,-14.9
3.646,0.0,-0.003,-0.0015,0.0037,-14.9
3.647,-0.0008,-0.0046,-0.0053,0.0007,-14.9
3.648,0.003,-0.003,-0.0075,-0.0008,-14.8
3.649,0.0082,-0.0046,-0.0105,0.0,-14.8
3.65,0.0052,-0.0053,-0.0143,0.0007,-14.7
3.651,0.003,-0.0053,-0.0075,-0.003,-14.7
3.652,0.0037,-0.006,0.0112,-0.0068,-14.7
3.653,0.0007,-0.0046,0.0262,-0.003,-14.6
3.654,-0.0008,-0.003,0.0202,-0.0023,-14.6
3.655,-0.0023,-0.0046,0.0067,-0.003,-14.6
3.656,-0.0015,-0.0053,-0.0046,-0.003,-14.5
3.657,-0.0015,-0.0053,-0.0173,-0.0128,-14.5
3.658,-0.003,-0.0046,-0.0203,-0.0165,-14.4
3.659,-0.0015,-0.0023,-0.0195,-0.0046,-14.4
3.66,0.0,-0.0008,-0.0165,0.0015,-14.4
3.661,0.003,0.0007,-0.0105,0.0007,-14.4
3.662,0.0015,0.0015,-0.0075,0.0007,-14.4
3.663,0.0015,0.0007,-0.0053,0.0007,-14.3
3.664,0.0007,0.0007,-0.0046,0.0052,-14.3
3.665,-0.0008,0.0037,0.0007,0.0045,-14.2
3.666,0.0015,0.0015,0.0075,0.0007,-14.2
3.667,0.0022,-0.0075,0.009,-0.0008,-14.2
3.668,0.0015,-0.0128,0.0097,-0.0023,-14.1
3.669,0.0007,-0.0128,0.0105,-0.0046,-14.1
3.67,-0.0015,-0.0128,0.012,-0.0023,-14.0
3.671,-0.0023,-0.006,0.0142,0.0015,-14.0
3.672,-0.003,0.0022,0.0157,0.0022,-14.0
3.673,0.0007,0.0105,0.018,0.0082,-14.0
3.674,0.009,0.0195,0.0262,0.0045,-14.0
3.675,0.0127,0.021,0.0367,-0.0075,-13.9
3.676,0.012,0.0105,0.027,-0.0038,-13.9
3.677,0.0082,0.0007,0.009,-0.0015,-13.8
3.678,0.0015,-0.0008,-0.0046,-0.0053,-13.8
3.679,-0.0053,-0.0046,-0.0203,-0.0046,-13.8
3.68,-0.0083,-0.003,-0.0293,-0.0046,-13.7
3.681,-0.0098,-0.0023,-0.0383,-0.0008,-13.7
3.682,-0.006,-0.003,-0.0383,0.006,-13.6
3.683,0.0045,-0.0008,-0.0285,0.0052,-13.6
3.684,0.0157,-0.0015,-0.0233,0.003,-13.6
3.685,0.012,-0.0015,-0.0128,0.003,-13.5
3.686,-0.0053,-0.003,-0.0113,0.0015,-13.5
3.687,-0.0143,-0.0008,-0.0098,0.0015,-13.5
3.688,-0.0091,-0.0038,-0.003,-0.0015,-13.4
3.689,-0.003,-0.0038,0.003,-0.0046,-13.4
3.69,-0.0053,-0.0015,0.0135,-0.0046,-13.3
3.691,-0.0083,-0.003,0.0202,-0.003,-13.3
3.692,-0.0023,-0.0046,0.0202,0.0007,-13.3
3.693,-0.0015,-0.0046,0.0202,0.0007,-13.2
3.694,0.0015,-0.0038,0.0232,0.0022,-13.2
3.695,0.0007,-0.0038,0.027,0.0007,-13.1
3.696,-0.0015,0.0015,0.0262,0.0007,-13.1
3.697,0.0007,0.0052,0.0195,0.0007,-13.1
3.698,0.0007,0.006,0.0105,-0.0015,-13.1
3.699,0.0022,0.003,0.0052,-0.0046,-13.0
3.7,0.0015,0.0022,0.0037,-0.0046,-13.0
3.701,0.0015,0.0037,0.0045,0.0,-12.9
3.702,0.0007,0.0015,0.0052,-0.0023,-12.9
3.703,-0.0008,-0.0083,0.0067,-0.0015,-12.9
3.704,0.0007,-0.0128,0.0127,0.0052,-12.9
3.705,0.0007,-0.0083,0.0142,0.0067,-12.8
3.706,0.0015,-0.0023,0.0067,0.0007,-12.8
3.707,0.0,-0.0008,0.0007,0.0,-12.8
3.708,-0.0015,-0.003,-0.0023,-0.0008,-12.8
3.709,-0.0008,-0.0068,-0.0053,-0.003,-12.7
3.71,0.0007,-0.0098,-0.0053,-0.0015,-12.7
3.711,0.0022,-0.0113,-0.0046,-0.0023,-12.7
3.712,0.0022,-0.0083,-0.0038,0.0,-12.6
3.713,0.0007,-0.0053,-0.0023,0.0007,-12.6
3.714,0.0015,-0.0046,-0.0068,0.0,-12.6
3.715,0.003,-0.003,-0.0091,0.0,-12.6
3.716,0.0015,-0.0015,-0.0046,-0.0015,-12.6
3.717,-0.0008,-0.0015,0.0075,0.0,-12.6
3.718,-0.0023,-0.0015,0.0112,-0.003,-12.5
3.719,-0.0008,0.0007,0.009,-0.0015,-12.5
3.72,-0.003,0.0,0.009,-0.0008,-12.5
3.721,-0.0023,0.0015,0.0015,0.0,-12.5
3.722,-0.0015,0.0015,-0.0015,-0.0008,-12.4
3.723,-0.003,0.0015,-0.0023,-0.0023,-12.4
3.724,-0.0008,0.0015,-0.0068,0.0,-12.4
3.725,-0.0023,0.0,-0.0053,0.003,-12.4
3.726,-0.0008,0.0,-0.0083,0.0052,-12.4
3.727,-0.0023,0.0015,-0.0083,0.0022,-12.4
3.728,-0.0015,0.0015,-0.0068,-0.0015,-12.4
3.729,-0.0008,0.0,-0.003,-0.003,-12.3
3.73,-0.0008,0.0007,0.0022,-0.003,-12.3
3.731,0.0007,0.0007,0.003,-0.0015,-12.3
3.732,-0.0008,-0.0008,0.0052,-0.0023,-12.3
3.733,-0.0008,-0.0023,0.006,-0.003,-12.3
3.734,0.0,-0.0023,0.006,-0.0023,-12.3
3.735,0.0007,-0.003,0.0067,-0.0015,-12.2
3.736,-0.0008,-0.0015,0.0045,0.0007,-12.2
3.737,0.0007,0.0007,0.0045,0.0022,-12.2
3.738,0.003,0.003,0.0037,0.0037,-12.2
3.739,0.009,0.003,0.0022,0.0022,-12.2
3.74,0.0142,0.0067,0.0015,0.0022,-12.2
3.741,0.0127,0.0082,0.0015,0.0052,-12.2
3.742,0.0127,0.0067,0.0022,0.0037,-12.2
3.743,0.0045,0.0037,0.0007,0.003,-12.2
3.744,-0.006,0.0037,-0.0015,0.0015,-12.2
3.745,-0.0113,0.0037,0.0007,-0.0015,-12.2
3.746,-0.0165,0.0015,0.0015,-0.0015,-12.2
3.747,-0.0203,-0.003,0.0045,-0.0008,-12.2
3.748,-0.0195,-0.0091,0.0045,-0.0015,-12.2
3.749,-0.0135,-0.0165,0.0022,-0.003,-12.2
3.75,-0.0015,-0.0165,0.003,-0.0038,-12.2
3.751,0.006,-0.0113,0.0015,-0.0023,-12.2
3.752,0.0045,-0.0083,0.0022,0.0,-12.2
3.753,0.003,-0.0083,0.0007,0.0,-12.2
3.754,0.0052,-0.0091,-0.0023,-0.0008,-12.2
3.755,0.0045,-0.0053,-0.0015,0.0015,-12.2
3.756,0.0052,-0.0015,-0.0015,0.0037,-12.2
3.757,0.0045,-0.0008,-0.0008,0.0037,-12.2
3.758,0.0037,0.0022,0.0007,0.0045,-12.2
3.759,0.0045,0.0015,0.0007,0.0067,-12.2
3.76,0.0052,0.0,0.0007,0.0045,-12.2
3.761,0.0082,0.0,0.0,0.0045,-12.2
3.762,0.0127,0.0045,-0.0015,0.0067,-12.2
3.763,0.015,0.0067,-0.0008,0.0052,-12.2
3.764,0.0157,0.0075,0.0015,0.0052,-12.3
3.765,0.0135,0.0067,0.0,0.0015,-12.3
3.766,0.009,0.0052,0.0015,-0.0008,-12.3
3.767,0.0052,0.0045,0.0037,0.0015,-12.3
3.768,0.0015,0.0037,0.003,0.0015,-12.4
3.769,-0.0015,0.0,0.003,0.0007,-12.4
3.77,-0.003,-0.0053,0.003,-0.0008,-12.4
3.771,-0.0038,-0.0068,0.0022,-0.0008,-12.4
3.772,-0.003,-0.0075,-0.0008,-0.0008,-12.4
3.773,0.0007,-0.0105,-0.0023,0.0,-12.5
3.774,0.0045,-0.0105,-0.0008,0.0,-12.5
3.775,0.0022,-0.0068,-0.0008,-0.0008,-12.5
3.776,0.0015,-0.0023,0.0007,-0.0015,-12.5
3.777,-0.0008,0.0,0.003,-0.003,-12.6
3.778,0.0,0.003,0.0052,-0.0015,-12.6
3.779,0.003,0.0022,0.0082,-0.0015,-12.6
3.78,0.0,0.003,0.0075,-0.0015,-12.6
3.781,-0.0015,0.003,0.0015,0.0,-12.6
3.782,-0.0015,0.003,-0.0008,0.0015,-12.7
3.783,-0.003,0.0052,0.0015,0.0015,-12.7
3.784,-0.0038,0.003,0.0007,0.0007,-12.7
3.785,-0.003,0.0022,-0.0053,0.003,-12.8
3.786,-0.0038,0.003,-0.0053,0.0052,-12.8
3.787,-0.0046,0.0007,-0.0053,0.0015,-12.9
3.788,-0.003,0.0015,-0.0068,-0.003,-12.9
3.789,-0.0015,-0.0015,-0.0068,-0.0046,-12.9
3.79,-0.0023,0.0007,-0.0053,-0.0046,-13.0
3.791,-0.0015,0.0037,-0.0015,-0.0038,-13.0
3.792,-0.0015,0.0015,-0.0008,-0.0015,-13.1
3.793,-0.003,0.003,0.003,-0.0023,-13.1
3.794,-0.0046,0.0052,0.0067,-0.003,-13.1
3.795,-0.0046,0.006,0.0045,-0.0023,-13.1
3.796,-0.003,0.009,0.0045,0.0015,-13.2
3.797,-0.0015,0.0142,0.0052,0.003,-13.2
3.798,-0.0008,0.012,0.0045,0.0,-13.2
3.799,0.0,0.0007,0.0015,-0.0046,-13.3
3.8,-0.0008,-0.003,-0.0008,-0.0068,-13.4
3.801,-0.0008,-0.0105,0.0007,-0.0053,-13.4
3.802,0.0007,-0.0263,0.0007,-0.0083,-13.4
3.803,-0.0008,-0.0308,0.0015,-0.0068,-13.5
3.804,-0.0008,-0.027,0.0007,-0.006,-13.5
3.805,0.0,-0.0181,-0.0015,-0.0046,-13.5
3.806,-0.0015,-0.0105,-0.0008,-0.0038,-13.6
3.807,-0.0015,-0.0068,-0.0008,-0.0015,-13.6
3.808,-0.0023,0.0015,0.0015,-0.0008,-13.7
3.809,-0.003,0.0067,0.0007,0.0015,-13.7
3.81,-0.0015,0.009,0.0007,0.0045,-13.8
3.811,0.0007,0.0127,0.0037,0.003,-13.9
3.812,0.003,0.0067,0.0037,0.003,-13.9
3.813,0.0007,-0.0015,0.003,0.0022,-14.0
3.814,0.0007,-0.0083,0.0015,0.0015,-14.0
3.815,-0.0008,-0.0128,0.0015,0.003,-14.0
3.816,-0.0015,-0.0113,0.0037,0.003,-14.1
3.817,-0.003,-0.0068,0.0037,0.0,-14.1
3.818,-0.0053,-0.0068,0.0,-0.0008,-14.2
3.819,-0.0038,-0.0068,-0.0015,-0.0008,-14.2
3.82,-0.0023,-0.003,-0.0015,0.0,-14.3
3.821,-0.0008,-0.0015,-0.0015,0.003,-14.3
3.822,0.0,0.0007,0.0007,0.0045,-14.4
3.823,0.0007,0.0052,0.003,0.0045,-14.4
3.824,0.0007,0.0045,0.0037,0.0015,-14.5
3.825,0.0015,0.0007,0.0045,0.0015,-14.6
3.826,0.0007,0.0015,0.0052,0.0007,-14.6
3.827,0.0007,0.0045,0.0045,0.0015,-14.7
3.828,0.0015,0.0075,0.0045,0.0022,-14.8
3.829,0.003,0.0045,0.0067,-0.0008,-14.8
3.83,0.003,0.003,0.0052,-0.0008,-14.9
3.831,0.0015,0.0045,0.003,-0.0008,-14.9
3.832,0.0015,0.0007,0.0007,0.0007,-15.0
3.833,0.0,-0.0008,0.0007,0.0045,-15.1
3.834,-0.0015,0.0015,0.0022,0.003,-15.1
3.835,-0.0015,0.0045,0.0037,0.0015,-15.2
3.836,-0.0008,0.0045,0.0007,0.0052,-15.3
3.837,-0.0008,0.0052,0.0015,0.0067,-15.3
3.838,0.0,0.0097,0.0052,0.0067,-15.3
3.839,0.0,0.009,0.0045,0.0045,-15.4
3.84,-0.0015,0.0082,0.003,-0.0008,-15.5
3.841,-0.0008,-0.003,0.0022,-0.0046,-15.6
3.842,-0.0008,-0.0218,0.0015,-0.0091,-15.7
3.843,-0.0015,-0.027,0.003,-0.0083,-15.8
3.844,-0.0008,-0.0165,0.0037,-0.0046,-15.8
3.845,-0.0023,-0.006,0.0052,-0.0008,-15.9
3.846,-0.0008,0.0015,0.0045,0.0022,-16.0
3.847,-0.003,0.0052,0.0007,0.003,-16.1
3.848,-0.0046,0.0082,0.0007,0.0052,-16.2
3.849,-0.0046,0.0187,0.0022,0.0075,-16.2
3.85,-0.0046,0.0262,0.0022,0.009,-16.3
3.851,-0.003,0.0157,0.0022,0.006,-16.4
3.852,-0.0038,0.0052,0.0,0.0007,-16.5
3.853,-0.0046,-0.0015,-0.0023,-0.003,-16.6
3.854,-0.0023,-0.0083,-0.0053,-0.003,-16.7
3.855,-0.003,-0.012,-0.006,-0.0053,-16.8
3.856,-0.003,-0.0203,-0.0053,-0.0046,-16.8
3.857,-0.003,-0.0308,-0.0068,-0.0053,-16.9
3.858,-0.003,-0.039,-0.0046,-0.0083,-17.0
3.859,-0.0023,-0.039,-0.0053,-0.0083,-17.1
3.86,0.0007,-0.0285,-0.0015,-0.0075,-17.2
3.861,-0.0008,-0.0128,0.0,-0.003,-17.3
3.862,0.0,-0.0015,0.0007,-0.003,-17.4
3.863,0.0015,-0.0038,0.003,-0.0068,-17.6
3.864,0.0,-0.0038,0.003,-0.0046,-17.6
3.865,0.003,0.0007,0.0052,-0.0046,-17.8
3.866,0.003,0.003,0.0075,-0.0023,-17.9
3.867,0.003,0.0082,0.0067,0.0007,-18.0
3.868,-0.0008,0.0082,0.0082,0.0022,-18.1
3.869,-0.0038,0.0082,0.0052,0.0037,-18.2
3.87,-0.003,0.0052,0.0045,0.0037,-18.4
3.871,-0.0046,0.0022,0.0045,0.0067,-18.5
3.872,-0.0038,0.0052,0.0045,0.0022,-18.6
3.873,-0.0038,0.0067,0.006,0.0007,-18.7
3.874,-0.003,0.009,0.0082,0.0007,-18.8
3.875,-0.0015,0.012,0.0067,0.0015,-18.9
3.876,-0.0015,0.0105,0.0052,0.0045,-19.0
3.877,-0.0015,0.0082,0.0052,0.0,-19.1
3.878,0.0007,0.003,0.0022,-0.0023,-19.3
3.879,0.0015,-0.0038,0.0022,-0.0023,-19.4
3.88,0.0015,-0.003,0.0037,-0.0038,-19.5
3.881,0.0037,-0.003,0.0015,-0.0023,-19.7
3.882,0.0045,-0.0038,-0.0008,-0.0023,-19.8
3.883,0.0037,-0.0046,-0.0023,-0.0008,-20.0
3.884,0.0037,-0.0038,-0.0015,-0.0008,-20.1
3.885,0.0052,-0.0015,-0.0008,0.0007,-20.3
3.886,0.0067,0.003,-0.0008,0.0037,-20.4
3.887,0.0045,0.009,-0.0008,0.0015,-20.6
3.888,0.003,0.012,-0.003,0.0,-20.7
3.889,0.0007,0.015,-0.003,0.0007,-20.9
3.89,0.0015,0.0142,-0.0046,0.0007,-21.1
3.891,0.003,0.0082,-0.0053,0.0022,-21.2
3.892,0.0045,0.0037,-0.0053,0.003,-21.4
3.893,0.0067,0.0045,-0.0053,0.003,-21.6
3.894,0.0082,0.0052,-0.0068,0.0015,-21.7
3.895,0.0075,0.0052,-0.0091,0.0007,-21.9
3.896,0.0052,0.0067,-0.0075,0.0007,-22.1
3.897,0.0052,0.003,-0.0053,-0.0008,-22.2
3.898,0.0052,-0.0038,-0.0068,0.0007,-22.4
3.899,0.0067,-0.0083,-0.0083,0.0007,-22.5
3.9,0.0067,-0.0083,-0.0068,0.0007,-22.7
3.901,0.0052,-0.0075,-0.0068,0.003,-22.9
3.902,0.0045,-0.0075,-0.006,0.0015,-23.1
3.903,0.003,-0.0068,-0.0068,0.0045,-23.4
3.904,0.003,-0.003,-0.006,0.0045,-23.6
3.905,0.0,-0.0038,-0.0046,0.0045,-23.8
3.906,0.0,-0.0038,-0.0053,0.0045,-24.0
3.907,0.0007,-0.0008,-0.0038,0.0052,-24.3
3.908,0.0,0.0007,-0.0046,0.0037,-24.5
3.909,-0.0015,-0.0008,-0.0083,0.0022,-24.7
3.91,0.0,-0.003,-0.0083,0.0007,-24.9
3.911,-0.0008,-0.0023,-0.0083,-0.0008,-25.2
3.912,-0.0015,0.0,-0.0038,-0.0008,-25.4
3.913,-0.0008,-0.0008,-0.0046,-0.003,-25.6
3.914,-0.0015,-0.003,-0.0068,-0.0038,-25.8
3.915,-0.0008,-0.003,-0.006,-0.0038,-26.1
3.916,-0.0015,-0.0015,-0.0083,-0.0053,-26.3
3.917,-0.0008,-0.0023,-0.0083,-0.0068,-26.5
3.918,-0.0015,-0.0023,-0.0083,-0.006,-26.7
3.919,-0.0015,-0.003,-0.0068,-0.0068,-27.0
3.92,0.0007,-0.0038,-0.006,-0.0046,-27.2
3.921,-0.0008,-0.003,-0.0068,-0.0015,-27.5
3.922,-0.0008,-0.0038,-0.0083,-0.0008,-27.8
3.923,0.0,-0.0038,-0.0083,0.0015,-28.0
3.924,0.0007,-0.0046,-0.0053,0.0022,-28.4
3.925,0.0007,-0.0053,-0.003,0.0037,-28.6
3.926,0.0,-0.006,-0.0008,0.0067,-28.9
3.927,-0.0008,-0.0053,0.0022,0.0052,-29.2
3.928,-0.0008,-0.0038,0.0045,0.0037,-29.5
3.929,0.0,-0.0038,0.0045,0.0052,-29.8
3.93,0.0,-0.003,0.0022,0.003,-30.1
3.931,0.0007,-0.003,0.0022,0.0015,-30.4
3.932,0.0007,-0.0015,0.0045,0.0015,-30.6
3.933,0.0022,-0.0008,0.003,0.0007,-31.0
3.934,0.003,0.0007,0.003,0.0022,-31.2
3.935,0.0007,-0.0008,0.0067,0.003,-31.5
3.936,0.0007,-0.0015,0.006,0.0045,-31.8
3.937,0.0015,-0.0008,0.006,0.0067,-32.1
3.938,0.003,-0.003,0.0067,0.003,-32.4
3.939,0.0022,-0.0015,0.0082,0.0,-32.7
3.94,0.0015,-0.0015,0.0075,0.0,-33.0
3.941,0.0007,-0.0015,0.006,0.0015,-33.3
3.942,0.0007,-0.0023,0.0075,0.006,-33.6
3.943,-0.0015,-0.0046,0.006,0.0045,-33.9
3.944,-0.0015,-0.0046,0.0067,-0.0008,-34.2
3.945,0.0007,-0.0046,0.0067,-0.0023,-34.6
3.946,0.0007,-0.006,0.006,-0.0068,-34.9
3.947,0.0015,-0.0068,0.0075,-0.0113,-35.2
3.948,0.0007,-0.0068,0.0082,-0.0128,-35.5
3.949,-0.0015,-0.006,0.009,-0.0075,-35.8
3.95,-0.0023,-0.0053,0.0067,-0.0023,-36.1
3.951,-0.003,-0.0046,0.0067,0.0,-36.4
3.952,-0.003,-0.003,0.0067,0.0037,-36.7
3.953,-0.003,-0.0015,0.0067,0.0067,-37.0
3.954,-0.003,0.0007,0.0105,0.0067,-37.4
3.955,-0.0046,0.0015,0.0127,0.0082,-37.7
3.956,-0.0038,0.0007,0.0135,0.0082,-38.0
3.957,-0.003,0.0015,0.0135,0.0067,-38.3
3.958,-0.0046,-0.0008,0.0142,0.003,-38.6
3.959,-0.0046,0.0,0.0127,-0.003,-38.9
3.96,-0.0015,0.0007,0.0112,-0.0068,-39.3
3.961,-0.0015,-0.0015,0.0135,-0.0091,-39.6
3.962,-0.0008,0.0007,0.0127,-0.0083,-39.9
3.963,-0.0008,0.0007,0.012,-0.0075,-40.2
3.964,-0.0023,-0.0008,0.0127,-0.0068,-40.5
3.965,-0.0008,0.0,0.015,-0.0046,-40.8
3.966,-0.0008,0.0,0.012,-0.0053,-41.1
3.967,-0.0008,-0.0008,0.009,-0.0068,-41.4
3.968,-0.0015,-0.0023,0.0082,-0.0053,-41.7
3.969,-0.0015,-0.0068,0.009,-0.0128,-42.0
3.97,0.0007,-0.0128,0.012,-0.0135,-42.3
3.971,-0.003,-0.012,0.0142,-0.0075,-42.6
3.972,-0.0038,-0.003,0.0157,-0.003,-42.9
3.973,-0.0038,0.0007,0.0172,0.003,-43.2
3.974,-0.003,-0.0008,0.0187,0.0015,-43.6
3.975,-0.003,-0.0008,0.018,-0.0015,-43.9
3.976,-0.0023,-0.0023,0.0165,-0.0023,-44.2
3.977,-0.0023,-0.003,0.0165,0.0015,-44.5
3.978,-0.003,-0.0023,0.0142,0.0067,-44.8
3.979,0.0007,-0.0008,0.0112,0.009,-45.1
3.98,0.0007,0.0022,0.012,0.0142,-45.5
3.981,0.0015,0.0015,0.012,0.018,-45.7
3.982,0.003,0.0052,0.0127,0.0172,-46.0
3.983,-0.0008,0.0037,0.0142,0.0112,-46.3
3.984,0.0007,0.0015,0.012,0.012,-46.6
3.985,0.0,0.0015,0.0097,0.0097,-46.9
3.986,-0.0008,-0.0015,0.0105,0.003,-47.2
3.987,0.0015,0.0015,0.0097,0.0022,-47.5
3.988,0.0015,0.0022,0.009,-0.003,-47.7
3.989,0.0,0.0015,0.0082,-0.0075,-48.1
3.99,-0.003,0.0,0.0075,-0.0091,-48.4
3.991,-0.0015,-0.0015,0.0052,-0.0128,-48.6
3.992,-0.0015,0.0,0.0022,-0.0128,-49.0
3.993,-0.0015,0.0007,-0.0015,-0.0128,-49.2
3.994,-0.0008,0.003,-0.0023,-0.0091,-49.5
3.995,-0.0008,0.0037,-0.003,-0.003,-49.8
3.996,0.0015,0.0037,-0.003,-0.0008,-50.1
3.997,0.0022,0.0045,-0.0023,0.0015,-50.4
3.998,0.0007,0.0052,-0.0023,0.0,-50.7
3.999,0.0015,0.003,-0.003,-0.0008,-51.0
4.0,0.0015,0.0015,-0.003,-0.0008,-51.3
4.001,0.0015,0.0007,-0.0068,-0.0053,-51.6
4.002,-0.0008,0.0007,-0.0075,-0.0053,-51.8
4.003,-0.0015,0.0007,-0.0083,-0.006,-52.1
4.004,-0.0015,-0.0023,-0.0098,-0.0046,-52.4
4.005,0.0,-0.0015,-0.0091,-0.003,-52.7
4.006,0.0022,-0.0015,-0.0091,-0.0015,-53.0
4.007,0.0022,-0.0008,-0.0083,0.0015,-53.2
4.008,0.0015,0.0007,-0.0068,0.0,-53.5
4.009,0.003,0.0007,-0.0068,-0.0008,-53.8
4.01,0.0007,0.0015,-0.0083,0.0015,-54.0
4.011,-0.0008,0.0015,-0.0105,0.003,-54.3
4.012,-0.0008,0.0,-0.0083,0.0052,-54.6
4.013,-0.0015,-0.0008,-0.0046,0.0067,-54.9
4.014,-0.0015,-0.0015,-0.0046,0.0045,-55.1
4.015,0.0,-0.0015,-0.0053,0.0045,-55.4
4.016,-0.0008,-0.003,-0.0068,0.0082,-55.7
4.017,-0.0015,-0.003,-0.0083,0.0112,-56.0
4.018,0.0,-0.0046,-0.0105,0.0142,-56.3
4.019,0.003,-0.0038,-0.0098,0.0202,-56.5
4.02,0.006,-0.003,-0.0083,0.0165,-56.8
4.021,0.0067,-0.003,-0.0091,0.012,-57.0
4.022,0.006,-0.003,-0.0075,0.009,-57.3
4.023,0.006,-0.0046,-0.0068,0.0075,-57.5
4.024,0.0052,-0.0023,-0.0053,0.0082,-57.8
4.025,0.0045,-0.0015,-0.0046,0.0007,-58.0
4.026,0.0045,-0.0015,-0.0053,-0.0053,-58.2
4.027,0.0045,0.0,-0.006,-0.0068,-58.5
4.028,0.003,-0.0015,-0.0038,-0.012,-58.7
4.029,0.0015,-0.0023,-0.003,-0.0143,-59.0
4.03,0.0,-0.003,-0.0053,-0.0143,-59.2
4.031,-0.0015,-0.0046,-0.006,-0.0128,-59.4
4.032,0.0,-0.006,-0.0075,-0.006,-59.7
4.033,0.0007,-0.0068,-0.0075,0.0,-59.9
4.034,0.0007,-0.0046,-0.0091,0.0067,-60.2
4.035,0.0007,-0.003,-0.0068,0.0112,-60.4
4.036,0.0,-0.0015,-0.0038,0.0105,-60.7
4.037,0.0,0.0007,-0.0046,0.0082,-60.9
4.038,0.0,0.0015,-0.003,0.0015,-61.2
4.039,0.0007,0.003,-0.0015,0.0,-61.4
4.04,-0.0008,0.0015,-0.003,0.0,-61.7
4.041,-0.0015,0.0015,-0.0038,-0.0053,-61.8
4.042,-0.0015,0.0015,-0.0053,-0.0053,-62.1
4.043,-0.0008,0.0,-0.0015,-0.006,-62.2
4.044,-0.0015,-0.0015,-0.0008,-0.0068,-62.4
4.045,-0.003,-0.0015,0.0007,-0.0038,-62.6
4.046,-0.0015,-0.0015,0.0015,0.0007,-62.8
4.047,-0.0023,-0.0008,0.0015,0.0037,-63.0
4.048,-0.003,0.0007,0.0007,0.0037,-63.2
4.049,-0.0038,-0.0008,-0.0008,0.0037,-63.4
4.05,-0.003,-0.0008,-0.0015,0.0007,-63.6
4.051,-0.003,-0.0015,-0.0053,-0.0008,-63.8
4.052,-0.003,-0.003,-0.0068,-0.003,-64.0
4.053,-0.0015,-0.003,-0.0075,-0.0015,-64.2
4.054,-0.0023,-0.0046,-0.0091,0.0015,-64.4
4.055,-0.0008,-0.003,-0.0091,0.003,-64.6
4.056,-0.0015,-0.0015,-0.0068,0.003,-64.8
4.057,-0.003,-0.0008,-0.003,0.0015,-64.9
4.058,-0.0008,-0.0008,-0.0008,-0.0008,-65.1
4.059,-0.0015,0.0007,0.0015,-0.0015,-65.3
4.06,-0.0008,0.0037,0.0015,-0.003,-65.6
4.061,-0.0008,0.003,0.0015,-0.0015,-65.6
4.062,-0.0015,0.0007,0.0045,-0.0008,-65.7
4.063,-0.0008,0.0007,0.0052,-0.0046,-65.8
4.064,0.0,0.0015,0.0045,-0.0068,-66.0
4.065,0.0015,0.0015,0.0045,-0.0105,-66.1
4.066,0.0007,0.0015,0.0022,-0.0083,-66.2
4.067,0.0015,0.0015,0.003,-0.0053,-66.3
4.068,0.0007,0.0015,0.006,-0.0053,-66.4
4.069,-0.0015,-0.0008,0.0052,-0.0046,-66.5
4.07,-0.0008,-0.0015,0.006,-0.0008,-66.6
4.071,0.0007,-0.0023,0.003,0.0052,-66.7
4.072,0.0007,-0.003,0.0015,0.0082,-66.8
4.073,0.0015,-0.0015,0.0037,0.012,-66.9
4.074,0.0015,-0.0023,0.003,0.0127,-67.1
4.075,0.003,-0.0046,0.0052,0.0067,-67.1
4.076,0.003,-0.0046,0.0052,0.0007,-67.2
4.077,0.003,-0.0068,0.0052,-0.0008,-67.4
4.078,0.003,-0.006,0.006,-0.0015,-67.5
4.079,0.0007,-0.0053,0.0045,-0.0046,-67.6
4.08,0.0015,-0.0046,0.0045,-0.0046,-67.7
4.081,0.003,-0.0023,0.003,-0.0008,-67.7
4.082,0.0037,-0.0015,0.003,0.0015,-67.8
4.083,0.0015,0.0,0.0045,0.003,-67.8
4.084,-0.0015,-0.0015,0.003,0.0045,-67.8
4.085,-0.0008,-0.0015,0.0007,0.003,-67.9
4.086,-0.0015,0.0,0.0015,0.0007,-67.9
4.087,-0.0046,-0.0008,0.0015,0.0015,-68.0
4.088,-0.0038,-0.0008,0.0015,0.0015,-68.0
4.089,-0.0015,-0.0015,0.003,0.0,-68.0
4.09,0.0007,-0.0015,0.003,-0.0008,-68.0
4.091,0.003,-0.0015,0.0045,0.0007,-68.1
4.092,0.0052,-0.0015,0.0052,0.0007,-68.1
4.093,0.0045,0.0007,0.0052,0.0007,-68.1
4.094,0.003,0.0,0.003,0.0007,-68.2
4.095,0.0015,-0.0015,-0.0008,-0.0015,-68.2
4.096,0.0015,-0.0008,-0.0008,-0.003,-68.3
4.097,-0.0008,0.0,-0.0008,-0.003,-68.3
4.098,-0.003,0.0007,0.0007,-0.003,-68.3
4.099,-0.0046,0.0022,0.0022,-0.0038,-68.4
4.1,-0.0046,0.003,0.003,-0.0008,-68.4
4.101,-0.0023,0.003,0.0037,-0.0008,-68.4
4.102,-0.0015,0.003,0.003,-0.0015,-68.4
4.103,-0.0008,0.003,0.0022,-0.0023,-68.4
4.104,0.0,0.0015,0.0015,-0.0046,-68.5
4.105,-0.0008,0.0022,0.003,-0.0038,-68.5
4.106,-0.0008,0.0007,0.0052,-0.003,-68.5
4.107,-0.003,0.0007,0.0082,-0.003,-68.5
4.108,-0.0015,0.0007,0.0082,-0.0008,-68.6
4.109,-0.0015,0.0007,0.0067,0.0007,-68.6
4.11,-0.003,0.0015,0.0067,0.0045,-68.6
4.111,-0.003,0.0007,0.0037,0.0045,-68.6
4.112,-0.003,-0.0008,0.003,0.0022,-68.6
4.113,-0.0015,-0.0023,0.0067,0.0052,-68.7
4.114,-0.0008,-0.003,0.0075,0.0082,-68.7
4.115,0.0,-0.003,0.0067,0.0082,-68.7
4.116,0.0007,-0.003,0.0067,0.0052,-68.7
4.117,0.0007,-0.0046,0.0045,0.003,-68.8
4.118,-0.0008,-0.0053,0.0037,0.003,-68.8
4.119,-0.0015,-0.0053,0.0045,0.0015,-68.8
4.12,-0.0038,-0.006,0.003,-0.0008,-68.9
4.121,-0.003,-0.0053,0.0015,-0.0015,-68.8
4.122,-0.0023,-0.0053,0.0,-0.003,-68.8
4.123,-0.003,-0.0046,0.0015,-0.0008,-68.8
4.124,-0.0015,-0.003,0.003,-0.0015,-68.7
4.125,-0.0015,-0.0015,0.0007,-0.0023,-68.7
4.126,-0.0008,-0.0015,0.0015,-0.0023,-68.6
4.127,-0.0015,-0.0015,0.0015,-0.0008,-68.6
4.128,-0.0015,-0.0008,0.0015,0.0007,-68.6
4.129,-0.0015,-0.0023,0.0015,-0.0008,-68.5
4.13,-0.0015,-0.003,0.0,0.0,-68.5
4.131,0.0007,-0.0015,0.0007,-0.0008,-68.4
4.132,0.0,-0.0008,-0.0015,-0.0015,-68.4
4.133,-0.0008,0.0007,-0.003,-0.0015,-68.4
4.134,0.0022,0.0015,-0.0008,0.0,-68.4
4.135,0.0022,-0.0008,-0.0008,0.0015,-68.3
4.136,0.003,-0.0015,0.0007,0.0,-68.3
4.137,0.0022,-0.0023,-0.0008,-0.0008,-68.2
4.138,0.0022,-0.0023,-0.0023,0.0007,-68.2
4.139,0.0045,-0.0023,-0.0015,-0.0008,-68.2
4.14,0.0052,-0.0015,-0.0008,0.0,-68.1
4.141,0.006,0.0007,-0.0015,-0.0008,-68.0
4.142,0.0052,0.0022,0.0007,0.0007,-68.0
4.143,0.0037,0.0022,0.0015,0.0,-67.9
4.144,0.0015,0.0015,0.0022,-0.0015,-67.8
4.145,-0.0015,-0.0008,0.003,0.0,-67.7
4.146,-0.0008,-0.0008,0.0037,0.0007,-67.6
4.147,0.0007,0.0007,0.0045,0.0015,-67.5
4.148,0.0015,0.0015,0.003,0.0015,-67.5
4.149,-0.0008,0.0015,0.003,-0.0008,-67.4
4.15,-0.0023,0.0,0.0037,0.0007,-67.3
4.151,-0.0015,0.0,0.0015,0.0015,-67.2
4.152,-0.0015,0.0015,0.003,0.0015,-67.1
4.153,0.0,0.0007,0.003,0.0,-67.1
4.154,-0.0008,-0.0008,0.0015,-0.0008,-67.0
4.155,-0.0008,0.0,0.0007,-0.0015,-66.9
4.156,-0.0015,0.0015,0.0015,-0.003,-66.8
4.157,-0.0015,0.0015,0.0015,-0.003,-66.7
4.158,-0.0023,0.0015,0.0015,-0.0015,-66.6
4.159,-0.0008,0.0,0.0015,-0.0008,-66.6
4.16,-0.0008,-0.0015,0.0007,-0.0008,-66.5
4.161,-0.0008,-0.0015,0.0015,0.0015,-66.3
4.162,0.0015,-0.0015,0.0007,0.0,-66.2
4.163,-0.0015,-0.0015,0.0015,-0.0015,-66.1
4.164,-0.0008,-0.0015,0.0022,-0.003,-66.0
4.165,0.0015,-0.0038,0.0007,-0.0053,-65.8
4.166,0.0015,-0.0046,0.0015,-0.0038,-65.7
4.167,0.0022,-0.0046,0.003,-0.0023,-65.6
4.168,0.0015,-0.006,0.003,-0.0008,-65.4
4.169,0.0015,-0.0075,0.0022,0.0015,-65.3
4.17,0.0007,-0.0075,0.0022,0.0045,-65.2
4.171,0.0,-0.0098,0.0045,0.0037,-65.1
4.172,0.0007,-0.0113,0.0045,0.0015,-64.9
4.173,0.0007,-0.0105,0.003,0.0022,-64.8
4.174,0.0015,-0.0083,0.0037,0.0007,-64.7
4.175,0.0015,-0.0038,0.0037,0.0007,-64.5
4.176,0.003,-0.0008,0.003,0.0015,-64.4
4.177,0.003,0.003,0.0015,0.0007,-64.3
4.178,0.003,0.0052,-0.0015,0.0015,-64.2
4.179,0.0022,0.0052,-0.003,-0.0008,-64.0
4.18,0.0015,0.003,-0.0038,-0.0015,-63.9
4.181,0.0007,0.0007,-0.0015,-0.003,-63.8
4.182,0.0015,0.0007,0.0007,-0.0008,-63.6
4.183,0.0015,0.0037,-0.0023,0.0015,-63.5
4.184,0.0,0.0045,-0.0015,0.0007,-63.3
4.185,0.0,0.003,-0.0015,-0.0008,-63.1
4.186,-0.0008,-0.0015,-0.0023,-0.003,-63.0
4.187,-0.0008,-0.0046,-0.0015,-0.003,-62.8
4.188,-0.0008,-0.0038,-0.0008,-0.0015,-62.6
4.189,-0.0015,-0.003,0.0015,0.003,-62.5
4.19,-0.0023,-0.0038,0.0007,0.0112,-62.3
4.191,-0.0038,-0.0038,-0.0008,0.009,-62.2
4.192,-0.003,-0.003,0.0007,0.003,-62.1
4.193,-0.003,-0.0008,-0.0008,0.0007,-61.9
4.194,-0.0038,-0.0023,0.0007,-0.003,-61.7
4.195,-0.0038,-0.003,0.0015,-0.0038,-61.6
4.196,-0.0046,-0.0008,0.0015,-0.0015,-61.4
4.197,-0.0008,-0.003,0.0015,-0.0023,-61.2
4.198,0.0007,-0.0046,0.0007,0.0007,-61.1
4.199,0.0007,-0.0023,0.0007,0.003,-60.9
4.2,-0.0015,0.003,-0.0008,0.0082,-60.8
4.201,-0.0015,0.009,0.0007,0.0112,-60.6
4.202,0.0,0.0127,0.0015,0.0082,-60.4
4.203,0.0007,0.0082,0.0007,0.006,-60.2
4.204,0.0015,0.0015,-0.0008,0.0015,-60.0
4.205,0.0015,0.0,-0.0008,-0.0008,-59.8
4.206,0.0022,-0.0023,0.0037,-0.0008,-59.5
4.207,0.0015,-0.0015,0.0045,0.0,-59.4
4.208,0.0007,0.0007,0.003,-0.0015,-59.1
4.209,0.0007,-0.0008,0.0037,-0.0015,-59.0
4.21,0.0015,-0.0068,0.0052,-0.003,-58.7
4.211,0.0015,-0.0091,0.0052,-0.0053,-58.5
4.212,-0.0008,-0.0068,0.003,-0.006,-58.3
4.213,-0.0008,-0.006,0.0015,-0.0068,-58.1
4.214,0.0007,-0.0023,0.0015,-0.0091,-57.9
4.215,0.0,0.0,0.0015,-0.0068,-57.7
4.216,0.0007,-0.0008,0.0045,-0.0038,-57.5
4.217,0.0015,0.003,0.0052,-0.003,-57.3
4.218,0.0007,0.0007,0.0045,-0.0015,-57.1
4.219,0.0,-0.006,0.0037,0.0007,-56.9
4.22,0.0015,-0.0075,0.0022,-0.0015,-56.7
4.221,0.0007,-0.0053,0.0022,-0.0008,-56.4
4.222,0.0007,-0.003,0.003,-0.0038,-56.2
4.223,0.0,-0.0023,0.0037,-0.006,-55.9
4.224,-0.0008,0.0015,0.0052,-0.0046,-55.7
4.225,-0.0008,-0.0008,0.003,-0.0046,-55.4
4.226,-0.0015,0.0,0.0015,-0.0008,-55.2
4.227,-0.0008,0.0037,0.0022,0.0007,-54.9
4.228,-0.0008,0.0015,0.0015,-0.0008,-54.7
4.229,-0.0008,0.003,0.0037,-0.0015,-54.5
4.23,0.0015,0.003,0.0045,0.0015,-54.2
4.231,0.0015,0.0015,0.003,0.0015,-54.0
4.232,0.0007,-0.0023,0.003,0.0007,-53.7
4.233,0.0015,-0.0046,0.0022,0.003,-53.5
4.234,0.0007,0.0,0.0022,0.003,-53.2
4.235,0.0007,0.0045,0.003,0.0022,-53.0
4.236,-0.0008,0.0067,0.003,0.0,-52.7
4.237,-0.0008,0.0037,0.0015,0.0007,-52.5
4.238,-0.003,-0.0023,0.0007,0.0022,-52.2
4.239,-0.003,-0.0083,-0.0015,-0.0015,-52.0
4.24,-0.0015,-0.0105,-0.0023,-0.0015,-51.8
4.241,0.0,-0.0091,-0.0015,0.0,-51.5
4.242,0.003,-0.006,0.003,0.003,-51.2
4.243,0.0045,-0.0023,0.0045,0.006,-50.9
4.244,0.003,-0.003,0.003,0.003,-50.7
4.245,0.0015,-0.003,0.0022,0.0015,-50.4
4.246,0.0015,0.0015,0.0015,-0.0008,-50.1
4.247,0.0007,0.0,0.003,0.0022,-49.9
4.248,0.0015,-0.003,0.0015,0.0045,-49.6
4.249,0.0007,-0.003,0.0015,0.003,-49.3
4.25,0.0015,-0.0015,0.003,0.003,-49.0
4.251,0.0007,-0.0008,0.0037,0.003,-48.7
4.252,-0.0008,0.0037,0.0015,0.0037,-48.5
4.253,0.0,0.0052,-0.0008,0.0037,-48.2
4.254,0.0007,-0.0008,0.0007,0.0015,-47.9
4.255,0.0007,0.0,0.0022,0.003,-47.7
4.256,-0.0008,0.0037,0.003,0.0037,-47.4
4.257,0.0,0.006,0.0022,0.0037,-47.1
4.258,-0.0008,0.0067,0.0,0.0045,-46.8
4.259,-0.0008,0.0052,-0.0015,0.003,-46.6
4.26,-0.0015,-0.0023,-0.0015,0.0022,-46.3
4.261,-0.003,-0.012,-0.0023,-0.0008,-46.0
4.262,0.0,-0.0195,-0.0008,-0.0068,-45.7
4.263,0.0045,-0.0181,0.0,-0.0053,-45.5
4.264,0.0045,-0.0091,-0.0008,0.0015,-45.1
4.265,0.003,-0.0038,0.0007,0.0045,-44.9
4.266,0.0015,0.0045,0.0015,0.006,-44.6
4.267,-0.0015,0.0142,-0.0008,0.009,-44.3
4.268,-0.0046,0.0217,-0.0015,0.0105,-44.0
4.269,-0.003,0.0172,-0.0015,0.009,-43.7
4.27,-0.0046,0.0075,-0.0015,0.0045,-43.4
4.271,-0.0038,-0.0068,-0.003,-0.0053,-43.1
4.272,-0.0015,-0.0293,0.0,-0.0105,-42.8
4.273,0.0015,-0.0338,0.0045,-0.0083,-42.5
4.274,0.0082,-0.0256,0.0045,-0.0091,-42.3
4.275,0.0157,-0.0158,0.0045,-0.0075,-41.9
4.276,0.0142,-0.006,0.0045,0.0,-41.7
4.277,0.0052,-0.0046,0.0045,0.0037,-41.4
4.278,-0.0015,-0.0015,0.0045,0.0037,-41.1
4.279,-0.0053,0.0015,0.0015,0.0067,-40.8
4.28,-0.0083,0.0045,0.0007,0.0067,-40.5
4.281,-0.0068,0.0067,-0.0008,0.0052,-40.2
4.282,-0.0068,0.0052,-0.003,0.0045,-39.9
4.283,-0.0053,0.0037,-0.003,-0.0008,-39.6
4.284,-0.003,-0.0008,-0.0008,-0.0046,-39.2
4.285,-0.0038,-0.0053,-0.0015,-0.006,-38.9
4.286,-0.003,-0.0053,-0.003,-0.0038,-38.6
4.287,-0.0046,-0.0046,-0.0046,-0.0046,-38.3
4.288,-0.0015,0.0,-0.0046,-0.0038,-38.0
4.289,-0.003,0.0052,-0.003,-0.0015,-37.7
4.29,-0.0068,0.0112,-0.0015,-0.0015,-37.4
4.291,-0.0068,0.012,0.0007,0.0007,-37.0
4.292,-0.0046,0.006,0.0,0.0007,-36.7
4.293,-0.0038,-0.003,0.0007,-0.0008,-36.4
4.294,-0.0046,-0.0091,0.0007,-0.0053,-36.1
4.295,-0.0038,-0.0083,0.003,-0.006,-35.8
4.296,-0.003,-0.003,0.0052,-0.0046,-35.5
4.297,-0.003,0.0015,0.0045,-0.0008,-35.1
4.298,-0.0015,0.0045,0.0052,0.0045,-34.8
4.299,-0.0008,0.0082,0.003,0.0022,-34.5
4.3,0.0022,0.0127,-0.0008,0.0015,-34.2
4.301,0.0037,0.0142,-0.006,0.003,-33.9
4.302,0.003,0.0082,-0.0083,0.0045,-33.5
4.303,0.0052,-0.0053,-0.0015,0.0045,-33.2
4.304,0.0082,-0.012,-0.003,0.0007,-32.9
4.305,0.0067,-0.0143,-0.003,-0.0046,-32.5
4.306,0.0067,-0.0128,0.003,-0.0046,-32.2
4.307,0.0067,-0.0098,0.0045,-0.0023,-31.9
4.308,0.0067,-0.0105,0.0045,-0.003,-31.5
4.309,0.0067,-0.0135,0.0075,-0.003,-31.2
4.31,0.003,-0.0091,0.012,-0.0015,-30.9
4.311,0.0045,-0.0023,0.0105,0.0015,-30.6
4.312,0.0067,-0.0008,0.0052,0.0007,-30.2
4.313,0.0082,-0.0015,0.0015,-0.0046,-29.9
4.314,0.0135,-0.0038,0.0082,-0.0046,-29.5
4.315,0.0157,0.0,0.015,-0.0015,-29.2
4.316,0.006,0.0067,0.0142,-0.0015,-28.9
4.317,-0.0046,0.0105,0.0112,0.0015,-28.5
4.318,-0.0128,0.012,0.003,0.0045,-28.2
4.319,-0.0143,0.0105,-0.0023,0.003,-27.9
4.32,-0.0105,0.0015,-0.006,0.0007,-27.5
4.321,-0.0098,-0.0053,-0.0091,-0.0023,-27.2
4.322,-0.006,-0.003,-0.0091,0.003,-26.9
4.323,0.0007,0.0007,-0.0075,0.0022,-26.6
4.324,0.003,0.0037,-0.006,0.0015,-26.3
4.325,0.0052,0.0007,-0.0038,0.003,-26.0
4.326,0.012,0.0007,-0.0023,0.003,-25.7
4.327,0.0217,0.0045,0.0037,0.0037,-25.3
4.328,0.018,0.0045,0.0157,-0.0023,-25.0
4.329,0.0082,0.003,0.0307,-0.0053,-24.7
4.33,0.0015,0.0007,0.0322,-0.0046,-24.4
4.331,-0.0046,0.0015,0.0142,-0.0023,-24.1
4.332,-0.0068,-0.0105,0.0082,-0.0053,-23.8
4.333,-0.0105,-0.0256,0.006,-0.0091,-23.5
4.334,-0.012,-0.0225,-0.003,-0.0068,-23.2
4.335,-0.0105,-0.0091,-0.0083,-0.0053,-22.9
4.336,-0.0053,0.0022,-0.0143,-0.0008,-22.5
4.337,0.0007,0.0075,-0.0181,0.0067,-22.2
4.338,0.0015,0.0142,-0.0188,0.009,-21.9
4.339,-0.0015,0.012,-0.0203,0.006,-21.6
4.34,-0.0053,0.0082,-0.0203,0.0037,-21.3
4.341,-0.0053,0.0015,-0.0165,-0.006,-21.1
4.342,-0.0053,-0.0091,-0.003,-0.0143,-20.8
4.343,-0.0068,-0.0113,0.0015,-0.0128,-20.6
4.344,-0.006,-0.0023,0.0022,-0.0068,-20.3
4.345,-0.0053,0.0067,0.0075,-0.0053,-20.1
4.346,-0.0008,0.012,0.0112,-0.0068,-19.8
4.347,0.0037,0.012,0.015,-0.0015,-19.6
4.348,0.0097,0.0052,0.0165,-0.0015,-19.4
4.349,0.0307,0.0045,0.0157,-0.0008,-19.2
4.35,0.0412,0.0052,0.0105,0.003,-18.9
4.351,0.021,0.0045,0.0045,-0.0008,-18.7
4.352,-0.0015,0.0,0.0022,0.0067,-18.5
4.353,-0.0195,-0.006,-0.0046,0.0135,-18.2
4.354,-0.0315,-0.012,-0.0098,0.0007,-18.0
4.355,-0.0285,-0.0203,-0.003,-0.012,-17.7
4.356,-0.0233,-0.0135,0.0037,-0.0068,-17.5
4.357,-0.0165,-0.0015,0.0112,0.0022,-17.3
4.358,-0.0128,0.0007,0.0217,0.0127,-17.0
4.359,-0.003,-0.0046,0.0217,0.009,-16.8
4.36,-0.003,-0.0181,0.015,0.003,-16.6
4.361,-0.003,-0.0278,0.0112,0.0052,-16.4
4.362,0.0007,-0.024,0.0082,0.0127,-16.2
4.363,0.0,-0.012,0.0142,0.0292,-16.1
4.364,0.0082,0.0007,0.0127,0.0202,-15.9
4.365,0.012,0.015,0.0007,0.0037,-15.8
4.366,0.012,0.0187,-0.0053,-0.0046,-15.6
4.367,0.0127,0.0112,-0.0165,-0.0083,-15.5
4.368,0.012,0.0052,-0.0233,-0.0023,-15.3
4.369,0.0127,0.0075,-0.0233,-0.012,-15.2
4.37,0.0127,-0.0083,-0.0278,-0.0158,-15.0
4.371,0.009,-0.015,-0.027,-0.012,-14.8
4.372,0.0067,0.009,-0.024,-0.0105,-14.7
4.373,0.0015,0.0105,-0.0181,-0.0008,-14.5
4.374,-0.0038,0.0097,-0.0105,-0.0015,-14.4
4.375,-0.0046,0.0142,-0.0075,0.0045,-14.2
4.376,0.0007,0.0202,-0.003,0.009,-14.0
4.377,0.0045,0.0367,0.0022,0.0105,-13.9
4.378,0.003,0.0172,0.006,0.015,-13.7
4.379,0.0037,-0.021,0.0112,-0.0008,-13.6
4.38,0.003,-0.0353,0.0127,-0.0083,-13.4
4.381,0.003,-0.0383,0.0112,-0.0068,-13.3
4.382,0.009,-0.0233,0.0112,-0.0105,-13.3
4.383,0.0127,-0.0068,0.009,-0.0143,-13.2
4.384,0.0105,-0.0046,0.012,-0.0083,-13.1
4.385,0.0037,0.0015,0.0187,-0.003,-13.1
4.386,-0.0008,0.003,0.0135,-0.0068,-13.0
4.387,-0.003,0.0022,0.0067,-0.0053,-12.9
4.388,-0.0083,-0.0053,0.0052,-0.003,-12.8
4.389,-0.0105,-0.0083,0.0052,0.0105,-12.7
4.39,-0.0091,0.0165,0.0007,0.024,-12.6
4.391,-0.0038,0.0465,-0.0038,0.0112,-12.6
4.392,0.0022,0.0592,0.0052,0.0075,-12.5
4.393,0.0097,0.0465,0.0142,0.018,-12.5
4.394,0.0105,0.012,0.0105,0.0157,-12.4
4.395,0.012,-0.0413,0.003,0.003,-12.3
4.396,0.0105,-0.0878,-0.0105,-0.0173,-12.2
4.397,0.0007,-0.0706,-0.0188,-0.006,-12.2
4.398,-0.003,-0.03,-0.021,0.0007,-12.1
4.399,-0.012,-0.0218,-0.0218,-0.0203,-12.0
4.4,-0.0361,-0.0091,-0.0135,-0.0173,-11.9
4.401,-0.0458,-0.0143,-0.0083,-0.0158,-11.9
4.402,-0.0233,-0.024,0.0067,-0.012,-11.9
4.403,-0.0038,-0.0181,0.0337,-0.0135,-11.9
4.404,0.0045,-0.0105,0.0345,-0.0203,-11.9
4.405,0.0067,0.0105,0.0135,-0.0113,-11.8
4.406,0.0097,0.036,-0.0053,0.003,-11.8
4.407,0.012,0.0667,-0.0158,0.0052,-11.8
4.408,0.0082,0.0682,0.0067,0.0052,-11.8
4.409,0.0015,0.0682,0.036,0.0307,-11.8
4.41,-0.0068,0.069,0.0367,0.0547,-11.7
4.411,0.0165,0.0352,0.0277,0.0405,-11.7
4.412,0.0367,-0.0008,0.0022,0.0052,-11.7
4.413,0.0225,-0.0173,-0.03,-0.003,-11.7
4.414,0.015,-0.0188,-0.0525,-0.0105,-11.7
4.415,-0.0046,-0.024,-0.0728,-0.0143,-11.7
4.416,-0.0181,-0.012,-0.0668,-0.012,-11.7
4.417,-0.0135,-0.0165,-0.0518,-0.0091,-11.7
4.418,-0.0158,-0.0413,-0.0353,0.018,-11.7
4.419,-0.012,-0.0555,-0.0143,0.0532,-11.6
4.42,-0.0068,-0.0353,-0.0053,0.0502,-11.6
4.421,-0.0128,-0.0053,0.0052,0.006,-11.6
4.422,-0.015,0.0135,0.0172,-0.0068,-11.6
4.423,-0.012,0.0382,0.0315,-0.0173,-11.7
4.424,-0.0173,0.0292,0.0352,-0.024,-11.7
4.425,-0.0195,0.024,0.033,-0.0098,-11.7
4.426,-0.0091,0.021,0.0465,0.0,-11.7
4.427,-0.0046,0.006,0.054,0.0165,-11.7
4.428,-0.0008,-0.0225,0.0405,0.009,-11.7
4.429,0.0082,-0.0735,0.015,0.0097,-11.8
4.43,0.0172,-0.0503,0.0007,0.0345,-11.8
4.431,0.0165,0.042,-0.0046,0.033,-11.8
4.432,0.0075,0.0877,-0.0128,0.009,-11.9
4.433,0.003,0.0615,-0.0203,-0.0083,-11.9
4.434,-0.0098,0.0007,-0.0091,-0.0181,-11.9
4.435,-0.033,-0.0256,0.0105,-0.0225,-11.9
4.436,-0.0405,-0.0278,0.0082,-0.0143,-12.0
4.437,-0.0188,-0.033,0.003,-0.0046,-12.0
4.438,0.0045,-0.0143,-0.0038,-0.0075,-12.0
4.439,0.0187,-0.0143,-0.0158,-0.0128,-12.0
4.44,0.0315,-0.0128,-0.021,-0.0143,-12.1
4.441,0.0307,-0.0105,-0.0293,-0.0181,-12.2
4.442,0.0292,-0.0143,-0.0293,-0.0173,-12.2
4.443,0.0255,-0.0158,-0.024,-0.0181,-12.3
4.444,0.0217,-0.024,-0.0128,-0.012,-12.4
4.445,0.0165,-0.0128,0.0007,-0.0053,-12.5
4.446,0.0082,-0.0053,0.0067,-0.0075,-12.6
4.447,0.003,0.009,0.0082,-0.0023,-12.6
4.448,-0.0008,0.0202,0.0007,-0.0038,-12.7
4.449,-0.012,-0.0008,0.0097,0.0067,-12.8
4.45,-0.0225,-0.0091,0.0405,0.0232,-12.9
4.451,-0.0181,-0.0015,0.0592,0.0157,-13.0
4.452,-0.0181,-0.0113,0.048,0.0067,-13.1
4.453,-0.0203,-0.0128,0.0277,0.0105,-13.1
4.454,-0.012,-0.0068,-0.0008,0.0067,-13.2
4.455,0.0007,0.0007,-0.024,-0.0098,-13.3
4.456,0.0202,0.006,-0.0203,-0.0203,-13.4
4.457,0.0202,-0.0068,-0.012,-0.0233,-13.5
4.458,0.0045,-0.0015,0.003,-0.024,-13.5
4.459,-0.0188,0.0052,0.0157,-0.0143,-13.6
4.46,-0.0346,0.0052,0.0382,-0.0105,-13.8
4.461,-0.0256,0.0075,0.0742,-0.0068,-13.9
4.462,-0.0181,0.0015,0.0877,0.0007,-14.0
4.463,-0.012,0.0,0.0877,0.0015,-14.1
4.464,0.0007,-0.0008,0.045,0.0007,-14.3
4.465,0.0105,0.0045,-0.0278,0.0022,-14.4
4.466,0.0217,0.0052,-0.0743,0.0142,-14.5
4.467,0.0307,0.0075,-0.105,0.0105,-14.6
4.468,0.0255,0.012,-0.0945,-0.0053,-14.8
4.469,0.0187,0.012,-0.0675,-0.0105,-14.9
4.47,0.0255,0.0052,-0.0495,-0.0188,-15.0
4.471,0.0697,-0.0248,-0.0278,-0.0278,-15.2
4.472,0.102,-0.0555,-0.027,-0.0248,-15.3
4.473,0.0607,-0.0405,-0.0233,-0.0091,-15.4
4.474,-0.003,-0.0068,-0.021,0.0052,-15.6
4.475,-0.054,0.0015,-0.012,0.0127,-15.7
4.476,-0.081,0.0067,0.0052,0.0172,-15.8
4.477,-0.0675,0.012,0.0127,0.0172,-15.9
4.478,-0.0383,0.0157,0.012,0.021,-16.1
4.479,-0.012,0.0172,0.0015,0.018,-16.2
4.48,-0.0008,0.0052,-0.0015,0.0082,-16.4
4.481,0.0045,0.0007,-0.0091,-0.0053,-16.4
4.482,-0.0008,0.0007,0.0007,-0.0158,-16.5
4.483,-0.0128,0.0007,0.021,-0.0158,-16.5
4.484,-0.012,0.0037,0.0352,-0.0165,-16.6
4.485,0.0015,0.0067,0.0592,-0.012,-16.7
4.486,0.0172,0.0105,0.0787,0.0015,-16.7
4.487,0.021,0.009,0.0735,0.0232,-16.8
4.488,0.0045,0.0067,0.0555,0.0412,-16.9
4.489,-0.0015,0.0015,0.0352,0.0322,-16.9
4.49,-0.0008,-0.0083,0.0052,0.0157,-17.0
4.491,-0.0105,-0.0143,-0.012,0.0015,-17.1
4.492,-0.0181,-0.0218,-0.027,-0.003,-17.1
4.493,-0.012,-0.0256,-0.0353,0.006,-17.2
4.494,-0.0046,-0.024,-0.0293,0.0105,-17.2
4.495,-0.006,-0.0203,-0.0278,0.009,-17.3
4.496,0.0105,-0.0113,-0.0195,0.0187,-17.4
4.497,0.0262,-0.0015,-0.0165,0.033,-17.5
4.498,0.027,0.0052,-0.0091,0.0277,-17.5
4.499,0.0172,0.0067,0.0045,0.0157,-17.6
4.5,-0.0128,0.0082,0.0022,0.0097,-17.7
4.501,-0.033,0.0082,-0.0053,0.0007,-17.8
4.502,-0.0203,0.0015,0.0037,-0.0038,-17.9
4.503,0.0007,0.0015,0.0127,-0.0075,-18.0
4.504,0.003,0.012,0.006,-0.0083,-18.1
4.505,0.0075,0.0112,0.0045,-0.0083,-18.2
4.506,0.0172,-0.0188,0.0015,-0.0091,-18.3
4.507,0.0165,-0.0375,0.0015,-0.0008,-18.5
4.508,0.0195,-0.0098,0.0052,0.003,-18.5
4.509,0.0195,0.0045,0.0127,0.0045,-18.7
4.51,0.0112,-0.0053,0.039,0.012,-18.8
4.511,0.0,-0.0075,0.06,0.0157,-18.9
4.512,-0.0165,-0.0113,0.0577,0.0052,-19.0
4.513,-0.0413,-0.0083,0.0315,0.0,-19.1
4.514,-0.0473,-0.0015,-0.0068,-0.0046,-19.3
4.515,-0.0218,0.0067,-0.0293,-0.012,-19.4
4.516,-0.0046,0.0112,-0.0068,-0.0098,-19.5
4.517,0.003,0.009,0.06,-0.0143,-19.6
4.518,0.012,0.0097,0.0915,-0.0173,-19.7
4.519,0.0277,0.0142,0.033,-0.0105,-19.8
4.52,0.0577,0.0135,-0.033,-0.0083,-20.0
4.521,0.0465,0.0075,-0.0908,-0.0053,-20.1
4.522,-0.0008,0.009,-0.1268,-0.0046,-20.2
4.523,-0.0443,0.009,-0.1148,0.0007,-20.3
4.524,-0.0698,0.0082,-0.1006,0.003,-20.5
4.525,-0.0465,0.009,-0.0645,-0.0083,-20.6
4.526,-0.0068,0.012,-0.0315,-0.0128,-20.7
4.527,0.0202,0.0135,-0.0083,-0.015,-20.9
4.528,0.018,0.0105,0.0202,-0.0195,-21.0
4.529,0.0112,0.0105,0.0292,-0.0128,-21.2
4.53,0.0067,0.0112,0.039,-0.0053,-21.3
4.531,-0.0023,0.012,0.0427,0.009,-21.5
4.532,0.0022,0.0105,0.0367,0.0255,-21.6
4.533,0.0082,0.0097,0.0367,0.0082,-21.7
4.534,0.027,0.0075,0.033,-0.0053,-21.9
4.535,0.0315,0.0052,0.0247,0.0,-22.0
4.536,0.0217,0.0045,0.024,-0.012,-22.1
4.537,0.0045,0.0037,0.0232,-0.015,-22.3
4.538,-0.0091,0.003,0.0097,-0.0091,-22.4
4.539,-0.0143,0.003,-0.0046,0.0052,-22.5
4.54,-0.0165,0.0045,-0.0068,0.0172,-22.7
4.541,-0.0068,0.003,-0.0075,-0.003,-22.7
4.542,-0.0015,-0.0015,-0.0143,-0.0015,-22.8
4.543,0.0082,-0.0023,-0.012,0.009,-22.8
4.544,0.0127,-0.0008,-0.0015,0.0022,-22.8
4.545,0.0045,-0.0008,0.0052,-0.0008,-22.9
4.546,0.0015,-0.0023,0.003,-0.006,-22.9
4.547,0.0052,-0.0046,0.0052,0.0022,-23.0
4.548,0.003,-0.0046,0.015,0.0082,-23.0
4.549,-0.0053,-0.0068,0.0157,0.0022,-23.0
4.55,-0.0128,-0.0083,0.012,0.0007,-23.0
4.551,-0.0188,-0.0083,0.0037,-0.0053,-23.1
4.552,-0.0233,-0.0083,-0.003,-0.003,-23.1
4.553,-0.0308,-0.0083,-0.0046,-0.0053,-23.1
4.554,-0.0308,-0.0091,-0.0083,0.0015,-23.2
4.555,-0.024,-0.0083,-0.012,0.0157,-23.2
4.556,-0.0173,-0.0075,-0.0105,0.006,-23.3
4.557,-0.0105,-0.006,-0.0046,0.0015,-23.3
4.558,-0.0053,-0.0053,0.0015,-0.0008,-23.3
4.559,-0.0015,-0.0053,0.0262,-0.0046,-23.4
4.56,-0.0046,-0.0046,0.0517,-0.0023,-23.4
4.561,-0.0015,-0.0053,0.0337,-0.0038,-23.4
4.562,0.003,-0.006,0.0007,-0.0008,-23.3
4.563,0.0045,-0.0046,-0.012,0.0007,-23.3
4.564,0.0135,-0.0015,-0.0233,-0.003,-23.2
4.565,0.021,-0.003,-0.03,-0.0023,-23.1
4.566,0.024,-0.003,-0.0315,-0.0091,-23.1
4.567,0.024,-0.003,-0.0293,-0.012,-23.0
4.568,0.0232,-0.0053,-0.021,-0.0015,-23.0
4.569,0.0277,-0.0046,-0.0046,0.0135,-22.9
4.57,0.0337,-0.0053,0.021,0.0142,-22.8
4.571,0.0285,-0.0068,0.0405,0.0067,-22.8
4.572,0.009,-0.0091,0.045,0.0045,-22.7
4.573,-0.0113,-0.0128,0.0382,-0.0008,-22.6
4.574,-0.0181,-0.0113,0.0352,-0.006,-22.5
4.575,-0.0165,-0.012,0.0375,-0.0046,-22.5
4.576,-0.0128,-0.0135,0.021,-0.0046,-22.5
4.577,-0.012,-0.0113,-0.003,-0.003,-22.4
4.578,-0.0046,-0.0105,-0.0195,-0.0015,-22.3
4.579,0.0045,-0.0105,-0.0323,-0.0008,-22.2
4.58,0.0097,-0.0091,-0.0361,0.0022,-22.2
4.581,0.0082,-0.012,-0.033,0.0045,-22.1
4.582,0.0037,-0.0128,-0.0203,0.0045,-22.1
4.583,0.0037,-0.0128,-0.0053,0.0045,-22.0
4.584,-0.006,-0.0128,-0.0015,0.0015,-21.9
4.585,-0.0233,-0.0128,0.0007,0.0007,-21.8
4.586,-0.0293,-0.012,-0.0023,0.0007,-21.8
4.587,-0.0158,-0.0083,-0.003,-0.0008,-21.7
4.588,0.0007,-0.0068,0.0015,-0.0015,-21.6
4.589,0.018,-0.0068,0.0052,-0.0015,-21.6
4.59,0.0315,-0.0068,0.009,-0.0023,-21.5
4.591,0.0345,-0.0083,0.0127,-0.0053,-21.4
4.592,0.0315,-0.0098,0.0262,-0.0068,-21.3
4.593,0.0232,-0.012,0.0517,-0.0015,-21.3
4.594,0.0232,-0.0113,0.0645,0.0052,-21.2
4.595,0.0255,-0.0083,0.0502,0.0082,-21.2
4.596,0.0255,-0.0053,0.018,0.006,-21.1
4.597,0.0172,-0.0038,-0.0181,0.0045,-21.0
4.598,-0.003,-0.0046,-0.0225,0.0007,-20.9
4.599,-0.012,-0.003,0.0007,0.0007,-20.9
4.6,-0.0128,0.0,-0.0038,-0.0008,-20.8
4.601,-0.012,0.0007,-0.027,-0.0068,-20.7
4.602,-0.0113,0.0007,-0.0375,-0.0046,-20.7
4.603,-0.0083,0.0007,-0.0518,-0.0068,-20.7
4.604,-0.0008,0.0015,-0.0465,-0.0098,-20.6
4.605,0.0007,0.0045,-0.033,-0.0098,-20.6
4.606,-0.0046,0.0067,-0.027,-0.0165,-20.6
4.607,-0.0135,0.0075,-0.0083,-0.0165,-20.5
4.608,-0.0195,0.009,0.003,-0.0038,-20.5
4.609,-0.0195,0.0097,0.0142,0.0022,-20.4
4.61,-0.0128,0.012,0.0157,0.006,-20.4
4.611,-0.0038,0.0127,0.0075,0.0217,-20.3
4.612,0.0105,0.012,0.009,0.0262,-20.3
4.613,0.0157,0.012,0.012,0.0172,-20.3
4.614,0.003,0.0082,0.0195,0.006,-20.2
4.615,-0.0113,0.0082,0.0202,-0.003,-20.2
4.616,-0.0128,0.0082,0.021,-0.006,-20.2
4.617,-0.0158,0.0075,0.0232,-0.0098,-20.1
4.618,-0.0128,0.0105,0.0127,-0.003,-20.1
4.619,-0.0083,0.0105,0.0045,0.0007,-20.0
4.62,-0.0113,0.0105,0.003,-0.003,-20.0
4.621,-0.0128,0.006,0.003,-0.0008,-20.0
4.622,-0.0143,0.0067,0.0037,-0.0008,-19.9
4.623,-0.0098,0.0067,0.0052,0.0022,-19.9
4.624,-0.0068,0.0082,0.0045,0.0007,-19.9
4.625,-0.003,0.0112,0.0015,0.0,-19.9
4.626,0.003,0.0105,-0.006,0.003,-19.9
4.627,0.018,0.0112,-0.0128,0.003,-19.8
4.628,0.0435,0.0097,-0.0158,0.0045,-19.8
4.629,0.0435,0.009,-0.0128,0.0045,-19.8
4.63,0.018,0.0082,-0.0046,0.0052,-19.8
4.631,-0.0008,0.0082,-0.012,0.006,-19.8
4.632,-0.0098,0.0067,-0.0203,0.0075,-19.8
4.633,0.0127,0.0015,-0.021,0.0105,-19.8
4.634,0.0195,0.0007,-0.0128,0.009,-19.7
4.635,-0.0091,-0.0008,-0.0015,0.0067,-19.7
4.636,-0.0248,-0.0015,0.0045,0.0052,-19.7
4.637,-0.0383,-0.003,0.0135,0.0022,-19.7
4.638,-0.0405,-0.0053,0.0157,-0.0023,-19.7
4.639,-0.0383,-0.006,0.0157,-0.0083,-19.6
4.64,-0.0285,-0.0068,0.0135,-0.0075,-19.6
4.641,-0.0068,-0.0053,0.012,-0.0046,-19.6
4.642,0.0067,-0.0046,0.018,-0.0015,-19.6
4.643,0.015,-0.0015,0.018,0.0022,-19.6
4.644,0.0157,0.0007,0.012,-0.0015,-19.6
4.645,0.0112,-0.0008,0.0082,-0.0023,-19.6
4.646,0.0082,-0.0015,0.003,-0.003,-19.5
4.647,0.0067,-0.0023,-0.003,-0.003,-19.5
4.648,0.003,-0.0023,-0.0098,-0.003,-19.5
4.649,0.0007,-0.003,-0.0143,-0.003,-19.5
4.65,0.0007,-0.003,-0.0083,-0.003,-19.5
4.651,0.0007,-0.0008,-0.0015,-0.003,-19.5
4.652,0.0015,-0.003,-0.003,0.0007,-19.5
4.653,-0.0008,-0.0046,-0.0015,0.003,-19.5
4.654,0.0037,-0.003,0.0007,0.0037,-19.5
4.655,0.0105,-0.003,0.0015,0.003,-19.4
4.656,0.0142,-0.0015,0.0045,0.003,-19.4
4.657,0.0172,0.0015,0.0015,0.0067,-19.4
4.658,0.0135,-0.0008,-0.0008,0.0067,-19.4
4.659,0.0037,-0.0053,-0.0008,0.0015,-19.4
4.66,-0.0046,-0.006,-0.003,-0.0015,-19.4
4.661,-0.0068,-0.006,-0.0053,0.0007,-19.4
4.662,-0.0068,-0.0053,-0.0046,0.0015,-19.4
4.663,-0.003,-0.003,-0.0068,0.0015,-19.4
4.664,0.0015,-0.0046,-0.0098,-0.0008,-19.4
4.665,0.0052,-0.0046,-0.0098,-0.003,-19.4
4.666,0.0052,-0.003,-0.0023,-0.0083,-19.4
4.667,0.0007,-0.0023,0.024,-0.0068,-19.4
4.668,-0.003,-0.003,0.045,-0.0046,-19.4
4.669,-0.0091,-0.003,0.0292,-0.0015,-19.4
4.67,-0.0053,-0.0015,0.0045,0.006,-19.3
4.671,0.003,-0.0008,-0.0135,0.0067,-19.3
4.672,0.0015,0.0,-0.0278,0.0082,-19.3
4.673,-0.0015,-0.0023,-0.027,0.0045,-19.3
4.674,-0.0083,-0.0046,-0.0218,-0.0053,-19.3
4.675,-0.0128,-0.0053,-0.0068,-0.0068,-19.3
4.676,-0.0098,-0.0068,0.0052,-0.0083,-19.3
4.677,-0.0046,-0.0046,0.0022,-0.0075,-19.3
4.678,0.0007,-0.0015,0.0,-0.0046,-19.3
4.679,0.0045,-0.0015,0.0007,-0.0023,-19.3
4.68,0.0052,-0.0015,0.0015,-0.003,-19.3
4.681,0.0045,-0.0015,0.003,-0.0046,-19.3
4.682,0.0022,-0.0015,0.0067,-0.0023,-19.2
4.683,0.0052,-0.0015,0.009,0.0,-19.2
4.684,0.0067,0.0,0.0112,0.0007,-19.2
4.685,0.0052,0.0007,0.0127,0.0,-19.2
4.686,0.003,-0.0015,0.0142,-0.0015,-19.2
4.687,-0.0015,-0.0015,0.012,-0.0015,-19.2
4.688,-0.0038,-0.0015,0.0082,-0.0008,-19.2
4.689,-0.0038,-0.0015,0.0082,-0.0015,-19.1
4.69,-0.0068,-0.0015,0.0082,-0.0008,-19.1
4.691,-0.0068,0.0007,0.006,0.0007,-19.1
4.692,-0.0053,-0.0008,0.0045,-0.0023,-19.1
4.693,-0.0046,0.0007,0.0045,-0.003,-19.1
4.694,-0.003,0.0037,0.0015,-0.0038,-19.1
4.695,-0.0046,0.0015,0.0022,-0.0015,-19.0
4.696,-0.003,0.0015,0.0045,-0.0075,-19.0
4.697,-0.0046,0.0015,0.003,-0.0165,-19.0
4.698,-0.0068,0.003,0.0045,-0.0098,-19.0
4.699,-0.0046,0.0037,0.0045,0.003,-19.0
4.7,-0.0008,0.0015,0.003,-0.0008,-19.0
4.701,0.0045,0.0007,0.003,0.0007,-19.0
4.702,0.0097,0.0,0.003,0.015,-18.9
4.703,0.0105,0.0,0.0037,0.0142,-18.9
4.704,0.009,0.0,0.0067,0.009,-18.9
4.705,0.0052,-0.003,0.012,0.0082,-18.9
4.706,0.0022,-0.0015,0.0075,0.0082,-18.9
4.707,0.003,-0.0015,0.0022,0.0067,-18.9
4.708,0.0015,-0.0015,0.0022,0.0037,-18.9
4.709,-0.0008,-0.0038,-0.0008,0.0022,-18.8
4.71,-0.0008,-0.0046,-0.0008,0.003,-18.8
4.711,-0.0038,-0.0053,0.0022,0.0,-18.8
4.712,-0.0008,-0.0075,0.0045,-0.003,-18.8
4.713,0.003,-0.0068,0.0052,-0.0038,-18.8
4.714,0.003,-0.0083,0.0075,-0.003,-18.7
4.715,0.003,-0.0068,0.0067,-0.0008,-18.7
4.716,0.0022,-0.0083,0.0045,-0.0015,-18.7
4.717,-0.0015,-0.012,0.003,-0.003,-18.7
4.718,-0.0053,-0.0098,0.0022,-0.0008,-18.7
4.719,-0.003,-0.0083,-0.0008,-0.0008,-18.6
4.72,-0.0038,-0.0068,-0.0046,0.0007,-18.6
4.721,-0.0053,-0.0075,-0.0015,0.003,-18.6
4.722,-0.0053,-0.0068,0.0067,0.0045,-18.6
4.723,-0.0046,-0.0053,0.0292,-0.0015,-18.5
4.724,-0.0038,-0.0046,0.0307,-0.0068,-18.5
4.725,-0.0008,-0.0015,0.0045,-0.0008,-18.5
4.726,0.0052,-0.0015,-0.012,-0.0023,-18.5
4.727,0.0067,-0.0015,-0.027,-0.0023,-18.4
4.728,0.0075,-0.0008,-0.0383,0.0015,-18.4
4.729,0.0075,-0.0015,-0.0353,0.0105,-18.4
4.73,0.012,-0.0023,-0.0315,0.0195,-18.3
4.731,0.0127,-0.0038,-0.0203,0.0015,-18.3
4.732,0.0022,-0.0038,-0.0143,-0.0038,-18.3
4.733,-0.0083,-0.0015,-0.0053,-0.0038,-18.2
4.734,-0.012,-0.0015,-0.0008,-0.0068,-18.2
4.735,-0.0091,-0.0015,-0.0015,-0.0015,-18.1
4.736,-0.0046,-0.0008,0.0007,-0.0015,-18.1
4.737,-0.003,-0.0015,0.0015,0.0007,-18.1
4.738,-0.0023,0.0,0.0007,-0.0015,-18.0
4.739,-0.0015,0.0007,0.0007,-0.0008,-18.0
4.74,0.0015,-0.0008,0.0,0.0015,-18.0
4.741,0.0007,-0.0015,-0.0008,0.0,-18.0
4.742,-0.0015,-0.0008,-0.0023,0.003,-18.0
4.743,-0.0023,0.0007,-0.0046,-0.0008,-17.9
4.744,-0.0053,0.0015,0.009,-0.0015,-17.9
4.745,-0.0038,0.0007,0.03,-0.0015,-17.9
4.746,-0.0046,0.003,0.0247,-0.0038,-17.9
4.747,-0.003,0.0045,-0.0015,-0.0053,-17.9
4.748,0.003,0.003,-0.0165,-0.0053,-17.8
4.749,0.0067,0.0045,-0.0308,-0.003,-17.8
4.75,0.0082,0.0052,-0.0353,0.0007,-17.8
4.751,0.0007,0.003,-0.0308,-0.0008,-17.7
4.752,-0.0075,0.003,-0.021,-0.0008,-17.7
4.753,-0.012,0.0015,0.0165,0.0007,-17.7
4.754,-0.0128,0.0007,0.0592,-0.0015,-17.7
4.755,-0.0091,0.0,0.0532,0.0015,-17.6
4.756,-0.0046,-0.0015,0.0142,0.0007,-17.6
4.757,0.003,-0.0015,-0.0143,-0.0008,-17.6
4.758,0.0067,-0.0008,-0.039,0.0045,-17.6
4.759,0.0127,0.0007,-0.0405,0.0067,-17.6
4.76,0.0165,-0.0023,-0.0293,0.0067,-17.6
4.761,0.009,-0.006,-0.015,0.0052,-17.6
4.762,0.0037,-0.006,0.0007,0.003,-17.6
4.763,0.0007,-0.0046,0.0045,-0.0008,-17.5
4.764,-0.0008,-0.0038,0.0127,-0.0008,-17.5
4.765,0.0,-0.0038,0.0127,0.0,-17.5
4.766,-0.0015,-0.0015,0.0105,-0.0023,-17.5
4.767,-0.003,0.0,0.015,-0.0015,-17.5
4.768,-0.0038,-0.0008,0.0142,-0.003,-17.5
4.769,-0.0046,0.0,0.0142,-0.0046,-17.5
4.77,-0.0038,0.0007,0.0142,-0.0038,-17.5
4.771,-0.0015,0.003,0.0232,-0.0053,-17.5
4.772,0.0015,0.0022,0.0292,-0.0053,-17.5
4.773,0.0037,0.0007,0.0315,-0.0038,-17.4
4.774,0.0007,0.0015,0.0277,-0.0008,-17.4
4.775,-0.003,0.0007,0.0202,-0.0008,-17.4
4.776,-0.0068,0.0015,0.0165,-0.0008,-17.4
4.777,-0.0083,0.0007,0.015,-0.0008,-17.4
4.778,-0.0068,0.0007,0.015,-0.003,-17.4
4.779,-0.0038,-0.0008,0.0105,-0.0015,-17.4
4.78,-0.0008,-0.0008,0.0082,-0.0015,-17.4
4.781,-0.0008,0.0,0.0097,0.0,-17.4
4.782,0.003,-0.0008,0.0037,0.0015,-17.3
4.783,0.0022,-0.0015,0.003,0.0045,-17.3
4.784,-0.0015,-0.0023,0.0045,0.0127,-17.3
4.785,0.0,-0.0015,0.0015,0.0232,-17.3
4.786,0.0052,-0.0023,0.0045,0.0165,-17.3
4.787,0.0097,-0.0038,0.003,0.0082,-17.3
4.788,0.003,-0.0038,0.003,0.0082,-17.2
4.789,-0.0068,-0.0053,0.0075,0.0037,-17.2
4.79,-0.0128,-0.0068,0.0022,0.0022,-17.2
4.791,-0.0098,-0.006,-0.0015,-0.0008,-17.2
4.792,-0.0038,-0.0038,-0.0015,-0.0015,-17.2
4.793,-0.003,-0.0023,-0.0046,-0.003,-17.1
4.794,0.0022,0.0,-0.0083,-0.0053,-17.1
4.795,0.0082,0.0007,-0.012,-0.0038,-17.1
4.796,0.0105,0.0015,-0.0075,-0.0038,-17.1
4.797,0.0082,0.0007,-0.0053,-0.0015,-17.1
4.798,0.009,0.0,-0.0068,-0.0023,-17.1
4.799,0.0067,0.0,-0.0091,-0.003,-17.1
4.8,0.003,-0.0015,-0.0128,-0.003,-17.1
4.801,0.003,-0.003,-0.0098,-0.0008,-17.0
4.802,0.0015,-0.0015,-0.0083,0.0045,-17.0
4.803,0.0015,0.0,-0.0105,0.0052,-17.0
4.804,0.0037,-0.0015,-0.0083,0.0045,-16.9
4.805,0.003,-0.0015,-0.0091,0.0007,-16.9
4.806,0.0037,0.0,-0.0083,-0.0023,-16.8
4.807,0.0045,-0.0008,-0.0053,-0.0046,-16.8
4.808,0.0022,0.0,-0.0046,-0.0046,-16.8
4.809,0.0015,0.0,-0.003,-0.003,-16.7
4.81,0.0037,-0.0008,-0.0015,0.0015,-16.7
4.811,0.0015,0.0015,-0.0015,0.0067,-16.7
4.812,-0.0023,0.0,-0.0008,0.0157,-16.7
4.813,-0.0046,-0.0015,0.003,0.012,-16.6
4.814,-0.0038,-0.0015,0.003,-0.003,-16.6
4.815,-0.003,-0.0023,0.0007,-0.0083,-16.6
4.816,-0.0008,-0.003,-0.0038,-0.0091,-16.5
4.817,0.0022,-0.0053,-0.0046,-0.0091,-16.5
4.818,0.006,-0.0046,-0.003,-0.0053,-16.4
4.819,0.0082,-0.0046,0.0007,-0.0023,-16.4
4.82,0.0075,-0.003,0.006,0.0007,-16.4
4.821,0.0105,-0.003,0.0082,0.0052,-16.3
4.822,0.009,-0.0015,0.0105,0.0082,-16.3
4.823,0.0052,0.0,0.0082,0.006,-16.3
4.824,0.003,0.0007,0.0067,0.0,-16.2
4.825,-0.0008,0.0015,0.0052,-0.0105,-16.2
4.826,-0.003,0.003,0.0052,-0.0091,-16.2
4.827,-0.0015,0.0045,0.003,-0.003,-16.2
4.828,-0.003,0.0022,0.0015,-0.0046,-16.2
4.829,-0.0015,0.0007,0.0015,-0.0053,-16.1
4.83,-0.0015,0.0007,0.0015,-0.0053,-16.1
4.831,-0.0046,-0.0008,0.0022,-0.003,-16.1
4.832,-0.003,0.0015,0.0007,-0.0015,-16.0
4.833,0.003,0.0022,-0.0008,-0.0015,-16.0
4.834,0.012,0.0015,0.0,-0.0008,-16.0
4.835,0.0105,0.0007,-0.0008,-0.003,-15.9
4.836,-0.0008,0.0007,0.0,-0.003,-15.9
4.837,-0.0113,0.0015,-0.0008,-0.0015,-15.9
4.838,-0.0188,0.0007,-0.0015,-0.0015,-15.8
4.839,-0.0158,0.0015,-0.0015,-0.0008,-15.8
4.84,-0.0135,0.0015,-0.0008,-0.0038,-15.8
4.841,-0.012,0.0022,-0.0038,-0.0023,-15.8
4.842,-0.0083,0.0015,-0.003,-0.0015,-15.8
4.843,-0.0046,-0.0023,-0.0023,-0.003,-15.7
4.844,0.003,-0.0015,-0.0008,0.0007,-15.7
4.845,0.0082,-0.0008,0.0007,0.003,-15.7
4.846,0.0037,0.0,0.0015,0.0037,-15.6
4.847,0.0015,0.0,0.0045,0.0045,-15.6
4.848,0.003,-0.0008,0.0015,0.003,-15.6
4.849,0.003,0.0,0.0007,0.003,-15.5
4.85,0.0007,-0.0008,0.0015,0.0022,-15.5
4.851,0.0015,0.0,0.0,0.003,-15.5
4.852,0.0022,0.0007,0.0007,0.003,-15.4
4.853,-0.0015,0.0007,0.0007,0.0045,-15.4
4.854,-0.0023,0.0,0.0015,0.0052,-15.4
4.855,-0.0023,-0.0023,0.0007,0.0015,-15.3
4.856,-0.0015,-0.003,0.0007,0.0015,-15.3
4.857,-0.0023,-0.0015,0.0,0.0022,-15.3
4.858,-0.0015,-0.003,-0.0023,0.0022,-15.3
4.859,-0.0015,-0.0053,-0.0008,0.0015,-15.3
4.86,-0.0015,-0.0046,0.0,-0.0015,-15.2
4.861,-0.0015,-0.0046,0.0,-0.0046,-15.2
4.862,-0.0015,-0.0046,-0.0008,-0.0075,-15.2
4.863,-0.0023,-0.0053,-0.0008,-0.0091,-15.2
4.864,-0.0046,-0.0075,-0.0023,-0.0091,-15.2
4.865,-0.003,-0.0075,-0.003,-0.0105,-15.1
4.866,-0.0015,-0.0091,-0.0038,-0.0091,-15.1
4.867,-0.0008,-0.0083,-0.0015,-0.003,-15.1
4.868,0.0015,-0.006,0.0007,-0.0008,-15.1
4.869,0.0015,-0.0053,-0.0015,-0.0008,-15.1
4.87,0.0022,-0.0053,0.0,0.0022,-15.1
4.871,0.003,-0.0068,0.0015,0.0015,-15.1
4.872,0.003,-0.0046,0.003,0.003,-15.0
4.873,-0.0008,-0.003,0.0007,0.0045,-15.0
4.874,-0.0015,-0.0023,-0.0015,0.0045,-15.0
4.875,-0.0008,-0.0023,0.0007,0.0045,-15.0
4.876,-0.0015,0.0007,0.0015,0.003,-15.0
4.877,-0.0015,-0.0008,0.0015,0.006,-15.0
4.878,-0.0015,-0.0015,0.0007,0.0022,-15.0
4.879,0.0,-0.0015,0.0007,0.0045,-14.9
4.88,0.003,-0.003,0.0007,0.0045,-14.9
4.881,0.003,-0.003,0.0007,0.0007,-14.9
4.882,0.0007,-0.0015,0.0015,0.003,-14.9
4.883,-0.0015,-0.0008,0.0022,0.003,-14.9
4.884,-0.003,0.0,0.0015,0.0022,-14.9
4.885,-0.0008,0.0007,0.0022,0.0007,-14.9
4.886,0.0007,0.0015,0.003,-0.0015,-14.9
4.887,-0.0008,0.0015,0.0052,-0.0008,-14.9
4.888,0.0007,0.003,0.0045,-0.0008,-14.8
4.889,0.0007,0.003,0.0015,-0.0008,-14.8
4.89,0.0037,0.0007,0.0007,-0.0008,-14.8
4.891,0.006,-0.0023,0.0015,0.0007,-14.8
4.892,0.003,-0.0015,0.0015,0.0,-14.8
4.893,0.0015,-0.0015,0.0007,0.0015,-14.7
4.894,0.0022,-0.0008,0.0007,-0.0008,-14.7
4.895,0.003,0.0,0.0007,-0.0023,-14.7
4.896,0.003,-0.0015,-0.0008,0.0022,-14.7
4.897,0.0022,-0.0008,-0.0008,0.0045,-14.7
4.898,0.0007,-0.0008,0.0015,0.0052,-14.7
4.899,-0.003,-0.0023,0.003,0.0045,-14.6
4.9,-0.0023,-0.0015,0.0045,0.0045,-14.6
4.901,0.0007,-0.003,0.0052,0.0037,-14.6
4.902,0.0015,-0.003,0.003,0.0037,-14.6
4.903,0.0015,-0.0023,0.0052,0.0067,-14.6
4.904,0.0015,-0.0008,0.0082,0.006,-14.6
4.905,0.0007,0.0,0.0067,-0.0015,-14.5
4.906,0.0007,0.0015,0.0045,-0.0098,-14.5
4.907,0.0022,0.003,0.0022,0.0007,-14.5
4.908,0.0007,0.0022,0.006,0.0037,-14.5
4.909,0.0007,0.0015,0.009,-0.0008,-14.5
4.91,0.0007,-0.0008,0.0082,-0.0008,-14.5
4.911,0.0015,-0.0008,0.006,-0.0046,-14.5
4.912,0.0007,0.0,0.0052,-0.0023,-14.4
4.913,0.0015,-0.0015,0.003,-0.003,-14.4
4.914,0.0022,-0.0008,0.003,-0.0023,-14.4
4.915,0.0022,-0.0015,0.0045,-0.0038,-14.4
4.916,0.0015,0.0,0.0082,-0.0015,-14.4
4.917,0.0007,0.0,0.0097,0.0015,-14.4
4.918,0.0015,0.0007,0.009,0.0015,-14.4
4.919,0.0007,0.0007,0.0082,0.003,-14.4
4.92,0.0,0.0,0.006,0.0015,-14.4
4.921,-0.0023,0.0007,0.0052,0.003,-14.4
4.922,-0.003,0.0,0.003,0.003,-14.3
4.923,-0.003,0.0015,0.0015,0.0045,-14.3
4.924,-0.0015,-0.0008,0.003,0.0037,-14.3
4.925,-0.0023,-0.0023,0.0015,0.0022,-14.3
4.926,-0.0015,-0.003,0.0007,0.003,-14.3
4.927,-0.0008,-0.003,0.0007,0.0022,-14.3
4.928,-0.0008,-0.003,0.003,0.0015,-14.2
4.929,-0.0015,-0.003,0.0037,0.0007,-14.2
4.93,0.0007,-0.0008,0.0037,-0.0015,-14.2
4.931,0.0045,-0.0008,0.0022,-0.0015,-14.2
4.932,0.0045,-0.0015,0.0007,-0.0008,-14.2
4.933,-0.0008,-0.0015,0.0007,-0.0015,-14.1
4.934,-0.0008,-0.0046,0.0007,-0.0015,-14.1
4.935,0.003,-0.003,0.0022,-0.0038,-14.1
4.936,0.0045,-0.0015,0.0007,-0.0046,-14.1
4.937,0.0,-0.0008,0.0007,-0.0015,-14.1
4.938,-0.0038,0.0007,-0.0008,-0.003,-14.1
4.939,-0.0038,0.0015,0.0,-0.0023,-14.0
4.94,-0.003,0.003,0.003,0.0,-14.0
4.941,-0.0008,0.0015,0.0022,-0.0008,-14.0
4.942,0.0007,0.0,0.0015,-0.0038,-14.0
4.943,0.0,-0.0008,0.0015,-0.0053,-14.0
4.944,-0.0015,-0.0008,0.0007,-0.0046,-14.0
4.945,-0.0008,-0.0015,0.0,-0.0015,-13.9
4.946,0.0015,-0.003,-0.0008,0.0007,-13.9
4.947,0.006,-0.0053,-0.0008,-0.0008,-13.9
4.948,0.009,-0.0053,-0.0008,0.0007,-13.9
4.949,0.0037,-0.0046,-0.0023,-0.0008,-13.8
4.95,-0.003,-0.006,-0.003,-0.0008,-13.8
4.951,-0.0083,-0.0046,-0.0015,0.0015,-13.8
4.952,-0.012,-0.003,-0.0015,0.0015,-13.7
4.953,-0.0158,-0.003,-0.0008,0.003,-13.7
4.954,-0.0158,-0.0015,-0.0023,0.0007,-13.7
4.955,-0.012,-0.0015,-0.003,0.0015,-13.7
4.956,-0.0068,-0.0015,-0.0015,0.0022,-13.6
4.957,0.0045,-0.0015,-0.003,-0.0008,-13.6
4.958,0.0172,-0.0008,0.0,-0.003,-13.6
4.959,0.0135,0.0007,0.0022,-0.0075,-13.6
4.96,0.0045,-0.0008,0.0007,-0.0075,-13.5
4.961,0.003,-0.0008,0.0015,-0.0053,-13.5
4.962,-0.0008,0.003,0.0007,-0.0046,-13.5
4.963,0.0015,0.0067,0.0007,0.0,-13.5
4.964,0.0045,0.0052,0.0015,0.0007,-13.4
4.965,0.0052,0.0052,0.0007,0.0037,-13.4
4.966,0.0037,0.0045,0.003,0.0037,-13.4
4.967,0.0015,-0.0008,0.0015,0.003,-13.3
4.968,0.0015,-0.003,0.003,0.0052,-13.3
4.969,-0.0008,-0.0023,0.009,0.0045,-13.3
4.97,-0.0015,-0.0015,0.0075,0.0045,-13.2
4.971,-0.003,-0.0015,0.0075,0.0045,-13.2
4.972,-0.0038,-0.0023,0.0082,0.0052,-13.2
4.973,-0.0008,-0.003,0.0015,0.003,-13.2
4.974,0.0007,-0.0038,0.0022,0.0007,-13.1
4.975,0.0015,-0.0046,0.0045,-0.0023,-13.1
4.976,0.0015,-0.003,-0.0015,-0.0046,-13.1
4.977,0.0045,-0.003,-0.0128,-0.006,-13.1
4.978,0.0082,-0.0046,-0.0195,-0.0113,-13.0
4.979,0.0045,-0.0038,-0.0158,-0.0143,-13.0
4.98,0.0015,-0.0038,-0.0158,-0.0105,-13.0
4.981,0.0022,-0.003,-0.0105,-0.0038,-12.9
4.982,0.0045,-0.0015,-0.003,-0.0008,-12.9
4.983,0.0015,-0.0008,0.0022,-0.0008,-12.9
4.984,-0.0053,-0.0008,0.0082,-0.0015,-12.8
4.985,-0.0046,-0.0023,0.0135,-0.0046,-12.8
4.986,-0.0053,0.0007,0.0187,-0.0046,-12.8
4.987,-0.0091,0.0052,0.0157,-0.0023,-12.7
4.988,-0.0053,0.009,0.0105,-0.0015,-12.7
4.989,-0.0008,0.0075,0.0052,-0.0008,-12.7
4.99,0.003,0.0067,-0.0015,0.0022,-12.6
4.991,0.0022,0.0052,-0.0008,0.003,-12.6
4.992,0.0007,0.0022,-0.0008,0.0045,-12.6
4.993,0.0007,0.0007,0.0,0.0067,-12.6
4.994,-0.0015,-0.0038,0.0045,0.0045,-12.5
4.995,-0.0023,-0.0053,0.003,0.003,-12.5
4.996,-0.0015,-0.0105,0.0015,0.0015,-12.5
4.997,-0.0008,-0.0128,0.0045,0.0022,-12.4
4.998,0.0007,-0.0158,0.0037,0.003,-12.4
4.999,0.0015,-0.0143,0.0015,0.0015,-12.4
5.0,0.0015,-0.0105,0.003,0.0015,-12.3
5.001,0.0007,-0.0075,0.0015,0.0007,-12.3
5.002,0.0015,-0.0015,0.0007,0.0015,-12.3
5.003,0.0015,0.0007,0.0015,0.0,-12.2
5.004,0.0015,-0.0046,0.0,-0.0015,-12.2
5.005,0.0007,-0.0068,0.0,0.003,-12.2
5.006,0.0007,-0.0053,-0.0015,0.003,-12.2
5.007,0.0015,-0.003,0.0,0.003,-12.2
5.008,0.0,0.0007,0.0015,0.003,-12.1
5.009,0.0,0.0022,0.0037,0.0022,-12.1
5.01,0.0015,0.0022,0.0045,0.003,-12.1
5.011,0.0045,0.0037,0.0022,0.0015,-12.0
5.012,0.0022,0.0022,0.003,0.0007,-12.0
5.013,-0.0008,0.0007,0.003,0.003,-12.0
5.014,-0.0008,0.0015,0.0007,0.0,-12.0
5.015,-0.0023,0.0007,0.0007,-0.003,-11.9
5.016,0.0007,0.0015,0.0007,-0.0046,-11.9
5.017,0.0007,0.0007,0.0007,-0.0038,-11.9
5.018,-0.0008,0.0007,0.0,-0.0008,-11.8
5.019,0.0007,0.003,0.0015,0.0015,-11.8
5.02,0.0015,0.0015,0.0022,0.0015,-11.8
5.021,0.0015,0.0022,0.0015,0.0007,-11.8
5.022,0.0015,0.0022,0.0045,0.0,-11.8
5.023,-0.0008,0.003,0.006,0.0007,-11.7
5.024,0.0,0.003,0.0067,0.0015,-11.7
5.025,0.0,0.003,0.0067,0.0022,-11.7
5.026,-0.0015,0.0037,0.003,0.0015,-11.7
5.027,-0.0046,0.0037,0.003,0.0007,-11.7
5.028,-0.0091,0.003,0.0045,0.0015,-11.7
5.029,-0.0128,0.0,0.0022,0.0,-11.7
5.03,-0.0091,-0.0008,0.0022,0.0007,-11.7
5.031,-0.0046,-0.003,0.0015,0.0015,-11.7
5.032,-0.003,-0.0038,0.003,-0.0008,-11.7
5.033,0.0007,-0.0053,0.0045,0.0007,-11.7
5.034,0.006,-0.006,0.0015,0.003,-11.7
5.035,0.009,-0.0038,0.0,0.0045,-11.6
5.036,0.0052,-0.0046,-0.0015,0.0045,-11.6
5.037,0.0052,-0.0046,-0.0015,0.003,-11.6
5.038,0.0052,-0.0023,-0.0008,0.0045,-11.6
5.039,0.0037,-0.0015,-0.0008,0.0045,-11.6
5.04,0.0052,0.0,-0.0015,0.0022,-11.6
5.041,0.0075,-0.0008,-0.003,0.0,-11.6
5.042,0.0127,-0.0008,-0.0015,0.0,-11.6
5.043,0.0142,0.0007,0.0015,0.0015,-11.6
5.044,0.012,-0.0008,0.0045,0.0007,-11.6
5.045,0.006,-0.0023,0.0052,-0.0015,-11.6
5.046,0.0,-0.0038,0.0045,-0.0023,-11.6
5.047,-0.0046,-0.0023,0.0015,-0.0015,-11.6
5.048,-0.012,-0.0015,0.0007,-0.003,-11.6
5.049,-0.0165,-0.0023,-0.0008,-0.003,-11.6
5.05,-0.0165,-0.0046,-0.0008,-0.0038,-11.6
5.051,-0.012,-0.0046,0.0007,-0.003,-11.6
5.052,-0.0023,-0.003,0.0022,-0.003,-11.6
5.053,0.0045,-0.0015,0.0,-0.0038,-11.6
5.054,0.0045,0.0007,-0.003,-0.0015,-11.6
5.055,0.003,0.003,-0.003,-0.0015,-11.6
5.056,0.0015,0.003,-0.0046,-0.0023,-11.6
5.057,0.0007,0.0015,-0.006,-0.003,-11.6
5.058,0.0007,-0.0008,-0.0068,-0.003,-11.6
5.059,0.0007,-0.0053,-0.0053,-0.0023,-11.6
5.06,0.0022,-0.0083,-0.0015,-0.0008,-11.6
5.061,0.0037,-0.0091,0.006,0.0,-11.6
5.062,0.006,-0.0091,0.0105,0.0007,-11.6
5.063,0.0067,-0.0053,0.0052,0.0007,-11.7
5.064,0.0045,-0.003,0.0022,-0.0015,-11.7
5.065,0.0037,-0.0015,-0.0015,-0.0023,-11.7
5.066,0.003,0.0007,-0.0023,-0.0015,-11.7
5.067,-0.0008,-0.0008,0.0052,-0.0015,-11.7
5.068,-0.003,0.0007,0.0075,-0.0015,-11.7
5.069,-0.0046,0.003,0.0097,0.0007,-11.7
5.07,-0.0015,0.0045,0.0097,0.0022,-11.8
5.071,0.0007,0.0037,0.0067,0.0007,-11.8
5.072,0.0007,0.0015,0.0052,0.0007,-11.8
5.073,0.0022,0.0007,0.003,0.0015,-11.9
5.074,0.0022,-0.0008,0.0015,0.0015,-11.9
5.075,-0.0008,-0.0015,-0.003,0.003,-11.9
5.076,-0.0008,0.0,-0.0046,0.0037,-11.9
5.077,-0.0023,0.003,-0.0053,0.0052,-11.9
5.078,-0.003,0.0052,-0.0083,0.003,-12.0
5.079,-0.0008,0.003,-0.0046,0.0022,-12.0
5.08,-0.0046,0.0015,-0.003,0.0015,-12.1
5.081,-0.003,-0.0008,0.0007,0.0007,-12.1
5.082,0.0,-0.0015,0.0045,0.0015,-12.1
5.083,0.0007,-0.0038,0.0045,0.0007,-12.1
5.084,-0.0008,-0.0068,0.0037,0.0,-12.2
5.085,-0.0015,-0.0098,0.0015,0.0,-12.2
5.086,-0.0008,-0.0105,0.0022,-0.0015,-12.2
5.087,-0.003,-0.012,0.0037,-0.0015,-12.3
5.088,-0.0015,-0.0105,0.003,-0.0023,-12.3
5.089,-0.003,-0.006,-0.0015,-0.003,-12.3
5.09,-0.0038,-0.0023,-0.0083,-0.0015,-12.4
5.091,-0.0015,0.0015,-0.012,0.0015,-12.4
5.092,-0.0015,0.003,-0.0091,-0.0008,-12.5
5.093,-0.0008,0.0015,-0.003,-0.0015,-12.5
5.094,-0.0008,0.003,0.0015,-0.0008,-12.5
5.095,-0.0015,0.0045,0.0045,-0.0023,-12.6
5.096,-0.0008,0.0045,0.003,-0.0008,-12.6
5.097,-0.0008,0.0037,0.003,-0.0008,-12.6
5.098,-0.0015,0.003,0.0045,0.0,-12.6
5.099,0.0,0.0067,0.0067,0.0007,-12.7
5.1,0.0015,0.009,0.0052,-0.0015,-12.8
5.101,0.0015,0.0082,0.0007,-0.0015,-12.8
5.102,0.0015,0.0067,0.0007,-0.0023,-12.8
5.103,0.0007,0.0015,0.0007,-0.006,-12.9
5.104,0.0022,-0.003,0.0015,-0.0053,-12.9
5.105,0.0015,-0.0068,0.003,-0.003,-13.0
5.106,0.0007,-0.0091,0.003,-0.003,-13.0
5.107,-0.0008,-0.006,0.003,-0.0008,-13.1
5.108,-0.0008,-0.0038,0.0015,0.003,-13.1
5.109,0.0,-0.003,0.0022,0.0075,-13.1
5.11,-0.0015,-0.0038,0.0022,0.003,-13.2
5.111,0.0022,-0.0068,-0.0008,-0.0015,-13.2
5.112,0.0007,-0.0091,0.0015,0.0,-13.2
5.113,-0.0008,-0.0053,0.003,-0.003,-13.3
5.114,-0.0008,-0.0008,0.003,-0.0015,-13.3
5.115,-0.0008,0.0007,0.0022,-0.0015,-13.4
5.116,0.0007,0.0007,0.0007,0.0007,-13.4
5.117,0.0015,0.0015,0.0022,0.0,-13.5
5.118,0.0015,-0.003,0.0015,0.0,-13.5
5.119,0.0007,-0.0091,0.0007,0.0007,-13.5
5.12,0.0007,-0.0128,0.0,-0.0038,-13.6
5.121,-0.0008,-0.0105,-0.0015,-0.003,-13.6
5.122,-0.0008,-0.0046,0.0007,-0.0023,-13.7
5.123,0.0,-0.0023,0.0007,-0.0015,-13.8
5.124,-0.0015,-0.0038,0.0007,-0.0015,-13.8
5.125,-0.0038,-0.003,0.0007,-0.0008,-13.9
5.126,-0.003,-0.0015,0.0015,0.0015,-13.9
5.127,-0.0046,0.0022,0.0015,0.0,-14.0
5.128,-0.0046,0.0045,0.0015,-0.0008,-14.0
5.129,-0.003,0.0067,0.0007,0.0015,-14.1
5.13,-0.0038,0.0142,0.0015,0.0052,-14.1
5.131,-0.0046,0.0217,0.003,0.0082,-14.2
5.132,-0.0038,0.0292,0.0007,0.009,-14.2
5.133,-0.0023,0.0307,-0.0023,0.0067,-14.3
5.134,-0.003,0.0217,0.0,0.0045,-14.4
5.135,-0.0038,0.009,0.0015,0.0022,-14.4
5.136,-0.003,-0.0083,0.0022,-0.003,-14.4
5.137,-0.003,-0.0203,0.003,-0.0038,-14.5
5.138,0.0007,-0.024,0.0015,-0.0046,-14.6
5.139,0.0015,-0.0233,0.0015,-0.0046,-14.6
5.14,0.003,-0.0218,0.0045,-0.0046,-14.7
5.141,0.003,-0.0203,0.003,-0.0038,-14.8
5.142,0.0022,-0.0128,0.0015,0.0015,-14.8
5.143,0.0022,-0.0068,0.0015,0.0015,-14.9
5.144,0.003,-0.0038,0.0037,0.0022,-14.9
5.145,0.0037,-0.003,0.003,0.0007,-15.0
5.146,0.0045,-0.006,0.0007,0.0015,-15.1
5.147,0.0045,-0.003,0.0037,0.006,-15.2
5.148,0.006,0.003,0.0037,0.0082,-15.3
5.149,0.0052,0.0045,0.0045,0.0067,-15.3
5.15,0.006,0.0037,0.0082,0.0045,-15.4
5.151,0.009,0.0037,0.0045,0.0067,-15.5
5.152,0.009,0.0022,0.0037,0.006,-15.5
5.153,0.009,0.0037,0.0052,0.0052,-15.6
5.154,0.0067,0.0052,0.0045,0.0067,-15.7
5.155,0.0045,0.0022,0.0045,0.003,-15.8
5.156,0.0007,-0.0008,0.003,0.0015,-15.8
5.157,-0.0008,-0.0008,0.003,0.0007,-15.9
5.158,0.0007,0.0015,0.0045,0.0007,-16.0
5.159,0.0,0.003,0.0022,0.0015,-16.0
5.16,-0.0008,0.009,0.0045,0.0007,-16.2
5.161,-0.0008,0.012,0.0037,0.0007,-16.2
5.162,-0.0015,0.0045,0.0007,-0.0023,-16.3
5.163,-0.003,-0.003,-0.0008,-0.0008,-16.4
5.164,-0.0046,-0.0083,-0.0038,-0.0015,-16.5
5.165,-0.0053,-0.0143,-0.0053,-0.0046,-16.6
5.166,-0.0053,-0.0135,-0.0053,-0.0046,-16.7
5.167,-0.0053,-0.0068,-0.0053,-0.0053,-16.8
5.168,-0.003,-0.0015,-0.0046,-0.0023,-16.9
5.169,-0.0023,0.0007,-0.003,0.0,-17.0
5.17,-0.0046,0.0022,-0.003,0.0,-17.1
5.171,-0.0046,0.0015,-0.0038,-0.0008,-17.1
5.172,-0.0046,-0.0046,-0.0046,-0.0038,-17.2
5.173,-0.003,-0.0023,-0.0038,-0.0008,-17.3
5.174,-0.0008,0.0015,-0.0023,0.0,-17.4
5.175,-0.0008,0.0007,-0.0015,0.0007,-17.6
5.176,0.0007,0.0,-0.0015,-0.003,-17.6
5.177,-0.0015,-0.0015,-0.0015,-0.0075,-17.7
5.178,-0.0015,-0.0038,0.0007,-0.0068,-17.8
5.179,-0.0008,-0.003,0.0015,-0.0083,-17.9
5.18,0.0007,-0.0083,0.0015,-0.0105,-18.0
5.181,0.0015,-0.0195,0.0015,-0.0105,-18.1
5.182,-0.0008,-0.0181,0.0,-0.0038,-18.3
5.183,0.0015,-0.0008,0.0015,0.0037,-18.4
5.184,0.0015,0.0105,-0.0008,0.0015,-18.5
5.185,0.0,0.0105,-0.0015,0.006,-18.6
5.186,0.0015,0.012,-0.0008,0.009,-18.8
5.187,0.0,0.0127,-0.0008,0.0082,-18.9
5.188,0.0015,0.0105,0.0007,0.0097,-19.0
5.189,0.0045,0.006,0.0007,0.0067,-19.2
5.19,0.0037,0.003,0.0015,0.006,-19.3
5.191,0.0045,0.0045,0.003,0.0045,-19.4
5.192,0.0052,-0.0008,0.003,0.003,-19.5
5.193,0.0045,-0.0053,0.0052,0.0015,-19.7
5.194,0.003,-0.0083,0.0052,-0.0015,-19.8
5.195,0.003,-0.0105,0.0067,-0.003,-19.9
5.196,0.003,-0.0091,0.0082,-0.0046,-20.1
5.197,0.0007,-0.012,0.0097,-0.0046,-20.2
5.198,0.0,-0.0105,0.0082,-0.0083,-20.3
5.199,0.0,-0.0105,0.0067,-0.0135,-20.4
5.2,0.0007,-0.0128,0.0052,-0.0143,-20.6
5.201,-0.0015,-0.0128,0.0045,-0.012,-20.7
5.202,-0.003,-0.0098,0.0052,-0.0068,-20.9
5.203,-0.0015,-0.0083,0.0045,-0.0008,-21.1
5.204,-0.0046,-0.0068,0.0007,0.0015,-21.3
5.205,-0.0046,-0.0015,0.0007,0.0045,-21.5
5.206,-0.0015,0.0075,0.0,0.0052,-21.6
5.207,0.0,0.0142,-0.003,0.003,-21.8
5.208,-0.0008,0.0142,-0.0053,-0.0008,-22.0
5.209,-0.0008,0.012,-0.0038,-0.0068,-22.2
5.21,-0.0015,0.009,-0.0046,-0.0038,-22.4
5.211,-0.0015,0.0105,-0.0046,0.0015,-22.5
5.212,-0.0008,0.012,-0.0038,0.0045,-22.7
5.213,0.0007,0.0142,-0.0053,0.0045,-22.9
5.214,0.0022,0.0127,-0.0068,0.0015,-23.1
5.215,0.0007,0.0075,-0.0075,0.0052,-23.3
5.216,0.0015,0.003,-0.0068,0.0052,-23.4
5.217,0.003,-0.0023,-0.0046,0.0037,-23.6
5.218,0.0015,-0.0075,-0.006,-0.0015,-23.8
5.219,0.0,-0.0128,-0.0068,-0.0046,-24.0
5.22,0.0,-0.0083,-0.006,0.0007,-24.2
5.221,-0.0008,-0.0068,-0.0091,0.0007,-24.4
5.222,-0.003,-0.0113,-0.0091,0.0082,-24.7
5.223,-0.0023,-0.003,-0.0091,0.0105,-24.9
5.224,-0.0015,0.003,-0.0105,0.0075,-25.1
5.225,-0.0023,0.0022,-0.0068,0.009,-25.4
5.226,-0.0008,0.003,-0.0046,0.0082,-25.6
5.227,-0.0008,0.0007,-0.003,0.0015,-25.8
5.228,-0.0008,-0.003,-0.0023,-0.0015,-26.1
5.229,-0.0008,-0.0023,-0.003,-0.0008,-26.3
5.23,0.0007,0.0,-0.0008,-0.0015,-26.6
5.231,0.0052,0.0007,-0.0008,-0.0038,-26.8
5.232,0.0052,0.0007,-0.0015,-0.006,-27.0
5.233,0.0037,-0.0008,-0.0023,-0.0075,-27.3
5.234,0.0052,-0.0008,-0.003,-0.0075,-27.5
5.235,0.0067,-0.0008,-0.0015,-0.0068,-27.8
5.236,0.0052,-0.003,-0.0008,-0.0068,-28.0
5.237,0.0067,-0.0015,-0.0015,-0.0053,-28.2
5.238,0.0052,-0.003,0.0007,-0.0015,-28.4
5.239,0.0052,-0.0046,-0.0008,0.0015,-28.7
5.24,0.0067,-0.003,-0.0015,0.0037,-29.0
5.241,0.0037,-0.0023,-0.0008,0.003,-29.3
5.242,0.0037,-0.0023,-0.0015,0.0037,-29.5
5.243,0.0037,-0.0046,-0.0015,0.006,-29.8
5.244,0.003,-0.0046,-0.003,0.003,-30.1
5.245,0.0015,-0.0046,-0.0015,0.0052,-30.4
5.246,0.0007,-0.0053,-0.0015,0.0082,-30.7
5.247,0.0,-0.0046,-0.0008,0.0082,-31.0
5.248,-0.0008,-0.0023,0.0,0.006,-31.3
5.249,-0.0015,-0.003,-0.0038,0.0015,-31.5
5.25,-0.0046,-0.0046,-0.0046,-0.0008,-31.9
5.251,-0.003,-0.0038,-0.0046,-0.0023,-32.2
5.252,-0.0023,-0.0046,-0.0046,-0.0046,-32.4
5.253,-0.003,-0.0046,-0.0008,-0.0068,-32.7
5.254,-0.0046,-0.003,0.0007,-0.0068,-33.0
5.255,-0.0068,-0.0015,0.003,-0.0091,-33.3
5.256,-0.0053,-0.0015,0.0052,-0.0075,-33.6
5.257,-0.0046,-0.0038,0.0067,-0.0015,-33.9
5.258,-0.0023,-0.0015,0.009,0.0,-34.2
5.259,-0.0023,0.0007,0.0105,0.0052,-34.5
5.26,-0.003,0.0,0.0105,0.012,-34.8
5.261,-0.003,0.003,0.012,0.0157,-35.1
5.262,-0.003,0.0022,0.0142,0.0165,-35.4
5.263,-0.0038,0.0015,0.0135,0.0135,-35.7
5.264,-0.003,-0.0008,0.0112,0.012,-36.0
5.265,-0.0046,-0.0046,0.0105,0.009,-36.3
5.266,-0.0046,-0.0046,0.012,0.0067,-36.6
5.267,-0.0023,-0.0053,0.0135,0.0045,-36.9
5.268,-0.0023,-0.0091,0.0157,0.0007,-37.2
5.269,-0.003,-0.012,0.0187,-0.0075,-37.5
5.27,-0.0038,-0.0113,0.0195,-0.0203,-37.8
5.271,-0.0023,-0.0083,0.0165,-0.0278,-38.2
5.272,-0.0008,-0.0046,0.0165,-0.0256,-38.5
5.273,-0.0015,-0.0053,0.0142,-0.0195,-38.7
5.274,-0.0023,-0.0046,0.0127,-0.0075,-39.1
5.275,-0.0046,-0.0038,0.0127,0.0015,-39.4
5.276,-0.0046,-0.0046,0.0127,0.0045,-39.7
5.277,-0.003,-0.0053,0.0127,0.0075,-40.0
5.278,-0.0023,-0.0068,0.0127,0.0067,-40.3
5.279,0.0,-0.0038,0.0142,0.0045,-40.6
5.28,-0.0008,-0.003,0.015,0.0022,-41.0
5.281,-0.0008,-0.0038,0.0157,0.0037,-41.2
5.282,0.0007,-0.0015,0.0142,0.0045,-41.5
5.283,-0.0008,-0.0015,0.0105,0.003,-41.9
5.284,-0.003,-0.0015,0.012,0.0045,-42.2
5.285,-0.003,-0.0008,0.0105,0.0052,-42.5
5.286,-0.0038,0.0,0.0105,0.0045,-42.8
5.287,-0.003,0.0007,0.012,0.0015,-43.1
5.288,-0.003,-0.0008,0.012,-0.003,-43.4
5.289,-0.0015,-0.0008,0.012,-0.0015,-43.7
5.29,0.0,-0.0008,0.012,0.0015,-44.1
5.291,-0.0008,0.0015,0.0105,0.0015,-44.3
5.292,-0.0015,0.0007,0.0112,0.0,-44.6
5.293,-0.0008,0.0015,0.0127,0.0007,-45.0
5.294,0.0015,0.0015,0.0097,0.0015,-45.3
5.295,0.0007,0.0007,0.0067,0.003,-45.6
5.296,0.0022,0.0015,0.0067,0.0045,-45.9
5.297,0.0007,0.0007,0.0052,0.003,-46.2
5.298,0.0007,-0.0008,0.0022,0.003,-46.5
5.299,0.0,0.0,0.0,0.0015,-46.8
5.3,0.0022,0.0007,-0.0008,-0.003,-47.2
5.301,0.0037,0.0015,0.0007,-0.0091,-47.4
5.302,0.0022,0.0022,0.0015,-0.012,-47.7
5.303,0.0007,0.0037,-0.0008,-0.012,-48.0
5.304,0.0007,0.0037,0.0015,-0.0135,-48.2
5.305,0.003,0.0022,0.0015,-0.0143,-48.6
5.306,0.003,0.0007,0.0007,-0.0091,-48.8
5.307,0.0022,0.0007,0.0,-0.0053,-49.1
5.308,0.0015,0.0015,-0.0015,-0.0023,-49.4
5.309,0.0022,0.0007,-0.0015,0.003,-49.6
5.31,0.0037,0.0,-0.003,0.003,-49.9
5.311,0.003,0.0,-0.0038,0.0007,-50.2
5.312,0.003,-0.0008,-0.003,-0.0023,-50.4
5.313,0.0022,-0.0008,-0.006,-0.0008,-50.7
5.314,0.0015,0.0007,-0.0068,0.0052,-51.0
5.315,0.0015,0.0,-0.0068,0.0052,-51.3
5.316,0.0,0.0,-0.0083,0.0052,-51.6
5.317,0.0007,0.0,-0.0083,0.0082,-51.8
5.318,0.0007,0.0,-0.006,0.0105,-52.1
5.319,0.0015,0.0007,-0.0046,0.0082,-52.4
5.32,0.0007,0.0,-0.0015,0.0022,-52.7
5.321,0.0007,-0.0008,-0.0053,-0.006,-52.9
5.322,0.0007,0.0,-0.0068,-0.0128,-53.1
5.323,0.0022,0.0007,-0.0053,-0.015,-53.4
5.324,0.003,0.0007,-0.0083,-0.0158,-53.6
5.325,0.0045,0.0015,-0.0075,-0.0158,-53.9
5.326,0.003,0.0015,-0.0053,-0.0105,-54.1
5.327,0.0015,0.0015,-0.0046,-0.0046,-54.3
5.328,0.0015,0.0007,-0.0015,0.0045,-54.5
5.329,-0.0008,0.0007,-0.003,0.015,-54.8
5.33,-0.0008,0.003,-0.0046,0.0217,-55.0
5.331,0.0,0.0045,-0.0023,0.0315,-55.3
5.332,0.0,0.0045,0.0007,0.042,-55.5
5.333,0.0007,0.0052,0.0,0.0495,-55.8
5.334,0.0007,0.0052,-0.0015,0.0442,-56.0
5.335,0.0015,0.0045,-0.0008,0.0337,-56.3
5.336,0.0007,0.003,-0.003,0.0217,-56.5
5.337,0.0015,0.0015,-0.0053,0.0097,-56.7
5.338,0.0015,0.0007,-0.0083,-0.0008,-56.9
5.339,-0.0008,-0.0008,-0.0098,-0.0128,-57.2
5.34,0.0007,0.0007,-0.0105,-0.0173,-57.5
5.341,0.0022,0.0,-0.0075,-0.0195,-57.6
5.342,0.0022,-0.003,-0.0046,-0.0203,-57.9
5.343,0.0015,-0.0053,-0.0023,-0.0158,-58.1
5.344,0.0015,-0.0091,-0.0015,-0.012,-58.3
5.345,0.0022,-0.0083,-0.0046,-0.0091,-58.5
5.346,0.0015,-0.006,-0.0053,-0.0053,-58.8
5.347,0.0,-0.0053,-0.0046,-0.006,-59.0
5.348,-0.0008,-0.003,-0.0053,-0.0091,-59.2
5.349,0.0,-0.003,-0.0046,-0.0053,-59.4
5.35,-0.0008,-0.0008,-0.0038,-0.0008,-59.7
5.351,-0.0008,-0.0008,-0.0038,-0.0015,-59.9
5.352,0.0045,0.0007,-0.0015,-0.0015,-60.1
5.353,0.0097,0.0007,-0.0023,-0.0015,-60.3
5.354,0.0127,-0.0015,-0.0038,-0.003,-60.6
5.355,0.012,-0.0008,-0.0053,-0.003,-60.8
5.356,0.0112,-0.0008,-0.0053,0.0,-61.0
5.357,0.009,-0.003,-0.0053,0.0007,-61.2
5.358,0.0045,-0.0046,-0.006,-0.0015,-61.5
5.359,0.0015,-0.0046,-0.0038,-0.0046,-61.7
5.36,0.0007,-0.006,-0.0038,-0.0068,-62.0
5.361,0.0,-0.0083,-0.003,-0.0091,-62.1
5.362,-0.0008,-0.0091,-0.0008,-0.0105,-62.3
5.363,-0.0008,-0.0091,-0.0023,-0.0105,-62.5
5.364,-0.003,-0.0091,-0.0046,-0.012,-62.7
5.365,-0.0015,-0.0083,-0.0038,-0.0098,-63.0
5.366,-0.0015,-0.0053,-0.0038,-0.0046,-63.1
5.367,-0.0023,-0.0046,-0.0023,-0.003,-63.4
5.368,-0.003,-0.0046,0.0007,0.0015,-63.5
5.369,-0.0046,-0.003,0.0007,0.0045,-63.7
5.37,-0.003,-0.0053,0.0007,0.003,-63.9
5.371,-0.0038,-0.0038,0.0007,0.0007,-64.2
5.372,-0.0038,-0.003,0.0015,0.0015,-64.4
5.373,-0.003,-0.0046,0.0022,0.003,-64.5
5.374,-0.0046,-0.003,0.0007,0.003,-64.8
5.375,-0.0053,-0.003,0.0015,0.0045,-65.0
5.376,-0.0068,-0.0038,0.0007,0.003,-65.2
5.377,-0.0075,-0.003,0.0015,0.0015,-65.4
5.378,-0.0053,-0.0015,0.0007,0.0007,-65.6
5.379,-0.003,0.0007,-0.0008,0.0015,-65.7
5.38,-0.003,-0.0008,0.0007,0.0015,-66.0
5.381,-0.0038,-0.0015,0.0,0.003,-66.1
5.382,-0.0008,0.0,-0.0008,0.0045,-66.2
5.383,-0.0015,0.0007,0.0007,0.0037,-66.3
5.384,-0.003,0.0,0.0022,0.0045,-66.4
5.385,-0.0023,0.0015,0.0045,0.003,-66.5
5.386,-0.003,0.0015,0.003,0.003,-66.6
5.387,-0.003,0.0007,0.0052,0.0015,-66.7
5.388,-0.0038,0.0,0.0052,0.0015,-66.9
5.389,-0.0015,-0.0008,0.003,0.0007,-67.0
5.39,-0.0008,0.0015,0.0052,0.0022,-67.1
5.391,-0.0008,0.0015,0.0067,0.003,-67.2
5.392,-0.0008,0.0007,0.0075,0.0022,-67.3
5.393,-0.0015,0.0015,0.0067,0.003,-67.4
5.394,-0.0008,0.0015,0.0067,0.0015,-67.5
5.395,-0.0008,0.0015,0.0067,0.0007,-67.6
5.396,-0.0015,0.0007,0.006,0.0007,-67.7
5.397,-0.0015,-0.0015,0.0045,-0.0023,-67.9
5.398,-0.0015,-0.0008,0.0015,-0.0015,-68.0
5.399,-0.0008,-0.0008,0.0007,-0.0015,-68.1
5.4,0.0,-0.0008,0.0007,-0.0015,-68.2
5.401,0.003,-0.0008,0.0007,-0.0015,-68.2
5.402,0.0022,-0.0008,0.0015,-0.0015,-68.3
5.403,0.0007,0.0007,0.0007,-0.003,-68.3
5.404,0.0,0.0015,-0.0015,-0.003,-68.4
5.405,0.0,0.003,-0.0015,-0.003,-68.4
5.406,0.0007,0.003,0.0015,-0.003,-68.4
5.407,-0.0015,0.0022,0.0015,-0.0015,-68.5
5.408,-0.0023,0.0022,-0.0015,0.0007,-68.5
5.409,-0.0023,0.0,0.0,0.0007,-68.6
5.41,-0.0015,-0.0008,0.0022,-0.0008,-68.6
5.411,-0.0008,0.0015,0.0007,0.0007,-68.6
5.412,0.0007,0.0007,-0.0008,0.003,-68.7
5.413,0.0007,0.0,0.0015,0.0015,-68.7
5.414,-0.0008,0.0015,0.0015,0.0015,-68.8
5.415,-0.0015,0.0015,0.0022,0.0015,-68.8
5.416,-0.0023,0.0022,0.003,-0.0008,-68.9
5.417,-0.003,0.003,0.003,-0.0008,-68.9
5.418,-0.0038,-0.0008,0.0015,-0.0008,-68.9
5.419,-0.0015,0.0007,0.003,-0.0008,-69.0
5.42,-0.0008,0.0007,0.003,-0.0023,-69.1
5.421,-0.0008,0.0,0.0052,-0.0046,-69.1
5.422,-0.0015,0.0007,0.0052,-0.0075,-69.1
5.423,-0.0008,-0.0015,0.0045,-0.0105,-69.1
5.424,0.0007,-0.0015,0.0052,-0.0083,-69.1
5.425,0.0007,-0.0015,0.0045,-0.0046,-69.2
5.426,-0.0008,-0.0023,0.0037,-0.003,-69.2
5.427,-0.0008,-0.0015,0.0037,0.0015,-69.2
5.428,-0.0008,0.0,0.0052,0.0082,-69.3
5.429,0.0007,0.0007,0.0052,0.012,-69.3
5.43,0.003,0.0,0.006,0.0135,-69.3
5.431,0.0022,-0.0008,0.0075,0.0172,-69.3
5.432,0.0015,-0.0008,0.0082,0.018,-69.3
5.433,0.0015,0.0007,0.0075,0.012,-69.4
5.434,0.0015,-0.0008,0.0052,0.003,-69.4
5.435,0.0007,-0.003,0.0015,-0.0023,-69.4
5.436,0.0015,-0.0015,0.0022,-0.0008,-69.5
5.437,0.0007,-0.0015,0.0022,0.0007,-69.5
5.438,0.0,-0.0015,0.0022,0.0015,-69.5
5.439,0.0,-0.0015,0.003,-0.0008,-69.5
5.44,0.0007,-0.0015,0.0037,-0.0068,-69.6
5.441,0.0015,-0.0015,0.003,-0.0098,-69.6
5.442,-0.0008,-0.0015,0.003,-0.0105,-69.6
5.443,0.0,-0.0015,0.0015,-0.0098,-69.6
5.444,0.0015,-0.003,0.0007,-0.0068,-69.5
5.445,0.0007,-0.0046,0.0015,-0.0053,-69.5
5.446,0.0,-0.0046,0.0,-0.003,-69.5
5.447,-0.0008,-0.003,0.0007,-0.0023,-69.5
5.448,-0.0008,-0.0023,0.0007,-0.003,-69.5
5.449,0.0007,-0.003,-0.0023,-0.0046,-69.4
5.45,0.0015,-0.0015,-0.0008,-0.0053,-69.4
5.451,0.0007,-0.0015,-0.0008,-0.0015,-69.4
5.452,0.0,-0.0008,0.0,-0.0008,-69.4
5.453,-0.0015,-0.0008,0.0015,0.0007,-69.4
5.454,-0.0015,-0.0008,0.0022,0.003,-69.3
5.455,-0.0008,-0.0008,0.0007,0.0037,-69.3
5.456,-0.0008,-0.0046,0.0,0.0037,-69.3
5.457,-0.0008,-0.0053,-0.0008,0.0015,-69.3
5.458,-0.0015,-0.003,-0.0015,-0.0008,-69.3
5.459,-0.0015,-0.0015,-0.0008,-0.0008,-69.3
5.46,-0.0015,0.0007,-0.0008,0.0007,-69.3
5.461,-0.0023,0.0015,0.0015,0.0015,-69.2
5.462,-0.0015,0.0037,0.0037,0.0007,-69.1
5.463,-0.0008,0.003,0.003,0.0015,-69.1
5.464,0.0,0.0007,0.0022,0.003,-69.0
5.465,0.0007,0.0015,0.0037,0.0007,-68.9
5.466,0.0,0.0007,0.0045,0.003,-68.9
5.467,-0.0015,-0.0008,0.0037,0.003,-68.8
5.468,-0.0015,-0.0008,0.003,0.0015,-68.7
5.469,-0.0015,-0.003,0.003,0.003,-68.7
5.47,-0.0015,-0.006,0.0015,0.0015,-68.6
5.471,0.0007,-0.0068,0.0007,-0.0008,-68.5
5.472,0.0007,-0.0046,0.0007,0.0007,-68.5
5.473,0.0015,-0.0068,0.0015,-0.0015,-68.4
5.474,0.0015,-0.0053,0.003,-0.006,-68.4
5.475,0.0007,-0.0046,0.0045,-0.0053,-68.3
5.476,-0.0008,-0.003,0.003,-0.0046,-68.2
5.477,-0.0015,-0.003,0.003,-0.0046,-68.1
5.478,0.0007,-0.0046,0.0015,-0.0038,-68.1
5.479,0.0007,-0.003,0.003,-0.003,-68.0
5.48,0.0,-0.0015,0.0037,-0.0008,-68.0
5.481,0.0015,0.0,0.0007,0.0015,-67.9
5.482,0.0015,-0.0008,-0.0008,0.003,-67.7
5.483,-0.0008,-0.0015,0.0015,0.0037,-67.6
5.484,-0.0023,-0.0008,0.0007,0.003,-67.5
5.485,-0.0015,-0.0008,0.0007,0.0052,-67.5
5.486,-0.003,0.0007,0.0022,0.0045,-67.3
5.487,0.0007,0.0007,0.0052,0.0,-67.2
5.488,0.0022,-0.0008,0.0075,0.0,-67.1
5.489,0.0015,-0.0008,0.0052,-0.0008,-67.1
5.49,0.0022,-0.0015,0.0052,0.0007,-66.9
5.491,0.0015,-0.0008,0.003,0.0,-66.8
5.492,0.003,0.0007,0.0,-0.0015,-66.7
5.493,0.0022,-0.0008,0.0007,-0.0008,-66.6
5.494,0.0007,-0.0015,-0.0008,-0.0008,-66.6
5.495,-0.0008,-0.003,-0.0015,0.0,-66.4
5.496,0.0007,-0.003,-0.0015,-0.003,-66.3
5.497,0.0015,-0.0023,-0.0008,-0.003,-66.2
5.498,0.0007,-0.003,-0.0008,-0.0068,-66.2
5.499,-0.0008,-0.003,0.0,-0.0068,-66.0
5.5,-0.0015,-0.003,0.0,-0.0046,-65.9
5.501,-0.0015,-0.003,0.0007,-0.0046,-65.8
5.502,-0.0008,-0.0023,0.0007,-0.0015,-65.7
5.503,0.0,-0.0015,0.0,0.0007,-65.5
5.504,0.0007,-0.0015,0.0015,0.0052,-65.4
5.505,0.0,-0.0008,0.003,0.0052,-65.3
5.506,0.0007,0.0007,0.0022,0.0067,-65.1
5.507,0.003,0.0015,0.0007,0.0067,-65.0
5.508,0.003,0.0045,0.0,0.0037,-64.8
5.509,0.0015,0.003,-0.0015,0.0022,-64.7
5.51,0.0015,0.0045,0.0015,-0.003,-64.5
5.511,0.0022,0.003,0.0045,-0.0038,-64.4
5.512,0.003,0.003,0.0015,-0.0038,-64.3
5.513,0.0007,0.003,0.003,-0.0023,-64.1
5.514,0.0007,-0.0015,0.0022,0.0045,-64.0
5.515,0.0015,-0.0038,0.003,0.0067,-63.9
5.516,0.0007,-0.006,0.0015,0.003,-63.7
5.517,0.0015,-0.0038,0.0007,0.0007,-63.6
5.518,0.0007,0.0,0.0007,0.0015,-63.5
5.519,-0.0008,0.0007,-0.0008,0.0022,-63.3
5.52,0.0,-0.0008,0.0022,0.0045,-63.2
5.521,0.0007,0.0,0.0037,0.0007,-63.0
5.522,0.0022,0.0015,0.0037,-0.0008,-62.8
5.523,0.0,0.003,0.0052,-0.0015,-62.6
5.524,-0.0015,0.0015,0.0037,-0.0015,-62.4
5.525,-0.0008,0.0007,0.0015,-0.0015,-62.2
5.526,-0.0008,-0.0008,0.0007,-0.003,-62.1
5.527,-0.003,-0.0015,-0.0008,-0.0008,-61.9
5.528,-0.003,-0.0008,-0.0008,0.0007,-61.7
5.529,-0.0023,-0.0008,-0.0015,0.0,-61.5
5.53,-0.0008,-0.0023,0.0,-0.0008,-61.3
5.531,0.0007,-0.0023,0.0007,0.0,-61.1
5.532,0.0015,-0.0015,0.0015,0.0007,-60.9
5.533,0.0015,-0.0015,0.003,0.0015,-60.7
5.534,0.0022,-0.0015,0.0015,0.0015,-60.5
5.535,0.0015,0.0015,0.0015,0.003,-60.3
5.536,0.0007,0.0052,0.0022,0.0022,-60.2
5.537,0.0022,0.0067,0.0015,0.0015,-60.0
5.538,0.0,0.0052,0.003,0.0,-59.8
5.539,-0.0008,-0.0046,0.0022,-0.0008,-59.6
5.54,0.0,-0.015,0.0022,-0.0008,-59.4
5.541,-0.0015,-0.0128,0.0022,-0.0015,-59.2
5.542,-0.0008,-0.0113,0.0007,0.0022,-59.0
5.543,0.0007,-0.0098,0.0007,0.0015,-58.7
5.544,0.0015,-0.0068,0.0015,0.003,-58.5
5.545,0.003,-0.0046,0.0015,0.0052,-58.3
5.546,-0.0008,-0.0023,0.003,0.003,-58.1
5.547,-0.0038,-0.0015,0.0045,-0.0023,-57.8
5.548,-0.0023,0.0007,0.0015,-0.003,-57.6
5.549,-0.0023,-0.0008,0.0015,-0.0015,-57.4
5.55,-0.003,-0.0015,0.0022,-0.0023,-57.2
5.551,-0.003,-0.0008,0.0007,-0.0008,-57.0
5.552,-0.0015,-0.0038,0.0007,-0.0008,-56.7
5.553,-0.0038,-0.0075,0.0022,-0.0023,-56.5
5.554,-0.0046,-0.0068,0.0022,-0.0015,-56.3
5.555,-0.0038,-0.003,0.0007,0.0007,-56.1
5.556,-0.0023,-0.0008,0.0015,0.0007,-55.8
5.557,-0.0008,0.003,0.003,0.0007,-55.6
5.558,0.0007,0.003,0.003,-0.003,-55.4
5.559,0.0022,-0.0015,0.003,-0.0105,-55.2
5.56,0.003,-0.0023,0.0015,-0.0053,-54.9
5.561,0.0015,-0.0008,-0.0008,0.0007,-54.7
5.562,0.0007,-0.0015,-0.0008,0.0007,-54.5
5.563,0.0007,-0.0023,-0.0015,0.0022,-54.2
5.564,0.0007,-0.0038,-0.0015,0.003,-53.9
5.565,0.0,-0.0023,-0.0008,0.0015,-53.6
5.566,0.0007,0.0,0.0,0.0022,-53.4
5.567,-0.0008,0.003,0.0,0.0015,-53.1
5.568,0.0015,0.009,-0.0008,0.0015,-52.9
5.569,0.0022,0.0082,-0.0008,0.0015,-52.7
5.57,0.0007,0.0052,-0.0008,0.0015,-52.4
5.571,0.0015,0.003,-0.0015,-0.0015,-52.1
5.572,0.0015,0.0015,-0.0015,-0.0008,-51.9
5.573,0.003,0.0022,0.0,0.0022,-51.6
5.574,0.0022,0.0007,0.0022,-0.0008,-51.3
5.575,0.003,0.0022,0.0022,-0.0015,-51.1
5.576,0.003,0.0007,-0.0008,-0.003,-50.9
5.577,0.0015,-0.003,0.0007,-0.003,-50.6
5.578,0.0007,-0.0068,0.0,-0.0008,-50.3
5.579,-0.0008,-0.006,0.0007,0.0022,-50.1
5.58,0.0,0.0007,0.0015,0.0045,-49.8
5.581,0.0,0.003,0.0015,0.0067,-49.5
5.582,-0.0015,0.0007,0.0015,0.0067,-49.2
5.583,-0.003,-0.003,-0.0015,0.0052,-49.0
5.584,-0.0038,-0.0075,0.0015,-0.0008,-48.7
5.585,-0.0038,-0.0143,0.0045,-0.0053,-48.4
5.586,-0.0023,-0.0188,0.003,-0.0038,-48.1
5.587,-0.003,-0.0135,0.0045,-0.0023,-47.8
5.588,-0.003,-0.0075,0.0045,-0.0023,-47.5
5.589,-0.0015,-0.0053,0.003,-0.0038,-47.3
5.59,-0.0015,-0.0015,0.0022,0.0007,-46.9
5.591,-0.003,0.003,-0.0008,0.0022,-46.7
5.592,-0.0015,0.003,0.0007,0.0007,-46.4
5.593,0.006,0.003,0.0007,0.0015,-46.1
5.594,0.0142,0.003,0.0007,0.0015,-45.8
5.595,0.009,-0.0008,0.0007,0.0015,-45.5
5.596,0.0052,-0.0053,-0.0008,0.0,-45.2
5.597,0.0,-0.0083,-0.0008,0.0007,-45.0
5.598,-0.0083,-0.0083,-0.0008,0.0052,-44.7
5.599,-0.0105,-0.0046,0.0015,0.0067,-44.4
5.6,-0.0128,-0.0008,0.0015,0.0045,-44.1
5.601,-0.0105,0.0007,0.0022,0.0052,-43.8
5.602,-0.0083,0.0015,0.0022,0.0052,-43.5
5.603,-0.006,-0.0008,0.0007,0.0007,-43.2
5.604,-0.0046,0.0,-0.0015,-0.0008,-42.8
5.605,-0.0046,0.0067,-0.0015,-0.0023,-42.5
5.606,0.0007,0.0082,-0.0008,-0.0023,-42.2
5.607,0.0045,0.0015,-0.0008,-0.0023,-41.9
5.608,0.0045,-0.0075,0.0007,-0.0023,-41.6
5.609,0.0052,-0.0135,0.0007,-0.0053,-41.3
5.61,0.0022,-0.0233,0.003,-0.0091,-41.0
5.611,0.0022,-0.0233,0.006,-0.0075,-40.6
5.612,0.003,-0.0091,0.0037,-0.003,-40.3
5.613,0.0045,-0.003,0.003,0.0022,-40.0
5.614,0.0052,0.0007,0.0067,0.0015,-39.7
5.615,0.003,0.0052,0.0052,0.0007,-39.4
5.616,-0.0008,0.0097,0.003,0.003,-39.1
5.617,-0.003,0.0127,0.0015,0.003,-38.7
5.618,-0.0046,0.0157,-0.0008,0.0075,-38.4
5.619,-0.0046,0.0127,0.0,0.0067,-38.1
5.62,-0.0015,0.0075,-0.003,0.0052,-37.8
5.621,-0.0008,0.0015,-0.0015,0.0015,-37.5
5.622,0.0007,-0.0046,0.0007,-0.0008,-37.2
5.623,0.0022,-0.003,0.0015,0.0015,-36.9
5.624,0.0045,0.0045,0.0015,0.003,-36.5
5.625,0.0045,0.0157,-0.0015,0.009,-36.2
5.626,0.0015,0.0232,0.0022,0.0112,-35.9
5.627,0.0015,0.0217,0.0082,0.0105,-35.6
5.628,0.006,0.0157,0.0052,0.0052,-35.2
5.629,0.006,0.0007,0.0067,-0.0053,-34.9
5.63,0.0067,-0.0218,0.0067,-0.0165,-34.6
5.631,0.0082,-0.0375,0.0105,-0.0218,-34.3
5.632,0.0045,-0.0361,0.018,-0.0165,-34.0
5.633,-0.0015,-0.0203,0.0142,-0.0083,-33.7
5.634,-0.0075,-0.0038,0.0022,-0.0008,-33.3
5.635,-0.0098,0.0045,-0.0068,0.0,-33.0
5.636,-0.012,0.0097,-0.0098,-0.0008,-32.7
5.637,-0.0113,0.0105,-0.0075,-0.0008,-32.4
5.638,-0.0068,0.003,-0.0046,0.0007,-32.0
5.639,-0.0015,-0.0083,-0.0075,-0.0008,-31.7
5.64,0.0022,-0.0181,-0.0068,-0.003,-31.4
5.641,0.0045,-0.0173,-0.0075,-0.0015,-31.1
5.642,0.0097,-0.0068,-0.0091,-0.0008,-30.8
5.643,0.0127,0.0015,-0.0068,0.0007,-30.5
5.644,0.018,0.0045,-0.0068,0.0052,-30.1
5.645,0.0247,0.0045,-0.0068,0.006,-29.8
5.646,0.0142,-0.0008,-0.006,0.0052,-29.5
5.647,0.0015,-0.006,-0.006,0.0052,-29.2
5.648,-0.006,-0.003,-0.003,0.0052,-28.8
5.649,-0.0143,0.0045,0.0075,0.003,-28.5
5.65,-0.0158,0.0052,0.024,0.0007,-28.2
5.651,-0.0135,0.0045,0.0217,0.0052,-27.9
5.652,-0.0105,0.0067,0.0142,0.0052,-27.5
5.653,-0.0075,0.009,0.009,0.0045,-27.2
5.654,-0.0053,-0.0038,0.0,0.0045,-26.9
5.655,0.0007,-0.0091,0.0,0.0022,-26.6
5.656,0.0067,-0.003,-0.003,-0.0023,-26.3
5.657,0.0105,-0.0083,-0.003,-0.0075,-25.9
5.658,0.0097,-0.012,0.0052,-0.012,-25.6
5.659,0.0082,-0.0105,0.0082,-0.0158,-25.3
5.66,0.0045,-0.0068,0.0067,-0.0181,-25.0
5.661,0.0,-0.003,0.0052,-0.0113,-24.7
5.662,-0.0008,-0.0023,0.0082,-0.0038,-24.4
5.663,-0.003,-0.0008,0.0045,-0.0015,-24.2
5.664,0.006,-0.0008,0.003,0.0015,-23.9
5.665,0.027,0.0052,0.0015,0.0045,-23.6
5.666,0.03,0.0105,-0.0046,0.0052,-23.4
5.667,0.0127,0.0135,-0.0046,0.0052,-23.1
5.668,0.0007,0.0165,-0.0046,0.003,-22.8
5.669,-0.012,0.0135,-0.0015,0.006,-22.5
5.67,-0.0203,0.0052,-0.0015,0.0082,-22.2
5.671,-0.0248,-0.0023,-0.0023,0.003,-22.0
5.672,-0.0256,-0.0091,-0.0023,-0.0008,-21.7
5.673,-0.0173,-0.012,-0.003,-0.0053,-21.4
5.674,-0.0091,-0.0053,0.0015,-0.0068,-21.2
5.675,-0.0023,0.0052,0.0037,-0.0023,-20.9
5.676,-0.0008,0.0067,0.0067,0.009,-20.6
5.677,0.0007,0.003,0.0097,0.0127,-20.3
5.678,0.0007,-0.0053,0.0105,0.0015,-20.1
5.679,-0.003,-0.0158,0.0135,-0.0015,-19.8
5.68,0.0007,-0.0143,0.012,-0.0053,-19.5
5.681,0.006,-0.003,0.0075,0.0007,-19.4
5.682,0.0105,0.0097,0.0075,0.003,-19.2
5.683,0.0082,0.0075,0.0052,-0.0023,-19.0
5.684,0.0045,0.0082,-0.0015,-0.0015,-18.8
5.685,-0.0008,0.0052,0.0,-0.0068,-18.6
5.686,-0.0053,0.0022,0.0142,-0.0046,-18.4
5.687,0.0037,0.0067,0.039,-0.006,-18.2
5.688,0.0082,0.0052,0.0352,-0.0068,-18.0
5.689,0.0015,0.0052,0.006,-0.0015,-17.9
5.69,-0.0023,0.003,-0.0143,-0.0015,-17.6
5.691,-0.0023,-0.0075,-0.0443,-0.0008,-17.5
5.692,-0.0008,-0.0188,-0.0578,-0.0083,-17.3
5.693,0.0015,-0.021,-0.057,-0.0083,-17.1
5.694,0.0052,-0.0158,-0.0555,-0.0128,-16.9
5.695,0.0105,-0.0143,-0.0518,-0.0195,-16.7
5.696,0.0142,-0.0083,-0.0428,-0.0143,-16.6
5.697,0.0157,-0.0038,-0.0225,-0.0053,-16.3
5.698,0.0105,-0.0083,-0.0053,0.0067,-16.2
5.699,0.003,-0.0181,0.0075,-0.0008,-16.0
5.7,-0.006,-0.0278,0.0135,-0.0128,-15.8
5.701,-0.0083,-0.0315,0.0142,-0.0181,-15.7
5.702,-0.0023,-0.0323,0.0165,-0.0128,-15.6
5.703,0.0,-0.0165,0.0217,0.0165,-15.5
5.704,0.0045,-0.003,0.0255,0.0405,-15.3
5.705,0.0045,0.0075,0.024,0.0195,-15.3
5.706,-0.0008,0.0232,0.024,0.003,-15.2
5.707,-0.0023,0.033,0.0142,0.0202,-15.0
5.708,-0.0038,0.0585,0.0082,0.0277,-14.9
5.709,0.0,0.078,0.0082,0.0442,-14.8
5.71,0.0045,0.075,0.0052,0.0555,-14.7
5.711,0.0052,0.0585,0.0097,0.048,-14.6
5.712,0.0045,0.0375,0.0082,0.0307,-14.5
5.713,0.003,0.0142,0.0082,0.0052,-14.4
5.714,0.003,-0.015,0.024,-0.015,-14.3
5.715,0.0,-0.0233,0.0315,-0.027,-14.2
5.716,-0.0008,-0.0368,0.0157,-0.027,-14.1
5.717,0.0007,-0.0645,-0.0015,-0.0368,-14.0
5.718,0.0007,-0.054,-0.0128,-0.0278,-13.9
5.719,0.0075,-0.0165,-0.0135,-0.0165,-13.7
5.72,0.0082,0.009,-0.0075,-0.0165,-13.6
5.721,-0.006,0.0007,-0.012,-0.0053,-13.6
5.722,-0.0128,-0.0195,-0.0105,0.0082,-13.5
5.723,-0.0083,-0.0428,0.0067,0.0262,-13.5
5.724,-0.0346,-0.0495,0.027,0.024,-13.5
5.725,-0.0878,-0.0383,0.0135,0.003,-13.4
5.726,-0.0706,-0.0218,-0.0143,-0.021,-13.4
5.727,-0.0225,0.0345,-0.03,-0.0315,-13.3
5.728,0.0082,0.0667,-0.0458,-0.0285,-13.3
5.729,0.0465,0.0525,-0.0353,-0.012,-13.2
5.73,0.0495,0.0037,-0.0195,0.0015,-13.2
5.731,0.0525,-0.0353,-0.0105,0.021,-13.1
5.732,0.048,-0.0181,-0.0135,0.0495,-13.1
5.733,0.0345,-0.0113,-0.0203,0.03,-13.1
5.734,0.027,0.018,-0.0083,0.0045,-13.0
5.735,0.0082,0.0367,0.0067,-0.006,-13.0
5.736,0.0067,0.0337,0.0315,-0.0068,-12.9
5.737,0.012,0.0255,0.0517,0.0105,-12.9
5.738,0.0255,0.0007,0.0442,0.018,-12.8
5.739,0.024,-0.0053,0.033,0.0142,-12.8
5.74,0.0037,-0.0346,0.0382,-0.003,-12.7
5.741,-0.003,-0.0518,0.033,-0.0105,-12.7
5.742,-0.0105,-0.0555,-0.0015,-0.0128,-12.7
5.743,-0.0263,-0.0525,-0.024,-0.0143,-12.7
5.744,-0.033,-0.0383,-0.0233,0.0007,-12.8
5.745,-0.0323,-0.0008,-0.012,0.0135,-12.8
5.746,-0.0256,0.0682,-0.0083,0.0045,-12.8
5.747,-0.012,0.096,-0.0143,-0.0128,-12.9
5.748,-0.0098,0.084,-0.0083,-0.0046,-12.9
5.749,-0.0128,0.0397,0.0052,0.0052,-12.9
5.75,-0.0398,0.006,0.018,-0.003,-12.9
5.751,-0.0728,0.0045,0.0172,-0.0046,-13.0
5.752,-0.054,-0.003,0.0045,-0.0068,-13.0
5.753,-0.015,-0.012,-0.006,-0.0083,-13.0
5.754,0.0082,-0.0218,-0.0135,-0.0068,-13.0
5.755,0.0292,-0.012,-0.0165,-0.0046,-13.1
5.756,0.0367,-0.0038,-0.0181,-0.0008,-13.1
5.757,0.0397,-0.0053,-0.0075,-0.0053,-13.1
5.758,0.0337,-0.0068,-0.003,-0.0113,-13.1
5.759,0.0202,-0.0173,-0.0053,-0.012,-13.1
5.76,0.018,-0.0293,0.0045,-0.0143,-13.2
5.761,0.0165,-0.0293,0.0067,-0.0181,-13.2
5.762,0.0157,-0.0181,0.006,-0.0128,-13.3
5.763,0.0067,-0.0143,0.0067,-0.0105,-13.3
5.764,-0.0098,-0.0128,0.0015,-0.0023,-13.4
5.765,-0.0143,-0.006,0.003,0.0045,-13.5
5.766,-0.0083,-0.0008,0.0052,0.0015,-13.5
5.767,-0.0075,-0.0015,0.012,0.0112,-13.5
5.768,-0.0083,-0.003,0.0195,0.0232,-13.6
5.769,-0.0068,-0.003,0.012,0.0157,-13.7
5.77,-0.0091,-0.003,0.003,0.0045,-13.7
5.771,-0.0068,-0.0023,0.003,0.0,-13.8
5.772,-0.0053,-0.0015,0.0037,-0.0053,-13.9
5.773,-0.003,-0.0008,0.0052,-0.0053,-13.9
5.774,-0.0008,-0.0015,0.0015,-0.0038,-14.0
5.775,-0.0015,-0.0023,-0.003,-0.0068,-14.0
5.776,-0.003,-0.0046,-0.003,-0.006,-14.1
5.777,-0.0008,-0.003,-0.0023,-0.003,-14.1
5.778,0.0015,0.0007,-0.0015,0.0022,-14.2
5.779,0.0015,-0.0046,0.0052,0.0082,-14.3
5.78,0.0015,-0.0068,0.0307,0.0067,-14.4
5.781,0.0015,-0.012,0.0645,-0.0008,-14.4
5.782,0.0,-0.0143,0.0712,-0.0075,-14.6
5.783,-0.0008,-0.0091,0.039,-0.015,-14.7
5.784,-0.0008,-0.0023,-0.0008,-0.0165,-14.9
5.785,0.0,0.0037,-0.0323,-0.0046,-15.0
5.786,0.0007,0.0112,-0.054,0.0105,-15.1
5.787,0.0007,0.0112,-0.0488,0.003,-15.2
5.788,-0.0008,-0.0008,-0.0398,-0.003,-15.3
5.789,0.0007,-0.012,-0.0346,0.009,-15.5
5.79,0.0127,-0.0068,-0.0285,0.0187,-15.6
5.791,0.0195,0.0165,-0.027,0.018,-15.8
5.792,-0.0165,0.0172,-0.024,0.0,-15.9
5.793,-0.0443,-0.0046,-0.0218,-0.0091,-16.0
5.794,-0.024,-0.0098,-0.0158,-0.012,-16.2
5.795,-0.0165,-0.0046,-0.012,-0.015,-16.3
5.796,-0.0068,0.0037,0.0,-0.0068,-16.4
5.797,0.003,0.0045,0.0105,0.0007,-16.5
5.798,0.0142,0.0045,0.018,0.0105,-16.7
5.799,0.0217,0.0067,0.0352,0.0067,-16.8
5.8,0.0112,0.0135,0.051,0.012,-17.0
5.801,0.0105,0.0232,0.0667,0.0202,-17.0
5.802,-0.003,0.0127,0.0532,0.0075,-17.1
5.803,0.009,0.0067,0.0315,0.0015,-17.1
5.804,0.0435,0.0105,0.0247,-0.0046,-17.2
5.805,0.0375,0.0015,0.024,-0.0015,-17.3
5.806,0.012,-0.0173,0.0405,-0.0015,-17.4
5.807,-0.0015,-0.0353,0.0217,-0.0181,-17.5
5.808,-0.012,-0.0203,-0.0083,0.0007,-17.6
5.809,-0.0203,-0.003,-0.0278,0.021,-17.6
5.81,-0.0315,-0.0068,-0.0465,0.0097,-17.7
5.811,-0.033,-0.0023,-0.0405,0.0045,-17.8
5.812,-0.0008,-0.003,-0.0293,-0.0038,-17.9
5.813,0.0255,-0.0046,-0.0046,-0.0023,-18.0
5.814,0.0202,-0.0038,0.0082,0.0075,-18.0
5.815,0.0022,-0.003,0.0052,0.009,-18.1
5.816,-0.0128,0.003,-0.0008,0.0015,-18.2
5.817,-0.012,0.0015,-0.0091,-0.012,-18.3
5.818,-0.0015,0.0052,-0.0091,0.0007,-18.3
5.819,0.0127,0.009,-0.0195,0.0045,-18.4
5.82,0.03,0.0135,-0.0256,0.0082,-18.5
5.821,0.0232,0.015,-0.027,0.0217,-18.6
5.822,0.003,0.0142,-0.0218,0.0165,-18.7
5.823,-0.0143,0.0142,-0.0105,0.0225,-18.7
5.824,-0.0285,0.012,-0.0091,0.0277,-18.8
5.825,-0.024,0.003,-0.0091,0.009,-18.9
5.826,-0.0135,-0.0158,-0.0098,0.0037,-19.0
5.827,-0.012,-0.0315,0.0097,0.003,-19.0
5.828,-0.0248,-0.0563,0.0195,-0.0128,-19.1
5.829,-0.033,-0.0675,0.021,0.0037,-19.2
5.83,-0.0315,-0.033,0.039,0.018,-19.3
5.831,-0.0233,-0.0053,0.0367,0.0082,-19.4
5.832,-0.0015,-0.0008,0.0285,0.0142,-19.4
5.833,0.0187,0.0082,0.0232,0.012,-19.5
5.834,0.033,0.0052,0.012,0.0075,-19.6
5.835,0.0382,0.0,0.0195,-0.003,-19.7
5.836,0.0285,-0.003,0.0352,-0.0128,-19.8
5.837,0.0232,0.0007,0.042,-0.0098,-19.8
5.838,0.036,0.0082,0.0322,-0.0113,-19.9
5.839,0.0472,0.0045,0.0052,-0.0158,-20.0
5.84,0.0382,0.0075,-0.0158,-0.015,-20.1
5.841,0.0105,0.0127,-0.0233,-0.0165,-20.2
5.842,-0.015,0.015,-0.027,-0.0135,-20.2
5.843,-0.0203,0.015,-0.0203,0.0007,-20.3
5.844,-0.015,0.012,-0.012,0.003,-20.3
5.845,-0.0098,0.0142,-0.0046,0.0007,-20.4
5.846,-0.0105,0.012,0.0075,-0.003,-20.5
5.847,-0.0128,0.0067,0.0277,0.003,-20.6
5.848,-0.0008,0.0067,0.0232,0.0112,-20.7
5.849,0.0135,0.0052,-0.0068,0.0015,-20.7
5.85,0.0082,0.0052,0.0007,-0.003,-20.8
5.851,0.0045,0.0015,0.0382,-0.0143,-20.9
5.852,0.0232,-0.0008,0.0502,-0.0203,-20.9
5.853,0.012,0.0075,0.012,-0.0053,-21.0
5.854,-0.0008,0.0097,-0.0308,0.0082,-21.1
5.855,0.0,0.009,-0.0585,0.0187,-21.2
5.856,-0.0105,0.009,-0.0706,0.0067,-21.2
5.857,-0.0165,0.0045,-0.0585,-0.0105,-21.3
5.858,-0.0323,-0.0023,-0.048,-0.0195,-21.4
5.859,-0.0293,-0.0053,-0.0346,-0.027,-21.4
5.86,-0.0263,-0.0008,-0.0203,-0.0278,-21.6
5.861,-0.0195,0.0,-0.0195,-0.0165,-21.6
5.862,-0.003,0.003,-0.0233,-0.003,-21.6
5.863,-0.0091,0.0015,-0.0181,0.0007,-21.7
5.864,-0.015,-0.0008,-0.0023,0.0015,-21.7
5.865,-0.0256,-0.0008,0.018,0.0052,-21.8
5.866,-0.0128,-0.0015,0.0367,0.0082,-21.9
5.867,0.0292,-0.0008,0.0337,0.012,-21.9
5.868,0.0622,0.0,0.0232,0.0127,-22.0
5.869,0.051,0.0015,0.021,0.0052,-22.1
5.87,0.0217,0.0007,0.012,0.0007,-22.1
5.871,-0.0135,-0.0015,0.0015,-0.0053,-22.2
5.872,-0.0488,-0.0038,0.0067,-0.0098,-22.2
5.873,-0.0503,-0.0046,0.0352,-0.012,-22.3
5.874,-0.0465,-0.0053,0.063,-0.0105,-22.4
5.875,-0.0256,-0.0046,0.0405,-0.0046,-22.4
5.876,-0.0105,-0.0038,0.0015,0.0007,-22.5
5.877,-0.0068,-0.0015,-0.0218,0.012,-22.5
5.878,0.0045,-0.0023,-0.0353,0.0157,-22.6
5.879,0.0082,-0.0015,-0.027,0.0202,-22.7
5.88,0.0232,0.0007,-0.0203,0.0165,-22.8
5.881,0.033,0.0,-0.0015,0.0045,-22.8
5.882,0.027,-0.0008,0.0127,0.0007,-22.8
5.883,0.0097,-0.003,0.0105,-0.0091,-22.8
5.884,0.0,-0.0068,0.015,-0.0068,-22.8
5.885,-0.0008,-0.0068,0.0082,-0.0075,-22.8
5.886,0.0007,-0.0075,0.0052,-0.0098,-22.8
5.887,0.0045,-0.006,0.0052,-0.0083,-22.8
5.888,0.0022,-0.0083,0.0127,-0.0128,-22.8
5.889,0.0007,-0.0053,0.039,-0.0083,-22.9
5.89,0.0015,-0.0015,0.0502,-0.0075,-22.9
5.891,0.0045,-0.0015,0.0345,-0.0068,-22.9
5.892,0.0045,-0.0023,0.0082,-0.0083,-22.9
5.893,0.009,-0.0053,-0.0181,-0.0135,-22.9
5.894,0.018,-0.006,-0.03,-0.0165,-22.9
5.895,0.018,-0.0068,-0.0203,-0.015,-23.0
5.896,0.0157,-0.0068,-0.0098,0.0007,-23.0
5.897,0.0127,-0.006,-0.0173,0.0097,-23.0
5.898,0.0105,-0.003,-0.0195,0.009,-23.0
5.899,0.0082,-0.0008,-0.0113,0.0127,-23.0
5.9,0.009,-0.0046,-0.0091,0.0142,-23.0
5.901,0.0067,-0.0075,-0.012,0.009,-23.0
5.902,-0.0015,-0.0091,-0.0225,0.0037,-23.0
5.903,-0.0068,-0.0105,-0.021,0.0,-22.9
5.904,-0.012,-0.0091,-0.0091,-0.0008,-22.9
5.905,-0.0165,-0.0068,-0.0046,-0.0053,-22.8
5.906,-0.012,-0.0053,-0.0075,-0.0091,-22.8
5.907,-0.0053,-0.0023,-0.0053,-0.0083,-22.7
5.908,0.0007,-0.0023,0.009,-0.0083,-22.7
5.909,0.0045,-0.0053,0.0202,-0.0053,-22.6
5.91,-0.0015,-0.0038,0.018,-0.003,-22.5
5.911,-0.0195,-0.003,0.0135,0.0045,-22.5
5.912,-0.027,-0.0038,0.009,0.0097,-22.5
5.913,-0.0128,-0.0053,0.0135,0.0202,-22.4
5.914,-0.0008,-0.0083,0.0142,0.0232,-22.4
5.915,0.0127,-0.0091,0.006,0.0052,-22.3
5.916,0.024,-0.0083,0.0037,0.003,-22.3
5.917,0.0255,-0.0053,-0.0008,-0.0038,-22.2
5.918,0.0262,-0.0053,-0.0046,-0.0091,-22.2
5.919,0.0217,-0.0046,-0.0046,-0.0083,-22.1
5.92,0.0255,-0.003,-0.0053,-0.012,-22.1
5.921,0.0202,-0.0023,0.0,-0.012,-22.1
5.922,0.0105,-0.003,0.0082,-0.0083,-22.0
5.923,-0.0008,-0.0023,0.0135,0.0,-22.0
5.924,-0.0128,-0.0008,0.0082,-0.0008,-21.9
5.925,-0.0105,-0.003,-0.0046,0.0097,-21.9
5.926,-0.006,-0.0053,-0.006,0.0367,-21.8
5.927,0.0,-0.0053,0.0097,0.036,-21.8
5.928,0.0045,-0.0023,0.0382,0.0202,-21.7
5.929,0.0,-0.0008,0.0412,0.0165,-21.7
5.93,-0.0068,0.0,0.0232,0.0052,-21.6
5.931,-0.0113,0.0022,0.0142,0.0015,-21.6
5.932,-0.0128,0.003,0.0142,0.0,-21.6
5.933,-0.0135,0.003,0.0232,0.0007,-21.5
5.934,-0.0091,0.003,0.0142,0.0067,-21.5
5.935,-0.0053,0.003,-0.0053,0.0015,-21.4
5.936,-0.0143,0.003,-0.0218,-0.0015,-21.4
5.937,-0.0195,0.0022,-0.0353,-0.0075,-21.3
5.938,-0.012,0.003,-0.033,-0.006,-21.3
5.939,-0.0053,0.0037,-0.033,-0.0023,-21.2
5.94,0.0007,0.0022,-0.0308,-0.0053,-21.2
5.941,-0.0008,0.0007,-0.024,-0.0008,-21.2
5.942,-0.0113,0.0007,-0.0181,0.0007,-21.2
5.943,-0.0128,-0.0008,-0.0068,-0.0046,-21.1
5.944,-0.0128,-0.0008,0.0007,-0.006,-21.1
5.945,-0.0128,0.0015,0.0015,-0.0068,-21.0
5.946,-0.0083,0.0007,0.003,-0.0053,-21.0
5.947,0.0037,0.003,0.0067,-0.0038,-21.0
5.948,0.0157,0.0037,0.0105,-0.0038,-20.9
5.949,0.027,0.003,0.0142,-0.0046,-20.9
5.95,0.0375,0.0015,0.0157,-0.0068,-20.9
5.951,0.0217,0.0007,0.0165,-0.0083,-20.8
5.952,0.0007,0.0015,0.0135,-0.0075,-20.8
5.953,-0.0105,0.0007,0.006,-0.0023,-20.8
5.954,-0.0143,0.0037,-0.0008,0.003,-20.7
5.955,-0.0053,0.0052,-0.006,0.0045,-20.7
5.956,-0.0046,0.0045,-0.0128,0.012,-20.7
5.957,-0.0015,0.0015,-0.015,0.0165,-20.7
5.958,0.0082,0.0015,-0.012,0.0067,-20.6
5.959,0.012,0.003,-0.003,-0.0068,-20.6
5.96,0.0157,0.0015,0.0097,-0.012,-20.6
5.961,0.0052,0.003,0.0172,-0.0053,-20.6
5.962,-0.0023,0.003,0.0172,-0.0015,-20.5
5.963,-0.003,0.0007,0.0157,-0.0046,-20.5
5.964,-0.003,-0.0008,0.012,0.0015,-20.5
5.965,-0.0015,-0.0008,0.012,0.0052,-20.5
5.966,-0.003,0.0,0.0097,0.0082,-20.4
5.967,-0.0015,0.0007,0.0127,0.0045,-20.4
5.968,-0.0053,0.0022,0.0142,-0.003,-20.4
5.969,-0.0083,0.0022,0.0067,-0.0023,-20.4
5.97,-0.0105,0.0045,0.006,-0.003,-20.3
5.971,-0.0068,0.0037,-0.0008,-0.0008,-20.3
5.972,-0.0023,0.0015,-0.0068,-0.0008,-20.3
5.973,0.0082,0.003,-0.0083,-0.0023,-20.3
5.974,0.0345,0.0007,-0.0091,-0.0015,-20.3
5.975,0.027,0.0,-0.0053,-0.0015,-20.3
5.976,-0.0015,0.0015,-0.0046,-0.003,-20.3
5.977,-0.0203,0.0022,0.0195,-0.0038,-20.2
5.978,-0.0338,0.003,0.0487,-0.0008,-20.2
5.979,-0.03,0.0037,0.0307,0.0015,-20.2
5.98,-0.0233,0.0037,-0.0091,0.0007,-20.2
5.981,-0.0128,0.0015,-0.0353,0.0007,-20.2
5.982,-0.0053,0.0007,-0.0563,-0.0015,-20.2
5.983,-0.003,0.0015,-0.054,-0.003,-20.2
5.984,0.009,0.0015,-0.0405,-0.0015,-20.2
5.985,0.0067,0.0022,-0.0158,-0.0015,-20.1
5.986,0.0082,0.0045,0.0217,-0.0015,-20.1
5.987,0.0187,0.0045,0.033,-0.0008,-20.1
5.988,0.0195,0.0022,0.0172,0.009,-20.1
5.989,0.0097,0.003,-0.0038,0.0105,-20.1
5.99,-0.0068,0.0015,-0.0225,0.0015,-20.1
5.991,-0.0158,0.0,-0.0248,0.0015,-20.1
5.992,-0.0098,-0.0008,-0.0173,-0.0008,-20.1
5.993,-0.0015,-0.0023,-0.0105,0.0007,-20.1
5.994,0.0045,-0.0008,-0.0008,0.0037,-20.1
5.995,0.0097,-0.003,0.006,0.003,-20.1
5.996,0.0135,-0.006,0.0157,0.0052,-20.1
5.997,0.0135,-0.0053,0.0202,0.0052,-20.1
5.998,0.0052,-0.0038,0.0202,0.003,-20.1
5.999,0.0,-0.0038,0.0165,0.0,-20.1
6.0,-0.0015,-0.003,0.0172,-0.0015,-20.1
6.001,-0.003,-0.0023,0.0202,-0.0015,-20.1
6.002,-0.003,-0.0015,0.012,0.0007,-20.1
6.003,-0.0038,-0.0023,0.0037,0.0007,-20.1
6.004,-0.0053,-0.003,0.0007,0.0,-20.1
6.005,-0.0053,-0.0015,0.003,-0.0008,-20.0
6.006,-0.0046,-0.0008,0.009,-0.0068,-20.0
6.007,-0.0038,-0.0008,0.0105,-0.0075,-20.0
6.008,-0.0038,0.0015,0.009,-0.0091,-20.0
6.009,-0.0038,0.0007,0.0045,-0.0105,-20.0
6.01,-0.0053,0.0,0.0045,-0.0068,-20.0
6.011,-0.003,0.0007,0.0037,-0.0053,-20.0
6.012,-0.0015,0.0015,0.0022,0.0022,-20.0
6.013,-0.0015,0.0007,0.0097,0.0067,-20.0
6.014,-0.0008,-0.003,0.0157,0.003,-20.0
6.015,0.0,-0.003,0.0082,-0.0008,-20.0
6.016,-0.0008,-0.0046,-0.0015,0.003,-20.0
6.017,0.0015,-0.0053,-0.0068,0.0067,-20.0
6.018,0.0052,-0.003,-0.0113,-0.003,-20.0
6.019,0.0157,-0.003,-0.0068,-0.0053,-20.0
6.02,0.0255,-0.003,-0.0008,0.0007,-20.0
6.021,0.0195,-0.0046,0.003,-0.0008,-20.0
6.022,0.0082,-0.0068,0.003,0.0007,-19.9
6.023,-0.0015,-0.0083,0.0,-0.0053,-19.9
6.024,-0.0068,-0.0075,0.0015,-0.003,-19.9
6.025,-0.0091,-0.0068,0.0045,0.009,-19.9
6.026,-0.006,-0.0053,0.0007,0.003,-19.9
6.027,-0.003,-0.0046,-0.0008,-0.0008,-19.9
6.028,-0.0015,-0.0053,-0.0008,-0.0015,-19.9
6.029,0.003,-0.006,-0.0015,-0.0015,-19.9
6.03,0.0037,-0.0046,-0.0015,-0.0015,-19.8
6.031,-0.0008,-0.0038,0.0015,0.0007,-19.8
6.032,-0.0046,-0.003,0.015,0.003,-19.8
6.033,-0.0046,-0.0046,0.0255,-0.0015,-19.8
6.034,-0.0075,-0.0053,0.009,-0.0015,-19.8
6.035,-0.0091,-0.0053,-0.0091,0.003,-19.8
6.036,-0.0075,-0.003,-0.0203,0.0015,-19.8
6.037,-0.0068,-0.0015,-0.027,-0.0015,-19.8
6.038,-0.003,-0.003,-0.0233,0.0007,-19.8
6.039,0.0082,-0.0023,-0.0165,0.003,-19.8
6.04,0.0202,-0.0015,-0.0091,0.0015,-19.8
6.041,0.0187,-0.0015,-0.0023,0.0022,-19.8
6.042,0.0127,-0.0015,0.0142,0.0067,-19.7
6.043,0.006,-0.0038,0.0255,0.003,-19.7
6.044,-0.0046,-0.006,0.0127,0.0007,-19.7
6.045,-0.0053,-0.0053,0.0015,-0.0015,-19.7
6.046,-0.003,-0.0046,-0.0015,-0.0083,-19.6
6.047,0.0007,-0.0038,-0.003,-0.0105,-19.6
6.048,-0.0068,-0.0008,0.0,-0.0091,-19.6
6.049,-0.0195,0.0015,0.0007,0.0015,-19.6
6.05,-0.0158,0.0015,0.0007,0.006,-19.5
6.051,0.0007,0.0015,-0.0008,0.0,-19.5
6.052,0.015,-0.0008,-0.0038,-0.0046,-19.5
6.053,0.0232,0.0,-0.003,-0.0015,-19.5
6.054,0.0202,0.0007,-0.003,0.0007,-19.5
6.055,0.012,0.0,0.0067,-0.0068,-19.4
6.056,0.0075,0.0015,0.033,-0.0046,-19.4
6.057,0.0037,0.0007,0.0427,0.0052,-19.4
6.058,0.0082,-0.0015,0.0195,0.012,-19.4
6.059,0.015,-0.0008,0.0022,0.0097,-19.4
6.06,0.0105,-0.0015,-0.0098,0.0067,-19.4
6.061,-0.0068,-0.0046,-0.0173,0.009,-19.3
6.062,-0.0203,-0.0053,-0.0128,0.003,-19.3
6.063,-0.0293,-0.006,-0.0158,0.0015,-19.3
6.064,-0.0285,-0.0068,-0.0091,0.0037,-19.2
6.065,-0.0143,-0.0038,0.003,0.0037,-19.2
6.066,-0.0083,-0.0023,0.0105,0.0045,-19.2
6.067,-0.003,-0.0046,0.0112,0.003,-19.1
6.068,0.0022,-0.0053,0.0007,0.0,-19.1
6.069,0.0015,-0.0053,-0.0008,-0.0038,-19.1
6.07,-0.0008,-0.0053,-0.003,-0.0046,-19.0
6.071,-0.003,-0.0046,-0.0046,0.0022,-19.0
6.072,0.0007,-0.0038,0.0007,0.0015,-19.0
6.073,-0.0015,-0.0053,-0.0008,-0.0008,-18.9
6.074,-0.0015,-0.0053,-0.003,-0.0015,-18.9
6.075,0.0165,-0.0053,-0.0038,-0.003,-18.9
6.076,0.0345,-0.003,-0.0098,-0.0008,-18.9
6.077,0.0195,-0.003,-0.0105,0.0015,-18.8
6.078,-0.0053,-0.0038,-0.0068,0.0015,-18.8
6.079,-0.0135,-0.0023,-0.0008,0.003,-18.8
6.08,-0.0233,-0.0023,0.009,0.003,-18.7
6.081,-0.0225,-0.003,0.012,0.003,-18.7
6.082,-0.0203,-0.003,0.0135,0.0037,-18.7
6.083,-0.0091,-0.003,0.0157,0.0015,-18.7
6.084,-0.0015,-0.0038,0.0157,0.0007,-18.6
6.085,-0.0015,-0.0046,0.0127,0.0015,-18.6
6.086,0.0045,-0.0038,0.0105,0.003,-18.6
6.087,-0.0008,-0.0046,0.009,0.0007,-18.6
6.088,-0.0046,-0.003,0.0045,-0.0038,-18.5
6.089,-0.0015,-0.0015,-0.0015,-0.0046,-18.5
6.09,0.0015,-0.0015,-0.0068,-0.0068,-18.5
6.091,0.003,0.0007,-0.0083,-0.0046,-18.5
6.092,0.0022,0.0045,-0.0105,-0.0023,-18.5
6.093,0.0067,0.003,-0.012,-0.0015,-18.5
6.094,0.009,0.003,-0.0091,0.0,-18.5
6.095,0.009,0.003,-0.0053,-0.003,-18.4
6.096,0.0067,0.0045,-0.0046,-0.0023,-18.4
6.097,0.0067,0.0052,-0.0046,0.0,-18.4
6.098,0.0052,0.0045,-0.003,0.0007,-18.4
6.099,0.003,0.0052,-0.0038,0.0037,-18.3
6.1,0.0022,0.0052,-0.0053,0.0052,-18.3
6.101,-0.0008,0.0052,-0.0023,0.0045,-18.3
6.102,0.0,0.0045,-0.0008,0.0037,-18.3
6.103,-0.0008,0.0015,0.0022,0.0015,-18.3
6.104,-0.003,0.003,0.0015,0.0015,-18.2
6.105,-0.0046,0.0037,0.0015,0.0,-18.2
6.106,-0.003,0.003,0.0015,-0.0038,-18.2
6.107,-0.0015,0.003,0.003,-0.003,-18.2
6.108,-0.003,0.003,0.0052,-0.003,-18.2
6.109,-0.0068,0.0045,0.0045,-0.0053,-18.1
6.11,-0.0075,0.003,0.0015,-0.0068,-18.1
6.111,-0.006,0.0015,0.0045,-0.0053,-18.1
6.112,-0.0023,0.0,0.0052,-0.003,-18.1
6.113,0.0,0.0007,0.0067,0.0,-18.1
6.114,-0.0008,0.0007,0.0075,0.0015,-18.0
6.115,0.0007,0.0007,0.0067,0.0015,-18.0
6.116,-0.0015,0.0007,0.0067,-0.0008,-18.0
6.117,-0.0053,-0.0008,0.006,-0.0023,-18.0
6.118,-0.0053,0.0015,0.0052,0.0,-18.0
6.119,0.0,0.0022,0.006,0.003,-18.0
6.12,0.0022,0.003,0.0082,0.003,-18.0
6.121,0.003,0.0037,0.0067,0.0067,-17.9
6.122,0.0045,0.0037,0.0045,0.009,-17.9
6.123,0.0067,0.003,0.0067,0.0052,-17.9
6.124,0.0127,0.0022,0.0112,0.0015,-17.9
6.125,0.0127,0.0007,0.0097,-0.0008,-17.8
6.126,0.0067,-0.0015,0.0045,-0.0008,-17.8
6.127,0.0007,-0.0015,0.003,-0.0015,-17.8
6.128,-0.003,-0.0015,0.0007,0.0007,-17.8
6.129,-0.0023,-0.0015,0.0,0.0052,-17.7
6.13,-0.0008,-0.0008,0.0045,0.0052,-17.7
6.131,0.0015,-0.0008,0.009,-0.003,-17.7
6.132,0.0015,-0.0023,0.0082,-0.0105,-17.6
6.133,-0.0038,-0.0046,-0.0046,-0.0165,-17.6
6.134,-0.0083,-0.0053,-0.0091,-0.0181,-17.6
6.135,-0.0083,-0.0038,-0.0105,-0.0128,-17.6
6.136,-0.0046,-0.0008,-0.0128,-0.0053,-17.6
6.137,0.0,-0.0008,-0.0105,0.0015,-17.6
6.138,0.0045,-0.0015,-0.0113,0.003,-17.5
6.139,0.0105,-0.003,-0.0091,0.006,-17.5
6.14,0.0112,-0.003,-0.0113,0.0052,-17.5
6.141,0.0067,-0.003,-0.0113,0.0015,-17.4
6.142,0.003,-0.0046,-0.0075,0.0015,-17.4
6.143,0.0015,-0.0046,-0.006,0.0015,-17.4
6.144,0.0007,-0.003,-0.0008,0.003,-17.3
6.145,0.0007,-0.0015,0.003,0.006,-17.3
6.146,-0.0008,-0.0038,0.003,0.0037,-17.2
6.147,0.0007,-0.0046,0.0052,-0.0015,-17.2
6.148,0.0007,-0.0046,0.0067,-0.0015,-17.2
6.149,-0.0015,-0.0038,0.0037,-0.006,-17.1
6.15,-0.0008,-0.0046,0.0037,-0.0091,-17.1
6.151,-0.0008,-0.0015,0.0067,-0.0083,-17.1
6.152,-0.0008,-0.0008,0.0037,-0.0038,-17.0
6.153,-0.0015,-0.0008,0.003,0.0007,-17.0
6.154,-0.0015,0.0015,0.0037,0.0045,-17.0
6.155,0.0022,0.0022,0.0052,0.015,-16.9
6.156,0.0052,0.0015,0.0037,0.0195,-16.9
6.157,0.003,0.003,0.0022,-0.0075,-16.8
6.158,-0.0008,0.0,0.0037,-0.0203,-16.8
6.159,-0.003,-0.003,0.003,-0.0091,-16.8
6.16,-0.0053,-0.0015,0.0037,-0.0068,-16.7
6.161,-0.0053,-0.0015,0.0015,0.0,-16.7
6.162,-0.0053,-0.0015,0.0007,0.0015,-16.7
6.163,-0.0023,-0.0015,0.003,0.0015,-16.7
6.164,-0.0008,-0.0015,0.0007,0.0052,-16.6
6.165,0.0007,-0.0008,-0.0008,0.006,-16.6
6.166,0.0022,0.0,-0.0015,0.0045,-16.5
6.167,-0.003,-0.0015,-0.0008,0.003,-16.5
6.168,-0.006,-0.0023,0.0022,0.003,-16.5
6.169,-0.006,-0.0015,0.003,0.0,-16.4
6.17,-0.0053,-0.003,0.0037,-0.003,-16.4
6.171,-0.0053,-0.0008,0.003,-0.0091,-16.4
6.172,-0.0046,0.0015,0.0045,-0.0046,-16.3
6.173,0.0045,0.0015,0.0052,0.003,-16.3
6.174,0.0135,0.0007,0.0045,0.0067,-16.3
6.175,0.0127,-0.0008,0.0052,0.0082,-16.2
6.176,0.0112,-0.0015,0.0082,0.0052,-16.2
6.177,0.0082,-0.0038,0.0067,0.0,-16.2
6.178,-0.003,-0.0068,0.0045,-0.0038,-16.2
6.179,-0.0068,-0.0046,0.003,-0.0008,-16.1
6.18,-0.0068,-0.0046,0.0022,-0.0008,-16.1
6.181,-0.006,-0.0046,0.0015,-0.0008,-16.0
6.182,-0.003,-0.0046,0.0007,-0.0008,-16.0
6.183,-0.0015,-0.0046,0.003,-0.0015,-16.0
6.184,0.0022,-0.0023,0.0045,0.0007,-15.9
6.185,0.0045,-0.0015,0.0037,0.0007,-15.9
6.186,-0.0008,-0.003,0.0007,0.003,-15.9
6.187,-0.0023,-0.0046,0.0007,0.0015,-15.8
6.188,-0.0015,-0.0046,0.0015,0.0007,-15.8
6.189,-0.003,-0.0046,0.0007,-0.0015,-15.8
6.19,-0.0015,-0.003,0.0015,-0.0008,-15.8
6.191,-0.0008,-0.0023,0.0007,0.0,-15.7
6.192,-0.0015,-0.003,-0.0008,0.0007,-15.7
6.193,-0.003,-0.0008,-0.0008,0.003,-15.7
6.194,-0.0015,-0.0008,-0.003,0.0052,-15.6
6.195,-0.003,0.0015,-0.0015,0.006,-15.6
6.196,-0.0023,0.0015,-0.0023,0.006,-15.6
6.197,0.003,0.0007,-0.0023,0.0067,-15.5
6.198,0.0052,0.0015,-0.0015,0.0052,-15.5
6.199,0.0067,0.0015,-0.003,0.0045,-15.5
6.2,0.003,-0.0008,0.0007,0.0015,-15.4
6.201,-0.0008,-0.0015,-0.0015,-0.003,-15.4
6.202,-0.0008,-0.0008,-0.003,-0.0015,-15.4
6.203,0.003,0.0007,-0.0038,-0.003,-15.4
6.204,0.0022,0.0022,-0.0046,-0.0015,-15.3
6.205,0.0015,0.0015,-0.003,-0.0015,-15.3
6.206,0.0037,0.0007,-0.0015,-0.0046,-15.3
6.207,0.0075,-0.0008,-0.0008,-0.0046,-15.3
6.208,0.0142,-0.0015,0.0,-0.0068,-15.3
6.209,0.0112,-0.0023,0.0015,-0.0053,-15.3
6.21,0.0022,-0.003,0.0,-0.003,-15.3
6.211,-0.0053,-0.003,-0.0015,-0.0015,-15.3
6.212,-0.0128,-0.0038,-0.0068,-0.0008,-15.2
6.213,-0.0165,-0.003,-0.0091,0.0007,-15.2
6.214,-0.0143,-0.0023,-0.0046,0.003,-15.2
6.215,-0.0105,-0.003,-0.0015,0.0007,-15.2
6.216,-0.0075,-0.0015,0.0067,0.0007,-15.2
6.217,-0.0015,0.0007,0.0082,0.0007,-15.1
6.218,0.0082,-0.0008,0.0052,-0.0023,-15.1
6.219,0.0127,-0.0008,0.0097,0.0,-15.1
6.22,0.0105,0.0,0.0082,0.0045,-15.1
6.221,0.0097,0.0,0.006,0.0067,-15.1
6.222,0.0105,0.0,0.0082,0.006,-15.1
6.223,0.0112,-0.0015,0.0082,0.003,-15.1
6.224,0.0067,-0.0046,0.0052,0.0,-15.0
6.225,-0.0008,-0.0046,0.0022,-0.0053,-15.0
6.226,-0.0015,-0.0046,0.0037,-0.006,-15.0
6.227,-0.0008,-0.0053,0.0022,-0.0038,-15.0
6.228,0.003,-0.003,-0.0015,-0.003,-15.0
6.229,0.0052,-0.003,-0.0023,-0.0046,-15.0
6.23,0.0037,-0.0015,-0.0008,-0.012,-15.0
6.231,0.0022,-0.0023,0.0007,-0.0173,-15.0
6.232,-0.0038,-0.0008,0.0007,-0.0068,-15.0
6.233,-0.0075,0.0007,-0.0015,0.0037,-15.0
6.234,-0.006,-0.0008,-0.003,0.0015,-15.0
6.235,-0.003,0.003,0.0,0.003,-15.0
6.236,0.0,0.0022,0.0007,0.0067,-15.0
6.237,0.0,0.0022,0.0037,0.0082,-14.9
6.238,0.0,0.0045,0.0045,0.006,-14.9
6.239,-0.0008,0.003,0.0007,0.0067,-14.9
6.24,-0.0015,0.0007,0.0015,0.0067,-14.9
6.241,-0.0023,0.0022,-0.0015,0.0052,-14.9
6.242,-0.0046,0.0022,-0.0023,0.0045,-14.9
6.243,-0.0046,0.0,-0.0015,0.0045,-14.9
6.244,-0.003,0.0007,-0.0008,0.0075,-14.9
6.245,-0.0023,0.0,0.0022,0.0015,-14.9
6.246,-0.003,-0.0008,0.0082,-0.0053,-14.9
6.247,-0.003,-0.0038,0.009,-0.0015,-14.9
6.248,0.0015,-0.0053,0.0067,-0.0015,-14.9
6.249,0.0015,-0.0053,0.0082,-0.0015,-14.9
6.25,-0.0015,-0.0046,0.0052,0.0015,-14.9
6.251,-0.0023,-0.0008,0.0045,0.0015,-14.9
6.252,-0.0046,-0.0008,0.0052,0.003,-14.9
6.253,-0.003,-0.0023,0.0015,0.0022,-14.9
6.254,0.0,-0.003,0.0007,0.0022,-14.9
6.255,-0.0008,-0.0038,-0.0008,0.0045,-15.0
6.256,-0.0008,-0.0046,0.0,0.0045,-15.0
6.257,0.0015,-0.003,0.0007,0.0082,-15.0
6.258,0.0082,0.0022,0.0015,0.0105,-15.0
6.259,0.0135,0.0037,0.0082,0.0082,-15.0
6.26,0.0157,0.0007,0.0082,0.009,-15.0
6.261,0.0142,-0.0008,0.0045,0.0075,-15.0
6.262,0.0015,-0.0023,0.003,0.0022,-15.0
6.263,-0.0091,-0.0038,0.0015,0.0007,-15.0
6.264,-0.0143,-0.0046,0.0022,-0.003,-15.0
6.265,-0.012,-0.0046,0.003,-0.003,-15.0
6.266,-0.0053,-0.003,0.0007,-0.0046,-15.1
6.267,-0.0038,-0.0015,0.0007,-0.0053,-15.1
6.268,-0.0038,-0.0015,0.0,-0.0046,-15.1
6.269,-0.0038,-0.0015,-0.0008,-0.0046,-15.1
6.27,-0.0038,-0.0008,-0.003,-0.0023,-15.1
6.271,-0.0023,-0.0023,-0.003,-0.0023,-15.1
6.272,0.0022,-0.0023,0.0,-0.0038,-15.1
6.273,0.006,-0.0015,0.0015,-0.0068,-15.1
6.274,0.003,-0.003,0.0015,-0.0068,-15.1
6.275,0.0022,-0.0015,-0.0008,-0.0053,-15.2
6.276,0.003,-0.003,-0.0015,-0.0091,-15.2
6.277,0.003,-0.003,-0.0015,-0.0173,-15.2
6.278,0.0022,-0.003,-0.0015,-0.012,-15.2
6.279,0.0007,-0.0023,-0.0023,-0.0038,-15.2
6.28,-0.003,-0.0008,-0.0023,-0.0038,-15.3
6.281,-0.0053,0.0,0.0,0.003,-15.3
6.282,-0.0053,0.0022,0.0022,0.012,-15.3
6.283,-0.0046,0.0015,0.003,0.0067,-15.3
6.284,-0.0046,0.0015,0.0022,-0.0015,-15.3
6.285,-0.003,0.0045,0.0015,0.0007,-15.3
6.286,-0.0015,0.0037,0.0022,0.0,-15.3
6.287,0.0007,0.0045,0.0045,0.003,-15.3
6.288,0.003,0.0037,0.0037,0.003,-15.3
6.289,0.0045,0.0015,0.003,0.0007,-15.3
6.29,0.0052,0.0007,0.0045,0.0022,-15.3
6.291,0.0097,-0.0008,0.009,0.0022,-15.3
6.292,0.0067,-0.0015,0.0105,0.003,-15.3
6.293,0.0,-0.0015,0.0075,0.0007,-15.3
6.294,-0.0046,-0.0023,0.0015,0.0007,-15.3
6.295,-0.0053,-0.0015,-0.0015,0.0022,-15.3
6.296,-0.0053,-0.0008,-0.0038,0.003,-15.3
6.297,-0.0046,0.0007,-0.0091,0.003,-15.3
6.298,-0.0053,0.0,-0.0105,0.0,-15.4
6.299,-0.006,0.0007,-0.0083,0.0007,-15.4
6.3,-0.0053,0.0007,-0.0105,0.003,-15.4
6.301,-0.0008,-0.0015,-0.012,0.0045,-15.4
6.302,0.0037,-0.0023,-0.0091,0.003,-15.4
6.303,0.003,-0.003,-0.0053,-0.0008,-15.4
6.304,0.0037,-0.003,-0.0008,-0.0015,-15.4
6.305,0.003,-0.0015,0.0007,-0.0015,-15.4
6.306,0.0015,-0.0015,0.003,-0.0015,-15.4
6.307,0.009,-0.0015,0.0045,-0.003,-15.4
6.308,0.0202,-0.0015,0.0022,-0.006,-15.4
6.309,0.0217,-0.0023,0.0022,-0.0053,-15.4
6.31,0.012,-0.0038,0.0015,-0.0053,-15.4
6.311,0.0007,-0.003,-0.0008,-0.0068,-15.4
6.312,-0.0075,-0.0023,-0.0008,-0.0083,-15.4
6.313,-0.0143,-0.003,-0.003,-0.0068,-15.4
6.314,-0.0135,-0.0053,-0.003,-0.0046,-15.4
6.315,-0.0113,-0.0053,-0.0046,-0.0046,-15.5
6.316,-0.0105,-0.0023,-0.0046,-0.0046,-15.5
6.317,-0.0128,-0.003,0.0015,-0.0008,-15.5
6.318,-0.0135,-0.0046,0.0052,0.003,-15.5
6.319,-0.0068,-0.003,0.0052,0.003,-15.5
6.32,-0.0015,-0.003,0.0082,0.0045,-15.5
6.321,-0.0015,-0.0023,0.0105,0.0067,-15.5
6.322,-0.0008,-0.0023,0.0082,0.0067,-15.5
6.323,-0.0015,-0.003,0.006,0.0067,-15.5
6.324,-0.0023,-0.0008,0.0082,0.0082,-15.5
6.325,-0.0015,-0.0008,0.0082,0.0045,-15.5
6.326,0.0015,0.0,0.0045,0.0,-15.5
6.327,0.0045,0.0,-0.0008,-0.0083,-15.5
6.328,0.0045,0.0015,-0.0008,-0.0143,-15.5
6.329,0.0007,0.0007,0.0015,-0.0075,-15.5
6.33,-0.0008,-0.0008,0.0015,-0.0038,-15.5
6.331,0.0007,-0.003,0.0015,-0.0038,-15.5
6.332,0.0007,-0.0038,-0.0008,0.003,-15.5
6.333,0.0,-0.0023,-0.0008,0.0037,-15.5
6.334,0.0037,-0.0015,0.0007,0.003,-15.5
6.335,0.0052,-0.0015,0.0007,0.0007,-15.5
6.336,0.003,-0.003,0.0037,0.0015,-15.5
6.337,0.0022,-0.0008,0.0045,0.003,-15.5
6.338,0.0022,-0.0008,0.0045,0.003,-15.5
6.339,0.0052,-0.0015,0.0037,0.0022,-15.5
6.34,0.0045,-0.0023,0.003,0.0007,-15.5
6.341,0.003,-0.0015,0.003,0.0007,-15.5
6.342,0.0052,-0.0023,0.0015,0.0007,-15.5
6.343,0.0045,0.0007,0.003,0.0037,-15.5
6.344,0.0007,0.0007,0.0015,0.003,-15.5
6.345,-0.0015,-0.0008,0.0007,0.0052,-15.5
6.346,-0.0015,-0.0008,-0.0008,0.0082,-15.4
6.347,-0.0068,-0.0015,0.0,0.0067,-15.4
6.348,-0.0046,-0.0008,0.0,0.0082,-15.4
6.349,0.0045,-0.0023,0.0015,0.0097,-15.4
6.35,0.0045,-0.0046,0.003,0.0067,-15.4
6.351,0.003,-0.0038,0.0007,0.0045,-15.4
6.352,0.0015,-0.0023,0.0,0.0015,-15.4
6.353,0.0007,-0.0008,0.0022,0.0007,-15.4
6.354,0.0,0.0007,0.003,-0.0023,-15.4
6.355,0.0007,0.0015,0.003,-0.006,-15.3
6.356,0.003,0.0015,0.003,-0.0068,-15.3
6.357,0.0022,0.003,0.0037,-0.0068,-15.3
6.358,0.003,0.0045,0.003,-0.0053,-15.3
6.359,0.003,0.0045,0.0045,-0.0053,-15.3
6.36,0.0045,0.0022,0.0037,0.0,-15.3
6.361,0.0045,0.0007,0.0022,0.003,-15.3
6.362,0.003,0.0022,0.003,0.003,-15.3
6.363,0.0045,0.0015,0.0022,0.0052,-15.3
6.364,0.0045,0.0007,0.0015,0.0052,-15.2
6.365,0.0037,-0.0008,0.0015,0.003,-15.2
6.366,0.0045,-0.0015,0.0,0.0022,-15.2
6.367,0.0022,-0.0023,0.0007,0.0015,-15.2
6.368,0.0,-0.0015,0.0015,0.0007,-15.1
6.369,-0.0008,-0.0015,0.0007,0.0007,-15.1
6.37,-0.0015,-0.0015,0.0015,-0.0015,-15.1
6.371,-0.0046,-0.0015,0.0,-0.0008,-15.1
6.372,-0.0053,-0.0015,0.0,-0.0008,-15.1
6.373,-0.0046,0.0007,0.0015,-0.0015,-15.0
6.374,-0.0046,0.0007,0.0015,0.0,-15.0
6.375,-0.0023,0.0,0.0015,-0.0008,-15.0
6.376,-0.0008,0.0007,0.0015,-0.0008,-15.0
6.377,0.0,0.0015,0.0007,-0.0046,-14.9
6.378,0.0007,0.0,0.0022,-0.0068,-14.9
6.379,-0.0008,-0.003,0.003,-0.0091,-14.9
6.38,-0.0008,-0.0038,-0.0015,-0.0091,-14.9
6.381,0.0015,-0.0053,-0.0023,-0.0068,-14.9
6.382,0.0045,-0.0046,0.0007,-0.0068,-14.9
6.383,0.0067,-0.0015,0.0,-0.0038,-14.9
6.384,0.0045,-0.0015,0.003,-0.0015,-14.8
6.385,-0.0015,-0.0023,0.0052,-0.0053,-14.8
6.386,-0.0068,-0.0053,0.0052,-0.0053,-14.8
6.387,-0.0068,-0.0046,0.0127,-0.0008,-14.7
6.388,-0.0068,-0.003,0.015,0.0022,-14.7
6.389,-0.0075,-0.0023,0.0142,0.003,-14.7
6.39,-0.0083,0.0007,0.0127,0.003,-14.7
6.391,-0.0083,-0.0008,0.0052,0.0015,-14.6
6.392,-0.003,-0.0015,0.0015,0.003,-14.6
6.393,0.0007,-0.0008,-0.0008,0.003,-14.6
6.394,-0.0023,-0.0038,-0.003,0.0015,-14.6
6.395,-0.006,-0.0046,-0.0046,0.0022,-14.5
6.396,-0.0015,-0.0015,-0.0053,0.0037,-14.5
6.397,0.009,0.0,-0.0098,0.0045,-14.5
6.398,0.021,-0.0046,-0.0105,0.0045,-14.5
6.399,0.0187,-0.0023,-0.006,0.0045,-14.5
6.4,0.0097,-0.0008,-0.0023,0.0015,-14.4
6.401,-0.0008,0.0,-0.0015,0.0007,-14.4
6.402,-0.0091,0.0007,0.0,-0.0015,-14.4
6.403,-0.0091,-0.0038,0.0007,-0.0015,-14.4
6.404,-0.0105,-0.0053,0.003,0.0,-14.4
6.405,-0.0091,-0.0053,0.0037,0.003,-14.4
6.406,-0.0075,-0.0008,0.0007,0.003,-14.4
6.407,-0.0046,0.0015,0.0,0.0015,-14.3
6.408,0.0007,0.0015,0.0007,0.0022,-14.3
6.409,0.003,0.003,0.003,-0.0023,-14.3
6.41,0.0037,0.0045,0.0045,-0.0128,-14.3
6.411,0.0,0.0052,0.0045,-0.012,-14.3
6.412,0.0007,0.0052,0.003,0.003,-14.2
6.413,0.0007,0.0105,0.0015,0.0067,-14.2
6.414,0.0007,0.015,0.0,0.0105,-14.2
6.415,-0.0008,0.003,-0.0008,0.0067,-14.2
6.416,-0.003,-0.0083,0.0,-0.0008,-14.2
6.417,-0.0008,-0.015,0.0015,0.003,-14.1
6.418,-0.003,-0.021,0.003,-0.0015,-14.1
6.419,-0.003,-0.0195,0.0015,0.0007,-14.1
6.42,-0.0046,-0.015,0.0007,-0.0008,-14.1
6.421,-0.003,-0.0091,0.0007,-0.0008,-14.1
6.422,-0.0015,-0.0053,0.0015,0.0007,-14.1
6.423,-0.0015,-0.0023,0.0,-0.0008,-14.1
6.424,0.0007,0.0,-0.0023,0.0007,-14.1
6.425,0.0007,0.0015,-0.0008,-0.0015,-14.1
6.426,0.0007,0.003,-0.003,-0.0008,-14.1
6.427,0.0007,0.0,-0.0038,-0.0008,-14.1
6.428,0.003,0.0022,-0.0015,0.0007,-14.1
6.429,0.0075,0.0037,-0.006,0.0,-14.1
6.43,0.009,0.0022,-0.0053,0.0,-14.0
6.431,0.0082,0.003,0.0,0.0015,-14.0
6.432,0.006,0.0045,-0.0015,0.0,-14.0
6.433,0.003,0.003,-0.0046,0.0007,-14.0
6.434,-0.0046,0.0007,-0.003,0.0,-14.0
6.435,-0.0068,0.0015,-0.0015,-0.0008,-14.0
6.436,-0.0008,0.0015,0.0,-0.0015,-14.0
6.437,0.0037,0.003,0.003,0.0007,-14.0
6.438,0.0045,0.003,0.0045,0.0052,-14.0
6.439,0.003,0.0037,0.006,0.006,-14.0
6.44,0.0,0.0045,0.0082,0.0052,-14.0
6.441,0.0007,0.0045,0.0112,0.0052,-14.0
6.442,0.0007,0.003,0.0105,0.0052,-14.0
6.443,-0.0008,0.003,0.0052,0.0015,-14.0
6.444,0.0007,0.0015,0.0007,-0.0008,-14.0
6.445,-0.0008,-0.0015,-0.003,-0.0023,-14.0
6.446,0.0007,-0.0023,-0.0015,-0.003,-14.0
6.447,0.0015,-0.003,-0.0046,-0.003,-14.0
6.448,-0.0015,-0.003,-0.0046,-0.0068,-14.0
6.449,0.0,-0.0046,-0.0008,-0.0068,-14.0
6.45,0.0,-0.003,0.0007,-0.0053,-14.1
6.451,0.0007,-0.003,0.0022,-0.0023,-14.1
6.452,0.0015,-0.003,0.0015,0.0007,-14.1
6.453,0.0022,-0.0015,0.003,0.0015,-14.1
6.454,0.0007,-0.0023,0.0015,0.0,-14.1
6.455,0.0,-0.003,0.0007,-0.0015,-14.1
6.456,0.0015,-0.003,0.0007,0.0007,-14.1
6.457,0.0007,-0.0015,0.0,-0.0015,-14.1
6.458,0.0052,-0.003,0.0082,-0.003,-14.1
6.459,0.0067,-0.0053,0.0202,-0.0053,-14.1
6.46,0.0037,-0.0068,0.0195,-0.0053,-14.2
6.461,0.0037,-0.0046,0.0127,0.0,-14.2
6.462,0.0045,-0.0038,0.0052,-0.0008,-14.2
6.463,0.003,-0.0038,-0.0046,0.0015,-14.2
6.464,0.0015,-0.0015,-0.0105,0.0022,-14.2
6.465,0.0067,-0.0015,-0.0135,0.003,-14.3
6.466,0.0112,-0.003,-0.0173,0.003,-14.3
6.467,0.009,-0.0015,-0.0135,0.0,-14.3
6.468,0.0045,-0.0015,-0.0105,0.0015,-14.3
6.469,-0.003,-0.0008,-0.0053,0.0,-14.3
6.47,-0.0083,-0.0015,-0.0015,0.0007,-14.4
6.471,-0.0128,-0.0023,-0.003,0.0015,-14.4
6.472,-0.0181,-0.0015,-0.0015,0.003,-14.4
6.473,-0.0158,-0.003,-0.0015,0.003,-14.4
6.474,-0.0105,-0.003,0.0007,-0.0008,-14.4
6.475,-0.0038,-0.0023,0.0022,-0.0015,-14.5
6.476,0.0075,-0.003,0.0045,-0.0008,-14.5
6.477,0.0082,0.0022,0.0015,0.003,-14.5
6.478,0.0045,0.0112,-0.0008,0.0052,-14.5
6.479,0.003,0.0157,-0.0008,0.0052,-14.5
6.48,0.003,0.0097,-0.0008,0.0067,-14.6
6.481,0.0022,0.0082,0.003,0.0037,-14.6
6.482,-0.0008,0.0052,0.003,0.0015,-14.6
6.483,0.0,0.0022,0.003,-0.0008,-14.6
6.484,0.003,0.0052,0.0067,-0.0015,-14.7
6.485,0.0045,-0.0015,0.0067,-0.0023,-14.7
6.486,0.003,-0.0098,0.0067,-0.0068,-14.7
6.487,0.0015,-0.0203,0.0052,-0.0068,-14.7
6.488,0.003,-0.0278,0.0045,-0.0068,-14.8
6.489,0.003,-0.0308,0.0037,-0.0098,-14.8
6.49,0.0045,-0.027,0.0022,-0.0075,-14.8
6.491,0.0052,-0.0173,0.0022,-0.006,-14.8
6.492,0.003,-0.0105,0.003,-0.0038,-14.8
6.493,0.0015,-0.003,0.0037,-0.003,-14.9
6.494,0.0,-0.0008,0.0045,-0.0046,-14.9
6.495,0.0,-0.0008,0.0067,-0.0008,-14.9
6.496,-0.0015,0.0067,0.0067,0.0015,-14.9
6.497,-0.0015,0.0127,0.003,0.0045,-14.9
6.498,-0.003,0.0157,0.0045,0.0045,-14.9
6.499,-0.0053,0.0142,0.0037,0.0022,-15.0
6.5,-0.0053,0.015,0.0037,0.006,-15.0
6.501,-0.003,0.0157,0.0052,0.006,-15.0
6.502,-0.0008,0.0127,0.0045,0.0067,-15.0
6.503,0.0022,0.012,0.0045,0.0105,-15.1
6.504,0.0007,0.006,0.0045,0.006,-15.1
6.505,-0.0023,-0.0046,0.0015,0.0007,-15.1
6.506,-0.0053,-0.0075,0.0007,-0.0008,-15.1
6.507,-0.0053,-0.0068,0.0007,-0.0015,-15.2
6.508,-0.003,-0.0083,0.0007,-0.0038,-15.2
6.509,-0.0038,-0.012,0.0015,-0.0053,-15.2
6.51,-0.003,-0.0091,0.0022,-0.003,-15.3
6.511,-0.0015,-0.0046,0.0015,-0.003,-15.3
6.512,-0.0008,-0.0053,0.0037,-0.0015,-15.3
6.513,0.0007,-0.003,0.0045,0.0,-15.3
6.514,0.003,-0.0015,0.0045,-0.0008,-15.3
6.515,0.0037,0.0007,0.003,0.003,-15.3
6.516,0.0007,0.003,0.0015,0.0015,-15.4
6.517,0.0015,0.0007,0.0007,0.0007,-15.4
6.518,0.0007,-0.0008,-0.0008,-0.0008,-15.4
6.519,0.0,-0.003,0.0015,-0.0008,-15.4
6.52,0.0015,-0.0038,0.0015,0.0,-15.5
6.521,0.0015,-0.0046,0.0,0.0,-15.5
6.522,0.003,-0.003,0.0022,0.0015,-15.5
6.523,0.0022,-0.0008,0.0007,0.0,-15.6
6.524,0.0007,0.0,-0.0015,0.0,-15.6
6.525,-0.0015,0.006,-0.003,0.0015,-15.6
6.526,-0.0008,0.009,-0.0015,-0.003,-15.6
6.527,-0.0008,0.0067,-0.0008,-0.0053,-15.7
6.528,-0.0008,0.0045,-0.0008,-0.003,-15.7
6.529,0.0007,0.0075,0.0007,-0.0015,-15.7
6.53,0.0015,0.0105,-0.0008,-0.0008,-15.8
6.531,0.0007,0.0082,0.0007,0.0007,-15.8
6.532,0.0015,0.0045,0.0015,0.0007,-15.8
6.533,0.0007,0.0015,0.0007,0.0007,-15.8
6.534,-0.0008,0.009,0.0015,0.0022,-15.8
6.535,0.0007,0.0195,0.0015,0.0045,-15.8
6.536,0.0,0.0217,0.0015,0.0052,-15.9
6.537,0.0007,0.0157,0.003,0.003,-15.9
6.538,-0.0008,0.0037,0.0015,-0.0008,-15.9
6.539,-0.0023,-0.0068,0.0015,-0.0015,-15.9
6.54,-0.0046,-0.0158,0.003,-0.003,-16.0
6.541,-0.0053,-0.027,0.0022,-0.0046,-16.0
6.542,-0.0015,-0.0256,0.0052,-0.0023,-16.0
6.543,-0.0015,-0.0158,0.003,-0.0015,-16.1
6.544,-0.003,-0.0113,0.0,-0.0046,-16.1
6.545,-0.0053,-0.0165,0.0,-0.0068,-16.1
6.546,-0.0068,-0.0218,0.0007,-0.0053,-16.2
6.547,-0.0046,-0.027,0.0045,-0.006,-16.2
6.548,-0.003,-0.0293,0.0015,-0.0098,-16.2
6.549,-0.003,-0.0203,0.0007,-0.0053,-16.2
6.55,-0.0015,-0.0046,-0.0008,0.0007,-16.3
6.551,0.0007,0.0007,-0.0008,0.0037,-16.3
6.552,-0.0008,-0.0068,0.0052,0.0015,-16.3
6.553,0.0007,-0.0091,0.006,0.0,-16.3
6.554,0.0,-0.0091,0.0067,0.0015,-16.4
6.555,-0.0023,-0.0075,0.0052,0.0015,-16.4
6.556,-0.003,-0.0015,0.0022,0.0007,-16.4
6.557,-0.0015,0.0015,0.0037,-0.0008,-16.5
6.558,0.0,0.0037,0.003,0.003,-16.5
6.559,-0.0008,0.009,0.0045,0.0045,-16.5
6.56,0.0007,0.0157,0.0007,0.0067,-16.6
6.561,0.0015,0.0195,0.0,0.006,-16.6
6.562,0.0022,0.0135,0.0015,0.0037,-16.7
6.563,0.0,0.0082,0.0007,0.0037,-16.7
6.564,0.0,0.0067,0.0045,0.0007,-16.7
6.565,0.0015,0.0082,0.0075,0.0007,-16.8
6.566,0.0015,0.0127,0.0075,0.0022,-16.8
6.567,0.003,0.0097,0.009,0.0015,-16.9
6.568,0.0007,0.0082,0.0142,0.0045,-16.9
6.569,0.0015,0.0007,0.0105,0.0045,-17.0
6.57,0.0022,-0.0143,-0.0015,0.0022,-17.0
6.571,0.0015,-0.0165,-0.0083,0.0045,-17.1
6.572,0.003,-0.0158,-0.0083,0.0045,-17.1
6.573,0.003,-0.0143,-0.0046,0.0022,-17.1
6.574,0.0052,-0.0143,-0.0015,0.003,-17.2
6.575,0.0067,-0.0083,0.0045,0.0052,-17.2
6.576,0.0075,0.0045,0.0082,0.0052,-17.3
6.577,0.006,0.0052,0.0052,0.003,-17.3
6.578,0.0052,0.0082,0.0075,0.0045,-17.4
6.579,0.003,0.0135,0.0112,0.0052,-17.4
6.58,0.0,0.012,0.0097,0.0052,-17.5
6.581,-0.0008,0.012,0.003,0.003,-17.6
6.582,-0.0015,0.0157,-0.0008,0.0007,-17.6
6.583,-0.0008,0.021,-0.0015,-0.003,-17.7
6.584,-0.0015,0.0195,-0.0038,-0.0083,-17.7
6.585,-0.0015,0.0202,-0.0046,-0.0075,-17.8
6.586,-0.0023,0.0172,-0.0053,-0.0053,-17.9
6.587,-0.0046,0.0045,-0.006,-0.006,-18.0
6.588,-0.0046,-0.0015,-0.0046,-0.003,-18.0
6.589,-0.0046,-0.0008,-0.0038,0.0015,-18.1
6.59,-0.0053,-0.0023,-0.003,0.0007,-18.2
6.591,-0.0046,-0.0173,-0.0046,-0.0083,-18.2
6.592,-0.0046,-0.024,-0.003,-0.0075,-18.3
6.593,-0.003,-0.0203,-0.003,-0.003,-18.4
6.594,-0.0008,-0.0195,-0.0046,0.0015,-18.5
6.595,-0.0015,-0.0173,-0.0038,0.0052,-18.5
6.596,0.0007,-0.0173,-0.0023,0.0052,-18.6
6.597,0.003,-0.0173,-0.003,0.0045,-18.6
6.598,0.003,-0.021,-0.0023,0.0015,-18.7
6.599,0.0045,-0.0128,0.0,0.0022,-18.8
6.6,0.0045,0.0015,-0.0015,0.003,-18.9
6.601,0.0022,0.0067,-0.0015,-0.0015,-18.9
6.602,0.0015,0.0075,-0.003,-0.0046,-19.1
6.603,-0.0008,-0.0008,-0.003,-0.0023,-19.2
6.604,0.0007,-0.0083,-0.003,-0.0053,-19.3
6.605,-0.0008,-0.0135,-0.003,-0.0098,-19.4
6.606,-0.0023,-0.0165,-0.0023,-0.0105,-19.5
6.607,-0.0015,-0.0046,-0.003,-0.0083,-19.6
6.608,-0.0008,0.012,0.0007,-0.003,-19.7
6.609,0.0,0.0157,0.0045,-0.0046,-19.8
6.61,0.0007,0.0105,0.0022,-0.0023,-19.9
6.611,0.003,0.0082,0.0022,-0.0023,-20.0
6.612,0.0045,0.0067,0.0045,-0.0046,-20.1
6.613,0.0075,0.009,0.0052,-0.003,-20.2
6.614,0.0045,0.0082,0.006,-0.0046,-20.3
6.615,0.0015,0.0045,0.0045,0.0007,-20.4
6.616,-0.0008,-0.0008,0.0045,-0.0008,-20.5
6.617,-0.0015,-0.024,0.0015,-0.0053,-20.6
6.618,0.0015,-0.0405,0.0015,-0.0075,-20.7
6.619,0.0015,-0.0308,0.0007,-0.0038,-20.8
6.62,-0.0008,-0.0105,-0.0023,0.0045,-20.9
6.621,-0.0023,0.0097,-0.0008,0.0105,-21.0
6.622,-0.0008,0.0217,0.0007,0.0105,-21.2
6.623,0.0,0.027,0.0015,0.0052,-21.3
6.624,0.0007,0.0225,0.0037,0.0045,-21.5
6.625,0.0022,0.0187,0.0037,0.0052,-21.6
6.626,0.0,0.0172,0.0052,0.0045,-21.8
6.627,-0.0008,0.0082,0.003,0.0015,-21.9
6.628,-0.0015,-0.0053,0.0015,-0.0015,-22.1
6.629,-0.0015,-0.027,0.003,-0.0083,-22.2
6.63,-0.0015,-0.0346,0.0015,-0.0105,-22.4
6.631,-0.0008,-0.0203,0.0022,0.0037,-22.5
6.632,0.0022,0.0127,0.0015,0.0127,-22.6
6.633,0.0007,0.0247,-0.0038,0.0082,-22.8
6.634,-0.003,0.0,-0.0068,0.0007,-22.9
6.635,-0.0046,-0.0105,-0.0075,0.0015,-23.1
6.636,-0.003,-0.012,-0.0046,0.0022,-23.2
6.637,-0.0015,0.0082,-0.0015,0.0075,-23.4
6.638,-0.0023,0.0262,-0.0008,0.0165,-23.5
6.639,-0.0015,0.0202,-0.003,0.0157,-23.7
6.64,-0.0015,0.0075,-0.0038,0.0015,-23.9
6.641,-0.0008,-0.0113,-0.0046,-0.0083,-24.0
6.642,-0.0008,-0.0218,-0.0053,-0.0083,-24.2
6.643,-0.0008,-0.0218,-0.0038,-0.0098,-24.4
6.644,-0.0015,-0.0233,-0.0008,-0.0068,-24.6
6.645,0.0,-0.0233,0.0015,-0.0015,-24.8
6.646,0.0015,-0.0105,0.003,0.0037,-25.0
6.647,0.0015,-0.0068,0.0015,0.0045,-25.2
6.648,0.0015,-0.0023,0.0,0.0045,-25.3
6.649,0.0022,0.0105,-0.0008,0.0067,-25.6
6.65,0.003,0.0157,-0.0038,0.003,-25.7
6.651,0.0015,0.018,-0.0046,0.0052,-25.9
6.652,0.003,0.0135,-0.003,0.003,-26.1
6.653,0.003,0.0067,0.0,0.0015,-26.3
6.654,0.0022,0.0045,0.0007,0.0007,-26.5
6.655,0.0045,0.0052,0.0015,-0.003,-26.7
6.656,0.0052,0.0097,0.0022,-0.003,-26.9
6.657,0.0045,0.0165,0.003,-0.0015,-27.1
6.658,0.003,0.015,0.0015,0.0007,-27.3
6.659,0.0015,0.0067,0.0015,0.0022,-27.5
6.66,0.0022,0.0037,0.0015,0.0052,-27.7
6.661,0.003,0.0082,0.0015,0.003,-27.9
6.662,0.0037,0.0142,0.0015,0.0045,-28.1
6.663,0.003,0.012,0.003,-0.0008,-28.4
6.664,0.0022,-0.0008,0.0007,-0.0091,-28.6
6.665,0.003,-0.0181,0.0007,-0.003,-28.8
6.666,0.0037,-0.0256,0.0007,0.006,-29.1
6.667,0.0015,-0.0308,0.0007,0.003,-29.3
6.668,-0.0008,-0.033,0.0015,-0.0015,-29.5
6.669,-0.0008,-0.033,0.0,0.0022,-29.7
6.67,0.0,-0.0278,0.0007,0.006,-30.0
6.671,0.0,-0.012,0.003,0.0127,-30.2
6.672,-0.0015,0.0007,0.0007,0.0112,-30.5
6.673,-0.003,0.0135,0.0015,0.0157,-30.7
6.674,-0.0053,0.036,0.0015,0.0142,-30.9
6.675,-0.0023,0.0382,0.0015,0.0052,-31.1
6.676,-0.003,0.024,0.0015,0.0045,-31.4
6.677,-0.003,0.0067,0.003,-0.0068,-31.6
6.678,-0.003,-0.0015,0.003,-0.015,-31.9
6.679,-0.003,-0.0113,0.0015,-0.0225,-32.1
6.68,-0.0038,-0.0383,0.0007,-0.0218,-32.4
6.681,-0.0053,-0.0428,-0.0015,-0.0181,-32.5
6.682,-0.0038,-0.0353,-0.0015,-0.0181,-32.8
6.683,-0.0038,-0.033,-0.0008,-0.0068,-33.0
6.684,-0.0046,-0.0248,0.0,-0.0046,-33.3
6.685,-0.0015,-0.0083,0.0015,-0.003,-33.5
6.686,0.0007,0.003,0.0,-0.003,-33.8
6.687,0.0007,0.0045,0.0007,-0.0046,-34.0
6.688,0.0007,0.012,0.0022,0.0022,-34.2
6.689,0.0007,0.0165,0.0045,0.0052,-34.5
6.69,0.0007,0.015,0.0067,0.0075,-34.7
6.691,0.0022,0.0127,0.0075,0.0067,-34.9
6.692,0.0015,0.0105,0.0097,0.003,-35.2
6.693,0.003,0.0045,0.0112,0.0037,-35.4
6.694,0.0045,-0.0015,0.012,0.0015,-35.6
6.695,0.0015,-0.0038,0.012,-0.0008,-35.9
6.696,0.0015,-0.0053,0.0097,-0.0046,-36.1
6.697,-0.0008,-0.0068,0.0112,-0.0068,-36.4
6.698,-0.0015,-0.0105,0.0105,-0.006,-36.6
6.699,-0.0008,-0.0068,0.0082,-0.0038,-36.9
6.7,-0.0008,0.0022,0.012,0.0015,-37.1
6.701,0.0007,0.0082,0.0105,0.003,-37.3
6.702,0.0,0.0067,0.0082,0.003,-37.6
6.703,-0.0015,-0.0008,0.0075,0.0037,-37.8
6.704,-0.003,-0.0038,0.0052,0.003,-38.0
6.705,-0.0015,-0.0053,0.0045,0.0007,-38.3
6.706,-0.003,-0.0068,0.0045,0.0007,-38.5
6.707,-0.0053,-0.0046,0.0052,0.0007,-38.7
6.708,-0.0046,-0.0008,0.0075,-0.0015,-39.0
6.709,-0.0046,0.0007,0.0067,-0.0008,-39.2
6.71,-0.003,-0.0008,0.0067,0.0,-39.5
6.711,-0.003,0.0007,0.0075,-0.0008,-39.7
6.712,-0.003,0.0007,0.006,-0.0023,-39.9
6.713,-0.0023,-0.0038,0.0067,-0.0053,-40.1
6.714,-0.003,-0.0068,0.0052,-0.0068,-40.4
6.715,-0.0015,-0.0083,0.003,-0.0068,-40.6
6.716,-0.0046,-0.0046,0.0045,-0.0015,-40.9
6.717,-0.0046,-0.0038,0.003,0.0007,-41.1
6.718,-0.0046,-0.0053,0.0045,-0.0015,-41.3
6.719,-0.003,-0.003,0.0045,-0.0008,-41.6
6.72,-0.0015,0.0045,0.0045,0.0022,-41.9
6.721,-0.0015,0.015,0.0045,0.0037,-42.0
6.722,-0.0015,0.0157,0.0045,0.003,-42.2
6.723,-0.0015,0.0067,0.0052,0.0015,-42.4
6.724,-0.0015,0.0037,0.006,0.0007,-42.7
6.725,0.0,0.0052,0.0037,-0.0023,-42.8
6.726,0.0015,0.0067,0.0045,-0.0015,-43.1
6.727,0.003,0.012,0.006,-0.0008,-43.3
6.728,0.0022,0.0075,0.0052,-0.0008,-43.5
6.729,0.0015,-0.0015,0.0045,0.0015,-43.7
6.73,0.003,-0.0113,0.0045,-0.0015,-43.9
6.731,0.003,-0.0225,0.0052,-0.0008,-44.1
6.732,0.0022,-0.0173,0.0037,0.0052,-44.3
6.733,0.0,-0.0083,0.0037,0.006,-44.5
6.734,0.0015,-0.006,0.0037,0.0052,-44.7
6.735,0.0015,-0.0046,0.0,0.0022,-45.0
6.736,-0.0008,-0.0046,0.0,-0.0015,-45.1
6.737,0.0007,-0.0046,0.0015,-0.0015,-45.4
6.738,0.0,-0.003,0.0007,0.0007,-45.6
6.739,-0.0008,0.003,0.0022,0.0052,-45.8
6.74,0.0007,0.0082,0.0015,0.006,-46.0
6.741,0.0015,0.0112,0.0007,0.003,-46.2
6.742,0.0015,0.009,0.0,0.0015,-46.4
6.743,0.0015,0.009,0.0,0.0022,-46.5
6.744,0.0015,0.0045,-0.0008,0.0037,-46.7
6.745,0.0015,-0.0023,-0.0015,0.0075,-46.9
6.746,0.003,-0.0008,-0.0008,0.009,-47.1
6.747,0.0015,-0.0008,0.0007,0.0052,-47.3
6.748,0.0022,0.003,0.0007,0.0022,-47.4
6.749,0.0015,0.0037,0.0007,-0.0023,-47.6
6.75,0.0007,0.0015,0.0,-0.0046,-47.8
6.751,0.0007,0.003,-0.0008,-0.003,-48.0
6.752,0.0,0.0037,-0.003,-0.003,-48.2
6.753,-0.0015,0.0037,-0.0038,-0.0038,-48.4
6.754,-0.0008,-0.0008,-0.0038,-0.0068,-48.6
6.755,-0.0015,-0.003,-0.0068,-0.0068,-48.7
6.756,-0.0015,-0.0053,-0.0075,-0.0128,-48.9
6.757,-0.0008,-0.0068,-0.0091,-0.0181,-49.1
6.758,0.0,-0.0068,-0.0091,-0.0165,-49.3
6.759,0.0015,-0.0068,-0.0068,-0.0105,-49.5
6.76,0.0015,-0.0098,-0.0083,-0.0046,-49.7
6.761,0.0022,-0.012,-0.006,0.0007,-49.8
6.762,0.0022,-0.0083,-0.0038,0.006,-50.0
6.763,0.0022,-0.0038,-0.003,0.009,-50.2
6.764,0.0015,-0.003,-0.0046,0.015,-50.4
6.765,0.0,-0.0008,-0.006,0.0195,-50.6
6.766,0.0,0.003,-0.0083,0.018,-50.8
6.767,0.0007,0.0022,-0.0075,0.0142,-51.0
6.768,0.0,0.0022,-0.0053,0.0105,-51.2
6.769,0.0,0.0015,-0.0046,0.012,-51.4
6.77,0.0015,0.003,-0.006,0.009,-51.6
6.771,0.003,0.0037,-0.0068,0.0075,-51.8
6.772,0.0037,0.0015,-0.0046,0.009,-52.0
6.773,0.003,0.003,-0.0046,0.0097,-52.2
6.774,0.0015,0.0052,-0.0053,0.0105,-52.4
6.775,0.0015,0.0045,-0.0046,-0.003,-52.6
6.776,0.003,-0.0008,-0.0046,-0.0143,-52.8
6.777,0.0045,-0.0023,-0.0053,-0.0195,-53.0
6.778,0.0052,-0.0038,-0.0038,-0.027,-53.1
6.779,0.009,-0.0046,-0.0046,-0.0248,-53.4
6.78,0.0082,-0.0046,-0.0046,-0.021,-53.6
6.781,0.0052,0.0007,-0.003,-0.0113,-53.7
6.782,0.0052,0.0015,-0.0053,-0.0038,-53.9
6.783,0.0022,0.0,-0.0075,-0.0015,-54.1
6.784,0.003,-0.0015,-0.0075,0.0015,-54.3
6.785,0.0007,-0.0053,-0.0068,0.0082,-54.5
6.786,-0.0015,-0.0113,-0.0046,0.0157,-54.7
6.787,-0.0023,-0.015,-0.0053,0.0202,-54.9
6.788,-0.0023,-0.0135,-0.003,0.0255,-55.0
6.789,-0.003,-0.0075,-0.0015,0.0247,-55.2
6.79,-0.003,-0.0046,0.0,0.0157,-55.4
6.791,-0.0046,-0.003,0.0037,0.0105,-55.6
6.792,-0.0046,0.003,0.0022,0.0082,-55.8
6.793,-0.0023,0.009,0.003,0.0037,-55.9
6.794,-0.0015,0.0172,0.0007,0.003,-56.1
6.795,-0.0023,0.0217,0.0,-0.0023,-56.3
6.796,0.0,0.012,-0.0008,-0.006,-56.5
6.797,0.0,0.0052,-0.0015,-0.0113,-56.7
6.798,-0.0015,-0.0008,-0.0008,-0.0195,-56.9
6.799,-0.0008,-0.0068,-0.0015,-0.0158,-57.1
6.8,-0.0015,-0.0105,0.0015,-0.0158,-57.3
6.801,-0.003,-0.0158,0.0015,-0.0158,-57.4
6.802,-0.0023,-0.012,0.0022,-0.0105,-57.5
6.803,-0.0015,-0.003,0.003,-0.0083,-57.6
6.804,-0.0015,0.0015,0.003,-0.0046,-57.8
6.805,-0.0008,0.0,0.0052,-0.0046,-57.9
6.806,0.0007,-0.003,0.006,-0.0015,-58.0
6.807,0.0007,-0.0068,0.0067,0.0007,-58.1
6.808,0.0022,-0.0068,0.0082,0.0045,-58.3
6.809,0.003,-0.0075,0.0082,0.0067,-58.4
6.81,0.0022,-0.0083,0.0067,0.0037,-58.5
6.811,-0.0008,-0.0105,0.0052,0.0015,-58.7
6.812,0.0,-0.012,0.0052,0.0037,-58.8
6.813,0.0015,-0.006,0.006,0.009,-59.0
6.814,0.0,-0.0008,0.0052,0.0082,-59.1
6.815,-0.0008,0.0045,0.0045,0.0075,-59.2
6.816,0.0007,0.0052,0.0052,0.0052,-59.3
6.817,0.0015,0.0037,0.006,0.0022,-59.4
6.818,-0.0008,0.0007,0.0045,-0.0008,-59.6
6.819,-0.0008,0.0007,0.0015,-0.003,-59.7
6.82,-0.0015,-0.0038,0.0007,-0.003,-59.9
6.821,-0.003,-0.0046,0.0007,-0.003,-59.9
6.822,-0.0038,-0.0015,-0.0008,-0.003,-60.0
6.823,-0.0023,-0.0038,-0.0008,-0.006,-60.1
6.824,-0.0008,-0.0053,-0.0015,-0.0068,-60.2
6.825,-0.0015,-0.0053,0.0015,-0.0068,-60.3
6.826,-0.0015,-0.0046,0.0037,-0.006,-60.4
6.827,-0.0015,-0.0038,0.0037,-0.0015,-60.5
6.828,-0.0015,-0.0015,0.0022,-0.0008,-60.6
6.829,-0.0015,-0.0008,0.0015,-0.0008,-60.7
6.83,0.0,0.0007,0.0015,-0.0008,-60.8
6.831,0.0007,-0.0008,0.0015,-0.0038,-60.9
6.832,0.0,0.0,0.003,-0.0015,-61.0
6.833,-0.0015,0.0022,0.0015,-0.0008,-61.1
6.834,-0.0023,-0.0008,0.0022,-0.0015,-61.2
6.835,-0.0008,0.0007,0.003,-0.0015,-61.3
6.836,-0.0008,-0.0008,0.0045,-0.0008,-61.4
6.837,0.0007,-0.0008,0.0067,0.0015,-61.5
6.838,0.0007,0.0015,0.006,0.003,-61.6
6.839,-0.0008,0.0015,0.0037,0.0022,-61.7
6.84,0.0007,0.0007,0.0037,0.0022,-61.8
6.841,-0.0015,-0.0008,0.0045,0.0015,-61.8
6.842,-0.003,0.0,0.0045,0.0007,-61.9
6.843,-0.003,0.0007,0.0045,0.0022,-62.0
6.844,-0.0038,0.003,0.0052,0.0015,-62.1
6.845,-0.0023,0.003,0.0045,-0.0046,-62.1
6.846,-0.0008,0.0015,0.0045,-0.0068,-62.2
6.847,0.0007,0.0052,0.0015,-0.0068,-62.3
6.848,0.0007,0.0082,0.0007,-0.0053,-62.4
6.849,0.0007,0.0082,-0.0008,-0.003,-62.4
6.85,0.0,0.0045,-0.0015,-0.006,-62.5
6.851,-0.0015,-0.0015,0.0,-0.0023,-62.6
6.852,-0.003,-0.003,0.0007,0.0105,-62.6
6.853,-0.003,-0.0053,0.0015,0.012,-62.7
6.854,-0.0023,-0.0075,0.0022,0.0097,-62.8
6.855,-0.0038,-0.003,0.0022,0.0097,-62.9
6.856,-0.0023,0.0,0.0015,0.0052,-63.0
6.857,-0.0015,-0.003,0.0022,0.0052,-63.0
6.858,-0.0023,-0.0038,0.0022,0.0045,-63.1
6.859,-0.0015,-0.0038,0.003,0.006,-63.2
6.86,-0.0015,-0.003,0.0045,0.0052,-63.3
6.861,0.0,-0.0015,0.0052,0.0045,-63.3
6.862,0.0007,0.0007,0.0045,0.0045,-63.4
6.863,0.0015,0.0015,0.003,0.0007,-63.4
6.864,0.003,0.0015,0.0037,0.0007,-63.5
6.865,0.0022,0.003,0.0045,-0.0008,-63.5
6.866,0.0022,0.003,0.0007,-0.0015,-63.5
6.867,0.0015,0.0045,0.0015,-0.003,-63.5
6.868,0.0015,0.0052,0.0015,-0.003,-63.6
6.869,0.0015,0.0015,0.0015,-0.0068,-63.6
6.87,0.0015,0.0,0.003,-0.0083,-63.7
6.871,0.0007,-0.0008,0.0015,-0.0046,-63.7
6.872,0.0,-0.0015,0.0022,-0.0053,-63.8
6.873,0.0007,-0.0038,0.0022,-0.0038,-63.8
6.874,-0.0008,-0.0023,0.0015,-0.003,-63.9
6.875,-0.0008,0.006,-0.0008,0.0007,-63.9
6.876,0.0,0.0097,0.0,0.0045,-63.9
6.877,0.0007,0.0082,0.0,0.0052,-63.9
6.878,-0.0008,0.0045,-0.0008,0.009,-64.0
6.879,-0.0008,-0.0008,-0.0023,0.0105,-64.0
6.88,0.0007,-0.0023,-0.0053,0.009,-64.1
6.881,0.0,0.0,-0.0038,0.0037,-64.1
6.882,-0.0023,0.0,-0.0015,0.0,-64.1
6.883,0.0,-0.0075,-0.0015,-0.003,-64.1
6.884,0.0015,-0.015,-0.0008,-0.0046,-64.1
6.885,0.0015,-0.0173,0.0015,-0.003,-64.2
6.886,0.003,-0.0083,0.003,-0.0008,-64.2
6.887,0.0015,-0.003,0.003,0.0037,-64.2
6.888,0.003,-0.0023,0.0037,0.0022,-64.2
6.889,0.0052,-0.003,0.0022,0.0,-64.2
6.89,0.0037,-0.0046,0.0052,0.0007,-64.2
6.891,0.0045,-0.003,0.006,0.0015,-64.2
6.892,0.0045,-0.0053,0.003,0.003,-64.3
6.893,0.0015,-0.0038,0.0007,0.0007,-64.3
6.894,0.0007,-0.0008,-0.0008,-0.0023,-64.3
6.895,0.0007,-0.0008,0.0007,-0.0046,-64.3
6.896,0.0007,-0.0046,0.003,-0.0046,-64.3
6.897,0.0015,-0.0083,0.0015,-0.0046,-64.3
6.898,0.0,-0.006,0.0022,-0.0053,-64.3
6.899,0.0007,-0.006,0.0052,0.0,-64.4
6.9,-0.0008,-0.003,0.0045,0.0007,-64.4
6.901,-0.0008,-0.0023,0.0052,-0.0015,-64.4
6.902,-0.0015,-0.0038,0.0067,-0.0015,-64.4
6.903,-0.0015,-0.003,0.006,-0.003,-64.3
6.904,-0.0015,-0.0008,0.003,-0.0023,-64.3
6.905,-0.003,0.0015,0.0015,0.0007,-64.3
6.906,-0.0038,0.0007,0.003,0.0007,-64.3
6.907,0.0,0.0007,0.003,-0.0008,-64.2
6.908,0.0,-0.0008,0.003,-0.0023,-64.2
6.909,-0.0008,0.0,0.003,-0.0023,-64.2
6.91,0.0007,0.0,0.0045,-0.003,-64.1
6.911,0.0,-0.0015,0.003,-0.003,-64.1
6.912,0.0007,0.0,0.0015,-0.0023,-64.1
6.913,0.0,0.0015,0.003,-0.0008,-64.1
6.914,0.0015,0.0015,0.0015,-0.0008,-64.0
6.915,0.003,0.0,0.0007,-0.0023,-64.0
6.916,0.0007,0.0007,0.0007,0.0007,-64.0
6.917,0.0022,0.0015,-0.0008,0.0045,-64.0
6.918,0.003,0.0007,0.0022,0.0022,-63.9
6.919,0.003,0.0015,0.0022,0.0,-63.9
6.92,0.0015,-0.0046,-0.0008,-0.0015,-63.9
6.921,-0.0008,-0.0046,0.0007,-0.0038,-63.9
6.922,-0.003,-0.0023,0.0015,-0.0023,-63.8
6.923,-0.0038,-0.003,0.0015,0.0022,-63.7
6.924,-0.003,-0.003,0.0015,0.003,-63.6
6.925,-0.003,-0.0023,0.0022,0.0037,-63.6
6.926,-0.0008,-0.0008,0.003,0.0082,-63.5
6.927,-0.0015,-0.0023,0.0022,0.0075,-63.5
6.928,-0.0008,-0.0015,0.003,0.0067,-63.4
6.929,0.0007,-0.0008,0.0015,0.009,-63.3
6.93,-0.0008,0.0015,0.0007,0.0082,-63.3
6.931,-0.0008,0.0015,-0.0015,0.0067,-63.2
6.932,0.0,0.0007,-0.003,0.006,-63.1
6.933,-0.0008,0.0007,-0.0023,0.003,-63.1
6.934,-0.0008,0.0007,-0.0015,0.0007,-63.0
6.935,0.0007,0.0015,-0.0008,0.0,-63.0
6.936,0.0007,0.0015,0.0,-0.0023,-62.9
6.937,0.0007,0.0015,0.0015,0.0,-62.8
6.938,0.003,0.003,0.003,-0.0008,-62.8
6.939,0.0015,0.0007,0.0052,-0.0023,-62.7
6.94,0.0007,-0.0015,0.0045,-0.0008,-62.6
6.941,0.0015,-0.003,0.003,0.0,-62.6
6.942,-0.0008,-0.0008,0.003,-0.0008,-62.4
6.943,-0.0015,-0.0008,0.0022,-0.0008,-62.3
6.944,-0.003,-0.0008,0.0037,-0.003,-62.2
6.945,-0.0008,-0.0008,0.003,-0.0053,-62.1
6.946,0.0007,-0.0015,0.003,-0.006,-62.0
6.947,-0.0008,-0.0008,0.0045,-0.0053,-61.9
6.948,-0.0008,-0.0008,0.0037,-0.0038,-61.8
6.949,0.0015,0.0007,0.0045,-0.003,-61.7
6.95,0.0007,0.0,0.003,-0.003,-61.6
6.951,-0.0008,-0.0008,0.0015,-0.003,-61.5
6.952,0.0,0.0007,0.0015,-0.003,-61.4
6.953,0.0,-0.0008,0.0022,-0.0046,-61.3
6.954,-0.0015,0.0,0.003,-0.0053,-61.2
6.955,-0.0008,-0.0008,0.0015,-0.0038,-61.1
6.956,-0.0015,0.0,-0.0008,-0.003,-61.0
6.957,-0.0015,0.0007,-0.003,-0.003,-60.9
6.958,-0.0023,-0.0023,-0.0046,-0.003,-60.8
6.959,-0.0023,-0.003,-0.0015,-0.003,-60.7
6.96,-0.0015,-0.0046,-0.003,-0.003,-60.6
6.961,-0.003,-0.0046,-0.0008,-0.003,-60.4
6.962,-0.003,-0.0046,0.0015,-0.0015,-60.3
6.963,-0.003,-0.003,0.0,-0.0008,-60.2
6.964,-0.003,-0.0023,-0.0008,0.0007,-60.1
6.965,-0.0015,0.0007,0.0007,0.0022,-59.9
6.966,-0.003,0.003,0.0007,0.0015,-59.8
6.967,-0.0053,0.0015,0.0,0.0007,-59.7
6.968,-0.003,0.0,-0.0008,-0.0015,-59.5
6.969,-0.003,-0.0023,-0.0008,-0.0015,-59.4
6.97,-0.0023,-0.0015,0.0015,0.0007,-59.3
6.971,-0.0023,0.0,-0.0008,0.0007,-59.2
6.972,-0.0046,0.0007,-0.003,0.0022,-59.0
6.973,-0.0038,-0.0008,-0.003,0.0015,-58.9
6.974,0.0015,-0.003,-0.0023,-0.0008,-58.8
6.975,0.0045,-0.0023,0.0007,0.0007,-58.6
6.976,0.0045,-0.0046,0.0015,0.0015,-58.5
6.977,0.0037,-0.003,0.0007,0.003,-58.4
6.978,0.0045,-0.0015,-0.0015,0.0045,-58.3
6.979,0.0045,-0.003,-0.0015,0.0045,-58.1
6.98,0.0052,-0.0038,0.0022,0.0052,-58.0
6.981,0.0022,-0.0038,0.003,0.006,-57.9
6.982,0.0007,-0.003,0.003,0.0052,-57.7
6.983,0.003,-0.0015,0.0015,0.0052,-57.6
6.984,0.003,-0.0008,0.0015,0.0022,-57.4
6.985,0.0045,-0.0023,0.0007,0.0015,-57.3
6.986,0.0052,-0.0038,0.0015,-0.0015,-57.1
6.987,0.0067,-0.0023,0.003,-0.0015,-57.0
6.988,0.0052,-0.003,0.0015,0.0,-56.8
6.989,0.0022,-0.0023,0.0037,0.0007,-56.7
6.99,0.0007,-0.0023,0.0045,-0.0023,-56.5
6.991,0.0007,-0.0008,0.0045,-0.0023,-56.4
6.992,0.0015,-0.0008,0.006,0.0015,-56.3
6.993,0.0015,-0.0023,0.006,0.0007,-56.1
6.994,0.003,-0.0008,0.0067,0.0,-56.0
6.995,0.0037,-0.003,0.006,0.0,-55.8
6.996,0.0015,-0.0053,0.0045,0.0007,-55.7
6.997,0.0007,-0.0046,0.0045,0.0015,-55.5
6.998,0.0007,-0.003,0.0037,0.0007,-55.4
6.999,0.0007,0.0015,0.0015,0.0037,-55.2
7.0,-0.0015,0.0097,0.003,0.006,-55.1
7.001,-0.0015,0.0172,0.0037,0.0067,-54.9
7.002,0.0007,0.0082,0.003,0.0015,-54.8
7.003,-0.0008,-0.015,0.0037,-0.0046,-54.6
7.004,-0.003,-0.027,0.0,-0.0075,-54.5
7.005,-0.0038,-0.0173,-0.0008,-0.0105,-54.3
7.006,-0.0023,-0.0113,0.0007,-0.0091,-54.1
7.007,-0.0008,-0.0046,-0.0015,-0.0068,-54.0
7.008,-0.0008,-0.0015,-0.0023,-0.003,-53.8
7.009,-0.0015,-0.0008,-0.0008,-0.0023,-53.6
7.01,-0.0008,0.003,-0.0046,-0.0023,-53.5
7.011,-0.0015,0.0022,-0.0068,0.0,-53.3
7.012,-0.0015,0.003,-0.0046,-0.0008,-53.1
7.013,-0.0015,0.0007,-0.003,-0.0008,-53.0
7.014,-0.003,0.0015,-0.003,-0.0008,-52.8
7.015,-0.003,0.003,-0.0015,-0.0008,-52.7
7.016,-0.003,0.003,-0.0008,0.0,-52.5
7.017,-0.0046,0.003,0.0,0.0015,-52.3
7.018,-0.0015,0.003,0.0007,0.0007,-52.2
7.019,-0.0008,0.0045,0.0007,0.0015,-52.0
7.02,-0.0008,0.003,-0.0008,0.003,-51.8
7.021,-0.0008,0.003,-0.0008,0.0007,-51.7
7.022,0.0015,0.003,0.0022,0.0015,-51.5
7.023,0.0022,0.0022,0.003,0.003,-51.3
7.024,0.0007,0.0022,0.0015,0.0037,-51.1
7.025,0.0007,0.0007,0.0022,0.0022,-50.9
7.026,0.0015,0.0007,0.0007,0.0007,-50.7
7.027,0.0022,-0.0008,-0.0023,0.0015,-50.5
7.028,0.0015,0.0,-0.0038,0.003,-50.4
7.029,0.0,-0.0008,-0.003,0.003,-50.2
7.03,0.0015,-0.0015,-0.0008,0.0022,-50.0
7.031,0.003,-0.0023,0.0,0.0015,-49.8
7.032,0.0015,-0.0046,0.0,0.0022,-49.6
7.033,0.0015,-0.0068,-0.0008,0.0022,-49.5
7.034,0.0015,-0.0105,-0.0008,0.003,-49.3
7.035,0.0015,-0.0105,-0.0008,0.0037,-49.1
7.036,0.003,-0.0053,0.0007,0.003,-48.9
7.037,0.0,-0.0015,-0.0015,0.0007,-48.7
7.038,-0.0008,-0.0015,0.0,-0.0008,-48.5
7.039,-0.0008,-0.003,0.003,-0.0015,-48.3
7.04,0.0,0.0022,0.0007,-0.0008,-48.2
7.041,-0.0008,0.0045,0.0015,0.0007,-48.0
7.042,-0.0023,0.0007,0.0015,0.0007,-47.7
7.043,-0.0008,0.0022,0.0037,0.0015,-47.6
7.044,-0.0008,0.003,0.003,0.0,-47.4
7.045,-0.0015,0.0037,0.0007,0.0007,-47.2
7.046,-0.0015,0.003,0.0015,0.0007,-47.0
7.047,0.0,0.0007,0.0037,0.0022,-46.8
7.048,0.0015,-0.0015,0.0045,0.0015,-46.6
7.049,0.0,-0.006,0.0022,0.0,-46.4
7.05,-0.0008,-0.0075,0.0007,0.0015,-46.2
7.051,-0.0015,-0.0053,-0.0023,0.0015,-46.0
7.052,0.0007,-0.0068,-0.0015,0.0007,-45.8
7.053,0.0007,-0.0083,0.0007,-0.0015,-45.6
7.054,-0.0015,-0.006,0.0015,-0.0008,-45.4
7.055,-0.0008,-0.0023,0.0045,0.0007,-45.2
7.056,0.0015,0.0007,0.0007,0.0007,-45.0
7.057,0.0007,0.0,-0.0015,0.0015,-44.8
7.058,0.0015,-0.0015,-0.0008,0.0037,-44.6
7.059,0.0015,-0.003,0.0007,0.0045,-44.4
7.06,0.003,-0.0038,0.0022,0.0037,-44.2
7.061,0.0052,-0.0023,0.0022,0.003,-44.0
7.062,0.0045,-0.003,0.003,0.0007,-43.8
7.063,0.0022,-0.0023,0.0007,0.0015,-43.6
7.064,0.003,-0.0008,0.0,0.0015,-43.4
7.065,0.0015,-0.0008,0.0022,0.0007,-43.2
7.066,0.0,-0.0015,0.0015,-0.0008,-43.0
7.067,0.0,-0.0015,-0.0008,-0.0008,-42.8
7.068,0.0007,0.0007,-0.0015,0.0015,-42.6
7.069,-0.0015,0.0007,-0.0023,0.0022,-42.4
7.07,-0.0038,0.0,-0.0008,0.0015,-42.2
7.071,-0.003,0.0007,0.0022,0.0007,-41.9
7.072,-0.0023,-0.0008,0.003,-0.0015,-41.8
7.073,0.0015,-0.003,0.003,-0.0015,-41.5
7.074,0.0067,-0.0046,0.0015,-0.0015,-41.4
7.075,0.0015,-0.0046,0.0015,-0.0015,-41.1
7.076,-0.0015,-0.003,0.0022,-0.0046,-40.9
7.077,-0.003,-0.0046,0.0037,-0.0046,-40.7
7.078,-0.0068,-0.003,0.0045,-0.0053,-40.5
7.079,-0.0083,-0.003,0.003,-0.0008,-40.3
7.08,-0.0075,-0.0023,0.003,0.0015,-40.1
7.081,-0.0053,0.0015,0.003,0.0,-39.9
7.082,-0.003,0.0007,0.0015,0.0007,-39.7
7.083,0.003,0.0015,0.0015,0.0007,-39.5
7.084,0.0082,0.0015,0.0015,0.0022,-39.2
7.085,0.0082,0.0,0.0007,0.0015,-39.0
7.086,0.0067,0.0007,0.0007,0.003,-38.8
7.087,0.003,-0.0008,0.0015,0.0045,-38.6
7.088,0.0022,-0.0015,-0.0015,0.0015,-38.4
7.089,0.0052,0.0007,-0.0015,0.003,-38.2
7.09,0.012,-0.0023,-0.0015,-0.0008,-38.0
7.091,0.012,-0.0038,-0.0015,-0.0046,-37.8
7.092,0.0052,-0.0015,-0.0008,-0.0046,-37.6
7.093,0.0007,-0.0015,-0.0008,-0.0046,-37.4
7.094,-0.0083,-0.0015,-0.0023,-0.003,-37.1
7.095,-0.0128,-0.0015,-0.0023,-0.003,-36.9
7.096,-0.0165,-0.0008,-0.0008,-0.0023,-36.7
7.097,-0.0165,-0.0015,0.0007,-0.0008,-36.5
7.098,-0.0158,-0.003,0.0015,-0.0008,-36.3
7.099,-0.0143,-0.0015,0.003,-0.0023,-36.1
7.1,-0.0091,-0.0008,0.003,-0.0038,-35.9
7.101,-0.0053,0.0015,0.0045,-0.003,-35.7
7.102,-0.003,0.0045,0.003,-0.0015,-35.5
7.103,-0.0015,0.0052,0.0022,0.0,-35.3
7.104,0.0022,0.003,0.003,-0.0008,-35.1
7.105,0.006,0.0,0.0007,-0.003,-34.9
7.106,0.0075,0.0007,0.0015,-0.003,-34.7
7.107,0.0105,0.003,0.0052,0.0037,-34.6
7.108,0.0127,0.0052,0.0067,0.0075,-34.4
7.109,0.0112,0.0045,0.0045,0.0045,-34.2
7.11,0.0075,0.003,0.0052,0.0045,-34.0
7.111,0.0045,0.0007,0.0052,0.0015,-33.8
7.112,0.0007,-0.0038,0.0045,-0.0023,-33.6
7.113,-0.003,-0.0068,0.0022,-0.0046,-33.4
7.114,-0.0046,-0.006,0.0007,-0.0075,-33.3
7.115,-0.0023,-0.0046,0.003,-0.0053,-33.1
7.116,-0.0008,-0.0023,0.0022,-0.0046,-32.9
7.117,-0.0008,-0.0015,0.0007,-0.0038,-32.7
7.118,0.003,-0.0015,0.0007,-0.003,-32.5
7.119,0.0015,-0.0008,0.0007,-0.003,-32.3
7.12,-0.0008,0.0015,0.0015,-0.0038,-32.1
7.121,0.0007,0.003,-0.0008,-0.0068,-32.0
7.122,0.0015,0.0022,-0.0015,-0.0053,-31.8
7.123,0.0015,0.0045,-0.0008,-0.0008,-31.7
7.124,-0.0015,0.0037,0.0015,0.0,-31.5
7.125,-0.0038,0.003,0.0022,0.0,-31.4
7.126,-0.0046,0.0022,-0.0008,0.0022,-31.2
7.127,-0.0053,0.0022,-0.0008,0.003,-31.1
7.128,-0.0046,0.0015,-0.0008,0.0,-30.9
7.129,-0.003,0.0022,-0.0015,-0.0015,-30.7
7.13,0.0015,0.0015,-0.0008,-0.0023,-30.6
7.131,0.0052,0.0015,-0.003,-0.0015,-30.4
7.132,0.0037,-0.0008,-0.0023,0.0007,-30.3
7.133,0.003,-0.003,-0.003,0.0,-30.1
7.134,0.0052,-0.0008,-0.0038,0.0022,-30.0
7.135,0.0067,-0.0015,0.0015,0.0037,-29.8
7.136,0.0067,-0.0015,0.006,0.0045,-29.7
7.137,0.0045,-0.0023,0.0082,0.0037,-29.5
7.138,0.0022,-0.0046,0.0067,0.0015,-29.3
7.139,0.0007,-0.0038,0.0045,0.0007,-29.2
7.14,-0.0046,-0.003,0.0037,0.0015,-29.0
7.141,-0.0075,-0.003,0.0022,0.0022,-28.9
7.142,-0.0075,-0.0038,0.0015,0.0015,-28.8
7.143,-0.0075,-0.003,0.0015,0.0015,-28.7
7.144,-0.0053,-0.003,0.0022,0.0045,-28.5
7.145,-0.0046,-0.0015,0.0015,0.003,-28.4
7.146,-0.0053,-0.0008,0.0022,0.003,-28.3
7.147,-0.0075,0.0007,0.0,0.0007,-28.1
7.148,-0.0068,0.003,-0.0023,-0.0008,-28.0
7.149,-0.0046,0.0045,-0.0008,0.0015,-27.9
7.15,-0.0008,0.0045,0.0007,0.0,-27.8
7.151,-0.0008,0.0015,0.0037,-0.0015,-27.6
7.152,-0.0046,0.0,0.0052,-0.003,-27.5
7.153,-0.0015,-0.0015,0.0075,-0.0008,-27.4
7.154,0.0015,-0.0008,0.009,0.0007,-27.3
7.155,0.0015,-0.0008,0.0045,0.0015,-27.1
7.156,0.0022,-0.0008,-0.0008,0.0022,-27.0
7.157,0.003,0.0007,-0.0053,0.0022,-26.9
7.158,0.0015,-0.0015,-0.0068,0.0045,-26.8
7.159,-0.0008,-0.0023,-0.003,0.0022,-26.6
7.16,-0.0023,-0.0046,-0.0008,-0.0008,-26.5
7.161,-0.0038,-0.0075,-0.0023,-0.003,-26.4
7.162,-0.0015,-0.0091,-0.0015,-0.0015,-26.3
7.163,-0.0008,-0.0083,-0.0015,-0.0015,-26.2
7.164,0.0015,-0.0053,-0.0015,-0.0015,-26.1
7.165,-0.0008,-0.0038,-0.003,-0.0008,-26.0
7.166,-0.0038,-0.003,-0.0015,-0.0008,-25.9
7.167,-0.0015,-0.0015,0.0022,0.0007,-25.8
7.168,0.0,-0.0008,0.003,-0.0023,-25.7
7.169,0.0022,-0.0023,0.0,-0.0038,-25.6
7.17,-0.0015,-0.0015,0.0015,-0.003,-25.4
7.171,-0.0053,-0.0015,0.0052,-0.003,-25.3
7.172,-0.0053,-0.0015,0.0075,0.0007,-25.2
7.173,-0.0015,-0.0008,0.0067,0.0022,-25.1
7.174,0.0007,-0.0015,0.0052,0.0022,-25.0
7.175,-0.0015,-0.0038,0.003,0.0007,-24.9
7.176,-0.0008,-0.0053,0.0037,0.0,-24.8
7.177,0.0015,-0.0046,0.0022,0.003,-24.7
7.178,0.006,-0.0046,0.0015,0.0037,-24.6
7.179,0.0082,-0.0046,0.0015,0.0015,-24.5
7.18,0.0082,-0.0023,0.0015,-0.0008,-24.4
7.181,0.009,-0.003,0.0022,0.0,-24.3
7.182,0.0127,-0.0038,0.0045,0.0,-24.2
7.183,0.018,-0.003,0.0045,-0.0008,-24.1
7.184,0.0165,-0.0015,0.0015,-0.0008,-24.0
7.185,0.0082,-0.0015,0.0015,-0.003,-23.9
7.186,0.0,-0.003,0.0052,-0.0015,-23.9
7.187,-0.0075,-0.0023,0.0045,0.0007,-23.8
7.188,-0.0068,-0.0015,0.0045,0.0007,-23.7
7.189,-0.003,0.0007,0.0037,0.003,-23.6
7.19,0.003,-0.0008,0.0,0.0015,-23.5
7.191,0.0067,-0.0023,0.0,0.0007,-23.4
7.192,0.0075,-0.0015,0.0015,0.0045,-23.4
7.193,0.0105,-0.0015,0.0015,0.0045,-23.3
7.194,0.0097,-0.0008,0.0022,0.0052,-23.2
7.195,0.0082,-0.0015,-0.0008,0.003,-23.1
7.196,0.0082,-0.0008,-0.0023,0.003,-23.0
7.197,0.009,0.0015,-0.0046,0.0037,-22.9
7.198,0.0135,0.0037,-0.0046,0.003,-22.8
7.199,0.0165,0.003,-0.003,0.0022,-22.7
7.2,0.0142,0.0015,-0.0053,-0.0008,-22.6
7.201,0.0082,0.0007,-0.003,0.0015,-22.5
7.202,0.0022,0.0,-0.0008,0.0015,-22.5
7.203,-0.0053,0.0007,-0.0015,-0.003,-22.4
7.204,-0.006,-0.0008,-0.0015,-0.0038,-22.3
7.205,-0.0023,0.0,0.0,-0.0015,-22.2
7.206,0.0,0.0,0.0022,0.0015,-22.2
7.207,-0.0008,-0.0046,0.0007,-0.003,-22.1
7.208,-0.003,-0.003,0.0007,-0.0053,-22.0
7.209,-0.0038,-0.003,0.0015,-0.0053,-22.0
7.21,-0.0053,-0.0015,0.0015,-0.006,-21.9
7.211,-0.0046,-0.0008,0.003,-0.0046,-21.8
7.212,-0.0053,-0.0023,0.0007,-0.0015,-21.7
7.213,-0.0038,-0.0023,0.0015,0.0007,-21.6
7.214,-0.003,0.0007,-0.0008,0.0022,-21.6
7.215,-0.0015,0.0,-0.0015,0.0082,-21.5
7.216,0.0015,-0.0008,0.0007,0.0127,-21.4
7.217,0.003,0.0,0.0007,0.0105,-21.3
7.218,0.0067,0.0015,0.0015,0.006,-21.2
7.219,0.0045,0.0015,0.0007,0.0022,-21.2
7.22,-0.003,-0.0023,0.0007,-0.003,-21.1
7.221,-0.012,-0.0053,0.0015,-0.0015,-21.0
7.222,-0.0128,-0.0053,0.0015,0.0007,-21.0
7.223,-0.0068,-0.0038,0.0015,0.0,-20.9
7.224,-0.0046,-0.0023,0.003,0.0015,-20.8
7.225,-0.0015,0.0,0.0045,0.0007,-20.7
7.226,-0.0023,0.003,0.003,0.0007,-20.7
7.227,-0.0038,0.0052,0.006,0.0,-20.6
7.228,-0.0008,0.006,0.0067,-0.0015,-20.5
7.229,0.0007,0.003,0.0067,-0.0015,-20.5
7.23,0.0007,0.0007,0.0052,-0.0023,-20.4
7.231,-0.0008,-0.0008,0.003,-0.0008,-20.3
7.232,-0.0046,-0.0038,0.0022,-0.0008,-20.3
7.233,-0.0046,-0.0053,0.0015,-0.0015,-20.2
7.234,-0.0046,-0.0046,0.003,-0.0015,-20.1
7.235,-0.0053,-0.0053,0.003,-0.0015,-20.0
7.236,-0.006,-0.006,0.0022,-0.0015,-19.9
7.237,-0.0046,-0.0083,0.003,-0.003,-19.9
7.238,-0.0046,-0.0068,0.0015,-0.0046,-19.8
7.239,-0.0068,-0.0008,0.003,-0.0068,-19.8
7.24,-0.0038,0.0045,0.003,-0.0023,-19.7
7.241,0.0007,0.0052,0.0015,0.0022,-19.6
7.242,0.0015,0.0015,0.0007,0.0007,-19.5
7.243,0.0007,-0.0038,0.0007,0.0007,-19.5
7.244,-0.0008,-0.0113,0.0007,-0.003,-19.4
7.245,-0.003,-0.0158,0.003,-0.0015,-19.4
7.246,-0.0046,-0.0105,0.0045,-0.0023,-19.3
7.247,-0.0023,-0.0091,0.0045,-0.0083,-19.2
7.248,0.0,-0.0105,0.0022,-0.0075,-19.2
7.249,-0.0015,-0.003,0.0037,-0.003,-19.1
7.25,-0.003,0.0015,0.0045,0.0007,-19.0
7.251,-0.0015,0.0052,0.0037,0.0,-19.0
7.252,0.0,0.0105,0.0045,0.0007,-18.9
7.253,0.003,0.0127,0.0015,0.0,-18.9
7.254,0.0045,0.015,0.0015,0.0007,-18.8
7.255,0.0052,0.012,0.0007,0.0022,-18.7
7.256,0.003,0.0052,-0.0015,0.0067,-18.7
7.257,0.0,-0.0046,-0.0008,0.0052,-18.6
7.258,0.0,-0.0091,-0.003,0.0015,-18.5
7.259,0.0007,-0.0105,-0.0008,0.0045,-18.5
7.26,0.0015,-0.0091,0.0015,0.0007,-18.4
7.261,0.0015,-0.006,0.006,0.0007,-18.4
7.262,-0.0008,-0.0046,0.0157,0.0037,-18.3
7.263,-0.0015,-0.0008,0.0277,0.003,-18.3
7.264,-0.0046,0.0007,0.0247,0.006,-18.2
7.265,-0.006,0.0015,0.0105,0.0045,-18.2
7.266,-0.0046,-0.0015,0.0037,0.0022,-18.1
7.267,-0.0038,-0.0046,-0.0068,0.0007,-18.1
7.268,-0.003,-0.0008,-0.0128,-0.0008,-18.0
7.269,-0.003,0.003,-0.0143,0.0007,-18.0
7.27,-0.003,0.0045,-0.0165,0.0015,-18.0
7.271,0.0007,0.003,-0.0128,0.0007,-18.0
7.272,0.006,0.003,-0.0091,0.0,-17.9
7.273,0.0105,0.0015,-0.003,-0.0023,-17.9
7.274,0.0082,0.0015,0.0,-0.0053,-17.8
7.275,0.0015,0.0007,-0.0008,-0.0053,-17.8
7.276,0.0067,0.003,-0.0038,-0.003,-17.7
7.277,0.0075,0.0015,-0.003,-0.0046,-17.7
7.278,0.0045,-0.0023,0.0007,-0.0008,-17.6
7.279,0.0045,-0.003,0.0037,0.003,-17.6
7.28,0.0007,-0.003,0.0067,0.0022,-17.6
7.281,-0.0008,-0.0008,0.006,0.0022,-19.9
7.282,-0.0038,-0.0008,0.003,0.0015,-22.4
7.283,-0.0053,-0.0008,0.0007,0.003,-24.8
7.284,-0.0015,0.0015,-0.0015,0.0045,-27.3
7.285,0.0015,0.0007,-0.0015,0.003,-29.7
7.286,0.009,-0.0008,-0.003,-0.0008,-32.2
7.287,0.006,0.0,-0.006,-0.0083,-34.6
7.288,-0.0046,-0.0008,-0.0053,-0.0091,-37.1
7.289,-0.0098,-0.0015,-0.0008,-0.0046,-39.5
7.29,-0.0128,-0.0023,0.0015,-0.003,-42.0
7.291,-0.015,-0.0008,0.006,-0.003,-44.4
7.292,-0.0113,0.0007,0.0112,0.0,-46.8
7.293,-0.0015,0.0015,0.0127,0.003,-49.3
7.294,0.009,-0.0008,0.0105,0.003,-51.8
7.295,0.012,-0.003,0.0067,0.003,-54.2
7.296,0.012,-0.0053,0.0052,0.0015,-56.7
7.297,0.0127,-0.0038,0.0037,-0.0015,-59.1
7.298,0.0105,0.0007,0.0015,0.0,-61.5
7.299,-0.0008,-0.003,0.0045,0.0105,-64.0
7.3,,,,,-66.5
7.301,,,,,-66.5
7.302,,,,,-66.5
7.303,,,,,-66.5
7.304,,,,,-66.5
7.305,,,,,-66.5
7.306,,,,,-66.5
7.307,,,,,-66.5
7.308,,,,,-66.5
7.309,,,,,-66.5
7.31,,,,,-66.5
7.311,,,,,-66.5
7.312,,,,,-66.5
7.313,,,,,-66.5
7.314,,,,,-66.5
7.315,,,,,-66.5
7.316,,,,,-66.5
7.317,,,,,-66.5
7.318,,,,,-66.5
7.319,,,,,-66.5
7.32,,,,,
