Time_s,RF,BF,VM,ST,FX
0.0,-0.0135,0.0067,0.012,-0.105,15.8
0.001,-0.012,0.018,-0.0083,-0.0465,15.3
0.002,-0.0143,0.0075,-0.0143,0.012,15.3
0.003,-0.0181,0.0015,-0.0195,0.0412,15.3
0.004,-0.0203,-0.0053,-0.024,0.0442,15.1
0.005,-0.024,-0.0046,-0.0203,0.054,15.1
0.006,-0.0263,-0.0015,-0.0173,0.0697,15.0
0.007,-0.0293,0.0007,-0.0181,0.0772,14.7
0.008,-0.0323,0.006,-0.0218,0.0847,14.8
0.009,-0.0293,0.0022,-0.0233,0.0697,14.4
0.01,-0.024,-0.0038,-0.027,0.0652,14.6
0.011,-0.0143,-0.0083,-0.027,0.0555,14.4
0.012,-0.0046,-0.0083,-0.0218,0.0465,14.4
0.013,0.0015,-0.0113,-0.0143,0.0382,14.2
0.014,0.0067,-0.024,-0.0083,0.0217,14.1
0.015,0.0112,-0.0315,-0.0083,0.018,14.0
0.016,0.0157,-0.0346,-0.0098,0.0082,13.7
0.017,0.015,-0.0443,-0.0173,0.0067,13.9
0.018,0.0202,-0.0398,-0.0308,0.012,13.8
0.019,0.021,-0.0143,-0.0405,0.0202,13.7
0.02,0.0232,0.018,-0.0465,0.0217,13.7
0.021,0.0232,0.0517,-0.0518,0.015,13.8
0.022,0.0187,0.0802,-0.0585,0.012,13.4
0.023,0.018,0.09,-0.06,0.0052,13.5
0.024,0.0112,0.0817,-0.0638,-0.0195,13.0
0.025,0.006,0.0825,-0.066,-0.0803,13.3
0.026,0.0045,0.0682,-0.0608,-0.0983,12.9
0.027,0.0045,0.0165,-0.0548,-0.0495,13.2
0.028,0.0052,-0.0623,-0.048,-0.0091,12.8
0.029,0.0075,-0.1275,-0.0398,0.0615,13.0
0.03,0.0082,-0.1073,-0.0346,0.0735,12.6
0.031,0.0097,-0.0495,-0.0383,0.0015,12.7
0.032,0.0157,0.0232,-0.0338,0.009,12.6
0.033,0.0202,0.0592,-0.03,0.0045,12.7
0.034,0.0247,0.0495,-0.027,-0.0023,12.5
0.035,0.0262,0.0292,-0.0225,0.009,12.3
0.036,0.0307,-0.0503,-0.0225,-0.0068,12.3
0.037,0.039,-0.0856,-0.024,0.0007,12.3
0.038,0.0442,-0.0653,-0.0315,-0.0075,12.3
0.039,0.0412,-0.0405,-0.0285,-0.0068,12.1
0.04,0.0397,-0.0233,-0.0225,-0.006,12.2
0.041,0.0367,-0.0256,-0.0143,-0.0105,12.1
0.042,0.0382,0.0007,0.0007,-0.0098,12.1
0.043,0.039,0.018,0.0135,-0.0195,11.9
0.044,0.0322,0.021,0.0262,-0.0233,11.8
0.045,0.0255,0.0217,0.042,-0.0308,11.8
0.046,0.0195,0.012,0.0412,-0.0383,11.7
0.047,0.0165,0.0015,0.0315,-0.0473,11.6
0.048,0.0105,-0.0068,0.024,-0.045,11.6
0.049,0.0097,0.0007,0.0,-0.033,11.6
0.05,0.0127,0.0165,-0.0256,-0.012,11.5
0.051,0.0127,0.027,-0.0555,0.0592,11.4
0.052,0.018,0.015,-0.0818,0.1057,11.1
0.053,0.0202,0.012,-0.096,0.0817,11.3
0.054,0.0285,0.0217,-0.111,0.0705,11.2
0.055,0.0397,0.0195,-0.1103,0.0262,11.0
0.056,0.0495,0.0142,-0.1103,0.0337,11.0
0.057,0.0517,-0.0098,-0.0975,0.0735,10.7
0.058,0.048,-0.0128,-0.0721,0.0457,10.9
0.059,0.0405,-0.0015,-0.033,0.1005,10.8
0.06,0.0165,-0.0083,0.018,0.0832,10.7
0.061,-0.0195,-0.0046,0.0615,-0.1193,10.6
0.062,-0.0256,0.0045,0.105,-0.333,10.4
0.063,-0.0256,0.012,0.1402,-0.3406,10.5
0.064,-0.0383,0.0007,0.165,-0.1418,10.3
0.065,-0.0368,-0.0075,0.1822,0.045,10.6
0.066,-0.0533,-0.0008,0.1852,0.096,10.4
0.067,-0.0503,0.0022,0.174,0.0022,10.2
0.068,-0.0525,-0.0075,0.1642,-0.027,10.1
0.069,-0.0518,-0.0105,0.159,0.1447,10.2
0.07,-0.0458,-0.0098,0.156,0.2617,10.2
0.071,-0.0488,-0.0293,0.1575,0.0675,9.8
0.072,-0.0315,-0.0361,0.1597,-0.2041,9.9
0.073,-0.0293,-0.0428,0.147,-0.2085,9.7
0.074,-0.0158,-0.0353,0.1237,-0.033,9.6
0.075,-0.0091,-0.0083,0.1072,0.0067,9.7
0.076,0.0,0.0157,0.075,-0.0533,9.5
0.077,0.0067,0.0157,0.0495,-0.054,9.5
0.078,0.0015,0.03,0.0307,-0.0578,9.3
0.079,0.0045,0.0502,0.0082,-0.042,9.7
0.08,0.0037,0.0367,-0.0008,-0.1028,9.1
0.081,0.0097,0.0232,-0.0165,-0.1118,9.2
0.082,0.0007,0.0195,-0.024,0.0892,9.2
0.083,0.0007,0.024,-0.0278,0.1785,9.2
0.084,0.0007,0.0277,-0.0338,-0.0015,9.0
0.085,-0.0068,0.0225,-0.033,-0.0765,9.0
0.086,-0.0098,0.0165,-0.0361,0.0232,9.0
0.087,-0.0113,0.027,-0.0353,0.1162,8.8
0.088,-0.0113,0.033,-0.033,0.204,9.1
0.089,-0.0158,0.0427,-0.0233,0.186,8.7
0.09,-0.0038,0.0337,-0.0098,0.201,9.0
0.091,0.0052,-0.0263,-0.003,0.0675,8.5
0.092,0.0067,-0.0623,-0.0068,-0.105,8.7
0.093,0.0052,-0.0645,-0.012,-0.0465,8.4
0.094,0.0082,-0.075,-0.0158,-0.0608,8.4
0.095,0.0195,-0.0638,-0.0218,-0.039,8.3
0.096,0.0195,-0.0315,-0.0263,-0.0375,8.4
0.097,0.018,-0.0023,-0.0256,-0.0173,8.4
0.098,0.0195,0.0165,-0.024,0.1695,8.3
0.099,0.0112,0.0045,-0.0158,0.21,8.4
0.1,-0.0008,-0.0091,-0.0091,0.0495,8.1
0.101,0.0007,-0.0158,-0.0038,0.0532,8.2
0.102,-0.0053,-0.0368,0.0022,0.1237,8.1
0.103,-0.015,-0.0398,-0.0008,-0.024,8.1
0.104,-0.012,-0.0353,-0.0068,-0.1245,8.1
0.105,-0.0091,-0.0233,-0.012,-0.1733,7.8
0.106,-0.0068,0.0427,-0.0165,-0.1298,8.1
0.107,-0.0053,0.0637,-0.0165,-0.0555,8.0
0.108,0.0067,0.039,-0.0173,-0.0945,7.8
0.109,0.015,0.0217,-0.021,-0.0706,7.7
0.11,0.0097,0.0157,-0.0285,-0.0188,7.9
0.111,0.0052,0.0277,-0.0315,0.0367,7.8
0.112,-0.0008,0.0247,-0.0323,0.0555,7.7
0.113,-0.0075,0.012,-0.033,0.0352,7.9
0.114,-0.0128,-0.0293,-0.0308,-0.0518,7.8
0.115,-0.015,-0.063,-0.0278,-0.0405,7.7
0.116,-0.0218,-0.0706,-0.024,0.0675,7.7
0.117,-0.0256,-0.0346,-0.021,-0.0053,7.6
0.118,-0.0225,0.0157,-0.0173,-0.0758,7.6
0.119,-0.024,0.0375,-0.0195,-0.0765,7.6
0.12,-0.0218,0.0547,-0.0225,0.0082,7.6
0.121,-0.0195,0.0472,-0.0256,0.0345,7.6
0.122,-0.0143,0.009,-0.0278,-0.015,7.6
0.123,-0.0098,-0.039,-0.0285,0.0532,7.3
0.124,-0.0091,-0.0518,-0.0323,0.027,7.7
0.125,-0.0046,-0.0436,-0.0285,0.0052,7.4
0.126,-0.0008,-0.0473,-0.027,0.0517,7.4
0.127,0.0045,-0.0346,-0.0233,0.033,7.6
0.128,0.0135,-0.0181,-0.0068,-0.0203,7.5
0.129,0.009,-0.0098,0.009,0.0067,7.5
0.13,-0.0046,-0.0218,0.0195,-0.0353,7.6
0.131,-0.003,-0.0008,0.0195,-0.1628,7.5
0.132,0.003,0.078,0.0195,-0.1441,7.3
0.133,0.0015,0.1035,0.0232,-0.0856,7.3
0.134,0.0007,0.0517,0.0202,0.042,7.5
0.135,-0.0008,0.039,0.018,0.0727,7.2
0.136,-0.0053,0.084,0.0165,0.0945,7.5
0.137,-0.0083,0.069,0.0127,0.1065,7.2
0.138,-0.0068,-0.0218,0.0007,-0.0293,7.3
0.139,-0.0083,-0.0825,-0.0256,0.0,7.1
0.14,-0.006,-0.0953,-0.0195,-0.015,7.5
0.141,-0.0091,-0.0691,0.0187,-0.1148,7.1
0.142,-0.0083,-0.0173,0.0307,-0.1163,7.4
0.143,-0.0015,-0.042,0.0202,-0.0068,7.1
0.144,0.0022,-0.0525,-0.0023,0.0457,7.2
0.145,0.0105,-0.003,-0.0068,-0.033,7.1
0.146,0.0165,0.018,-0.0046,0.0127,7.0
0.147,0.0195,0.018,-0.0218,0.0592,7.0
0.148,0.0127,0.0015,-0.0323,0.054,6.9
0.149,0.0082,0.0022,-0.039,0.0502,6.8
0.15,0.0135,0.0075,-0.0293,0.057,6.7
0.151,0.0112,0.0127,-0.0225,0.1492,6.7
0.152,0.0097,0.0255,-0.0203,0.0292,6.4
0.153,0.0105,0.0232,-0.0113,-0.0945,6.5
0.154,0.0105,0.0045,-0.003,0.0892,6.3
0.155,0.0165,-0.0105,0.009,0.0997,6.3
0.156,0.0232,-0.0053,0.0157,0.021,6.2
0.157,0.0255,-0.0046,0.0105,0.0067,5.9
0.158,0.0232,-0.003,0.0112,-0.0698,5.8
0.159,0.027,0.0165,0.0202,-0.0503,5.6
0.16,0.0165,0.045,0.0262,-0.0181,5.7
0.161,0.009,0.0705,0.0262,-0.075,5.4
0.162,0.0142,0.0675,0.0247,-0.0495,5.3
0.163,0.0112,0.03,0.0015,0.0315,5.2
0.164,0.0112,-0.0068,-0.0278,-0.114,5.1
0.165,0.0067,-0.0233,-0.0495,-0.1178,5.0
0.166,0.003,-0.0233,-0.075,0.0315,4.9
0.167,-0.0038,-0.0233,-0.0983,0.006,4.9
0.168,-0.0181,-0.0233,-0.1185,0.0337,4.7
0.169,-0.0218,-0.0218,-0.1223,0.015,4.7
0.17,-0.0188,-0.021,-0.1006,0.0015,4.6
0.171,-0.0143,-0.015,-0.0615,0.0165,4.4
0.172,-0.0128,-0.0008,-0.0128,-0.0023,4.5
0.173,-0.0068,0.0142,0.0315,0.018,4.2
0.174,-0.0008,0.0225,0.06,0.0045,4.4
0.175,0.0052,0.033,0.069,0.0082,3.9
0.176,0.0157,0.03,0.06,-0.003,4.1
0.177,0.024,0.012,0.0322,-0.0068,3.9
0.178,0.036,-0.0068,0.0015,-0.0233,3.9
0.179,0.0382,-0.0225,-0.024,-0.0645,3.9
0.18,0.036,-0.0323,-0.0465,-0.0278,3.7
0.181,0.039,-0.0315,-0.0511,0.0787,3.7
0.182,0.042,-0.027,-0.0361,0.1762,3.6
0.183,0.0427,-0.0098,-0.0008,0.1717,3.8
0.184,0.0457,0.0127,0.0465,0.0217,3.6
0.185,0.0495,0.0142,0.09,-0.0885,3.6
0.186,0.0592,0.003,0.1252,-0.042,3.5
0.187,0.0435,0.0187,0.1485,-0.0165,3.4
0.188,-0.0015,0.0382,0.1552,0.057,3.5
0.189,-0.012,0.0337,0.144,0.0427,3.3
0.19,0.0067,0.0277,0.123,-0.0128,3.5
0.191,0.0127,-0.0068,0.0997,0.1147,3.3
0.192,0.0067,-0.0645,0.075,0.2295,3.6
0.193,0.009,-0.09,0.0555,0.2085,3.2
0.194,0.024,-0.0615,0.0382,-0.0413,3.2
0.195,0.0232,-0.0188,0.0277,-0.0788,3.3
0.196,0.0157,-0.006,0.027,0.0142,3.2
0.197,0.0082,0.0037,0.0255,-0.2213,3.2
0.198,0.006,0.018,0.024,-0.4875,3.0
0.199,-0.0023,0.0345,0.0277,-0.4096,3.2
0.2,-0.0143,0.0307,0.03,-0.1178,3.0
0.201,-0.0263,0.0127,0.021,-0.1028,3.2
0.202,-0.0346,0.0082,0.012,-0.1208,3.2
0.203,-0.027,0.0,0.0045,0.012,3.2
0.204,-0.0203,-0.0068,0.0007,0.0727,3.2
0.205,-0.0158,-0.015,0.0015,0.0832,3.1
0.206,-0.027,-0.0195,0.0007,0.0157,3.1
0.207,-0.045,-0.0143,-0.003,-0.0706,3.1
0.208,-0.0443,-0.0143,-0.0098,-0.0758,3.2
0.209,-0.042,-0.0105,-0.0083,0.0007,3.1
0.21,-0.0383,0.0045,-0.0023,0.0825,3.2
0.211,-0.0368,0.0165,-0.0008,0.0862,3.2
0.212,-0.0428,0.0187,-0.006,0.0322,3.0
0.213,-0.057,0.0157,-0.0158,0.1132,3.1
0.214,-0.0856,0.009,-0.0158,0.1725,3.1
0.215,-0.081,0.0045,-0.0218,0.0862,3.1
0.216,-0.0668,0.0097,-0.0308,0.1035,3.1
0.217,-0.0713,0.0165,-0.0405,0.1665,3.1
0.218,-0.0758,0.0075,-0.0518,0.12,3.1
0.219,-0.0706,-0.0075,-0.0645,-0.0158,3.2
0.22,-0.0555,-0.03,-0.075,-0.0105,3.2
0.221,-0.0555,-0.0436,-0.0863,0.0277,3.2
0.222,-0.0608,-0.0218,-0.0998,0.0255,3.2
0.223,-0.057,-0.0083,-0.1058,0.0645,3.3
0.224,-0.0495,-0.0091,-0.114,-0.0158,3.5
0.225,-0.0398,-0.0046,-0.1238,-0.0188,3.2
0.226,-0.0233,-0.0091,-0.1268,-0.012,3.4
0.227,-0.0218,-0.0083,-0.126,-0.039,3.5
0.228,-0.042,-0.0053,-0.1208,-0.0203,3.6
0.229,-0.0293,-0.0053,-0.1118,-0.0495,3.6
0.23,0.0142,-0.0038,-0.0923,-0.0293,3.5
0.231,0.0142,-0.0023,-0.0706,-0.0203,3.6
0.232,0.015,0.0045,-0.0533,-0.0353,3.5
0.233,0.0322,0.0135,-0.0383,-0.0555,3.6
0.234,0.0442,0.0195,-0.024,-0.0645,3.4
0.235,0.0727,0.0202,-0.0075,-0.042,3.4
0.236,0.0922,0.0187,0.003,-0.0256,3.6
0.237,0.1215,0.015,0.0187,-0.0053,3.3
0.238,0.1252,0.0097,0.0345,0.069,3.6
0.239,0.1012,-0.0015,0.045,0.1552,3.5
0.24,0.102,-0.0143,0.0517,0.0712,3.6
0.241,0.0975,-0.0218,0.0577,-0.0098,3.2
0.242,0.0795,-0.0158,0.0727,-0.0293,3.5
0.243,0.0705,-0.0128,0.078,0.0142,3.4
0.244,0.0607,-0.0015,0.0802,0.1417,3.3
0.245,0.0592,0.0217,0.0847,0.0457,3.3
0.246,0.054,0.012,0.087,-0.0503,3.2
0.247,0.0405,-0.0046,0.0907,-0.1006,3.3
0.248,0.0255,-0.0008,0.09,-0.1598,3.0
0.249,0.0157,0.0045,0.0907,-0.0218,3.3
0.25,0.03,0.0067,0.0952,0.0352,3.1
0.251,0.03,0.0135,0.1027,-0.0015,3.2
0.252,0.024,0.0352,0.1005,-0.0023,3.1
0.253,0.0247,0.0525,0.093,0.0517,3.1
0.254,0.0157,0.0442,0.0802,0.084,3.1
0.255,0.0652,0.0345,0.0652,0.036,3.0
0.256,0.0675,0.0225,0.0615,0.0322,3.0
0.257,0.0322,-0.033,0.0555,-0.0713,3.0
0.258,0.063,-0.096,0.042,-0.177,2.8
0.259,0.0405,-0.0893,0.0292,-0.1665,2.8
0.26,0.0165,-0.0428,0.0217,-0.1313,2.9
0.261,0.009,-0.0015,0.015,-0.1088,2.8
0.262,-0.0143,0.0142,0.0022,-0.0675,2.7
0.263,-0.0225,-0.003,-0.0113,0.0855,2.8
0.264,-0.0375,-0.003,-0.0188,0.1282,2.6
0.265,-0.0233,-0.0083,-0.027,0.093,2.8
0.266,-0.0135,-0.012,-0.0346,-0.078,2.5
0.267,-0.0165,0.006,-0.0315,-0.3915,2.6
0.268,-0.0128,0.018,-0.0256,-0.2543,2.6
0.269,-0.0323,0.012,-0.0165,0.075,2.6
0.27,-0.0645,0.0082,0.003,0.087,2.6
0.271,-0.0938,0.0165,0.0225,0.0285,2.5
0.272,-0.12,0.0045,0.0277,-0.0495,2.5
0.273,-0.0968,0.0142,0.0382,-0.0278,2.4
0.274,-0.078,0.0345,0.0472,0.1995,2.4
0.275,-0.0735,-0.0008,0.0517,0.2362,2.4
0.276,-0.042,-0.0615,0.057,0.1282,2.4
0.277,-0.0353,-0.0578,0.0555,0.0195,2.4
0.278,-0.0233,-0.0098,0.0532,-0.0188,2.4
0.279,-0.024,0.0045,0.0435,0.018,2.4
0.28,-0.0383,-0.0023,0.027,0.0067,2.2
0.281,-0.0555,0.0022,0.0037,0.0232,2.4
0.282,-0.0653,0.0187,-0.0203,0.0405,2.1
0.283,-0.0518,0.009,-0.0428,0.0255,2.3
0.284,-0.0278,-0.003,-0.0615,0.0112,1.9
0.285,-0.0188,0.0007,-0.0765,0.0877,2.2
0.286,-0.0188,0.0015,-0.0938,0.0877,2.0
0.287,-0.0405,0.0052,-0.1103,0.0277,2.2
0.288,-0.0653,-0.003,-0.1253,0.0405,2.1
0.289,-0.054,-0.0091,-0.1298,-0.0113,2.0
0.29,-0.054,-0.012,-0.1313,-0.042,1.9
0.291,-0.0555,-0.0015,-0.135,-0.0315,2.0
0.292,-0.1028,0.0157,-0.1298,-0.0038,2.0
0.293,-0.1328,0.027,-0.1253,-0.0346,2.0
0.294,-0.096,0.0367,-0.1223,-0.063,1.9
0.295,-0.06,0.0457,-0.117,-0.042,1.9
0.296,-0.006,0.0442,-0.1103,-0.0128,2.0
0.297,0.0472,0.0165,-0.1013,0.027,2.0
0.298,0.099,-0.0361,-0.0915,0.0015,1.9
0.299,0.1605,-0.09,-0.0765,-0.0158,1.9
0.3,0.2655,-0.084,-0.0645,-0.0691,1.6
0.301,0.4095,-0.0233,-0.048,-0.0383,2.1
0.302,0.4867,0.0322,-0.0278,0.0907,1.8
0.303,0.4065,0.0337,-0.0128,0.069,1.9
0.304,0.2167,0.003,-0.0015,0.009,1.7
0.305,0.0817,-0.0015,0.0067,0.0502,2.0
0.306,0.0495,0.0007,0.0157,0.0495,1.8
0.307,0.0127,0.012,0.0195,-0.0068,1.9
0.308,-0.0015,0.0277,0.0262,0.012,1.8
0.309,-0.0038,0.027,0.0315,0.0157,1.9
0.31,-0.033,0.018,0.0352,0.0097,2.0
0.311,-0.045,0.0067,0.036,-0.0165,1.7
0.312,-0.0653,0.0022,0.0367,-0.033,2.0
0.313,-0.0953,-0.0038,0.0405,0.009,1.8
0.314,-0.1328,-0.0091,0.0412,0.0037,2.0
0.315,-0.1433,-0.0128,0.0405,-0.042,1.8
0.316,-0.1208,-0.0091,0.042,-0.0548,2.1
0.317,-0.1193,-0.003,0.0442,0.0255,1.9
0.318,-0.114,0.0015,0.0435,0.0577,1.8
0.319,-0.0856,-0.0008,0.039,-0.0128,2.0
0.32,-0.0436,-0.0053,0.0405,-0.0413,1.8
0.321,0.0135,-0.0008,0.0405,-0.0735,2.0
0.322,0.0427,-0.0008,0.0352,-0.039,1.8
0.323,0.048,-0.003,0.0285,0.042,1.9
0.324,0.0337,-0.0038,0.0217,0.0052,2.0
0.325,0.0487,0.0007,0.0187,0.0285,1.9
0.326,0.0495,0.003,0.0135,0.0277,2.1
0.327,-0.0203,-0.0023,0.0127,-0.099,1.9
0.328,-0.0293,-0.0015,0.0142,-0.1411,2.1
0.329,0.0157,0.0067,0.0105,-0.0735,1.8
0.33,0.0577,-0.0008,0.0067,-0.0015,2.0
0.331,0.075,-0.0075,0.003,-0.045,2.0
0.332,0.063,-0.0023,-0.0023,-0.0998,1.8
0.333,0.0382,-0.0091,-0.0098,0.018,1.9
0.334,0.033,-0.0203,-0.0105,0.0682,1.8
0.335,0.069,-0.0181,-0.0083,-0.0465,1.9
0.336,0.0787,-0.0068,-0.0015,0.0292,1.9
0.337,0.078,-0.0008,0.0082,0.159,2.2
0.338,0.0802,0.0022,0.0127,0.0802,2.0
0.339,0.0825,0.006,0.0157,-0.0293,1.9
0.34,0.0937,0.0075,0.018,-0.0128,2.0
0.341,0.075,0.0165,0.0202,0.0435,2.1
0.342,0.0675,0.0225,0.0232,0.0315,2.1
0.343,0.0517,0.0105,0.021,-0.0278,1.9
0.344,-0.0293,-0.0008,0.0172,-0.063,2.1
0.345,-0.0765,-0.0015,0.0195,0.0277,1.9
0.346,-0.0713,-0.0046,0.0195,0.1297,2.2
0.347,-0.078,-0.0158,0.018,0.1605,1.9
0.348,-0.0818,-0.0188,0.0127,0.0457,2.1
0.349,-0.0818,-0.0068,0.0105,-0.0278,2.0
0.35,-0.1088,0.0015,0.0217,0.0495,2.0
0.351,-0.1868,0.0082,0.0375,0.0532,1.9
0.352,-0.2235,0.0015,0.042,0.003,2.0
0.353,-0.0938,-0.0075,0.039,-0.1253,1.9
0.354,-0.0105,-0.0046,0.0367,-0.1223,1.9
0.355,-0.0046,-0.0068,0.0352,-0.0383,1.9
0.356,0.0465,-0.0068,0.0307,-0.0691,1.9
0.357,0.0165,-0.003,0.0277,-0.1898,1.9
0.358,0.0142,0.0052,0.0315,-0.1853,2.0
0.359,0.018,0.0105,0.0315,0.0817,1.9
0.36,0.021,0.0082,0.0307,0.0712,2.0
0.361,0.0502,0.0112,0.0292,-0.0938,1.8
0.362,0.048,0.0015,0.0247,-0.1013,2.2
0.363,0.078,-0.012,0.0232,-0.0458,1.8
0.364,0.0885,-0.0105,0.0142,-0.0015,2.1
0.365,0.09,-0.003,0.0045,-0.0248,1.8
0.366,0.0855,-0.0023,-0.003,0.123,2.2
0.367,0.0855,-0.0046,-0.0068,0.1582,1.8
0.368,0.0705,0.003,-0.0083,0.0067,2.0
0.369,0.0442,0.0082,-0.0046,0.0172,2.0
0.37,0.039,0.0082,-0.0008,0.0517,2.1
0.371,0.0202,0.0007,0.0045,0.1057,1.9
0.372,0.0045,-0.0098,0.018,0.1117,2.0
0.373,-0.0158,-0.0046,0.0345,0.0427,2.0
0.374,-0.033,-0.0068,0.0555,0.0825,2.1
0.375,-0.0413,-0.0068,0.081,0.084,2.0
0.376,-0.042,-0.003,0.1042,0.0405,2.0
0.377,-0.0668,-0.0075,0.129,-0.0863,1.8
0.378,-0.1373,0.003,0.15,-0.147,2.0
0.379,-0.2003,0.0097,0.1665,-0.0008,1.8
0.38,-0.1658,0.0015,0.1762,-0.0735,2.0
0.381,-0.0555,0.0,0.177,-0.0503,1.9
0.382,-0.0105,0.0045,0.1725,0.0615,1.9
0.383,0.009,0.0082,0.1665,-0.0053,1.8
0.384,0.0555,0.009,0.1522,0.0187,2.1
0.385,0.0645,0.0082,0.135,-0.0195,1.9
0.386,0.0847,0.0015,0.1125,-0.0218,2.1
0.387,0.105,-0.006,0.087,-0.0795,1.9
0.388,0.1027,-0.0053,0.0637,-0.1426,2.0
0.389,0.1065,-0.003,0.0367,-0.0443,1.9
0.39,0.0915,-0.0015,0.0105,-0.0555,2.1
0.391,0.0682,-0.0015,-0.0128,-0.0503,1.8
0.392,0.0585,-0.0068,-0.0368,-0.06,2.0
0.393,0.0652,-0.012,-0.0578,-0.0825,1.8
0.394,0.054,-0.0203,-0.0773,0.0315,2.1
0.395,0.0352,-0.0256,-0.0968,0.2227,1.8
0.396,0.027,-0.027,-0.108,0.273,2.0
0.397,0.018,-0.0165,-0.1103,0.114,1.9
0.398,-0.0015,0.0007,-0.1088,0.1155,2.0
0.399,-0.0338,0.015,-0.1118,0.069,1.8
0.4,-0.0563,0.0247,-0.12,-0.1095,1.9
0.401,-0.057,0.0165,-0.1298,-0.0893,2.0
0.402,-0.0578,0.009,-0.1328,-0.0181,2.0
0.403,-0.0563,0.0097,-0.135,0.087,1.9
0.404,-0.0533,0.0015,-0.1441,0.009,1.8
0.405,-0.057,0.009,-0.1568,-0.1343,1.9
0.406,-0.0668,0.0165,-0.1688,-0.075,1.9
0.407,-0.0765,0.009,-0.1726,-0.1125,1.9
0.408,-0.0758,-0.0105,-0.1703,-0.0938,1.8
0.409,-0.0691,-0.0263,-0.1703,-0.0263,1.9
0.41,-0.0638,-0.0218,-0.1688,-0.0008,1.9
0.411,-0.0668,-0.0135,-0.1628,0.0142,1.8
0.412,-0.0818,0.0,-0.1568,-0.0008,1.9
0.413,-0.0945,0.0112,-0.1478,0.066,1.8
0.414,-0.0975,0.0142,-0.1388,0.054,2.1
0.415,-0.0795,0.009,-0.1275,-0.0645,1.7
0.416,-0.0495,-0.0023,-0.1178,-0.135,1.9
0.417,-0.0263,-0.0083,-0.1125,-0.075,1.5
0.418,-0.0091,-0.003,-0.1058,-0.0181,1.9
0.419,0.0082,0.0067,-0.0968,0.0202,2.0
0.42,0.0217,0.0045,-0.0833,0.0517,1.9
0.421,0.0307,0.0105,-0.0728,0.0502,2.0
0.422,0.0412,0.012,-0.0698,0.1357,1.8
0.423,0.069,-0.0083,-0.063,0.099,2.0
0.424,0.111,-0.0143,-0.0533,0.1042,1.8
0.425,0.1927,-0.0046,-0.0443,0.1995,1.8
0.426,0.3615,0.0052,-0.0368,0.1297,1.8
0.427,0.351,0.012,-0.0338,0.063,1.8
0.428,0.0045,0.018,-0.027,-0.0788,1.8
0.429,-0.237,0.0165,-0.0173,-0.0848,1.7
0.43,-0.3023,0.003,-0.0038,0.006,2.0
0.431,-0.273,0.0,0.0142,-0.0908,1.8
0.432,-0.1688,0.0,0.0202,-0.0256,1.9
0.433,-0.1703,-0.006,0.0225,-0.0308,1.8
0.434,-0.0923,-0.012,0.0195,-0.2543,1.8
0.435,-0.0165,-0.0165,0.0165,-0.2955,1.8
0.436,-0.0053,-0.012,0.0202,-0.1065,1.8
0.437,-0.0143,-0.0068,0.0232,0.0337,1.8
0.438,-0.039,-0.0023,0.0262,0.0855,1.8
0.439,-0.0368,-0.0091,0.0315,0.171,1.9
0.44,-0.0428,-0.0075,0.0405,0.0825,1.7
0.441,-0.0248,0.012,0.0382,0.0742,1.9
0.442,-0.0285,0.0067,0.0367,0.042,1.8
0.443,-0.0233,0.0052,0.0405,-0.1448,1.7
0.444,-0.0135,0.0007,0.045,-0.0128,1.8
0.445,0.0015,-0.0181,0.054,0.2092,1.7
0.446,0.018,-0.0173,0.0547,0.225,1.9
0.447,0.033,-0.0015,0.054,0.1537,1.7
0.448,0.0645,0.0067,0.0502,0.09,1.8
0.449,0.0787,0.003,0.0457,-0.033,1.6
0.45,0.0825,-0.0008,0.0412,-0.1426,1.8
0.451,0.0667,-0.0075,0.0345,-0.0713,1.6
0.452,0.0562,-0.0143,0.0382,0.0412,1.8
0.453,0.0502,-0.0158,0.0405,0.0322,1.6
0.454,0.0465,-0.003,0.042,-0.1313,1.5
0.455,0.0442,0.0097,0.048,-0.2385,1.8
0.456,0.0307,0.0127,0.0457,-0.1703,1.5
0.457,0.0255,0.018,0.0427,-0.1665,1.6
0.458,0.0202,0.0127,0.0412,-0.1403,1.6
0.459,0.0165,0.009,0.0367,-0.084,1.6
0.46,0.0067,0.0045,0.0352,-0.0803,1.7
0.461,-0.0015,-0.0023,0.0292,-0.0181,1.5
0.462,-0.012,-0.003,0.027,-0.0038,1.8
0.463,-0.0195,-0.0015,0.0232,0.0052,1.5
0.464,-0.0256,0.0007,0.0232,-0.0473,1.8
0.465,-0.0353,-0.0053,0.0225,-0.1673,1.5
0.466,-0.0428,-0.003,0.0202,-0.2198,1.6
0.467,-0.0525,0.0052,0.0172,-0.2198,1.5
0.468,-0.0638,0.0045,0.0142,-0.1095,1.7
0.469,-0.054,-0.0008,0.0195,0.084,1.6
0.47,-0.0165,-0.0158,0.0202,0.1875,1.6
0.471,0.0112,-0.0278,0.0202,0.129,1.9
0.472,0.0195,-0.0383,0.018,0.1155,1.5
0.473,0.0307,-0.0375,0.0165,0.1425,1.9
0.474,0.03,-0.0218,0.018,0.0847,1.5
0.475,0.021,-0.0098,0.0172,0.0322,1.8
0.476,0.0232,-0.0128,0.0165,-0.0691,2.1
0.477,0.0337,-0.0091,0.018,-0.0645,2.1
0.478,0.054,0.0075,0.018,0.0787,1.6
0.479,0.0682,0.0142,0.0247,0.0705,1.6
0.48,0.0667,0.0165,0.0345,0.087,1.8
0.481,0.057,0.0255,0.0352,0.1297,1.7
0.482,0.0292,0.018,0.0307,0.0007,1.8
0.483,0.0082,-0.0083,0.0202,0.0592,1.8
0.484,0.0067,-0.0173,0.0157,0.2055,1.8
0.485,0.012,-0.012,0.0172,0.1125,1.7
0.486,0.0195,0.0,0.0112,-0.0053,1.5
0.487,0.0195,0.012,0.0082,-0.1373,1.7
0.488,0.0142,0.0022,0.0067,-0.0765,1.6
0.489,0.003,-0.0165,0.009,0.1245,1.9
0.49,-0.0113,-0.0308,0.0082,0.2032,1.8
0.491,-0.027,-0.0315,0.0015,0.2722,2.1
0.492,-0.039,-0.0308,0.0045,0.216,1.9
0.493,-0.0443,-0.0143,0.0037,-0.0346,1.8
0.494,-0.0465,0.0105,0.003,-0.2333,1.8
0.495,-0.0443,0.009,0.0015,-0.1328,1.9
0.496,-0.0375,0.003,0.0,-0.0563,2.1
0.497,-0.0188,0.0105,0.0082,-0.114,1.9
0.498,0.0007,0.0142,0.0135,-0.042,1.9
0.499,0.018,0.0127,0.0157,-0.0158,2.1
0.5,0.0292,0.0247,0.0232,0.0142,2.1
0.501,0.0232,0.0142,0.0307,0.0727,2.1
0.502,0.0112,-0.0015,0.0277,0.057,2.0
0.503,-0.0008,-0.0038,0.0232,0.0405,2.2
0.504,-0.0053,-0.0038,0.024,0.0225,2.1
0.505,-0.0015,0.018,0.0202,0.0142,2.3
0.506,0.0052,0.0217,0.0172,0.0022,2.1
0.507,0.009,0.0232,0.0217,0.009,2.4
0.508,0.0022,0.0277,0.0217,0.009,2.0
0.509,-0.0158,0.0225,0.0187,0.0105,2.3
0.51,-0.0413,0.0217,0.0165,0.0195,2.2
0.511,-0.0585,0.0157,0.0135,0.0172,2.3
0.512,-0.0615,0.0142,0.012,0.0255,2.2
0.513,-0.0488,0.0157,0.012,0.0195,2.2
0.514,-0.0278,0.0157,0.0127,0.0217,2.2
0.515,-0.012,0.0165,0.012,0.0172,2.3
0.516,0.0015,0.0157,0.0127,0.0045,2.3
0.517,0.0052,0.0157,0.0105,-0.0038,2.3
0.518,0.0052,0.021,0.009,-0.0128,2.3
0.519,0.009,0.0217,0.0052,-0.0203,2.4
0.52,0.0187,0.0165,0.0052,-0.0181,2.2
0.521,0.033,0.018,0.0052,0.0412,2.4
0.522,0.0427,0.0112,0.0067,0.1005,2.2
0.523,0.0487,0.0015,0.0045,0.0517,2.5
0.524,0.0517,0.0,0.003,-0.021,2.1
0.525,0.0502,0.003,0.0015,-0.0405,2.4
0.526,0.0487,0.0015,0.0007,-0.0188,2.1
0.527,0.045,-0.0053,0.0045,0.006,2.2
0.528,0.0405,-0.0046,0.0052,-0.006,2.3
0.529,0.0307,-0.003,0.0045,0.018,2.2
0.53,0.021,-0.0023,0.0082,0.0142,2.1
0.531,0.0127,0.0007,0.0105,0.0045,2.1
0.532,0.0037,0.0037,0.009,0.0127,2.0
0.533,-0.0015,-0.0023,0.0052,-0.024,2.1
0.534,-0.0038,-0.0173,-0.0046,-0.0173,2.0
0.535,-0.0038,-0.0225,-0.0091,-0.0248,1.8
0.536,-0.0008,-0.0308,-0.0098,-0.0083,1.8
0.537,0.0015,-0.0368,-0.0113,0.0262,1.8
0.538,0.0015,-0.0315,-0.0098,0.0157,1.8
0.539,0.0037,-0.0225,-0.0091,-0.012,1.8
0.54,0.0052,-0.0046,-0.0046,-0.0893,1.8
0.541,0.0105,0.0052,-0.0015,-0.0653,2.0
0.542,0.018,-0.0068,-0.0053,0.0232,1.8
0.543,0.024,-0.0233,-0.0068,-0.078,1.8
0.544,0.0285,-0.0233,-0.0068,-0.1703,1.7
0.545,0.0292,-0.0195,-0.0091,-0.1883,1.8
0.546,0.0292,-0.0233,-0.0075,-0.0998,1.8
0.547,0.0292,-0.021,0.0007,0.0645,2.1
0.548,0.0255,-0.0218,0.0045,0.0262,2.1
0.549,0.021,-0.0195,-0.0015,0.0165,2.1
0.55,0.015,-0.0128,-0.0068,0.0262,1.9
0.551,0.0082,-0.015,-0.0105,0.0195,1.9
0.552,0.0022,-0.0113,-0.0165,0.0255,1.9
0.553,-0.0008,-0.0075,-0.0203,-0.027,1.8
0.554,-0.0046,-0.0105,-0.0233,-0.0128,1.9
0.555,-0.0053,-0.0128,-0.024,-0.0158,2.0
0.556,-0.0046,-0.012,-0.027,-0.0105,1.8
0.557,-0.0046,-0.012,-0.0263,-0.0143,2.1
0.558,-0.0046,-0.012,-0.0256,-0.0315,1.8
0.559,-0.0023,-0.0105,-0.024,-0.0218,2.1
0.56,-0.0008,-0.0105,-0.0203,-0.0263,1.7
0.561,0.0015,-0.006,-0.0203,-0.0691,1.9
0.562,0.0037,0.0037,-0.0218,-0.099,1.8
0.563,0.0045,0.0195,-0.0218,0.0217,1.8
0.564,0.0052,0.0187,-0.0181,0.0465,1.8
0.565,0.0045,0.009,-0.0135,-0.0195,1.8
0.566,0.0007,0.0172,-0.015,0.114,1.9
0.567,0.0,0.0045,-0.0113,0.1755,1.8
0.568,0.0007,-0.0143,-0.0046,0.0142,2.0
0.569,-0.0023,0.0097,-0.0008,-0.0278,1.8
0.57,-0.0053,0.0277,0.0045,0.0285,2.0
0.571,-0.006,0.0307,0.0037,0.0435,1.6
0.572,-0.0046,0.03,-0.0015,0.0787,1.9
0.573,-0.0046,0.0165,-0.006,0.0382,1.9
0.574,-0.006,0.0082,-0.0105,-0.0158,1.8
0.575,-0.0091,0.0045,-0.0158,-0.1133,1.8
0.576,-0.0083,0.0127,-0.012,-0.1635,1.6
0.577,-0.0068,0.0082,-0.0075,-0.0361,1.9
0.578,-0.0053,-0.0143,-0.0098,0.0675,1.7
0.579,-0.0053,-0.015,-0.0083,0.0945,1.8
0.58,-0.003,-0.0105,-0.006,0.0495,1.9
0.581,0.0015,-0.0143,-0.0068,-0.0233,1.8
0.582,0.0,-0.0091,-0.0068,-0.0653,2.0
0.583,0.0,0.0082,-0.0046,-0.1125,1.6
0.584,0.0,0.0217,0.0007,-0.1793,1.8
0.585,-0.0008,0.0127,0.0045,-0.0675,1.8
0.586,0.0007,-0.0091,0.0007,0.0352,2.0
0.587,0.0,-0.0113,0.0,-0.048,1.8
0.588,0.0007,-0.0038,0.0015,-0.0436,1.9
0.589,-0.0008,0.0082,0.003,-0.0728,1.7
0.59,-0.0038,0.0082,0.0052,-0.0878,1.9
0.591,-0.0083,0.0,0.0075,0.0015,1.8
0.592,-0.0091,0.0007,0.0082,0.0285,1.9
0.593,-0.012,-0.0015,0.0052,0.039,1.9
0.594,-0.0135,0.0015,0.003,0.075,1.8
0.595,-0.0158,0.0045,0.0,0.069,1.8
0.596,-0.0143,0.0037,-0.0008,0.0255,1.8
0.597,-0.0143,0.0045,-0.0015,0.045,1.9
0.598,-0.0143,-0.0015,-0.0015,0.0195,1.9
0.599,-0.012,-0.0008,0.0007,-0.1845,1.7
0.6,-0.0105,0.0082,0.0015,-0.2813,1.8
0.601,-0.0068,-0.0098,0.0052,-0.0353,1.8
0.602,-0.0008,-0.042,0.0105,0.1155,2.0
0.603,0.0007,-0.0315,0.0172,0.0195,1.8
0.604,0.0052,-0.0091,0.0202,0.0862,2.0
0.605,0.0067,-0.0008,0.0165,0.1087,1.7
0.606,0.0067,0.0105,0.0172,0.105,1.9
0.607,0.0075,0.006,0.012,0.1537,1.7
0.608,0.006,-0.0023,0.0052,0.0217,1.7
0.609,0.0067,-0.0053,0.0007,-0.1696,1.6
0.61,0.0075,-0.0105,-0.003,-0.21,1.7
0.611,0.0082,-0.0165,-0.0015,0.003,1.7
0.612,0.009,-0.0143,0.0015,0.0052,1.8
0.613,0.0082,-0.0083,-0.0015,0.0375,1.8
0.614,0.0067,-0.0091,-0.003,0.162,1.8
0.615,0.0052,-0.0091,-0.003,0.1035,1.7
0.616,0.0052,-0.0135,-0.0008,0.1815,1.8
0.617,0.0052,-0.0113,0.0015,0.048,1.7
0.618,0.0045,-0.0091,0.0015,-0.1943,1.7
0.619,0.0007,-0.0143,-0.0008,-0.2325,1.4
0.62,-0.003,-0.0098,0.0007,-0.111,1.7
0.621,-0.0053,-0.0128,0.0015,-0.0346,1.5
0.622,-0.0023,-0.0293,0.006,-0.0165,1.6
0.623,0.0007,-0.027,0.0045,0.075,1.5
0.624,0.0007,-0.0181,-0.0023,0.0615,1.5
0.625,0.0015,-0.0195,-0.003,0.1117,1.5
0.626,0.0015,-0.0181,-0.0023,0.1132,1.5
0.627,0.0015,-0.0083,0.003,0.1132,1.5
0.628,0.0015,0.0082,0.006,0.1522,1.4
0.629,0.0045,0.0195,0.0052,0.0525,1.5
0.63,0.006,0.0277,0.0052,-0.0165,1.3
0.631,0.0075,0.0382,0.0007,-0.0368,1.3
0.632,0.0067,0.0412,0.0007,0.0127,1.3
0.633,0.0067,0.0375,0.0007,0.0105,1.3
0.634,0.0052,0.0352,-0.0008,0.0187,1.4
0.635,0.0067,0.036,-0.003,0.0457,1.3
0.636,0.0082,0.0352,-0.003,0.0045,1.5
0.637,0.009,0.0352,-0.003,-0.0135,1.2
0.638,0.0172,0.039,-0.006,-0.0293,1.3
0.639,0.0315,0.0375,-0.0053,0.0292,1.2
0.64,0.0465,0.0232,-0.003,0.0517,1.4
0.641,0.0562,0.0142,-0.0038,0.0345,1.2
0.642,0.0555,0.012,-0.0038,0.069,1.3
0.643,0.048,0.009,-0.0053,0.0555,1.2
0.644,0.0345,0.0157,-0.0068,-0.0953,1.2
0.645,0.0165,0.0195,-0.0023,-0.156,1.3
0.646,0.0015,0.006,-0.0008,0.0075,1.2
0.647,-0.0113,-0.0105,-0.0008,-0.0046,1.3
0.648,-0.0181,-0.0091,-0.0015,-0.1441,1.0
0.649,-0.0218,0.0112,-0.0023,-0.0563,1.2
0.65,-0.0203,0.0202,-0.0046,0.1192,1.3
0.651,-0.0195,0.0165,-0.006,0.078,1.2
0.652,-0.0195,0.0225,-0.0053,-0.0083,1.1
0.653,-0.0203,0.009,-0.0015,0.012,1.2
0.654,-0.0203,-0.0015,0.0,-0.003,1.3
0.655,-0.0203,0.003,0.0022,-0.0113,1.0
0.656,-0.0181,-0.006,0.0067,-0.003,1.3
0.657,-0.0128,-0.0015,0.0127,0.0165,1.2
0.658,-0.0105,-0.0053,0.0067,0.0202,1.4
0.659,-0.0083,-0.0068,0.0045,0.0465,1.1
0.66,-0.0068,-0.0098,0.006,0.039,1.2
0.661,-0.0105,-0.0203,0.0,-0.0143,1.1
0.662,-0.0143,-0.0218,-0.003,0.0037,1.2
0.663,-0.0128,-0.024,-0.006,-0.0165,1.1
0.664,-0.0135,-0.0165,-0.0091,-0.0233,1.1
0.665,-0.015,-0.0143,-0.0075,-0.0203,1.1
0.666,-0.0135,-0.0113,-0.0053,-0.0173,1.1
0.667,-0.0128,-0.0083,-0.0023,0.0007,1.2
0.668,-0.0128,-0.0083,-0.0046,-0.0203,1.2
0.669,-0.0128,-0.0068,-0.0053,-0.033,1.0
0.67,-0.0143,-0.0083,-0.0046,-0.0765,1.2
0.671,-0.0128,-0.0128,-0.003,-0.0885,1.0
0.672,-0.012,-0.012,-0.003,-0.0346,1.3
0.673,-0.0098,-0.0128,-0.003,0.006,1.0
0.674,-0.0075,-0.0165,-0.003,0.0442,1.3
0.675,-0.0046,-0.0083,-0.0008,0.0562,1.1
0.676,0.0,-0.0008,0.0037,-0.0038,1.1
0.677,0.0037,0.0015,0.003,-0.0248,1.1
0.678,0.0082,0.0015,0.0037,-0.0353,0.9
0.679,0.0105,0.0022,0.003,-0.0998,1.2
0.68,0.0142,0.0007,0.0045,-0.0165,1.1
0.681,0.018,-0.0015,0.003,0.114,1.2
0.682,0.0157,-0.0015,0.0,0.1672,1.1
0.683,0.0157,-0.0068,0.0067,0.2347,1.1
0.684,0.018,-0.0091,0.0067,0.0742,1.0
0.685,0.0202,-0.0008,0.006,-0.2821,0.9
0.686,0.0195,0.0165,0.0067,-0.2985,1.0
0.687,0.0187,0.0105,0.0052,-0.0578,1.0
0.688,0.0165,-0.0143,0.0082,-0.057,1.2
0.689,0.0127,-0.0218,0.0075,-0.1208,0.9
0.69,0.0097,-0.0195,0.0045,-0.0225,1.2
0.691,0.009,-0.0091,0.0,0.0217,1.3
0.692,0.0097,-0.0038,-0.003,0.012,1.1
0.693,0.0082,-0.003,-0.0046,0.033,1.1
0.694,0.006,0.0022,-0.0015,0.0225,1.2
0.695,0.0052,0.0045,-0.0008,0.033,1.1
0.696,0.003,0.003,0.0,0.0195,0.9
0.697,0.0007,-0.0015,0.003,0.0195,1.3
0.698,0.0007,-0.0046,0.0015,0.0465,0.9
0.699,-0.0015,-0.0083,-0.0023,0.0277,1.3
0.7,-0.0046,-0.0091,-0.0038,0.0232,1.1
0.701,-0.003,-0.003,-0.0053,0.0277,1.3
0.702,-0.0038,-0.0023,-0.0068,0.078,1.0
0.703,-0.003,-0.0105,-0.0068,0.144,1.3
0.704,0.0,-0.027,-0.0053,0.18,1.3
0.705,0.0045,-0.0353,-0.0046,0.1657,1.2
0.706,0.0112,-0.0338,-0.0038,0.069,1.2
0.707,0.0157,-0.0256,-0.0038,-0.0533,1.3
0.708,0.0165,-0.0046,-0.0046,-0.1665,1.2
0.709,0.018,0.0112,-0.0068,-0.1741,1.2
0.71,0.0195,0.003,-0.0068,-0.1343,1.1
0.711,0.0172,-0.0023,-0.003,-0.192,1.2
0.712,0.0142,-0.012,0.003,-0.1635,1.2
0.713,0.0105,-0.0203,0.0097,-0.1478,1.3
0.714,0.0052,-0.0008,0.0135,-0.1823,1.2
0.715,0.0022,0.0015,0.009,-0.0008,1.4
0.716,0.0015,-0.0023,0.0015,0.042,1.3
0.717,0.0015,-0.003,-0.0015,0.0277,1.4
0.718,0.0022,-0.0038,0.0007,0.0855,1.2
0.719,0.0007,0.0067,0.0007,0.0337,1.4
0.72,0.0022,0.0105,0.0015,0.0652,1.5
0.721,0.0015,0.0165,0.003,0.0555,1.3
0.722,0.0015,0.012,0.0015,0.075,1.5
0.723,0.003,0.006,0.0007,0.0802,1.5
0.724,0.006,0.0067,0.0,0.0435,1.4
0.725,0.0052,0.0052,-0.0015,0.057,1.4
0.726,0.0045,0.0075,-0.0015,0.0435,1.3
0.727,0.0075,0.0075,-0.0023,0.0667,1.3
0.728,0.0067,0.0045,-0.003,0.0435,1.5
0.729,0.0067,0.0045,-0.0008,0.0097,1.5
0.73,0.0082,0.0157,0.003,0.003,1.4
0.731,0.0037,0.0157,0.0037,-0.0233,1.5
0.732,0.0,0.0045,0.0015,-0.0735,1.2
0.733,0.0007,-0.0046,0.0007,-0.075,1.5
0.734,0.0015,-0.0105,-0.0008,0.0255,1.3
0.735,0.0045,-0.0143,-0.0008,0.0735,1.6
0.736,0.0045,-0.012,-0.0015,0.123,1.4
0.737,0.0075,-0.006,0.003,0.2137,1.7
0.738,0.0075,-0.006,0.0045,0.1005,1.3
0.739,0.0037,0.0045,-0.0015,-0.093,1.3
0.74,-0.003,0.021,0.0007,-0.2108,1.4
0.741,-0.0083,0.033,0.0067,-0.1238,1.3
0.742,-0.0105,0.027,0.009,0.0435,1.3
0.743,-0.0105,0.012,0.0082,-0.0691,1.4
0.744,-0.0075,0.0052,0.0037,0.003,1.5
0.745,-0.0046,0.0045,0.0015,0.0562,1.4
0.746,-0.0008,0.015,0.0007,-0.0308,1.5
0.747,-0.0015,0.0082,-0.0023,0.0157,1.7
0.748,-0.0015,-0.0046,0.0007,-0.0765,1.3
0.749,-0.0008,-0.0053,0.0,-0.0885,1.5
0.75,-0.0008,-0.0105,0.0022,-0.0181,1.3
0.751,0.0,-0.0143,0.0067,0.0712,1.6
0.752,0.0007,-0.0173,0.0037,0.0712,1.3
0.753,0.003,-0.0098,0.0007,0.0202,1.5
0.754,0.003,-0.006,-0.0015,0.0502,1.3
0.755,0.006,-0.003,-0.0015,0.0397,1.5
0.756,0.0052,-0.0075,-0.0008,0.033,1.5
0.757,0.0052,-0.0143,-0.0023,-0.0436,1.5
0.758,0.0052,-0.0083,0.0,-0.081,1.4
0.759,0.0037,-0.0068,0.0007,-0.0578,1.3
0.76,0.0022,0.0,0.0015,-0.0293,1.6
0.761,-0.0015,0.0105,-0.0008,-0.0105,1.5
0.762,-0.0068,0.0082,-0.0008,-0.0143,1.5
0.763,-0.0083,0.0052,-0.0015,0.0015,1.5
0.764,-0.0091,0.0037,-0.0023,-0.0135,1.6
0.765,-0.006,-0.0015,-0.003,-0.0053,1.5
0.766,-0.0015,-0.003,-0.0023,0.0067,1.5
0.767,0.0,-0.0038,-0.0023,0.0382,1.7
0.768,-0.0015,-0.0015,-0.003,0.036,1.5
0.769,-0.0015,0.0007,-0.0015,0.0015,1.6
0.77,-0.003,0.0015,0.0015,0.0127,1.5
0.771,-0.0046,0.003,0.0015,-0.0023,1.5
0.772,-0.006,0.0007,0.0015,-0.003,1.6
0.773,-0.0068,0.0007,0.0045,-0.0015,1.5
0.774,-0.0053,0.0015,0.0007,-0.0008,1.5
0.775,-0.0046,0.003,0.0,0.0082,1.6
0.776,0.0022,0.0015,-0.0008,0.0037,1.8
0.777,0.0082,-0.0015,-0.003,0.006,1.7
0.778,0.0082,-0.0053,-0.0046,-0.003,1.6
0.779,0.006,-0.0113,-0.006,-0.0128,1.5
0.78,0.0022,-0.0135,-0.0053,-0.021,1.5
0.781,0.003,-0.0075,-0.0046,-0.0165,1.5
0.782,0.0,0.0015,-0.0015,-0.0181,1.4
0.783,0.0015,0.0052,-0.0015,0.0052,1.7
0.784,0.0022,0.0067,-0.0015,0.0802,1.5
0.785,0.003,-0.003,0.003,0.063,1.6
0.786,0.0052,-0.0098,0.0075,-0.0143,1.3
0.787,0.0067,0.0015,0.009,-0.0413,1.6
0.788,0.0067,0.0052,0.0082,-0.0473,1.5
0.789,0.006,-0.0038,0.0067,0.0157,1.5
0.79,0.012,-0.0091,0.0052,0.0015,1.5
0.791,0.0127,-0.0046,0.0052,-0.0368,1.5
0.792,0.0165,-0.0015,0.0045,0.009,1.8
0.793,0.0225,-0.003,0.0037,-0.0143,1.5
0.794,0.0217,0.0007,0.003,-0.0015,1.7
0.795,0.0202,-0.0008,0.0015,0.0045,1.5
0.796,0.018,-0.0008,-0.0015,-0.0053,1.6
0.797,0.0165,0.0,-0.003,0.0105,1.5
0.798,0.0165,0.0007,-0.003,0.0,1.7
0.799,0.0157,-0.0008,-0.0046,0.009,1.6
0.8,0.0142,-0.0015,-0.003,-0.0008,1.6
0.801,0.0112,0.0007,-0.003,0.0007,1.7
0.802,0.0067,0.0,-0.003,-0.0015,1.7
0.803,0.003,0.0045,-0.0015,-0.0053,1.6
0.804,0.006,0.0067,-0.0046,-0.0023,1.6
0.805,0.0105,0.006,-0.003,-0.0046,1.6
0.806,0.0165,0.003,-0.0008,-0.003,1.8
0.807,0.0112,0.0007,-0.0008,-0.0181,1.5
0.808,0.0052,0.0,0.0015,-0.0173,1.8
0.809,0.0037,0.0007,0.0015,-0.0218,1.6
0.81,-0.0008,0.0022,0.0022,-0.0203,1.9
0.811,0.0015,0.0037,0.003,-0.0015,1.7
0.812,0.0045,0.0015,0.0045,0.0052,1.7
0.813,0.0075,-0.0015,0.0045,0.0105,1.7
0.814,0.0082,0.0007,0.003,0.0075,1.8
0.815,0.0052,0.0,0.0037,0.027,1.8
0.816,0.0022,-0.0105,0.006,0.0442,1.9
0.817,-0.0023,-0.0105,0.0045,0.0105,1.8
0.818,-0.0038,-0.0038,0.0037,-0.0068,1.8
0.819,-0.0075,-0.003,0.0022,-0.0023,1.8
0.82,-0.0105,-0.0015,0.0007,-0.015,1.6
0.821,-0.0113,0.0007,-0.0038,-0.012,1.6
0.822,-0.012,0.0,-0.003,-0.0158,1.8
0.823,-0.0135,-0.0015,0.0,-0.015,1.8
0.824,-0.0128,-0.0008,0.0015,-0.0068,1.8
0.825,-0.0128,0.0015,0.0015,-0.0091,1.8
0.826,-0.0113,0.0007,0.0007,0.0015,1.9
0.827,-0.006,0.0015,0.0007,0.0217,1.8
0.828,-0.0015,-0.0015,0.0,0.0375,1.9
0.829,0.0007,-0.0008,-0.0008,0.0337,1.8
0.83,0.0022,0.0022,-0.0008,0.0165,1.9
0.831,-0.0008,0.0015,-0.0015,-0.0346,1.8
0.832,-0.0068,0.0015,0.0,-0.1215,1.8
0.833,-0.0068,-0.0015,0.0007,-0.0953,1.8
0.834,-0.0091,-0.0098,0.0007,0.06,1.9
0.835,-0.0105,-0.0195,0.0007,0.1252,1.9
0.836,-0.0135,-0.0128,-0.0008,0.1117,1.9
0.837,-0.0165,0.0105,0.0,0.1297,2.0
0.838,-0.015,0.03,0.003,-0.0346,1.8
0.839,-0.0128,0.0292,0.0052,-0.2385,1.8
0.84,-0.0075,0.0202,0.006,-0.198,2.1
0.841,-0.0046,0.0142,0.0052,-0.1155,1.9
0.842,-0.0023,0.0022,0.003,-0.0353,2.2
0.843,-0.0023,-0.0038,0.0015,0.0127,1.9
0.844,-0.0053,-0.006,-0.0046,0.0015,2.1
0.845,-0.0038,-0.0053,-0.0068,0.0015,1.8
0.846,0.0,0.0022,-0.0053,-0.012,2.1
0.847,0.003,0.0045,-0.003,0.0487,1.9
0.848,0.0067,-0.0015,0.0007,0.0855,2.2
0.849,0.0067,-0.0015,-0.0008,0.015,2.1
0.85,0.0052,-0.0015,-0.0046,0.003,2.0
0.851,0.0067,-0.0023,-0.006,0.042,2.2
0.852,0.006,0.0052,-0.003,0.0532,2.2
0.853,0.0037,0.006,0.0,0.042,2.2
0.854,0.0052,0.0007,0.0007,0.0187,2.1
0.855,0.0075,-0.0053,0.0007,0.0127,2.3
0.856,0.0067,-0.0068,0.003,0.009,2.4
0.857,0.0045,-0.006,-0.0008,-0.0008,2.2
0.858,0.0082,-0.0083,-0.0008,-0.0023,2.4
0.859,0.0067,-0.0068,0.0,0.0015,2.1
0.86,0.0052,-0.0068,0.0007,0.0007,2.4
0.861,0.0075,-0.0083,0.0007,0.0052,2.2
0.862,0.0082,-0.0075,-0.0008,0.0277,2.4
0.863,0.009,-0.0053,0.0022,0.0285,2.2
0.864,0.0127,-0.0008,0.0007,0.0165,2.5
0.865,0.018,0.0052,-0.0015,0.0195,2.4
0.866,0.0165,0.0067,-0.0015,-0.0098,2.5
0.867,0.012,0.0007,-0.003,-0.0533,2.3
0.868,0.0067,0.0,0.0,-0.024,2.5
0.869,0.0,0.0015,-0.0015,0.0015,2.6
0.87,-0.0046,0.0,-0.0015,-0.012,2.5
0.871,-0.006,0.0015,0.0007,0.003,2.6
0.872,-0.003,0.0015,0.0007,-0.0023,2.6
0.873,0.0007,0.003,-0.0008,0.0007,2.6
0.874,0.0045,0.0045,0.0,0.003,2.6
0.875,0.006,0.0007,0.0037,-0.003,2.6
0.876,0.003,0.0,0.0015,0.0045,2.7
0.877,-0.0023,-0.0023,-0.0008,-0.003,2.6
0.878,-0.0083,-0.0015,0.0,0.0,2.6
0.879,-0.0165,-0.0015,-0.0008,-0.0068,2.6
0.88,-0.0233,-0.0015,-0.0008,-0.012,2.7
0.881,-0.0256,-0.003,-0.0015,-0.012,2.9
0.882,-0.0256,-0.003,-0.0015,-0.0158,2.7
0.883,-0.0218,-0.0046,0.0007,-0.0143,2.9
0.884,-0.0181,-0.0068,0.0015,-0.0158,2.8
0.885,-0.0158,-0.0046,0.0022,-0.0128,2.8
0.886,-0.0113,-0.0038,0.0015,-0.0143,2.9
0.887,-0.0091,-0.0046,0.0007,-0.0143,2.8
0.888,-0.0075,-0.003,0.0007,-0.0083,3.1
0.889,-0.0091,-0.0023,0.0007,-0.0023,2.9
0.89,-0.0075,-0.0023,0.003,0.0015,3.1
0.891,-0.0046,-0.003,0.0022,0.006,2.8
0.892,-0.0046,0.0,-0.0008,0.0067,3.1
0.893,-0.0046,0.0015,0.0015,0.0067,2.9
0.894,-0.0023,-0.0008,0.0022,0.0097,3.1
0.895,-0.0008,0.0,0.003,0.009,3.1
0.896,-0.0038,0.0007,0.0022,0.0097,3.1
0.897,-0.006,-0.0008,0.0022,0.0097,3.1
0.898,-0.0053,0.0,-0.0008,0.0127,3.1
0.899,-0.0038,0.0007,-0.0023,0.0165,3.3
0.9,0.0015,0.0,-0.0015,0.0217,3.3
0.901,0.003,0.0007,-0.003,0.0232,3.3
0.902,0.0045,0.0,-0.003,0.0232,3.3
0.903,0.0022,-0.0008,-0.0046,0.0277,3.3
0.904,-0.0023,-0.0008,-0.0053,0.0255,3.6
0.905,-0.0008,-0.0008,-0.0046,0.0157,3.5
0.906,-0.0023,-0.0023,-0.003,0.0037,3.8
0.907,-0.0015,-0.0023,-0.003,-0.0083,3.4
0.908,-0.0046,-0.0038,-0.003,-0.0128,3.7
0.909,-0.0053,-0.0046,-0.0008,-0.015,3.6
0.91,-0.0008,-0.0046,-0.003,-0.0181,3.8
0.911,0.0037,-0.0068,-0.003,-0.0218,3.6
0.912,0.0082,-0.006,-0.0023,-0.0218,3.8
0.913,0.0127,-0.006,-0.0008,-0.0181,3.9
0.914,0.012,-0.0068,0.0015,-0.0188,3.9
0.915,0.0045,-0.0068,-0.0015,-0.0233,3.8
0.916,-0.0075,-0.0068,-0.0015,-0.0263,4.0
0.917,-0.0128,-0.0046,-0.003,-0.027,4.1
0.918,-0.0105,-0.0046,-0.0015,-0.0293,4.1
0.919,-0.0083,-0.0038,-0.0008,-0.0293,4.1
0.92,-0.0008,-0.003,0.0015,-0.027,4.1
0.921,0.0015,-0.0046,0.0037,-0.0308,4.1
0.922,0.0007,-0.003,0.0007,-0.033,4.4
0.923,-0.0015,-0.0023,0.0015,-0.0315,4.3
0.924,-0.0046,-0.0015,0.0015,-0.03,4.4
0.925,0.0007,-0.0015,0.003,-0.033,4.3
0.926,0.0045,-0.0008,0.0045,-0.0346,4.6
0.927,0.0067,0.0007,0.003,-0.0293,4.6
0.928,0.009,0.0007,0.0015,-0.0165,4.7
0.929,0.006,-0.0008,0.0007,0.0052,4.8
0.93,0.0045,-0.0008,0.0015,0.0225,4.7
0.931,0.012,0.0007,0.0037,0.039,4.8
0.932,0.018,0.0015,0.0045,0.0487,4.7
0.933,0.021,0.0015,0.003,0.0502,4.9
0.934,0.0277,0.0007,0.0045,0.051,4.9
0.935,0.027,0.0022,0.003,0.0525,4.9
0.936,0.0187,0.0015,0.0015,0.0547,5.3
0.937,0.0165,0.0022,0.0015,0.0525,4.9
0.938,0.018,0.0052,0.0037,0.054,5.3
0.939,0.0225,0.0067,0.0045,0.0502,5.1
0.94,0.0277,0.0082,0.0037,0.0435,5.3
0.941,0.0292,0.0082,0.0037,0.0412,5.3
0.942,0.027,0.0067,0.0037,0.0367,5.4
0.943,0.0225,0.0067,0.0037,0.03,5.5
0.944,0.0202,0.0045,0.0052,0.018,5.5
0.945,0.0195,0.0015,0.0052,0.006,5.8
0.946,0.0165,0.003,0.0045,-0.0008,5.7
0.947,0.0127,0.003,0.003,-0.003,5.8
0.948,0.015,0.0022,0.0045,-0.0075,5.8
0.949,0.015,-0.0008,0.0052,-0.0105,5.9
0.95,0.012,0.0007,0.0045,-0.012,6.0
0.951,0.0097,-0.003,0.0067,-0.0143,6.0
0.952,0.0037,-0.0046,0.006,-0.0143,6.1
0.953,-0.0038,-0.0015,0.0045,-0.0165,6.1
0.954,-0.0083,0.0,0.0045,-0.0218,6.5
0.955,-0.0068,0.0015,0.0007,-0.0218,6.3
0.956,-0.0023,0.0007,0.0015,-0.0188,6.6
0.957,0.0007,0.0015,0.0007,-0.0165,6.4
0.958,0.003,0.0015,-0.0015,-0.0158,6.8
0.959,0.0,0.0015,-0.0008,-0.0165,6.7
0.96,-0.0015,0.0007,0.0007,-0.0165,6.9
0.961,-0.0023,-0.0023,-0.0008,-0.0181,7.0
0.962,-0.0023,-0.003,-0.0015,-0.0203,7.0
0.963,0.0052,-0.003,-0.0015,-0.024,7.2
0.964,0.012,-0.0015,-0.0015,-0.024,7.3
0.965,0.0142,-0.0008,-0.0015,-0.0203,7.3
0.966,0.0157,-0.0015,-0.003,-0.0203,7.6
0.967,0.0172,-0.0015,0.0,-0.0188,7.5
0.968,0.0195,0.0,0.0007,-0.0181,7.8
0.969,0.0202,0.0007,0.0015,-0.0181,7.8
0.97,0.0157,0.0022,0.0045,-0.0165,8.1
0.971,0.012,0.0052,-0.0008,-0.0158,7.8
0.972,0.0067,0.0045,-0.003,-0.0143,8.1
0.973,0.0045,0.0052,-0.0008,-0.012,8.1
0.974,0.0007,0.0045,-0.0015,-0.0105,8.4
0.975,-0.006,0.0045,-0.0015,-0.0091,8.6
0.976,-0.0083,0.0052,-0.0023,-0.0098,8.5
0.977,-0.0083,0.0037,-0.0023,-0.0091,8.9
0.978,-0.0068,0.006,-0.0015,-0.0075,8.6
0.979,-0.0068,0.0075,-0.0015,-0.0053,9.0
0.98,-0.012,0.0067,0.0,-0.0023,9.1
0.981,-0.0188,0.0067,0.0015,0.0015,9.2
0.982,-0.0218,0.0037,0.0015,0.003,9.3
0.983,-0.0218,0.0007,-0.0008,0.0015,9.4
0.984,-0.0248,-0.003,-0.0046,0.0052,9.6
0.985,-0.0293,-0.0083,-0.0046,0.0045,9.5
0.986,-0.0346,-0.0091,-0.0015,0.003,9.9
0.987,-0.0346,-0.0105,0.0007,0.0007,9.9
0.988,-0.0353,-0.0113,-0.0008,-0.0038,10.2
0.989,-0.0353,-0.0083,0.0,-0.006,10.1
0.99,-0.0315,-0.0053,0.0,-0.0075,10.4
0.991,-0.0233,-0.003,-0.0008,-0.0143,10.4
0.992,-0.0173,-0.0046,-0.0015,-0.0195,10.7
0.993,-0.015,-0.0008,-0.003,-0.0203,10.7
0.994,-0.0113,0.0075,-0.0053,-0.0218,10.7
0.995,-0.0053,0.0045,-0.0083,-0.0203,11.0
0.996,-0.0046,0.0007,-0.0128,-0.0188,11.0
0.997,-0.0008,0.0007,-0.0143,-0.0195,11.2
0.998,0.009,-0.0068,-0.0203,-0.0158,11.3
0.999,0.015,-0.006,-0.021,-0.0128,11.5
1.0,0.0247,-0.003,-0.0203,-0.0105,11.8
1.001,0.0307,-0.0008,-0.024,-0.0091,11.7
1.002,0.033,-0.003,-0.0278,-0.0128,12.1
1.003,0.033,-0.0053,-0.0346,-0.0158,12.0
1.004,0.0307,-0.0091,-0.0338,-0.0173,12.4
1.005,0.0277,-0.0128,-0.0308,-0.0181,12.3
1.006,0.018,-0.0105,-0.0293,-0.0181,12.5
1.007,0.0082,-0.0091,-0.0256,-0.0091,12.7
1.008,-0.0008,-0.0113,-0.0218,0.0165,12.9
1.009,-0.0068,-0.012,-0.0165,0.027,13.0
1.01,-0.0091,-0.0068,-0.0135,-0.0098,13.2
1.011,-0.0083,0.0,-0.0083,-0.024,13.5
1.012,-0.0046,0.0037,0.0007,-0.0015,13.5
1.013,0.0007,0.003,0.0082,0.006,13.8
1.014,0.0052,0.0045,0.0082,0.018,13.8
1.015,0.0082,0.0037,0.0135,0.0262,13.9
1.016,0.006,0.003,0.018,0.033,14.3
1.017,0.0052,0.009,0.0165,0.039,14.3
1.018,0.0045,0.0082,0.0195,0.0405,14.6
1.019,0.003,0.0045,0.0202,0.0502,14.5
1.02,0.0015,0.0052,0.021,0.0487,14.8
1.021,-0.0008,0.0052,0.0217,0.0442,15.0
1.022,-0.0008,0.0052,0.024,0.0382,15.1
1.023,-0.0008,0.0052,0.024,0.0352,15.2
1.024,-0.003,0.0112,0.0187,0.0397,15.3
1.025,-0.0083,0.0135,0.0142,0.0502,15.6
1.026,-0.0128,0.0075,0.012,0.0592,15.4
1.027,-0.015,0.0,0.0127,0.0592,15.7
1.028,-0.0113,-0.003,0.012,0.063,15.8
1.029,-0.0053,-0.0023,0.0112,0.0525,16.2
1.03,-0.0053,-0.0008,0.012,0.0382,16.2
1.031,-0.0046,-0.0008,0.0225,0.036,16.3
1.032,-0.0008,-0.0068,0.0292,0.0495,16.5
1.033,0.0052,-0.0046,0.0187,0.0292,16.6
1.034,0.0075,0.012,0.0187,-0.012,16.8
1.035,0.0075,0.0187,0.021,-0.003,16.9
1.036,0.0105,0.0195,0.0232,-0.0008,17.0
1.037,0.0097,0.0105,0.0232,0.0007,17.3
1.038,0.0127,0.003,0.0142,0.003,17.2
1.039,0.0135,0.0007,0.009,0.0037,17.6
1.04,0.012,-0.0098,0.003,0.0217,17.6
1.041,0.0082,-0.0188,-0.0023,0.018,17.9
1.042,0.0045,-0.024,-0.0015,0.0172,17.9
1.043,0.0,-0.027,0.003,0.0142,18.3
1.044,-0.0053,-0.027,0.0075,0.0,18.3
1.045,-0.0091,-0.0203,0.0127,-0.0083,18.4
1.046,-0.0098,-0.0128,0.018,-0.015,18.6
1.047,-0.0083,-0.0075,0.0165,-0.0091,18.7
1.048,-0.006,-0.0008,0.0157,-0.0143,19.0
1.049,-0.0038,0.009,0.009,-0.0181,18.9
1.05,0.0,0.024,0.0007,-0.0098,19.4
1.051,0.0067,0.0367,-0.0053,0.0022,19.3
1.052,0.0097,0.0442,-0.0128,0.0157,19.7
1.053,0.0105,0.0405,-0.0256,0.0195,19.8
1.054,0.0112,0.0315,-0.045,0.018,20.0
1.055,0.0165,0.0292,-0.0615,0.012,20.2
1.056,0.0202,0.024,-0.0706,0.0082,20.2
1.057,0.0217,0.0195,-0.084,-0.0015,20.7
1.058,0.0262,0.015,-0.0893,-0.0181,20.7
1.059,0.0292,0.0112,-0.084,-0.0346,21.1
1.06,0.033,0.012,-0.0743,-0.0518,21.2
1.061,0.0375,0.0052,-0.0593,-0.0653,21.3
1.062,0.039,-0.0075,-0.0361,-0.0803,21.6
1.063,0.0442,-0.0293,-0.0023,-0.0825,21.7
1.064,0.0457,-0.0428,0.0195,-0.078,21.9
1.065,0.0345,-0.045,0.0255,-0.0833,22.2
1.066,0.0232,-0.048,0.0255,-0.075,22.5
1.067,0.0142,-0.0465,0.012,-0.0233,22.7
1.068,0.0052,-0.0533,0.0082,0.0165,22.6
1.069,-0.003,-0.0585,0.0165,-0.039,23.2
1.07,-0.0105,-0.0623,0.0232,-0.0863,23.1
1.071,-0.0158,-0.0645,0.0217,-0.0833,23.6
1.072,-0.024,-0.0668,0.0105,-0.1021,23.5
1.073,-0.0368,-0.0818,0.006,-0.1028,24.0
1.074,-0.045,-0.0878,-0.0008,-0.0968,24.2
1.075,-0.0511,-0.0735,-0.003,-0.084,24.4
1.076,-0.0563,-0.0518,0.0045,-0.054,24.6
1.077,-0.0645,-0.0315,0.015,-0.0083,24.8
1.078,-0.0728,-0.0218,0.0217,0.033,25.2
1.079,-0.0773,-0.0128,0.0225,0.0075,25.3
1.08,-0.084,0.009,0.0255,-0.0195,25.7
1.081,-0.0856,0.0277,0.0277,-0.0173,25.9
1.082,-0.0721,0.0382,0.0307,-0.0098,26.1
1.083,-0.0615,0.045,0.0345,0.0082,26.4
1.084,-0.054,0.0405,0.036,0.0045,26.5
1.085,-0.0533,0.0352,0.0345,0.0082,26.9
1.086,-0.054,0.0375,0.0307,0.0165,27.0
1.087,-0.0458,0.0382,0.0277,0.0225,27.5
1.088,-0.0293,0.0397,0.0262,0.048,27.4
1.089,0.0112,0.0412,0.027,0.06,27.9
1.09,0.069,0.0367,0.0262,0.0607,27.9
1.091,0.1162,0.0315,0.0247,0.0555,28.3
1.092,0.129,0.0307,0.021,0.0442,28.4
1.093,0.1155,0.0352,0.0127,0.0367,28.7
1.094,0.0892,0.0352,0.0082,0.0375,29.0
1.095,0.0712,0.0352,0.0,0.0345,29.1
1.096,0.0742,0.0352,-0.003,0.033,29.5
1.097,0.0892,0.03,-0.0023,0.0375,29.5
1.098,0.1065,0.0255,0.0007,0.0375,29.9
1.099,0.1072,0.0217,0.0015,0.0382,30.1
1.1,0.1095,0.0202,-0.0038,0.033,30.3
1.101,0.1102,0.018,-0.0023,0.03,30.7
1.102,0.0937,0.0135,0.003,0.033,30.8
1.103,0.0802,0.0105,0.009,0.0352,31.1
1.104,0.0472,0.0112,0.0165,0.0352,31.2
1.105,-0.0053,0.0105,0.0225,0.0277,31.6
1.106,-0.0495,0.0067,0.0292,0.0202,31.8
1.107,-0.078,0.003,0.033,0.0187,32.2
1.108,-0.0856,-0.0023,0.036,0.0217,32.2
1.109,-0.0615,-0.0091,0.0367,0.0202,32.4
1.11,-0.0278,-0.0105,0.036,0.018,32.7
1.111,-0.003,-0.0083,0.0345,0.0202,32.9
1.112,0.012,-0.0091,0.0322,0.0255,33.2
1.113,0.0292,-0.0105,0.0315,0.0637,33.3
1.114,0.0457,-0.015,0.0277,0.0975,33.5
1.115,0.0435,-0.0165,0.0255,0.0622,33.8
1.116,0.0457,-0.0158,0.0217,0.024,33.7
1.117,0.0495,-0.0143,0.0202,0.0285,33.5
1.118,0.042,-0.0128,0.0187,0.018,33.3
1.119,0.0405,-0.015,0.0165,0.009,33.6
1.12,0.042,-0.0181,0.0165,0.0022,34.2
1.121,0.0352,-0.0128,0.009,-0.0113,35.0
1.122,0.0322,-0.0098,-0.0068,-0.015,35.3
1.123,0.033,-0.0098,-0.027,-0.0158,35.5
1.124,0.0292,-0.0053,-0.048,-0.0098,35.4
1.125,0.0232,-0.0046,-0.0691,-0.0083,35.5
1.126,0.027,-0.0015,-0.0945,-0.006,35.5
1.127,0.0255,-0.0008,-0.1148,-0.0046,35.6
1.128,0.015,0.0007,-0.1155,-0.0083,35.8
1.129,0.0105,0.003,-0.1073,-0.0083,36.0
1.13,-0.0091,-0.0008,-0.0878,-0.0091,36.2
1.131,-0.024,-0.0046,-0.0638,-0.0105,36.5
1.132,-0.0338,-0.0038,-0.0525,-0.0165,36.5
1.133,-0.0511,0.0,-0.0346,-0.0158,36.9
1.134,-0.0608,0.003,0.003,-0.0218,36.9
1.135,-0.0728,0.0015,0.0307,-0.027,37.3
1.136,-0.084,0.0007,0.0435,-0.024,37.1
1.137,-0.0795,0.003,0.0562,-0.0278,37.6
1.138,-0.0706,0.003,0.0622,-0.027,37.6
1.139,-0.0623,0.0045,0.06,-0.0225,38.0
1.14,-0.0638,0.0045,0.0577,-0.0143,38.0
1.141,-0.0713,0.0,0.0577,-0.0098,38.2
1.142,-0.0765,-0.0023,0.0555,-0.0113,38.2
1.143,-0.084,-0.0083,0.0465,-0.0143,38.5
1.144,-0.0953,-0.0098,0.0352,-0.0218,38.6
1.145,-0.1028,-0.0105,0.0232,-0.0293,38.7
1.146,-0.1095,-0.0068,0.012,-0.0398,39.0
1.147,-0.126,-0.0023,0.0007,-0.0458,39.2
1.148,-0.1253,-0.006,-0.0098,-0.042,39.3
1.149,-0.12,-0.003,-0.0181,-0.0346,39.8
1.15,-0.1065,-0.0023,-0.0293,-0.0346,40.0
1.151,-0.0968,0.0,-0.0398,-0.0353,40.2
1.152,-0.1013,0.003,-0.0465,-0.0285,40.5
1.153,-0.0788,0.0037,-0.0518,-0.0293,40.7
1.154,-0.0533,0.003,-0.0533,-0.0293,40.9
1.155,-0.0405,0.0022,-0.0533,-0.027,41.1
1.156,-0.0233,0.0075,-0.054,-0.024,41.5
1.157,0.0,0.006,-0.0533,-0.0195,41.5
1.158,0.009,0.0022,-0.054,-0.0203,41.9
1.159,0.0157,0.0007,-0.0503,-0.0188,42.2
1.16,0.0217,0.0,-0.0458,-0.0203,42.3
1.161,0.0412,0.003,-0.045,-0.024,42.9
1.162,0.0532,0.003,-0.045,-0.0233,42.7
1.163,0.057,0.006,-0.0413,-0.0263,43.2
1.164,0.0742,0.0082,-0.039,-0.0233,43.2
1.165,0.0802,0.0082,-0.0383,-0.0158,43.9
1.166,0.0862,0.0075,-0.0346,-0.0068,43.9
1.167,0.0772,0.0045,-0.0323,0.003,44.2
1.168,0.084,0.0045,-0.0308,0.0112,44.4
1.169,0.0892,0.0015,-0.027,0.0195,44.7
1.17,0.072,0.0007,-0.0256,0.024,45.0
1.171,0.0667,0.0007,-0.0233,0.0277,45.1
1.172,0.0637,-0.0008,-0.0195,0.0322,45.3
1.173,0.0517,-0.003,-0.0143,0.0375,45.5
1.174,0.0255,-0.0038,-0.0083,0.0427,45.7
1.175,0.0172,-0.0053,-0.003,0.042,46.3
1.176,0.0142,-0.0053,0.0022,0.0397,46.2
1.177,0.0037,-0.0053,0.0075,0.0405,46.7
1.178,-0.0038,-0.0053,0.0142,0.0435,46.5
1.179,-0.0023,-0.0075,0.0232,0.0457,47.1
1.18,0.006,-0.0091,0.0315,0.045,47.0
1.181,-0.0008,-0.0083,0.036,0.048,47.6
1.182,-0.0091,-0.006,0.039,0.0525,47.6
1.183,-0.003,-0.0075,0.042,0.0547,47.9
1.184,0.006,-0.0083,0.0427,0.057,48.0
1.185,0.0127,-0.0068,0.0405,0.0502,48.3
1.186,0.018,-0.0068,0.0397,0.0315,48.5
1.187,0.0165,-0.0068,0.0442,0.0082,48.5
1.188,0.0045,-0.0068,0.0502,-0.0083,48.6
1.189,-0.0015,-0.0053,0.0532,-0.027,49.0
1.19,0.0045,-0.003,0.0577,-0.066,49.3
1.191,0.0067,-0.0008,0.0592,-0.0691,49.4
1.192,0.0015,0.0015,0.06,-0.0233,49.5
1.193,0.0127,0.003,0.063,-0.0008,49.9
1.194,0.0232,0.0045,0.0637,0.0037,49.8
1.195,0.024,0.0045,0.0637,-0.0046,50.3
1.196,0.0255,0.003,0.06,-0.0181,50.4
1.197,0.0202,0.0,0.0585,-0.0143,50.6
1.198,0.018,-0.0038,0.0637,-0.0195,50.7
1.199,0.0172,-0.0053,0.0645,-0.0083,50.9
1.2,0.0157,-0.0068,0.0555,0.012,51.2
1.201,0.0195,-0.0068,0.036,0.0195,51.1
1.202,0.0315,-0.0053,0.018,0.027,51.5
1.203,0.0277,-0.003,0.0105,0.0352,51.5
1.204,0.0105,-0.0008,0.0135,0.039,51.7
1.205,0.0052,0.0015,0.0135,0.0315,51.9
1.206,0.0097,0.0022,0.0097,0.0307,52.2
1.207,0.0127,0.0015,0.0075,0.024,52.5
1.208,0.0112,0.0015,0.0045,0.0015,52.3
1.209,0.0082,0.0007,-0.0053,-0.0188,52.6
1.21,0.0,0.003,-0.0128,-0.0518,52.5
1.211,-0.0075,0.0045,-0.0173,-0.0721,52.9
1.212,-0.012,0.0052,-0.0203,-0.0788,52.8
1.213,-0.012,0.0052,-0.0195,-0.1065,53.1
1.214,-0.0083,0.0052,-0.0188,-0.1508,53.2
1.215,-0.0053,0.0045,-0.0195,-0.1726,53.4
1.216,-0.0105,0.0045,-0.0181,-0.135,53.4
1.217,-0.0098,0.0022,-0.0181,-0.114,53.5
1.218,-0.003,0.0007,-0.0158,-0.114,53.7
1.219,0.003,0.0,-0.0165,-0.0615,53.7
1.22,-0.0008,0.0015,-0.0195,-0.0203,54.0
1.221,-0.0128,0.0045,-0.0173,-0.0046,54.0
1.222,-0.0218,0.0045,-0.0173,0.021,54.4
1.223,-0.027,0.0052,-0.021,0.0555,54.4
1.224,-0.0218,0.006,-0.0195,0.0765,54.3
1.225,-0.0128,0.0037,-0.0181,0.084,54.6
1.226,0.0045,0.0022,-0.0165,0.093,54.4
1.227,0.0127,0.0015,-0.0181,0.0765,54.9
1.228,0.006,0.0007,-0.0158,0.042,54.6
1.229,0.0037,0.0,-0.0181,-0.0068,54.9
1.23,0.0007,-0.0015,-0.021,-0.048,55.0
1.231,0.006,-0.003,-0.0195,-0.0608,55.1
1.232,0.0202,-0.0038,-0.0158,-0.0593,55.3
1.233,0.0187,-0.0046,-0.0143,-0.0518,55.2
1.234,0.0232,-0.003,-0.012,-0.0473,55.4
1.235,0.018,-0.0015,-0.0091,-0.0458,55.3
1.236,0.0045,-0.0046,-0.0068,-0.0608,55.4
1.237,-0.0008,-0.0053,-0.0053,-0.0803,55.6
1.238,-0.0263,-0.0023,-0.006,-0.0983,55.7
1.239,-0.0518,-0.0046,-0.0091,-0.108,55.9
1.24,-0.0848,-0.003,-0.0105,-0.1095,55.9
1.241,-0.1006,-0.0038,-0.003,-0.1178,56.2
1.242,-0.0788,-0.003,0.0067,-0.1133,56.2
1.243,-0.054,0.0007,0.009,-0.0975,56.5
1.244,-0.0398,0.0015,0.0022,-0.0706,56.4
1.245,-0.0285,0.003,-0.0158,-0.0405,56.5
1.246,-0.0173,0.0037,-0.0436,-0.0181,56.7
1.247,0.0045,0.0037,-0.0691,0.0045,56.6
1.248,0.0397,0.003,-0.0856,0.0232,56.9
1.249,0.0712,0.0015,-0.0953,0.042,56.7
1.25,0.0937,-0.0023,-0.093,0.0502,57.2
1.251,0.1042,-0.0046,-0.0773,0.0607,57.1
1.252,0.1042,-0.0053,-0.0383,0.0727,57.3
1.253,0.1005,-0.0053,0.0457,0.0832,57.3
1.254,0.1005,-0.006,0.195,0.0877,57.4
1.255,0.0952,-0.0068,0.3622,0.0885,57.4
1.256,0.09,-0.0053,0.4845,0.0877,57.4
1.257,0.0945,-0.0068,0.5392,0.0862,57.6
1.258,0.084,-0.0046,0.516,0.0855,57.6
1.259,0.0652,-0.0046,0.4545,0.0862,57.8
1.26,0.0517,-0.0046,0.3525,0.09,57.6
1.261,0.0367,-0.0015,0.2272,0.0922,57.7
1.262,0.0195,0.0007,0.12,0.0952,57.6
1.263,0.0015,0.0015,0.018,0.0975,57.8
1.264,-0.0181,0.003,-0.057,0.0945,57.7
1.265,-0.0293,0.0037,-0.1155,0.0922,57.6
1.266,-0.0083,0.003,-0.1665,0.0877,57.9
1.267,0.0405,0.0052,-0.2026,0.0832,57.6
1.268,0.0892,0.006,-0.2265,0.0772,57.7
1.269,0.1155,0.0067,-0.2393,0.0712,57.7
1.27,0.123,0.0052,-0.246,0.063,57.6
1.271,0.1312,0.0045,-0.252,0.0562,57.9
1.272,0.126,0.0052,-0.2618,0.0532,57.5
1.273,0.0975,0.0045,-0.27,0.048,57.8
1.274,0.0607,0.0037,-0.2685,0.045,57.5
1.275,0.0277,0.0037,-0.249,0.042,57.7
1.276,0.0052,0.003,-0.2145,0.039,57.7
1.277,-0.0195,0.003,-0.1778,0.0367,57.8
1.278,-0.0398,0.0015,-0.1403,0.0292,57.6
1.279,-0.0458,0.003,-0.1035,0.0255,57.6
1.28,-0.0511,0.003,-0.0735,0.0202,57.8
1.281,-0.054,0.003,-0.0503,0.0165,57.6
1.282,-0.0443,0.003,-0.0383,0.0142,57.6
1.283,-0.0368,0.0015,-0.0368,0.0142,57.6
1.284,-0.0315,0.0007,-0.0458,0.0157,57.6
1.285,-0.012,-0.0015,-0.0675,0.018,57.6
1.286,0.0157,-0.003,-0.099,0.0165,57.7
1.287,0.0472,-0.0038,-0.1305,0.0112,57.7
1.288,0.0712,-0.0038,-0.1635,0.0052,57.7
1.289,0.0825,-0.003,-0.189,0.0,57.8
1.29,0.0997,-0.003,-0.1935,-0.003,57.6
1.291,0.105,-0.0046,-0.177,-0.0046,57.7
1.292,0.0915,-0.0015,-0.1411,-0.0015,57.6
1.293,0.0607,0.0007,-0.0975,-0.0015,57.8
1.294,0.0232,0.0007,-0.0533,-0.003,57.8
1.295,0.0135,0.0007,-0.012,-0.0046,57.7
1.296,0.018,0.0007,0.0247,-0.006,58.0
1.297,0.0045,0.0,0.0457,-0.0008,57.9
1.298,-0.0143,-0.0015,0.0532,0.0007,58.1
1.299,-0.0218,-0.0015,0.057,-0.0113,58.0
1.3,-0.024,-0.003,0.0555,-0.033,58.0
1.301,-0.033,-0.003,0.0562,-0.033,58.0
1.302,-0.0495,-0.0046,0.0502,-0.0293,57.9
1.303,-0.0555,-0.0046,0.0465,-0.0615,57.9
1.304,-0.0443,-0.0015,0.0495,-0.0735,58.0
1.305,-0.0233,0.0007,0.0465,-0.0428,58.0
1.306,-0.0143,-0.0008,0.0517,-0.0256,57.8
1.307,-0.0361,-0.0046,0.0592,-0.0233,58.0
1.308,-0.063,-0.0083,0.066,-0.0083,57.9
1.309,-0.0706,-0.0105,0.0697,0.0022,57.8
1.31,-0.0743,-0.0181,0.0697,0.033,58.0
1.311,-0.1013,-0.0188,0.0705,0.0405,57.6
1.312,-0.1185,-0.0158,0.069,0.0127,57.9
1.313,-0.1448,-0.015,0.0667,0.006,57.6
1.314,-0.1538,-0.0128,0.063,-0.003,57.8
1.315,-0.1523,-0.0105,0.057,-0.0083,57.6
1.316,-0.1628,-0.0105,0.0502,-0.0113,57.5
1.317,-0.1305,-0.0113,0.0442,-0.0181,57.6
1.318,-0.1013,-0.0128,0.0412,-0.0233,57.3
1.319,-0.0878,-0.012,0.0382,-0.0368,57.2
1.32,-0.066,-0.0098,0.0367,-0.0458,57.3
1.321,-0.054,-0.0083,0.0367,-0.0555,57.3
1.322,-0.045,-0.0075,0.0442,-0.0623,57.2
1.323,-0.0353,-0.0046,0.048,-0.0668,57.1
1.324,-0.0346,-0.0023,0.0502,-0.066,57.0
1.325,-0.0195,-0.0008,0.0532,-0.0638,57.0
1.326,0.0007,0.0007,0.0517,-0.0645,56.9
1.327,-0.0015,0.0007,0.0487,-0.066,56.6
1.328,-0.0188,0.0015,0.0435,-0.0728,56.7
1.329,-0.048,0.0015,0.039,-0.0743,56.5
1.33,-0.0443,0.0015,0.0352,-0.0728,56.5
1.331,-0.0278,-0.0008,0.0307,-0.075,56.3
1.332,-0.042,0.0,0.0262,-0.0698,56.2
1.333,-0.0533,0.003,0.0202,-0.0608,56.1
1.334,-0.0698,0.003,0.018,-0.0548,56.1
1.335,-0.078,0.0,0.0165,-0.0473,56.0
1.336,-0.0915,0.0007,0.015,-0.0443,55.8
1.337,-0.0953,-0.0015,0.0082,-0.0405,55.7
1.338,-0.0818,-0.0038,-0.0023,-0.0308,55.7
1.339,-0.0533,-0.0015,-0.0083,-0.0203,55.4
1.34,-0.0143,-0.0015,-0.0105,-0.0113,55.3
1.341,0.0105,-0.0015,-0.0098,-0.0053,55.2
1.342,0.0532,0.0007,-0.0038,0.0,55.2
1.343,0.1057,0.0,0.0045,0.0045,54.9
1.344,0.141,-0.0015,0.0142,0.009,55.0
1.345,0.1432,-0.0023,0.024,0.0157,54.8
1.346,0.1395,0.0007,0.0307,0.0187,54.8
1.347,0.123,0.0037,0.0345,0.0225,54.6
1.348,0.084,0.006,0.0315,0.0247,54.5
1.349,0.0495,0.0082,0.0352,0.0255,54.4
1.35,0.0195,0.0105,0.039,0.0307,54.3
1.351,0.009,0.0157,0.0382,0.0345,54.0
1.352,0.0097,0.0165,0.039,0.0382,54.0
1.353,0.0142,0.018,0.0367,0.0442,53.9
1.354,0.0195,0.0195,0.033,0.0495,53.8
1.355,0.0045,0.0195,0.0307,0.0517,53.5
1.356,-0.0203,0.0202,0.0307,0.0465,53.6
1.357,-0.0465,0.0195,0.0292,0.0367,53.3
1.358,-0.0668,0.0195,0.0262,0.024,53.3
1.359,-0.0878,0.018,0.027,0.0157,53.1
1.36,-0.108,0.0157,0.0262,0.012,53.1
1.361,-0.153,0.0127,0.0225,0.0105,52.9
1.362,-0.2026,0.0112,0.0142,0.0105,52.6
1.363,-0.1995,0.0097,0.0045,0.0082,52.6
1.364,-0.1785,0.009,-0.0068,0.0075,52.4
1.365,-0.156,0.0097,-0.0195,0.0082,52.2
1.366,-0.1298,0.0112,-0.0285,0.0105,52.1
1.367,-0.1178,0.0105,-0.0308,0.0105,51.9
1.368,-0.1028,0.0097,-0.027,0.0067,51.7
1.369,-0.0856,0.0082,-0.021,0.0015,51.7
1.37,-0.0653,0.0067,-0.0165,0.0007,51.7
1.371,-0.0533,0.0045,-0.0173,0.0007,51.3
1.372,-0.048,0.0015,-0.0218,0.0,51.3
1.373,-0.033,-0.0015,-0.027,0.0007,51.0
1.374,-0.0008,-0.0068,-0.0338,-0.0008,51.1
1.375,0.0322,-0.0128,-0.0413,-0.0008,50.7
1.376,0.0532,-0.0165,-0.0458,0.0015,50.6
1.377,0.0787,-0.0203,-0.0465,-0.0008,50.3
1.378,0.12,-0.021,-0.0413,-0.0008,50.3
1.379,0.1545,-0.0203,-0.0346,0.0,50.2
1.38,0.1672,-0.021,-0.027,-0.003,49.9
1.381,0.171,-0.0203,-0.0218,-0.0053,49.7
1.382,0.1665,-0.0188,-0.0143,-0.0083,49.6
1.383,0.1597,-0.0181,-0.0098,-0.0091,49.4
1.384,0.147,-0.0158,-0.0105,-0.0098,49.4
1.385,0.129,-0.015,-0.0091,-0.0091,48.9
1.386,0.1012,-0.0158,-0.0098,0.0015,49.1
1.387,0.0885,-0.0143,-0.0075,0.0255,48.5
1.388,0.1005,-0.0143,-0.003,0.0262,48.8
1.389,0.099,-0.0105,-0.003,0.0105,48.5
1.39,0.087,-0.0075,-0.0015,0.012,48.4
1.391,0.0742,-0.0046,-0.003,0.0052,48.0
1.392,0.075,-0.003,-0.0083,0.0052,47.9
1.393,0.0825,-0.0015,-0.0128,0.0112,47.7
1.394,0.0817,0.0007,-0.0128,0.0022,47.6
1.395,0.0607,-0.003,-0.0158,-0.0038,47.7
1.396,0.0442,-0.0038,-0.0158,0.0007,47.2
1.397,0.0577,-0.0038,-0.0143,0.0052,47.1
1.398,0.0765,-0.0023,-0.0105,-0.0038,46.8
1.399,0.0855,-0.0046,-0.0083,-0.0015,46.5
1.4,0.0682,-0.0083,-0.0083,0.0015,46.6
1.401,0.0382,-0.0098,-0.0046,0.0,46.2
1.402,0.03,-0.0113,0.003,0.0015,46.3
1.403,0.0195,-0.0091,0.0075,-0.003,45.7
1.404,-0.0015,-0.0091,0.0082,-0.003,45.9
1.405,0.0015,-0.0075,0.0082,-0.0053,45.4
1.406,0.0022,-0.0068,0.009,-0.0068,45.4
1.407,-0.003,-0.0023,0.0105,-0.0091,45.0
1.408,-0.0008,0.006,0.0112,-0.0195,45.0
1.409,0.0022,0.0112,0.0142,-0.0248,44.8
1.41,0.0127,0.009,0.0135,-0.0315,44.6
1.411,0.018,-0.0015,0.0135,-0.033,44.5
1.412,0.0255,-0.0046,0.0142,-0.0218,44.4
1.413,0.0315,-0.0068,0.0127,0.0097,43.9
1.414,0.0367,-0.0128,0.0127,0.0472,44.0
1.415,0.0405,-0.0008,0.0127,0.0742,43.6
1.416,0.0457,0.0142,0.0142,0.081,43.5
1.417,0.0472,0.0187,0.0112,0.0555,43.1
1.418,0.0345,0.0157,0.0067,0.0352,43.1
1.419,0.0277,0.0127,0.006,0.018,42.8
1.42,0.018,0.0052,0.0052,0.0187,42.8
1.421,0.0037,-0.0046,0.003,0.0345,42.4
1.422,-0.0053,-0.0008,0.0022,-0.033,42.3
1.423,-0.0135,0.0045,0.0022,-0.0938,42.1
1.424,-0.0143,0.0015,0.003,-0.0218,41.8
1.425,-0.0225,-0.003,0.003,0.0082,41.8
1.426,-0.0308,-0.0015,0.0015,-0.1155,41.4
1.427,-0.033,0.0,0.0015,-0.1815,41.4
1.428,-0.033,-0.0015,0.0052,-0.0975,41.0
1.429,-0.0218,0.0082,0.0045,0.0307,41.0
1.43,-0.0098,0.0412,0.009,0.1275,40.7
1.431,0.0007,0.051,0.0142,0.0802,40.4
1.432,0.006,0.0135,0.0165,-0.0068,40.3
1.433,0.0112,0.0007,0.0172,0.0202,40.0
1.434,0.0247,0.003,0.0127,0.0007,40.1
1.435,0.0375,-0.0038,0.0112,0.0015,39.5
1.436,0.0525,0.0,0.0112,0.0082,39.6
1.437,0.0705,-0.0053,0.0067,-0.0173,39.2
1.438,0.084,0.0007,0.006,0.0045,39.1
1.439,0.0787,0.0037,0.006,-0.0038,38.8
1.44,0.0742,0.03,0.0067,-0.003,38.6
1.441,0.0645,0.0697,0.0075,-0.0225,38.5
1.442,0.0345,0.0345,0.0045,-0.0181,38.1
1.443,0.0045,-0.0046,0.0052,-0.0091,38.2
1.444,-0.0263,-0.0128,0.0037,-0.042,37.8
1.445,-0.0495,-0.0256,0.0037,-0.0165,37.6
1.446,-0.063,-0.0323,0.0052,0.003,37.4
1.447,-0.0758,-0.0398,0.0045,0.003,37.2
1.448,-0.0825,-0.033,0.0045,0.009,37.1
1.449,-0.0975,-0.0098,-0.0008,0.003,36.8
1.45,-0.1065,0.0045,-0.0046,0.0067,36.5
1.451,-0.1155,-0.003,-0.003,0.0157,36.3
1.452,-0.1125,-0.0068,-0.0046,0.0277,36.3
1.453,-0.0953,-0.0083,-0.003,0.0405,35.9
1.454,-0.0863,-0.0046,-0.0023,0.0675,35.8
1.455,-0.075,0.0022,-0.0023,0.09,35.3
1.456,-0.0623,0.0045,-0.003,0.0315,35.2
1.457,-0.0525,0.0105,-0.0015,-0.1088,35.0
1.458,-0.0413,-0.0053,0.0015,-0.1163,34.6
1.459,-0.0346,-0.024,0.0015,0.0052,34.5
1.46,-0.024,-0.0135,0.0,-0.0706,34.2
1.461,-0.0165,0.003,-0.0015,-0.0668,33.9
1.462,-0.012,0.009,0.0007,0.0705,33.8
1.463,-0.0053,0.0082,0.0015,-0.1733,33.5
1.464,0.0037,-0.0046,0.0007,-0.2821,33.3
1.465,0.0112,-0.0308,0.0007,-0.0143,33.1
1.466,0.0172,-0.042,0.0007,0.024,33.0
1.467,0.0217,-0.0361,0.0015,0.1837,32.6
1.468,0.0232,-0.0233,0.0,0.2445,32.5
1.469,0.027,0.033,-0.0015,-0.1088,32.0
1.47,0.0315,0.0555,0.0,-0.108,31.9
1.471,0.0375,0.006,0.0015,0.078,31.9
1.472,0.0442,-0.0158,0.003,0.2085,31.3
1.473,0.0525,-0.0091,0.0,0.1402,31.3
1.474,0.057,0.003,-0.0068,-0.0091,30.8
1.475,0.0555,0.0105,-0.0068,0.066,30.9
1.476,0.051,-0.0008,-0.0046,0.0045,30.3
1.477,0.0457,-0.0143,-0.0091,0.0255,30.1
1.478,0.0375,-0.0218,-0.0105,0.0292,30.1
1.479,0.027,-0.0091,-0.0113,-0.0248,29.7
1.48,0.018,-0.0023,-0.0143,0.0097,29.6
1.481,0.0165,-0.0053,-0.0165,-0.0158,29.2
1.482,0.0202,0.0022,-0.0195,0.045,29.1
1.483,0.0202,0.0045,-0.0218,0.018,28.8
1.484,0.0202,0.0067,-0.024,-0.0525,28.5
1.485,0.0247,0.0052,-0.0248,-0.0195,28.3
1.486,0.0262,0.0045,-0.0233,0.0052,28.1
1.487,0.0262,0.0,-0.0203,0.006,27.9
1.488,0.0217,-0.0068,-0.0165,0.0105,27.5
1.489,0.018,-0.0053,-0.015,-0.0008,27.6
1.49,0.0127,-0.0015,-0.0105,-0.0158,27.0
1.491,0.0007,0.0052,-0.0068,-0.027,27.0
1.492,-0.0143,0.009,-0.006,-0.0938,26.6
1.493,-0.0233,0.0082,-0.003,-0.1163,26.5
1.494,-0.0278,-0.006,0.0,-0.0203,26.4
1.495,-0.0315,-0.0113,0.0015,0.063,26.2
1.496,-0.0293,-0.0068,0.0022,0.0742,26.1
1.497,-0.0308,-0.0053,0.0015,0.0345,25.7
1.498,-0.0308,-0.0053,0.0045,0.0067,25.7
1.499,-0.03,-0.012,0.0052,0.0112,25.4
1.5,-0.027,-0.0128,0.003,-0.0608,25.1
1.501,-0.0173,-0.0046,-0.0008,-0.1148,24.9
1.502,-0.012,0.0157,0.0007,-0.081,24.9
1.503,-0.0083,0.048,0.0007,-0.0578,24.7
1.504,-0.0053,0.078,0.0,-0.0721,24.3
1.505,0.0015,0.0877,0.0022,-0.0638,24.3
1.506,0.0045,0.0675,0.0,0.0292,23.9
1.507,0.012,0.018,0.0015,0.1095,24.0
1.508,0.0202,-0.0233,0.0022,0.0727,23.6
1.509,0.0165,-0.0353,0.0022,0.0202,23.5
1.51,0.012,-0.0308,0.0052,0.0322,23.3
1.511,0.0015,-0.0128,-0.0008,0.0135,23.0
1.512,-0.012,-0.012,-0.0053,0.0045,22.9
1.513,-0.021,-0.0256,-0.0046,-0.0668,22.5
1.514,-0.024,-0.0368,-0.0023,-0.1365,22.4
1.515,-0.0293,-0.0225,0.0007,-0.0436,22.1
1.516,-0.0361,-0.0023,0.0037,-0.0195,22.0
1.517,-0.0428,-0.0046,0.0097,-0.0015,21.8
1.518,-0.039,0.0067,0.015,0.042,21.5
1.519,-0.0361,0.0247,0.0157,0.0292,21.5
1.52,-0.0346,0.0367,0.0142,0.0465,21.0
1.521,-0.0315,0.0232,0.0052,0.0037,21.0
1.522,-0.024,-0.0075,-0.0113,-0.0465,20.6
1.523,-0.0083,-0.0105,-0.0248,-0.0953,20.4
1.524,0.0127,-0.0075,-0.0368,-0.0743,20.2
1.525,0.0195,-0.0181,-0.048,0.0262,19.9
1.526,0.0075,-0.0015,-0.0511,0.0052,19.6
1.527,-0.0105,0.009,-0.0465,-0.0233,19.3
1.528,-0.0173,-0.0098,-0.0428,-0.0158,19.1
1.529,-0.0128,-0.0105,-0.0383,0.0255,18.9
1.53,-0.0143,0.0232,-0.0293,0.0637,18.8
1.531,-0.0195,0.0757,-0.0285,0.003,18.4
1.532,-0.027,0.0862,-0.0256,0.0157,18.1
1.533,-0.0315,0.0825,-0.0195,0.0352,18.1
1.534,-0.033,0.0862,-0.0165,0.039,17.6
1.535,-0.0353,0.0232,-0.0158,0.063,17.8
1.536,-0.0308,-0.0413,-0.0128,0.0427,17.3
1.537,-0.0315,-0.0593,-0.012,0.036,17.5
1.538,-0.0323,-0.0668,-0.0128,-0.0091,17.0
1.539,-0.027,-0.0675,-0.012,-0.0593,17.1
1.54,-0.0105,-0.0555,-0.0053,-0.0181,16.7
1.541,0.0007,-0.0338,0.0,0.057,16.6
1.542,0.0067,-0.0323,0.0015,0.063,16.5
1.543,0.0187,-0.0555,0.003,0.078,16.4
1.544,0.024,-0.0713,0.003,0.0765,16.2
1.545,0.0232,-0.0638,0.006,-0.0878,16.1
1.546,0.0232,-0.039,0.009,-0.1928,15.9
1.547,0.0127,0.015,0.009,-0.0645,15.9
1.548,-0.0008,0.0502,0.0052,-0.0046,15.7
1.549,-0.0046,0.0472,0.0015,-0.012,15.6
1.55,0.0007,0.045,0.0082,0.0472,15.5
1.551,0.0052,0.021,0.012,0.0255,15.5
1.552,0.0067,-0.0008,0.012,0.0195,15.1
1.553,0.015,-0.0091,0.0112,0.0127,15.2
1.554,0.0172,-0.0278,0.012,0.0045,15.0
1.555,0.0127,-0.0398,0.0142,0.0345,14.8
1.556,0.0142,-0.027,0.018,0.0397,14.8
1.557,0.0187,-0.0015,0.0202,0.0712,14.6
1.558,0.0202,0.0,0.021,0.0727,14.4
1.559,0.0157,-0.0008,0.0232,0.039,14.4
1.56,0.0075,0.0157,0.0277,-0.0346,14.4
1.561,-0.0023,0.0195,0.0285,-0.1215,14.1
1.562,-0.0091,0.018,0.027,-0.0555,13.9
1.563,-0.0113,0.0195,0.0315,0.0787,14.0
1.564,-0.0098,0.0255,0.0367,0.045,13.7
1.565,-0.012,0.0442,0.0337,0.0202,13.8
1.566,-0.0068,0.063,0.0322,0.0517,13.5
1.567,-0.003,0.057,0.03,0.033,13.5
1.568,0.003,0.0255,0.0247,0.0187,13.0
1.569,0.0097,-0.0105,0.0217,-0.0256,13.2
1.57,0.012,-0.0473,0.0202,-0.0225,12.9
1.571,0.0067,-0.0803,0.0195,-0.0218,12.8
1.572,-0.0008,-0.0833,0.018,-0.0278,12.5
1.573,0.006,-0.078,0.0165,-0.0105,12.6
1.574,0.009,-0.0578,0.0157,-0.0075,12.4
1.575,0.0097,-0.0405,0.0135,0.0127,12.3
1.576,0.0142,-0.0458,0.009,0.012,12.1
1.577,0.0127,-0.039,-0.006,0.0232,11.9
1.578,0.009,-0.0465,-0.0218,0.024,11.6
1.579,-0.0038,-0.0458,-0.0278,-0.0023,11.4
1.58,-0.0181,-0.0436,-0.033,-0.0443,11.2
1.581,-0.03,-0.0405,-0.0495,-0.084,11.2
1.582,-0.03,-0.0458,-0.0706,-0.039,10.9
1.583,-0.0256,-0.0675,-0.09,-0.0008,10.8
1.584,-0.0256,-0.0713,-0.105,-0.0046,10.7
1.585,-0.0308,-0.0593,-0.1155,0.003,10.6
1.586,-0.0308,-0.0338,-0.1006,0.0105,10.6
1.587,-0.0195,-0.0068,-0.054,0.0285,10.4
1.588,-0.0068,0.0195,0.0165,-0.0181,10.2
1.589,-0.0015,0.0442,0.1035,-0.021,10.1
1.59,-0.003,0.0667,0.1627,0.0637,10.1
1.591,-0.0053,0.0682,0.1762,0.057,10.0
1.592,-0.0053,0.0345,0.174,0.0795,9.6
1.593,-0.0046,-0.0181,0.1402,0.147,9.7
1.594,0.0007,-0.0428,0.0975,0.1027,9.5
1.595,0.0045,-0.0443,0.0637,-0.0856,9.5
1.596,0.0045,-0.0638,0.0367,-0.3428,9.1
1.597,0.003,-0.039,0.0232,-0.2933,9.3
1.598,0.0007,0.0127,0.0135,-0.075,9.1
1.599,-0.0015,0.0615,0.0075,-0.0518,9.1
1.6,-0.0083,0.1117,0.0007,-0.0091,8.9
1.601,-0.0083,0.1282,-0.0046,-0.0195,8.7
1.602,-0.0091,0.1117,-0.0053,-0.0188,8.8
1.603,-0.003,0.0727,-0.003,0.066,8.6
1.604,0.009,0.0502,0.003,-0.0008,8.5
1.605,0.0232,0.0232,0.0112,-0.0563,8.5
1.606,0.0435,0.0292,0.018,0.102,8.5
1.607,0.063,0.0465,0.0202,0.1822,8.4
1.608,0.081,0.0495,0.0262,0.0607,8.2
1.609,0.0967,0.0855,0.0277,0.075,8.3
1.61,0.1147,0.0967,0.0277,0.048,8.1
1.611,0.1327,0.0787,0.027,0.0232,8.2
1.612,0.1417,0.063,0.0255,0.0142,7.8
1.613,0.1462,0.042,0.0165,-0.0915,8.1
1.614,0.1507,0.009,-0.0105,-0.0413,7.7
1.615,0.1537,-0.0368,-0.0353,-0.0158,7.8
1.616,0.1567,-0.063,-0.039,0.0592,7.6
1.617,0.1545,-0.0608,-0.0436,0.192,7.6
1.618,0.1455,-0.048,-0.039,0.1852,7.6
1.619,0.1417,-0.0105,-0.0256,0.1065,7.4
1.62,0.1342,-0.0008,-0.006,0.0322,7.5
1.621,0.1117,-0.048,0.0127,-0.0398,7.5
1.622,0.087,-0.0465,0.015,-0.1748,7.2
1.623,0.0645,-0.012,0.0082,-0.2618,7.2
1.624,0.0457,0.0255,-0.0046,-0.2041,7.0
1.625,0.03,0.0712,-0.0143,-0.075,7.3
1.626,0.0225,0.072,-0.0188,-0.0195,6.9
1.627,0.0202,0.0607,-0.0233,0.0255,7.2
1.628,0.0157,0.0397,-0.024,0.0345,6.7
1.629,0.0105,-0.0233,-0.024,-0.1441,6.9
1.63,-0.003,-0.0915,-0.021,-0.2483,6.9
1.631,-0.0128,-0.1043,-0.0158,-0.0578,7.0
1.632,-0.021,-0.0743,-0.0128,0.15,6.9
1.633,-0.0375,-0.039,-0.012,0.174,6.7
1.634,-0.0511,-0.003,-0.012,0.0727,6.7
1.635,-0.0578,0.0067,-0.0098,0.0345,6.6
1.636,-0.0593,0.0015,-0.003,0.1402,6.7
1.637,-0.063,-0.0233,-0.0008,0.1102,6.7
1.638,-0.0721,-0.0383,-0.0046,-0.066,6.6
1.639,-0.0856,-0.0263,-0.0053,-0.1193,6.6
1.64,-0.1013,-0.0105,-0.0083,-0.0346,6.3
1.641,-0.111,-0.021,-0.0165,0.0187,6.6
1.642,-0.1133,-0.0495,-0.0181,0.0472,6.6
1.643,-0.1118,-0.0278,-0.0181,0.093,6.5
1.644,-0.105,0.006,-0.0195,0.0855,6.4
1.645,-0.1013,0.0112,-0.0165,0.0667,6.4
1.646,-0.0968,0.0007,-0.015,0.0345,6.4
1.647,-0.0915,0.0037,-0.0143,0.0232,6.3
1.648,-0.0848,0.018,-0.0128,0.027,6.4
1.649,-0.0803,0.0142,-0.0128,-0.0578,6.3
1.65,-0.081,0.0157,-0.0165,-0.132,6.4
1.651,-0.0765,0.0142,-0.021,-0.1193,6.1
1.652,-0.0721,0.0097,-0.027,-0.156,6.3
1.653,-0.0638,0.009,-0.0308,-0.1373,6.3
1.654,-0.0518,0.0007,-0.0323,-0.0713,6.2
1.655,-0.042,-0.0053,-0.0323,-0.0053,6.3
1.656,-0.0353,-0.0038,-0.033,0.0457,6.2
1.657,-0.0256,-0.0038,-0.0315,0.0202,6.4
1.658,-0.0135,-0.0128,-0.0308,0.1957,6.0
1.659,-0.0053,-0.0143,-0.0308,0.348,6.2
1.66,-0.0008,-0.0113,-0.0278,0.2895,6.1
1.661,0.0022,-0.0015,-0.0308,0.0615,6.2
1.662,0.0022,0.0142,-0.0346,-0.1403,6.1
1.663,0.0022,0.027,-0.0315,-0.1125,5.9
1.664,-0.0023,0.0427,-0.0285,-0.114,6.2
1.665,-0.0091,0.0405,-0.0278,-0.0795,5.8
1.666,-0.0105,0.015,-0.0278,-0.0008,6.1
1.667,-0.0083,-0.0046,-0.0278,0.0427,5.8
1.668,-0.003,-0.0218,-0.0263,0.0457,5.9
1.669,-0.0008,-0.024,-0.0195,-0.039,6.0
1.67,0.0015,-0.012,-0.0165,-0.0923,5.8
1.671,0.0052,-0.0053,-0.0195,0.0142,5.8
1.672,0.0015,0.0045,-0.0233,0.0337,5.7
1.673,-0.0015,0.0232,-0.0203,-0.0113,5.8
1.674,-0.0015,0.0322,-0.0098,0.0967,5.7
1.675,-0.012,0.0262,-0.0008,-0.0046,5.8
1.676,-0.0218,0.021,0.0082,0.012,5.8
1.677,-0.0195,0.006,0.009,0.1612,5.7
1.678,-0.021,-0.0128,0.006,0.0727,5.8
1.679,-0.0158,-0.0068,0.0052,0.015,5.7
1.68,-0.0105,-0.003,0.0045,-0.1838,5.7
1.681,-0.0083,0.0105,0.0015,-0.27,5.5
1.682,-0.003,0.0285,-0.0008,-0.1298,5.6
1.683,-0.006,0.033,-0.0023,-0.1905,5.4
1.684,-0.0015,0.0495,-0.0083,-0.1365,5.5
1.685,0.0015,0.0307,-0.0368,0.0202,5.4
1.686,0.0015,-0.0248,-0.0533,0.0105,5.2
1.687,0.0015,-0.0555,-0.003,-0.0165,5.1
1.688,0.0015,-0.042,0.0157,-0.0053,4.9
1.689,0.0045,-0.0105,0.0007,0.012,4.9
1.69,0.0,0.0097,0.0007,-0.0008,4.6
1.691,-0.0083,0.0195,-0.0158,0.045,4.4
1.692,-0.0128,0.0217,-0.0091,0.0292,4.1
1.693,-0.021,0.0097,-0.0128,-0.0218,4.0
1.694,-0.0256,-0.0368,-0.0181,0.0127,3.8
1.695,-0.0263,-0.06,-0.012,0.018,3.5
1.696,-0.0233,-0.0346,-0.0105,0.0457,3.5
1.697,-0.0256,-0.012,-0.0075,0.0742,3.1
1.698,-0.0293,0.003,-0.0015,0.108,3.2
1.699,-0.0233,0.0135,0.0195,0.1087,2.8
1.7,-0.0098,0.0067,0.0405,0.0742,2.7
1.701,0.0075,-0.0083,0.0652,0.0367,2.5
1.702,0.0202,-0.0046,0.0825,-0.0008,2.3
1.703,0.033,0.0112,0.0982,-0.0181,2.1
1.704,0.0472,0.0165,0.1057,-0.1238,1.8
1.705,0.0615,0.0067,0.0967,-0.1223,1.9
1.706,0.0705,-0.0015,0.084,0.0075,1.8
1.707,0.0727,-0.0128,0.06,-0.0105,1.7
1.708,0.0675,-0.024,0.0262,-0.03,1.5
1.709,0.0592,-0.0315,-0.012,-0.0503,1.5
1.71,0.0487,-0.0405,-0.0346,-0.1073,1.4
1.711,0.045,-0.0225,-0.033,-0.0623,1.3
1.712,0.0457,-0.0038,-0.0218,0.0495,1.5
1.713,0.0502,-0.003,0.0217,0.1305,1.3
1.714,0.0592,0.0015,0.0885,0.1312,1.6
1.715,0.0615,0.003,0.141,0.1237,1.2
1.716,0.0532,0.0015,0.1672,-0.012,1.3
1.717,0.0435,-0.0023,0.165,-0.1088,1.3
1.718,0.0345,-0.0053,0.1432,0.0292,1.3
1.719,0.027,-0.003,0.1185,0.1117,1.2
1.72,0.0255,-0.0008,0.0982,0.0382,1.0
1.721,0.0217,0.0007,0.0705,0.0787,1.3
1.722,0.015,-0.0015,0.0532,0.1552,1.2
1.723,0.0067,-0.0053,0.0622,-0.1485,1.0
1.724,-0.0038,0.0015,0.0705,-0.192,1.2
1.725,-0.0181,0.0052,0.0712,0.0615,1.2
1.726,-0.024,-0.0046,0.0555,0.0367,1.3
1.727,-0.0203,-0.0046,0.0345,0.048,1.4
1.728,-0.024,-0.0098,0.0195,0.0255,1.5
1.729,-0.0181,-0.0165,0.0127,0.0015,1.4
1.73,-0.0068,-0.0113,0.0142,0.0157,1.7
1.731,0.003,0.0105,0.021,-0.0346,1.5
1.732,0.0075,0.0165,0.0442,-0.06,1.8
1.733,0.0022,-0.0023,0.0697,-0.0263,1.8
1.734,-0.012,-0.0068,0.0832,-0.0765,1.8
1.735,-0.0413,0.0097,0.09,-0.183,2.0
1.736,-0.0578,0.0255,0.0825,-0.045,2.1
1.737,-0.0765,0.0165,0.0615,0.1447,2.3
1.738,-0.084,-0.003,0.0262,0.1462,2.2
1.739,-0.0803,0.0105,-0.0158,-0.0308,2.4
1.74,-0.081,0.057,-0.0458,-0.0638,2.5
1.741,-0.0511,0.0817,-0.0721,-0.0413,2.7
1.742,-0.0458,0.0675,-0.0968,-0.1545,2.7
1.743,-0.0668,0.0187,-0.1133,-0.2048,2.5
1.744,-0.0825,-0.0473,-0.126,-0.1478,3.1
1.745,-0.1185,-0.1088,-0.1328,0.0285,3.0
1.746,-0.1433,-0.1298,-0.1388,0.0307,3.3
1.747,-0.15,-0.0818,-0.1433,0.0532,3.2
1.748,-0.15,-0.0436,-0.135,0.09,3.6
1.749,-0.1403,0.0,-0.12,0.0435,3.4
1.75,-0.1073,0.0172,-0.1103,0.0697,3.6
1.751,-0.066,0.0045,-0.1125,0.045,3.6
1.752,-0.039,0.0067,-0.135,0.0652,3.6
1.753,-0.0135,-0.0015,-0.162,-0.0091,3.8
1.754,0.0157,0.009,-0.195,0.003,3.7
1.755,0.0315,0.0075,-0.2205,0.042,3.9
1.756,0.0277,0.0082,-0.2295,0.0082,3.9
1.757,0.0217,0.0082,-0.2258,0.039,4.0
1.758,0.018,0.0037,-0.2011,0.0105,4.0
1.759,0.0195,0.0067,-0.1658,0.0285,3.7
1.76,0.0345,0.0052,-0.1133,0.0165,3.8
1.761,0.0442,0.009,-0.0443,0.0097,3.9
1.762,0.0285,0.0082,0.0195,0.0157,4.0
1.763,0.0232,0.0082,0.072,0.0015,3.6
1.764,0.0397,0.006,0.1005,0.0142,3.8
1.765,0.0772,0.0052,0.1162,0.003,3.7
1.766,0.117,0.0052,0.1192,0.0157,3.8
1.767,0.1335,0.0067,0.1117,0.0187,3.5
1.768,0.1485,0.0052,0.1035,0.036,3.5
1.769,0.1462,0.0022,0.0817,0.0375,3.7
1.77,0.15,0.0045,0.063,0.024,3.4
1.771,0.174,0.003,0.0457,0.0225,3.5
1.772,0.2062,0.0045,0.0315,-0.0046,3.4
1.773,0.2242,0.006,0.0262,-0.0511,3.6
1.774,0.2235,0.009,0.0262,-0.1088,3.3
1.775,0.2182,0.0127,0.033,-0.0735,3.4
1.776,0.2145,0.0127,0.036,-0.0256,3.4
1.777,0.2287,0.012,0.0382,-0.0308,3.2
1.778,0.2257,0.0082,0.0412,-0.0046,3.5
1.779,0.2122,0.003,0.0465,0.0075,3.2
1.78,0.1935,-0.0015,0.0502,0.0292,3.7
1.781,0.1695,-0.0091,0.0517,0.084,3.4
1.782,0.1515,-0.0181,0.0555,0.1297,3.4
1.783,0.1327,-0.0195,0.06,0.105,3.4
1.784,0.1162,-0.012,0.0607,0.0015,3.3
1.785,0.09,0.0022,0.0615,-0.06,3.3
1.786,0.0817,0.0135,0.0622,-0.078,3.1
1.787,0.063,0.0202,0.0615,-0.075,3.3
1.788,0.039,0.0247,0.0532,-0.0525,3.2
1.789,0.0517,0.0232,0.039,-0.0653,3.3
1.79,0.063,0.0165,0.0307,-0.0405,3.1
1.791,0.057,0.0112,0.0202,0.0345,3.3
1.792,0.0375,0.006,0.0067,0.03,3.2
1.793,0.0105,0.0045,-0.003,0.0217,3.0
1.794,-0.0105,0.003,-0.0181,0.0607,3.0
1.795,-0.0315,-0.0046,-0.0308,0.0547,3.0
1.796,-0.0428,-0.0135,-0.0398,-0.003,3.0
1.797,-0.0436,-0.0105,-0.0473,-0.0165,3.0
1.798,-0.0548,-0.0038,-0.054,0.0045,2.9
1.799,-0.0706,0.0,-0.0555,-0.0608,2.8
1.8,-0.0825,0.003,-0.0533,-0.0706,2.7
1.801,-0.0893,0.003,-0.0518,-0.0323,2.9
1.802,-0.1006,-0.0023,-0.0458,-0.0218,2.6
1.803,-0.1058,-0.0068,-0.0375,-0.042,2.6
1.804,-0.1118,-0.0091,-0.0256,-0.0195,2.6
1.805,-0.126,-0.0128,-0.0173,0.1207,2.6
1.806,-0.1426,-0.0105,-0.0083,0.0157,2.5
1.807,-0.1696,-0.0015,0.0045,-0.0803,2.5
1.808,-0.1958,-0.0015,0.0105,-0.0203,2.6
1.809,-0.219,-0.0008,0.018,0.0142,2.4
1.81,-0.237,-0.0008,0.0255,0.0555,2.6
1.811,-0.2483,-0.006,0.0277,0.0052,2.2
1.812,-0.249,-0.0083,0.0352,0.0082,2.5
1.813,-0.2423,-0.0015,0.0465,-0.09,2.2
1.814,-0.2393,0.0082,0.0547,-0.126,2.3
1.815,-0.2438,0.0075,0.0555,0.0352,2.2
1.816,-0.2535,0.003,0.0577,0.009,2.0
1.817,-0.2565,-0.0015,0.0622,-0.0023,2.2
1.818,-0.2393,-0.006,0.0577,0.0382,1.8
1.819,-0.2175,-0.006,0.0442,0.0457,2.2
1.82,-0.1815,-0.0083,0.0307,0.078,1.8
1.821,-0.1463,-0.0038,0.0157,0.0082,2.1
1.822,-0.1065,-0.0023,0.0007,-0.0038,1.7
1.823,-0.0623,-0.0068,-0.015,-0.0046,1.8
1.824,-0.027,-0.012,-0.027,-0.0225,1.7
1.825,0.009,-0.0181,-0.0361,-0.0083,1.8
1.826,0.018,-0.0128,-0.0428,-0.0383,1.8
1.827,0.0405,-0.0098,-0.0443,-0.0046,1.6
1.828,0.0457,-0.0158,-0.0473,0.0247,1.5
1.829,0.006,-0.012,-0.0533,-0.0233,1.5
1.83,0.0255,0.0015,-0.0615,-0.048,1.5
1.831,0.06,0.012,-0.0675,-0.012,1.4
1.832,0.0802,0.0142,-0.0683,-0.0053,1.3
1.833,0.1275,0.0075,-0.0713,0.015,1.4
1.834,0.165,-0.003,-0.0765,0.0495,1.3
1.835,0.198,-0.015,-0.0953,0.0442,1.3
1.836,0.2212,-0.0203,-0.1155,0.108,1.2
1.837,0.2242,-0.0181,-0.0878,0.105,1.4
1.838,0.186,-0.0113,-0.0353,-0.0285,1.2
1.839,0.1387,0.0015,-0.0158,-0.0675,1.3
1.84,0.1155,0.0007,-0.0308,-0.0323,1.3
1.841,0.099,-0.0008,-0.0713,-0.039,1.3
1.842,0.0765,0.0,-0.0968,-0.0285,1.3
1.843,0.0637,-0.0008,-0.096,-0.0256,1.2
1.844,0.0862,0.0007,-0.084,-0.0308,1.4
1.845,0.09,-0.0008,-0.0645,-0.0256,1.3
1.846,0.078,0.0007,-0.0555,-0.0315,1.2
1.847,0.0592,0.0015,-0.0495,-0.0218,1.3
1.848,0.039,0.003,-0.0405,-0.0158,1.3
1.849,0.045,0.0045,-0.03,-0.0008,1.3
1.85,0.0592,0.0067,-0.0225,0.0082,1.3
1.851,0.0465,0.006,-0.0188,0.0007,1.5
1.852,0.0397,0.0007,-0.015,0.0022,1.3
1.853,0.0547,0.0,-0.0091,-0.0008,1.5
1.854,0.0352,-0.0015,0.0,-0.0008,1.3
1.855,0.0465,0.0,0.0105,0.0037,1.6
1.856,0.0772,-0.0008,0.0195,0.0195,1.3
1.857,0.0675,-0.0015,0.0187,0.033,1.6
1.858,0.0585,0.0015,0.0187,0.0285,1.4
1.859,0.0637,0.0,0.0165,0.0105,1.5
1.86,0.093,-0.0015,0.0142,-0.0143,1.5
1.861,0.087,-0.0038,0.0187,-0.0405,1.5
1.862,0.0442,-0.006,0.0285,-0.0825,1.5
1.863,-0.0038,-0.0091,0.0405,-0.0698,1.5
1.864,-0.0503,-0.0091,0.057,0.0697,1.5
1.865,-0.0405,-0.0068,0.0802,0.1312,1.5
1.866,-0.0075,-0.0008,0.099,0.024,1.4
1.867,0.0352,0.0097,0.1132,0.0165,1.6
1.868,0.066,0.0165,0.1237,0.0952,1.4
1.869,0.057,0.0127,0.126,0.0,1.5
1.87,0.024,0.0007,0.1335,-0.1845,1.3
1.871,-0.0083,-0.003,0.135,-0.1253,1.6
1.872,-0.0128,0.0015,0.1372,0.0532,1.5
1.873,-0.0233,0.0045,0.1447,0.06,1.6
1.874,-0.042,0.0105,0.1462,0.0157,1.5
1.875,-0.057,0.009,0.1402,0.0142,1.5
1.876,-0.057,-0.0008,0.1372,0.0472,1.5
1.877,-0.0608,-0.006,0.1372,0.0225,1.4
1.878,-0.084,-0.003,0.1297,-0.0083,1.3
1.879,-0.1125,0.0037,0.12,-0.042,1.4
1.88,-0.123,0.0045,0.1072,-0.105,1.4
1.881,-0.1125,0.003,0.0945,-0.0503,1.3
1.882,-0.1065,0.0007,0.0817,-0.0128,1.5
1.883,-0.0878,-0.0053,0.0675,0.0142,1.4
1.884,-0.0593,-0.0135,0.06,0.138,1.4
1.885,-0.0398,-0.0181,0.0555,0.1447,1.5
1.886,-0.039,-0.015,0.0502,0.1012,1.4
1.887,-0.054,-0.0158,0.042,0.0952,1.5
1.888,-0.0555,-0.012,0.0337,0.0705,1.4
1.889,-0.0458,-0.0113,0.024,0.111,1.6
1.89,-0.033,-0.0143,0.018,0.0412,1.4
1.891,-0.0346,-0.0053,0.009,-0.1523,1.4
1.892,-0.042,0.003,0.0007,-0.3915,1.3
1.893,-0.039,0.0172,-0.0015,-0.4125,1.3
1.894,-0.0353,0.0232,-0.0015,-0.0915,1.5
1.895,-0.027,0.0135,0.0022,-0.006,1.4
1.896,0.0022,0.0105,0.0067,-0.0428,1.3
1.897,0.0517,0.012,0.009,0.0405,1.5
1.898,0.0855,0.0045,0.012,0.0367,1.5
1.899,0.0795,0.0022,0.0135,0.0465,1.7
1.9,0.0592,0.003,0.0202,0.0555,1.4
1.901,0.0615,-0.0008,0.0255,0.0375,1.6
1.902,0.1155,0.0015,0.0285,-0.003,1.4
1.903,0.1635,0.0022,0.0307,-0.0353,1.5
1.904,0.18,0.0007,0.0292,-0.021,1.4
1.905,0.1837,-0.0023,0.0225,-0.0083,1.5
1.906,0.1635,-0.0053,0.0142,0.0487,1.6
1.907,0.1312,-0.0068,0.0052,0.1207,1.6
1.908,0.093,-0.0128,-0.0068,0.174,1.5
1.909,0.0427,-0.0165,-0.0165,0.1192,1.6
1.91,0.0157,-0.0083,-0.0256,0.024,1.5
1.911,0.0,-0.0038,-0.0368,-0.0308,1.6
1.912,-0.0195,0.0045,-0.0511,-0.1448,1.5
1.913,-0.0353,0.009,-0.066,-0.099,1.5
1.914,-0.0458,0.0052,-0.0795,0.072,1.7
1.915,-0.045,0.0037,-0.0938,0.0945,1.8
1.916,-0.048,-0.0038,-0.1088,0.069,1.6
1.917,-0.039,-0.0068,-0.1253,0.0592,1.8
1.918,-0.0368,-0.0105,-0.1358,0.0487,1.5
1.919,-0.0428,-0.0068,-0.1411,0.0337,1.7
1.92,-0.0443,-0.0053,-0.1478,0.0142,1.5
1.921,-0.042,-0.006,-0.1485,0.027,1.7
1.922,-0.0293,-0.0008,-0.1485,-0.0165,1.6
1.923,-0.0233,0.0052,-0.1485,-0.0668,1.8
1.924,-0.0225,0.012,-0.15,-0.0593,1.6
1.925,-0.0233,0.0135,-0.1538,-0.0848,1.6
1.926,-0.027,0.0165,-0.15,-0.0645,1.7
1.927,-0.042,0.0165,-0.1426,-0.0308,1.7
1.928,-0.063,-0.003,-0.1411,-0.0436,1.7
1.929,-0.0691,-0.0218,-0.1403,-0.0818,1.7
1.93,-0.066,-0.0158,-0.1365,-0.0361,1.6
1.931,-0.0593,-0.0135,-0.129,0.051,1.7
1.932,-0.0503,-0.012,-0.1215,0.0015,1.7
1.933,-0.048,-0.0075,-0.117,0.021,1.8
1.934,-0.0315,-0.0015,-0.1065,0.0855,1.8
1.935,-0.012,0.0127,-0.0915,0.0532,1.7
1.936,-0.003,0.015,-0.0758,-0.0495,1.5
1.937,-0.0053,0.015,-0.0578,-0.0465,1.8
1.938,-0.0128,0.0127,-0.042,0.0352,1.7
1.939,-0.0233,0.009,-0.0248,0.0067,1.7
1.94,-0.0323,0.0052,-0.0053,-0.0105,1.8
1.941,-0.0533,0.003,0.0165,0.033,1.8
1.942,-0.0975,-0.0008,0.039,0.0787,1.7
1.943,-0.0893,-0.012,0.054,0.0247,1.7
1.944,-0.0338,-0.0098,0.0675,0.0067,1.7
1.945,-0.0098,-0.012,0.0787,0.0427,1.7
1.946,-0.0015,-0.0105,0.0877,0.024,1.7
1.947,-0.0203,-0.0053,0.0915,0.018,1.7
1.948,-0.0465,-0.0053,0.09,-0.003,1.7
1.949,-0.0488,0.0,0.0885,-0.0008,1.9
1.95,-0.0495,0.0015,0.0855,0.018,1.7
1.951,-0.0465,0.003,0.0825,0.036,1.9
1.952,-0.0398,0.0052,0.0817,0.0555,1.6
1.953,-0.0323,0.0082,0.0727,0.03,1.9
1.954,-0.0315,0.0105,0.0615,0.0165,1.8
1.955,-0.033,0.0112,0.051,0.0067,1.8
1.956,-0.0285,0.0105,0.0427,-0.0195,1.9
1.957,-0.027,0.0082,0.0382,-0.0308,1.8
1.958,-0.0203,0.009,0.0277,-0.0218,2.0
1.959,-0.0158,0.009,0.015,-0.012,1.9
1.96,-0.0113,0.0075,0.0067,-0.0128,1.9
1.961,-0.0046,0.0082,-0.0015,-0.0038,1.9
1.962,0.006,0.0105,-0.0105,0.0105,1.9
1.963,0.0195,0.0045,-0.0181,0.0157,1.9
1.964,0.0315,-0.0038,-0.0256,-0.0128,2.1
1.965,0.039,-0.0053,-0.03,-0.0593,2.1
1.966,0.0412,-0.0008,-0.0346,-0.057,1.8
1.967,0.0345,-0.0008,-0.0346,-0.0653,2.3
1.968,0.0277,-0.0075,-0.033,-0.093,1.9
1.969,0.0217,-0.0143,-0.0293,0.0367,2.3
1.97,0.0172,-0.0083,-0.0256,0.1042,2.1
1.971,0.0195,0.0037,-0.0233,-0.0105,2.2
1.972,0.0232,0.003,-0.015,-0.0825,2.1
1.973,0.03,0.0135,-0.0068,-0.0443,2.2
1.974,0.0307,0.0277,-0.006,0.075,2.1
1.975,0.0307,0.0075,-0.0098,-0.0691,2.1
1.976,0.0307,0.003,-0.0098,-0.135,2.2
1.977,0.0292,-0.0015,-0.0091,-0.012,2.1
1.978,0.0352,-0.012,-0.006,-0.0105,2.4
1.979,0.0375,-0.0105,-0.0083,0.0847,2.1
1.98,0.0345,-0.0128,-0.0068,0.0495,2.4
1.981,0.0307,-0.006,-0.0068,0.0277,2.4
1.982,0.027,0.0,-0.0083,-0.0046,2.2
1.983,0.0277,0.012,-0.0053,-0.126,2.4
1.984,0.0322,0.0247,0.0015,-0.0346,2.3
1.985,0.0405,0.0135,0.009,0.093,2.6
1.986,0.0435,-0.0053,0.0082,0.1365,2.3
1.987,0.0457,-0.0083,0.0037,0.0165,2.4
1.988,0.0465,-0.0098,0.0022,-0.084,2.4
1.989,0.0427,-0.0195,0.0007,-0.0983,2.5
1.99,0.0397,-0.0233,0.0007,-0.1013,2.6
1.991,0.0345,-0.0135,0.009,-0.1163,2.5
1.992,0.033,-0.012,0.0195,-0.1313,2.5
1.993,0.0382,-0.03,0.0225,0.0652,2.6
1.994,0.0465,-0.0188,0.0172,0.1372,2.6
1.995,0.0555,0.0052,0.0217,0.0292,2.5
1.996,0.0607,0.009,0.0225,0.018,2.6
1.997,0.0562,0.009,0.0157,0.0382,2.6
1.998,0.048,0.0045,0.0127,0.018,2.5
1.999,0.0382,0.003,0.0105,-0.0465,2.6
2.0,0.0255,0.0067,0.0135,0.003,2.5
2.001,0.0112,-0.0053,0.018,0.024,2.8
2.002,-0.0008,-0.0113,0.0187,-0.0405,2.5
2.003,-0.0098,-0.0105,0.0187,0.0352,2.7
2.004,-0.0203,-0.0181,0.0202,0.0502,2.6
2.005,-0.0278,-0.0195,0.0195,-0.0143,2.6
2.006,-0.0346,-0.0143,0.015,-0.0105,2.6
2.007,-0.039,-0.0083,0.015,-0.033,2.6
2.008,-0.0413,-0.0023,0.015,-0.0443,2.9
2.009,-0.0436,0.0015,0.015,-0.0525,2.6
2.01,-0.0443,0.0,0.0135,-0.0653,2.7
2.011,-0.0443,-0.0143,0.0112,-0.0458,2.6
2.012,-0.0405,-0.0218,0.0127,-0.0181,2.7
2.013,-0.033,-0.024,0.0135,0.0195,2.7
2.014,-0.024,-0.0256,0.0165,0.0427,2.8
2.015,-0.0113,-0.0233,0.0202,0.0367,2.8
2.016,-0.0015,-0.0053,0.0195,0.003,2.6
2.017,0.0007,0.0165,0.018,-0.0878,2.7
2.018,0.0015,0.0135,0.0195,-0.2033,2.6
2.019,0.0015,0.021,0.0195,-0.1411,2.7
2.02,0.0,0.0307,0.0247,-0.0248,2.5
2.021,-0.003,0.024,0.0315,0.0442,2.8
2.022,-0.0195,0.0127,0.0322,0.18,2.8
2.023,-0.0593,0.0157,0.0352,0.1575,2.7
2.024,-0.0983,0.0345,0.0322,0.1087,2.8
2.025,-0.1185,0.0285,0.0255,0.0975,2.6
2.026,-0.114,0.024,0.0195,0.012,2.8
2.027,-0.0893,0.0195,0.0157,-0.0083,2.6
2.028,-0.0593,0.009,0.0142,-0.0825,2.6
2.029,-0.03,0.009,0.015,-0.081,2.7
2.03,-0.0091,0.0165,0.0157,0.0592,2.6
2.031,0.003,0.018,0.021,0.1702,2.7
2.032,0.0127,0.006,0.0285,0.2242,2.6
2.033,0.018,0.0007,0.0255,0.078,2.6
2.034,0.0165,-0.0053,0.0202,-0.0653,2.4
2.035,0.0112,-0.012,0.0165,-0.099,2.7
2.036,0.009,-0.0091,0.015,-0.048,2.5
2.037,0.0067,-0.0008,0.015,0.051,2.7
2.038,0.0067,0.0075,0.0165,-0.0068,2.6
2.039,0.0105,0.0067,0.0195,-0.0413,2.4
2.04,0.015,-0.0008,0.018,-0.0165,2.6
2.041,0.0187,-0.0091,0.0135,0.0255,2.5
2.042,0.024,-0.0158,0.015,0.2092,2.6
2.043,0.0255,-0.0143,0.015,0.2362,2.4
2.044,0.0307,-0.0068,0.0105,0.0975,2.4
2.045,0.0307,0.0015,0.0082,0.1005,2.6
2.046,0.0322,0.0007,0.0075,0.1125,2.5
2.047,0.0315,-0.0068,0.0052,0.0622,2.6
2.048,0.0277,-0.012,0.0007,0.0495,2.3
2.049,0.0232,-0.0181,-0.0015,0.0592,2.6
2.05,0.0157,-0.0188,-0.0015,0.1042,2.4
2.051,0.0075,-0.0188,-0.003,0.1702,2.6
2.052,0.0015,-0.0203,-0.006,0.141,2.3
2.053,-0.003,-0.0181,-0.0068,0.0052,2.4
2.054,-0.006,-0.0083,-0.0053,-0.2085,2.3
2.055,-0.0038,-0.0023,-0.0038,-0.369,2.3
2.056,-0.003,0.003,-0.003,-0.0983,2.4
2.057,0.0,-0.006,-0.0023,0.153,2.4
2.058,0.006,-0.024,-0.0015,-0.012,2.4
2.059,0.0082,-0.0091,-0.0008,-0.0848,2.3
2.06,0.0127,0.0067,-0.0008,-0.1275,2.3
2.061,0.018,0.0037,-0.003,-0.216,2.2
2.062,0.0232,0.0067,-0.0008,-0.1808,2.3
2.063,0.027,0.0082,-0.0008,-0.0698,2.4
2.064,0.03,0.0052,-0.0015,-0.0233,2.2
2.065,0.033,-0.0023,-0.003,0.027,2.5
2.066,0.0352,-0.015,-0.0046,0.1267,2.2
2.067,0.039,-0.0091,-0.0068,-0.0098,2.2
2.068,0.0397,0.0045,-0.0113,-0.1028,1.9
2.069,0.0405,-0.0008,-0.0105,-0.2258,2.1
2.07,0.042,0.003,-0.0091,-0.27,2.1
2.071,0.0427,0.0015,-0.0113,-0.021,2.2
2.072,0.0427,-0.0023,-0.012,-0.057,2.1
2.073,0.0405,-0.0008,-0.0075,-0.0653,2.0
2.074,0.0367,-0.0046,-0.0068,-0.0308,2.2
2.075,0.033,-0.0091,-0.0083,-0.0653,1.9
2.076,0.0277,-0.015,-0.0083,0.0345,2.3
2.077,0.0225,-0.0195,-0.0068,0.054,1.9
2.078,0.018,-0.0173,-0.0091,0.0367,2.0
2.079,0.015,-0.0083,-0.0113,-0.0383,2.0
2.08,0.0097,-0.0038,-0.012,-0.0728,2.0
2.081,0.0067,0.003,-0.0091,-0.12,1.9
2.082,0.0045,0.0067,-0.0046,-0.0938,2.1
2.083,0.003,0.003,-0.0053,0.033,2.0
2.084,0.0015,-0.0038,-0.0053,0.0382,2.0
2.085,-0.0015,-0.0143,-0.006,0.0352,1.9
2.086,-0.0046,-0.0181,-0.0068,0.0157,1.9
2.087,-0.0053,-0.021,-0.0083,0.0255,1.9
2.088,-0.0053,-0.0181,-0.0068,0.0045,1.8
2.089,-0.0046,-0.0158,-0.0046,-0.0346,1.8
2.09,-0.003,-0.0128,-0.0046,0.0187,2.0
2.091,0.0015,-0.0083,-0.0023,0.063,1.8
2.092,0.0045,-0.0068,0.0007,0.0232,1.8
2.093,0.0067,-0.0091,-0.0008,-0.0668,1.8
2.094,0.0075,-0.015,-0.0015,-0.0593,1.8
2.095,0.0075,-0.0158,-0.0008,-0.0091,1.8
2.096,0.0105,-0.0128,0.0037,0.0187,1.8
2.097,0.0105,0.0015,0.006,-0.0203,1.8
2.098,0.0082,0.0157,0.006,0.0082,1.6
2.099,0.006,0.0127,0.0045,0.114,1.9
2.1,0.0067,0.0127,-0.0008,0.0435,1.7
2.101,0.0075,0.0165,0.0007,0.0682,1.8
2.102,0.0075,0.0187,-0.0015,0.0915,1.6
2.103,0.006,0.0277,-0.0053,-0.0165,1.5
2.104,0.0045,0.0277,-0.0068,0.0202,1.8
2.105,0.0045,0.0285,-0.0046,0.0877,1.6
2.106,0.003,0.0262,0.0007,0.1635,1.8
2.107,0.003,0.0142,0.0045,0.1657,1.6
2.108,0.0045,0.0217,0.0052,0.0787,1.9
2.109,0.0052,0.0255,0.0022,0.1335,1.8
2.11,0.003,0.0105,0.0007,0.1372,1.9
2.111,0.0022,0.0082,0.0,-0.0128,1.8
2.112,0.0,0.0142,-0.0046,-0.078,1.8
2.113,-0.0023,0.0105,-0.0053,-0.0945,1.7
2.114,-0.0075,0.0142,-0.0053,-0.0818,1.6
2.115,-0.0113,0.0307,0.0007,0.0082,1.8
2.116,-0.0143,0.0382,0.0022,-0.0098,1.6
2.117,-0.021,0.0427,0.0007,-0.0608,1.8
2.118,-0.0225,0.0442,0.003,-0.0165,1.8
2.119,-0.0233,0.0315,0.0045,-0.0165,1.8
2.12,-0.0225,0.0067,0.0045,-0.0181,1.8
2.121,-0.0188,-0.0083,0.0007,-0.0023,1.6
2.122,-0.0195,0.0007,0.0007,-0.0533,1.9
2.123,-0.0195,0.0007,0.0007,-0.0248,1.5
2.124,-0.0158,0.0067,0.0007,-0.0361,1.8
2.125,-0.0105,0.018,-0.0015,-0.105,1.5
2.126,-0.0091,0.0172,-0.0053,-0.0555,1.8
2.127,-0.0083,-0.0068,-0.0053,-0.0038,1.6
2.128,-0.0075,-0.0518,-0.0053,0.042,1.8
2.129,-0.0075,-0.0653,-0.003,0.1065,1.7
2.13,-0.0091,-0.0405,-0.0008,0.1102,1.7
2.131,-0.0105,-0.0195,0.0015,0.027,1.8
2.132,-0.0105,-0.006,0.0015,0.0075,1.6
2.133,-0.0143,0.0037,0.0,0.0405,1.7
2.134,-0.0143,0.0105,-0.0046,-0.0038,1.7
2.135,-0.0135,0.0165,-0.0053,-0.0818,1.4
2.136,-0.012,0.0105,-0.0053,-0.0645,1.5
2.137,-0.0091,-0.0023,-0.0053,0.0817,1.5
2.138,-0.0091,-0.0135,-0.0053,0.0952,1.5
2.139,-0.0068,-0.012,-0.0068,0.0487,1.5
2.14,-0.0053,-0.0068,-0.0046,0.0472,1.7
2.141,-0.0015,-0.0135,-0.0083,0.006,1.5
2.142,0.0007,-0.0158,-0.0128,0.0067,1.6
2.143,0.0,-0.015,-0.0098,-0.0135,1.5
2.144,-0.0015,-0.015,-0.0105,-0.024,1.5
2.145,-0.0008,-0.0165,-0.0098,-0.0285,1.6
2.146,0.0022,-0.0181,-0.0075,-0.033,1.5
2.147,0.0067,-0.0181,-0.0083,-0.0015,1.6
2.148,0.0097,-0.0165,-0.0053,0.0195,1.5
2.149,0.0112,-0.012,-0.003,0.024,1.6
2.15,0.0142,-0.0135,-0.0008,0.0135,1.6
2.151,0.0127,-0.0165,-0.0023,0.0,1.6
2.152,0.0142,-0.0113,-0.0023,-0.0975,1.7
2.153,0.018,0.0007,-0.0023,-0.213,1.3
2.154,0.021,0.0127,-0.003,-0.156,1.7
2.155,0.024,0.0172,-0.0023,-0.0668,1.7
2.156,0.0255,0.0142,-0.003,-0.0436,1.8
2.157,0.0247,0.009,-0.003,0.0367,1.5
2.158,0.0255,0.0007,0.0007,0.1267,1.9
2.159,0.0225,-0.0105,0.003,0.1747,1.6
2.16,0.0202,-0.0128,0.0045,0.0577,1.6
2.161,0.0172,0.0067,0.0045,-0.096,1.5
2.162,0.0135,0.0315,0.0067,-0.1433,1.6
2.163,0.0112,0.042,0.0097,-0.1988,1.7
2.164,0.009,0.0315,0.0097,-0.0563,1.3
2.165,0.0045,0.0217,0.0082,0.0555,1.6
2.166,-0.0008,0.0075,0.0082,0.0397,1.8
2.167,-0.006,-0.0075,0.009,0.0967,1.4
2.168,-0.0105,-0.0075,0.0052,-0.0083,1.6
2.169,-0.0113,-0.003,0.003,-0.0691,1.6
2.17,-0.0068,0.0045,0.0022,0.048,1.8
2.171,-0.0015,0.0,0.0015,0.0195,1.3
2.172,0.0007,-0.0068,0.003,-0.1088,1.6
2.173,0.0045,-0.003,0.0015,-0.1575,1.5
2.174,0.0037,-0.0083,-0.0008,-0.093,1.8
2.175,0.0007,-0.0165,-0.003,-0.0308,1.4
2.176,-0.0046,-0.015,-0.0053,-0.048,1.6
2.177,-0.012,-0.0105,-0.0038,0.0202,1.5
2.178,-0.0173,-0.006,-0.0023,0.0532,1.7
2.179,-0.024,-0.0038,0.0,0.1267,1.7
2.18,-0.0308,-0.0195,0.0045,0.276,1.7
2.181,-0.0346,-0.0225,0.0067,0.1942,1.5
2.182,-0.0353,-0.0083,0.0075,0.1507,1.6
2.183,-0.0338,-0.0053,0.009,0.1155,1.8
2.184,-0.0256,-0.0068,0.0075,-0.1426,1.6
2.185,-0.0173,-0.0046,0.0045,-0.3015,1.3
2.186,-0.0143,-0.012,0.0022,-0.1426,1.7
2.187,-0.0128,-0.0353,0.0045,-0.0015,1.6
2.188,-0.0128,-0.0375,0.0045,-0.0728,1.6
2.189,-0.015,-0.0083,-0.0015,-0.0488,1.7
2.19,-0.0135,0.0015,-0.0038,0.021,1.8
2.191,-0.0091,-0.0053,-0.006,0.0802,1.7
2.192,-0.003,-0.0128,-0.0046,0.0915,1.5
2.193,0.0022,-0.0068,-0.003,0.003,1.7
2.194,0.006,-0.006,-0.0038,-0.003,1.6
2.195,0.009,-0.0188,-0.0053,0.0045,1.8
2.196,0.0097,-0.0128,-0.0105,0.0442,1.5
2.197,0.0075,-0.0068,-0.0091,0.0937,1.8
2.198,0.009,-0.0091,-0.0068,0.141,1.8
2.199,0.0105,-0.0015,-0.0083,0.171,1.6
2.2,0.0105,0.012,-0.0068,0.0292,1.7
2.201,0.0105,0.0135,0.0,-0.1125,1.6
2.202,0.0097,0.0105,0.0052,-0.1898,1.8
2.203,0.0067,0.024,0.009,-0.267,1.4
2.204,0.0037,0.03,0.006,-0.0878,1.8
2.205,0.0015,0.0082,0.0052,0.0607,1.6
2.206,-0.003,0.0,0.0052,-0.033,1.9
2.207,-0.0023,0.0127,0.0,0.0082,1.7
2.208,-0.003,0.015,-0.0038,0.024,1.7
2.209,-0.003,0.0127,-0.0015,0.042,1.8
2.21,-0.0008,0.0075,0.0015,0.0405,1.7
2.211,0.0015,0.0015,0.003,0.009,1.9
2.212,0.003,-0.0008,-0.0008,0.024,1.6
2.213,0.0015,-0.003,0.0007,-0.0181,1.8
2.214,0.0007,-0.0038,-0.0008,-0.0195,1.7
2.215,-0.0015,0.0007,-0.0008,-0.0361,1.6
2.216,-0.0038,0.0052,-0.0008,-0.0128,1.7
2.217,-0.0046,0.0045,-0.0015,-0.0098,1.6
2.218,-0.0053,0.0045,-0.0023,-0.0285,1.8
2.219,-0.0023,0.0052,0.0,0.0232,1.5
2.22,-0.0008,0.0045,0.0007,0.0277,1.8
2.221,-0.0015,0.0037,-0.003,0.0682,1.5
2.222,-0.0015,-0.006,-0.003,0.1762,1.7
2.223,0.0,-0.0308,-0.0008,0.2107,1.5
2.224,0.0022,-0.03,-0.003,0.123,1.7
2.225,0.003,-0.0113,-0.003,0.1597,1.8
2.226,0.0045,0.0007,-0.0008,0.1665,1.5
2.227,0.0037,0.0135,0.003,-0.0803,1.7
2.228,0.003,0.0105,0.0097,-0.2866,1.5
2.229,0.0045,0.0082,0.0112,-0.3436,1.5
2.23,0.0052,0.0112,0.0127,-0.1388,1.7
2.231,0.0082,0.0022,0.0105,0.0015,1.5
2.232,0.0082,0.0052,0.006,-0.027,1.6
2.233,0.0097,0.0022,0.0037,0.0442,1.6
2.234,0.012,0.0007,0.0007,0.0202,1.8
2.235,0.0142,0.0052,-0.0008,0.0405,1.6
2.236,0.015,0.0007,-0.0023,0.051,1.7
2.237,0.015,0.0045,-0.003,0.0097,1.7
2.238,0.0157,-0.003,-0.0046,-0.0338,1.6
2.239,0.0165,-0.0068,-0.006,-0.0825,1.4
2.24,0.0157,0.0007,-0.006,-0.0068,1.6
2.241,0.0127,-0.0053,-0.0038,0.0052,1.8
2.242,0.0082,-0.0113,-0.0008,0.0322,1.5
2.243,0.0067,-0.0105,-0.0008,0.0742,1.7
2.244,0.0067,-0.003,0.003,0.0607,1.5
2.245,0.0067,0.0052,0.0045,0.0457,1.6
2.246,0.0052,0.0037,0.003,-0.0256,1.5
2.247,0.0037,0.0,0.0007,-0.0068,1.5
2.248,0.0045,-0.0053,0.0007,0.0105,1.5
2.249,0.006,-0.0105,0.0007,-0.0173,1.5
2.25,0.009,-0.0105,0.0015,-0.0023,1.7
2.251,0.009,-0.0046,0.003,-0.0195,1.3
2.252,0.006,0.0022,0.0007,-0.0225,1.6
2.253,-0.0008,0.0075,0.0,0.0127,1.6
2.254,-0.0053,0.012,-0.0008,0.1012,1.6
2.255,-0.0083,0.0052,-0.0008,0.129,1.7
2.256,-0.012,0.0075,0.0,0.0622,1.5
2.257,-0.0143,0.0142,-0.0008,0.1027,1.8
2.258,-0.0165,0.009,0.0015,0.069,1.5
2.259,-0.0203,0.0082,0.0015,-0.066,1.6
2.26,-0.0263,0.006,0.0015,-0.0825,1.4
2.261,-0.0278,0.0052,-0.0008,-0.0848,1.6
2.262,-0.0278,0.0067,-0.0023,-0.1043,1.5
2.263,-0.0278,0.0105,-0.0015,-0.1208,1.6
2.264,-0.0233,0.0195,-0.0015,-0.2415,1.5
2.265,-0.0165,0.0195,-0.0046,-0.309,1.3
2.266,-0.0083,0.0105,-0.0023,-0.0428,1.6
2.267,0.0007,0.0037,0.0022,0.2025,1.6
2.268,0.009,0.0015,0.0022,0.1462,1.8
2.269,0.0165,-0.0038,0.0007,0.105,1.4
2.27,0.0292,-0.0068,0.003,0.06,1.6
2.271,0.0472,0.0007,0.0075,-0.012,1.5
2.272,0.0765,-0.006,0.0045,-0.0008,1.6
2.273,0.1372,-0.0113,0.0052,-0.0578,1.5
2.274,0.2265,0.0007,0.0045,-0.0608,1.6
2.275,0.351,0.012,0.0,-0.003,1.8
2.276,0.438,0.0225,0.0,-0.0188,1.5
2.277,0.3855,0.0292,0.0022,-0.0675,1.7
2.278,0.2835,0.024,0.0075,-0.033,1.7
2.279,0.2062,0.0045,0.009,0.1575,1.7
2.28,0.1192,-0.015,0.0105,0.2085,1.7
2.281,0.0405,-0.0181,0.0082,0.1335,1.6
2.282,-0.0256,-0.0091,0.003,0.0082,1.7
2.283,-0.0728,0.0067,0.0022,-0.1006,1.7
2.284,-0.0938,0.009,0.0015,-0.0218,1.8
2.285,-0.0975,-0.0053,0.0,0.0052,1.6
2.286,-0.1035,-0.0091,-0.0015,-0.0338,1.8
2.287,-0.1215,-0.0038,-0.0038,-0.006,1.8
2.288,-0.1298,-0.0083,-0.003,0.0112,1.8
2.289,-0.129,-0.0053,-0.0038,0.0157,1.8
2.29,-0.1215,-0.0053,-0.0075,0.006,1.6
2.291,-0.1163,-0.0083,-0.0068,-0.0128,1.8
2.292,-0.108,-0.0083,-0.006,-0.0091,1.5
2.293,-0.093,-0.0158,-0.006,-0.0008,1.9
2.294,-0.078,-0.0181,-0.0053,0.0405,1.7
2.295,-0.0706,-0.0203,-0.0046,0.0247,1.8
2.296,-0.0608,-0.0195,-0.003,-0.0181,1.8
2.297,-0.057,-0.0203,-0.003,0.003,1.8
2.298,-0.0465,-0.0233,-0.003,-0.012,2.0
2.299,-0.0353,-0.0218,-0.003,-0.0083,1.8
2.3,-0.0323,-0.0203,-0.0046,-0.0105,2.0
2.301,-0.0315,-0.0181,-0.0046,-0.0195,1.7
2.302,-0.033,-0.015,-0.0038,-0.0083,2.0
2.303,-0.0308,-0.0143,-0.0053,-0.0165,2.0
2.304,-0.0181,-0.0128,-0.0038,-0.0068,2.1
2.305,-0.0195,-0.0098,-0.0046,-0.003,2.0
2.306,-0.033,-0.0068,-0.0038,0.0037,1.9
2.307,-0.039,-0.0038,-0.0008,0.0045,2.1
2.308,-0.0511,-0.0023,-0.0008,-0.0008,1.9
2.309,-0.0675,-0.0008,-0.0008,0.0007,2.0
2.31,-0.0773,0.0007,0.0,-0.0038,2.1
2.311,-0.0743,0.0022,0.0015,-0.0046,2.0
2.312,-0.0653,0.0052,-0.0008,-0.012,2.1
2.313,-0.063,0.0067,0.0007,-0.0098,2.0
2.314,-0.0615,0.006,0.0045,-0.0105,2.3
2.315,-0.0563,0.0037,0.0015,-0.0068,2.0
2.316,-0.0495,-0.0008,0.0015,0.0097,2.2
2.317,-0.0443,-0.0046,0.003,0.0142,2.1
2.318,-0.042,-0.0046,0.0015,0.0015,2.1
2.319,-0.0405,-0.0008,-0.0008,-0.0075,2.1
2.32,-0.039,-0.0008,-0.0008,-0.0068,2.2
2.321,-0.0315,0.0007,0.0007,-0.0098,2.3
2.322,-0.0278,-0.0008,0.003,-0.0083,2.2
2.323,-0.0181,-0.0015,0.0015,-0.0105,2.4
2.324,-0.0046,-0.0015,0.0007,-0.0128,2.2
2.325,0.0045,-0.003,0.0015,-0.012,2.3
2.326,0.012,-0.0015,0.003,-0.0105,2.2
2.327,0.0157,-0.0008,0.003,-0.0091,2.2
2.328,0.0157,0.0,0.003,-0.0098,2.4
2.329,0.0195,-0.0015,0.0007,-0.0068,2.4
2.33,0.024,-0.0023,0.0015,-0.0053,2.4
2.331,0.0292,-0.0015,0.0007,-0.0038,2.3
2.332,0.0345,-0.0015,-0.0008,-0.0015,2.4
2.333,0.039,-0.0008,-0.0008,-0.0023,2.4
2.334,0.0375,-0.0015,0.0022,-0.0008,2.5
2.335,0.0367,0.0,0.0052,0.0007,2.6
2.336,0.0405,0.0007,0.0067,0.0007,2.4
2.337,0.042,0.0015,0.006,0.003,2.6
2.338,0.0427,0.0015,0.0045,0.006,2.5
2.339,0.0397,0.003,0.0037,0.009,2.8
2.34,0.0405,0.0045,0.0045,0.0127,2.4
2.341,0.0487,0.0045,0.0052,0.0105,2.8
2.342,0.0532,0.0052,0.0067,0.0052,2.6
2.343,0.0517,0.0052,0.0045,0.003,2.8
2.344,0.0465,0.0045,0.0037,0.0015,2.6
2.345,0.0375,0.0022,0.0015,0.0007,2.6
2.346,0.0277,0.0022,0.0015,-0.0015,2.9
2.347,0.0165,0.003,0.0015,-0.0015,2.7
2.348,0.012,0.003,-0.0015,-0.0046,2.9
2.349,0.0067,0.0037,-0.003,-0.0075,2.9
2.35,0.0052,0.003,-0.003,-0.0105,2.9
2.351,0.0112,0.003,-0.0053,-0.0098,3.0
2.352,0.0217,0.0015,-0.0068,-0.0068,2.8
2.353,0.0292,-0.0008,-0.0075,-0.0083,2.9
2.354,0.0285,-0.0008,-0.0091,-0.0105,2.8
2.355,0.0292,0.0015,-0.0083,-0.015,3.1
2.356,0.0277,0.0052,-0.0068,-0.0143,3.0
2.357,0.0232,0.0067,-0.0053,-0.012,3.2
2.358,0.0202,0.0045,-0.0008,-0.0113,3.2
2.359,0.015,0.0015,0.0,-0.0083,3.1
2.36,0.012,-0.0008,0.003,-0.0068,3.1
2.361,0.012,-0.0015,0.003,-0.0053,3.1
2.362,0.0082,-0.0015,0.0,-0.0068,3.4
2.363,0.0015,-0.0015,0.0,-0.0053,3.2
2.364,-0.0046,-0.0015,-0.0015,-0.003,3.5
2.365,-0.0105,-0.0008,-0.0053,-0.0008,3.1
2.366,-0.021,0.0,-0.0091,0.0,3.2
2.367,-0.0293,0.0007,-0.0105,-0.0015,3.4
2.368,-0.0315,0.0007,-0.012,-0.003,3.3
2.369,-0.0256,0.0015,-0.0068,-0.0075,3.5
2.37,-0.0181,0.003,-0.0046,-0.0083,3.4
2.371,-0.0105,0.0045,-0.0053,-0.0083,3.6
2.372,-0.0038,0.003,-0.0015,-0.0105,3.4
2.373,0.0105,0.0015,-0.003,-0.0098,3.6
2.374,0.0135,0.0037,0.0007,-0.0098,3.6
2.375,0.0015,0.0052,-0.0008,-0.0068,3.6
2.376,-0.003,0.0067,-0.0008,-0.0046,3.6
2.377,-0.0105,0.0082,0.0007,-0.0008,3.6
2.378,-0.0158,0.006,0.0015,0.0067,3.9
2.379,-0.0225,0.003,0.003,0.0082,3.7
2.38,-0.0293,0.0007,0.0045,0.0075,3.9
2.381,-0.027,-0.0008,0.0075,0.0075,3.8
2.382,-0.0218,0.0015,0.009,0.006,3.8
2.383,-0.0165,0.003,0.009,0.0067,3.9
2.384,-0.015,0.0007,0.009,0.0112,3.9
2.385,-0.0158,-0.0015,0.0105,0.0142,4.1
2.386,-0.0181,-0.0038,0.0105,0.0187,3.8
2.387,-0.0165,-0.0053,0.012,0.0217,4.1
2.388,-0.0158,-0.0053,0.0142,0.024,3.9
2.389,-0.0181,-0.0046,0.0135,0.0337,4.3
2.39,-0.0143,-0.006,0.0135,0.042,4.2
2.391,-0.0105,-0.0083,0.012,0.0502,4.1
2.392,-0.0068,-0.0083,0.012,0.0592,4.2
2.393,-0.0038,-0.0083,0.0105,0.0562,4.1
2.394,-0.0008,-0.0091,0.0075,0.0465,4.3
2.395,-0.0015,-0.0083,0.0067,0.0337,4.1
2.396,0.0022,-0.0091,0.0045,0.021,4.4
2.397,0.003,-0.0105,0.0015,0.0067,4.3
2.398,-0.0008,-0.0091,-0.0008,-0.0046,4.5
2.399,-0.0038,-0.006,-0.0015,-0.0128,4.5
2.4,-0.0068,-0.0046,-0.0023,-0.0218,4.6
2.401,-0.0105,-0.0023,-0.0023,-0.0248,4.7
2.402,-0.0091,-0.0008,-0.003,-0.0233,4.6
2.403,-0.0091,-0.0008,-0.003,-0.0195,4.9
2.404,-0.012,0.0,-0.0023,-0.0188,4.5
2.405,-0.0128,0.0,-0.0053,-0.0158,4.9
2.406,-0.0128,0.0007,-0.0053,-0.015,4.8
2.407,-0.0113,0.0015,-0.0046,-0.0143,4.9
2.408,-0.003,0.0,-0.0046,-0.0128,4.9
2.409,0.0112,0.0015,-0.0038,-0.0165,5.0
2.41,0.0225,0.0015,-0.0015,-0.0218,5.3
2.411,0.0322,0.003,-0.0008,-0.0256,5.0
2.412,0.039,0.0052,0.0007,-0.0293,5.2
2.413,0.0307,0.0052,0.0015,-0.0308,5.2
2.414,0.0045,0.0082,0.0015,-0.0293,5.3
2.415,-0.0375,0.009,0.0022,-0.0308,5.4
2.416,-0.0458,0.0082,0.0015,-0.0323,5.5
2.417,-0.0248,0.009,-0.0008,-0.0278,5.5
2.418,-0.0375,0.0097,0.0007,-0.0218,5.6
2.419,-0.0383,0.0127,0.0037,-0.0165,5.8
2.42,-0.0368,0.0127,0.0037,-0.0105,5.6
2.421,-0.0413,0.0127,0.0022,-0.0098,5.9
2.422,-0.027,0.0142,0.0015,-0.0113,5.8
2.423,-0.015,0.0105,-0.0015,-0.0083,6.1
2.424,0.006,0.0105,-0.0008,-0.0038,6.0
2.425,0.0127,0.0082,0.0015,-0.0023,6.1
2.426,0.018,0.0045,-0.0008,0.0,6.3
2.427,0.0195,0.0037,-0.0015,0.0015,6.3
2.428,0.0165,0.0015,-0.003,0.0037,6.5
2.429,0.0217,0.0,-0.0023,0.0045,6.4
2.43,0.0247,0.0007,-0.0015,-0.0015,6.6
2.431,0.0352,0.0015,-0.0046,-0.0046,6.7
2.432,0.039,0.0015,-0.0038,-0.003,6.7
2.433,0.0457,0.003,-0.0053,-0.003,6.7
2.434,0.0427,0.003,-0.006,-0.003,6.7
2.435,0.0375,0.0007,-0.0068,-0.0046,6.8
2.436,0.0315,0.0,-0.0083,-0.006,6.8
2.437,0.0255,0.0007,-0.006,-0.0083,7.2
2.438,0.027,0.0015,-0.0053,-0.0091,7.1
2.439,0.0277,-0.0015,-0.0046,-0.0053,7.2
2.44,0.0352,-0.0038,-0.0038,-0.0008,7.2
2.441,0.0345,-0.0046,-0.0046,0.0045,7.1
2.442,0.033,-0.006,-0.003,0.0097,7.4
2.443,0.03,-0.0068,-0.003,0.0127,7.3
2.444,0.0247,-0.0068,-0.0046,0.0157,7.8
2.445,0.024,-0.0091,-0.003,0.0157,7.5
2.446,0.0202,-0.0128,-0.0023,0.018,7.7
2.447,0.0232,-0.0165,-0.003,0.0195,7.8
2.448,0.0225,-0.0165,-0.0015,0.0225,7.9
2.449,0.0217,-0.0165,-0.0053,0.0217,7.9
2.45,0.021,-0.0158,-0.0053,0.0217,7.9
2.451,0.0217,-0.0128,-0.0015,0.024,8.1
2.452,0.024,-0.0128,-0.0015,0.0232,8.1
2.453,0.0277,-0.0098,-0.0008,0.024,8.5
2.454,0.033,-0.0068,0.0,0.024,8.3
2.455,0.0352,-0.0053,0.003,0.0225,8.4
2.456,0.0352,-0.003,0.003,0.0217,8.5
2.457,0.0322,-0.0068,0.003,0.0165,8.7
2.458,0.0292,-0.0083,0.003,0.012,8.8
2.459,0.0247,-0.0046,0.0022,0.0082,8.7
2.46,0.0157,0.0,0.0015,0.003,9.0
2.461,0.0112,-0.0008,0.0007,-0.0008,9.0
2.462,0.0082,-0.0105,0.0007,-0.003,9.4
2.463,0.0045,-0.0143,0.0015,0.0,9.2
2.464,0.0022,-0.0091,0.0022,0.0007,9.4
2.465,-0.003,-0.0008,0.0015,-0.0008,9.5
2.466,-0.0113,0.0067,0.0007,0.0007,9.7
2.467,-0.0188,0.009,0.0007,-0.0015,9.9
2.468,-0.0248,0.0075,0.0015,-0.0015,9.9
2.469,-0.0278,0.003,0.003,-0.0046,10.1
2.47,-0.03,0.003,0.0037,-0.0091,10.1
2.471,-0.03,0.0015,0.003,-0.0083,10.3
2.472,-0.03,-0.0008,0.0045,-0.0105,10.4
2.473,-0.0278,0.0,0.0052,-0.0135,10.4
2.474,-0.0285,0.0052,0.0067,-0.0105,10.7
2.475,-0.0293,0.0097,0.0052,0.0105,10.7
2.476,-0.0263,0.0052,0.0045,0.0157,10.9
2.477,-0.0218,0.0045,0.003,-0.0165,11.0
2.478,-0.0233,0.0037,0.0,-0.0165,11.2
2.479,-0.024,0.0052,0.0007,-0.003,11.2
2.48,-0.0248,0.0082,-0.0008,-0.0046,11.5
2.481,-0.0218,0.0105,-0.0008,0.0015,11.5
2.482,-0.0233,0.0097,-0.0008,-0.0091,11.7
2.483,-0.027,0.0015,-0.0008,-0.0165,11.8
2.484,-0.03,-0.0008,0.0007,-0.021,11.8
2.485,-0.0346,0.003,0.0007,-0.0285,12.1
2.486,-0.0353,0.0052,-0.003,-0.0233,12.1
2.487,-0.0308,0.0037,-0.0046,-0.0195,12.2
2.488,-0.027,-0.0015,-0.0053,-0.012,12.5
2.489,-0.024,-0.0015,-0.0083,-0.006,12.5
2.49,-0.0203,0.0,-0.0083,-0.0046,12.8
2.491,-0.0158,-0.003,-0.0075,-0.0053,12.8
2.492,-0.012,-0.003,-0.0083,-0.006,13.1
2.493,-0.0053,-0.0015,-0.0091,-0.0091,13.0
2.494,0.0007,0.0007,-0.0105,-0.0105,13.4
2.495,0.0075,0.0067,-0.012,-0.0128,13.4
2.496,0.0112,0.012,-0.0135,-0.0128,13.7
2.497,0.0142,0.0157,-0.0135,-0.0038,13.7
2.498,0.018,0.018,-0.012,0.0022,14.0
2.499,0.0217,0.0135,-0.0143,0.009,14.1
2.5,0.0247,0.0105,-0.0143,0.018,14.3
2.501,0.0255,0.009,-0.0105,0.0217,14.5
2.502,0.027,0.003,-0.0083,0.0255,14.6
2.503,0.03,-0.0046,-0.0068,0.0292,14.9
2.504,0.027,-0.0113,-0.006,0.0322,15.0
2.505,0.0232,-0.0046,-0.003,0.0375,15.1
2.506,0.021,0.0045,0.0007,0.036,15.5
2.507,0.0217,0.0082,0.0007,0.0277,15.4
2.508,0.0217,0.0135,0.0015,0.0247,15.7
2.509,0.0217,0.0142,0.0007,0.0247,15.8
2.51,0.0217,0.0187,-0.0015,0.009,16.2
2.511,0.021,0.024,-0.0015,-0.0128,16.0
2.512,0.0195,0.0232,-0.003,-0.0195,16.5
2.513,0.0172,0.0142,-0.0075,-0.0135,16.5
2.514,0.0165,0.009,-0.0091,-0.0083,16.7
2.515,0.018,0.0097,-0.0091,-0.0046,16.8
2.516,0.0195,0.009,-0.0091,0.0105,17.0
2.517,0.0142,0.0075,-0.0091,0.0427,17.3
2.518,0.0157,0.0015,-0.0091,0.0405,17.4
2.519,0.0232,0.0045,-0.0091,0.0015,17.5
2.52,0.0225,0.0015,-0.0053,0.0105,17.7
2.521,0.0172,-0.0053,-0.003,0.027,17.9
2.522,0.0195,-0.003,0.0,0.0285,18.1
2.523,0.0225,-0.0046,0.0052,0.0382,18.4
2.524,0.0292,-0.0098,0.0112,0.0232,18.5
2.525,0.0307,-0.0165,0.0202,0.0157,18.7
2.526,0.027,-0.0203,0.0262,0.0067,19.1
2.527,0.0262,-0.0195,0.0292,-0.0135,19.1
2.528,0.0255,-0.0098,0.0315,-0.027,19.5
2.529,0.0255,0.0007,0.0292,-0.039,19.5
2.53,0.0255,0.003,0.0277,-0.0346,19.8
2.531,0.0255,-0.0008,0.0255,-0.0353,19.8
2.532,0.024,-0.003,0.0247,-0.045,20.2
2.533,0.021,-0.0038,0.0232,-0.057,20.3
2.534,0.0195,-0.0091,0.0232,-0.0735,20.7
2.535,0.0172,-0.0158,0.021,-0.0938,20.7
2.536,0.0127,-0.0248,0.0195,-0.114,21.0
2.537,0.009,-0.0353,0.018,-0.1343,21.0
2.538,0.0097,-0.0405,0.0135,-0.165,21.4
2.539,0.009,-0.0428,0.0082,-0.1763,21.5
2.54,0.0037,-0.0488,0.0022,-0.18,21.8
2.541,-0.0046,-0.0503,0.003,-0.1928,22.0
2.542,-0.0128,-0.0458,0.0045,-0.1928,22.4
2.543,-0.0135,-0.0428,0.0037,-0.1793,22.5
2.544,-0.015,-0.0353,0.0045,-0.159,22.7
2.545,-0.0173,-0.0293,0.0037,-0.1335,22.9
2.546,-0.0173,-0.0323,0.0037,-0.1006,23.3
2.547,-0.0181,-0.0338,0.003,-0.0698,23.4
2.548,-0.0218,-0.0338,0.0015,-0.0405,23.8
2.549,-0.0338,-0.0285,-0.0038,-0.0165,23.8
2.55,-0.0503,-0.0173,-0.0263,0.003,24.2
2.551,-0.0653,-0.0105,-0.0788,0.0262,24.3
2.552,-0.0706,-0.0105,-0.12,0.0487,24.7
2.553,-0.0706,-0.0105,-0.0698,0.0615,24.8
2.554,-0.078,-0.0083,0.0315,0.0622,25.2
2.555,-0.0878,-0.0053,0.0675,0.0615,25.5
2.556,-0.0878,0.0007,0.03,0.0712,25.6
2.557,-0.0825,0.0052,-0.0068,0.0892,26.0
2.558,-0.078,0.0022,-0.0346,0.108,26.2
2.559,-0.0788,0.003,-0.0525,0.123,26.3
2.56,-0.0765,0.0127,-0.0405,0.1305,26.7
2.561,-0.0615,0.0172,-0.0218,0.1365,26.9
2.562,-0.0503,0.0217,0.0045,0.1425,27.4
2.563,-0.042,0.024,0.0315,0.1402,27.3
2.564,-0.0218,0.018,0.0412,0.141,27.9
2.565,-0.0053,0.018,0.0292,0.1417,27.9
2.566,0.0105,0.018,0.0,0.1312,28.3
2.567,0.0217,0.0135,-0.024,0.1245,28.6
2.568,0.03,0.0052,-0.0383,0.1185,28.8
2.569,0.0307,-0.0008,-0.0285,0.108,29.0
2.57,0.0255,-0.0008,-0.0015,0.0847,29.4
2.571,0.0247,0.0022,0.0247,0.0637,29.8
2.572,0.0255,0.0067,0.0405,0.0607,29.9
2.573,0.027,0.0157,0.0442,0.0577,30.2
2.574,0.0262,0.0232,0.0495,0.0577,30.4
2.575,0.024,0.027,0.0465,0.0577,30.6
2.576,0.024,0.0277,0.0345,0.0555,30.9
2.577,0.0247,0.0255,0.0217,0.054,31.1
2.578,0.0202,0.0217,0.0075,0.0517,31.5
2.579,0.0165,0.0195,-0.0105,0.0532,31.5
2.58,0.018,0.0172,-0.0188,0.0525,32.1
2.581,0.0112,0.0142,-0.0128,0.0495,32.0
2.582,0.0082,0.0165,-0.0008,0.0382,32.5
2.583,0.0105,0.0202,0.0045,0.0195,32.6
2.584,0.0142,0.0225,0.0045,0.0007,33.0
2.585,0.0105,0.027,0.003,-0.006,33.3
2.586,-0.0068,0.0307,-0.0008,0.0015,33.4
2.587,-0.0143,0.0255,0.0015,0.0015,33.8
2.588,-0.0225,0.0195,0.0037,0.0015,33.9
2.589,-0.0263,0.0105,0.0082,0.0217,34.3
2.59,-0.0165,0.0015,0.012,0.0577,34.4
2.591,-0.0023,-0.003,0.0135,0.0412,34.6
2.592,0.0217,-0.003,0.0142,-0.0128,35.0
2.593,0.0427,-0.0015,0.0127,-0.0143,35.1
2.594,0.0607,0.0,0.0105,-0.0195,35.4
2.595,0.0697,0.0007,0.009,-0.0308,35.5
2.596,0.0712,-0.003,0.0052,-0.021,35.9
2.597,0.0667,-0.0053,-0.0008,-0.0218,36.0
2.598,0.0517,-0.0046,-0.0038,-0.0158,36.3
2.599,0.0292,-0.0023,-0.0023,-0.0315,36.6
2.6,0.0007,-0.0068,0.003,-0.042,36.8
2.601,-0.0225,-0.0091,0.0097,-0.0428,36.9
2.602,-0.03,-0.0083,0.0127,-0.0518,37.1
2.603,-0.027,-0.0091,0.0142,-0.048,37.4
2.604,-0.0195,-0.0091,0.015,-0.0428,37.7
2.605,-0.012,-0.0068,0.0157,-0.0346,38.1
2.606,-0.0105,-0.006,0.012,-0.0308,38.2
2.607,-0.0105,-0.0053,0.0067,-0.0256,38.5
2.608,-0.0075,-0.0008,-0.0008,-0.0181,38.6
2.609,-0.0075,-0.0008,-0.0098,-0.015,38.7
2.61,-0.0143,-0.0068,-0.0181,-0.0158,39.1
2.611,-0.024,-0.0098,-0.027,-0.0233,39.1
2.612,-0.0308,-0.0128,-0.033,-0.0293,39.5
2.613,-0.027,-0.0143,-0.0405,-0.0293,39.6
2.614,-0.0173,-0.0128,-0.0525,-0.0233,40.0
2.615,-0.0053,-0.0143,-0.066,-0.0263,40.0
2.616,0.006,-0.0158,-0.0743,-0.024,40.2
2.617,0.018,-0.0203,-0.0848,0.0157,40.8
2.618,0.0345,-0.0285,-0.0885,0.0525,40.8
2.619,0.0532,-0.0285,-0.0863,0.0195,41.0
2.62,0.075,-0.0248,-0.084,-0.0113,40.9
2.621,0.0952,-0.0218,-0.0773,-0.006,41.5
2.622,0.1087,-0.0203,-0.0713,-0.0173,41.4
2.623,0.12,-0.0218,-0.0518,-0.0091,41.9
2.624,0.1297,-0.024,-0.0203,-0.0046,41.8
2.625,0.1267,-0.0218,0.0067,-0.003,42.3
2.626,0.117,-0.0188,0.0277,0.003,42.2
2.627,0.1087,-0.0181,0.0442,-0.003,42.6
2.628,0.1012,-0.0158,0.0705,0.0022,42.7
2.629,0.0892,-0.0135,0.0915,-0.0015,42.9
2.63,0.0742,-0.012,0.1072,-0.0038,43.1
2.631,0.054,-0.0083,0.1177,0.0007,43.1
2.632,0.0315,-0.006,0.1125,0.0015,43.3
2.633,0.0157,0.0007,0.1042,0.0015,43.8
2.634,0.003,0.009,0.0952,-0.003,43.9
2.635,-0.0023,0.018,0.0855,-0.0008,44.2
2.636,-0.0091,0.024,0.0772,-0.0008,44.4
2.637,-0.015,0.027,0.0735,0.0,44.8
2.638,-0.0195,0.0307,0.069,-0.0053,44.8
2.639,-0.0263,0.033,0.0615,-0.0143,45.1
2.64,-0.0368,0.0337,0.0592,-0.0195,45.2
2.641,-0.0436,0.0315,0.054,-0.033,45.6
2.642,-0.0428,0.03,0.0532,-0.0436,45.6
2.643,-0.0428,0.027,0.054,-0.0465,45.8
2.644,-0.0488,0.024,0.0442,-0.0495,46.0
2.645,-0.0533,0.0232,0.033,-0.0488,46.2
2.646,-0.0563,0.018,0.0202,-0.0465,46.4
2.647,-0.0608,0.015,0.0,-0.0465,46.6
2.648,-0.0608,0.0105,-0.0195,-0.0465,46.8
2.649,-0.0668,0.0075,-0.0323,-0.054,46.9
2.65,-0.0735,0.0045,-0.0428,-0.063,47.2
2.651,-0.0743,0.003,-0.0533,-0.063,47.3
2.652,-0.0803,0.003,-0.06,-0.0615,47.6
2.653,-0.0975,0.0045,-0.0675,-0.0608,47.8
2.654,-0.1065,0.0045,-0.0698,-0.0638,47.7
2.655,-0.1013,0.0045,-0.0645,-0.063,48.4
2.656,-0.0878,0.0052,-0.0518,-0.0555,48.2
2.657,-0.0825,0.0052,-0.033,-0.0495,48.7
2.658,-0.0863,0.0052,-0.015,-0.039,48.6
2.659,-0.0803,0.003,-0.021,-0.033,49.1
2.66,-0.075,0.0022,-0.0443,-0.0278,49.2
2.661,-0.0735,-0.0015,-0.0473,-0.0218,49.6
2.662,-0.0691,-0.003,-0.033,-0.0181,49.5
2.663,-0.0713,-0.003,-0.0181,-0.012,49.8
2.664,-0.0698,-0.0046,-0.015,-0.0091,49.9
2.665,-0.0691,-0.0046,-0.0368,-0.012,50.2
2.666,-0.066,-0.0068,-0.0698,-0.015,50.4
2.667,-0.0555,-0.0091,-0.1013,-0.0165,50.6
2.668,-0.0563,-0.0128,-0.1238,-0.0105,50.8
2.669,-0.0608,-0.0135,-0.1305,-0.0046,51.1
2.67,-0.0555,-0.0135,-0.1223,-0.0015,51.1
2.671,-0.048,-0.0143,-0.1073,0.0,51.3
2.672,-0.0361,-0.0113,-0.09,-0.003,51.3
2.673,-0.027,-0.0046,-0.0728,-0.0083,51.8
2.674,-0.0203,0.0022,-0.0645,-0.0158,51.8
2.675,-0.0128,0.003,-0.0578,-0.0181,52.1
2.676,-0.0053,0.0052,-0.0488,-0.0181,52.1
2.677,0.012,0.003,-0.0413,-0.0195,52.5
2.678,0.027,-0.0015,-0.0346,-0.0158,52.7
2.679,0.0307,-0.0105,-0.0256,-0.0053,52.8
2.68,0.0315,-0.0195,-0.0105,-0.0015,53.1
2.681,0.0345,-0.027,0.006,-0.0075,53.2
2.682,0.0352,-0.0346,0.0247,0.0045,53.6
2.683,0.0457,-0.0383,0.0427,0.0292,53.6
2.684,0.0562,-0.0405,0.0592,0.033,54.0
2.685,0.0637,-0.042,0.0765,0.033,54.0
2.686,0.0787,-0.0405,0.0915,0.0345,54.4
2.687,0.093,-0.039,0.1035,0.0285,54.3
2.688,0.1027,-0.0338,0.1177,0.033,54.7
2.689,0.1095,-0.0256,0.1297,0.0345,54.8
2.69,0.1087,-0.0158,0.1387,0.0345,54.8
2.691,0.1027,-0.0091,0.144,0.0337,55.2
2.692,0.1005,-0.0046,0.1417,0.0307,55.2
2.693,0.1005,-0.0008,0.1312,0.0315,55.5
2.694,0.1005,0.0045,0.1215,0.0322,55.7
2.695,0.1087,0.0075,0.111,0.0382,55.9
2.696,0.12,0.0105,0.1042,0.0412,55.9
2.697,0.1192,0.0097,0.105,0.0427,56.1
2.698,0.1065,0.0097,0.1042,0.042,56.4
2.699,0.105,0.009,0.099,0.0382,56.5
2.7,0.1065,0.0097,0.0862,0.0337,56.8
2.701,0.099,0.012,0.0765,0.0322,56.9
2.702,0.0877,0.0135,0.069,0.0322,57.1
2.703,0.087,0.0202,0.057,0.0277,57.2
2.704,0.0892,0.0315,0.0465,0.027,57.4
2.705,0.0735,0.0472,0.0352,0.0292,57.6
2.706,0.0472,0.0607,0.0292,0.0352,57.7
2.707,0.0112,0.0705,0.021,0.039,58.0
2.708,-0.0195,0.0727,0.009,0.0382,57.8
2.709,-0.042,0.072,-0.0158,0.0345,58.1
2.71,-0.0638,0.072,-0.048,0.024,58.4
2.711,-0.0706,0.0652,-0.081,0.0142,58.2
2.712,-0.0533,0.057,-0.1215,0.0075,58.4
2.713,-0.027,0.0465,-0.1688,0.0007,58.3
2.714,-0.0195,0.0367,-0.2138,-0.0008,58.6
2.715,-0.0181,0.0277,-0.261,-0.0015,58.7
2.716,-0.012,0.018,-0.309,-0.0046,59.0
2.717,-0.0053,0.0082,-0.3421,-0.0083,58.9
2.718,-0.0105,0.0007,-0.3023,-0.012,59.2
2.719,-0.012,-0.0083,-0.1553,-0.015,59.0
2.72,-0.0015,-0.0181,0.0315,-0.0158,59.4
2.721,0.0202,-0.0256,0.2032,-0.0128,59.2
2.722,0.0405,-0.033,0.3465,-0.0105,59.5
2.723,0.045,-0.0375,0.4597,-0.0098,59.4
2.724,0.0427,-0.0413,0.531,-0.0083,59.6
2.725,0.0112,-0.0428,0.5295,-0.0053,59.6
2.726,-0.0278,-0.0405,0.4935,0.0007,59.7
2.727,-0.039,-0.0383,0.42,0.0045,59.7
2.728,-0.0375,-0.0346,0.3082,0.009,59.8
2.729,-0.027,-0.03,0.1995,0.0157,59.8
2.73,0.0277,-0.0263,0.1072,0.0195,59.8
2.731,0.117,-0.024,0.048,0.0217,59.9
2.732,0.1725,-0.024,0.0082,0.024,60.1
2.733,0.1747,-0.021,-0.024,0.0262,59.9
2.734,0.1642,-0.0195,-0.057,0.0232,60.2
2.735,0.1537,-0.0181,-0.0938,0.0217,59.9
2.736,0.1267,-0.0165,-0.1268,0.0202,60.3
2.737,0.0997,-0.0135,-0.153,0.0165,60.0
2.738,0.0787,-0.012,-0.1635,0.0105,60.4
2.739,0.0352,-0.0098,-0.1748,0.0052,60.1
2.74,-0.0083,-0.0068,-0.2003,0.0052,60.5
2.741,-0.0315,0.0007,-0.2475,0.0082,60.3
2.742,-0.054,0.006,-0.3218,0.012,60.3
2.743,-0.0945,0.009,-0.3998,0.0127,60.3
2.744,-0.1215,0.0112,-0.4658,0.012,60.2
2.745,-0.1298,0.0105,-0.5078,0.0105,60.4
2.746,-0.1628,0.0127,-0.519,0.0045,60.2
2.747,-0.1673,0.009,-0.495,-0.0023,60.6
2.748,-0.1335,0.006,-0.441,-0.006,60.3
2.749,-0.0728,0.0052,-0.3743,-0.0105,60.7
2.75,-0.0128,0.0052,-0.2955,-0.0143,60.5
2.751,0.003,0.0082,-0.2205,-0.0143,60.5
2.752,0.009,0.0097,-0.1553,-0.0128,60.5
2.753,-0.0023,0.0142,-0.0968,-0.0143,60.6
2.754,-0.0068,0.018,-0.0436,-0.0188,60.8
2.755,-0.0015,0.0232,0.0015,-0.0203,60.7
2.756,-0.0091,0.0255,0.0322,-0.0233,60.7
2.757,-0.0233,0.0232,0.0532,-0.0263,60.6
2.758,-0.0436,0.0195,0.0705,-0.0248,60.9
2.759,-0.0638,0.0165,0.09,-0.0218,60.8
2.76,-0.0893,0.0135,0.1117,-0.0203,60.7
2.761,-0.096,0.0097,0.1357,-0.0158,60.6
2.762,-0.0863,0.0082,0.1597,-0.0105,60.8
2.763,-0.0885,0.0067,0.1785,-0.0083,60.9
2.764,-0.081,0.009,0.186,-0.006,60.7
2.765,-0.0968,0.0105,0.1807,-0.003,60.8
2.766,-0.0975,0.0082,0.1642,0.003,60.7
2.767,-0.0398,0.0045,0.1387,0.0105,60.8
2.768,-0.0165,0.0,0.1125,0.0165,60.8
2.769,-0.0638,-0.0083,0.0877,0.0255,61.1
2.77,-0.0856,-0.0158,0.0682,0.033,60.8
2.771,-0.0375,-0.0181,0.0495,0.0345,60.8
2.772,-0.0346,-0.0195,0.0285,0.0352,60.9
2.773,-0.0015,-0.0225,0.0142,0.039,60.9
2.774,0.0427,-0.0256,0.0037,0.0412,61.1
2.775,-0.0105,-0.0256,-0.0046,0.042,60.9
2.776,-0.0038,-0.0256,-0.0053,0.0382,61.1
2.777,0.0255,-0.027,-0.0015,0.0307,61.1
2.778,0.042,-0.03,0.0052,0.0202,60.9
2.779,0.045,-0.0346,0.0165,0.0015,61.0
2.78,0.009,-0.0361,0.027,-0.0233,60.9
2.781,-0.006,-0.039,0.0307,-0.0465,61.0
2.782,-0.0165,-0.0405,0.0367,-0.0668,60.7
2.783,0.0067,-0.039,0.0442,-0.0856,61.0
2.784,0.0532,-0.0368,0.0517,-0.0953,60.8
2.785,0.075,-0.0323,0.0637,-0.0945,61.0
2.786,0.084,-0.0218,0.075,-0.0953,60.7
2.787,0.0862,-0.012,0.0855,-0.1021,60.8
2.788,0.0615,-0.0195,0.0967,-0.105,60.6
2.789,0.0825,-0.0315,0.111,-0.108,60.8
2.79,0.162,-0.0315,0.1237,-0.1335,60.6
2.791,0.195,-0.0195,0.129,-0.1411,60.5
2.792,0.1417,-0.0046,0.1297,-0.093,60.5
2.793,0.0322,0.009,0.1297,-0.0735,60.4
2.794,-0.039,0.0195,0.1215,-0.0668,60.3
2.795,-0.0653,0.0255,0.1117,-0.0428,60.3
2.796,-0.0833,0.0292,0.1005,-0.039,60.3
2.797,-0.1103,0.0315,0.0825,-0.0181,60.3
2.798,-0.129,0.0315,0.0622,-0.0091,60.0
2.799,-0.1328,0.0322,0.039,-0.0008,60.0
2.8,-0.1583,0.0322,0.018,0.015,59.9
2.801,-0.1845,0.03,-0.0023,0.027,59.8
2.802,-0.1943,0.0277,-0.0218,0.0442,59.6
2.803,-0.1883,0.024,-0.0346,0.054,59.8
2.804,-0.1808,0.021,-0.042,0.0637,59.4
2.805,-0.1928,0.018,-0.0458,0.057,59.5
2.806,-0.2235,0.015,-0.0436,0.0532,59.2
2.807,-0.2235,0.015,-0.0368,0.0675,59.1
2.808,-0.1913,0.0157,-0.0338,0.0667,59.0
2.809,-0.1688,0.0217,-0.0353,0.0615,59.0
2.81,-0.132,0.027,-0.0346,0.0615,59.1
2.811,-0.0623,0.0292,-0.0383,0.063,58.7
2.812,-0.0015,0.0315,-0.0383,0.0585,58.8
2.813,0.039,0.03,-0.0405,0.0502,58.5
2.814,0.0825,0.0277,-0.0428,0.0465,58.5
2.815,0.1252,0.0255,-0.039,0.042,58.2
2.816,0.1552,0.0247,-0.0383,0.0412,58.2
2.817,0.1702,0.0277,-0.0346,0.042,58.1
2.818,0.183,0.0292,-0.0308,0.0277,58.0
2.819,0.2047,0.0307,-0.0256,0.0007,57.9
2.82,0.2122,0.0322,-0.0225,-0.012,57.6
2.821,0.2047,0.0322,-0.0195,-0.0135,57.6
2.822,0.1845,0.03,-0.0158,-0.021,57.4
2.823,0.1477,0.0285,-0.0143,-0.0083,57.3
2.824,0.108,0.018,-0.0105,0.0607,57.1
2.825,0.0892,0.0052,-0.0105,0.117,57.0
2.826,0.0742,0.0015,-0.012,0.0697,56.8
2.827,0.0352,-0.0068,-0.0128,0.018,56.6
2.828,0.0232,-0.0165,-0.0158,0.003,56.6
2.829,0.0202,-0.024,-0.0165,-0.0203,56.3
2.83,0.009,-0.0323,-0.0165,-0.0195,56.3
2.831,0.0165,-0.039,-0.0128,-0.0233,56.2
2.832,0.0165,-0.0428,-0.0105,-0.0225,55.9
2.833,0.0232,-0.0428,-0.0083,-0.0188,55.8
2.834,0.0352,-0.0428,-0.0068,-0.0218,55.7
2.835,0.0262,-0.042,-0.0091,-0.0218,55.5
2.836,0.0015,-0.0436,-0.012,-0.0248,55.2
2.837,-0.0083,-0.042,-0.0188,-0.0225,55.3
2.838,-0.0181,-0.039,-0.024,-0.0256,55.1
2.839,-0.0353,-0.0405,-0.0256,-0.0293,54.9
2.84,-0.0578,-0.0443,-0.0278,-0.0293,54.6
2.841,-0.0825,-0.0503,-0.0293,-0.0315,54.6
2.842,-0.0915,-0.0578,-0.03,-0.03,54.5
2.843,-0.0975,-0.063,-0.0323,-0.0248,54.1
2.844,-0.0945,-0.0638,-0.0375,-0.0165,54.0
2.845,-0.1013,-0.063,-0.042,-0.0135,53.8
2.846,-0.1073,-0.0608,-0.0436,-0.0143,54.0
2.847,-0.1095,-0.0555,-0.0413,-0.012,53.4
2.848,-0.1155,-0.0511,-0.0346,-0.0098,53.4
2.849,-0.1073,-0.042,-0.0263,-0.0053,53.1
2.85,-0.0998,-0.0323,-0.0158,-0.0015,53.2
2.851,-0.0908,-0.0218,-0.0023,0.0007,52.8
2.852,-0.0698,-0.0105,0.006,0.0052,52.6
2.853,-0.0413,-0.0008,0.0112,0.0067,52.6
2.854,-0.0143,0.003,0.018,0.0067,52.3
2.855,0.0097,0.006,0.0255,0.009,52.1
2.856,0.0337,0.0105,0.0292,0.0082,52.0
2.857,0.0562,0.0112,0.0307,0.0052,51.7
2.858,0.0757,0.012,0.0367,0.003,51.4
2.859,0.099,0.0157,0.042,0.0015,51.3
2.86,0.1252,0.0202,0.0472,0.0022,51.2
2.861,0.1387,0.0277,0.051,0.0022,50.8
2.862,0.144,0.033,0.0495,0.003,50.8
2.863,0.1387,0.0352,0.048,0.003,50.5
2.864,0.1245,0.0367,0.0427,0.0015,50.4
2.865,0.108,0.0337,0.0375,0.003,50.1
2.866,0.0952,0.0307,0.033,0.0052,50.0
2.867,0.09,0.0262,0.0262,0.006,49.5
2.868,0.093,0.0232,0.0232,0.0067,49.5
2.869,0.0937,0.0232,0.021,0.0082,49.3
2.87,0.0952,0.021,0.018,0.0067,49.1
2.871,0.0967,0.021,0.0127,0.0082,48.8
2.872,0.0952,0.0195,0.0082,0.009,48.6
2.873,0.099,0.0165,0.0052,0.0082,48.4
2.874,0.0952,0.0157,0.0015,0.009,48.1
2.875,0.0802,0.0105,-0.0015,0.009,48.0
2.876,0.0817,0.006,-0.0046,0.0067,47.7
2.877,0.1027,0.003,-0.0075,0.0052,47.5
2.878,0.1005,0.0007,-0.012,0.006,47.3
2.879,0.0997,0.0015,-0.0188,0.006,47.2
2.88,0.1005,0.0045,-0.0218,0.0052,47.1
2.881,0.0877,0.0052,-0.0256,0.0052,46.7
2.882,0.0735,0.003,-0.024,0.0067,46.6
2.883,0.0525,-0.0015,-0.0188,0.006,46.2
2.884,0.0427,-0.0046,-0.0135,0.0067,46.2
2.885,0.0292,-0.0053,-0.0113,0.0067,45.7
2.886,0.0195,-0.0068,-0.0091,0.0022,45.6
2.887,0.009,-0.0068,-0.006,-0.0008,45.5
2.888,-0.003,-0.0083,-0.0046,-0.003,45.3
2.889,-0.0143,-0.0075,-0.0008,-0.006,45.1
2.89,-0.0308,-0.0046,-0.0015,-0.0068,44.7
2.891,-0.039,-0.0015,-0.0008,-0.006,44.6
2.892,-0.0473,0.0,0.0007,-0.0053,44.4
2.893,-0.0548,-0.0015,0.0052,-0.0075,44.2
2.894,-0.057,0.0022,0.0097,-0.0083,44.0
2.895,-0.0533,0.006,0.0157,-0.0091,43.6
2.896,-0.054,0.0045,0.0195,-0.0075,43.6
2.897,-0.0555,0.0015,0.0202,-0.0053,43.2
2.898,-0.057,0.0015,0.021,-0.0038,43.4
2.899,-0.0578,0.0015,0.0202,-0.0015,42.7
2.9,-0.0563,0.003,0.0232,-0.0015,42.9
2.901,-0.0518,0.0037,0.024,-0.0038,42.3
2.902,-0.0465,0.0007,0.0232,-0.0091,42.3
2.903,-0.0458,0.0045,0.0232,-0.0143,42.1
2.904,-0.0465,0.0052,0.0217,-0.012,41.8
2.905,-0.048,0.0045,0.0202,-0.015,41.7
2.906,-0.0578,0.0045,0.0195,-0.0165,41.4
2.907,-0.0668,-0.0015,0.0195,0.024,41.3
2.908,-0.0615,0.003,0.0232,0.0712,40.8
2.909,-0.0615,0.0067,0.0255,0.0472,40.9
2.91,-0.063,0.0007,0.0277,0.0165,40.5
2.911,-0.06,-0.0053,0.03,0.0172,40.5
2.912,-0.0653,-0.0038,0.03,-0.0105,40.2
2.913,-0.0623,0.003,0.0307,-0.0203,40.0
2.914,-0.054,0.009,0.0277,-0.0248,39.7
2.915,-0.0518,0.0097,0.027,-0.0293,39.5
2.916,-0.0548,-0.003,0.0262,0.0045,39.5
2.917,-0.057,-0.0113,0.024,0.015,39.0
2.918,-0.0533,-0.0128,0.0202,0.0307,38.8
2.919,-0.0533,-0.03,0.0172,0.0577,38.6
2.92,-0.042,-0.0443,0.0142,0.0232,38.5
2.921,-0.0361,-0.0315,0.0112,-0.12,38.1
2.922,-0.0315,-0.015,0.0127,-0.2168,37.9
2.923,-0.0278,0.0007,0.0142,-0.108,37.9
2.924,-0.0346,0.0075,0.009,0.0375,37.5
2.925,-0.042,-0.0135,0.0,0.0997,37.5
2.926,-0.039,-0.0278,-0.0053,0.0967,37.0
2.927,-0.0308,-0.0256,-0.006,0.0697,37.0
2.928,-0.0323,-0.0038,-0.0091,0.066,36.6
2.929,-0.0293,0.0157,-0.0135,0.0877,36.5
2.93,-0.0225,0.0127,-0.0143,-0.0053,36.2
2.931,-0.0158,0.021,-0.0181,-0.1155,36.0
2.932,-0.0053,0.0217,-0.0218,-0.0195,35.9
2.933,0.0052,0.0352,-0.0285,0.0052,35.5
2.934,0.0217,0.0742,-0.0315,0.0052,35.3
2.935,0.0345,0.0727,-0.0256,-0.0158,35.1
2.936,0.042,0.0405,-0.0285,-0.1373,34.7
2.937,0.0465,0.0202,-0.0323,-0.1065,34.6
2.938,0.0465,0.0082,-0.0315,-0.1283,34.3
2.939,0.0502,0.0015,-0.0315,-0.198,34.2
2.94,0.051,-0.0135,-0.0346,-0.1365,33.9
2.941,0.0585,-0.0428,-0.0368,0.1087,33.8
2.942,0.0652,-0.0623,-0.0383,0.2325,33.5
2.943,0.069,-0.0668,-0.0443,0.1237,33.3
2.944,0.0712,-0.045,-0.0503,0.135,33.0
2.945,0.072,0.0067,-0.0563,0.0337,32.8
2.946,0.075,0.027,-0.063,-0.0788,32.6
2.947,0.075,0.0412,-0.0668,-0.0015,32.4
2.948,0.0742,0.0562,-0.0668,0.069,32.3
2.949,0.0705,0.063,-0.0638,0.0577,31.8
2.95,0.069,0.1057,-0.0563,-0.039,31.6
2.951,0.0637,0.087,-0.048,-0.0181,31.4
2.952,0.057,0.048,-0.0428,0.0517,31.3
2.953,0.0502,0.003,-0.0375,0.0652,31.0
2.954,0.0457,-0.0368,-0.033,0.0097,30.7
2.955,0.0427,-0.0256,-0.027,-0.0083,30.7
2.956,0.042,-0.0323,-0.021,0.0142,30.4
2.957,0.0382,-0.0113,-0.0181,-0.0263,30.2
2.958,0.03,-0.0046,-0.0128,0.0022,29.8
2.959,0.024,-0.0053,-0.0083,-0.0128,29.8
2.96,0.0172,0.0022,-0.0015,-0.0361,29.5
2.961,0.0097,-0.0053,0.006,-0.0691,29.5
2.962,0.0015,-0.0046,0.0142,-0.063,29.1
2.963,-0.0015,-0.0128,0.0165,-0.0038,29.0
2.964,-0.003,-0.012,0.0172,-0.0323,28.7
2.965,-0.0046,-0.0165,0.0217,-0.0173,28.6
2.966,-0.0046,-0.0188,0.0255,-0.0256,28.4
2.967,-0.0068,-0.0158,0.027,-0.0353,28.2
2.968,-0.0068,-0.0143,0.0277,-0.0248,27.9
2.969,-0.0023,-0.0083,0.0315,-0.0053,27.8
2.97,0.0037,-0.0091,0.0292,0.0765,27.4
2.971,0.0067,-0.0068,0.0292,0.0892,27.5
2.972,0.0142,-0.003,0.0285,0.0202,26.9
2.973,0.0217,0.0045,0.0315,-0.0256,27.0
2.974,0.0232,0.0022,0.0345,0.009,26.5
2.975,0.0225,-0.0008,0.0322,-0.0098,26.5
2.976,0.0172,-0.0008,0.0315,-0.0368,26.2
2.977,0.009,-0.0083,0.0277,0.0015,26.2
2.978,0.0045,-0.0158,0.024,0.0285,25.8
2.979,-0.0015,-0.0233,0.0225,0.0832,25.9
2.98,-0.0105,-0.0098,0.0195,0.099,25.5
2.981,-0.0195,0.0195,0.0187,0.0885,25.5
2.982,-0.033,0.024,0.018,0.0675,25.0
2.983,-0.042,0.0307,0.0165,-0.0248,24.9
2.984,-0.0405,0.0495,0.0172,-0.219,24.7
2.985,-0.03,0.0645,0.018,-0.3135,24.4
2.986,-0.0263,0.0472,0.0187,-0.114,24.2
2.987,-0.0353,0.003,0.018,-0.0233,24.0
2.988,-0.042,-0.0233,0.0187,-0.0315,23.8
2.989,-0.0398,-0.0233,0.0127,0.0195,23.7
2.99,-0.0353,-0.0068,0.0045,-0.0083,23.4
2.991,-0.0315,-0.0105,-0.003,0.0292,23.3
2.992,-0.0233,-0.0278,-0.0068,0.051,22.9
2.993,-0.0225,-0.0158,-0.0128,0.0307,22.7
2.994,-0.0278,-0.0083,-0.0165,0.0202,22.4
2.995,-0.0368,-0.033,-0.0143,0.0232,22.4
2.996,-0.0443,-0.0308,-0.0158,0.0502,22.0
2.997,-0.045,0.0007,-0.012,0.0592,22.0
2.998,-0.0495,0.039,-0.0068,0.1005,21.7
2.999,-0.0533,0.0592,-0.0015,0.0997,21.5
3.0,-0.054,0.024,0.0045,-0.0233,21.2
3.001,-0.0615,-0.0353,0.006,-0.135,21.0
3.002,-0.0698,-0.0495,0.0082,-0.1103,20.8
3.003,-0.0683,-0.0323,0.0022,-0.0675,20.5
3.004,-0.0623,-0.054,0.003,0.0367,20.4
3.005,-0.0555,-0.0525,0.009,0.1252,20.1
3.006,-0.0443,-0.042,0.0127,0.0382,19.9
3.007,-0.027,-0.0315,0.015,-0.0675,19.6
3.008,-0.0143,-0.0105,0.018,-0.0428,19.3
3.009,0.0,0.009,0.0202,0.0922,19.3
3.01,0.009,0.0285,0.018,0.0885,18.9
3.011,0.015,0.0225,0.018,0.0442,18.8
3.012,0.0202,0.018,0.0142,-0.0315,18.4
3.013,0.0127,0.0037,0.0037,-0.1028,18.4
3.014,0.0165,-0.0015,-0.003,-0.024,18.1
3.015,0.0202,-0.012,-0.0053,0.0345,18.0
3.016,0.0165,-0.0195,-0.0091,0.0675,17.8
3.017,0.0127,-0.0068,-0.0105,0.0495,17.6
3.018,0.0045,-0.0046,-0.0091,0.0772,17.5
3.019,0.003,0.0037,-0.0105,0.0592,17.1
3.02,0.0007,-0.0015,-0.0113,0.0037,17.0
3.021,-0.0075,-0.0053,-0.0128,0.0187,16.7
3.022,-0.0158,-0.0075,-0.0113,-0.0181,16.7
3.023,-0.012,-0.012,-0.0105,-0.0046,16.4
3.024,-0.003,-0.0091,-0.0143,-0.0165,16.2
3.025,0.003,-0.0091,-0.0165,-0.0428,16.2
3.026,0.0082,-0.0068,-0.0188,-0.0473,15.7
3.027,-0.0008,-0.0128,-0.0195,-0.0353,15.9
3.028,-0.0143,-0.0218,-0.0195,0.0165,15.3
3.029,-0.0195,-0.0143,-0.0181,0.021,15.6
3.03,-0.0218,0.0007,-0.0143,0.0082,15.1
3.031,-0.0225,0.0157,-0.0128,-0.0105,15.0
3.032,-0.0256,0.0277,-0.0083,-0.012,14.7
3.033,-0.0278,0.0172,-0.006,-0.021,14.6
3.034,-0.0278,-0.024,-0.0053,-0.0195,14.4
3.035,-0.0233,-0.0653,-0.0083,-0.0143,14.0
3.036,-0.0008,-0.0638,-0.012,-0.0233,14.3
3.037,0.0225,-0.033,-0.0135,-0.012,13.9
3.038,0.0352,0.0052,-0.0143,0.015,13.9
3.039,0.0442,0.0307,-0.0165,0.0705,13.5
3.04,0.0517,0.0277,-0.0195,0.0457,13.5
3.041,0.0532,0.0075,-0.0195,-0.012,13.3
3.042,0.0345,-0.0038,-0.0158,-0.0008,13.2
3.043,0.0082,0.0247,-0.0143,-0.0008,13.0
3.044,-0.0098,0.0585,-0.0128,0.012,12.8
3.045,-0.0203,0.0547,-0.0091,0.048,12.7
3.046,-0.0315,0.0165,-0.0053,0.096,12.6
3.047,-0.0443,-0.015,0.0,0.144,12.5
3.048,-0.0638,-0.003,0.006,0.045,12.4
3.049,-0.0795,0.015,0.0127,-0.1965,12.1
3.05,-0.0893,0.009,0.0187,-0.2168,12.0
3.051,-0.0938,0.0045,0.0217,0.0172,11.8
3.052,-0.09,0.0097,0.0232,0.0832,11.7
3.053,-0.0825,-0.0075,0.0202,0.1012,11.5
3.054,-0.0683,-0.0578,0.024,0.075,11.2
3.055,-0.0443,-0.0968,0.027,-0.1553,11.0
3.056,-0.0046,-0.093,0.027,-0.3158,10.7
3.057,0.0187,-0.0728,0.0277,-0.2558,10.7
3.058,0.0202,-0.0593,0.0082,-0.0278,10.5
3.059,0.0352,-0.0511,-0.0735,-0.006,10.4
3.06,0.0517,-0.0765,-0.207,-0.0091,10.1
3.061,0.0652,-0.0788,-0.2791,0.0352,10.2
3.062,0.0705,-0.027,-0.2393,-0.0068,9.9
3.063,0.0727,0.0105,-0.1275,0.0682,9.8
3.064,0.081,0.0165,0.0292,0.1147,9.8
3.065,0.087,-0.0008,0.1552,0.1102,9.6
3.066,0.09,0.003,0.177,-0.0046,9.6
3.067,0.093,0.0135,0.1515,-0.0615,9.1
3.068,0.096,0.0067,0.1402,0.003,9.5
3.069,0.1005,-0.0181,0.1192,0.0892,9.0
3.07,0.105,-0.0375,0.0997,0.1687,9.2
3.071,0.1087,-0.0428,0.0787,0.1042,9.0
3.072,0.1125,-0.0488,0.0727,0.093,8.9
3.073,0.1207,-0.0473,0.0862,0.0405,8.8
3.074,0.1237,-0.0256,0.0892,0.024,8.6
3.075,0.1177,-0.003,0.1005,0.1687,8.7
3.076,0.1027,-0.0188,0.1057,0.09,8.4
3.077,0.0922,-0.0361,0.1005,-0.1673,8.6
3.078,0.093,-0.0225,0.0915,-0.1613,8.2
3.079,0.093,0.0465,0.075,-0.0713,8.2
3.08,0.0915,0.1102,0.0525,-0.2866,8.1
3.081,0.087,0.12,0.0232,-0.3803,8.1
3.082,0.075,0.1297,-0.0008,-0.1185,8.0
3.083,0.0637,0.1372,-0.0188,0.2295,7.8
3.084,0.057,0.1245,-0.0405,0.2632,8.0
3.085,0.0532,0.0817,-0.0833,0.0577,7.6
3.086,0.0472,0.0645,-0.1305,-0.0706,7.8
3.087,0.0465,0.1072,-0.1523,-0.2085,7.6
3.088,0.0495,0.1492,-0.1478,-0.117,7.6
3.089,0.0495,0.1335,-0.1365,0.0292,7.6
3.09,0.0427,0.039,-0.1133,0.0547,7.7
3.091,0.0255,-0.0458,-0.0653,0.0517,7.6
3.092,0.0015,-0.0503,-0.0293,0.0015,7.4
3.093,-0.0233,-0.0278,-0.0015,0.0637,7.5
3.094,-0.0428,-0.0053,0.0142,0.108,7.4
3.095,-0.0593,0.0022,0.0142,0.0645,7.2
3.096,-0.0728,0.009,0.015,0.0187,7.2
3.097,-0.0803,0.0232,0.0195,0.0937,7.2
3.098,-0.0856,0.0345,0.0292,0.0547,7.2
3.099,-0.09,0.0525,0.0397,-0.0585,7.1
3.1,-0.0938,0.0352,0.045,-0.0165,7.0
3.101,-0.093,-0.0105,0.042,-0.063,6.9
3.102,-0.0833,-0.0533,0.042,-0.0668,7.1
3.103,-0.0743,-0.054,0.042,0.006,6.9
3.104,-0.0728,-0.0195,0.0367,0.1132,7.0
3.105,-0.0713,0.0142,0.0307,0.1897,6.8
3.106,-0.0653,0.0337,0.0217,0.087,7.0
3.107,-0.063,0.0465,0.0202,-0.0413,6.8
3.108,-0.0585,0.069,0.018,-0.0953,6.9
3.109,-0.0495,0.072,0.012,-0.0825,6.8
3.11,-0.0405,0.033,0.0015,-0.1245,6.7
3.111,-0.0278,-0.0443,-0.0128,-0.09,6.9
3.112,-0.0143,-0.1035,-0.0225,0.0817,6.8
3.113,-0.0038,-0.1396,-0.03,0.1762,6.8
3.114,0.003,-0.1335,-0.03,0.0825,6.9
3.115,0.0105,-0.0683,-0.03,-0.0293,6.7
3.116,0.015,-0.0105,-0.0488,-0.0383,6.8
3.117,0.0135,0.012,-0.0608,-0.1778,6.6
3.118,0.0082,0.0195,-0.0533,-0.1838,6.9
3.119,-0.0008,0.0217,-0.0353,-0.0256,6.7
3.12,-0.0046,0.0127,-0.0203,0.0067,7.0
3.121,-0.0075,0.009,-0.0225,0.0307,6.7
3.122,-0.0068,0.0105,-0.021,0.024,7.0
3.123,-0.0053,0.0472,-0.0181,0.0007,6.7
3.124,-0.003,0.0615,-0.021,0.009,6.9
3.125,-0.0068,0.0285,-0.0181,0.018,6.7
3.126,-0.0083,0.027,-0.0203,0.0082,6.9
3.127,-0.0105,0.0157,-0.0278,0.003,6.8
3.128,-0.015,-0.0091,-0.0323,0.0255,6.7
3.129,-0.0173,-0.0293,-0.0278,0.0472,6.7
3.13,-0.0218,-0.057,-0.0165,0.0855,6.7
3.131,-0.0256,-0.0773,-0.0046,0.1162,7.0
3.132,-0.03,-0.084,-0.003,0.129,6.7
3.133,-0.0308,-0.0735,-0.012,0.096,6.7
3.134,-0.0285,-0.0555,-0.0165,0.045,6.7
3.135,-0.0218,-0.0218,-0.0233,-0.0915,6.4
3.136,-0.0188,0.0225,-0.0233,-0.3225,6.5
3.137,-0.0128,0.051,-0.0158,-0.3345,6.4
3.138,-0.0068,0.0607,-0.0135,-0.2558,6.5
3.139,-0.0046,0.0637,-0.0091,-0.1238,6.3
3.14,-0.0091,0.0442,-0.012,0.1125,6.7
3.141,-0.0128,-0.0075,-0.0181,0.1252,6.4
3.142,0.0067,-0.0503,-0.021,0.0787,6.4
3.143,0.0307,-0.057,-0.027,0.0735,6.4
3.144,0.0345,-0.0533,-0.0368,0.0727,6.2
3.145,0.0202,-0.0465,-0.045,0.063,6.1
3.146,0.006,-0.0458,-0.0533,0.0367,5.8
3.147,-0.0038,-0.057,-0.0668,0.009,5.8
3.148,-0.0165,-0.0375,-0.0788,-0.0533,5.5
3.149,-0.0285,0.0052,-0.084,-0.0413,5.5
3.15,-0.0383,0.0142,-0.0878,-0.0938,5.2
3.151,-0.0495,0.0142,-0.093,-0.1118,5.1
3.152,-0.0653,0.0097,-0.0983,0.0052,4.8
3.153,-0.0788,-0.003,-0.0938,0.0142,4.6
3.154,-0.0863,0.0082,-0.0825,0.0112,4.5
3.155,-0.0833,0.0195,-0.057,0.0607,4.1
3.156,-0.0788,0.0225,-0.0248,0.1267,4.2
3.157,-0.0706,0.0097,0.0067,0.1222,3.9
3.158,-0.0555,-0.0361,0.0315,0.0127,3.8
3.159,-0.0405,-0.0645,0.0502,0.0285,3.6
3.16,-0.0256,-0.0346,0.06,0.0787,3.4
3.161,-0.0091,0.0007,0.0562,0.0082,3.4
3.162,0.003,0.0022,0.0427,-0.0518,3.2
3.163,0.0082,-0.0143,0.027,-0.0091,3.2
3.164,0.0165,-0.012,0.0105,0.0195,3.0
3.165,0.0345,0.0082,0.0045,-0.0203,2.9
3.166,0.0442,0.009,0.0142,-0.0398,2.8
3.167,0.036,0.0127,0.0375,-0.0428,2.8
3.168,0.0307,0.0157,0.0705,-0.0338,2.8
3.169,0.0352,0.024,0.1102,-0.0495,2.6
3.17,0.042,0.0375,0.147,-0.0975,2.7
3.171,0.0517,0.033,0.1762,-0.0165,2.5
3.172,0.0555,0.0217,0.186,0.165,2.7
3.173,0.0607,0.006,0.1785,0.111,2.3
3.174,0.0682,-0.0015,0.171,0.009,2.5
3.175,0.0712,0.0037,0.1672,0.048,2.4
3.176,0.0705,0.0172,0.162,0.042,2.4
3.177,0.0652,0.0202,0.1597,0.0285,2.4
3.178,0.0487,0.0127,0.165,0.0022,2.1
3.179,0.0345,0.0,0.1665,0.0007,2.3
3.18,0.03,-0.0173,0.1582,-0.012,2.2
3.181,0.0232,-0.0233,0.1402,-0.0233,2.2
3.182,0.0195,-0.0256,0.12,-0.0008,2.2
3.183,0.0225,-0.0315,0.102,-0.0563,2.2
3.184,0.0262,-0.0353,0.0817,-0.0691,2.1
3.185,0.0232,-0.0368,0.0615,0.027,2.0
3.186,0.0232,-0.0195,0.0427,0.063,2.2
3.187,0.0202,0.0052,0.0277,-0.0158,2.1
3.188,0.0007,0.024,0.0112,-0.0668,2.2
3.189,-0.0098,0.0202,0.0045,0.0067,2.1
3.19,-0.0008,-0.0188,0.0097,0.0195,2.3
3.191,0.0097,-0.0143,0.0202,-0.0915,2.3
3.192,-0.0015,0.0292,0.0202,-0.0256,2.4
3.193,-0.003,0.0352,0.009,0.0547,2.4
3.194,0.018,0.0165,-0.0158,0.093,2.4
3.195,0.0052,-0.0053,-0.048,0.0067,2.6
3.196,-0.0315,-0.0038,-0.075,-0.1635,2.4
3.197,-0.0256,0.0157,-0.0975,0.0667,2.9
3.198,-0.0233,0.0585,-0.108,0.144,2.6
3.199,-0.0398,0.1012,-0.1006,0.0697,2.8
3.2,-0.048,0.1005,-0.0743,-0.0165,2.6
3.201,-0.081,0.057,-0.033,-0.192,2.9
3.202,-0.1073,-0.0495,0.0052,0.0157,3.1
3.203,-0.1283,-0.1515,0.0315,0.0757,3.1
3.204,-0.1426,-0.1426,0.0517,-0.0203,3.2
3.205,-0.135,-0.0683,0.06,-0.1155,3.1
3.206,-0.1426,-0.0015,0.0592,-0.2093,3.5
3.207,-0.1478,0.0232,0.0495,-0.0818,3.6
3.208,-0.1455,0.0195,0.0307,-0.0128,3.7
3.209,-0.1328,0.024,0.0165,0.027,3.7
3.21,-0.1133,0.024,0.0007,0.0195,3.6
3.211,-0.0983,0.027,-0.0188,0.0105,4.0
3.212,-0.0848,0.0165,-0.0361,-0.0105,3.8
3.213,-0.1088,0.0052,-0.0518,-0.06,4.0
3.214,-0.1545,0.0067,-0.0638,0.0225,4.0
3.215,-0.1575,0.0052,-0.078,0.0405,4.2
3.216,-0.1268,0.0082,-0.0863,0.0307,4.1
3.217,-0.0833,0.0052,-0.0908,0.0457,4.1
3.218,-0.0458,0.0037,-0.0915,0.0277,4.4
3.219,-0.0383,0.0037,-0.093,0.0322,4.0
3.22,-0.0346,0.003,-0.093,0.0195,4.1
3.221,-0.003,0.0,-0.0923,0.0142,4.0
3.222,0.045,-0.0015,-0.0908,0.012,4.1
3.223,0.0637,-0.0008,-0.0893,0.012,3.8
3.224,0.081,-0.0015,-0.0893,0.0165,3.9
3.225,0.117,-0.003,-0.0878,0.0307,3.8
3.226,0.135,-0.006,-0.0848,0.0787,3.6
3.227,0.1462,-0.0068,-0.0833,0.0847,3.8
3.228,0.159,-0.003,-0.0825,0.0465,3.5
3.229,0.174,-0.0023,-0.0848,0.0555,3.5
3.23,0.1972,-0.003,-0.0848,0.0742,3.3
3.231,0.2182,-0.0008,-0.0825,0.048,3.4
3.232,0.2355,0.003,-0.0788,0.003,3.1
3.233,0.2407,0.0067,-0.0743,-0.054,3.2
3.234,0.2422,0.0022,-0.0691,-0.1028,3.1
3.235,0.27,-0.0015,-0.057,-0.1613,3.0
3.236,0.291,-0.0015,-0.0458,-0.0878,3.1
3.237,0.2902,-0.006,-0.0361,-0.0091,2.8
3.238,0.3015,-0.0046,-0.021,-0.0405,3.0
3.239,0.3165,-0.0046,-0.0105,0.0007,2.9
3.24,0.3195,-0.0053,-0.0008,-0.033,2.8
3.241,0.3022,-0.003,0.0105,-0.0361,2.9
3.242,0.2895,-0.0046,0.0202,0.0007,2.6
3.243,0.2745,-0.0038,0.0322,0.0157,3.0
3.244,0.243,-0.0046,0.0412,0.0562,2.6
3.245,0.195,-0.0128,0.045,0.0397,2.8
3.246,0.1192,-0.0218,0.048,0.0225,2.6
3.247,0.048,-0.0181,0.0517,-0.0548,2.6
3.248,0.0307,-0.015,0.0465,-0.1313,2.4
3.249,0.0607,-0.0158,0.0367,-0.1043,2.6
3.25,0.0787,-0.006,0.0285,0.054,2.6
3.251,0.0712,0.0142,0.0202,0.216,2.6
3.252,0.0442,0.0292,0.0127,0.1125,2.4
3.253,0.0285,0.0157,0.0045,-0.0413,2.4
3.254,0.0232,-0.0023,-0.0053,0.0652,2.4
3.255,-0.0015,-0.0098,-0.0143,0.0952,2.4
3.256,-0.0383,-0.0015,-0.0173,-0.057,2.2
3.257,-0.0743,0.0075,-0.0195,-0.0315,2.2
3.258,-0.1043,0.0052,-0.0256,0.0255,2.3
3.259,-0.1411,0.009,-0.0225,0.003,2.3
3.26,-0.168,0.009,-0.0143,0.0067,2.1
3.261,-0.186,0.0082,-0.0075,0.0562,2.3
3.262,-0.192,-0.0046,0.0082,0.0367,2.2
3.263,-0.1808,-0.0091,0.0202,-0.1411,2.3
3.264,-0.1696,-0.0015,0.0255,-0.1815,2.2
3.265,-0.159,-0.006,0.0307,-0.0346,2.2
3.266,-0.1298,-0.0068,0.0315,0.0195,2.1
3.267,-0.0968,-0.0046,0.033,-0.0053,2.1
3.268,-0.0915,-0.0015,0.0307,0.0097,2.3
3.269,-0.1013,-0.003,0.0202,-0.021,2.1
3.27,-0.1238,-0.0053,0.0127,-0.0173,2.1
3.271,-0.1403,-0.0053,0.003,0.0105,2.1
3.272,-0.1433,-0.0046,-0.0075,-0.0165,1.9
3.273,-0.1553,-0.003,-0.0181,0.0142,1.9
3.274,-0.156,-0.0075,-0.024,0.0075,1.8
3.275,-0.168,-0.0113,-0.027,-0.0083,2.1
3.276,-0.1815,-0.0091,-0.033,0.0052,1.8
3.277,-0.1748,-0.0053,-0.0428,-0.0233,2.1
3.278,-0.1711,0.003,-0.054,0.0232,1.9
3.279,-0.1628,0.0097,-0.0615,0.0367,1.9
3.28,-0.1613,0.006,-0.0728,-0.075,1.7
3.281,-0.1388,0.0007,-0.0878,-0.0638,1.8
3.282,-0.0436,-0.0015,-0.1021,0.0832,1.8
3.283,0.1125,-0.006,-0.1125,0.0975,1.9
3.284,0.3112,-0.0015,-0.1185,0.015,1.9
3.285,0.423,0.0037,-0.117,-0.0308,1.6
3.286,0.3555,0.0052,-0.1118,-0.075,1.8
3.287,0.201,0.0045,-0.1058,-0.081,1.8
3.288,0.0427,-0.003,-0.096,0.021,1.8
3.289,-0.0878,-0.0083,-0.0803,0.0352,1.7
3.29,-0.1665,0.003,-0.0675,-0.042,1.6
3.291,-0.1973,0.0112,-0.0563,0.0202,1.8
3.292,-0.1958,0.0,-0.048,0.0637,1.7
3.293,-0.1845,-0.0075,-0.045,-0.0195,1.8
3.294,-0.1665,-0.012,-0.0375,-0.033,1.6
3.295,-0.1485,-0.0165,-0.0338,-0.0046,1.8
3.296,-0.1373,-0.0158,-0.0323,-0.1381,1.3
3.297,-0.1328,-0.003,-0.0203,-0.207,1.8
3.298,-0.132,0.0045,0.0052,-0.0578,1.5
3.299,-0.1275,-0.003,0.0405,0.0607,1.8
3.3,-0.129,-0.0091,0.0765,0.0765,1.6
3.301,-0.1193,-0.0113,0.1087,0.06,1.5
3.302,-0.0833,-0.0143,0.1402,0.0495,1.7
3.303,-0.057,-0.0098,0.1635,0.0352,1.6
3.304,-0.0383,-0.0083,0.1777,0.0015,1.6
3.305,-0.0218,-0.0046,0.1897,0.0075,1.5
3.306,-0.0098,0.0067,0.1987,0.0405,1.5
3.307,0.0142,0.009,0.2085,0.1155,1.7
3.308,0.027,0.0082,0.2242,0.1965,1.6
3.309,0.0277,0.0067,0.2467,0.144,1.8
3.31,0.0405,0.0045,0.2722,0.006,1.5
3.311,0.054,0.006,0.294,-0.0015,1.6
3.312,0.048,0.0097,0.312,0.021,1.5
3.313,0.042,0.0097,0.3165,-0.042,1.5
3.314,0.0525,-0.0015,0.3142,-0.0083,1.5
3.315,0.0532,-0.012,0.3037,-0.027,1.6
3.316,0.0705,-0.015,0.2895,-0.0953,1.5
3.317,0.0937,-0.0143,0.27,-0.027,1.6
3.318,0.1042,-0.0098,0.2467,-0.0608,1.6
3.319,0.1305,0.0067,0.2242,-0.183,1.5
3.32,0.1522,0.0262,0.1927,-0.1065,1.7
3.321,0.1762,0.0277,0.1537,-0.012,1.6
3.322,0.195,0.024,0.117,0.0217,1.6
3.323,0.2062,0.015,0.081,0.0607,1.7
3.324,0.2062,0.0082,0.0435,-0.0046,1.7
3.325,0.189,0.0067,0.0067,0.0315,1.8
3.326,0.171,-0.0008,-0.0203,0.093,1.7
3.327,0.1522,-0.0015,-0.0428,0.0442,1.8
3.328,0.1432,-0.003,-0.066,0.069,1.6
3.329,0.1192,-0.0083,-0.0893,0.0892,1.9
3.33,0.0967,-0.0105,-0.1103,0.066,1.6
3.331,0.0727,-0.0091,-0.1253,0.012,1.8
3.332,0.042,-0.0068,-0.1388,-0.0615,1.6
3.333,0.012,0.0022,-0.1493,-0.0863,1.8
3.334,-0.0165,0.0112,-0.156,-0.048,1.7
3.335,-0.0181,0.0097,-0.159,-0.0638,1.6
3.336,-0.0195,0.006,-0.156,-0.0893,1.8
3.337,-0.039,0.0015,-0.1568,0.0382,1.8
3.338,-0.054,0.0007,-0.159,0.0967,1.7
3.339,-0.0518,-0.0046,-0.1605,0.063,1.9
3.34,-0.0383,-0.012,-0.159,-0.0278,1.6
3.341,-0.0158,-0.0038,-0.1575,-0.1733,1.8
3.342,0.0052,-0.0046,-0.1485,-0.186,1.8
3.343,0.0097,-0.012,-0.1343,-0.0743,1.8
3.344,0.0105,0.0097,-0.1275,0.0165,1.8
3.345,0.0082,0.0345,-0.117,-0.0443,1.9
3.346,-0.0023,0.0277,-0.1118,-0.0555,1.7
3.347,-0.033,0.009,-0.1125,-0.0735,2.0
3.348,-0.0803,0.0007,-0.1125,-0.1778,1.6
3.349,-0.117,-0.0046,-0.1133,-0.0375,1.9
3.35,-0.1065,-0.0075,-0.1118,0.0892,1.8
3.351,-0.0938,-0.0068,-0.108,0.1612,1.9
3.352,-0.1275,-0.0128,-0.0983,0.2955,1.8
3.353,-0.1485,-0.0165,-0.0848,0.231,1.8
3.354,-0.1388,-0.0091,-0.0743,0.0945,1.9
3.355,-0.1148,-0.0068,-0.0668,0.0277,1.7
3.356,-0.0998,-0.0075,-0.0645,0.0157,1.8
3.357,-0.0915,-0.0083,-0.0691,0.0232,1.6
3.358,-0.0825,-0.0105,-0.0698,0.0097,1.8
3.359,-0.0795,-0.0098,-0.0683,-0.0083,1.6
3.36,-0.0675,-0.0053,-0.0653,0.0105,1.8
3.361,-0.0555,-0.0023,-0.0623,0.036,1.8
3.362,-0.0233,0.0,-0.0608,-0.0143,1.6
3.363,0.0165,0.006,-0.0593,-0.0706,1.8
3.364,0.0435,0.0075,-0.057,-0.0053,1.8
3.365,0.0705,0.0015,-0.0533,0.0765,1.7
3.366,0.0892,0.0075,-0.0511,-0.0068,1.5
3.367,0.087,0.0067,-0.0488,-0.1688,1.6
3.368,0.0637,0.0007,-0.0465,-0.1155,1.8
3.369,0.0255,0.0022,-0.0473,-0.0105,1.8
3.37,0.0052,0.0007,-0.0503,-0.06,1.8
3.371,0.009,0.0045,-0.054,-0.027,1.8
3.372,0.0202,0.0037,-0.0518,-0.0015,1.8
3.373,0.0217,0.0007,-0.0533,-0.0105,1.8
3.374,0.0202,-0.003,-0.0495,0.0105,1.9
3.375,0.024,-0.0091,-0.0443,0.042,1.8
3.376,0.0262,-0.0083,-0.0413,0.06,1.8
3.377,0.0277,0.0007,-0.0375,-0.0165,1.8
3.378,0.0255,0.0082,-0.0315,-0.0046,2.0
3.379,0.024,0.0015,-0.0256,-0.0068,1.9
3.38,0.0285,-0.0053,-0.0195,-0.0915,1.8
3.381,0.0262,-0.0053,-0.0181,-0.081,2.0
3.382,0.0105,0.0007,-0.0135,-0.1403,1.7
3.383,-0.003,0.0045,-0.0105,-0.1118,2.0
3.384,-0.0105,-0.0008,-0.0105,0.009,2.0
3.385,-0.0105,-0.0008,-0.0083,0.0165,1.9
3.386,-0.0135,0.0,-0.0053,0.0375,2.2
3.387,-0.0143,-0.003,-0.0015,0.0067,2.0
3.388,-0.0195,-0.0046,0.0052,0.0322,2.3
3.389,-0.039,-0.0015,0.009,0.0637,2.0
3.39,-0.0473,0.0,0.0112,0.0277,2.2
3.391,-0.063,0.0022,0.0165,0.003,2.1
3.392,-0.0885,0.0045,0.0247,-0.0428,2.1
3.393,-0.093,0.0075,0.0285,0.0082,2.1
3.394,-0.0638,0.012,0.03,0.0232,2.1
3.395,-0.0263,0.0067,0.0337,0.0082,2.0
3.396,-0.0181,-0.0008,0.0405,0.0217,2.1
3.397,-0.0225,-0.003,0.0457,0.0735,2.1
3.398,-0.0181,-0.006,0.054,0.1927,2.1
3.399,-0.003,-0.0113,0.063,0.1747,2.2
3.4,0.0142,-0.0046,0.0727,0.0592,2.1
3.401,0.0367,0.0075,0.0802,0.0067,2.2
3.402,0.054,0.0135,0.0802,-0.0143,2.2
3.403,0.0502,0.0097,0.0802,-0.0975,2.2
3.404,0.0457,0.0015,0.0787,-0.12,2.1
3.405,0.0367,-0.0008,0.0772,-0.0091,2.0
3.406,0.0292,-0.0038,0.0742,0.048,2.3
3.407,0.0292,-0.0075,0.0675,0.0292,2.1
3.408,0.0217,-0.0075,0.063,-0.0436,2.2
3.409,0.0022,0.0007,0.057,-0.042,2.1
3.41,-0.0128,0.0007,0.0547,0.033,2.3
3.411,-0.0173,-0.003,0.0495,-0.0128,2.1
3.412,-0.015,-0.0023,0.0442,-0.006,2.3
3.413,0.0007,-0.0023,0.042,0.027,2.1
3.414,0.0187,0.0022,0.0397,-0.0053,2.2
3.415,0.0315,0.0105,0.0405,-0.0068,2.3
3.416,0.039,0.0142,0.039,-0.0046,2.2
3.417,0.0345,0.0075,0.0345,0.0465,2.2
3.418,0.0037,-0.0008,0.0345,0.1027,2.2
3.419,-0.0488,-0.0038,0.0345,0.1582,2.5
3.42,-0.0915,-0.012,0.0337,0.201,2.2
3.421,-0.093,-0.0181,0.0345,0.09,2.3
3.422,-0.0638,-0.0075,0.0345,-0.0713,2.3
3.423,-0.024,0.0127,0.0322,-0.1403,2.3
3.424,0.015,0.0217,0.033,-0.1688,2.2
3.425,0.0345,0.0127,0.033,-0.0878,2.3
3.426,0.0442,-0.0023,0.0375,-0.0923,2.4
3.427,0.0405,-0.0008,0.0405,-0.1088,2.2
3.428,0.0292,-0.003,0.0352,0.0705,2.4
3.429,0.0157,-0.0128,0.0307,0.0442,2.4
3.43,-0.0038,-0.0113,0.0255,0.0105,2.4
3.431,-0.0165,-0.0091,0.021,0.0382,2.2
3.432,-0.0308,-0.0075,0.0165,0.0165,2.4
3.433,-0.0368,-0.0068,0.0135,0.0532,2.4
3.434,-0.0278,-0.0053,0.009,0.03,2.4
3.435,-0.0203,-0.0083,0.0052,0.0427,2.4
3.436,-0.0165,-0.0173,0.0015,0.0367,2.3
3.437,-0.0083,-0.0195,-0.003,0.0187,2.3
3.438,0.0045,-0.0181,-0.0091,0.0292,2.3
3.439,0.015,-0.0135,-0.0173,0.0255,2.4
3.44,0.0292,-0.0068,-0.0203,0.0052,2.4
3.441,0.036,0.0045,-0.0248,-0.0233,2.2
3.442,0.0277,0.006,-0.0315,0.0277,2.5
3.443,0.0135,-0.0023,-0.0353,0.081,2.2
3.444,0.003,-0.0068,-0.039,0.0727,2.5
3.445,0.0045,-0.0068,-0.042,0.0772,2.2
3.446,0.0157,-0.0158,-0.0443,0.0345,2.4
3.447,0.0285,-0.0225,-0.045,-0.054,2.3
3.448,0.0405,-0.0188,-0.0443,0.0127,2.4
3.449,0.0502,-0.021,-0.0458,-0.0113,2.2
3.45,0.0547,-0.0165,-0.048,-0.15,2.3
3.451,0.054,-0.0068,-0.0473,-0.1238,2.4
3.452,0.0442,0.003,-0.0458,-0.0878,2.3
3.453,0.0345,0.0015,-0.0436,0.0187,2.5
3.454,0.033,-0.0053,-0.0413,-0.0083,2.3
3.455,0.0345,-0.0038,-0.0361,-0.1478,2.4
3.456,0.0285,-0.0105,-0.0315,-0.075,2.4
3.457,0.0142,-0.0143,-0.0315,-0.0511,2.4
3.458,-0.0008,-0.0075,-0.0278,-0.1073,2.4
3.459,-0.0091,-0.0068,-0.0225,-0.0938,2.5
3.46,-0.0128,-0.0083,-0.0181,-0.0383,2.5
3.461,-0.0225,-0.0091,-0.0105,-0.0075,2.3
3.462,-0.0285,-0.0158,-0.006,-0.0015,2.6
3.463,-0.024,-0.0203,-0.003,0.0082,2.6
3.464,-0.0165,-0.027,0.0015,-0.0008,2.5
3.465,-0.0098,-0.027,0.0052,0.003,2.5
3.466,-0.0008,-0.0195,0.0082,-0.0068,2.4
3.467,0.009,-0.0091,0.0105,0.006,2.6
3.468,0.018,0.0082,0.0142,0.0375,2.5
3.469,0.0277,0.021,0.015,0.039,2.7
3.47,0.0367,0.0285,0.015,0.0307,2.6
3.471,0.0405,0.0337,0.0142,0.024,2.7
3.472,0.0367,0.0367,0.0165,-0.0458,2.5
3.473,0.027,0.0307,0.018,-0.1815,2.6
3.474,0.0165,0.018,0.0217,-0.0803,2.7
3.475,0.0067,0.0097,0.0225,0.132,2.6
3.476,-0.003,0.0082,0.0255,0.0862,2.6
3.477,-0.015,0.0105,0.033,0.0187,2.6
3.478,-0.0315,0.0135,0.0352,0.0082,2.6
3.479,-0.0465,0.0142,0.0375,0.0157,2.6
3.48,-0.0638,0.0157,0.0345,0.0352,2.6
3.481,-0.0803,0.0195,0.0307,0.0382,2.7
3.482,-0.0825,0.027,0.0292,0.057,2.6
3.483,-0.0668,0.0322,0.0277,-0.006,2.6
3.484,-0.0383,0.0232,0.024,0.0465,2.5
3.485,-0.0091,0.015,0.0247,0.0712,2.6
3.486,0.018,0.0157,0.027,-0.0683,2.4
3.487,0.0352,0.018,0.0285,-0.1388,2.6
3.488,0.0465,0.0142,0.0307,-0.1478,2.4
3.489,0.054,0.0007,0.0315,-0.0713,2.6
3.49,0.0547,-0.0015,0.0345,-0.0315,2.4
3.491,0.0585,0.0015,0.0345,0.0135,2.6
3.492,0.0607,0.0015,0.0307,0.0877,2.4
3.493,0.0592,0.0045,0.0247,-0.0068,2.3
3.494,0.0487,0.0105,0.0202,-0.09,2.4
3.495,0.033,0.009,0.0187,-0.099,2.4
3.496,0.0142,0.0015,0.0157,-0.1185,2.3
3.497,-0.0015,0.0045,0.0127,-0.0706,2.3
3.498,-0.0165,0.003,0.012,-0.0413,2.4
3.499,-0.0278,0.0,0.0105,-0.0428,2.4
3.5,-0.0353,0.0052,0.0082,-0.0091,2.4
3.501,-0.0353,0.0067,0.0075,0.0127,2.6
3.502,-0.033,-0.0008,0.006,0.0142,2.3
3.503,-0.0293,-0.003,0.0067,-0.0833,2.5
3.504,-0.0278,-0.0143,0.0112,-0.1021,2.1
3.505,-0.0293,-0.0293,0.0075,0.0225,2.5
3.506,-0.0315,-0.0233,0.0037,0.042,2.2
3.507,-0.033,-0.0128,0.003,0.069,2.4
3.508,-0.03,-0.0068,-0.0008,0.0675,2.2
3.509,-0.0256,-0.003,-0.0053,0.0037,2.1
3.51,-0.024,0.0052,-0.0075,-0.0503,2.2
3.511,-0.021,0.0075,-0.0098,-0.0856,2.3
3.512,-0.0173,0.0007,-0.0128,0.024,2.2
3.513,-0.0143,-0.0008,-0.012,0.1687,2.2
3.514,-0.0091,-0.0046,-0.0113,0.2662,2.2
3.515,-0.0053,-0.003,-0.0091,0.1125,2.2
3.516,-0.0023,0.0045,-0.0068,-0.0788,2.1
3.517,0.0015,0.003,-0.0068,0.0165,2.3
3.518,0.0052,0.003,-0.0091,-0.0165,1.9
3.519,0.0067,0.0097,-0.0105,-0.0008,2.2
3.52,0.0075,0.0082,-0.0098,0.102,2.0
3.521,0.0067,0.003,-0.0091,0.066,2.2
3.522,0.0052,0.003,-0.0083,0.0652,1.9
3.523,0.0045,0.0052,-0.0083,-0.0555,2.2
3.524,0.0022,0.0135,-0.0105,-0.0915,2.0
3.525,0.0015,0.0157,-0.0083,0.0232,2.1
3.526,0.0015,0.009,-0.0091,0.0315,1.9
3.527,0.0007,-0.0008,-0.0105,0.036,1.9
3.528,0.0022,-0.0098,-0.012,0.0367,1.9
3.529,0.0052,-0.0203,-0.0143,0.0262,2.0
3.53,0.0067,-0.0181,-0.0128,0.03,2.1
3.531,0.0097,-0.0113,-0.012,0.0195,1.8
3.532,0.0135,-0.015,-0.012,0.0135,1.9
3.533,0.0142,-0.0105,-0.012,0.0015,1.9
3.534,0.0127,-0.0046,-0.0091,0.0,2.0
3.535,0.015,0.0037,-0.0098,0.012,2.0
3.536,0.0172,0.0112,-0.0091,0.0232,1.9
3.537,0.0172,0.012,-0.0068,0.0352,2.0
3.538,0.0187,0.0112,-0.006,0.0367,1.8
3.539,0.0195,0.0127,-0.0075,0.0247,1.8
3.54,0.0165,0.0112,-0.0068,0.0075,2.1
3.541,0.0157,0.006,-0.0015,0.0067,2.2
3.542,0.0112,0.0052,-0.0015,0.0022,2.0
3.543,0.0052,0.0067,-0.003,0.0007,2.0
3.544,0.0022,0.0142,-0.003,0.003,2.1
3.545,0.0,0.0202,-0.0015,-0.0083,1.9
3.546,-0.0023,0.0232,-0.0008,0.003,2.1
3.547,-0.0015,0.0232,0.0007,0.036,1.9
3.548,0.0007,0.018,-0.0008,0.024,2.1
3.549,0.0045,0.0195,-0.0015,-0.0165,1.9
3.55,0.0082,0.0135,-0.003,-0.0128,2.0
3.551,0.0112,0.0075,-0.003,-0.0195,2.0
3.552,0.0127,0.0142,-0.0046,-0.042,1.9
3.553,0.0157,0.0105,-0.003,-0.063,1.9
3.554,0.0172,-0.0046,0.0,-0.0338,1.9
3.555,0.0195,-0.024,0.0007,0.033,2.0
3.556,0.0202,-0.033,0.0052,0.0052,1.8
3.557,0.0247,-0.0293,0.0082,-0.033,1.9
3.558,0.0255,-0.0285,0.0052,-0.0248,1.8
3.559,0.0255,-0.033,0.0022,0.003,1.9
3.56,0.0292,-0.039,-0.0015,-0.0015,1.8
3.561,0.0307,-0.0458,-0.0015,-0.0098,1.9
3.562,0.0315,-0.0555,-0.0008,0.0442,1.8
3.563,0.0315,-0.0608,0.0007,0.0127,1.8
3.564,0.0285,-0.0511,0.0007,-0.063,1.8
3.565,0.0247,-0.0405,0.003,-0.0315,1.8
3.566,0.024,-0.033,0.0052,0.0082,2.0
3.567,0.0225,-0.024,0.0067,-0.0203,1.6
3.568,0.021,-0.0181,0.0052,-0.003,1.8
3.569,0.0202,-0.0143,0.0015,0.003,1.8
3.57,0.0172,-0.012,-0.0015,-0.0181,1.8
3.571,0.0157,-0.012,-0.0023,-0.0068,1.8
3.572,0.012,-0.0105,-0.0038,-0.0143,1.5
3.573,0.0097,-0.0083,-0.0053,0.018,1.8
3.574,0.0097,-0.0105,-0.0038,0.027,1.5
3.575,0.0082,-0.0143,-0.003,0.0127,1.8
3.576,0.009,-0.0218,-0.003,0.0165,1.8
3.577,0.0075,-0.027,-0.0008,0.0105,1.6
3.578,0.0067,-0.0256,-0.0023,0.0082,1.7
3.579,0.0052,-0.0181,-0.0015,-0.0083,1.6
3.58,0.0052,-0.012,-0.0015,-0.0225,1.8
3.581,0.0052,-0.0053,-0.0008,-0.0413,1.5
3.582,0.003,0.0052,-0.0008,-0.0458,1.8
3.583,0.003,0.0007,-0.0015,0.006,1.6
3.584,0.0007,-0.0158,0.0007,0.0322,1.8
3.585,-0.0008,-0.015,0.0007,-0.0075,1.7
3.586,-0.003,-0.0091,0.0007,0.0262,1.8
3.587,-0.0038,0.0022,0.0007,0.0067,1.6
3.588,-0.0015,0.0217,-0.0015,-0.0128,1.8
3.589,-0.003,0.0232,-0.0015,0.042,1.7
3.59,-0.003,0.0247,-0.0023,-0.0053,1.7
3.591,-0.003,0.0195,-0.0023,0.0097,1.6
3.592,-0.0015,0.0127,0.0007,-0.0353,1.7
3.593,-0.0008,0.0225,0.0015,-0.114,1.7
3.594,-0.0015,0.0277,0.0015,-0.0975,1.5
3.595,-0.0008,0.0307,0.0007,-0.1238,1.5
3.596,-0.0015,0.0367,-0.0008,-0.1358,1.6
3.597,-0.003,0.0382,-0.0023,-0.0308,1.8
3.598,-0.003,0.0307,-0.0015,0.147,1.6
3.599,-0.0053,0.033,-0.0046,0.108,1.7
3.6,-0.003,0.039,-0.0038,0.0202,1.8
3.601,-0.0046,0.0345,-0.0053,0.0255,1.5
3.602,-0.0038,0.0277,-0.0053,0.0142,1.6
3.603,-0.003,0.0202,-0.0053,0.0495,1.6
3.604,-0.003,0.0172,-0.0046,0.0517,1.6
3.605,-0.0015,0.0157,-0.0046,0.0517,1.6
3.606,-0.0038,0.0135,-0.0046,0.0352,1.6
3.607,-0.0068,0.012,-0.0053,-0.0008,1.5
3.608,-0.0113,0.0142,-0.0038,-0.0195,1.5
3.609,-0.0135,0.0202,-0.0023,-0.0046,1.5
3.61,-0.0143,0.0292,-0.0015,0.0292,1.5
3.611,-0.0173,0.0352,-0.003,0.0337,1.6
3.612,-0.0181,0.0315,-0.0023,0.039,1.5
3.613,-0.0188,0.0217,-0.0038,-0.0113,1.5
3.614,-0.0181,0.0142,-0.0023,-0.003,1.4
3.615,-0.015,0.0105,-0.0008,0.021,1.5
3.616,-0.0143,0.0052,-0.0008,-0.0285,1.5
3.617,-0.0158,0.003,-0.0038,-0.0248,1.4
3.618,-0.0158,0.0007,-0.0038,-0.0068,1.6
3.619,-0.0143,-0.0105,0.0007,0.0315,1.4
3.62,-0.0143,-0.015,0.003,0.0682,1.6
3.621,-0.0128,-0.0091,0.0022,0.0015,1.3
3.622,-0.0128,-0.0023,0.003,-0.0818,1.4
3.623,-0.0143,0.0052,0.0015,-0.033,1.5
3.624,-0.0165,0.009,0.0007,-0.0091,1.5
3.625,-0.0181,0.0052,-0.0008,-0.0338,1.6
3.626,-0.0173,-0.0083,0.0007,-0.0165,1.5
3.627,-0.0181,-0.012,0.0015,-0.0346,1.6
3.628,-0.0165,-0.015,0.0015,-0.0098,1.5
3.629,-0.0143,-0.0233,-0.0008,0.0015,1.7
3.63,-0.012,-0.027,-0.003,0.0105,1.5
3.631,-0.0091,-0.033,-0.0023,0.018,1.6
3.632,-0.0083,-0.0293,-0.0046,-0.0383,1.5
3.633,-0.0068,-0.024,-0.0053,-0.0713,1.5
3.634,-0.0046,-0.0278,-0.0015,-0.0233,1.7
3.635,-0.003,-0.0308,-0.0015,0.0487,1.6
3.636,-0.0015,-0.0353,-0.003,0.0187,1.7
3.637,-0.0015,-0.0398,-0.003,-0.003,1.4
3.638,-0.0008,-0.0368,-0.0053,-0.054,1.6
3.639,0.0007,-0.024,-0.0046,-0.1343,1.5
3.64,0.003,-0.0143,0.0015,-0.0871,1.6
3.641,0.0052,-0.003,0.0067,0.0232,1.7
3.642,0.0082,0.0067,0.0045,0.0555,1.6
3.643,0.0082,0.009,-0.0008,0.0135,1.7
3.644,0.009,0.0045,-0.0015,0.03,1.3
3.645,0.0075,0.0022,-0.0008,0.0232,1.6
3.646,0.0075,-0.0015,-0.003,0.048,1.3
3.647,0.0067,-0.015,-0.0053,0.105,1.6
3.648,0.006,-0.015,-0.006,0.0502,1.3
3.649,0.0067,-0.0046,-0.0068,-0.0008,1.4
3.65,0.0082,0.003,-0.0053,0.0765,1.5
3.651,0.006,0.0007,-0.0008,0.042,1.5
3.652,0.0045,-0.0023,-0.0008,-0.2265,1.5
3.653,0.0045,0.0015,0.0067,-0.1711,1.5
3.654,0.0052,0.003,0.0165,0.0187,1.6
3.655,0.0067,0.0015,0.0127,-0.048,1.5
3.656,0.003,-0.0008,0.0082,0.0217,1.5
3.657,0.0007,-0.0053,0.003,0.0105,1.7
3.658,0.0007,-0.0105,0.0,0.0075,1.5
3.659,0.0007,-0.0135,0.0007,0.0592,1.6
3.66,0.003,-0.0173,0.0007,0.0,1.5
3.661,0.0037,-0.0143,0.0007,0.0607,1.6
3.662,0.0007,-0.0135,0.0015,0.009,1.3
3.663,0.0007,-0.0233,0.0015,-0.0938,1.5
3.664,0.0,-0.0128,-0.003,-0.0938,1.3
3.665,-0.0015,0.0045,-0.0053,-0.0878,1.5
3.666,-0.0046,0.006,-0.003,-0.0046,1.3
3.667,-0.0053,0.0157,0.0052,0.1522,1.5
3.668,-0.0046,0.033,0.0105,0.099,1.5
3.669,-0.0053,0.0405,0.0067,-0.0285,1.3
3.67,-0.003,0.0262,0.003,0.0315,1.4
3.671,0.0015,0.0142,-0.0015,0.0532,1.4
3.672,0.0015,0.006,-0.0015,0.1072,1.3
3.673,0.003,-0.0023,-0.0015,0.1567,1.3
3.674,0.0037,-0.0068,-0.0008,0.0217,1.4
3.675,0.003,-0.0083,-0.0015,-0.1065,1.4
3.676,0.003,0.0,-0.0023,-0.0878,1.3
3.677,0.0022,0.0037,0.0007,-0.0346,1.3
3.678,0.0007,0.003,0.0007,-0.0105,1.2
3.679,0.0015,0.003,-0.0008,0.0045,1.5
3.68,0.0022,0.0015,0.0015,0.054,1.3
3.681,0.003,-0.003,0.0045,0.0885,1.5
3.682,0.003,-0.0023,0.0045,0.021,1.3
3.683,0.0015,0.0,0.006,0.0255,1.5
3.684,0.0015,0.0015,0.0037,0.0195,1.3
3.685,0.0007,0.0052,-0.0008,-0.0105,1.3
3.686,0.0007,0.003,0.0015,0.012,1.2
3.687,0.0052,0.003,0.0022,-0.012,1.3
3.688,0.0067,0.0007,0.0007,0.0015,1.3
3.689,0.0082,-0.0008,-0.0023,-0.003,1.3
3.69,0.006,-0.0015,-0.003,-0.0068,1.3
3.691,0.003,-0.006,-0.0038,-0.0053,1.3
3.692,0.0052,-0.0053,-0.0015,-0.0225,1.3
3.693,0.0075,-0.0053,0.0015,-0.012,1.3
3.694,0.0052,-0.0015,0.0045,-0.0158,1.1
3.695,0.0045,-0.0008,0.0045,-0.012,1.3
3.696,0.0067,0.0037,0.0037,-0.0173,1.3
3.697,0.012,0.006,0.0045,-0.0203,1.4
3.698,0.0127,0.003,0.0045,-0.0181,1.1
3.699,0.012,0.0015,0.006,-0.0203,1.4
3.7,0.009,0.0015,0.0052,-0.012,1.0
3.701,0.0067,0.003,0.0037,-0.0135,1.3
3.702,0.0067,0.0022,0.0052,-0.0105,1.0
3.703,0.0075,0.0,0.003,-0.0083,1.3
3.704,0.0067,0.0015,0.0007,-0.0068,1.2
3.705,0.009,0.0037,-0.0008,-0.0068,1.1
3.706,0.0112,0.0052,0.0015,-0.0091,1.3
3.707,0.0127,0.0105,0.0015,-0.0105,1.3
3.708,0.0127,0.0142,-0.0023,-0.0083,1.4
3.709,0.0127,0.0135,-0.003,-0.0046,1.0
3.71,0.012,0.006,-0.003,-0.003,1.3
3.711,0.0112,0.0007,-0.0023,-0.0015,1.1
3.712,0.012,0.0015,-0.0038,-0.0083,1.3
3.713,0.012,0.0015,-0.0015,-0.015,1.3
3.714,0.0127,-0.0008,0.0007,-0.0181,1.3
3.715,0.0142,-0.0038,0.0022,-0.0195,1.3
3.716,0.018,-0.0053,0.0052,0.0045,1.2
3.717,0.018,-0.0091,0.0052,0.0202,1.4
3.718,0.018,-0.0113,0.0037,0.0075,1.3
3.719,0.0165,-0.0105,0.0022,0.003,1.3
3.72,0.0157,-0.0068,0.0015,0.003,1.3
3.721,0.0142,-0.0053,0.0,-0.0068,1.3
3.722,0.012,-0.0046,-0.0015,-0.0053,1.3
3.723,0.0127,-0.0038,-0.0008,-0.0083,1.3
3.724,0.012,-0.0053,0.0,-0.003,1.5
3.725,0.015,-0.0053,0.0007,0.0082,1.4
3.726,0.018,-0.0053,0.0015,0.0105,1.5
3.727,0.0217,-0.0038,0.003,0.0135,1.3
3.728,0.024,-0.0068,0.003,0.0165,1.5
3.729,0.024,-0.0015,0.0045,0.0225,1.3
3.73,0.024,-0.0008,0.0067,-0.024,1.5
3.731,0.021,-0.0075,0.0037,-0.0578,1.5
3.732,0.018,-0.006,0.0007,-0.0083,1.5
3.733,0.0142,-0.0068,-0.0008,-0.0038,1.7
3.734,0.0112,-0.0038,-0.0038,0.0022,1.5
3.735,0.0097,-0.003,-0.006,0.0247,1.6
3.736,0.0097,-0.006,-0.006,0.015,1.5
3.737,0.0097,-0.0053,-0.0046,0.0217,1.6
3.738,0.009,-0.003,-0.0053,0.003,1.5
3.739,0.0097,0.0015,-0.006,0.0,1.6
3.74,0.0082,0.0037,-0.003,0.0015,1.8
3.741,0.0037,0.006,-0.003,-0.0075,1.6
3.742,0.0007,0.0067,-0.0015,-0.0046,1.8
3.743,-0.0008,0.0075,-0.0038,-0.012,1.6
3.744,-0.0008,0.0067,-0.0068,-0.0053,1.9
3.745,-0.0008,0.0022,-0.0068,-0.0053,1.7
3.746,-0.003,0.0007,-0.003,-0.0008,2.0
3.747,-0.0023,-0.0008,-0.0008,0.0007,1.8
3.748,-0.0015,-0.0015,0.0007,-0.003,2.0
3.749,-0.0023,0.0015,0.0052,-0.0008,1.8
3.75,-0.0038,0.003,0.0052,-0.006,2.0
3.751,-0.0075,0.003,0.0052,-0.0046,1.8
3.752,-0.0091,0.003,0.0045,-0.0068,1.9
3.753,-0.0091,0.003,0.0045,-0.003,2.1
3.754,-0.006,0.0015,0.0067,0.0007,2.1
3.755,-0.003,-0.0008,0.0067,0.0015,2.0
3.756,-0.003,-0.003,0.006,0.0045,2.0
3.757,-0.0068,-0.003,0.0052,0.0015,2.1
3.758,-0.0105,-0.0023,0.0067,0.0015,2.3
3.759,-0.0105,-0.003,0.0052,0.0015,2.1
3.76,-0.012,-0.0038,0.0022,0.0015,2.3
3.761,-0.0128,-0.003,0.0007,0.0015,2.2
3.762,-0.0165,0.0007,0.0007,0.0037,2.5
3.763,-0.0225,0.0007,-0.0008,0.0097,2.2
3.764,-0.0256,0.0015,-0.003,0.0127,2.6
3.765,-0.0278,0.0015,-0.0053,0.0127,2.2
3.766,-0.033,-0.003,-0.0038,0.0127,2.6
3.767,-0.0361,-0.003,-0.003,0.0127,2.3
3.768,-0.0315,-0.0046,-0.003,0.0105,2.5
3.769,-0.0248,-0.006,-0.0053,0.009,2.4
3.77,-0.021,-0.006,-0.0053,0.009,2.5
3.771,-0.0195,-0.0068,-0.003,0.009,2.6
3.772,-0.027,-0.0046,-0.0008,0.009,2.4
3.773,-0.0256,-0.0046,0.0015,0.0075,2.6
3.774,-0.012,-0.0075,0.0015,0.0052,2.5
3.775,-0.012,-0.0068,0.003,0.0052,2.6
3.776,-0.012,-0.006,0.0045,0.003,2.6
3.777,-0.012,-0.0053,0.0045,0.0015,2.6
3.778,-0.0105,-0.0023,0.0052,0.0015,2.7
3.779,-0.0075,-0.0023,0.0045,0.0007,2.6
3.78,-0.0105,-0.0008,0.003,-0.0008,2.8
3.781,-0.0105,0.0,0.003,-0.0008,2.7
3.782,-0.0105,0.0007,0.0052,-0.0023,3.0
3.783,-0.0053,0.0022,0.0052,-0.0053,2.8
3.784,0.0007,0.003,0.0015,-0.0068,2.8
3.785,0.0,0.0067,0.0015,-0.0068,2.8
3.786,-0.0015,0.0067,0.003,-0.0075,2.9
3.787,-0.0068,0.0067,0.003,-0.0075,3.0
3.788,-0.0053,0.0082,0.0022,-0.0053,2.9
3.789,-0.0023,0.0097,-0.0008,-0.0053,3.1
3.79,-0.003,0.0105,-0.0015,-0.0038,3.0
3.791,-0.0046,0.0097,-0.0015,-0.003,3.1
3.792,-0.0008,0.0105,0.0007,-0.0053,3.0
3.793,0.003,0.0097,0.0015,-0.0068,3.2
3.794,-0.0015,0.0097,0.0015,-0.0091,3.2
3.795,-0.0046,0.009,0.0015,-0.0128,3.0
3.796,-0.0083,0.0075,0.0015,-0.0158,3.2
3.797,-0.0105,0.0075,0.003,-0.0135,3.1
3.798,-0.0091,0.0067,0.0007,-0.0105,3.3
3.799,-0.0046,0.0052,0.0,-0.0068,3.1
3.8,0.0,0.0045,-0.0008,-0.0023,3.1
3.801,0.0015,0.003,0.003,-0.0015,3.2
3.802,0.003,-0.0008,0.0052,-0.003,3.2
3.803,0.0045,-0.0015,0.0022,-0.0053,3.3
3.804,0.0045,-0.0008,0.0045,-0.003,3.2
3.805,0.0045,-0.0015,0.0045,-0.003,3.4
3.806,0.0082,-0.0015,0.0022,-0.0053,3.1
3.807,0.0105,-0.003,0.0015,-0.0068,3.5
3.808,0.0097,-0.003,0.0007,-0.0068,3.2
3.809,0.0105,-0.0015,0.0015,-0.0068,3.3
3.81,0.0112,-0.0015,0.003,-0.006,3.2
3.811,0.0135,-0.0008,0.0015,-0.0053,3.5
3.812,0.0105,-0.0023,0.0007,-0.0083,3.3
3.813,0.0082,-0.0053,0.0022,-0.0083,3.4
3.814,0.015,-0.0075,0.003,-0.0075,3.5
3.815,0.0187,-0.0083,0.0022,-0.0068,3.5
3.816,0.0195,-0.0105,0.0022,-0.0038,3.6
3.817,0.0202,-0.0105,0.0015,-0.003,3.5
3.818,0.0202,-0.012,0.0007,-0.0015,3.5
3.819,0.0217,-0.0105,-0.0023,-0.0015,3.5
3.82,0.0217,-0.0083,-0.0015,-0.0008,3.5
3.821,0.018,-0.0105,-0.003,-0.0008,3.6
3.822,0.0172,-0.0105,-0.0068,-0.0015,3.5
3.823,0.0202,-0.0083,-0.006,-0.0015,3.7
3.824,0.0232,-0.0053,-0.0068,-0.0008,3.4
3.825,0.0255,-0.0015,-0.0075,-0.0015,3.8
3.826,0.0277,-0.0015,-0.0091,-0.0038,3.4
3.827,0.0277,0.0015,-0.0083,-0.003,3.8
3.828,0.0255,0.0052,-0.006,-0.003,3.5
3.829,0.0247,0.003,-0.0053,-0.0015,3.8
3.83,0.0217,-0.0008,-0.003,-0.0008,3.8
3.831,0.0225,-0.0015,-0.0038,-0.003,4.0
3.832,0.0247,-0.0008,-0.0015,-0.0015,3.8
3.833,0.0232,-0.0015,-0.0008,-0.0046,3.8
3.834,0.0232,-0.0008,-0.003,-0.003,3.9
3.835,0.0232,-0.0015,-0.0046,-0.003,3.9
3.836,0.027,-0.0038,-0.003,-0.003,4.0
3.837,0.0262,-0.0053,-0.0038,0.0007,3.9
3.838,0.027,-0.0038,-0.0015,0.0045,4.1
3.839,0.0315,-0.0015,0.0015,0.009,4.0
3.84,0.033,0.0007,0.0015,0.015,4.1
3.841,0.0307,0.0022,0.0,0.0202,4.1
3.842,0.024,0.0007,0.0007,0.0225,4.1
3.843,0.021,-0.0015,0.0015,0.0225,4.3
3.844,0.0217,0.0,0.0022,0.0217,4.2
3.845,0.0187,0.0,0.003,0.0225,4.5
3.846,0.0165,0.0,0.0015,0.018,4.2
3.847,0.0142,-0.0015,0.0022,0.009,4.3
3.848,0.0105,-0.0053,0.003,0.0067,4.4
3.849,0.0112,-0.006,0.0015,0.006,4.6
3.85,0.0082,-0.0053,0.0007,0.0045,4.5
3.851,0.0082,-0.0046,0.0015,-0.0008,4.4
3.852,0.009,-0.0023,0.0015,-0.0068,4.5
3.853,0.003,0.0,-0.0015,-0.0105,4.6
3.854,-0.0038,0.0007,-0.0015,-0.0143,4.7
3.855,-0.012,0.0015,-0.0015,-0.0128,4.8
3.856,-0.0135,0.006,-0.003,-0.012,4.8
3.857,-0.0098,0.0067,-0.0008,-0.0113,4.9
3.858,-0.003,0.0067,0.0015,-0.0105,4.8
3.859,0.0082,0.0067,0.0037,-0.012,5.1
3.86,0.0082,0.006,0.0052,-0.0158,4.9
3.861,0.0015,0.0075,0.0052,-0.0158,5.3
3.862,-0.003,0.0075,0.0022,-0.015,5.1
3.863,-0.0091,0.009,-0.0008,-0.0135,5.3
3.864,-0.0158,0.0105,0.0007,-0.0105,5.2
3.865,-0.0218,0.006,-0.0008,-0.0046,5.3
3.866,-0.027,0.0045,-0.0015,-0.0008,5.4
3.867,-0.0315,0.0052,0.0045,0.0,5.3
3.868,-0.0315,0.0037,0.0037,0.003,5.6
3.869,-0.0368,0.0007,0.0045,0.006,5.5
3.87,-0.0495,0.0,0.0067,0.0082,5.8
3.871,-0.0511,0.0,0.0067,0.0082,5.7
3.872,-0.0405,0.0,0.0082,0.0037,5.8
3.873,-0.0375,0.0007,0.0105,0.0015,5.8
3.874,-0.0323,-0.0008,0.0075,0.0007,5.8
3.875,-0.0248,-0.0015,0.003,0.0,6.0
3.876,-0.0188,-0.0023,0.0007,-0.0008,6.0
3.877,-0.0195,-0.0038,-0.0008,-0.0053,6.1
3.878,-0.0278,-0.003,-0.003,-0.0091,6.0
3.879,-0.0233,-0.0015,-0.0053,-0.0091,6.2
3.88,-0.0173,-0.0015,-0.0053,-0.0091,6.2
3.881,-0.0158,-0.0008,-0.0046,-0.012,6.3
3.882,-0.0158,0.0007,-0.0023,-0.0128,6.4
3.883,-0.0181,-0.0008,-0.0015,-0.0053,6.3
3.884,-0.0105,-0.0015,-0.0023,0.0007,6.7
3.885,-0.0091,-0.0023,-0.0023,0.0015,6.4
3.886,-0.0135,-0.0046,-0.0008,0.0,6.7
3.887,-0.0165,-0.0046,0.0,-0.0046,6.5
3.888,-0.0165,-0.0068,-0.0008,-0.0008,6.7
3.889,-0.0098,-0.0075,0.0007,0.0045,6.7
3.89,0.0007,-0.006,0.0015,0.0105,6.8
3.891,0.0067,-0.0068,0.0015,0.0165,6.8
3.892,0.0067,-0.0053,-0.0008,0.0127,6.9
3.893,-0.0023,-0.0046,0.0,0.0067,7.1
3.894,-0.0203,-0.0023,0.003,0.0037,6.9
3.895,-0.0293,0.0015,-0.0008,0.0067,7.2
3.896,-0.033,-0.0015,-0.0008,0.0105,7.2
3.897,-0.033,-0.0023,0.0015,0.0165,7.2
3.898,-0.0278,-0.0023,0.0045,0.0232,7.4
3.899,-0.0218,-0.0008,0.0,0.0217,7.3
3.9,-0.0113,0.003,-0.0015,0.024,7.6
3.901,0.0045,0.0052,0.0,0.024,7.6
3.902,0.0157,0.0037,0.0,0.021,7.7
3.903,0.024,0.0015,0.0007,0.021,7.6
3.904,0.0262,-0.0008,0.0022,0.0165,7.9
3.905,0.0307,-0.006,0.0015,0.0105,7.8
3.906,0.042,-0.0053,0.0007,-0.003,8.1
3.907,0.0532,-0.0046,0.0007,-0.0135,8.1
3.908,0.0622,-0.0046,0.0022,-0.006,8.3
3.909,0.0675,-0.0053,0.0,0.0082,8.5
3.91,0.066,-0.0038,-0.0015,0.0142,8.5
3.911,0.0667,-0.0053,-0.0015,0.0187,8.7
3.912,0.0667,-0.0075,-0.0023,0.024,8.8
3.913,0.0645,-0.0008,-0.0023,-0.003,8.7
3.914,0.0615,0.0112,-0.0015,-0.03,8.9
3.915,0.057,0.0172,-0.0015,-0.0128,9.0
3.916,0.0487,0.003,-0.0008,-0.0068,9.2
3.917,0.0367,-0.0046,-0.0015,-0.0105,9.2
3.918,0.0277,-0.0038,-0.0015,-0.0143,9.4
3.919,0.0195,0.003,-0.0015,-0.0181,9.2
3.92,0.012,0.0135,0.0,-0.0113,9.6
3.921,0.0052,0.0097,-0.0015,-0.0105,9.4
3.922,0.0007,0.0045,-0.0053,-0.012,9.8
3.923,-0.0008,0.0022,-0.0075,-0.006,9.5
3.924,-0.0008,0.0045,-0.006,0.0015,10.1
3.925,-0.0015,0.0,-0.0068,0.0082,9.9
3.926,-0.003,-0.0023,-0.0083,0.0067,10.0
3.927,-0.0053,0.0015,-0.0083,-0.0008,10.3
3.928,-0.0068,0.0067,-0.0113,-0.0278,10.4
3.929,-0.0128,0.0082,-0.012,-0.0428,10.5
3.93,-0.0158,0.0067,-0.0105,-0.0188,10.6
3.931,-0.0203,0.0037,-0.0113,0.0082,10.7
3.932,-0.024,-0.0053,-0.012,0.0405,10.7
3.933,-0.0278,-0.003,-0.012,-0.003,11.0
3.934,-0.0338,0.0007,-0.0105,-0.0728,11.0
3.935,-0.0361,0.0045,-0.0098,-0.0023,11.1
3.936,-0.0346,0.012,-0.0091,0.0382,11.5
3.937,-0.0323,0.0142,-0.0053,-0.0053,11.4
3.938,-0.033,0.009,-0.0023,-0.0285,11.8
3.939,-0.0315,-0.0023,-0.0046,-0.0383,11.7
3.94,-0.03,-0.0083,-0.0128,-0.0218,12.1
3.941,-0.0285,-0.012,-0.0181,-0.0053,12.0
3.942,-0.024,-0.0181,-0.0195,0.0097,12.4
3.943,-0.0165,-0.0188,-0.0218,0.0285,12.2
3.944,-0.0046,-0.0158,-0.0165,0.0232,12.6
3.945,0.0022,-0.0135,-0.012,0.0015,12.7
3.946,0.0082,-0.012,-0.0075,-0.0143,12.9
3.947,0.018,-0.006,-0.0038,-0.0075,13.0
3.948,0.018,-0.0015,0.003,0.0285,13.0
3.949,0.0067,0.0015,0.0082,0.024,13.4
3.95,-0.0038,0.0007,0.0105,-0.0608,13.3
3.951,-0.015,-0.0075,0.0157,-0.0638,13.6
3.952,-0.0135,-0.0068,0.018,-0.0195,13.8
3.953,0.0007,0.0015,0.0202,-0.0315,13.9
3.954,0.012,0.012,0.018,-0.0135,14.1
3.955,0.0195,0.0157,0.0142,-0.0278,14.1
3.956,0.0157,0.0127,0.0105,-0.0503,14.4
3.957,0.0,0.0142,0.0075,-0.0578,14.4
3.958,-0.0128,0.0195,0.0067,-0.0518,14.8
3.959,-0.0278,0.027,0.003,-0.0023,14.8
3.96,-0.0428,0.0307,0.0015,0.0307,15.0
3.961,-0.0585,0.0277,-0.0038,0.0607,15.2
3.962,-0.0706,0.0225,-0.0128,0.0405,15.2
3.963,-0.0706,0.0187,-0.0195,0.0232,15.5
3.964,-0.0608,0.0127,-0.0256,0.0202,15.7
3.965,-0.0458,0.0142,-0.027,-0.0046,15.9
3.966,-0.03,0.0105,-0.0233,0.0135,16.0
3.967,-0.0158,0.0075,-0.0128,0.012,16.2
3.968,-0.003,0.003,0.0007,0.012,16.4
3.969,0.0067,-0.0105,0.0142,-0.0053,16.6
3.97,0.0127,-0.015,0.027,-0.0165,16.6
3.971,0.018,-0.0173,0.033,0.018,16.9
3.972,0.0217,-0.0113,0.033,0.0247,17.1
3.973,0.027,-0.0008,0.0322,0.045,17.2
3.974,0.036,0.0037,0.0315,0.0787,17.6
3.975,0.0442,0.0067,0.0285,0.0922,17.5
3.976,0.0502,0.0105,0.027,0.1012,17.9
3.977,0.0555,0.0165,0.0292,0.1207,18.1
3.978,0.06,0.0112,0.033,0.1252,18.2
3.979,0.0592,0.0015,0.0345,0.114,18.4
3.98,0.057,-0.003,0.033,0.0975,18.4
3.981,0.057,-0.0068,0.0337,0.0682,18.9
3.982,0.0525,-0.0023,0.0352,0.054,18.8
3.983,0.0487,-0.0008,0.0345,0.0352,19.3
3.984,0.0457,-0.0046,0.0322,-0.0015,19.2
3.985,0.0397,-0.0053,0.0292,-0.0315,19.5
3.986,0.0315,-0.0023,0.0277,-0.0353,19.6
3.987,0.0232,0.0045,0.0232,-0.0578,20.0
3.988,0.0225,-0.0015,0.0195,-0.1006,20.1
3.989,0.0247,-0.0165,0.0157,-0.1411,20.4
3.99,0.0337,-0.0233,0.0165,-0.1553,20.6
3.991,0.042,-0.0188,0.0142,-0.1035,20.7
3.992,0.0435,-0.0173,0.0105,-0.0968,21.0
3.993,0.036,-0.0143,0.0075,-0.1313,21.2
3.994,0.024,-0.0075,0.0037,-0.135,21.4
3.995,0.0127,-0.0128,-0.0015,-0.108,21.6
3.996,0.006,-0.0225,-0.0046,-0.0668,21.9
3.997,-0.0015,-0.0285,-0.006,-0.0465,22.0
3.998,-0.0135,-0.0405,-0.0083,-0.0675,22.0
3.999,-0.0248,-0.0518,-0.012,-0.1703,22.5
4.0,-0.03,-0.054,-0.015,-0.249,22.6
4.001,-0.0353,-0.0638,-0.0143,-0.222,23.0
4.002,-0.0436,-0.0675,-0.0068,-0.177,23.0
4.003,-0.054,-0.0518,0.0022,-0.1238,23.6
4.004,-0.0638,-0.0443,0.0082,0.0157,23.6
4.005,-0.066,-0.0495,0.0052,0.1357,24.1
4.006,-0.0683,-0.057,-0.0008,0.1125,24.2
4.007,-0.0743,-0.0645,-0.0083,0.063,24.4
4.008,-0.0728,-0.063,-0.0338,0.03,24.7
4.009,-0.0698,-0.063,-0.105,-0.0083,24.9
4.01,-0.0706,-0.0735,-0.1988,-0.0195,25.2
4.011,-0.0713,-0.0856,-0.2445,-0.027,25.3
4.012,-0.0675,-0.09,-0.2535,-0.0293,25.6
4.013,-0.0608,-0.0803,-0.2475,-0.03,25.9
4.014,-0.0503,-0.0548,-0.195,-0.021,26.2
4.015,-0.0405,-0.0218,-0.1305,-0.0173,26.4
4.016,-0.0323,0.009,-0.1133,-0.0023,26.7
4.017,-0.024,0.0337,-0.0578,0.0277,27.0
4.018,-0.0218,0.0502,0.0742,0.0142,27.3
4.019,-0.0181,0.06,0.1177,0.009,27.6
4.02,-0.0105,0.0742,0.1522,-0.0046,27.7
4.021,-0.0068,0.0862,0.198,-0.0203,28.0
4.022,-0.0083,0.0915,0.1762,0.024,28.2
4.023,-0.0053,0.093,0.1665,0.0465,28.7
4.024,-0.0015,0.0967,0.0945,0.063,28.9
4.025,-0.0008,0.0975,0.027,0.0817,29.2
4.026,0.0,0.096,-0.0195,0.0795,29.3
4.027,0.0022,0.093,-0.039,0.114,29.6
4.028,0.0037,0.0832,-0.0053,0.1267,30.1
4.029,0.0015,0.0727,0.0232,0.1005,30.1
4.03,0.0022,0.0615,0.066,0.102,30.5
4.031,0.0067,0.051,0.087,0.108,30.7
4.032,0.0075,0.042,0.0967,0.1065,31.1
4.033,0.0105,0.0315,0.0915,0.1087,31.3
4.034,0.0157,0.027,0.0772,0.087,31.6
4.035,0.0195,0.0277,0.0615,0.0705,31.9
4.036,0.0195,0.0255,0.0465,0.0607,32.2
4.037,0.0165,0.0217,0.0465,0.0607,32.6
4.038,0.015,0.0142,0.0435,0.0727,32.5
4.039,0.0165,0.012,0.0472,0.0705,33.0
4.04,0.0232,0.0067,0.0442,0.0682,33.1
4.041,0.0307,-0.0046,0.0397,0.063,33.4
4.042,0.0352,-0.0105,0.0322,0.0577,33.6
4.043,0.0337,-0.0165,0.021,0.0472,33.7
4.044,0.0292,-0.0158,0.0142,0.0277,34.2
4.045,0.0202,-0.0143,0.0015,0.015,34.2
4.046,0.0187,-0.0181,-0.006,-0.0015,34.6
4.047,0.0277,-0.0188,-0.0143,-0.012,34.6
4.048,0.0232,-0.015,-0.0195,0.0082,35.1
4.049,0.0172,-0.0188,-0.0218,0.0817,35.3
4.05,0.0172,-0.0278,-0.021,0.09,35.5
4.051,0.03,-0.0256,-0.0218,0.006,35.7
4.052,0.039,-0.0233,-0.0233,0.0045,35.9
4.053,0.0382,-0.0248,-0.0218,0.0082,36.1
4.054,0.0412,-0.0218,-0.0225,-0.0128,36.4
4.055,0.0465,-0.0203,-0.0203,0.0045,36.8
4.056,0.054,-0.0158,-0.0188,-0.003,36.9
4.057,0.0532,-0.015,-0.0158,0.0052,37.1
4.058,0.0457,-0.0143,-0.015,-0.0015,37.1
4.059,0.0517,-0.0128,-0.015,-0.0128,37.2
4.06,0.0667,-0.0143,-0.0143,-0.0113,37.7
4.061,0.0855,-0.0135,-0.0181,-0.0203,37.9
4.062,0.0937,-0.0128,-0.021,-0.0158,38.3
4.063,0.081,-0.0105,-0.0278,-0.0195,38.7
4.064,0.0495,-0.0113,-0.0405,-0.0165,39.0
4.065,0.009,-0.0113,-0.039,-0.0195,38.7
4.066,-0.0278,-0.012,-0.0308,-0.0225,39.1
4.067,-0.054,-0.0128,-0.033,-0.0195,38.9
4.068,-0.054,-0.012,-0.0346,-0.0181,39.3
4.069,-0.0361,-0.0113,-0.0428,-0.0135,39.3
4.07,-0.0135,-0.0075,-0.048,-0.0083,39.7
4.071,0.0022,-0.0053,-0.0465,-0.0015,39.8
4.072,0.0127,-0.0053,-0.042,-0.0015,39.9
4.073,0.0202,-0.0038,-0.0315,-0.0008,40.0
4.074,0.024,-0.0015,-0.0165,-0.003,40.1
4.075,0.033,-0.0008,0.0007,-0.0046,40.4
4.076,0.0487,-0.0015,0.0157,0.003,40.0
4.077,0.0675,-0.0046,0.0247,0.0067,39.6
4.078,0.084,-0.0068,0.0255,0.009,40.3
4.079,0.093,-0.0105,0.021,0.0127,41.0
4.08,0.099,-0.0128,0.015,0.0165,41.6
4.081,0.0997,-0.0105,0.006,0.0232,41.5
4.082,0.0892,-0.0038,0.0007,0.036,41.8
4.083,0.078,0.0015,-0.0046,0.0487,41.6
4.084,0.0765,0.0022,-0.0091,0.0555,41.5
4.085,0.075,0.003,-0.0105,0.0555,41.5
4.086,0.0742,0.003,-0.0105,0.0562,41.7
4.087,0.0705,0.003,-0.0098,0.054,41.9
4.088,0.0592,0.0022,-0.0098,0.0427,42.3
4.089,0.048,0.0007,-0.0105,0.0262,42.3
4.09,0.0405,0.0015,-0.0128,0.015,42.5
4.091,0.033,0.0022,-0.0128,0.0082,42.5
4.092,0.0217,0.0045,-0.0181,0.0045,42.7
4.093,0.0082,0.0052,-0.0218,-0.0008,42.9
4.094,-0.003,0.003,-0.0218,-0.0113,42.9
4.095,-0.0203,0.003,-0.0203,-0.024,43.1
4.096,-0.033,0.003,-0.0173,-0.0383,43.3
4.097,-0.0353,0.0052,-0.0165,-0.0518,43.3
4.098,-0.0548,0.0067,-0.0188,-0.0615,43.8
4.099,-0.0728,0.0067,-0.0195,-0.0668,43.7
4.1,-0.0765,0.0067,-0.015,-0.0713,44.2
4.101,-0.0871,0.0052,-0.0105,-0.0856,44.2
4.102,-0.1006,0.0105,-0.0113,-0.0953,44.5
4.103,-0.1125,0.009,-0.0113,-0.1103,44.7
4.104,-0.123,0.003,-0.0105,-0.1253,45.0
4.105,-0.1298,0.0022,-0.0105,-0.1343,45.2
4.106,-0.1343,0.0007,-0.0113,-0.1478,45.2
4.107,-0.135,-0.003,-0.0105,-0.1575,45.5
4.108,-0.1335,-0.003,-0.0113,-0.1628,45.8
4.109,-0.1298,-0.0015,-0.0091,-0.1711,46.2
4.11,-0.1253,-0.003,-0.0098,-0.1748,46.5
4.111,-0.1238,-0.0015,-0.0091,-0.1778,46.5
4.112,-0.126,-0.0008,-0.0083,-0.1785,46.9
4.113,-0.1193,0.0007,-0.0083,-0.1763,47.1
4.114,-0.105,0.0015,-0.0046,-0.1688,47.5
4.115,-0.084,0.0022,-0.003,-0.1545,47.6
4.116,-0.0706,0.0022,0.0015,-0.1373,48.0
4.117,-0.0735,0.0,0.0052,-0.1283,48.2
4.118,-0.0728,-0.003,0.0067,-0.1238,48.6
4.119,-0.0593,-0.0068,0.009,-0.117,48.6
4.12,-0.0563,-0.0068,0.012,-0.105,49.1
4.121,-0.066,-0.0068,0.0112,-0.0885,49.2
4.122,-0.0728,-0.0015,0.0082,-0.078,49.4
4.123,-0.0773,-0.003,0.006,-0.0691,49.6
4.124,-0.075,-0.0091,0.0045,-0.042,49.9
4.125,-0.0683,-0.0128,0.0075,-0.006,50.7
4.126,-0.0503,-0.0143,0.0142,-0.0015,50.6
4.127,-0.048,-0.0098,0.018,0.0007,51.2
4.128,-0.0428,-0.012,0.0217,0.0142,51.1
4.129,-0.0218,-0.012,0.024,0.0285,51.4
4.13,-0.0091,-0.0068,0.024,0.057,51.7
4.131,0.0052,-0.003,0.027,0.0787,51.9
4.132,0.0195,-0.0015,0.03,0.099,52.0
4.133,0.0255,0.0007,0.033,0.1147,52.4
4.134,0.0427,0.003,0.039,0.123,52.7
4.135,0.069,0.0015,0.048,0.1335,52.9
4.136,0.0765,-0.0008,0.0547,0.1312,53.1
4.137,0.0802,-0.0023,0.063,0.1305,53.4
4.138,0.081,-0.0046,0.0727,0.1312,53.6
4.139,0.0787,-0.006,0.0802,0.1282,53.8
4.14,0.0742,-0.0083,0.0855,0.126,54.0
4.141,0.063,-0.0105,0.087,0.123,54.4
4.142,0.039,-0.012,0.0877,0.1192,54.4
4.143,-0.0158,-0.0113,0.0877,0.1162,54.5
4.144,-0.0645,-0.0105,0.0877,0.1155,54.8
4.145,-0.0878,-0.012,0.09,0.1095,55.1
4.146,-0.0975,-0.0113,0.0907,0.1027,55.1
4.147,-0.0893,-0.0098,0.0847,0.096,55.3
4.148,-0.0653,-0.0083,0.069,0.0892,55.5
4.149,-0.0263,-0.0046,0.0547,0.084,55.4
4.15,-0.0083,0.0015,0.0457,0.0787,55.7
4.151,-0.0083,0.0105,0.0345,0.0765,55.8
4.152,0.0037,0.0172,0.0217,0.0765,55.9
4.153,0.036,0.024,0.0105,0.0772,56.1
4.154,0.0712,0.0322,0.0015,0.075,56.0
4.155,0.1035,0.0367,-0.0075,0.0712,56.3
4.156,0.1312,0.042,-0.0173,0.0682,56.2
4.157,0.1605,0.0465,-0.0278,0.0637,56.5
4.158,0.204,0.048,-0.0361,0.057,56.4
4.159,0.2302,0.0495,-0.0488,0.048,56.6
4.16,0.2475,0.0495,-0.0623,0.0367,56.7
4.161,0.2542,0.0457,-0.0721,0.0255,57.0
4.162,0.2475,0.0405,-0.0825,0.0172,56.7
4.163,0.2385,0.0367,-0.0923,0.009,57.0
4.164,0.2235,0.0322,-0.1006,0.003,57.1
4.165,0.2122,0.0255,-0.1073,0.0007,57.2
4.166,0.1867,0.0195,-0.1088,-0.0023,57.3
4.167,0.1522,0.0135,-0.1028,-0.006,57.3
4.168,0.1252,0.0082,-0.0871,-0.0091,57.4
4.169,0.102,0.0045,-0.063,-0.0105,57.5
4.17,0.0855,0.0007,-0.0008,-0.012,57.7
4.171,0.0675,-0.003,0.1432,-0.0165,57.7
4.172,0.042,-0.0068,0.3727,-0.0195,57.7
4.173,0.0232,-0.0068,0.594,-0.024,57.9
4.174,-0.0038,-0.0068,0.7207,-0.0256,57.9
4.175,-0.0375,-0.006,0.771,-0.0225,58.3
4.176,-0.0495,-0.003,0.7485,-0.0218,58.0
4.177,-0.0503,-0.0015,0.6592,-0.0195,58.4
4.178,-0.033,-0.0015,0.525,-0.0181,58.2
4.179,-0.0181,-0.003,0.3465,-0.0165,58.5
4.18,-0.0233,-0.003,0.1462,-0.0158,58.4
4.181,-0.0068,-0.0053,-0.0638,-0.0173,58.5
4.182,0.0225,-0.0091,-0.258,-0.0203,58.5
4.183,0.0585,-0.0143,-0.4021,-0.0225,58.5
4.184,0.099,-0.0218,-0.4943,-0.024,58.5
4.185,0.1237,-0.0278,-0.5483,-0.027,58.7
4.186,0.1372,-0.0323,-0.5918,-0.0256,58.7
4.187,0.1515,-0.0368,-0.633,-0.0233,58.8
4.188,0.168,-0.0413,-0.6563,-0.024,58.8
4.189,0.174,-0.0428,-0.654,-0.0233,58.9
4.19,0.1672,-0.0428,-0.6263,-0.0225,58.9
4.191,0.1357,-0.0405,-0.5843,-0.0218,58.8
4.192,0.0727,-0.0383,-0.5198,-0.0233,58.9
4.193,0.018,-0.0323,-0.4478,-0.024,59.1
4.194,-0.0248,-0.0248,-0.384,-0.0203,58.9
4.195,-0.0698,-0.0203,-0.3293,-0.0188,59.2
4.196,-0.1103,-0.015,-0.2843,-0.0181,58.9
4.197,-0.1448,-0.012,-0.2325,-0.015,59.3
4.198,-0.1718,-0.0075,-0.1726,-0.0128,59.1
4.199,-0.1883,-0.0023,-0.1088,-0.012,59.4
4.2,-0.1741,0.0007,-0.0593,-0.0083,59.2
4.201,-0.1253,0.0022,-0.0315,-0.0075,59.4
4.202,-0.1021,0.0045,-0.0135,-0.0068,59.4
4.203,-0.0975,0.0045,-0.0015,-0.0083,59.4
4.204,-0.0915,0.0037,0.015,-0.012,59.5
4.205,-0.0878,0.0052,0.042,-0.0113,59.5
4.206,-0.0728,0.009,0.069,-0.0091,59.5
4.207,-0.0518,0.0135,0.0945,-0.0091,59.6
4.208,-0.0233,0.0127,0.1185,-0.0105,59.4
4.209,-0.0315,0.012,0.1365,-0.015,59.7
4.21,-0.0788,0.0112,0.1485,-0.015,59.5
4.211,-0.1118,0.0135,0.159,-0.0158,59.7
4.212,-0.1313,0.0165,0.1755,-0.0143,59.4
4.213,-0.1441,0.0172,0.1987,-0.0128,59.8
4.214,-0.129,0.0172,0.2205,-0.012,59.6
4.215,-0.1006,0.0165,0.237,-0.0075,59.7
4.216,-0.0871,0.0127,0.243,-0.0068,59.7
4.217,-0.081,0.0105,0.2377,-0.006,59.7
4.218,-0.09,0.009,0.219,-0.006,59.6
4.219,-0.1178,0.0082,0.189,-0.0091,59.5
4.22,-0.1388,0.0045,0.1545,-0.0105,59.7
4.221,-0.126,0.0037,0.1207,-0.012,59.4
4.222,-0.0923,-0.0008,0.093,-0.0128,59.7
4.223,-0.0735,-0.0038,0.0652,-0.0158,59.5
4.224,-0.063,-0.0075,0.042,-0.0203,59.5
4.225,-0.06,-0.0105,0.018,-0.0203,59.4
4.226,-0.0818,-0.012,0.0052,-0.0218,59.5
4.227,-0.1013,-0.0128,0.003,-0.015,59.5
4.228,-0.0945,-0.0128,0.0007,-0.0091,59.4
4.229,-0.1103,-0.0143,-0.0008,-0.0083,59.6
4.23,-0.114,-0.0173,-0.0046,-0.0068,59.3
4.231,-0.1028,-0.0218,-0.0105,-0.0083,59.4
4.232,-0.0968,-0.0256,-0.0181,-0.0083,59.3
4.233,-0.0758,-0.0293,-0.0293,-0.0068,59.3
4.234,-0.048,-0.0315,-0.0383,-0.0038,59.1
4.235,-0.006,-0.033,-0.039,-0.0023,59.2
4.236,0.0045,-0.0315,-0.0346,-0.003,59.3
4.237,0.0075,-0.0285,-0.024,0.003,59.0
4.238,0.027,-0.0278,-0.0128,0.0082,59.3
4.239,0.0442,-0.024,-0.0008,0.0157,58.8
4.24,0.0502,-0.0218,0.0082,0.0285,59.0
4.241,0.0577,-0.0203,0.0105,0.0405,58.9
4.242,0.093,-0.0188,0.0127,0.0502,58.9
4.243,0.1185,-0.0143,0.0112,0.0427,58.8
4.244,0.135,-0.0113,0.0067,0.033,58.7
4.245,0.1455,-0.012,0.006,0.0217,58.6
4.246,0.15,-0.0075,0.003,-0.0353,58.5
4.247,0.1515,-0.0083,0.0052,-0.0953,58.5
4.248,0.1335,-0.0091,0.0135,-0.0668,58.4
4.249,0.108,-0.012,0.0202,-0.0346,58.1
4.25,0.1147,-0.0143,0.027,-0.0263,58.1
4.251,0.144,-0.0091,0.0337,0.0015,58.1
4.252,0.1297,-0.0053,0.042,-0.0091,58.0
4.253,0.1057,-0.0038,0.0495,-0.0188,57.9
4.254,0.0937,-0.0023,0.057,-0.0233,57.8
4.255,0.078,0.0022,0.0615,-0.0256,57.6
4.256,0.093,0.0045,0.066,-0.0135,57.7
4.257,0.108,0.0045,0.0667,-0.015,57.4
4.258,0.0877,0.009,0.063,-0.0075,57.5
4.259,0.0502,0.0157,0.0547,-0.0053,57.0
4.26,0.0202,0.0225,0.039,-0.0008,57.1
4.261,0.0045,0.0315,0.024,0.0045,56.8
4.262,-0.0083,0.0397,0.009,0.0052,56.8
4.263,0.0262,0.048,-0.0015,0.009,56.8
4.264,0.0165,0.054,-0.0105,0.009,56.6
4.265,-0.0818,0.0577,-0.021,0.0097,56.5
4.266,-0.0668,0.0637,-0.0315,0.009,56.5
4.267,0.003,0.0645,-0.0398,0.0112,56.1
4.268,0.0112,0.0637,-0.0428,0.012,56.2
4.269,0.0607,0.06,-0.0405,0.0127,55.9
4.27,0.0667,0.0547,-0.0368,0.0165,55.8
4.271,0.057,0.0502,-0.033,0.0142,55.4
4.272,0.1117,0.042,-0.0308,0.0142,55.7
4.273,0.123,0.033,-0.0308,0.0127,55.3
4.274,0.075,0.027,-0.0308,0.012,55.3
4.275,0.0142,0.018,-0.0293,0.0127,55.0
4.276,0.0255,0.012,-0.0233,0.012,55.1
4.277,0.063,0.0037,-0.0143,0.0135,54.7
4.278,0.0405,-0.003,-0.0105,0.0127,54.8
4.279,-0.0256,-0.0068,-0.0083,0.0097,54.4
4.28,-0.117,-0.0091,-0.0015,0.0037,54.4
4.281,-0.1995,-0.012,0.003,0.0007,54.3
4.282,-0.2806,-0.012,0.0067,-0.0015,54.0
4.283,-0.3406,-0.0128,0.009,-0.003,54.0
4.284,-0.3615,-0.0165,0.0105,-0.0023,53.8
4.285,-0.354,-0.0203,0.0142,-0.0038,53.6
4.286,-0.3413,-0.0263,0.0157,-0.0038,53.5
4.287,-0.3451,-0.0308,0.0135,-0.0038,53.2
4.288,-0.3758,-0.033,0.0127,-0.0046,53.1
4.289,-0.4155,-0.0338,0.0172,-0.0038,52.9
4.29,-0.4425,-0.0338,0.0195,-0.0053,52.8
4.291,-0.4193,-0.033,0.0135,-0.0075,52.4
4.292,-0.3608,-0.033,0.0105,-0.0091,52.6
4.293,-0.327,-0.0315,0.0067,-0.0113,52.1
4.294,-0.2955,-0.0278,0.003,-0.012,52.3
4.295,-0.2438,-0.0233,0.0015,-0.0128,51.8
4.296,-0.1853,-0.0203,0.0052,-0.012,51.8
4.297,-0.135,-0.015,0.006,-0.0105,51.5
4.298,-0.0856,-0.0068,0.0082,-0.0068,51.5
4.299,-0.0405,-0.0008,0.0082,-0.0046,51.3
4.3,-0.0075,0.0022,0.0067,-0.003,50.8
4.301,0.0195,0.0022,0.0067,-0.0046,51.1
4.302,0.0405,0.0022,0.0105,-0.0038,50.6
4.303,0.0607,0.0022,0.0142,-0.003,50.6
4.304,0.0907,0.0007,0.0202,-0.0008,50.3
4.305,0.12,-0.0008,0.0225,0.0015,50.3
4.306,0.1387,-0.0046,0.0255,0.003,50.0
4.307,0.1575,-0.0038,0.0277,0.0015,49.7
4.308,0.1702,-0.003,0.0262,0.0037,49.7
4.309,0.1762,-0.0053,0.0247,0.0052,49.4
4.31,0.1912,-0.0046,0.024,0.0052,49.4
4.311,0.207,-0.0053,0.0232,0.0037,49.0
4.312,0.2137,-0.0053,0.0217,0.0022,48.9
4.313,0.2107,-0.003,0.015,0.003,48.7
4.314,0.2085,-0.0046,0.0045,0.0007,48.5
4.315,0.2085,-0.006,-0.0008,0.0,48.3
4.316,0.2047,-0.006,0.0007,0.0007,48.2
4.317,0.2032,-0.0053,0.0052,0.0015,48.0
4.318,0.2107,-0.0053,0.0142,0.0052,47.8
4.319,0.2115,-0.0038,0.021,0.0082,47.6
4.32,0.2115,-0.003,0.021,0.009,47.2
4.321,0.2145,-0.0046,0.0195,0.0075,47.2
4.322,0.2197,-0.0023,0.012,0.0082,47.0
4.323,0.2115,-0.0008,0.0015,0.0075,46.8
4.324,0.1987,0.0007,-0.0053,0.0067,46.5
4.325,0.1897,0.0015,-0.0158,0.0082,46.2
4.326,0.1762,0.0,-0.027,0.006,46.2
4.327,0.165,0.0015,-0.033,0.0052,45.8
4.328,0.1545,0.0015,-0.0398,0.0045,45.7
4.329,0.1425,-0.0008,-0.0443,0.003,45.4
4.33,0.1312,0.0007,-0.0458,0.0015,45.2
4.331,0.1095,-0.0008,-0.048,0.0015,45.1
4.332,0.0922,-0.0008,-0.0495,0.0015,44.8
4.333,0.0817,0.0007,-0.0495,0.003,44.8
4.334,0.0727,-0.0008,-0.0488,0.0075,44.2
4.335,0.0697,-0.0008,-0.0495,0.009,44.4
4.336,0.0622,-0.0015,-0.045,0.0052,43.9
4.337,0.0525,-0.003,-0.039,0.0007,44.0
4.338,0.0457,-0.003,-0.0361,-0.0038,43.6
4.339,0.0435,-0.0015,-0.033,-0.0083,43.5
4.34,0.0397,-0.003,-0.0315,-0.0143,43.2
4.341,0.039,-0.003,-0.03,-0.0075,43.1
4.342,0.042,-0.0023,-0.0278,0.0007,42.8
4.343,0.0435,-0.003,-0.0263,-0.0008,42.4
4.344,0.0555,-0.0038,-0.021,-0.0008,42.4
4.345,0.0637,-0.0038,-0.0158,-0.0083,42.2
4.346,0.0667,-0.0046,-0.012,-0.0158,41.9
4.347,0.0727,-0.0053,-0.0068,-0.027,41.8
4.348,0.075,-0.003,-0.0023,-0.042,41.6
4.349,0.0712,-0.0015,0.0015,-0.0383,41.4
4.35,0.0607,-0.0008,0.006,-0.0105,41.1
4.351,0.0592,0.0052,0.009,0.0292,41.1
4.352,0.051,0.0105,0.009,0.0255,40.8
4.353,0.0405,0.0112,0.0097,0.0457,40.9
4.354,0.0307,0.0022,0.0127,0.132,40.2
4.355,0.0217,-0.0098,0.0157,0.0712,40.3
4.356,0.021,-0.0225,0.0187,-0.0465,40.0
4.357,0.0165,-0.0361,0.0217,0.0082,39.9
4.358,0.006,-0.0263,0.0292,0.0157,39.5
4.359,-0.0068,-0.0008,0.0337,-0.0473,39.5
4.36,-0.0165,0.0105,0.039,-0.0645,39.1
4.361,-0.0233,0.0142,0.0405,-0.0668,39.1
4.362,-0.0353,0.009,0.0352,0.0,38.9
4.363,-0.0458,0.0022,0.0292,-0.0053,38.7
4.364,-0.0518,0.0022,0.027,-0.0128,38.5
4.365,-0.0623,0.0037,0.0292,0.0082,38.3
4.366,-0.0728,0.012,0.0307,-0.0053,38.0
4.367,-0.0818,0.0165,0.0277,0.0045,37.8
4.368,-0.0878,0.012,0.0262,-0.045,37.5
4.369,-0.093,0.0082,0.0255,-0.0068,37.6
4.37,-0.093,0.003,0.0292,0.0187,37.2
4.371,-0.0938,-0.0008,0.033,-0.0165,37.2
4.372,-0.0953,-0.0008,0.0285,0.0187,36.8
4.373,-0.0945,-0.0023,0.0292,0.015,36.7
4.374,-0.093,-0.0038,0.0292,0.0187,36.3
4.375,-0.0915,-0.0046,0.0255,0.0187,36.1
4.376,-0.0893,-0.0068,0.0217,0.0082,35.9
4.377,-0.0848,-0.006,0.018,0.0045,35.7
4.378,-0.078,-0.0046,0.0135,-0.0091,35.5
4.379,-0.0773,-0.0053,0.0105,-0.0098,35.3
4.38,-0.0773,-0.0038,0.0052,-0.0195,35.1
4.381,-0.0728,-0.0015,0.0,-0.0165,34.9
4.382,-0.0675,-0.0053,-0.0046,0.0082,34.7
4.383,-0.0608,-0.0091,-0.0083,0.0607,34.4
4.384,-0.054,0.0007,-0.0091,0.057,34.2
4.385,-0.0465,0.0165,-0.012,-0.012,34.1
4.386,-0.0428,0.0187,-0.0113,-0.0038,33.8
4.387,-0.0413,0.0097,-0.0098,0.003,33.7
4.388,-0.0405,-0.0008,-0.012,-0.0165,33.2
4.389,-0.0368,-0.0053,-0.0128,-0.0023,33.3
4.39,-0.0278,-0.0113,-0.0128,-0.0053,33.0
4.391,-0.0195,-0.0195,-0.0128,0.018,32.9
4.392,-0.0195,-0.0181,-0.0143,0.0322,32.6
4.393,-0.0248,-0.0105,-0.0135,0.027,32.3
4.394,-0.0195,-0.0046,-0.0143,0.0397,32.2
4.395,-0.0053,-0.0008,-0.0165,0.0502,32.0
4.396,-0.0008,0.015,-0.0158,-0.0143,31.7
4.397,0.0067,0.0262,-0.0195,-0.1298,31.5
4.398,0.0105,0.006,-0.0218,-0.0218,31.5
4.399,0.009,-0.0083,-0.0218,0.1267,31.1
4.4,0.0112,0.0082,-0.0203,0.0442,31.0
4.401,0.0105,0.0217,-0.0165,-0.1193,30.7
4.402,0.0112,0.0105,-0.0173,-0.1815,30.6
4.403,0.012,-0.0053,-0.0173,-0.0885,30.5
4.404,0.0135,-0.0038,-0.0173,-0.1635,30.0
4.405,0.0105,0.0015,-0.0188,-0.2633,30.1
4.406,0.0082,-0.003,-0.0165,-0.0128,29.7
4.407,0.0127,-0.0181,-0.0135,0.3202,29.7
4.408,0.0127,-0.0173,-0.0143,0.2467,29.3
4.409,0.012,0.012,-0.0128,0.093,29.2
4.41,0.0112,0.0142,-0.0098,0.1882,29.1
4.411,0.012,0.0217,-0.0158,0.0255,28.7
4.412,0.009,0.0427,-0.0173,-0.2011,28.8
4.413,0.006,0.0412,-0.0173,-0.1973,28.2
4.414,0.0067,0.0292,-0.0203,-0.0495,28.4
4.415,0.0067,0.0165,-0.0233,0.042,28.0
4.416,0.0007,-0.0068,-0.027,0.1522,28.1
4.417,-0.0046,-0.0256,-0.0256,0.1912,27.5
4.418,-0.0023,-0.0105,-0.0203,-0.0346,27.5
4.419,0.0015,0.012,-0.012,-0.0675,27.2
4.42,0.0067,0.024,-0.0053,-0.042,27.2
4.421,0.0067,0.0105,-0.0008,-0.0278,27.0
4.422,0.0075,-0.0135,0.003,-0.0173,26.7
4.423,0.0067,-0.0398,0.0052,-0.0285,26.6
4.424,0.0015,-0.0533,0.0067,0.0232,26.5
4.425,0.0037,-0.0233,0.0067,0.0285,26.1
4.426,0.0052,0.009,0.0052,0.0345,26.0
4.427,0.006,0.0345,0.0067,-0.0068,25.7
4.428,0.0052,0.0427,0.0082,-0.0105,25.6
4.429,0.0007,0.0277,0.0075,-0.0203,25.3
4.43,-0.003,0.0097,0.0067,-0.0691,25.4
4.431,-0.0046,-0.0038,0.009,-0.0893,24.9
4.432,0.003,-0.0218,0.0105,-0.057,24.8
4.433,0.0105,-0.0218,0.0082,0.0015,24.6
4.434,0.0157,0.0007,0.0082,-0.0128,24.5
4.435,0.0217,0.0127,0.009,0.0097,24.2
4.436,0.0277,0.0127,0.0105,0.0457,24.1
4.437,0.0315,0.0067,0.0142,0.0405,24.0
4.438,0.0315,0.0157,0.015,0.0105,23.8
4.439,0.027,0.0157,0.0127,0.0,23.6
4.44,0.0217,0.015,0.0127,0.0037,23.4
4.441,0.0172,0.018,0.0112,-0.0046,23.2
4.442,0.0112,0.0195,0.009,-0.0015,22.9
4.443,0.0007,0.0307,0.0127,-0.012,22.8
4.444,-0.0091,0.0367,0.0217,-0.0015,22.5
4.445,-0.0135,0.0457,0.0045,0.0,22.4
4.446,-0.0173,0.0495,-0.0233,-0.0046,22.2
4.447,-0.0158,0.0412,-0.0293,-0.0038,22.0
4.448,-0.0165,0.0105,-0.0181,-0.0091,21.8
4.449,-0.0181,-0.0278,0.006,-0.003,21.3
4.45,-0.0143,-0.0346,0.0247,-0.0075,21.5
4.451,-0.0143,-0.012,0.033,-0.0053,21.0
4.452,-0.0143,0.033,0.0277,0.0082,21.0
4.453,-0.0135,0.057,0.0225,0.0367,20.5
4.454,-0.006,0.0277,0.018,0.0532,20.5
4.455,0.0015,0.003,0.0082,0.0495,20.2
4.456,0.0015,0.0052,0.0,0.039,20.1
4.457,0.0022,0.0022,-0.015,0.0195,20.0
4.458,0.0052,0.0037,-0.024,0.0157,19.8
4.459,0.0075,0.009,-0.0278,-0.054,19.6
4.46,0.0082,0.0015,-0.0293,-0.147,19.5
4.461,0.009,-0.0083,-0.0256,-0.0706,19.3
4.462,0.0067,-0.0083,-0.021,0.033,19.0
4.463,0.0037,-0.0075,-0.012,0.0142,18.9
4.464,0.003,-0.0158,-0.006,-0.0495,19.0
4.465,0.0,-0.033,-0.0015,-0.09,18.7
4.466,-0.0008,-0.0428,0.0007,-0.063,18.7
4.467,0.0067,-0.0443,0.003,-0.093,18.4
4.468,0.0112,-0.042,0.0045,-0.0698,18.6
4.469,0.009,-0.027,-0.0023,0.0937,18.1
4.47,0.0082,-0.0015,-0.0203,0.1552,18.2
4.471,0.0067,0.0195,-0.0518,0.1155,17.9
4.472,-0.0046,0.0195,-0.0825,0.0577,18.0
4.473,-0.0075,0.0037,-0.096,0.0202,17.7
4.474,-0.0038,-0.0225,-0.0915,0.0202,17.5
4.475,-0.0046,-0.0495,-0.0713,0.0157,17.6
4.476,-0.0053,-0.0743,-0.0443,-0.0046,17.3
4.477,-0.0158,-0.1103,-0.0135,-0.0765,17.3
4.478,-0.0278,-0.1238,0.0157,-0.093,17.0
4.479,-0.0308,-0.096,0.0375,0.0082,17.1
4.48,-0.0315,-0.0735,0.0517,0.066,16.9
4.481,-0.03,-0.075,0.0562,0.1132,16.9
4.482,-0.0308,-0.0608,0.0547,0.0975,16.7
4.483,-0.03,-0.0383,0.063,-0.0548,16.4
4.484,-0.0293,-0.0188,0.0712,-0.0368,16.5
4.485,-0.027,-0.0046,0.078,0.09,16.2
4.486,-0.0233,0.0322,0.0832,0.0772,16.2
4.487,-0.0165,0.024,0.081,-0.0518,15.9
4.488,-0.0105,-0.0691,0.0742,-0.078,16.1
4.489,-0.0015,-0.0953,0.0652,0.1132,15.8
4.49,0.0052,-0.084,0.057,0.039,15.7
4.491,0.0067,-0.0743,0.048,-0.1688,15.4
4.492,0.0052,-0.0308,0.0435,-0.054,15.3
4.493,-0.0008,0.0315,0.036,0.0045,15.2
4.494,-0.0023,0.084,0.0217,-0.0975,15.0
4.495,-0.0083,0.0615,0.012,-0.0923,14.8
4.496,-0.0188,0.0292,-0.0015,-0.021,14.7
4.497,-0.024,0.0277,-0.0091,0.0577,14.4
4.498,-0.033,0.0382,-0.0068,0.0495,14.4
4.499,-0.0338,0.0345,-0.006,0.0172,14.1
4.5,-0.0353,-0.0083,0.0007,0.003,14.2
4.501,-0.0375,-0.0181,0.003,-0.0608,13.9
4.502,-0.0405,0.0255,-0.0008,-0.0615,14.0
4.503,-0.048,0.0532,-0.0075,-0.0465,13.5
4.504,-0.0503,0.0555,-0.0113,-0.0158,13.8
4.505,-0.0495,0.0562,-0.0128,0.0517,13.3
4.506,-0.0443,0.0735,-0.0233,0.0547,13.2
4.507,-0.0405,0.093,-0.0285,-0.003,13.3
4.508,-0.0383,0.0712,-0.0248,-0.066,13.0
4.509,-0.0323,0.0232,-0.0158,-0.0765,13.0
4.51,-0.0203,-0.0308,-0.0046,0.0405,12.7
4.511,-0.012,-0.0578,0.0022,0.1455,12.7
4.512,-0.003,-0.0488,-0.0008,0.0945,12.4
4.513,0.0082,-0.0308,-0.0068,0.1042,12.6
4.514,0.0105,-0.0023,-0.0113,0.1185,12.2
4.515,0.0202,0.0082,-0.0173,0.0382,12.1
4.516,0.0315,0.0142,-0.0173,0.0127,12.1
4.517,0.039,0.0052,-0.012,-0.0083,11.8
4.518,0.042,-0.03,-0.0091,-0.027,11.9
4.519,0.0442,-0.0361,-0.0128,-0.0165,11.6
4.52,0.0487,-0.0068,-0.0165,-0.0158,11.7
4.521,0.048,0.0292,-0.015,-0.0053,11.5
4.522,0.0517,0.0592,-0.0098,-0.0068,11.5
4.523,0.0465,0.054,-0.0053,-0.0158,11.2
4.524,0.0457,0.0067,-0.0068,-0.0383,11.1
4.525,0.0472,-0.0218,-0.0053,-0.0623,11.2
4.526,0.0487,-0.0143,-0.0015,-0.0788,11.0
4.527,0.0592,-0.0053,0.0022,-0.135,11.0
4.528,0.0667,-0.0233,0.0037,-0.0953,10.8
4.529,0.0637,-0.0495,0.006,0.078,11.0
4.53,0.0652,-0.0503,0.0097,0.0652,10.8
4.531,0.0712,-0.0173,0.0127,-0.0135,10.8
4.532,0.075,0.0157,0.0157,0.15,10.7
4.533,0.0802,0.057,0.0097,0.1747,10.5
4.534,0.0825,0.0937,0.0052,0.1117,10.5
4.535,0.0735,0.0937,0.0045,0.06,10.4
4.536,0.0607,0.0757,0.0052,-0.1426,10.3
4.537,0.0615,0.0165,0.0082,-0.1913,10.3
4.538,0.0697,-0.0405,0.0105,-0.1635,10.1
4.539,0.0757,-0.0608,0.012,-0.1028,10.0
4.54,0.0795,-0.0743,0.0142,-0.0623,9.9
4.541,0.072,-0.0743,0.0142,-0.0968,10.1
4.542,0.0577,-0.039,0.0067,0.0465,10.0
4.543,0.0435,-0.0165,-0.0015,0.0397,10.0
4.544,0.0292,0.0007,-0.0135,-0.1043,9.8
4.545,0.0142,0.0375,-0.0256,-0.0368,9.8
4.546,0.0045,0.0585,-0.0233,0.099,9.8
4.547,0.0015,0.0667,-0.0203,0.1342,9.9
4.548,0.009,0.0555,-0.0285,-0.042,9.7
4.549,0.0247,0.0652,-0.0338,-0.084,9.7
4.55,0.042,0.078,-0.0278,-0.0008,9.7
4.551,0.0562,0.0862,-0.0203,-0.0398,9.5
4.552,0.0615,0.081,-0.0181,0.0412,9.6
4.553,0.0637,0.0165,-0.0165,0.1087,9.5
4.554,0.0607,-0.0346,-0.0165,0.0495,9.5
4.555,0.048,-0.0503,-0.0195,0.099,9.5
4.556,0.0315,-0.0825,-0.0248,0.1252,9.4
4.557,0.0105,-0.1133,-0.027,-0.0623,9.5
4.558,-0.0128,-0.1125,-0.0218,-0.1793,9.1
4.559,-0.0308,-0.0578,-0.0218,-0.1868,9.4
4.56,-0.0473,-0.0046,-0.024,-0.0765,9.4
4.561,-0.063,0.0045,-0.024,0.1267,9.4
4.562,-0.078,0.0082,-0.0165,0.1357,9.2
4.563,-0.0938,0.0067,-0.0046,0.129,9.4
4.564,-0.1065,0.003,0.0082,0.156,9.3
4.565,-0.1178,0.0052,0.0217,0.0465,9.3
4.566,-0.1238,0.0202,0.0292,-0.1553,9.1
4.567,-0.1238,0.0532,0.0352,-0.2483,9.1
4.568,-0.1163,0.0712,0.0375,-0.1253,9.2
4.569,-0.1043,0.1027,0.0315,0.0555,9.2
4.57,-0.09,0.1012,0.0217,0.0457,9.1
4.571,-0.0743,0.0802,0.015,-0.0503,9.2
4.572,-0.0623,0.0555,0.0135,-0.0503,9.0
4.573,-0.048,-0.0143,0.0105,-0.075,9.0
4.574,-0.0315,-0.0518,0.0067,-0.039,9.0
4.575,-0.0113,-0.063,0.0045,0.0502,9.3
4.576,0.0052,-0.0856,0.0015,0.1087,9.2
4.577,0.0067,-0.1148,-0.0053,0.1065,9.2
4.578,0.0052,-0.12,-0.0158,0.0367,8.9
4.579,0.006,-0.0728,-0.0233,0.018,9.0
4.58,0.0037,-0.0053,-0.0293,0.024,8.8
4.581,0.0015,0.0457,-0.0346,-0.0113,9.0
4.582,-0.0015,0.045,-0.0368,-0.012,8.8
4.583,-0.0015,0.0142,-0.039,0.0532,9.0
4.584,-0.0046,0.0015,-0.0428,0.0825,8.9
4.585,-0.0068,-0.0128,-0.042,0.0547,8.9
4.586,-0.003,-0.003,-0.039,0.1147,8.8
4.587,-0.0008,0.03,-0.0375,0.1357,8.9
4.588,0.0007,0.0315,-0.0308,-0.0533,8.6
4.589,0.0007,-0.006,-0.0233,-0.0608,8.7
4.59,0.0037,-0.0953,-0.0158,0.0337,8.6
4.591,0.012,-0.156,-0.0165,-0.0008,8.8
4.592,0.0165,-0.12,-0.0188,0.0022,8.5
4.593,0.0195,-0.0248,-0.0165,-0.06,8.7
4.594,0.0247,0.0442,-0.0165,-0.0871,8.5
4.595,0.0307,0.0577,-0.0128,-0.114,8.5
4.596,0.0307,0.0457,-0.0068,-0.168,8.3
4.597,0.027,0.0255,-0.0046,-0.1388,8.4
4.598,0.027,0.0097,-0.003,-0.0098,8.4
4.599,0.0255,0.0217,0.0037,0.2257,8.6
4.6,0.027,0.0367,0.0067,0.2872,8.5
4.601,0.0255,0.027,0.006,0.1815,8.4
4.602,0.0202,0.009,0.0067,0.0157,8.3
4.603,0.018,-0.0128,0.0105,-0.0503,8.4
4.604,0.012,-0.024,0.0157,0.0105,8.3
4.605,0.006,-0.0293,0.018,-0.0645,8.2
4.606,-0.0008,-0.0225,0.0217,-0.0653,8.1
4.607,-0.0083,-0.0053,0.021,-0.0728,8.2
4.608,-0.0158,0.009,0.0202,-0.0863,8.0
4.609,-0.0218,0.0292,0.018,0.0382,8.1
4.61,-0.03,0.0405,0.0142,0.0112,7.7
4.611,-0.0353,0.0472,0.0142,0.0015,7.8
4.612,-0.0405,0.0457,0.0082,-0.12,7.3
4.613,-0.0436,0.0157,-0.0015,-0.2858,7.3
4.614,-0.0443,-0.0128,-0.003,-0.1043,7.2
4.615,-0.0465,-0.024,-0.0075,0.0292,6.9
4.616,-0.0443,-0.033,-0.0218,-0.027,6.8
4.617,-0.0428,-0.0315,-0.0346,-0.1381,6.7
4.618,-0.0436,-0.012,-0.0368,-0.2325,6.4
4.619,-0.0383,0.0075,-0.0165,-0.093,6.2
4.62,-0.0323,0.0172,0.0135,0.0742,6.0
4.621,-0.027,0.0127,0.0292,0.2197,6.0
4.622,-0.0188,0.0022,0.0382,0.2557,5.8
4.623,-0.012,0.0127,0.0457,0.1147,5.6
4.624,-0.006,0.0345,0.063,0.027,5.3
4.625,0.0007,0.0547,0.084,-0.0585,5.3
4.626,0.0172,0.0667,0.099,0.051,5.0
4.627,0.0285,0.03,0.1042,0.0165,5.2
4.628,0.024,-0.0308,0.093,-0.1711,4.7
4.629,0.0187,-0.0706,0.0735,-0.0893,4.9
4.63,0.0157,-0.0623,0.042,0.0195,4.7
4.631,0.012,-0.0368,0.0135,0.1177,4.8
4.632,0.009,-0.024,-0.0128,0.0787,4.5
4.633,0.0067,0.0007,-0.0346,-0.0915,4.4
4.634,0.0052,0.0165,-0.0413,-0.0833,4.4
4.635,0.009,0.018,-0.039,0.048,4.4
4.636,0.0112,0.009,-0.027,0.0157,4.4
4.637,0.0142,-0.0203,-0.0181,-0.003,4.1
4.638,0.0202,-0.0691,-0.0091,0.0547,4.3
4.639,0.024,-0.0825,-0.0008,0.0375,4.3
4.64,0.0315,-0.0278,0.0045,0.0547,4.2
4.641,0.0367,0.0255,0.0052,0.063,4.3
4.642,0.042,0.0457,0.0015,0.078,4.2
4.643,0.0495,0.0472,-0.0038,0.021,4.2
4.644,0.0532,0.036,-0.006,0.0202,4.1
4.645,0.0547,0.0345,-0.0046,0.0585,4.2
4.646,0.0577,0.045,-0.0068,0.0367,4.1
4.647,0.0592,0.0382,0.0015,0.0727,4.4
4.648,0.0502,0.0052,0.0232,0.012,4.1
4.649,0.0427,-0.045,0.0525,-0.0368,4.2
4.65,0.0367,-0.0511,0.084,-0.0315,4.2
4.651,0.0352,-0.0346,0.105,0.0127,4.3
4.652,0.0292,-0.027,0.1207,0.0217,4.2
4.653,0.0165,-0.0218,0.135,-0.0181,4.3
4.654,0.0195,-0.0165,0.141,-0.0188,4.3
4.655,0.0187,-0.0053,0.1372,-0.15,4.4
4.656,0.0142,-0.0008,0.1312,-0.159,4.4
4.657,0.0127,0.0195,0.1222,0.0457,4.6
4.658,0.009,0.0292,0.0975,0.0585,4.2
4.659,0.006,0.0142,0.0532,-0.132,4.6
4.66,-0.0068,-0.0181,0.0007,-0.1688,4.4
4.661,-0.0256,-0.0165,-0.0495,-0.1193,4.6
4.662,-0.0473,0.0165,-0.0938,-0.0706,4.5
4.663,-0.0668,0.024,-0.126,0.0892,4.7
4.664,-0.0848,0.027,-0.1418,0.1485,4.8
4.665,-0.1118,0.0165,-0.1441,0.1282,4.7
4.666,-0.1298,-0.0068,-0.1313,0.0997,4.8
4.667,-0.1381,-0.0458,-0.1118,0.1222,4.8
4.668,-0.1463,-0.0593,-0.09,0.0945,4.8
4.669,-0.1396,-0.0203,-0.0691,-0.09,4.7
4.67,-0.129,-0.0046,-0.054,-0.1223,4.9
4.671,-0.1155,0.003,-0.045,-0.0548,4.7
4.672,-0.0856,0.0067,-0.0323,-0.1388,4.8
4.673,-0.0638,0.0037,-0.0143,-0.1733,4.9
4.674,-0.0563,0.0195,-0.0008,-0.0285,4.9
4.675,-0.0533,0.0277,0.0015,0.0892,5.0
4.676,-0.0593,0.0232,-0.0053,0.0975,4.8
4.677,-0.0623,0.0202,-0.0053,-0.0188,5.0
4.678,-0.0645,0.0082,-0.0008,0.0217,4.8
4.679,-0.0713,0.003,0.0082,0.0592,5.1
4.68,-0.0765,0.0127,0.0195,0.0585,4.9
4.681,-0.0773,0.0127,0.0277,0.2407,5.1
4.682,-0.0713,0.0105,0.0397,0.1957,4.9
4.683,-0.0518,-0.0038,0.0397,0.1177,4.8
4.684,-0.0465,-0.0091,0.0307,0.0607,4.8
4.685,-0.0503,-0.0015,0.024,0.0052,4.8
4.686,-0.0338,-0.0091,0.0142,-0.0353,4.8
4.687,-0.0158,-0.0105,0.0037,-0.1163,4.6
4.688,0.003,0.0015,-0.0083,-0.1163,4.6
4.689,0.0322,0.0105,-0.0233,-0.2783,4.4
4.69,0.0607,0.0022,-0.0383,-0.2303,4.6
4.691,0.0892,-0.0128,-0.0503,-0.0593,4.5
4.692,0.1162,-0.0128,-0.0638,-0.0713,4.4
4.693,0.1372,-0.0015,-0.084,-0.078,4.5
4.694,0.171,-0.003,-0.1088,-0.0863,4.5
4.695,0.207,-0.0105,-0.12,0.0082,4.6
4.696,0.2257,-0.0143,-0.1163,0.033,4.4
4.697,0.2347,-0.0068,-0.1125,0.0832,4.4
4.698,0.2482,0.0022,-0.0945,0.1995,4.5
4.699,0.2572,0.0082,-0.0773,0.1575,4.5
4.7,0.2512,0.0127,-0.0593,0.1027,4.4
4.701,0.2512,0.012,-0.0338,0.063,4.3
4.702,0.2445,0.0157,-0.0135,0.0202,4.6
4.703,0.2197,0.0105,0.0022,0.0045,4.4
4.704,0.1935,-0.0038,0.0135,-0.0203,4.5
4.705,0.1672,-0.0143,0.0187,-0.0968,4.6
4.706,0.15,-0.0053,0.0202,-0.1365,4.4
4.707,0.1327,0.0075,0.0187,-0.0698,4.5
4.708,0.111,-0.0008,0.0165,-0.012,4.4
4.709,0.093,0.003,0.015,-0.0495,4.7
4.71,0.078,0.0142,0.0195,-0.0105,4.4
4.711,0.0697,0.006,0.0232,0.1095,4.7
4.712,0.0607,-0.0015,0.03,0.0787,4.4
4.713,0.0517,-0.0068,0.0397,0.0487,4.7
4.714,0.0435,-0.0128,0.0495,0.0742,4.7
4.715,0.0412,-0.0083,0.0615,0.0592,4.9
4.716,0.0405,-0.003,0.0742,0.0577,4.8
4.717,0.0307,-0.0158,0.0855,0.0967,4.5
4.718,0.0097,-0.0233,0.0967,0.0202,4.8
4.719,-0.0218,-0.0181,0.102,-0.0691,4.6
4.72,-0.0338,-0.0128,0.102,-0.0165,4.7
4.721,-0.0308,-0.012,0.099,-0.0023,4.4
4.722,-0.024,-0.0135,0.1027,-0.0091,4.5
4.723,-0.0203,-0.0091,0.105,-0.003,4.4
4.724,-0.0256,0.0015,0.102,0.0465,4.4
4.725,-0.033,0.0037,0.0967,0.117,4.4
4.726,-0.0398,-0.0053,0.093,0.0,4.1
4.727,-0.0398,-0.0046,0.0877,-0.267,4.3
4.728,-0.0405,0.0097,0.078,-0.2783,4.0
4.729,-0.0473,0.0105,0.0607,-0.1478,4.1
4.73,-0.0518,0.0067,0.0405,-0.0953,4.2
4.731,-0.0555,-0.0046,0.0277,0.0165,4.1
4.732,-0.0615,-0.0068,0.015,-0.0135,4.1
4.733,-0.0743,-0.0023,0.0007,0.0637,4.0
4.734,-0.0818,-0.012,-0.012,0.2062,4.1
4.735,-0.09,-0.0091,-0.027,0.1222,3.8
4.736,-0.0953,-0.0053,-0.0375,0.0495,4.1
4.737,-0.0975,0.0015,-0.0375,-0.0083,3.8
4.738,-0.1058,0.0067,-0.039,0.0615,4.0
4.739,-0.111,0.0067,-0.0511,0.0262,3.9
4.74,-0.12,0.0082,-0.0615,-0.003,4.0
4.741,-0.1411,0.0037,-0.0653,0.1455,3.8
4.742,-0.1635,0.0052,-0.0713,0.0952,3.8
4.743,-0.1756,-0.0015,-0.0743,0.0712,3.9
4.744,-0.1845,-0.0128,-0.0691,-0.0908,3.6
4.745,-0.1883,-0.0143,-0.0518,-0.3488,3.6
4.746,-0.186,-0.003,-0.0346,-0.1455,3.7
4.747,-0.1726,0.0067,-0.0203,0.0922,3.6
4.748,-0.1313,0.0082,-0.0105,0.0142,3.6
4.749,-0.0518,0.0067,-0.0015,-0.0195,3.7
4.75,0.0742,0.0127,0.0045,-0.024,3.8
4.751,0.186,0.0195,0.0037,-0.156,3.4
4.752,0.2002,0.0097,0.0,-0.1845,3.6
4.753,0.1065,0.0105,-0.0098,-0.135,3.3
4.754,-0.039,0.012,-0.0195,-0.1358,3.5
4.755,-0.1711,0.0075,-0.0218,-0.039,3.5
4.756,-0.2378,0.0022,-0.0315,0.0427,3.5
4.757,-0.2378,-0.0008,-0.042,0.1102,3.5
4.758,-0.2258,-0.006,-0.054,0.1177,3.4
4.759,-0.1935,-0.0053,-0.063,0.0255,3.4
4.76,-0.159,0.0045,-0.0668,0.084,3.4
4.761,-0.1463,-0.0053,-0.0818,0.144,3.5
4.762,-0.1365,-0.0143,-0.0998,0.1275,3.2
4.763,-0.1335,-0.0143,-0.1125,-0.0195,3.2
4.764,-0.1253,-0.0083,-0.126,-0.1373,3.2
4.765,-0.1268,0.0082,-0.1411,0.0015,3.2
4.766,-0.1478,0.003,-0.1538,0.108,3.4
4.767,-0.1478,-0.0038,-0.165,0.1027,3.1
4.768,-0.1388,-0.0046,-0.177,0.0825,3.4
4.769,-0.1275,-0.0105,-0.1823,0.075,3.1
4.77,-0.0975,-0.0053,-0.1808,-0.0218,3.4
4.771,-0.0503,0.0007,-0.1748,-0.2026,3.0
4.772,-0.0008,0.0045,-0.1605,-0.1928,3.2
4.773,0.039,0.0045,-0.1426,0.0165,3.2
4.774,0.0825,0.0007,-0.1223,0.0427,3.3
4.775,0.1267,-0.0098,-0.1006,-0.0533,3.2
4.776,0.1702,-0.0143,-0.0728,-0.012,3.2
4.777,0.201,-0.0068,-0.045,0.027,3.3
4.778,0.225,0.0022,-0.0128,0.0742,3.5
4.779,0.2647,0.0142,0.0195,0.0345,3.4
4.78,0.291,0.0172,0.0442,-0.0158,3.6
4.781,0.291,0.0082,0.0637,0.0375,3.5
4.782,0.2895,-0.0023,0.0825,0.0315,3.6
4.783,0.3045,-0.0053,0.096,0.018,3.4
4.784,0.3112,-0.0075,0.1035,0.0,3.7
4.785,0.3022,-0.0083,0.111,-0.0165,3.4
4.786,0.3015,-0.006,0.1177,-0.0361,3.7
4.787,0.2835,-0.003,0.126,-0.033,3.6
4.788,0.2475,0.0052,0.135,0.003,3.7
4.789,0.2077,0.009,0.1342,0.0165,3.6
4.79,0.165,-0.0008,0.1327,0.111,3.8
4.791,0.1207,-0.024,0.1275,0.1957,3.7
4.792,0.0862,-0.027,0.1192,0.1087,3.7
4.793,0.0825,-0.0188,0.1125,0.0577,3.6
4.794,0.108,-0.0165,0.1042,0.0187,3.6
4.795,0.165,-0.0046,0.1005,-0.1193,3.6
4.796,0.1995,0.0052,0.0892,-0.105,3.6
4.797,0.2085,0.0217,0.0862,-0.063,3.7
4.798,0.2257,0.0307,0.0862,-0.0256,3.6
4.799,0.2077,0.0202,0.0877,-0.0158,3.7
4.8,0.1387,0.015,0.0997,-0.1073,3.5
4.801,0.0592,0.0135,0.1065,-0.045,3.6
4.802,-0.0091,0.006,0.0982,0.0292,3.7
4.803,-0.0833,-0.0008,0.0825,0.06,3.6
4.804,-0.1426,-0.0015,0.0645,0.0382,3.6
4.805,-0.165,-0.0008,0.0442,-0.0773,3.4
4.806,-0.1613,0.0,0.03,-0.0518,3.6
4.807,-0.18,-0.0128,0.0277,0.0532,3.6
4.808,-0.207,-0.0105,0.039,0.0382,3.6
4.809,-0.2363,-0.0015,0.0675,-0.0053,3.6
4.81,-0.273,-0.0053,0.0937,-0.0015,3.6
4.811,-0.2753,0.0007,0.1065,-0.063,3.4
4.812,-0.2708,-0.0038,0.111,-0.0533,3.5
4.813,-0.2528,-0.0105,0.1042,-0.0495,3.6
4.814,-0.2273,-0.0128,0.0862,-0.057,3.5
4.815,-0.195,-0.0023,0.069,0.0315,3.5
4.816,-0.1628,0.0105,0.0592,-0.027,3.5
4.817,-0.1433,0.012,0.0562,0.0082,3.6
4.818,-0.0938,0.0067,0.0547,0.129,3.6
4.819,-0.012,0.0007,0.057,0.0982,3.4
4.82,0.0217,0.0037,0.0607,0.0742,3.6
4.821,-0.0788,0.0045,0.069,0.066,3.4
4.822,-0.108,0.0052,0.0757,0.102,3.6
4.823,-0.0405,-0.006,0.0922,0.075,3.2
4.824,-0.078,-0.0225,0.1252,-0.2138,3.3
4.825,-0.0953,-0.0143,0.1575,-0.3555,3.2
4.826,-0.0503,-0.0068,0.1927,-0.066,3.4
4.827,-0.0578,-0.0015,0.2227,-0.0428,3.3
4.828,-0.0675,0.003,0.2452,-0.105,3.4
4.829,-0.0713,0.0045,0.2595,0.0045,3.4
4.83,-0.0668,0.0045,0.2647,-0.0443,3.2
4.831,-0.0361,-0.0083,0.2647,0.0712,3.5
4.832,-0.0128,-0.0128,0.243,0.09,3.4
4.833,0.0217,-0.0091,0.2085,0.0592,3.4
4.834,0.0442,-0.0083,0.1695,0.1192,3.3
4.835,0.069,-0.0038,0.123,0.0982,3.5
4.836,0.099,-0.0008,0.0682,0.0735,3.6
4.837,0.1162,-0.0008,0.0127,0.0277,3.3
4.838,0.1425,-0.0008,-0.0383,0.0412,3.6
4.839,0.156,0.0007,-0.0885,-0.0015,3.3
4.84,0.1672,0.0,-0.132,-0.0788,3.6
4.841,0.1582,-0.0068,-0.1688,-0.1628,3.4
4.842,0.0825,-0.006,-0.1995,-0.1043,3.6
4.843,-0.0143,-0.0038,-0.2243,0.0495,3.6
4.844,-0.0555,-0.0038,-0.243,0.084,3.6
4.845,-0.0593,0.0015,-0.2558,0.1012,3.6
4.846,-0.0743,0.0007,-0.2603,0.054,3.5
4.847,-0.057,0.0037,-0.2625,0.0367,3.8
4.848,-0.0383,0.0067,-0.2663,-0.0256,3.6
4.849,-0.0555,0.0007,-0.264,-0.1268,3.8
4.85,-0.0533,0.0015,-0.2588,-0.0653,3.6
4.851,-0.0315,0.0022,-0.2535,-0.0038,3.7
4.852,0.0165,0.0015,-0.2483,-0.0143,3.7
4.853,0.0622,0.0045,-0.2393,-0.0503,3.8
4.854,0.0765,0.006,-0.2318,-0.03,3.8
4.855,0.0742,0.003,-0.222,0.0202,3.7
4.856,0.081,-0.0015,-0.216,-0.0181,3.8
4.857,0.0975,0.0015,-0.2115,0.0052,3.8
4.858,0.1035,-0.0008,-0.2011,0.0555,3.8
4.859,0.105,-0.0008,-0.1928,0.0277,3.8
4.86,0.1005,0.0052,-0.1823,0.0097,3.8
4.861,0.0855,0.0045,-0.1696,-0.081,3.8
4.862,0.0765,0.003,-0.1553,-0.105,3.8
4.863,0.075,-0.0038,-0.1418,-0.0278,3.9
4.864,0.0742,-0.006,-0.129,-0.0046,3.8
4.865,0.06,-0.0015,-0.1118,0.0292,4.0
4.866,0.0315,0.0015,-0.0953,0.0232,4.0
4.867,0.0067,0.0037,-0.0818,-0.0203,3.9
4.868,-0.0098,0.0037,-0.0683,-0.039,4.0
4.869,-0.0158,0.0,-0.054,-0.0353,4.1
4.87,-0.0113,0.0007,-0.0413,-0.0368,4.1
4.871,-0.0083,0.0007,-0.0308,0.0097,4.1
4.872,-0.0105,-0.0038,-0.0181,0.108,4.3
4.873,-0.0105,-0.006,-0.0083,0.048,4.1
4.874,-0.0113,-0.003,-0.0038,-0.0578,4.2
4.875,-0.0098,0.003,-0.0008,-0.0218,4.2
4.876,-0.0053,0.006,0.0045,-0.0015,4.2
4.877,-0.0008,0.009,0.0067,0.0052,4.2
4.878,0.0082,0.0067,0.0097,0.0165,4.1
4.879,0.027,0.0097,0.0142,0.0277,4.4
4.88,0.03,0.012,0.0187,0.0787,4.2
4.881,0.0165,-0.0008,0.018,0.027,4.4
4.882,-0.0098,-0.0105,0.0142,-0.021,4.1
4.883,-0.0503,-0.006,0.021,0.0592,4.4
4.884,-0.075,-0.0113,0.0255,0.1605,4.3
4.885,-0.078,-0.0158,0.027,0.0667,4.3
4.886,-0.0691,0.0165,0.0307,-0.123,4.2
4.887,-0.0615,0.0322,0.0292,-0.06,4.1
4.888,-0.057,0.0172,0.027,-0.0278,4.4
4.889,-0.0638,0.0142,0.0232,-0.0615,4.3
4.89,-0.0788,0.0045,0.0195,-0.0143,4.4
4.891,-0.0975,-0.0015,0.0165,-0.0165,4.4
4.892,-0.105,-0.0015,0.0157,-0.0091,4.4
4.893,-0.1013,-0.0015,0.0172,-0.054,4.4
4.894,-0.09,0.0007,0.0195,-0.0361,4.2
4.895,-0.06,-0.0068,0.0165,0.036,4.5
4.896,-0.0218,-0.0128,0.012,0.0412,4.1
4.897,0.0225,-0.0128,0.0075,0.0442,4.5
4.898,0.0525,-0.0083,0.0052,0.0285,4.1
4.899,0.0577,-0.0046,0.006,0.0247,4.6
4.9,0.0585,-0.0008,0.0082,0.0105,4.3
4.901,0.0562,0.0022,0.0067,0.0015,4.4
4.902,0.045,0.003,0.0045,0.018,4.3
4.903,0.027,0.0105,0.0082,0.0307,4.4
4.904,0.0142,0.0157,0.0112,0.0742,4.5
4.905,0.0045,0.0037,0.0097,0.1612,4.5
4.906,0.0015,-0.006,0.015,0.2002,4.5
4.907,-0.003,-0.003,0.0202,0.0832,4.4
4.908,-0.012,0.003,0.0202,0.0705,4.4
4.909,-0.0165,-0.0038,0.0172,0.0937,4.5
4.91,-0.015,-0.0015,0.015,-0.1365,4.2
4.911,-0.0068,0.0157,0.0195,-0.1733,4.5
4.912,-0.0023,0.0135,0.024,-0.0503,4.3
4.913,-0.0015,0.0045,0.0262,0.096,4.4
4.914,-0.0075,-0.0233,0.0292,0.2925,4.3
4.915,-0.0158,-0.0428,0.033,0.1395,4.4
4.916,-0.0203,-0.0248,0.0352,-0.0525,4.4
4.917,-0.0233,-0.0105,0.0352,-0.1208,4.5
4.918,-0.0203,-0.0008,0.0292,-0.1726,4.5
4.919,-0.015,-0.003,0.0292,-0.1381,4.3
4.92,-0.0098,-0.0068,0.033,-0.1763,4.4
4.921,-0.0068,0.0105,0.0367,-0.123,4.3
4.922,-0.0038,0.027,0.0412,0.0765,4.4
4.923,-0.0053,0.0232,0.0427,0.0742,4.3
4.924,-0.0053,0.0165,0.042,-0.0953,4.4
4.925,-0.0046,0.0127,0.0405,-0.0915,4.3
4.926,-0.0023,0.0082,0.0427,-0.0721,4.4
4.927,0.0037,0.0037,0.0397,-0.1013,4.3
4.928,0.0067,-0.0015,0.0397,-0.0548,4.3
4.929,0.009,-0.006,0.0442,-0.063,4.4
4.93,0.0097,-0.0075,0.0442,-0.0383,4.1
4.931,0.0112,-0.0083,0.0465,-0.021,4.6
4.932,0.0052,-0.0098,0.0502,-0.0143,4.2
4.933,-0.003,-0.0091,0.0525,0.0097,4.5
4.934,-0.0091,-0.0046,0.0555,0.0045,4.2
4.935,-0.0158,-0.006,0.0562,0.0195,4.4
4.936,-0.015,-0.0091,0.0577,0.0195,4.4
4.937,-0.0091,-0.0105,0.0577,0.0442,4.4
4.938,0.0,-0.0113,0.0592,0.0607,4.4
4.939,0.0142,-0.015,0.0577,0.0427,4.3
4.94,0.0307,-0.0181,0.0555,0.0217,4.2
4.941,0.0457,-0.0233,0.0562,-0.0473,4.3
4.942,0.0615,-0.0293,0.0547,-0.1613,4.1
4.943,0.0765,-0.0383,0.0525,-0.1748,4.2
4.944,0.0847,-0.0503,0.048,-0.057,4.3
4.945,0.0802,-0.0585,0.0442,-0.0008,4.3
4.946,0.048,-0.0555,0.042,0.0697,4.1
4.947,-0.0143,-0.0473,0.0367,0.1725,4.4
4.948,-0.0706,-0.0353,0.0345,0.1912,4.3
4.949,-0.0871,-0.0233,0.033,0.1972,4.4
4.95,-0.075,-0.0218,0.0307,0.1785,4.0
4.951,-0.0495,-0.0143,0.0232,-0.0053,4.2
4.952,-0.0256,0.0082,0.018,-0.1778,4.1
4.953,-0.0053,0.0232,0.0165,-0.1043,4.1
4.954,0.012,0.024,0.018,-0.132,4.0
4.955,0.027,0.0255,0.0202,-0.075,4.0
4.956,0.0352,0.0307,0.0247,0.1522,4.2
4.957,0.0292,0.0315,0.0255,0.0562,3.9
4.958,0.0142,0.0307,0.018,0.0592,4.2
4.959,-0.003,0.0172,0.009,0.144,4.0
4.96,-0.015,0.0067,0.0007,0.099,4.2
4.961,-0.0203,0.0105,-0.0053,0.075,4.0
4.962,-0.0195,0.0172,-0.0083,-0.0436,4.0
4.963,-0.0158,0.0345,-0.0023,0.078,4.1
4.964,-0.012,0.0465,0.0045,0.2235,4.0
4.965,-0.0053,0.0382,0.0097,0.153,4.0
4.966,0.0007,0.027,0.0105,0.1597,3.9
4.967,0.0067,0.0255,0.0097,0.0292,4.0
4.968,0.018,0.0127,0.009,-0.0473,3.9
4.969,0.0262,0.0007,-0.003,0.0082,4.0
4.97,0.0315,-0.0105,-0.0098,-0.0413,3.7
4.971,0.0345,-0.0173,-0.0135,-0.054,3.9
4.972,0.0352,-0.012,-0.0181,-0.1035,3.7
4.973,0.033,-0.0143,-0.0195,-0.1403,3.6
4.974,0.027,-0.0218,-0.0233,-0.1628,3.8
4.975,0.018,-0.0248,-0.024,-0.1973,3.7
4.976,0.0097,-0.0143,-0.0256,-0.1523,3.7
4.977,0.0037,-0.0083,-0.0203,-0.0413,3.7
4.978,-0.0015,-0.0135,-0.0181,0.0112,3.6
4.979,-0.0008,0.0037,-0.0165,-0.114,3.6
4.98,0.0015,0.027,-0.0158,-0.2033,3.6
4.981,0.003,0.024,-0.0173,-0.2821,3.6
4.982,0.0075,0.0157,-0.012,-0.3315,3.5
4.983,0.012,0.0307,-0.0083,-0.2108,3.8
4.984,0.012,0.0285,-0.0068,-0.1853,3.5
4.985,0.0097,0.0217,-0.003,-0.186,3.6
4.986,0.0037,0.0315,0.0015,-0.1853,3.6
4.987,-0.006,0.03,0.0022,-0.2258,3.6
4.988,-0.0158,0.0165,0.003,-0.1688,3.7
4.989,-0.0256,-0.0046,0.0007,-0.1208,3.5
4.99,-0.0293,-0.033,0.0007,-0.0338,3.7
4.991,-0.0293,-0.0675,0.0015,-0.003,3.5
4.992,-0.0225,-0.0878,0.0022,0.0187,3.6
4.993,-0.0143,-0.0998,-0.003,0.054,3.4
4.994,-0.0046,-0.1088,-0.0023,0.0352,3.6
4.995,0.0075,-0.1035,-0.0023,0.0637,3.6
4.996,0.0172,-0.0968,-0.003,0.1192,3.5
4.997,0.0285,-0.0908,-0.0046,0.192,3.6
4.998,0.0367,-0.075,-0.0068,0.1567,3.3
4.999,0.042,-0.0495,-0.0083,0.1027,3.4
5.0,0.0457,-0.0203,-0.0075,0.0952,3.2
5.001,0.0465,0.0157,-0.0046,0.114,3.4
5.002,0.048,0.0525,-0.0053,0.12,3.3
5.003,0.0457,0.084,-0.0053,0.099,3.2
5.004,0.042,0.1087,-0.0068,0.1717,3.3
5.005,0.0382,0.1372,-0.0068,0.2842,3.1
5.006,0.0322,0.1552,-0.0068,0.3037,3.6
5.007,0.0262,0.1635,-0.003,0.216,3.2
5.008,0.0217,0.1665,-0.003,0.2362,3.5
5.009,0.018,0.1462,-0.006,0.1785,3.2
5.01,0.015,0.129,-0.0053,0.0915,3.3
5.011,0.012,0.1087,-0.0053,0.2197,3.2
5.012,0.0082,0.0802,-0.0053,0.216,3.2
5.013,0.0075,0.0502,-0.0068,0.1522,3.1
5.014,0.0052,0.0382,-0.0068,0.165,3.3
5.015,-0.0008,0.054,-0.0038,0.1747,3.2
5.016,-0.0046,0.0517,-0.0046,0.1657,3.1
5.017,-0.0091,0.0457,-0.0038,0.0952,3.0
5.018,-0.0135,0.0352,-0.003,0.0577,3.1
5.019,-0.0173,0.0082,-0.0053,0.0502,3.0
5.02,-0.0165,-0.015,-0.0068,0.0555,3.1
5.021,-0.0158,-0.0278,-0.0083,0.0345,3.1
5.022,-0.0143,-0.0346,-0.0098,-0.0158,3.0
5.023,-0.0113,-0.0473,-0.0098,-0.0225,3.0
5.024,-0.0098,-0.06,-0.0083,-0.0555,2.9
5.025,-0.006,-0.0773,-0.0053,-0.0165,2.9
5.026,-0.0046,-0.0938,0.0007,0.0285,2.9
5.027,-0.003,-0.0885,0.0052,-0.0091,2.8
5.028,-0.0015,-0.0878,0.0015,0.0585,3.0
5.029,-0.0023,-0.1013,-0.0046,-0.0046,2.7
5.03,-0.0046,-0.0975,-0.0083,-0.2648,2.9
5.031,-0.0053,-0.0788,-0.0053,-0.4478,2.7
5.032,-0.0068,-0.0638,-0.0008,-0.2843,2.7
5.033,-0.0083,-0.0495,0.0045,-0.0593,2.7
5.034,-0.0105,-0.03,0.0052,-0.1598,2.6
5.035,-0.012,-0.0256,0.0097,-0.1853,2.7
5.036,-0.0135,-0.0218,0.0127,-0.1598,2.6
5.037,-0.0158,-0.0135,0.0097,-0.2011,2.7
5.038,-0.0173,-0.0256,0.0045,-0.1763,2.6
5.039,-0.0181,-0.0428,-0.0008,-0.084,2.6
5.04,-0.0203,-0.0593,-0.0053,-0.0503,2.7
5.041,-0.021,-0.027,-0.0083,-0.0728,2.8
5.042,-0.0218,0.0112,-0.0098,-0.0278,3.0
5.043,-0.0256,0.018,-0.0105,-0.0428,2.6
5.044,-0.0278,0.024,-0.0091,-0.0368,2.9
5.045,-0.024,0.0157,-0.0091,-0.0473,2.5
5.046,-0.0225,0.015,-0.012,-0.084,2.8
5.047,-0.0203,0.0157,-0.0105,-0.0728,2.6
5.048,-0.0165,0.0142,-0.0105,-0.0585,2.7
5.049,-0.015,0.0157,-0.0128,-0.042,2.6
5.05,-0.0128,0.0157,-0.0105,-0.0525,2.7
5.051,-0.0105,0.027,-0.0046,-0.0278,2.6
5.052,-0.0105,0.027,0.0015,-0.0233,2.7
5.053,-0.0075,0.018,0.0007,-0.0203,3.0
5.054,-0.0008,0.0127,-0.0015,-0.0046,2.5
5.055,0.003,0.009,-0.0046,0.0165,2.9
5.056,0.0045,0.0007,-0.0046,0.066,2.6
5.057,0.0052,-0.0053,-0.0023,0.0405,2.8
5.058,0.006,-0.0023,-0.0038,-0.0008,2.7
5.059,0.0067,0.003,-0.0053,0.003,2.6
5.06,0.0082,-0.0015,-0.0068,0.069,2.7
5.061,0.0075,-0.0083,-0.0038,0.0922,2.6
5.062,0.0082,0.0015,-0.0046,0.0232,2.6
5.063,0.009,0.009,-0.0053,0.039,2.7
5.064,0.009,0.0045,-0.006,0.0532,2.8
5.065,0.0067,0.003,-0.0105,0.0562,2.6
5.066,0.0052,-0.0023,-0.0083,0.0705,2.7
5.067,0.0075,-0.0075,-0.0068,0.0262,2.7
5.068,0.0105,-0.006,-0.0068,0.003,2.6
5.069,0.0127,0.0052,-0.006,0.0127,2.6
5.07,0.0135,0.0052,-0.006,0.0337,2.4
5.071,0.0142,0.003,-0.0015,0.0292,2.9
5.072,0.0157,-0.003,-0.0038,0.0502,2.4
5.073,0.0142,-0.0225,-0.0053,0.069,3.0
5.074,0.0142,-0.0225,-0.0083,0.024,2.4
5.075,0.0127,-0.0143,-0.0091,-0.003,2.6
5.076,0.0135,-0.0046,-0.0083,0.003,2.4
5.077,0.0165,0.0067,-0.0098,0.0105,2.6
5.078,0.0157,0.006,-0.0091,-0.003,2.6
5.079,0.0157,-0.0008,-0.0083,-0.0128,2.6
5.08,0.0165,-0.0083,-0.006,0.018,2.6
5.081,0.0195,-0.0105,-0.0053,0.021,2.7
5.082,0.0195,-0.0075,-0.0038,0.0382,2.6
5.083,0.018,-0.0053,0.0,0.0682,2.6
5.084,0.0165,-0.0053,0.0,0.0592,2.6
5.085,0.018,-0.0053,-0.0008,0.0607,2.6
5.086,0.0187,-0.0098,-0.0008,0.0127,2.6
5.087,0.0195,-0.0083,0.0015,-0.1088,2.6
5.088,0.018,-0.0068,0.0007,-0.1665,2.6
5.089,0.0165,-0.0083,0.0045,-0.0691,2.7
5.09,0.015,-0.0091,0.0052,-0.0368,2.6
5.091,0.0127,-0.0113,0.0037,-0.063,2.7
5.092,0.0105,-0.012,0.0022,-0.042,2.5
5.093,0.0067,-0.0128,0.0007,-0.0563,2.6
5.094,0.006,-0.015,0.0015,-0.0105,2.6
5.095,0.0045,-0.0233,0.0015,0.021,2.8
5.096,0.0045,-0.0165,0.0045,0.0367,2.6
5.097,0.0045,-0.0083,0.0052,0.0412,2.6
5.098,0.003,-0.0008,0.003,-0.03,2.8
5.099,0.003,0.009,0.0022,-0.0683,2.6
5.1,0.003,0.0045,0.0045,-0.0405,2.8
5.101,0.0052,-0.0105,0.0015,0.012,2.7
5.102,0.0045,-0.0091,-0.0015,0.0307,2.7
5.103,0.0007,0.0067,-0.0023,0.036,2.6
5.104,-0.0008,0.0217,-0.003,-0.012,2.7
5.105,-0.0015,0.0375,0.0015,-0.0683,2.7
5.106,-0.0015,0.0367,0.0067,-0.0346,2.7
5.107,-0.0046,0.024,0.0135,-0.012,2.9
5.108,-0.003,0.0015,0.0172,0.0825,2.6
5.109,-0.0046,-0.0083,0.012,0.1522,2.9
5.11,-0.0068,-0.0068,0.009,0.084,2.7
5.111,-0.0053,-0.0158,0.0022,0.0832,2.9
5.112,-0.0046,-0.0098,0.0015,0.0255,2.7
5.113,-0.0008,-0.0046,0.0015,-0.1328,2.7
5.114,0.0,0.0067,0.0007,-0.2205,2.6
5.115,-0.0008,0.0127,-0.0015,-0.1253,2.8
5.116,-0.0008,0.0097,-0.0046,0.0217,2.8
5.117,-0.0015,0.0142,-0.0068,0.069,2.6
5.118,-0.0015,0.006,-0.0046,0.1725,2.9
5.119,-0.0008,-0.0181,0.0007,0.1485,2.7
5.12,0.0007,-0.0173,0.0045,-0.1635,2.9
5.121,-0.0008,-0.0008,0.0105,-0.3023,2.7
5.122,0.0,-0.0075,0.0105,-0.0713,2.7
5.123,0.0007,0.0,0.012,0.0045,2.8
5.124,-0.0023,0.0067,0.0112,0.0127,2.8
5.125,-0.003,0.0,0.006,0.1125,2.9
5.126,-0.0068,-0.0046,0.0045,0.1012,2.8
5.127,-0.0105,-0.0038,0.0067,0.0825,3.0
5.128,-0.0105,0.0037,0.0082,0.0427,2.6
5.129,-0.0128,-0.0083,0.0045,0.081,3.0
5.13,-0.0128,-0.006,0.0067,0.0045,2.8
5.131,-0.0105,0.0045,0.0082,-0.1245,2.7
5.132,-0.0075,0.0052,0.0052,-0.0743,2.7
5.133,-0.0053,0.0075,0.0015,-0.0158,2.6
5.134,-0.006,0.0045,0.0,0.0202,3.0
5.135,-0.0053,0.0067,-0.0015,0.009,2.7
5.136,-0.0046,0.0045,-0.003,0.015,3.0
5.137,-0.0046,0.0045,0.0007,0.009,2.6
5.138,-0.0053,0.0015,0.003,0.0037,2.9
5.139,-0.0083,-0.0008,0.003,0.012,2.7
5.14,-0.0113,0.0,0.0007,0.0052,2.8
5.141,-0.0143,-0.003,-0.0008,0.015,2.7
5.142,-0.0143,-0.0046,-0.0008,0.0067,2.9
5.143,-0.0165,-0.0053,-0.0015,0.0105,2.9
5.144,-0.0165,-0.006,-0.0023,0.0127,2.8
5.145,-0.0143,-0.0075,0.0,0.0165,2.8
5.146,-0.0128,-0.0083,0.0015,0.018,3.0
5.147,-0.0105,-0.0068,0.0015,0.0187,2.7
5.148,-0.0075,-0.0038,0.003,0.0262,2.9
5.149,-0.0068,-0.0023,0.0015,0.0217,2.8
5.15,-0.006,-0.0008,0.003,0.0247,2.6
5.151,-0.0046,0.0007,0.003,0.0202,2.8
5.152,-0.0046,0.0015,0.0007,0.0202,3.0
5.153,-0.0015,0.0052,0.0007,0.0187,2.7
5.154,-0.0015,0.006,0.0007,0.0142,2.8
5.155,0.0,0.0052,-0.0008,0.0112,2.6
5.156,0.003,0.0067,-0.0015,0.0105,2.8
5.157,0.003,0.0112,0.0,0.018,2.6
5.158,0.006,0.0142,-0.0008,0.0157,2.8
5.159,0.0082,0.0157,0.0007,0.0142,2.6
5.16,0.009,0.018,0.0015,0.006,2.8
5.161,0.009,0.0195,0.0015,0.0015,2.6
5.162,0.0135,0.0225,0.0037,0.003,2.7
5.163,0.0157,0.0217,0.0037,0.0037,2.8
5.164,0.0165,0.0202,0.003,0.0097,2.6
5.165,0.0157,0.024,0.0015,0.009,2.6
5.166,0.0165,0.0217,0.0022,0.0067,2.8
5.167,0.0165,0.0187,0.0015,0.003,2.5
5.168,0.0135,0.0165,-0.0015,-0.003,2.8
5.169,0.0105,0.015,-0.0015,-0.0083,2.6
5.17,0.009,0.012,-0.003,-0.0105,2.8
5.171,0.0082,0.009,-0.0015,-0.012,2.6
5.172,0.0075,0.006,0.0007,-0.012,2.9
5.173,0.0067,0.0015,0.0007,-0.0091,2.6
5.174,0.0075,-0.0015,0.0015,-0.0098,2.8
5.175,0.0052,-0.006,0.0,-0.0091,2.6
5.176,0.0045,-0.0068,-0.003,-0.0098,2.7
5.177,0.0067,-0.0068,-0.0023,-0.0113,2.6
5.178,0.009,-0.0091,0.0007,-0.012,2.6
5.179,0.0142,-0.0091,0.0,-0.0135,2.5
5.18,0.0202,-0.0105,0.0,-0.0083,2.6
5.181,0.0232,-0.012,0.0022,-0.0068,2.6
5.182,0.0195,-0.012,0.0015,-0.0075,2.6
5.183,0.0157,-0.0143,-0.0008,-0.0105,2.6
5.184,0.0127,-0.0158,0.0007,-0.015,2.7
5.185,0.0127,-0.0143,0.0022,-0.0158,2.6
5.186,0.0105,-0.0143,0.0015,-0.0188,2.7
5.187,0.0052,-0.0128,0.0007,-0.0188,2.5
5.188,0.0045,-0.0113,-0.0008,-0.0203,2.7
5.189,0.0,-0.0098,0.003,-0.0248,2.5
5.19,-0.0015,-0.0075,0.0037,-0.024,2.7
5.191,-0.0023,-0.0068,0.0015,-0.0233,2.6
5.192,0.0007,-0.0068,0.0,-0.021,2.9
5.193,0.003,-0.0053,-0.0008,-0.0195,2.6
5.194,0.0015,-0.0038,-0.0008,-0.0203,2.6
5.195,0.0052,-0.0015,-0.0008,-0.0225,2.7
5.196,0.0105,0.0,0.0007,-0.0203,2.7
5.197,0.0157,0.0015,0.0007,-0.0158,2.8
5.198,0.0202,0.0045,0.0015,-0.0105,2.6
5.199,0.0232,0.0082,0.003,-0.003,2.9
5.2,0.024,0.0082,0.0007,-0.0008,2.5
5.201,0.027,0.0075,0.0007,-0.0046,2.7
5.202,0.0292,0.0067,0.003,-0.003,2.7
5.203,0.0285,0.0045,0.0045,-0.0008,2.8
5.204,0.024,0.0022,0.0015,0.0022,2.6
5.205,0.0217,0.0,-0.0008,0.0082,2.6
5.206,0.0172,-0.0038,0.0007,0.0135,2.8
5.207,0.0157,-0.0075,0.0,0.0172,2.7
5.208,0.0105,-0.0091,-0.0015,0.021,2.9
5.209,0.0067,-0.0128,0.0,0.0232,2.7
5.21,0.0067,-0.0158,0.0,0.0247,2.7
5.211,0.0075,-0.0173,-0.0015,0.027,2.8
5.212,0.0052,-0.0181,0.0022,0.027,2.9
5.213,-0.003,-0.0181,0.0037,0.027,3.0
5.214,-0.0046,-0.0181,0.0052,0.0255,2.8
5.215,-0.0053,-0.0181,0.0022,0.024,3.0
5.216,-0.0195,-0.0181,0.0007,0.024,2.9
5.217,-0.0308,-0.0181,0.0015,0.0247,3.0
5.218,-0.0315,-0.015,0.0,0.0247,2.9
5.219,-0.0323,-0.0128,0.0015,0.0225,3.0
5.22,-0.033,-0.0105,0.0007,0.0202,3.1
5.221,-0.0346,-0.0083,0.0,0.0202,3.0
5.222,-0.0338,-0.0046,0.0,0.0187,3.1
5.223,-0.0308,-0.0023,-0.0008,0.0157,3.0
5.224,-0.0353,0.0007,-0.0015,0.0142,3.2
5.225,-0.0353,-0.0008,-0.003,0.0112,3.1
5.226,-0.0165,0.0,-0.0008,0.0075,3.1
5.227,-0.0008,0.003,0.0007,0.0067,3.2
5.228,0.0037,0.003,0.0,0.0045,3.2
5.229,0.0037,0.0037,0.0007,0.0052,3.2
5.23,0.0015,0.0052,0.0007,0.006,3.0
5.231,0.0067,0.006,-0.0008,0.0105,3.5
5.232,0.0052,0.006,-0.0023,0.0105,3.2
5.233,0.0037,0.0045,-0.0015,0.0097,3.3
5.234,0.0045,0.0037,-0.0023,0.0105,3.1
5.235,0.0067,0.0015,-0.003,0.009,3.4
5.236,0.0127,-0.0008,-0.0038,0.006,3.3
5.237,0.0067,-0.0015,-0.0046,0.0052,3.4
5.238,-0.0015,0.0,-0.003,0.0037,3.4
5.239,-0.0098,-0.0008,-0.0015,0.0007,3.4
5.24,-0.0158,0.0007,0.0,-0.003,3.4
5.241,-0.0203,-0.0008,-0.0008,-0.0068,3.5
5.242,-0.0218,-0.0008,-0.0015,-0.0091,3.3
5.243,-0.0098,-0.0008,-0.0023,-0.012,3.4
5.244,0.0022,-0.003,-0.0023,-0.0128,3.6
5.245,0.0022,-0.0046,-0.0008,-0.0143,3.6
5.246,0.0,-0.0053,0.0007,-0.015,3.5
5.247,-0.0008,-0.0038,-0.0008,-0.0143,3.7
5.248,-0.0143,-0.0015,-0.0015,-0.0165,3.6
5.249,-0.024,0.0,-0.0008,-0.0181,3.8
5.25,-0.0308,0.0007,0.0,-0.0188,3.5
5.251,-0.0315,0.0007,0.0007,-0.0203,3.8
5.252,-0.0293,0.0007,0.0007,-0.021,3.6
5.253,-0.0256,0.0015,0.0007,-0.0256,3.8
5.254,-0.0113,0.0015,0.0007,-0.0278,3.6
5.255,-0.0008,0.0015,0.0007,-0.0285,3.8
5.256,0.0067,0.0022,-0.0023,-0.0278,3.8
5.257,0.0142,0.003,-0.003,-0.0278,3.8
5.258,0.0195,0.003,-0.0023,-0.0278,3.8
5.259,0.0187,0.0075,-0.003,-0.024,3.9
5.26,0.0157,0.0097,-0.003,-0.0195,3.8
5.261,0.0165,0.0082,-0.003,-0.0158,4.0
5.262,0.0202,0.0082,-0.0023,-0.0113,3.9
5.263,0.024,0.0052,-0.0015,-0.0098,4.0
5.264,0.0165,0.0045,-0.0008,-0.0105,4.0
5.265,0.0097,0.0037,-0.0008,-0.012,4.0
5.266,0.0045,0.0037,0.0015,-0.0105,4.0
5.267,-0.003,0.0045,0.003,-0.0105,4.2
5.268,-0.0165,0.0052,0.0052,-0.0105,4.0
5.269,-0.0233,0.0045,0.0052,-0.0091,4.2
5.27,-0.024,0.003,0.0037,-0.0083,4.1
5.271,-0.0195,0.0022,0.0052,-0.006,4.2
5.272,-0.0053,0.0037,0.0067,-0.0053,4.2
5.273,0.0067,0.003,0.0045,-0.0046,4.3
5.274,0.0232,0.0052,0.003,-0.003,4.2
5.275,0.0352,0.0045,0.0015,-0.003,4.3
5.276,0.0472,0.0037,0.0015,-0.0008,4.4
5.277,0.057,0.003,0.0022,0.0015,4.4
5.278,0.0645,0.0007,0.0015,0.0022,4.5
5.279,0.069,-0.0008,0.0,0.0075,4.5
5.28,0.0705,0.0007,0.0015,0.0127,4.4
5.281,0.0712,0.0,-0.0008,0.0172,4.6
5.282,0.0675,-0.0046,-0.0015,0.0217,4.6
5.283,0.0607,-0.0068,0.0007,0.0217,4.9
5.284,0.0532,-0.0053,0.0007,0.0217,4.7
5.285,0.042,-0.0046,-0.0008,0.027,4.9
5.286,0.0315,-0.0038,-0.0008,0.0322,4.7
5.287,0.0255,-0.0038,0.0007,0.0382,4.9
5.288,0.021,-0.0053,-0.0015,0.036,4.9
5.289,0.015,-0.0068,-0.003,0.0315,5.1
5.29,0.0105,-0.006,-0.003,0.0307,5.0
5.291,0.0067,-0.003,-0.0046,0.0292,5.2
5.292,0.0007,-0.0046,-0.003,0.0307,5.2
5.293,-0.0053,-0.0105,-0.003,0.0322,5.2
5.294,-0.0128,-0.0158,-0.003,0.0345,5.3
5.295,-0.0165,-0.0158,-0.0046,0.0352,5.3
5.296,-0.0195,-0.0143,-0.003,0.0315,5.3
5.297,-0.0218,-0.0143,-0.0023,0.0345,5.5
5.298,-0.024,-0.0143,-0.0023,0.0427,5.4
5.299,-0.0278,-0.0128,-0.003,0.048,5.7
5.3,-0.027,-0.0135,-0.0015,0.0555,5.5
5.301,-0.0233,-0.0158,0.0015,0.057,5.8
5.302,-0.0218,-0.0165,0.0037,0.0502,5.6
5.303,-0.0181,-0.0203,0.003,0.0465,5.8
5.304,-0.0091,-0.0256,0.0007,0.0367,5.8
5.305,-0.0015,-0.0256,0.003,0.0255,6.0
5.306,0.0022,-0.021,0.0022,0.0165,6.0
5.307,-0.0015,-0.0113,-0.0008,-0.0015,6.1
5.308,-0.0083,-0.003,-0.0015,-0.027,6.0
5.309,-0.0091,-0.0015,-0.0038,-0.0465,6.0
5.31,-0.0098,0.0,-0.003,-0.0563,6.4
5.311,-0.0046,0.0015,-0.0023,-0.0653,6.1
5.312,0.0,0.0045,-0.0015,-0.075,6.5
5.313,0.0037,0.009,-0.0008,-0.0871,6.2
5.314,0.012,0.0082,0.0,-0.1013,6.5
5.315,0.021,0.0097,0.0007,-0.114,6.4
5.316,0.0292,0.0165,0.0,-0.126,6.5
5.317,0.036,0.0262,0.0007,-0.1298,6.6
5.318,0.0382,0.039,0.0015,-0.1253,6.7
5.319,0.039,0.0502,0.0045,-0.1118,6.8
5.32,0.039,0.048,0.0052,-0.0953,6.7
5.321,0.0352,0.0352,0.003,-0.0863,7.0
5.322,0.027,0.0292,0.003,-0.0803,7.0
5.323,0.018,0.0255,0.0052,-0.0713,7.0
5.324,0.0127,0.021,0.0045,-0.066,7.2
5.325,0.0045,0.0165,0.0,-0.0608,7.1
5.326,-0.0083,0.0105,-0.0008,-0.0555,7.3
5.327,-0.0105,0.009,0.0015,-0.0495,7.3
5.328,-0.0075,0.006,0.0022,-0.039,7.3
5.329,-0.0023,0.0082,-0.0008,-0.0256,7.4
5.33,-0.003,0.0045,0.0007,0.0007,7.7
5.331,-0.0015,-0.0091,0.0015,0.027,7.6
5.332,0.0007,-0.0158,0.0015,0.0142,7.7
5.333,-0.0053,-0.0143,0.003,-0.0091,7.8
5.334,-0.0105,-0.015,0.0007,-0.003,7.9
5.335,-0.0113,-0.0158,0.0022,-0.0046,8.1
5.336,-0.0098,-0.0128,0.0037,0.003,8.0
5.337,0.0,-0.0068,0.0022,0.0082,8.4
5.338,0.009,-0.0008,0.003,0.0015,8.4
5.339,0.0112,0.0045,0.0007,0.0097,8.5
5.34,0.006,0.0105,-0.0008,0.0127,8.6
5.341,-0.0015,0.0142,-0.0008,0.018,8.8
5.342,-0.0091,0.0105,-0.0015,0.0202,8.8
5.343,-0.0128,0.0015,-0.003,0.0165,8.9
5.344,-0.0218,0.0015,-0.003,0.0165,9.2
5.345,-0.033,0.0045,-0.0015,0.0157,9.1
5.346,-0.0353,0.0045,-0.0023,0.0217,9.6
5.347,-0.0308,-0.0008,-0.0023,0.0285,9.4
5.348,-0.0293,-0.0046,-0.0015,0.0285,9.7
5.349,-0.0256,-0.003,-0.003,0.0232,9.5
5.35,-0.0188,-0.0075,-0.0053,0.018,9.9
5.351,-0.0105,-0.0083,-0.0023,0.018,9.9
5.352,-0.003,-0.0105,-0.0023,0.0217,10.2
5.353,-0.0068,-0.0105,-0.0046,0.0315,10.1
5.354,-0.0135,-0.0068,-0.0046,0.0405,10.3
5.355,-0.0188,-0.0068,-0.003,0.0412,10.6
5.356,-0.0195,-0.0008,-0.0038,0.033,10.7
5.357,-0.0218,0.009,-0.006,0.0217,10.8
5.358,-0.0361,0.0082,-0.0068,0.0142,10.9
5.359,-0.054,0.0052,-0.0053,0.0112,11.2
5.36,-0.0585,0.0052,-0.0053,0.0052,11.1
5.361,-0.0653,-0.0008,-0.0046,-0.0015,11.4
5.362,-0.0713,0.0007,-0.0023,-0.0068,11.7
5.363,-0.0713,0.0097,-0.003,-0.0075,11.7
5.364,-0.0691,0.0127,-0.0046,-0.003,12.0
5.365,-0.0563,0.012,-0.0083,0.003,11.8
5.366,-0.0405,0.009,-0.0091,0.0105,12.3
5.367,-0.0203,0.0082,-0.0083,0.0127,12.2
5.368,-0.0158,0.0022,-0.0083,0.021,12.6
5.369,-0.0135,-0.0053,-0.0068,0.0427,12.6
5.37,-0.0053,-0.0068,-0.0053,0.033,13.0
5.371,-0.0046,-0.0038,-0.0023,-0.015,13.0
5.372,-0.0068,0.0052,-0.0015,-0.0203,13.2
5.373,-0.0038,0.0067,-0.0015,-0.0083,13.6
5.374,0.0007,0.003,-0.0008,-0.0091,13.4
5.375,0.0075,-0.0008,-0.003,0.0045,13.9
5.376,0.0172,-0.0008,-0.0068,0.0052,13.9
5.377,0.024,-0.0015,-0.012,0.0105,14.2
5.378,0.0292,-0.0046,-0.0218,0.0067,14.3
5.379,0.0345,-0.0083,-0.0315,-0.027,14.7
5.38,0.0405,-0.0083,-0.039,-0.0398,14.8
5.381,0.036,-0.0008,-0.042,-0.0368,15.0
5.382,0.0165,-0.0008,-0.042,-0.0315,15.4
5.383,0.003,-0.0053,-0.0428,-0.0128,15.3
5.384,-0.0083,-0.0068,-0.0368,0.0067,15.6
5.385,-0.0143,-0.0015,-0.033,0.0217,15.9
5.386,-0.0105,0.0045,-0.0293,0.0367,16.2
5.387,-0.0015,0.003,-0.0158,0.0405,16.4
5.388,0.012,-0.0038,-0.0023,0.042,16.6
5.389,0.0232,-0.006,0.0097,0.0367,17.0
5.39,0.0277,-0.0075,0.0202,0.0285,17.1
5.391,0.0292,-0.0113,0.0285,0.021,17.5
5.392,0.0292,-0.0098,0.0337,0.009,17.5
5.393,0.0292,-0.006,0.0382,0.0097,17.9
5.394,0.033,0.0045,0.042,0.0157,18.0
5.395,0.045,0.0135,0.0442,0.0247,18.3
5.396,0.06,0.0195,0.0465,0.0367,18.5
5.397,0.0727,0.0285,0.048,0.051,18.9
5.398,0.0825,0.0247,0.0502,0.0637,19.0
5.399,0.0892,0.024,0.0517,0.0607,19.2
5.4,0.0862,0.0367,0.0502,0.0555,19.7
5.401,0.072,0.0412,0.0472,0.0495,19.8
5.402,0.0525,0.0322,0.0465,0.039,20.2
5.403,0.033,0.024,0.045,0.0337,20.2
5.404,0.0052,0.0142,0.0405,0.0322,20.5
5.405,-0.0218,0.0082,0.036,0.0427,21.0
5.406,-0.0368,0.0105,0.033,0.0637,21.0
5.407,-0.042,0.0045,0.03,0.078,21.5
5.408,-0.039,0.0007,0.0262,0.0765,21.4
5.409,-0.03,-0.0023,0.0277,0.057,21.9
5.41,-0.0165,-0.0128,0.0195,0.0442,21.9
5.411,0.0007,-0.0233,-0.0315,0.0495,22.3
5.412,0.0172,-0.0315,-0.0788,0.051,22.4
5.413,0.0247,-0.0278,-0.0293,0.0517,22.9
5.414,0.0232,-0.0158,0.0862,0.045,23.0
5.415,0.0127,-0.0008,0.1162,0.0292,23.3
5.416,-0.0113,0.0127,0.042,0.0142,23.6
5.417,-0.0383,0.0217,0.0105,0.0075,23.7
5.418,-0.0563,0.0292,-0.0135,0.0045,24.0
5.419,-0.0735,0.0315,-0.06,0.0007,24.3
5.42,-0.0945,0.033,-0.0721,-0.0053,24.5
5.421,-0.1088,0.0232,-0.1178,0.0037,24.8
5.422,-0.1193,0.012,-0.186,0.0307,25.1
5.423,-0.123,-0.0015,-0.2198,0.0052,25.3
5.424,-0.1208,-0.0098,-0.0653,-0.0413,25.6
5.425,-0.114,-0.0143,0.0705,-0.0353,26.0
5.426,-0.1013,-0.0218,-0.012,-0.0465,25.9
5.427,-0.0915,-0.027,-0.0375,-0.063,26.5
5.428,-0.0878,-0.0383,-0.1133,-0.0578,26.6
5.429,-0.0713,-0.045,-0.1433,-0.0608,27.2
5.43,-0.0473,-0.0548,-0.0555,-0.0585,27.2
5.431,-0.0375,-0.0593,0.0015,-0.0563,27.7
5.432,-0.0233,-0.0593,0.0862,-0.057,27.8
5.433,-0.0091,-0.0691,0.0967,-0.0555,28.3
5.434,0.003,-0.0765,0.093,-0.0458,28.4
5.435,0.015,-0.0848,0.0697,-0.0361,28.7
5.436,0.0232,-0.09,0.0382,-0.0315,29.0
5.437,0.0337,-0.093,0.0225,-0.0308,29.1
5.438,0.0405,-0.0915,0.0045,-0.0413,29.6
5.439,0.0457,-0.0885,0.0127,-0.0638,29.6
5.44,0.0532,-0.084,0.0135,-0.0915,30.1
5.441,0.0577,-0.0743,0.036,-0.099,30.2
5.442,0.0615,-0.063,0.0517,-0.0915,30.6
5.443,0.063,-0.0578,0.0652,-0.0788,30.8
5.444,0.0652,-0.06,0.0697,-0.0638,31.0
5.445,0.0667,-0.0615,0.0645,-0.0555,31.3
5.446,0.0727,-0.0593,0.0652,-0.0495,31.7
5.447,0.0907,-0.0578,0.057,-0.0458,31.9
5.448,0.1177,-0.0511,0.0562,-0.0346,32.1
5.449,0.1477,-0.0293,0.0495,-0.0263,32.4
5.45,0.1657,-0.0091,0.048,-0.0323,32.7
5.451,0.165,0.012,0.0412,-0.039,33.0
5.452,0.144,0.0315,0.0345,-0.045,33.2
5.453,0.108,0.0465,0.027,-0.048,33.3
5.454,0.0607,0.06,0.015,-0.0428,33.7
5.455,0.0217,0.0667,0.0075,-0.0375,33.9
5.456,0.0202,0.0705,-0.0008,-0.0256,34.2
5.457,0.0397,0.0735,-0.0053,-0.012,34.3
5.458,0.0615,0.0787,-0.0075,0.0022,34.8
5.459,0.0855,0.0795,-0.003,0.0142,34.9
5.46,0.1042,0.0757,0.0007,0.0142,35.3
5.461,0.1117,0.072,0.0045,0.0142,35.5
5.462,0.1012,0.0667,0.009,0.018,35.7
5.463,0.0772,0.0645,0.0105,0.0232,36.0
5.464,0.0427,0.0615,0.0105,0.03,36.0
5.465,0.003,0.057,-0.0068,0.0345,36.5
5.466,-0.0368,0.0517,-0.0308,0.0345,36.7
5.467,-0.0743,0.0457,-0.0405,0.039,36.9
5.468,-0.1095,0.0397,-0.0533,0.051,37.2
5.469,-0.1328,0.0367,-0.0668,0.0532,37.4
5.47,-0.1448,0.0315,-0.0675,0.0465,37.7
5.471,-0.1515,0.0285,-0.066,0.0502,37.7
5.472,-0.1523,0.0255,-0.06,0.0615,38.2
5.473,-0.1455,0.0217,-0.0563,0.075,38.3
5.474,-0.1388,0.021,-0.057,0.0937,38.7
5.475,-0.12,0.021,-0.0585,0.1132,38.7
5.476,-0.081,0.0225,-0.0653,0.1275,39.1
5.477,-0.0533,0.0187,-0.0691,0.1215,39.1
5.478,-0.0248,0.012,-0.066,0.1035,39.8
5.479,0.0075,0.009,-0.0555,0.0847,39.7
5.48,0.0367,0.006,-0.0495,0.0727,39.9
5.481,0.0675,0.006,-0.0615,0.0667,40.2
5.482,0.0892,0.0052,-0.0623,0.0607,40.5
5.483,0.1065,0.0015,-0.0443,0.051,40.7
5.484,0.1125,-0.0023,-0.0263,0.033,40.8
5.485,0.114,-0.0068,-0.0046,0.0195,41.0
5.486,0.1065,-0.0091,0.0082,0.009,41.3
5.487,0.093,-0.012,0.012,-0.0083,41.4
5.488,0.078,-0.012,0.0075,-0.0293,41.6
5.489,0.057,-0.0128,-0.0083,-0.0511,41.7
5.49,0.042,-0.0113,-0.0128,-0.0675,41.9
5.491,0.0277,-0.0091,-0.015,-0.0825,42.0
5.492,0.0105,-0.0091,-0.0105,-0.0915,42.5
5.493,-0.0128,-0.0083,-0.0008,-0.0975,42.3
5.494,-0.0353,-0.0083,0.0105,-0.1043,42.9
5.495,-0.0578,-0.0083,0.021,-0.1065,42.8
5.496,-0.0713,-0.0083,0.0277,-0.108,43.2
5.497,-0.0743,-0.0075,0.0315,-0.105,43.3
5.498,-0.0765,-0.0068,0.0337,-0.1028,43.5
5.499,-0.0765,-0.0068,0.0315,-0.0953,43.7
5.5,-0.0803,-0.0053,0.0292,-0.0788,44.0
5.501,-0.0825,-0.0046,0.027,-0.063,44.2
5.502,-0.0743,-0.003,0.024,-0.0473,44.2
5.503,-0.0608,-0.0008,0.0217,-0.033,44.6
5.504,-0.048,0.0015,0.0217,-0.0158,44.8
5.505,-0.0338,0.0,0.0195,-0.0008,45.1
5.506,-0.0203,0.0007,0.0172,0.012,45.2
5.507,-0.0083,0.0007,0.0105,0.0217,45.3
5.508,-0.0015,0.0015,0.0052,0.0307,45.8
5.509,0.0045,0.0037,-0.0015,0.0412,45.9
5.51,0.0067,0.0007,-0.0105,0.0495,46.2
5.511,0.0045,-0.0015,-0.0158,0.054,46.2
5.512,0.003,-0.003,-0.021,0.0525,46.7
5.513,0.0052,-0.0053,-0.0308,0.048,46.6
5.514,0.0015,-0.0075,-0.0368,0.0427,46.8
5.515,-0.0083,-0.0091,-0.0405,0.0472,47.1
5.516,-0.0091,-0.0135,-0.0428,0.0592,47.4
5.517,-0.0143,-0.0158,-0.042,0.0697,47.6
5.518,-0.0135,-0.0173,-0.042,0.0855,47.6
5.519,-0.0083,-0.0173,-0.0375,0.1042,48.1
5.52,-0.0046,-0.0143,-0.0293,0.1237,48.1
5.521,-0.0053,-0.0098,-0.0233,0.1477,48.3
5.522,-0.0075,-0.0068,-0.0173,0.174,48.5
5.523,-0.0128,-0.0046,-0.0091,0.2002,48.7
5.524,-0.027,-0.0015,-0.0008,0.2085,49.0
5.525,-0.0308,0.0007,0.0052,0.2092,49.0
5.526,-0.0248,0.0007,0.009,0.2272,49.4
5.527,-0.0165,-0.0008,0.0112,0.2355,49.5
5.528,-0.0023,-0.0023,0.018,0.2212,49.8
5.529,0.0127,-0.003,0.0217,0.1995,49.9
5.53,0.024,-0.003,0.0255,0.2647,50.2
5.531,0.0277,-0.0046,0.0292,0.4342,50.4
5.532,0.0217,-0.0053,0.0307,0.387,50.6
5.533,0.0105,-0.006,0.0337,0.0967,50.9
5.534,0.0052,-0.0083,0.042,-0.108,50.8
5.535,0.0082,-0.0083,0.0495,-0.2243,51.2
5.536,0.0082,-0.0098,0.057,-0.2918,51.3
5.537,0.0105,-0.012,0.0652,-0.3195,51.7
5.538,0.0067,-0.012,0.0735,-0.3533,51.4
5.539,-0.0038,-0.012,0.0757,-0.3803,51.9
5.54,-0.0188,-0.0091,0.0787,-0.4425,51.8
5.541,-0.0375,-0.0046,0.0817,-0.51,52.2
5.542,-0.0585,-0.003,0.0817,-0.5483,52.3
5.543,-0.0803,-0.0015,0.081,-0.5385,52.5
5.544,-0.1006,0.0015,0.0787,-0.4635,52.8
5.545,-0.1058,0.003,0.0765,-0.411,52.9
5.546,-0.108,0.0045,0.0742,-0.3998,53.1
5.547,-0.1283,0.0045,0.0742,-0.3735,53.4
5.548,-0.1426,0.003,0.0697,-0.3083,53.5
5.549,-0.132,0.0022,0.0592,-0.2198,53.8
5.55,-0.1065,0.0022,0.0517,-0.1553,53.8
5.551,-0.0908,0.003,0.0442,-0.1381,54.4
5.552,-0.0803,0.0045,0.0367,-0.153,54.0
5.553,-0.0653,0.003,0.0315,-0.1598,54.5
5.554,-0.0503,0.0022,0.0255,-0.1328,54.4
5.555,-0.0375,0.003,0.0217,-0.165,54.9
5.556,-0.0128,-0.0008,0.0225,-0.3195,54.7
5.557,0.0217,-0.0038,0.018,-0.5026,54.9
5.558,0.0532,-0.0068,0.012,-0.6083,55.0
5.559,0.0855,-0.0098,0.0045,-0.633,55.3
5.56,0.123,-0.0105,-0.0015,-0.5903,55.4
5.561,0.1522,-0.012,-0.0083,-0.4778,55.7
5.562,0.1762,-0.012,-0.0158,-0.3308,55.9
5.563,0.207,-0.0091,-0.0195,-0.1493,55.9
5.564,0.2197,-0.0053,-0.024,0.0435,56.2
5.565,0.213,-0.0046,-0.0308,0.2032,56.4
5.566,0.2032,-0.003,-0.0383,0.3307,56.6
5.567,0.186,-0.0015,-0.0488,0.414,56.8
5.568,0.1762,0.0015,-0.0555,0.474,56.9
5.569,0.1807,0.0045,-0.0668,0.549,57.1
5.57,0.186,0.0067,-0.0825,0.6382,57.1
5.571,0.183,0.0082,-0.1013,0.7035,57.4
5.572,0.1612,0.009,-0.1185,0.7125,57.5
5.573,0.1462,0.0082,-0.1365,0.6855,57.7
5.574,0.129,0.0082,-0.159,0.642,57.7
5.575,0.108,0.012,-0.186,0.585,57.8
5.576,0.1012,0.015,-0.1913,0.5272,57.9
5.577,0.0975,0.0165,-0.1538,0.4687,58.0
5.578,0.099,0.0165,-0.0511,0.4162,58.1
5.579,0.1027,0.0157,0.1575,0.3682,58.4
5.58,0.1065,0.0127,0.435,0.327,58.3
5.581,0.1147,0.012,0.6442,0.288,58.5
5.582,0.1177,0.0105,0.6997,0.24,58.5
5.583,0.1117,0.0082,0.6367,0.189,58.7
5.584,0.099,0.0052,0.492,0.15,58.5
5.585,0.0952,0.0022,0.3232,0.1252,58.9
5.586,0.0855,0.003,0.171,0.0997,58.7
5.587,0.0705,0.003,0.0277,0.0825,59.0
5.588,0.0637,0.0045,-0.0623,0.0675,58.9
5.589,0.0502,0.0007,-0.1125,0.0525,59.1
5.59,0.033,0.0,-0.129,0.0427,59.1
5.591,0.033,-0.0015,-0.1283,0.0315,59.3
5.592,0.0307,-0.006,-0.1598,0.021,59.4
5.593,0.0165,-0.0083,-0.2385,0.003,59.4
5.594,0.0142,-0.0105,-0.3443,-0.0158,59.6
5.595,0.009,-0.0105,-0.435,-0.0315,59.5
5.596,-0.0038,-0.0105,-0.4965,-0.048,59.5
5.597,-0.0195,-0.0083,-0.5183,-0.0593,59.8
5.598,-0.03,-0.0038,-0.507,-0.0675,59.8
5.599,-0.0383,-0.0023,-0.4575,-0.0683,59.8
5.6,-0.0525,-0.0008,-0.3908,-0.066,59.9
5.601,-0.0706,0.0,-0.3285,-0.0645,59.9
5.602,-0.0795,0.0007,-0.2708,-0.0645,59.9
5.603,-0.0795,-0.0015,-0.2145,-0.0645,60.2
5.604,-0.0833,-0.0015,-0.1478,-0.063,60.0
5.605,-0.0871,-0.0008,-0.0856,-0.0608,60.3
5.606,-0.0945,-0.0008,-0.0308,-0.0585,60.1
5.607,-0.1065,0.0007,0.0142,-0.0585,60.4
5.608,-0.1193,0.0,0.0405,-0.06,60.3
5.609,-0.1283,0.0007,0.0525,-0.06,60.6
5.61,-0.1358,0.0022,0.0487,-0.057,60.4
5.611,-0.1373,-0.0008,0.0405,-0.0548,60.6
5.612,-0.1358,-0.0008,0.0345,-0.0533,60.6
5.613,-0.1215,-0.0008,0.0382,-0.0518,60.5
5.614,-0.099,0.0007,0.045,-0.0511,60.7
5.615,-0.081,-0.0008,0.054,-0.0511,60.6
5.616,-0.0713,-0.003,0.063,-0.0518,60.8
5.617,-0.0706,-0.0008,0.0682,-0.0525,60.6
5.618,-0.0623,-0.0015,0.0705,-0.0555,61.0
5.619,-0.0578,0.0,0.0705,-0.0578,61.1
5.62,-0.0623,0.003,0.0697,-0.0555,60.9
5.621,-0.0758,0.003,0.069,-0.0548,60.9
5.622,-0.084,0.0045,0.078,-0.0533,60.7
5.623,-0.0893,0.0045,0.0877,-0.0503,60.8
5.624,-0.099,0.0052,0.1005,-0.0465,60.8
5.625,-0.0938,0.0067,0.1162,-0.048,61.0
5.626,-0.078,0.0082,0.1297,-0.0533,61.0
5.627,-0.054,0.0097,0.1342,-0.057,61.0
5.628,-0.0293,0.0097,0.132,-0.0578,60.9
5.629,-0.0091,0.0127,0.1207,-0.0548,61.2
5.63,-0.0053,0.0127,0.0997,-0.048,61.1
5.631,-0.0158,0.0105,0.0765,-0.0383,61.0
5.632,-0.03,0.0082,0.0517,-0.0315,61.1
5.633,-0.0503,0.0037,0.03,-0.0263,61.0
5.634,-0.06,-0.0015,0.0127,-0.0203,61.0
5.635,-0.0593,-0.0053,-0.0038,-0.012,61.1
5.636,-0.057,-0.012,-0.0158,-0.0068,61.0
5.637,-0.0563,-0.0143,-0.0263,-0.0128,61.1
5.638,-0.0405,-0.0165,-0.0278,-0.0195,61.0
5.639,-0.0308,-0.0188,-0.0225,-0.0188,61.3
5.64,-0.0533,-0.021,-0.0105,-0.0203,61.1
5.641,-0.0495,-0.0233,0.0015,-0.0263,61.4
5.642,-0.0368,-0.0233,0.0112,-0.0353,61.2
5.643,-0.0323,-0.0248,0.0255,-0.0398,61.3
5.644,-0.0105,-0.027,0.0435,-0.0405,61.4
5.645,0.0195,-0.0293,0.0615,-0.0443,61.4
5.646,0.0637,-0.0323,0.0795,-0.0675,61.4
5.647,0.09,-0.033,0.0937,-0.099,61.3
5.648,0.1012,-0.0353,0.0967,-0.1163,61.5
5.649,0.069,-0.039,0.0825,-0.12,61.3
5.65,0.0397,-0.0413,0.0532,-0.1065,61.4
5.651,0.0517,-0.0458,0.015,-0.0833,61.3
5.652,0.048,-0.0511,-0.024,-0.0691,61.3
5.653,0.0517,-0.057,-0.0578,-0.0593,61.5
5.654,0.0607,-0.0623,-0.0773,-0.0533,61.2
5.655,0.0765,-0.0675,-0.084,-0.0465,61.4
5.656,0.1275,-0.0721,-0.0825,-0.0443,61.1
5.657,0.1612,-0.0773,-0.0735,-0.0465,61.4
5.658,0.165,-0.084,-0.0615,-0.0443,61.3
5.659,0.1717,-0.0871,-0.0495,-0.0428,61.1
5.66,0.1597,-0.0871,-0.0323,-0.045,60.9
5.661,0.12,-0.0856,-0.0233,-0.0428,60.9
5.662,0.0855,-0.081,-0.0195,-0.0308,61.0
5.663,0.0622,-0.0721,-0.0143,-0.0165,60.7
5.664,0.0345,-0.0593,-0.0091,-0.003,61.0
5.665,-0.0008,-0.048,-0.006,0.0112,60.7
5.666,-0.0465,-0.0353,0.0,0.0202,60.7
5.667,-0.0773,-0.0091,0.009,0.0337,60.5
5.668,-0.0578,0.036,0.0142,0.0472,60.5
5.669,-0.0128,0.087,0.021,0.0585,60.3
5.67,0.0247,0.1297,0.0217,0.0742,60.3
5.671,0.045,0.1597,0.0157,0.0945,60.2
5.672,0.0487,0.1762,0.0172,0.1237,60.0
5.673,0.0345,0.186,0.0195,0.1492,60.1
5.674,0.0667,0.1912,0.0195,0.174,59.8
5.675,0.1327,0.1875,0.0225,0.1942,59.9
5.676,0.0877,0.1785,0.0277,0.1942,59.7
5.677,-0.0075,0.165,0.03,0.183,59.4
5.678,-0.0578,0.1477,0.027,0.1687,59.4
5.679,-0.063,0.1252,0.018,0.1485,59.1
5.68,-0.0615,0.1005,0.0097,0.123,59.1
5.681,-0.114,0.0795,0.0015,0.0975,58.9
5.682,-0.1673,0.0622,-0.0046,0.0817,58.8
5.683,-0.1853,0.0457,-0.0053,0.0697,58.5
5.684,-0.1868,0.0322,-0.0053,0.066,58.5
5.685,-0.2085,0.021,-0.0068,0.0832,58.3
5.686,-0.2535,0.0105,-0.0083,0.12,58.2
5.687,-0.2858,0.0022,-0.006,0.1252,58.1
5.688,-0.2985,-0.0046,-0.0015,0.06,58.0
5.689,-0.309,-0.0068,0.0015,-0.0638,57.9
5.69,-0.3083,-0.0068,-0.0015,-0.2273,57.6
5.691,-0.2866,-0.0068,-0.0068,-0.378,57.4
5.692,-0.2723,-0.0083,-0.0113,-0.426,57.1
5.693,-0.2655,-0.0098,-0.0143,-0.4335,57.1
5.694,-0.2678,-0.0128,-0.0158,-0.4785,56.8
5.695,-0.2648,-0.0181,-0.012,-0.4793,56.6
5.696,-0.2445,-0.024,-0.0068,-0.4568,56.7
5.697,-0.2115,-0.0278,-0.003,-0.417,56.2
5.698,-0.1815,-0.0285,-0.0015,-0.3503,56.4
5.699,-0.1568,-0.027,-0.0015,-0.2948,56.1
5.7,-0.129,-0.024,-0.003,-0.2183,56.2
5.701,-0.1013,-0.0158,-0.003,-0.1478,55.8
5.702,-0.0713,-0.0046,0.0015,-0.0863,55.8
5.703,-0.0488,0.0045,0.006,-0.0315,55.7
5.704,-0.0308,0.0082,0.0157,0.0202,55.5
5.705,-0.0218,0.0157,0.0262,0.0637,55.3
5.706,-0.0218,0.0247,0.033,0.108,55.1
5.707,-0.021,0.0232,0.0412,0.2115,55.0
5.708,-0.0158,0.0202,0.0465,0.282,54.8
5.709,-0.0023,0.0225,0.0442,0.2475,54.5
5.71,0.0217,0.0232,0.0352,0.2175,54.4
5.711,0.048,0.0202,0.0307,0.216,54.2
5.712,0.0727,0.0142,0.0277,0.2032,54.2
5.713,0.0967,0.0075,0.0292,0.201,53.8
5.714,0.1207,-0.0015,0.033,0.192,53.9
5.715,0.1545,-0.0098,0.0352,0.183,53.4
5.716,0.186,-0.0165,0.039,0.1762,53.4
5.717,0.204,-0.0263,0.0367,0.1627,53.0
5.718,0.2107,-0.0375,0.033,0.1522,53.1
5.719,0.2212,-0.048,0.0262,0.135,52.8
5.72,0.2317,-0.0578,0.0157,0.1215,52.7
5.721,0.2437,-0.0638,0.0075,0.108,52.4
5.722,0.261,-0.0706,-0.0008,0.0975,52.3
5.723,0.2647,-0.0728,-0.0083,0.0915,52.1
5.724,0.2572,-0.075,-0.0165,0.0802,51.8
5.725,0.2385,-0.0765,-0.024,0.072,51.6
5.726,0.2175,-0.0758,-0.027,0.0585,51.4
5.727,0.1972,-0.075,-0.0256,0.045,51.3
5.728,0.1725,-0.0713,-0.024,0.0352,51.0
5.729,0.1552,-0.0691,-0.024,0.0277,50.9
5.73,0.144,-0.0668,-0.021,0.021,50.4
5.731,0.1417,-0.0638,-0.012,0.0157,50.4
5.732,0.1357,-0.063,0.0007,0.012,50.2
5.733,0.1177,-0.0608,0.0112,0.0082,50.0
5.734,0.1102,-0.0608,0.021,0.0067,49.8
5.735,0.0975,-0.0578,0.027,0.0015,49.6
5.736,0.0967,-0.054,0.0292,-0.003,49.6
5.737,0.1072,-0.048,0.0307,-0.0075,49.1
5.738,0.1125,-0.0398,0.03,-0.0105,49.0
5.739,0.1237,-0.0315,0.0292,-0.0158,48.6
5.74,0.135,-0.024,0.027,-0.0188,48.5
5.741,0.1335,-0.0165,0.0187,-0.0203,48.1
5.742,0.1222,0.0007,0.0105,-0.024,47.9
5.743,0.1237,0.0172,0.003,-0.024,47.9
5.744,0.1237,0.0307,-0.0128,-0.0195,47.6
5.745,0.1237,0.0397,-0.0405,-0.0165,47.3
5.746,0.12,0.0405,-0.0728,-0.0165,47.0
5.747,0.1005,0.0412,-0.09,-0.0173,46.9
5.748,0.0817,0.039,-0.1043,-0.0233,46.7
5.749,0.0675,0.0315,-0.111,-0.0278,46.4
5.75,0.057,0.0262,-0.1125,-0.027,46.2
5.751,0.054,0.0195,-0.1088,-0.024,45.9
5.752,0.0502,0.0157,-0.0975,-0.0203,45.9
5.753,0.0465,0.0157,-0.0893,-0.0233,45.4
5.754,0.0427,0.0142,-0.0788,-0.0256,45.2
5.755,0.0397,0.0127,-0.0675,-0.024,45.0
5.756,0.0307,0.018,-0.0533,-0.0315,44.6
5.757,0.0105,0.0142,-0.0353,-0.0368,44.5
5.758,-0.0015,0.0097,-0.024,-0.0293,44.3
5.759,-0.0098,0.012,-0.006,-0.0068,44.2
5.76,-0.0173,0.0067,0.0037,0.0045,43.7
5.761,-0.0218,0.0,0.0075,-0.0068,43.8
5.762,-0.0375,0.0007,0.0135,0.009,43.3
5.763,-0.057,0.003,0.0195,0.0,43.3
5.764,-0.0683,0.006,0.0255,-0.033,42.9
5.765,-0.0743,0.0082,0.0277,-0.0233,42.9
5.766,-0.0818,0.012,0.0322,-0.015,42.3
5.767,-0.0825,0.0157,0.0352,-0.0203,42.2
5.768,-0.0788,0.021,0.0337,-0.0308,42.0
5.769,-0.0691,0.0315,0.033,-0.0413,41.8
5.77,-0.057,0.03,0.0352,-0.0315,41.5
5.771,-0.048,0.0105,0.0405,-0.0181,41.3
5.772,-0.0405,0.0045,0.0427,-0.0218,41.2
5.773,-0.033,0.0052,0.042,-0.0083,40.9
5.774,-0.0293,0.0015,0.0382,0.0157,40.6
5.775,-0.03,0.0007,0.0352,0.0315,40.4
5.776,-0.0256,-0.0091,0.0367,0.072,40.1
5.777,-0.0256,-0.0203,0.033,0.0427,39.9
5.778,-0.0278,-0.0233,0.0277,0.0112,39.6
5.779,-0.0263,-0.0256,0.0255,0.0675,39.6
5.78,-0.0323,-0.0308,0.0232,0.012,39.0
5.781,-0.042,-0.0443,0.0217,-0.0691,39.1
5.782,-0.0495,-0.0818,0.021,-0.075,38.6
5.783,-0.0495,-0.0825,0.0217,-0.0668,38.6
5.784,-0.0495,-0.0405,0.021,0.003,38.2
5.785,-0.0473,-0.033,0.018,-0.0218,38.1
5.786,-0.0495,-0.0225,0.018,-0.0473,37.7
5.787,-0.0518,0.003,0.0157,0.0067,37.5
5.788,-0.048,0.0045,0.012,-0.0098,37.3
5.789,-0.048,-0.006,0.0127,-0.027,37.1
5.79,-0.0465,0.0067,0.009,-0.012,37.0
5.791,-0.0436,0.033,0.0052,0.0045,36.4
5.792,-0.0383,0.0375,0.0075,-0.0091,36.4
5.793,-0.0315,0.03,0.0097,-0.0465,36.0
5.794,-0.033,0.0015,0.015,-0.033,36.0
5.795,-0.0338,-0.0195,0.0195,0.0067,35.4
5.796,-0.0383,0.0105,0.0172,0.0067,35.5
5.797,-0.0533,0.039,0.0157,0.0345,35.2
5.798,-0.0615,0.0532,0.0127,0.0277,35.0
5.799,-0.057,0.057,0.0105,-0.0488,34.7
5.8,-0.0548,0.0525,0.0067,-0.126,34.3
5.801,-0.0525,0.048,0.0052,-0.105,34.2
5.802,-0.0428,0.033,0.0045,-0.0158,33.9
5.803,-0.0383,0.0307,-0.0015,-0.0173,33.7
5.804,-0.0346,0.0292,-0.0046,0.036,33.6
5.805,-0.0225,0.0285,-0.0046,0.0405,33.1
5.806,-0.0158,0.03,-0.0075,0.1087,33.1
5.807,-0.0165,0.0277,-0.0075,0.2092,32.8
5.808,-0.0203,0.0345,-0.0068,0.006,32.5
5.809,-0.0293,0.039,-0.0083,0.0015,32.2
5.81,-0.033,0.0382,-0.0091,0.033,32.1
5.811,-0.033,0.027,-0.0105,-0.033,31.7
5.812,-0.0293,0.0067,-0.0105,0.0382,31.6
5.813,-0.0203,-0.0105,-0.012,0.0195,31.2
5.814,-0.0105,-0.0143,-0.012,0.0322,31.0
5.815,-0.0046,-0.0195,-0.0105,-0.0503,30.7
5.816,0.0007,-0.0143,-0.012,-0.0375,30.7
5.817,0.0082,0.0052,-0.0143,0.0307,30.3
5.818,0.012,0.0045,-0.0195,-0.0338,30.2
5.819,0.0157,0.0045,-0.0203,0.0127,29.9
5.82,0.0225,0.0,-0.0143,-0.0098,29.7
5.821,0.0262,-0.0046,-0.0143,-0.0068,29.6
5.822,0.0345,0.003,-0.0158,-0.0068,29.3
5.823,0.0382,0.0255,-0.0165,-0.024,29.0
5.824,0.0352,0.0405,-0.0173,0.0052,28.8
5.825,0.0337,0.0172,-0.0128,-0.0173,28.7
5.826,0.0307,-0.0023,-0.012,-0.0068,28.4
5.827,0.0262,-0.0158,-0.0128,-0.0143,28.1
5.828,0.0217,-0.0158,-0.0091,-0.0158,28.2
5.829,0.0187,-0.0091,-0.0068,-0.0436,27.6
5.83,0.018,-0.0143,-0.0046,-0.0608,27.9
5.831,0.0202,-0.0023,-0.003,-0.0083,27.4
5.832,0.0232,0.0022,-0.003,0.0075,27.4
5.833,0.0217,-0.0008,-0.003,0.0082,27.0
5.834,0.0247,-0.0046,-0.0015,0.0052,26.9
5.835,0.0382,-0.0091,-0.0015,-0.0173,26.8
5.836,0.0502,-0.0128,-0.003,-0.042,26.5
5.837,0.0397,-0.0181,0.0015,-0.0443,26.1
5.838,0.027,-0.0233,-0.0008,-0.0578,25.9
5.839,0.0217,-0.0256,-0.0015,-0.093,26.0
5.84,0.0157,-0.0195,0.0015,-0.0938,25.5
5.841,0.0157,-0.0068,0.003,-0.0113,25.5
5.842,0.0105,-0.0038,0.006,0.0487,25.4
5.843,0.0067,-0.0278,0.003,0.0517,25.0
5.844,0.0007,-0.0233,0.0015,0.1102,24.8
5.845,-0.0046,-0.0038,0.0067,0.0765,24.7
5.846,-0.0023,0.0067,0.0082,-0.03,24.5
5.847,-0.0023,0.0405,0.0067,-0.1163,24.2
5.848,0.003,0.0472,0.0007,-0.0968,24.2
5.849,0.0007,0.0127,-0.0068,0.0112,23.8
5.85,0.0007,-0.0158,-0.006,-0.0181,23.7
5.851,0.009,-0.0353,-0.0015,-0.0158,23.6
5.852,0.0142,-0.0278,0.0007,-0.003,23.2
5.853,0.0157,-0.0008,0.0015,0.0217,23.0
5.854,0.0172,-0.0105,0.0052,0.0472,22.9
5.855,0.0172,-0.0405,0.0112,-0.0278,22.8
5.856,0.0157,-0.0405,0.0165,0.0135,22.5
5.857,0.0135,-0.0465,0.012,0.0915,22.5
5.858,0.0105,-0.081,0.0007,0.0855,22.0
5.859,0.006,-0.0706,-0.0053,0.099,22.0
5.86,0.0067,-0.045,-0.0105,0.087,21.6
5.861,0.009,-0.0143,-0.0165,0.06,21.5
5.862,0.0082,0.0255,-0.015,-0.0181,21.1
5.863,0.0015,0.0022,-0.0128,-0.2595,21.0
5.864,-0.0083,-0.0143,-0.0068,-0.309,20.7
5.865,-0.012,0.0135,0.003,-0.0825,20.7
5.866,-0.0135,0.0502,0.0195,0.024,20.3
5.867,-0.0113,0.069,0.0277,0.0735,20.2
5.868,-0.0046,0.0712,0.0105,0.0802,20.0
5.869,-0.0098,0.0667,-0.0165,0.045,19.7
5.87,-0.0128,0.0232,-0.033,0.0652,19.6
5.871,-0.0135,0.0052,-0.042,0.0502,19.4
5.872,-0.0285,0.0082,-0.0383,0.0495,19.2
5.873,-0.0518,0.0015,-0.027,0.036,19.1
5.874,-0.0615,0.0052,-0.012,0.036,18.8
5.875,-0.0555,0.0045,0.0,0.0247,18.7
5.876,-0.048,0.0067,0.0067,-0.0008,18.6
5.877,-0.0548,0.0037,0.0052,0.0142,18.3
5.878,-0.0645,-0.006,-0.0015,0.0067,18.2
5.879,-0.0518,-0.0158,-0.0128,0.015,18.1
5.88,-0.048,-0.0181,-0.0203,-0.0023,17.9
5.881,-0.045,-0.012,-0.0218,-0.0068,17.8
5.882,-0.033,-0.0135,-0.0181,0.0697,17.5
5.883,-0.0233,-0.0173,-0.0135,0.1462,17.5
5.884,-0.012,-0.0068,-0.015,0.1042,17.4
5.885,-0.0143,0.015,-0.021,0.021,17.5
5.886,-0.012,0.0315,-0.0256,0.0187,17.2
5.887,-0.0091,0.0465,-0.0338,-0.0008,17.0
5.888,-0.0053,0.0517,-0.0428,-0.0038,17.0
5.889,-0.006,0.0352,-0.0458,0.0022,17.0
5.89,-0.012,-0.0165,-0.0428,0.0015,16.6
5.891,-0.0113,-0.0691,-0.0383,0.0105,16.7
5.892,0.0015,-0.0593,-0.0353,-0.0008,16.3
5.893,0.0097,-0.0233,-0.0308,-0.0015,16.6
5.894,0.0082,-0.0008,-0.027,-0.0091,16.0
5.895,0.0045,0.006,-0.0158,-0.012,16.2
5.896,-0.0015,0.0067,0.0015,-0.0128,15.8
5.897,0.0052,-0.0008,0.0127,-0.0165,15.9
5.898,-0.0023,-0.012,0.015,-0.0165,15.6
5.899,-0.0173,-0.0128,0.0165,-0.0203,15.4
5.9,-0.0143,-0.0165,0.0157,-0.0195,15.1
5.901,0.0007,-0.0165,0.0127,-0.021,14.9
5.902,0.0142,-0.015,0.0112,-0.0195,14.7
5.903,0.0195,-0.0158,0.0067,-0.0203,14.5
5.904,0.0292,-0.0143,0.0082,-0.0188,14.4
5.905,0.033,-0.0165,0.015,-0.0181,14.3
5.906,0.033,-0.0158,0.024,-0.0195,13.9
5.907,0.039,-0.0158,0.036,-0.0195,13.9
5.908,0.0382,-0.0158,0.0487,-0.0218,13.5
5.909,0.027,-0.0165,0.0555,-0.0195,13.7
5.91,0.0202,-0.0165,0.06,-0.0181,13.3
5.911,0.018,-0.0181,0.063,-0.0165,13.3
5.912,0.0112,-0.0195,0.0652,-0.0158,13.0
5.913,0.0157,-0.0181,0.0682,-0.015,13.1
5.914,0.0225,-0.003,0.0705,-0.0128,12.8
5.915,-0.0105,0.0195,0.0742,-0.012,12.8
5.916,-0.0293,0.0412,0.0712,-0.0105,12.4
5.917,-0.024,0.042,0.0382,-0.0083,12.4
5.918,-0.0465,0.0007,-0.0638,-0.0015,12.3
5.919,-0.057,-0.0555,-0.1875,0.0045,11.9
5.92,-0.0863,-0.0728,-0.2303,0.0067,12.1
5.921,-0.111,-0.0503,-0.186,-0.0008,11.7
5.922,-0.1335,-0.012,-0.1013,-0.0023,11.7
5.923,-0.1613,0.0285,0.0082,0.0015,11.5
5.924,-0.1688,0.0577,0.1125,-0.003,11.3
5.925,-0.1815,0.0765,0.1672,-0.0158,11.4
5.926,-0.18,0.0727,0.192,-0.0233,11.1
5.927,-0.1763,0.048,0.219,-0.0091,11.0
5.928,-0.1575,0.0022,0.2182,-0.0038,10.9
5.929,-0.147,-0.0346,0.2062,-0.0188,10.8
5.93,-0.1373,-0.0353,0.201,-0.0218,10.6
5.931,-0.1155,-0.0278,0.1972,0.0022,10.6
5.932,-0.0893,-0.0105,0.195,0.0187,10.5
5.933,-0.054,0.0007,0.1807,0.015,10.4
5.934,-0.0233,0.0052,0.15,0.0382,10.3
5.935,0.0157,0.0052,0.1185,0.0427,10.1
5.936,0.0607,0.0052,0.0907,0.024,10.3
5.937,0.102,0.0082,0.0585,0.0202,10.0
5.938,0.1357,0.0082,0.0337,0.009,9.9
5.939,0.162,0.0075,0.0112,0.0045,9.9
5.94,0.1822,0.0045,-0.0128,-0.0008,9.5
5.941,0.1957,0.0067,-0.033,-0.003,9.7
5.942,0.2032,0.012,-0.0548,-0.0015,9.3
5.943,0.1987,0.012,-0.0788,-0.0008,9.3
5.944,0.1837,0.0105,-0.105,0.0052,9.3
5.945,0.1672,0.0052,-0.1268,0.006,9.4
5.946,0.1552,-0.003,-0.1441,0.006,9.2
5.947,0.141,0.0,-0.1538,0.006,9.3
5.948,0.1245,0.0142,-0.1538,0.0037,9.1
5.949,0.1042,0.0382,-0.1418,0.0007,9.1
5.95,0.0765,0.063,-0.1298,-0.0091,9.1
5.951,0.0442,0.0742,-0.1223,-0.0143,8.7
5.952,0.018,0.0292,-0.1178,-0.0158,8.8
5.953,0.0045,-0.0728,-0.114,-0.0165,8.6
5.954,-0.0023,-0.1426,-0.105,-0.0165,8.8
5.955,-0.0105,-0.1103,-0.1006,-0.0135,8.6
5.956,-0.021,-0.0383,-0.114,-0.0083,8.6
5.957,-0.0195,-0.0008,-0.1088,0.0105,8.5
5.958,-0.0046,0.0307,-0.03,0.0232,8.5
5.959,0.024,0.0307,-0.0353,0.0052,8.5
5.96,0.0585,0.0195,-0.1185,-0.0015,8.3
5.961,0.0937,0.012,-0.1335,-0.0053,8.3
5.962,0.1267,-0.0008,-0.162,-0.0158,8.4
5.963,0.156,-0.003,-0.0871,-0.012,8.4
5.964,0.1762,-0.0128,0.0307,-0.0128,8.4
5.965,0.192,-0.0113,0.0862,-0.0068,8.4
5.966,0.1995,-0.0015,0.15,-0.006,8.3
5.967,0.1995,0.0045,0.1747,-0.0105,8.2
5.968,0.195,0.0052,0.1815,-0.0068,8.4
5.969,0.1815,0.0052,0.1162,-0.0068,8.2
5.97,0.156,0.0067,0.0352,-0.0046,8.5
5.971,0.1252,0.0135,-0.0398,-0.0091,8.1
5.972,0.0915,0.018,-0.1028,-0.015,8.5
5.973,0.0592,0.0082,-0.1253,-0.0143,8.1
5.974,0.0292,0.0015,-0.1313,0.0022,8.3
5.975,0.0,-0.0015,-0.1103,0.0345,8.3
5.976,-0.0218,-0.0038,-0.0893,0.0292,8.1
5.977,-0.033,-0.0091,-0.0638,0.009,8.2
5.978,-0.0368,-0.0158,-0.042,0.0457,8.3
5.979,-0.0338,-0.0181,-0.0181,0.048,8.3
5.98,-0.0285,-0.0158,0.0052,-0.0263,8.1
5.981,-0.0218,0.0022,0.0112,-0.105,8.2
5.982,-0.012,0.0307,0.012,-0.1508,8.3
5.983,-0.003,0.027,0.0097,-0.0383,8.3
5.984,0.003,-0.0068,0.009,0.0697,8.2
5.985,0.0067,-0.0143,-0.0008,0.051,8.2
5.986,0.0067,0.015,-0.0046,0.0555,8.2
5.987,0.0045,0.0367,-0.0075,0.0435,8.1
5.988,-0.003,0.0307,-0.0165,0.0052,8.3
5.989,-0.0105,0.0142,-0.0188,0.009,8.1
5.99,-0.0203,-0.006,-0.0165,0.0585,8.2
5.991,-0.0308,-0.0308,-0.0143,0.0465,8.1
5.992,-0.0465,-0.0368,-0.0075,-0.0488,8.1
5.993,-0.0638,-0.0181,0.0022,-0.0818,8.1
5.994,-0.0743,0.0112,0.0105,-0.0203,8.2
5.995,-0.0863,0.0517,0.018,0.0847,8.2
5.996,-0.0953,0.0615,0.018,0.0712,8.2
5.997,-0.099,0.0405,0.0202,-0.0465,8.1
5.998,-0.0945,0.0067,0.027,0.006,7.9
5.999,-0.09,-0.0233,0.0307,0.0607,8.0
6.0,-0.0938,-0.0128,0.0352,-0.0256,8.0
6.001,-0.099,0.0082,0.0322,-0.1148,7.9
6.002,-0.1028,0.0292,0.0285,-0.0803,8.1
6.003,-0.1035,0.0157,0.0247,0.084,7.9
6.004,-0.099,-0.0308,0.021,0.1387,8.1
6.005,-0.0938,-0.0525,0.0217,0.1372,7.8
6.006,-0.0871,-0.063,0.0232,0.1237,8.1
6.007,-0.078,-0.0795,0.033,0.0787,7.7
6.008,-0.0691,-0.0713,0.0382,0.0052,7.9
6.009,-0.0585,-0.0368,0.042,-0.063,7.7
6.01,-0.0563,-0.0225,0.045,-0.12,7.8
6.011,-0.0593,0.0007,0.0555,-0.2685,7.6
6.012,-0.0608,0.0397,0.063,-0.2303,7.6
6.013,-0.0728,0.0607,0.06,-0.1935,7.6
6.014,-0.078,0.0742,0.0562,-0.2595,7.5
6.015,-0.0938,0.0667,0.054,-0.165,7.8
6.016,-0.12,0.0502,0.0577,-0.1103,7.5
6.017,-0.1193,0.0367,0.057,0.0465,7.7
6.018,-0.108,0.042,0.0547,0.2047,7.6
6.019,-0.105,0.0127,0.0442,0.2062,7.4
6.02,-0.0938,-0.0413,0.0322,0.0495,7.5
6.021,-0.0795,-0.0436,0.0127,-0.0998,7.4
6.022,-0.063,-0.0383,-0.0091,0.0502,7.3
6.023,-0.0503,-0.0143,-0.0233,0.0765,7.1
6.024,-0.0323,0.0202,-0.0346,0.018,7.1
6.025,-0.0083,0.039,-0.0428,0.0915,6.8
6.026,0.0022,0.0322,-0.0511,0.1087,6.8
6.027,0.0142,-0.042,-0.0593,0.0375,6.6
6.028,0.027,-0.129,-0.066,0.0202,6.4
6.029,0.0292,-0.105,-0.0675,0.0502,6.3
6.03,0.0307,-0.0293,-0.0743,0.0015,5.8
6.031,0.0315,-0.03,-0.075,-0.0008,5.9
6.032,0.0307,-0.0428,-0.0743,0.0127,5.4
6.033,0.0367,-0.0195,-0.0773,0.0082,5.3
6.034,0.0442,0.0112,-0.0691,-0.0563,4.8
6.035,0.0442,0.0352,-0.0578,-0.1088,4.8
6.036,0.0427,0.0367,-0.048,0.0007,4.5
6.037,0.039,0.0195,-0.0368,0.2872,4.5
6.038,0.0382,-0.0173,-0.0256,0.5535,4.1
6.039,0.0337,-0.0511,-0.0188,0.2962,3.9
6.04,0.0307,-0.0293,-0.0083,-0.09,3.6
6.041,0.0292,0.0067,0.0082,-0.3353,3.2
6.042,0.0195,0.0315,0.0157,-0.3983,3.2
6.043,0.0052,0.0502,0.021,-0.1125,3.1
6.044,-0.0015,0.0562,0.024,-0.0218,3.0
6.045,-0.006,0.069,0.033,0.0465,2.9
6.046,-0.0083,0.0645,0.0525,0.0067,2.7
6.047,-0.0038,0.045,0.0727,-0.1043,2.6
6.048,0.0075,0.0015,0.0862,-0.0833,2.5
6.049,0.0187,-0.0511,0.1012,-0.1163,2.6
6.05,0.0277,-0.0548,0.1177,0.0645,2.5
6.051,0.0315,-0.0308,0.126,0.1005,2.6
6.052,0.033,0.0,0.135,0.0195,2.3
6.053,0.039,0.0292,0.141,-0.0105,2.4
6.054,0.033,0.0352,0.1507,-0.0046,2.2
6.055,0.0255,0.018,0.1545,0.0067,2.4
6.056,0.0225,0.0045,0.1455,-0.0788,2.2
6.057,0.0217,-0.012,0.1425,-0.0405,2.1
6.058,0.0217,-0.0353,0.1425,0.0465,2.1
6.059,0.0015,-0.042,0.1402,0.1252,2.1
6.06,-0.0143,-0.0375,0.1282,0.012,2.2
6.061,-0.0218,-0.0256,0.1117,-0.057,2.2
6.062,-0.03,-0.0128,0.108,0.0862,2.0
6.063,-0.0413,0.0,0.1087,0.0015,2.1
6.064,-0.0405,0.009,0.0967,-0.1913,1.8
6.065,-0.024,-0.0008,0.0915,-0.093,2.1
6.066,-0.0248,0.0187,0.0862,0.0885,2.1
6.067,-0.0293,0.042,0.0712,0.0892,2.3
6.068,-0.03,0.0225,0.0645,0.0862,1.9
6.069,-0.0436,0.012,0.0592,0.0382,2.3
6.07,-0.0495,0.0082,0.045,-0.0218,2.1
6.071,-0.0511,0.0007,0.033,-0.0278,2.3
6.072,-0.0323,-0.0091,0.0367,-0.027,2.3
6.073,-0.021,-0.0218,0.0315,-0.0691,2.3
6.074,-0.0285,-0.0248,0.0217,-0.0563,2.3
6.075,-0.042,-0.0346,0.0277,0.012,2.4
6.076,-0.0413,-0.0315,0.021,-0.06,2.5
6.077,-0.0083,-0.0256,0.0127,-0.0728,2.6
6.078,-0.0195,-0.0038,0.0015,0.039,2.6
6.079,-0.0405,0.0367,-0.0308,0.1657,2.8
6.08,-0.027,0.069,-0.0578,0.1485,2.8
6.081,-0.0353,0.0697,-0.0758,0.0562,3.0
6.082,-0.0173,0.0585,-0.111,0.0142,2.9
6.083,0.0165,0.0682,-0.159,-0.015,3.2
6.084,0.0495,0.0442,-0.2145,0.015,3.1
6.085,0.0727,-0.0308,-0.2745,-0.0945,3.3
6.086,0.075,-0.0975,-0.3338,-0.1935,3.2
6.087,0.0795,-0.108,-0.387,-0.1035,3.6
6.088,0.0742,-0.0735,-0.4275,-0.0413,3.5
6.089,0.0577,-0.0263,-0.441,0.0405,3.7
6.09,0.03,0.003,-0.426,0.0592,3.6
6.091,0.0,-0.003,-0.3953,-0.0053,3.8
6.092,-0.0278,0.0007,-0.354,0.0675,3.9
6.093,-0.0488,0.0037,-0.303,0.114,3.8
6.094,-0.0863,0.0127,-0.2393,0.012,3.9
6.095,-0.099,0.024,-0.1726,-0.0953,3.7
6.096,-0.0871,0.0277,-0.1178,-0.1065,3.9
6.097,-0.078,0.0232,-0.0706,-0.123,3.7
6.098,-0.0593,0.0007,-0.0353,-0.0503,3.9
6.099,-0.0203,-0.0188,0.0015,0.0727,3.9
6.1,0.0562,-0.0256,0.0652,0.0157,4.0
6.101,0.1102,-0.0068,0.1162,0.0382,4.0
6.102,0.1447,-0.0015,0.108,0.0787,4.0
6.103,0.174,-0.0083,0.06,0.1357,4.0
6.104,0.1875,-0.0091,-0.0083,0.1957,3.9
6.105,0.1987,-0.0083,-0.0818,0.0465,3.8
6.106,0.2257,0.003,-0.1381,0.0105,3.7
6.107,0.2557,0.003,-0.1823,0.0772,3.9
6.108,0.2677,0.0105,-0.2033,0.0097,3.6
6.109,0.2715,0.0165,-0.2018,-0.1913,3.6
6.11,0.246,0.0142,-0.1785,-0.3098,3.7
6.111,0.2287,0.0172,-0.1448,-0.1006,3.6
6.112,0.243,0.0105,-0.1021,-0.027,3.6
6.113,0.2512,0.0052,-0.0555,-0.0555,3.6
6.114,0.246,-0.0008,-0.0135,0.0382,3.6
6.115,0.237,-0.0075,0.0157,0.0097,3.5
6.116,0.2242,-0.0068,0.048,0.003,3.5
6.117,0.2002,-0.0046,0.1297,-0.006,3.3
6.118,0.1747,-0.0008,0.2355,-0.0075,3.3
6.119,0.1447,0.003,0.297,0.0255,3.2
6.12,0.1042,0.0082,0.336,0.132,3.1
6.121,0.0525,0.0112,0.363,0.2085,3.3
6.122,0.0232,0.0022,0.3697,0.057,3.0
6.123,0.027,-0.0075,0.3652,-0.0233,3.2
6.124,0.0247,-0.0046,0.3532,0.0232,3.1
6.125,0.0135,-0.0068,0.3382,0.0112,3.0
6.126,0.0007,-0.0158,0.3157,0.0637,3.1
6.127,-0.0225,-0.0105,0.2902,0.1762,3.0
6.128,-0.0495,-0.003,0.2707,0.0555,3.1
6.129,-0.0638,0.0067,0.2535,-0.0653,2.7
6.13,-0.0713,0.0127,0.2407,-0.0915,3.0
6.131,-0.0878,0.015,0.2332,-0.2438,2.7
6.132,-0.1193,0.0052,0.2302,-0.231,2.8
6.133,-0.1523,-0.0128,0.2272,-0.0863,2.6
6.134,-0.1628,-0.0195,0.2167,0.024,2.8
6.135,-0.1688,-0.0165,0.201,0.0532,2.7
6.136,-0.192,-0.0068,0.1897,0.063,2.7
6.137,-0.1958,0.0127,0.174,-0.0158,2.7
6.138,-0.1898,0.0337,0.15,-0.1013,2.6
6.139,-0.1853,0.0277,0.1162,-0.0361,2.6
6.14,-0.189,0.0082,0.0765,-0.0158,2.6
6.141,-0.2273,-0.0008,0.0442,0.0705,2.8
6.142,-0.2235,-0.0068,0.0157,-0.0188,2.7
6.143,-0.1381,-0.0046,-0.0075,-0.045,2.6
6.144,-0.0713,-0.0068,-0.0256,0.0975,2.6
6.145,-0.0285,-0.0068,-0.0383,0.033,2.4
6.146,0.0045,-0.003,-0.0533,0.0735,2.7
6.147,0.0112,-0.0053,-0.0721,0.0742,2.4
6.148,0.0202,-0.0023,-0.0915,0.0502,2.7
6.149,0.0427,-0.0083,-0.1148,0.0255,2.3
6.15,0.0585,-0.0053,-0.1313,-0.099,2.7
6.151,0.0465,-0.0015,-0.1448,-0.1028,2.4
6.152,0.024,-0.006,-0.1538,-0.0173,2.6
6.153,0.015,-0.0068,-0.1628,0.033,2.6
6.154,0.0465,-0.0098,-0.177,0.0157,2.6
6.155,0.1672,-0.0083,-0.1965,0.018,2.5
6.156,0.3967,-0.0098,-0.2235,-0.0083,2.6
6.157,0.5955,-0.0083,-0.2423,-0.0105,2.4
6.158,0.5857,-0.0046,-0.2445,0.0165,2.6
6.159,0.3937,-0.0023,-0.2348,0.0405,2.4
6.16,0.1575,0.0,-0.2115,0.078,2.4
6.161,-0.0548,-0.0053,-0.1838,0.0555,2.4
6.162,-0.216,-0.0068,-0.153,0.0382,2.4
6.163,-0.3173,-0.0015,-0.12,-0.0105,2.4
6.164,-0.3645,0.0045,-0.0938,-0.0908,2.4
6.165,-0.3578,0.0037,-0.075,-0.1035,2.2
6.166,-0.333,0.0105,-0.0615,-0.0818,2.4
6.167,-0.2948,0.018,-0.0593,-0.0233,2.2
6.168,-0.2618,0.015,-0.0638,0.0442,2.4
6.169,-0.2408,0.0127,-0.0675,0.0292,2.2
6.17,-0.2258,0.0075,-0.0721,0.0307,2.2
6.171,-0.2213,-0.0023,-0.0728,0.0105,2.3
6.172,-0.2108,-0.012,-0.0668,-0.0473,2.1
6.173,-0.21,-0.0165,-0.0578,0.0015,2.1
6.174,-0.2123,-0.0128,-0.0398,0.0757,2.1
6.175,-0.225,-0.0098,-0.012,0.0922,2.3
6.176,-0.2378,-0.0091,0.0067,0.0307,2.2
6.177,-0.2445,-0.003,0.0157,-0.0593,2.1
6.178,-0.2528,0.0075,0.024,-0.1575,2.1
6.179,-0.2483,0.0135,0.0262,-0.135,2.1
6.18,-0.231,0.0142,0.0232,0.033,2.2
6.181,-0.1973,0.0015,0.0202,0.114,2.0
6.182,-0.1598,-0.003,0.0232,0.075,2.3
6.183,-0.1208,0.0045,0.0277,-0.0353,2.0
6.184,-0.1006,0.0037,0.027,-0.0068,2.2
6.185,-0.078,0.0007,0.0225,0.0232,2.1
6.186,-0.0465,0.0,0.0217,-0.0091,2.1
6.187,-0.0338,-0.0015,0.018,0.0262,2.1
6.188,-0.0346,-0.0083,0.018,0.0022,2.3
6.189,-0.0383,-0.0173,0.027,0.033,2.2
6.19,-0.0233,-0.0143,0.0315,0.033,2.2
6.191,0.006,-0.0015,0.03,0.0067,2.3
6.192,0.0532,0.003,0.0255,-0.003,2.2
6.193,0.1072,0.0045,0.0232,-0.0458,2.3
6.194,0.1455,0.0067,0.0195,-0.0488,2.2
6.195,0.1687,0.0,0.0127,-0.0405,2.4
6.196,0.168,-0.0091,0.009,0.033,2.3
6.197,0.1672,-0.0203,0.0105,0.114,2.2
6.198,0.1822,-0.0233,0.003,0.1365,2.2
6.199,0.1912,-0.0158,-0.0128,0.1417,2.2
6.2,0.183,-0.0038,-0.03,-0.0053,2.4
6.201,0.1777,0.0165,-0.0615,-0.2048,2.1
6.202,0.1747,0.0277,-0.1028,-0.0848,2.4
6.203,0.171,0.0255,-0.1403,0.0352,2.3
6.204,0.1665,0.012,-0.1635,-0.0825,2.3
6.205,0.165,-0.0015,-0.1703,-0.0195,2.4
6.206,0.153,0.0022,-0.1673,0.0667,2.2
6.207,0.114,0.0007,-0.1613,0.036,2.4
6.208,0.0787,-0.0008,-0.15,0.006,2.1
6.209,0.0502,0.003,-0.1373,-0.0443,2.4
6.21,0.0382,0.0,-0.1245,-0.0203,2.2
6.211,0.0352,-0.006,-0.1006,-0.0405,2.6
6.212,0.0322,-0.0053,-0.0713,0.0262,2.3
6.213,0.0367,-0.0008,-0.0338,0.1327,2.5
6.214,0.0345,-0.0038,0.0022,0.1927,2.5
6.215,0.0382,-0.0135,0.0262,0.1852,2.6
6.216,0.042,-0.0143,0.045,-0.0893,2.4
6.217,0.0487,-0.0098,0.06,-0.2378,2.4
6.218,0.039,-0.0075,0.0817,-0.0046,2.5
6.219,0.0082,-0.012,0.1102,0.1462,2.4
6.22,-0.0263,-0.0091,0.1372,0.0157,2.5
6.221,-0.0735,0.0112,0.156,-0.1065,2.5
6.222,-0.1365,0.0255,0.1672,-0.2678,2.3
6.223,-0.1575,0.024,0.1792,-0.2558,2.3
6.224,-0.114,0.0157,0.1875,-0.0833,2.3
6.225,-0.0728,0.0105,0.1972,-0.0436,2.5
6.226,-0.0458,0.0082,0.2122,0.0202,2.4
6.227,-0.0091,0.0007,0.2227,0.0165,2.5
6.228,0.0427,-0.003,0.2295,0.018,2.3
6.229,0.0742,-0.003,0.2377,0.0375,2.5
6.23,0.0817,-0.0053,0.2437,0.03,2.5
6.231,0.1072,-0.0038,0.2497,0.0615,2.4
6.232,0.1372,0.0015,0.261,0.0607,2.4
6.233,0.1125,0.0007,0.2752,0.0675,2.4
6.234,0.0787,0.0007,0.2977,0.033,2.4
6.235,0.0937,0.0045,0.327,0.0135,2.4
6.236,0.0825,0.0007,0.3555,-0.0105,2.4
6.237,0.0652,-0.003,0.3787,-0.0848,2.4
6.238,0.0615,-0.003,0.3885,-0.132,2.3
6.239,0.036,-0.0075,0.3817,-0.0668,2.4
6.24,0.0217,-0.0075,0.3592,0.0435,2.3
6.241,0.0067,-0.003,0.3195,0.0007,2.3
6.242,-0.0091,0.0015,0.267,-0.0428,2.6
6.243,-0.0263,0.0045,0.2115,-0.0383,2.4
6.244,-0.0383,-0.0015,0.1522,-0.0405,2.3
6.245,-0.039,-0.0053,0.0892,-0.0593,2.5
6.246,-0.0203,-0.0053,0.0285,-0.0368,2.2
6.247,0.015,-0.0083,-0.0285,-0.0015,2.5
6.248,0.0592,-0.0091,-0.0803,-0.027,2.3
6.249,0.1005,-0.0091,-0.1245,-0.0346,2.6
6.25,0.117,-0.0083,-0.1658,-0.096,2.4
6.251,0.1245,-0.0015,-0.2003,-0.0856,2.6
6.252,0.1245,0.0007,-0.2288,0.0,2.4
6.253,0.108,0.0015,-0.252,-0.0458,2.4
6.254,0.0607,0.0067,-0.2708,-0.0856,2.4
6.255,0.0262,0.0097,-0.2851,-0.0668,2.3
6.256,0.0187,0.0105,-0.2933,-0.0743,2.5
6.257,0.018,0.0045,-0.2985,-0.0375,2.4
6.258,0.0255,-0.0046,-0.2985,0.0532,2.6
6.259,0.024,-0.006,-0.297,0.165,2.5
6.26,0.0217,-0.012,-0.2918,0.2557,2.5
6.261,0.0045,-0.0158,-0.2821,0.1822,2.6
6.262,-0.0218,-0.0091,-0.2745,0.0982,2.5
6.263,-0.045,-0.006,-0.2633,0.096,2.7
6.264,-0.0563,-0.003,-0.2498,0.0622,2.5
6.265,-0.0495,0.0007,-0.2325,0.087,2.8
6.266,-0.0428,0.003,-0.2085,0.0982,2.5
6.267,-0.0383,0.0075,-0.1823,0.0315,2.6
6.268,-0.0428,0.0045,-0.1613,-0.0428,2.6
6.269,-0.0398,-0.003,-0.1441,-0.0495,2.7
6.27,-0.0353,-0.0053,-0.1238,-0.0585,2.6
6.271,-0.0248,0.0007,-0.1021,-0.1185,2.6
6.272,-0.0203,0.0097,-0.084,-0.1028,2.9
6.273,-0.0233,0.0105,-0.0668,-0.0578,2.6
6.274,-0.0105,0.0165,-0.0488,0.036,2.9
6.275,0.0007,0.0172,-0.0315,0.1275,2.6
6.276,0.0097,-0.0015,-0.0143,0.162,2.8
6.277,0.0202,-0.0135,-0.0008,0.1387,2.8
6.278,0.0292,-0.0091,0.012,0.018,2.7
6.279,0.0315,-0.0091,0.0202,-0.0428,2.8
6.28,0.024,-0.021,0.0225,0.0517,2.8
6.281,0.009,-0.0188,0.024,-0.0188,3.0
6.282,-0.0128,0.0052,0.0232,-0.1538,2.6
6.283,-0.0315,0.009,0.0157,-0.0525,2.8
6.284,-0.0473,0.0082,0.009,-0.0743,2.9
6.285,-0.0563,0.0135,0.0052,-0.0871,2.7
6.286,-0.063,0.0082,-0.003,-0.0488,2.7
6.287,-0.0623,0.0052,-0.0128,-0.0773,2.7
6.288,-0.0623,0.0067,-0.0218,-0.0143,2.7
6.289,-0.0638,0.0082,-0.0278,0.015,2.7
6.29,-0.0653,0.0067,-0.0338,0.0667,2.9
6.291,-0.0691,0.0037,-0.0383,0.0817,2.7
6.292,-0.0728,0.0007,-0.0443,0.0457,3.0
6.293,-0.0721,-0.0015,-0.0488,0.0315,2.8
6.294,-0.0615,0.0015,-0.0495,0.0405,2.8
6.295,-0.054,0.0022,-0.0503,0.0817,2.7
6.296,-0.045,-0.0008,-0.0473,0.045,2.7
6.297,-0.0368,-0.0046,-0.0473,-0.006,2.8
6.298,-0.0375,-0.006,-0.0488,0.0892,2.7
6.299,-0.0443,-0.0113,-0.0518,0.1635,2.9
6.3,-0.0436,-0.015,-0.0563,0.1395,2.7
6.301,-0.0285,-0.0203,-0.0593,0.2092,2.9
6.302,-0.0203,-0.0256,-0.0593,0.231,2.9
6.303,-0.027,-0.024,-0.0563,0.1702,2.9
6.304,-0.0368,-0.012,-0.0495,0.018,2.7
6.305,-0.0368,0.0105,-0.0428,-0.2663,2.7
6.306,-0.0203,0.0277,-0.042,-0.3938,2.7
6.307,0.0022,0.0345,-0.0383,-0.2445,2.6
6.308,0.0195,0.024,-0.0413,-0.1688,2.9
6.309,0.0157,0.009,-0.0518,-0.1553,2.7
6.31,-0.0008,0.0067,-0.0578,-0.096,3.0
6.311,-0.003,0.0015,-0.0615,-0.1426,2.7
6.312,0.0045,-0.0083,-0.0683,-0.0915,2.8
6.313,0.0105,-0.0091,-0.0706,-0.0893,2.8
6.314,0.0217,-0.0053,-0.0645,0.0562,2.9
6.315,0.0427,-0.0053,-0.0578,0.159,2.8
6.316,0.06,-0.006,-0.0518,0.0277,2.9
6.317,0.0712,-0.0091,-0.0428,-0.0075,2.9
6.318,0.0727,-0.0278,-0.027,-0.1763,2.8
6.319,0.0592,-0.0443,-0.0113,-0.186,2.8
6.32,0.0442,-0.0323,0.0052,-0.1238,2.9
6.321,0.0315,-0.003,0.027,-0.1088,2.8
6.322,0.024,0.0082,0.057,0.1102,3.0
6.323,0.021,0.0067,0.087,0.1417,2.9
6.324,0.018,0.0165,0.1057,0.063,3.0
6.325,-0.0008,0.024,0.1155,0.0352,2.8
6.326,-0.0181,0.0007,0.1192,-0.063,3.0
6.327,-0.0158,-0.0173,0.1162,0.0322,2.9
6.328,-0.012,-0.0105,0.1155,0.1117,3.1
6.329,0.0105,-0.0075,0.1162,0.0802,3.0
6.33,0.042,-0.0008,0.1192,0.1117,3.2
6.331,0.0562,0.003,0.1252,0.0502,3.0
6.332,0.0532,0.0045,0.129,0.0427,3.0
6.333,0.039,0.0082,0.1297,0.0675,3.0
6.334,0.0255,0.0045,0.1312,0.0405,3.1
6.335,0.0142,0.009,0.1305,0.057,3.2
6.336,0.015,0.012,0.1275,0.0592,3.0
6.337,0.0142,0.0097,0.123,0.0195,3.1
6.338,0.0157,0.0127,0.1177,0.0247,3.0
6.339,0.018,0.0052,0.1125,0.0427,3.2
6.34,0.0195,0.003,0.1087,0.018,3.1
6.341,0.0195,0.0007,0.1042,0.0675,3.1
6.342,0.0075,-0.0091,0.0975,0.1065,3.1
6.343,-0.0181,-0.0113,0.0877,0.0825,3.1
6.344,-0.06,-0.0068,0.078,0.051,3.2
6.345,-0.0975,0.0007,0.072,0.0067,3.2
6.346,-0.1155,0.006,0.063,-0.0008,3.2
6.347,-0.111,0.0037,0.0532,-0.024,3.1
6.348,-0.0915,-0.0075,0.0472,-0.0473,3.3
6.349,-0.0638,-0.0158,0.0405,-0.0706,3.1
6.35,-0.039,-0.0128,0.033,-0.1245,3.1
6.351,-0.0173,-0.0015,0.0247,-0.09,3.2
6.352,-0.0008,0.0037,0.024,-0.039,3.1
6.353,0.0075,0.0,0.0217,-0.0863,3.3
6.354,0.0097,0.003,0.0165,-0.1553,3.1
6.355,0.0045,0.0052,0.012,-0.1411,3.2
6.356,-0.0053,-0.0008,0.006,-0.0495,3.2
6.357,-0.0128,-0.006,0.0045,-0.033,3.2
6.358,-0.0105,-0.0105,0.0007,-0.042,3.2
6.359,-0.0046,-0.0195,-0.0053,-0.0615,3.1
6.36,0.0067,-0.0218,-0.0053,-0.1688,3.2
6.361,0.0195,-0.0173,-0.0053,-0.0863,3.1
6.362,0.0352,-0.0128,0.0015,0.0382,3.2
6.363,0.0495,0.0075,0.0082,-0.1313,3.0
6.364,0.054,0.0217,0.009,-0.1628,3.1
6.365,0.0555,0.0142,0.0022,-0.003,3.1
6.366,0.0585,0.0067,-0.0083,-0.0181,3.1
6.367,0.0585,-0.003,-0.0165,0.0022,3.1
6.368,0.0555,-0.012,-0.0225,0.0322,2.9
6.369,0.048,-0.0143,-0.0256,0.0802,3.2
6.37,0.0382,-0.0091,-0.024,0.1912,3.0
6.371,0.0232,0.0045,-0.0218,0.1477,3.2
6.372,0.0045,0.0052,-0.0203,0.1155,3.0
6.373,-0.0135,0.0052,-0.0233,0.1447,3.2
6.374,-0.0308,0.009,-0.0256,0.1432,3.1
6.375,-0.0428,0.0067,-0.0256,0.1125,3.1
6.376,-0.0503,0.0045,-0.0256,0.099,3.1
6.377,-0.0518,-0.0046,-0.0218,0.1597,3.1
6.378,-0.0495,-0.006,-0.0218,0.252,3.1
6.379,-0.0405,-0.0053,-0.0203,0.2475,3.1
6.38,-0.0256,-0.015,-0.0203,0.2257,3.1
6.381,-0.0068,-0.0203,-0.021,0.1282,3.0
6.382,0.009,-0.006,-0.0165,-0.2235,2.8
6.383,0.0195,-0.0053,-0.0075,-0.1441,3.1
6.384,0.027,-0.0338,-0.0046,0.3097,3.1
6.385,0.0315,-0.039,-0.006,0.1912,3.1
6.386,0.0382,-0.0233,-0.0008,-0.0046,3.1
6.387,0.0465,-0.0143,-0.003,-0.042,3.0
6.388,0.0532,-0.0008,-0.0105,-0.1268,2.9
6.389,0.0562,0.0082,-0.0143,-0.0758,3.2
6.39,0.0525,0.0165,-0.0143,-0.0953,2.8
6.391,0.051,0.0157,-0.0135,-0.0743,3.1
6.392,0.0555,0.009,-0.0143,-0.0848,3.0
6.393,0.0555,0.0105,-0.0143,-0.0825,3.2
6.394,0.054,0.006,-0.0173,-0.0578,3.1
6.395,0.0502,-0.0008,-0.0181,-0.075,3.2
6.396,0.0405,0.0045,-0.0173,-0.0195,3.0
6.397,0.0307,0.0165,-0.0143,-0.03,3.1
6.398,0.021,0.033,-0.0105,-0.0135,3.0
6.399,0.012,0.0457,-0.012,0.0045,3.0
6.4,0.003,0.0487,-0.0128,-0.111,3.1
6.401,-0.0015,0.0487,-0.012,-0.2776,3.0
6.402,-0.006,0.0405,-0.0098,-0.2295,3.0
6.403,-0.0143,0.0255,-0.0083,-0.1485,3.0
6.404,-0.0263,0.0142,-0.0098,-0.1043,3.0
6.405,-0.0361,0.0052,-0.006,0.0277,3.1
6.406,-0.0413,0.0052,-0.003,0.0517,3.0
6.407,-0.0428,0.0105,-0.0053,0.0907,3.2
6.408,-0.0413,0.0127,-0.0068,0.0697,3.0
6.409,-0.0375,0.0127,-0.0083,0.048,3.1
6.41,-0.033,0.0082,-0.006,0.0442,3.0
6.411,-0.0308,0.0105,-0.003,0.0082,3.2
6.412,-0.0293,0.0112,-0.0008,0.009,3.1
6.413,-0.0308,0.0135,0.0007,-0.0923,3.1
6.414,-0.0315,0.024,0.003,-0.1726,3.1
6.415,-0.027,0.027,0.0015,-0.1628,3.0
6.416,-0.0233,0.018,-0.0023,-0.0668,3.1
6.417,-0.015,0.0097,-0.0046,-0.06,3.0
6.418,-0.0053,-0.0008,-0.0068,-0.099,2.9
6.419,0.0007,-0.0091,-0.0053,-0.0578,3.1
6.42,0.0045,-0.0158,-0.006,0.0367,3.0
6.421,0.0082,-0.0285,-0.0053,0.21,3.2
6.422,0.0097,-0.039,-0.0046,0.1747,2.9
6.423,0.012,-0.0413,-0.0046,0.1117,3.1
6.424,0.0135,-0.0458,-0.0038,0.0967,2.9
6.425,0.015,-0.054,-0.0015,-0.0053,3.2
6.426,0.0157,-0.0615,0.0022,-0.108,2.9
6.427,0.0142,-0.048,0.0022,-0.2258,2.9
6.428,0.0127,-0.0143,0.0015,-0.1673,3.0
6.429,0.0097,0.0067,0.0052,-0.0353,3.0
6.43,0.0075,0.003,0.0135,0.225,3.1
6.431,0.0045,-0.0091,0.0135,0.2107,3.0
6.432,0.003,-0.0105,0.0195,-0.015,2.9
6.433,0.0007,0.0007,0.0277,0.0772,2.9
6.434,-0.0015,0.018,0.024,-0.0113,2.9
6.435,-0.0023,0.0157,0.0202,-0.0825,2.7
6.436,-0.0046,-0.0015,0.0157,-0.2108,2.9
6.437,-0.0068,0.0007,0.0127,-0.1688,3.0
6.438,-0.0068,0.0142,0.0105,0.1267,2.9
6.439,-0.0091,0.027,0.0097,0.0495,2.9
6.44,-0.0113,0.033,0.009,0.09,2.8
6.441,-0.012,0.0382,0.0045,0.0585,3.0
6.442,-0.0128,0.0367,0.003,-0.0256,2.7
6.443,-0.012,0.0202,0.0007,0.0712,2.8
6.444,-0.0098,0.0045,-0.0015,0.006,2.9
6.445,-0.0098,-0.003,-0.003,0.0082,2.8
6.446,-0.0091,-0.0053,-0.0015,0.003,3.0
6.447,-0.0105,-0.0023,-0.0008,0.0255,2.8
6.448,-0.0075,-0.0023,-0.0023,0.0502,3.0
6.449,-0.006,-0.0091,-0.0023,-0.0091,2.7
6.45,-0.003,-0.0158,0.0,0.03,2.9
6.451,0.0007,-0.0195,0.0022,0.0307,2.6
6.452,0.003,-0.0195,0.0015,0.0292,2.9
6.453,0.0037,-0.0173,0.0015,0.0487,2.6
6.454,0.0052,-0.0143,-0.0008,0.0457,2.6
6.455,0.0075,-0.0158,-0.0015,0.03,2.9
6.456,0.009,-0.0105,0.0007,0.0142,2.7
6.457,0.0082,-0.0015,-0.0038,0.0262,2.9
6.458,0.009,-0.0008,-0.0098,-0.003,2.6
6.459,0.0075,-0.0046,-0.0091,0.0045,2.8
6.46,0.0105,-0.0158,-0.006,0.0712,2.8
6.461,0.0112,-0.0346,-0.003,0.0757,2.7
6.462,0.0112,-0.0315,-0.0068,0.054,2.7
6.463,0.0127,-0.0046,-0.0091,-0.0165,2.7
6.464,0.012,0.006,-0.0023,-0.0555,2.8
6.465,0.0157,-0.003,-0.006,0.069,2.6
6.466,0.0157,-0.012,-0.0105,0.1132,2.9
6.467,0.0157,-0.0158,-0.0105,0.0315,2.6
6.468,0.0165,-0.012,-0.0128,0.012,2.7
6.469,0.0142,0.006,-0.0098,-0.1058,2.6
6.47,0.012,0.0195,0.0015,-0.4163,2.8
6.471,0.012,0.0285,0.009,-0.2828,2.6
6.472,0.009,0.0195,0.0067,0.0765,2.8
6.473,0.0045,0.0045,-0.0008,0.0292,2.9
6.474,0.0007,0.0015,-0.0075,0.084,2.8
6.475,-0.0008,-0.003,-0.012,0.0442,2.6
6.476,0.0015,0.0007,-0.0203,-0.0383,2.7
6.477,0.0007,-0.0038,-0.024,-0.0105,2.8
6.478,0.0015,-0.0083,-0.0225,-0.0593,2.8
6.479,0.003,-0.0098,-0.0195,0.0495,2.7
6.48,0.0045,-0.0203,-0.0158,0.0517,2.7
6.481,0.0045,-0.0143,-0.0128,-0.0091,2.6
6.482,0.0052,0.0105,-0.0083,-0.0863,2.8
6.483,0.0105,0.0195,-0.0046,-0.0885,2.6
6.484,0.0105,0.0112,-0.0098,0.0427,2.9
6.485,0.0127,0.0142,-0.0105,0.1245,2.7
6.486,0.0127,0.0105,-0.0083,0.1935,3.0
6.487,0.012,-0.0046,-0.0091,0.1695,2.7
6.488,0.0105,-0.0128,-0.0053,0.057,3.0
6.489,0.0105,-0.0143,-0.003,-0.1883,2.7
6.49,0.0135,0.0037,0.0,-0.3983,2.8
6.491,0.0127,0.0195,0.0015,-0.3203,2.7
6.492,0.012,0.0112,0.0022,-0.045,2.9
6.493,0.0105,0.006,0.0037,0.12,2.9
6.494,0.0105,0.0082,0.003,0.0165,2.9
6.495,0.0097,0.0127,0.0067,-0.1043,2.8
6.496,0.0097,0.009,0.0037,-0.0638,2.8
6.497,0.0082,-0.003,0.0015,0.024,3.0
6.498,0.0045,-0.0068,0.0,0.012,2.8
6.499,0.0045,-0.0128,0.0,0.0157,2.9
6.5,0.0022,-0.015,0.0015,0.0255,2.8
6.501,0.0007,-0.012,-0.0008,0.0255,2.7
6.502,0.0,-0.0083,-0.0046,0.084,3.0
6.503,-0.0008,-0.0068,-0.0046,0.123,2.8
6.504,-0.0008,-0.0143,-0.0046,0.1117,3.0
6.505,-0.0015,-0.0248,-0.0046,0.057,2.7
6.506,-0.0015,-0.0293,-0.0046,0.0765,2.9
6.507,-0.0008,-0.0203,-0.0008,0.0922,2.9
6.508,0.0007,-0.0075,0.0015,0.0765,3.0
6.509,0.0007,0.0067,0.003,0.021,3.1
6.51,0.003,0.0165,0.0045,-0.0615,2.7
6.511,0.0045,0.0195,0.0045,-0.0353,3.0
6.512,0.003,0.0247,0.009,-0.0443,2.6
6.513,0.003,0.027,0.0142,0.0465,3.0
6.514,0.0045,0.0052,0.009,0.18,2.9
6.515,0.0045,-0.0181,0.0037,0.0937,3.0
6.516,0.0045,-0.0173,-0.003,0.0465,2.8
6.517,0.0052,-0.0181,-0.0068,0.0547,2.9
6.518,0.0052,-0.021,-0.006,-0.0555,2.6
6.519,0.0045,-0.0181,-0.0068,-0.135,3.0
6.52,0.0037,-0.0128,-0.0008,-0.0443,3.0
6.521,0.0037,-0.0053,0.0022,0.0202,2.9
6.522,0.0037,0.0015,0.0045,-0.0518,3.0
6.523,-0.0008,0.003,0.0105,-0.162,3.0
6.524,-0.003,-0.0091,0.009,-0.1605,2.9
6.525,-0.0046,-0.0128,0.0067,-0.015,3.0
6.526,-0.0068,-0.0046,0.003,0.0442,3.1
6.527,-0.0068,-0.003,-0.0008,0.0675,3.0
6.528,-0.0068,-0.0008,-0.0046,0.0285,3.0
6.529,-0.0068,0.0052,-0.0046,-0.0195,3.1
6.53,-0.0053,0.0097,-0.003,-0.042,2.9
6.531,-0.0046,0.009,-0.0008,-0.063,3.1
6.532,-0.0053,0.0052,0.003,-0.0135,2.9
6.533,-0.0083,0.0052,0.0022,-0.003,3.0
6.534,-0.0105,0.0052,0.0015,0.0157,3.0
6.535,-0.0143,0.0052,-0.0008,0.0217,3.1
6.536,-0.0158,0.0067,-0.003,0.0187,2.8
6.537,-0.0181,0.009,-0.0023,0.0232,3.1
6.538,-0.0173,0.009,0.0007,0.0142,3.0
6.539,-0.0135,0.0052,0.0022,0.0292,3.1
6.54,-0.0128,0.003,0.0037,0.0255,3.1
6.541,-0.0105,0.0052,0.0052,0.0195,3.0
6.542,-0.0091,0.0097,0.0052,0.006,3.0
6.543,-0.0075,0.0105,0.0067,0.0052,3.0
6.544,-0.0068,0.003,0.0075,0.0067,2.9
6.545,-0.0068,0.0007,0.0075,-0.0015,3.0
6.546,-0.0046,-0.0023,0.006,0.0015,3.0
6.547,-0.0053,-0.0023,0.0067,-0.0046,3.1
6.548,-0.0068,0.0015,0.0067,-0.0105,2.8
6.549,-0.0083,0.003,0.0045,-0.0188,3.2
6.55,-0.0105,0.0037,0.0015,-0.0218,2.9
6.551,-0.0128,0.0015,0.0015,-0.024,3.0
6.552,-0.012,0.003,0.0037,-0.0293,2.9
6.553,-0.0105,0.0015,0.0007,-0.0323,3.1
6.554,-0.0098,0.0015,0.0015,-0.0368,3.0
6.555,-0.0068,0.0015,-0.0008,-0.0293,3.2
6.556,-0.0038,-0.003,-0.0023,-0.0315,3.0
6.557,-0.0008,-0.0053,-0.0015,-0.0308,3.0
6.558,0.0007,-0.0083,-0.003,0.0015,3.1
6.559,0.0015,-0.0105,-0.003,0.0315,2.9
6.56,0.0015,-0.0165,-0.0015,0.0082,3.0
6.561,0.0007,-0.0143,0.0015,-0.0083,3.0
6.562,-0.0008,-0.0083,0.003,0.012,3.1
6.563,-0.0015,-0.003,0.0045,0.006,3.0
6.564,0.0022,0.0037,0.0037,0.0202,3.1
6.565,0.009,-0.0015,0.003,0.0637,3.2
6.566,0.0165,-0.0158,0.006,0.078,3.1
6.567,0.021,-0.0128,0.006,0.0232,3.0
6.568,0.0217,0.0022,0.009,-0.0105,2.8
6.569,0.024,0.0112,0.009,0.0135,3.2
6.57,0.024,0.0127,0.0067,0.0105,2.9
6.571,0.0225,0.009,0.0037,0.0277,3.0
6.572,0.0195,0.009,0.0007,0.0165,3.0
6.573,0.0165,0.009,0.0037,0.0007,3.0
6.574,0.0142,0.0067,0.0045,0.009,3.0
6.575,0.009,0.0045,0.0045,-0.0083,3.0
6.576,0.0067,0.0007,0.0052,-0.0053,3.2
6.577,0.009,0.0045,0.0045,-0.0105,2.8
6.578,0.012,0.0037,0.0045,-0.0068,3.1
6.579,0.012,0.0045,0.0037,-0.0105,2.9
6.58,0.009,0.0045,0.0007,-0.024,3.1
6.581,0.0112,0.0015,-0.0008,-0.0218,3.0
6.582,0.0142,0.0045,-0.0015,-0.0233,3.0
6.583,0.018,0.006,-0.0046,-0.0195,3.1
6.584,0.018,0.0067,-0.0046,-0.0203,3.1
6.585,0.0165,0.0067,-0.003,-0.015,3.1
6.586,0.0157,0.0105,-0.003,-0.0091,3.0
6.587,0.0127,0.012,-0.0038,-0.0075,3.1
6.588,0.012,0.0105,-0.0046,-0.0075,3.0
6.589,0.0052,0.0082,-0.0038,-0.0181,3.1
6.59,0.0015,0.0082,-0.0008,-0.021,3.0
6.591,-0.0023,0.0082,0.0007,-0.021,2.9
6.592,-0.0068,0.0067,-0.0008,-0.0203,3.2
6.593,-0.0091,0.006,-0.0008,-0.0195,3.0
6.594,-0.0091,0.0045,0.0015,-0.012,3.1
6.595,-0.012,0.0052,0.0015,-0.0023,3.0
6.596,-0.0158,0.0022,0.0007,0.0067,3.1
6.597,-0.0165,0.0007,0.0015,0.0157,2.9
6.598,-0.0143,0.0015,0.0052,0.0127,3.2
6.599,-0.0091,0.0015,0.0067,0.0127,3.0
6.6,-0.0083,0.0015,0.0045,0.0105,3.1
6.601,-0.0091,0.0007,0.0,0.0067,3.2
6.602,-0.0083,0.0007,-0.0008,0.0097,2.9
6.603,-0.0083,0.0007,-0.0008,0.0105,3.0
6.604,-0.0091,-0.0008,0.0007,0.0142,3.1
6.605,-0.012,-0.0008,0.0007,0.0165,3.0
6.606,-0.0158,0.0007,-0.0015,0.0202,3.1
6.607,-0.021,-0.0008,-0.0015,0.0232,3.1
6.608,-0.0263,-0.0015,0.0,0.0202,3.1
6.609,-0.0293,-0.0015,-0.0015,0.018,3.0
6.61,-0.0203,-0.0038,-0.0046,0.015,3.1
6.611,-0.0008,-0.0053,-0.0046,0.0142,3.1
6.612,0.015,-0.0075,-0.0023,0.009,3.2
6.613,0.0277,-0.0105,-0.0015,-0.0015,3.0
6.614,0.039,-0.0105,-0.003,-0.0023,3.2
6.615,0.0615,-0.012,-0.003,0.0,3.0
6.616,0.0945,-0.0128,-0.0053,0.0,3.2
6.617,0.1245,-0.015,-0.0068,0.0,3.0
6.618,0.1522,-0.0158,-0.0038,-0.0023,3.1
6.619,0.1702,-0.0181,-0.0008,-0.0038,3.0
6.62,0.18,-0.0188,-0.003,-0.0046,3.1
6.621,0.189,-0.0195,-0.003,-0.003,3.1
6.622,0.207,-0.0188,-0.0038,-0.0008,3.1
6.623,0.234,-0.0173,-0.0015,-0.0008,3.2
6.624,0.2497,-0.0181,0.0015,-0.0015,3.1
6.625,0.225,-0.0173,0.0,-0.0038,3.2
6.626,0.1462,-0.0158,0.0007,-0.0068,3.1
6.627,0.0555,-0.0105,0.0007,-0.0098,3.1
6.628,-0.0083,-0.0091,-0.0008,-0.0091,3.2
6.629,-0.0548,-0.0068,0.0022,-0.0068,3.1
6.63,-0.0856,-0.0046,0.003,-0.012,3.2
6.631,-0.105,-0.003,0.003,-0.0158,3.0
6.632,-0.1148,-0.0023,0.0015,-0.015,3.3
6.633,-0.1133,-0.0015,0.0007,-0.0135,3.1
6.634,-0.1155,0.0007,0.0015,-0.0128,3.3
6.635,-0.12,0.0007,0.0022,-0.0113,3.2
6.636,-0.123,0.0,0.0015,-0.0083,3.2
6.637,-0.1193,0.0,0.0015,-0.0068,3.2
6.638,-0.1125,0.0022,0.003,-0.0023,3.2
6.639,-0.1065,0.0045,0.003,0.0,3.3
6.64,-0.093,0.0022,0.0007,0.0015,3.1
6.641,-0.0803,0.003,0.0015,0.006,3.3
6.642,-0.0683,0.0045,0.0007,0.0067,3.1
6.643,-0.0578,0.0052,-0.0015,0.0045,3.2
6.644,-0.0503,0.0052,0.0007,0.0052,3.3
6.645,-0.0473,0.0045,0.0015,0.0097,3.3
6.646,-0.0458,0.0045,0.0022,0.012,3.4
6.647,-0.0428,0.0045,0.0,0.0142,3.3
6.648,-0.0375,0.0037,0.0,0.015,3.5
6.649,-0.0308,0.0045,0.0007,0.0172,3.3
6.65,-0.027,0.0052,-0.0008,0.018,3.5
6.651,-0.0263,0.0067,-0.0008,0.0172,3.4
6.652,-0.0248,0.0067,-0.0008,0.018,3.5
6.653,-0.0195,0.0075,0.0,0.0157,3.5
6.654,-0.0233,0.0052,-0.0023,0.0157,3.4
6.655,-0.0308,0.0037,-0.0053,0.0165,3.5
6.656,-0.0203,0.0052,-0.0023,0.0157,3.3
6.657,-0.012,0.0052,0.0,0.0165,3.6
6.658,-0.0083,0.0045,0.0007,0.0165,3.5
6.659,-0.0038,0.0022,-0.0008,0.0157,3.6
6.66,0.0015,0.0007,0.0007,0.0142,3.5
6.661,0.0142,0.0015,0.0,0.0105,3.6
6.662,0.0217,0.0007,0.0007,0.0082,3.6
6.663,0.0067,0.0015,0.0,0.0052,3.6
6.664,0.0015,-0.0008,0.0007,0.0015,3.6
6.665,0.0127,-0.0015,0.003,0.0015,3.6
6.666,0.012,-0.003,0.0022,0.0037,3.7
6.667,0.0105,-0.003,0.0007,0.0015,3.7
6.668,0.009,-0.0038,-0.0008,0.0,3.6
6.669,0.006,-0.0046,0.0,-0.0046,3.8
6.67,0.0052,-0.0046,0.003,-0.0068,3.7
6.671,-0.0008,-0.006,0.0022,-0.0113,3.9
6.672,-0.0046,-0.0053,0.0022,-0.0173,3.8
6.673,-0.0098,-0.0053,0.003,-0.0203,4.0
6.674,-0.0128,-0.006,0.0037,-0.021,3.8
6.675,-0.0158,-0.0053,0.0022,-0.0233,3.9
6.676,-0.0165,-0.0068,0.0037,-0.0278,3.8
6.677,-0.0181,-0.0068,0.003,-0.033,3.8
6.678,-0.0173,-0.0075,0.0022,-0.0375,3.9
6.679,-0.0158,-0.006,0.0007,-0.0368,3.9
6.68,-0.0158,-0.0046,-0.0008,-0.0383,4.0
6.681,-0.0165,-0.0053,-0.0008,-0.039,4.0
6.682,-0.0195,-0.0046,-0.0023,-0.039,4.1
6.683,-0.0218,-0.0046,-0.0046,-0.0383,4.1
6.684,-0.0218,-0.0038,-0.0046,-0.033,4.1
6.685,-0.0256,-0.0023,-0.0038,-0.0308,4.0
6.686,-0.0263,-0.0023,-0.0038,-0.027,4.1
6.687,-0.0293,-0.0008,-0.0046,-0.0256,4.2
6.688,-0.033,-0.0008,-0.003,-0.0263,4.1
6.689,-0.0315,0.0,-0.0015,-0.024,4.3
6.69,-0.0278,0.003,-0.0008,-0.0233,4.2
6.691,-0.021,0.003,0.0,-0.0158,4.4
6.692,-0.0165,0.0022,0.0007,-0.0046,4.2
6.693,-0.0098,0.0045,0.0007,0.0082,4.5
6.694,0.0,0.0052,-0.0008,0.0195,4.2
6.695,0.0082,0.0067,-0.0038,0.027,4.6
6.696,0.009,0.0067,-0.003,0.0322,4.3
6.697,0.0082,0.0052,0.0,0.0345,4.5
6.698,0.0082,0.0052,-0.0008,0.0352,4.5
6.699,0.009,0.0052,-0.0015,0.036,4.7
6.7,0.0105,0.0075,-0.0008,0.0367,4.5
6.701,0.0067,0.0082,0.0,0.0405,4.6
6.702,0.006,0.009,0.0007,0.0412,4.7
6.703,0.009,0.0097,-0.0008,0.0405,4.7
6.704,0.0082,0.009,-0.0038,0.039,4.9
6.705,0.0075,0.0075,-0.0046,0.0367,4.8
6.706,0.009,0.0052,-0.0023,0.0382,4.8
6.707,0.009,0.0052,0.0007,0.0382,4.8
6.708,0.0067,0.0052,0.0007,0.0367,4.9
6.709,0.003,0.0052,0.0007,0.0345,4.9
6.71,0.0,0.0052,0.003,0.0285,4.9
6.711,0.0007,0.0045,0.0007,0.0217,4.9
6.712,-0.0008,0.0022,0.0,0.0127,4.9
6.713,-0.0008,0.0015,0.0022,0.012,5.2
6.714,0.0007,0.0007,0.0045,0.009,5.0
6.715,0.0082,-0.003,0.0045,0.0052,5.1
6.716,0.015,-0.003,0.0045,0.0045,5.2
6.717,0.0105,-0.0053,0.003,0.0045,5.2
6.718,0.0045,-0.006,0.0015,0.0052,5.3
6.719,0.0067,-0.0053,0.0,0.003,5.3
6.72,0.0112,-0.0053,-0.0008,0.0007,5.4
6.721,0.0112,-0.0053,0.0015,0.003,5.2
6.722,0.0127,-0.0053,0.0022,-0.003,5.6
6.723,0.0142,-0.0046,0.003,-0.0083,5.5
6.724,0.0157,-0.0053,0.0037,-0.0053,5.5
6.725,0.018,-0.0053,0.0037,0.0052,5.7
6.726,0.0135,-0.0053,0.0007,0.0157,5.7
6.727,0.0052,-0.0083,-0.0015,0.0225,5.8
6.728,0.003,-0.0075,-0.0008,0.027,5.7
6.729,0.0015,-0.0083,-0.003,0.0262,5.9
6.73,-0.0008,-0.0091,-0.003,0.0232,5.9
6.731,-0.0008,-0.0091,-0.0053,0.021,6.0
6.732,-0.0046,-0.0091,-0.006,0.0142,5.9
6.733,-0.003,-0.0075,-0.0038,0.0075,6.1
6.734,-0.0008,-0.0068,-0.0038,0.0007,6.1
6.735,0.0015,-0.0068,-0.0023,-0.0083,6.0
6.736,0.0037,-0.0068,-0.0015,-0.012,6.4
6.737,0.0067,-0.0083,-0.0008,-0.0203,6.2
6.738,0.0097,-0.0083,-0.003,-0.027,6.5
6.739,0.009,-0.0091,-0.0015,-0.033,6.3
6.74,0.009,-0.0083,0.0,-0.0346,6.5
6.741,0.009,-0.0083,0.0,-0.0308,6.4
6.742,0.0105,-0.0091,0.0015,-0.033,6.7
6.743,0.0157,-0.006,-0.0008,-0.039,6.7
6.744,0.027,-0.003,-0.0008,-0.042,6.7
6.745,0.039,-0.0053,0.0007,-0.042,6.9
6.746,0.039,-0.0038,-0.0008,-0.0398,6.7
6.747,0.0382,-0.003,0.0007,-0.045,6.9
6.748,0.036,-0.003,0.0015,-0.057,7.1
6.749,0.018,0.0,0.003,-0.066,7.1
6.75,0.0007,-0.0008,0.0015,-0.0743,7.2
6.751,-0.0083,0.0022,0.0015,-0.0765,7.2
6.752,-0.0143,0.0052,0.003,-0.0735,7.3
6.753,-0.0128,0.009,0.003,-0.0758,7.2
6.754,-0.0083,0.012,0.0007,-0.0758,7.6
6.755,-0.0046,0.0142,0.0,-0.0721,7.4
6.756,0.003,0.0135,-0.0008,-0.0653,7.8
6.757,0.0127,0.012,-0.0015,-0.0585,7.6
6.758,0.0217,0.012,-0.0015,-0.0533,7.9
6.759,0.0217,0.0112,0.0007,-0.0458,7.7
6.76,0.0195,0.012,0.0,-0.039,7.9
6.761,0.0202,0.0127,-0.0008,-0.0315,8.0
6.762,0.018,0.012,-0.0015,-0.027,8.1
6.763,0.015,0.0127,-0.0023,-0.0203,8.0
6.764,0.018,0.0157,-0.0023,-0.012,8.1
6.765,0.0195,0.0157,0.0,-0.0053,8.1
6.766,0.027,0.0142,0.0007,-0.0008,8.3
6.767,0.0367,0.0127,0.0015,0.003,8.4
6.768,0.0427,0.0075,0.0022,0.0067,8.5
6.769,0.0405,0.006,0.003,0.0075,8.6
6.77,0.0322,0.0045,0.003,0.0105,8.7
6.771,0.0292,-0.0015,0.003,0.0142,8.8
6.772,0.0232,-0.006,0.0045,0.0157,9.0
6.773,0.0142,-0.0068,0.0067,0.0195,8.9
6.774,0.0045,-0.006,0.0052,0.0217,9.1
6.775,0.0007,-0.0075,0.0022,0.0232,9.2
6.776,0.0045,-0.0091,0.0045,0.0217,9.3
6.777,0.0045,-0.0128,0.0067,0.0202,9.5
6.778,0.003,-0.0135,0.0052,0.0217,9.5
6.779,-0.0046,-0.0105,0.0045,0.0202,9.6
6.78,-0.0105,-0.0091,0.0037,0.0202,9.9
6.781,-0.012,-0.0083,0.003,0.0172,9.9
6.782,-0.0143,-0.0098,0.003,0.0142,10.1
6.783,-0.0158,-0.0091,0.0015,0.0157,10.2
6.784,-0.0188,-0.003,0.0007,0.0157,10.2
6.785,-0.0195,-0.003,-0.0015,0.0157,10.4
6.786,-0.0158,-0.0038,0.0007,0.0165,10.7
6.787,-0.0113,-0.0053,0.0007,0.0127,10.7
6.788,-0.0091,-0.0053,-0.0015,0.0105,10.9
6.789,-0.0068,-0.0046,-0.0008,0.012,10.9
6.79,-0.0038,-0.0015,-0.003,0.009,11.2
6.791,-0.0046,0.003,-0.0046,0.0105,11.2
6.792,-0.0068,0.0067,-0.003,0.0285,11.6
6.793,-0.0068,0.0022,-0.0053,0.0427,11.4
6.794,-0.0083,-0.003,-0.0046,0.0165,11.8
6.795,-0.0075,-0.0053,-0.0038,-0.003,11.6
6.796,-0.0098,-0.0068,-0.0068,0.009,11.8
6.797,-0.0113,-0.0068,-0.0083,0.0067,12.0
6.798,-0.0105,-0.0023,-0.0091,0.0082,12.2
6.799,-0.0113,0.0022,-0.0091,0.0135,12.4
6.8,-0.0113,0.003,-0.0098,0.018,12.5
6.801,-0.0091,0.0015,-0.0098,0.0307,12.7
6.802,-0.0075,-0.0008,-0.0053,0.0337,12.7
6.803,-0.006,0.0015,-0.0068,0.0375,12.9
6.804,-0.0075,0.0067,-0.0075,0.0345,13.0
6.805,-0.0083,0.009,-0.006,0.0292,13.1
6.806,0.0007,0.0097,-0.0083,0.0195,13.4
6.807,0.0082,0.0022,-0.012,0.0015,13.4
6.808,0.0082,0.0007,-0.0135,-0.015,13.9
6.809,0.0007,0.0045,-0.0158,-0.0353,13.7
6.81,-0.012,0.0142,-0.0158,-0.0525,14.1
6.811,-0.0203,0.0172,-0.0181,-0.0623,14.0
6.812,-0.0203,0.0015,-0.0233,-0.063,14.2
6.813,-0.0181,-0.0015,-0.0293,-0.0585,14.4
6.814,-0.0113,0.0037,-0.0346,-0.0518,14.7
6.815,-0.0046,0.0022,-0.0361,-0.0458,15.0
6.816,0.0,0.0075,-0.0405,-0.0413,15.0
6.817,0.0022,0.012,-0.0405,-0.0398,15.3
6.818,0.0052,0.0165,-0.042,-0.039,15.3
6.819,0.0105,0.0195,-0.042,-0.0346,15.7
6.82,0.0082,0.018,-0.033,-0.0023,15.7
6.821,0.0105,0.0135,-0.0173,0.0345,16.1
6.822,0.0165,0.0082,-0.0015,0.0135,16.1
6.823,0.0217,0.009,0.009,-0.0083,16.4
6.824,0.0255,0.006,0.021,0.0127,16.6
6.825,0.0285,0.0022,0.0307,0.0165,16.7
6.826,0.0352,-0.0038,0.0382,0.0247,16.9
6.827,0.0367,-0.0091,0.0442,0.03,17.2
6.828,0.0345,-0.0083,0.0457,0.0307,17.3
6.829,0.0285,-0.0015,0.0465,0.0457,17.5
6.83,0.0202,0.0075,0.048,0.0457,17.7
6.831,0.0105,0.0112,0.0495,0.0495,18.0
6.832,-0.0008,0.009,0.0442,0.0547,18.0
6.833,-0.0083,0.0015,0.0427,0.063,18.5
6.834,-0.012,-0.0023,0.0427,0.063,18.4
6.835,-0.0105,-0.0075,0.0375,0.063,18.9
6.836,-0.0068,-0.0135,0.0337,0.0697,18.9
6.837,-0.0008,-0.0233,0.0337,0.066,19.3
6.838,0.0067,-0.0293,0.0292,0.0682,19.3
6.839,0.0157,-0.03,0.0247,0.0622,19.8
6.84,0.027,-0.0353,0.021,0.054,19.8
6.841,0.0345,-0.0413,0.0157,0.0555,20.2
6.842,0.0427,-0.0428,0.0142,0.0592,20.2
6.843,0.0547,-0.0368,0.0127,0.0697,20.5
6.844,0.0615,-0.027,0.009,0.075,20.7
6.845,0.0645,-0.0128,0.0052,0.0765,20.8
6.846,0.0675,0.0007,0.0037,0.075,21.1
6.847,0.0592,0.0127,0.0015,0.0667,21.4
6.848,0.048,0.0255,0.0007,0.0562,21.6
6.849,0.0397,0.0315,0.0007,0.0487,21.7
6.85,0.0307,0.0337,-0.0008,0.0487,21.9
6.851,0.024,0.033,-0.0113,0.0607,22.2
6.852,0.0165,0.039,-0.048,0.0667,22.2
6.853,0.0052,0.0547,-0.1058,0.054,22.7
6.854,-0.0091,0.069,-0.1088,0.0292,22.7
6.855,-0.0315,0.0705,-0.0218,0.0052,23.3
6.856,-0.0615,0.0705,0.0705,-0.0053,23.3
6.857,-0.0893,0.0757,0.084,-0.0128,23.7
6.858,-0.1088,0.0727,0.0315,-0.0203,23.7
6.859,-0.1208,0.0637,-0.015,-0.0368,24.1
6.86,-0.1245,0.0517,-0.0458,-0.063,24.4
6.861,-0.1275,0.0322,-0.0691,-0.0698,24.5
6.862,-0.1298,0.012,-0.0503,-0.0675,24.7
6.863,-0.1335,-0.0068,-0.0083,-0.0668,25.0
6.864,-0.1335,-0.0263,0.0465,-0.063,25.3
6.865,-0.1268,-0.0443,0.0877,-0.0691,25.4
6.866,-0.12,-0.0578,0.078,-0.0765,25.8
6.867,-0.1088,-0.0691,0.0337,-0.0788,26.1
6.868,-0.0975,-0.084,-0.024,-0.078,26.1
6.869,-0.0833,-0.0938,-0.0653,-0.0765,26.6
6.87,-0.0706,-0.0953,-0.0368,-0.0863,26.7
6.871,-0.0608,-0.1006,0.0052,-0.0975,27.1
6.872,-0.0495,-0.0975,-0.0128,-0.1043,27.3
6.873,-0.0361,-0.0915,-0.048,-0.1021,27.6
6.874,-0.021,-0.0893,-0.0743,-0.0968,27.7
6.875,0.0,-0.084,-0.0443,-0.0938,28.3
6.876,0.0345,-0.078,0.0112,-0.0871,28.3
6.877,0.0532,-0.0728,0.0442,-0.078,28.6
6.878,0.0682,-0.0653,0.054,-0.0668,29.0
6.879,0.099,-0.0548,0.0202,-0.0563,29.2
6.88,0.1147,-0.045,-0.0173,-0.0473,29.6
6.881,0.1215,-0.033,-0.048,-0.0383,29.7
6.882,0.1155,-0.0256,-0.0593,-0.0188,30.0
6.883,0.0915,-0.0233,-0.0488,0.0007,30.2
6.884,0.0645,-0.0173,-0.0256,0.0127,30.6
6.885,0.0435,-0.015,0.0007,0.018,30.7
6.886,0.0307,-0.0203,0.0202,0.0142,31.0
6.887,0.021,-0.024,0.0367,0.006,31.3
6.888,0.0195,-0.0263,0.0382,-0.0023,31.5
6.889,0.0142,-0.027,0.0367,-0.0105,31.8
6.89,0.0135,-0.0188,0.0315,-0.0083,31.9
6.891,0.027,-0.0046,0.0247,0.0052,32.4
6.892,0.048,0.0105,0.0247,0.0187,32.4
6.893,0.0555,0.0232,0.0277,0.0255,32.7
6.894,0.0292,0.0337,0.03,0.03,32.8
6.895,-0.0008,0.0427,0.033,0.0322,33.0
6.896,0.0,0.0502,0.0367,0.033,33.3
6.897,0.0247,0.0555,0.0367,0.0345,33.5
6.898,0.063,0.0577,0.0375,0.0345,33.7
6.899,0.1117,0.0577,0.033,0.0382,33.9
6.9,0.1635,0.0577,0.0285,0.0412,34.3
6.901,0.2025,0.0562,0.0255,0.0375,34.3
6.902,0.2152,0.0555,0.0195,0.0315,34.7
6.903,0.2047,0.054,0.012,0.0195,34.8
6.904,0.1837,0.051,0.0045,0.0105,35.1
6.905,0.153,0.0457,-0.003,0.0142,35.3
6.906,0.1192,0.039,-0.0128,0.0232,35.3
6.907,0.0885,0.0367,-0.0225,0.0285,35.7
6.908,0.054,0.039,-0.03,0.039,35.9
6.909,0.0255,0.0382,-0.0398,0.0682,35.9
6.91,0.0067,0.0292,-0.0458,0.1072,36.3
6.911,0.0007,0.0195,-0.054,0.0892,36.4
6.912,0.0052,0.0157,-0.0638,0.0495,36.7
6.913,0.0142,0.0142,-0.0683,0.0502,36.9
6.914,0.027,0.0127,-0.0765,0.0405,37.0
6.915,0.033,0.0105,-0.0713,0.033,37.1
6.916,0.0322,0.0082,-0.0488,0.0352,37.4
6.917,0.0247,0.0067,-0.0165,0.0292,37.5
6.918,0.0105,0.009,0.0135,0.0367,38.1
6.919,-0.0091,0.0105,0.0405,0.0352,38.0
6.92,-0.033,0.0075,0.0667,0.039,38.4
6.921,-0.0563,0.0007,0.0787,0.0405,38.3
6.922,-0.0743,-0.003,0.0825,0.0322,38.6
6.923,-0.0878,-0.0046,0.0787,0.0285,38.8
6.924,-0.1043,-0.0046,0.0742,0.0217,39.1
6.925,-0.114,-0.0053,0.0727,0.0165,39.1
6.926,-0.123,-0.0038,0.06,0.0067,39.3
6.927,-0.1328,-0.0038,0.042,-0.0083,39.6
6.928,-0.1388,-0.0053,0.0217,-0.0308,39.8
6.929,-0.1441,-0.0068,0.0007,-0.0511,39.8
6.93,-0.1463,-0.0068,-0.0165,-0.0653,40.1
6.931,-0.1485,-0.0053,-0.0315,-0.0743,40.2
6.932,-0.15,-0.0046,-0.0398,-0.075,40.5
6.933,-0.1515,-0.006,-0.0405,-0.0765,40.6
6.934,-0.1381,-0.0053,-0.0383,-0.0758,40.9
6.935,-0.1103,-0.006,-0.0338,-0.0758,40.8
6.936,-0.0975,-0.0068,-0.024,-0.0743,41.4
6.937,-0.0998,-0.0068,-0.0143,-0.0683,41.3
6.938,-0.093,-0.006,-0.0038,-0.0593,41.6
6.939,-0.0803,-0.0046,0.0015,-0.048,41.7
6.94,-0.0765,-0.0053,0.0052,-0.039,41.9
6.941,-0.0735,-0.0053,0.0082,-0.0315,42.1
6.942,-0.0706,-0.0038,0.0067,-0.024,42.3
6.943,-0.057,-0.0053,0.003,-0.0128,42.5
6.944,-0.0495,-0.0075,-0.0023,-0.0053,42.5
6.945,-0.0375,-0.0083,-0.006,-0.0015,42.9
6.946,-0.0165,-0.0075,-0.0105,0.0067,42.8
6.947,-0.0046,-0.0091,-0.0143,0.018,43.3
6.948,0.0052,-0.0083,-0.0181,0.0285,43.3
6.949,0.0202,-0.0075,-0.024,0.0367,43.2
6.95,0.0337,-0.0068,-0.0233,0.0427,43.5
6.951,0.0225,-0.003,-0.0218,0.0427,43.8
6.952,0.0105,0.0007,-0.0218,0.042,44.0
6.953,0.0045,0.003,-0.0218,0.048,44.1
6.954,-0.0015,0.0015,-0.0256,0.0592,44.5
6.955,0.009,0.003,-0.0248,0.069,44.2
6.956,0.0232,0.0037,-0.0293,0.078,44.6
6.957,0.0292,0.0015,-0.0346,0.0825,44.9
6.958,0.033,0.0015,-0.0338,0.078,45.0
6.959,0.0412,0.0,-0.0353,0.0727,45.3
6.96,0.0637,0.0,-0.0383,0.0742,45.4
6.961,0.0772,0.0007,-0.0383,0.0772,45.7
6.962,0.063,-0.0008,-0.0398,0.0817,45.8
6.963,0.0562,-0.0008,-0.0443,0.087,46.1
6.964,0.0615,0.0007,-0.0428,0.0892,46.2
6.965,0.0637,0.0007,-0.039,0.093,46.3
6.966,0.0397,0.0,-0.0368,0.1027,46.7
6.967,0.0015,-0.0008,-0.033,0.1177,46.8
6.968,-0.024,0.0,-0.027,0.1312,47.1
6.969,-0.0675,0.0007,-0.0233,0.1387,47.1
6.97,-0.0848,-0.0008,-0.0195,0.1522,47.6
6.971,-0.075,-0.0015,-0.0158,0.168,47.6
6.972,-0.0548,-0.0038,-0.012,0.1785,47.7
6.973,-0.0091,-0.0046,-0.0053,0.18,48.0
6.974,0.0255,-0.0053,0.0007,0.174,48.2
6.975,0.057,-0.0046,0.0067,0.1575,48.6
6.976,0.09,-0.003,0.0127,0.129,48.6
6.977,0.1185,-0.0023,0.0217,0.0727,48.9
6.978,0.129,-0.0015,0.0307,-0.0293,49.0
6.979,0.123,-0.0015,0.0367,-0.1726,49.3
6.98,0.12,0.0,0.0427,-0.3278,49.4
6.981,0.1147,0.0,0.0457,-0.4096,49.6
6.982,0.0997,-0.0008,0.0367,-0.3885,49.9
6.983,0.0705,-0.0015,0.0285,-0.3391,50.0
6.984,0.042,-0.003,0.027,-0.2978,50.2
6.985,0.0202,-0.0038,0.0292,-0.3481,50.4
6.986,0.0105,0.0,0.0352,-0.4725,50.6
6.987,0.003,-0.0008,0.0397,-0.5408,50.7
6.988,0.0037,-0.0008,0.0457,-0.6015,50.9
6.989,0.0105,0.0,0.0495,-0.6593,51.1
6.99,0.012,-0.0015,0.0502,-0.6668,51.4
6.991,0.0105,-0.0008,0.0517,-0.6428,51.6
6.992,0.0007,-0.0008,0.0502,-0.579,51.7
6.993,-0.0158,-0.0008,0.0472,-0.5108,52.2
6.994,-0.0368,-0.0008,0.0442,-0.474,52.2
6.995,-0.0533,-0.0046,0.0442,-0.4478,52.5
6.996,-0.0503,-0.0046,0.0427,-0.4043,52.5
6.997,-0.0405,-0.0053,0.0405,-0.3503,52.9
6.998,-0.0315,-0.0091,0.0405,-0.2933,53.0
6.999,-0.021,-0.0105,0.0352,-0.2108,53.5
7.0,-0.0203,-0.012,0.0292,-0.1298,53.6
7.001,-0.0188,-0.0143,0.0232,-0.0548,53.8
7.002,-0.0143,-0.0128,0.0195,0.0427,53.9
7.003,-0.0053,-0.012,0.0165,0.1462,54.1
7.004,0.0157,-0.0083,0.0105,0.2445,54.4
7.005,0.0367,-0.0068,0.0037,0.3285,54.4
7.006,0.06,-0.0046,-0.0008,0.3997,54.8
7.007,0.0667,-0.0023,-0.003,0.4567,54.9
7.008,0.0667,0.0,-0.0068,0.4822,55.0
7.009,0.0592,0.0015,-0.012,0.486,55.2
7.01,0.0277,0.0007,-0.0165,0.4837,55.3
7.011,-0.0173,0.0007,-0.024,0.474,55.4
7.012,-0.0533,0.0007,-0.0263,0.465,55.5
7.013,-0.0728,0.0007,-0.0323,0.456,55.8
7.014,-0.078,0.0022,-0.0405,0.4477,55.8
7.015,-0.0668,0.003,-0.0473,0.438,56.0
7.016,-0.0728,0.0045,-0.0555,0.4185,56.2
7.017,-0.0683,0.0045,-0.0653,0.3937,56.4
7.018,-0.0518,0.0067,-0.0743,0.3615,56.5
7.019,-0.0436,0.0067,-0.0818,0.327,56.8
7.02,-0.0248,0.0052,-0.0923,0.2932,56.6
7.021,-0.0128,0.0052,-0.1006,0.2595,57.1
7.022,-0.0068,0.0045,-0.1073,0.2295,57.1
7.023,-0.0015,0.0037,-0.117,0.2002,57.2
7.024,0.006,0.0037,-0.126,0.174,57.3
7.025,0.0202,0.003,-0.1335,0.1522,57.5
7.026,0.0375,0.0037,-0.1388,0.1335,57.4
7.027,0.063,0.0045,-0.1403,0.1155,57.7
7.028,0.0892,0.0045,-0.135,0.0997,57.6
7.029,0.1087,0.0052,-0.1125,0.0847,58.0
7.03,0.117,0.0045,-0.0653,0.0675,57.8
7.031,0.1147,0.0022,0.033,0.048,58.2
7.032,0.1072,0.0015,0.1897,0.0307,58.1
7.033,0.102,0.0007,0.3742,0.0165,58.5
7.034,0.096,-0.0015,0.6075,0.003,58.5
7.035,0.087,-0.003,0.8235,-0.0083,58.6
7.036,0.0817,-0.0008,0.9082,-0.0181,58.5
7.037,0.0817,-0.003,0.918,-0.027,58.5
7.038,0.0892,-0.0053,0.8482,-0.0346,58.6
7.039,0.0892,-0.0038,0.6772,-0.0413,58.7
7.04,0.09,-0.0038,0.486,-0.042,59.0
7.041,0.093,0.0,0.2932,-0.0405,58.9
7.042,0.0982,0.0007,0.1327,-0.0443,59.2
7.043,0.1072,-0.0008,-0.0113,-0.0495,59.0
7.044,0.111,-0.003,-0.1478,-0.0578,59.1
7.045,0.1125,-0.0046,-0.2693,-0.066,59.2
7.046,0.1057,-0.0053,-0.384,-0.0691,59.2
7.047,0.09,-0.0075,-0.4703,-0.0728,59.4
7.048,0.072,-0.0098,-0.525,-0.0758,59.2
7.049,0.0592,-0.0128,-0.5521,-0.0765,59.7
7.05,0.045,-0.0128,-0.5655,-0.0765,59.4
7.051,0.0307,-0.012,-0.5581,-0.0743,59.6
7.052,0.0112,-0.012,-0.534,-0.0683,59.7
7.053,-0.0083,-0.0113,-0.498,-0.0668,59.8
7.054,-0.0135,-0.0091,-0.462,-0.0638,59.9
7.055,-0.0083,-0.0075,-0.4418,-0.06,59.8
7.056,-0.0015,-0.0046,-0.4275,-0.0578,60.1
7.057,0.006,-0.0015,-0.3983,-0.0555,59.9
7.058,0.018,0.003,-0.3383,-0.0548,60.3
7.059,0.0255,0.0082,-0.2573,-0.054,60.0
7.06,0.027,0.012,-0.1748,-0.0533,60.3
7.061,0.0225,0.0165,-0.1043,-0.0518,60.2
7.062,0.0217,0.0202,-0.0533,-0.0503,60.2
7.063,0.027,0.0217,-0.0233,-0.0458,60.4
7.064,0.0345,0.0232,-0.0083,-0.0443,60.5
7.065,0.0375,0.0232,0.0015,-0.0428,60.6
7.066,0.0255,0.0232,0.012,-0.042,60.5
7.067,0.0127,0.0225,0.024,-0.0443,60.7
7.068,-0.0046,0.021,0.0352,-0.045,60.7
7.069,-0.0263,0.0217,0.0495,-0.0443,60.7
7.07,-0.042,0.0217,0.0607,-0.0428,60.7
7.071,-0.057,0.021,0.0727,-0.0428,60.8
7.072,-0.0555,0.0195,0.0802,-0.0443,60.8
7.073,-0.0518,0.018,0.084,-0.0443,60.9
7.074,-0.0511,0.0157,0.0907,-0.039,60.9
7.075,-0.0503,0.012,0.096,-0.0338,60.8
7.076,-0.06,0.0097,0.1005,-0.0308,61.0
7.077,-0.0878,0.0052,0.1005,-0.0278,60.9
7.078,-0.1178,0.0037,0.0952,-0.0233,61.1
7.079,-0.135,0.0015,0.09,-0.0218,61.0
7.08,-0.1448,-0.0008,0.0877,-0.0203,61.1
7.081,-0.1455,-0.0038,0.0855,-0.0195,61.0
7.082,-0.1125,-0.0083,0.0877,-0.024,60.9
7.083,-0.066,-0.0083,0.084,-0.024,61.1
7.084,-0.0315,-0.0098,0.075,-0.0233,61.0
7.085,-0.0203,-0.0128,0.0697,-0.024,61.0
7.086,-0.0533,-0.0135,0.0615,-0.0263,61.1
7.087,-0.0968,-0.0143,0.06,-0.0263,60.8
7.088,-0.132,-0.0135,0.0615,-0.0233,61.2
7.089,-0.1568,-0.0135,0.0645,-0.0165,60.9
7.09,-0.1455,-0.0143,0.069,-0.0098,61.1
7.091,-0.108,-0.015,0.0667,-0.0068,61.0
7.092,-0.0458,-0.0143,0.0592,-0.0046,61.1
7.093,0.054,-0.0158,0.0502,-0.0015,60.8
7.094,0.075,-0.0165,0.0442,0.0015,61.1
7.095,0.0067,-0.015,0.0412,0.0007,61.0
7.096,0.0225,-0.015,0.0495,0.0007,61.0
7.097,0.0082,-0.0128,0.069,0.0052,60.8
7.098,-0.0256,-0.0105,0.0952,0.0075,60.8
7.099,-0.0135,-0.0105,0.1267,0.0097,60.8
7.1,-0.0353,-0.0105,0.1575,0.0105,60.8
7.101,-0.0428,-0.0113,0.1807,0.015,60.7
7.102,-0.0525,-0.012,0.186,0.018,60.7
7.103,-0.0075,-0.012,0.1635,0.0202,60.5
7.104,0.0225,-0.0143,0.117,0.0195,60.6
7.105,0.0427,-0.0158,0.0472,0.0195,60.4
7.106,0.066,-0.0143,-0.027,0.0112,60.5
7.107,0.0697,-0.0135,-0.084,-0.0091,60.3
7.108,0.1162,-0.012,-0.1185,-0.0218,60.3
7.109,0.1575,-0.0113,-0.132,-0.0181,60.2
7.11,0.1447,-0.0068,-0.135,-0.0188,60.3
7.111,0.0435,-0.003,-0.129,-0.0278,60.0
7.112,-0.0615,-0.0038,-0.1223,-0.0315,60.2
7.113,-0.1193,-0.003,-0.1178,-0.033,59.8
7.114,-0.1418,-0.0053,-0.1073,-0.0293,59.8
7.115,-0.1748,-0.0068,-0.096,-0.027,59.8
7.116,-0.2235,-0.0083,-0.0825,-0.0256,59.5
7.117,-0.267,-0.012,-0.0706,-0.0165,59.4
7.118,-0.3195,-0.0165,-0.0593,-0.0128,59.4
7.119,-0.3368,-0.0218,-0.0465,-0.0053,59.2
7.12,-0.3503,-0.0278,-0.0353,-0.0015,59.1
7.121,-0.372,-0.0315,-0.024,0.0082,59.1
7.122,-0.3803,-0.0323,-0.0158,0.0172,58.9
7.123,-0.3788,-0.0346,-0.0038,0.0157,58.9
7.124,-0.3615,-0.0353,0.0097,0.0195,58.8
7.125,-0.3255,-0.0368,0.018,0.0202,58.5
7.126,-0.267,-0.0383,0.0232,0.0142,58.5
7.127,-0.1935,-0.0398,0.0262,0.0135,58.4
7.128,-0.0938,-0.0428,0.0277,0.0135,58.4
7.129,0.0052,-0.0443,0.0315,0.0105,58.0
7.13,0.0787,-0.0368,0.0367,0.009,58.0
7.131,0.1297,-0.0203,0.0367,0.0082,57.7
7.132,0.1717,0.0007,0.0292,0.0022,57.7
7.133,0.1995,0.0277,0.018,-0.0038,57.5
7.134,0.2137,0.0547,0.0052,-0.012,57.4
7.135,0.222,0.0787,-0.0068,-0.0225,57.1
7.136,0.2197,0.0975,-0.0181,-0.0346,56.9
7.137,0.2122,0.108,-0.0248,-0.0428,56.8
7.138,0.2002,0.1125,-0.024,-0.0436,56.6
7.139,0.186,0.111,-0.0128,-0.042,56.4
7.14,0.1777,0.1027,0.0052,-0.0413,56.3
7.141,0.1702,0.09,0.024,-0.039,56.3
7.142,0.1582,0.0787,0.0405,-0.0315,56.1
7.143,0.1365,0.069,0.0495,-0.0248,55.8
7.144,0.1147,0.0577,0.0532,-0.0203,55.8
7.145,0.1005,0.0465,0.054,-0.0143,55.4
7.146,0.0877,0.0345,0.054,-0.012,55.3
7.147,0.0705,0.024,0.0532,-0.0083,55.0
7.148,0.0495,0.0127,0.0525,-0.0068,54.9
7.149,0.036,0.0067,0.0577,-0.0038,54.8
7.15,0.0232,0.0037,0.0652,0.0015,54.7
7.151,0.0082,0.0037,0.0705,0.0015,54.4
7.152,-0.0008,0.0052,0.0712,0.0015,54.0
7.153,-0.0091,0.0067,0.0652,0.003,54.1
7.154,-0.0173,0.0022,0.0555,0.0075,53.8
7.155,-0.0218,-0.0038,0.0435,0.0142,53.7
7.156,-0.024,-0.0068,0.0352,0.0195,53.4
7.157,-0.0248,-0.0091,0.0315,0.024,53.3
7.158,-0.0278,-0.0113,0.0292,0.0285,52.9
7.159,-0.0256,-0.0135,0.0262,0.0262,52.9
7.16,-0.0181,-0.0173,0.0232,0.0255,52.7
7.161,-0.0038,-0.021,0.0157,0.0262,52.5
7.162,0.0172,-0.0233,0.0097,0.0277,52.4
7.163,0.0352,-0.0225,0.0045,0.0307,51.9
7.164,0.0495,-0.0278,0.0007,0.0307,51.9
7.165,0.0615,-0.0315,0.0015,0.0285,51.7
7.166,0.0802,-0.0308,0.0015,0.0247,51.5
7.167,0.096,-0.0293,0.0007,0.0165,51.4
7.168,0.108,-0.0293,0.0,0.0007,51.0
7.169,0.1162,-0.03,-0.0008,-0.0143,51.1
7.17,0.1267,-0.027,-0.0015,-0.0256,50.5
7.171,0.1342,-0.0308,-0.0068,-0.003,50.5
7.172,0.1297,-0.033,-0.0143,0.0427,50.0
7.173,0.123,-0.0315,-0.021,0.0472,50.1
7.174,0.1065,-0.0361,-0.0323,0.027,49.7
7.175,0.0832,-0.0413,-0.0458,0.048,49.7
7.176,0.0615,-0.045,-0.0555,0.0787,49.2
7.177,0.0465,-0.0465,-0.066,0.0637,49.2
7.178,0.0457,-0.0375,-0.0706,0.0615,49.0
7.179,0.0405,-0.0293,-0.0691,0.0952,48.7
7.18,0.0345,-0.0225,-0.0668,0.0352,48.5
7.181,0.0307,-0.012,-0.057,-0.165,48.2
7.182,0.0232,-0.012,-0.0443,-0.231,47.9
7.183,0.0277,-0.0195,-0.0353,-0.0968,47.8
7.184,0.0232,-0.0195,-0.0315,-0.0825,47.5
7.185,0.0202,-0.0218,-0.0225,-0.0683,47.3
7.186,0.0375,-0.0308,-0.0165,0.0195,47.2
7.187,0.0405,-0.0368,-0.0181,0.0427,46.9
7.188,0.0352,-0.0278,-0.0135,0.0712,46.5
7.189,0.0277,-0.0165,-0.0091,0.0922,46.4
7.19,0.021,-0.015,-0.0046,0.0637,46.2
7.191,0.0202,-0.0053,0.0015,0.0112,46.1
7.192,0.0195,-0.0068,0.0015,0.0217,45.8
7.193,0.0202,-0.012,-0.003,0.018,45.4
7.194,0.0307,-0.0158,-0.0046,0.0255,45.3
7.195,0.0367,-0.033,-0.0008,0.048,45.0
7.196,0.0375,-0.0278,0.0,0.051,44.8
7.197,0.0457,-0.0173,0.0,0.0532,44.5
7.198,0.0405,-0.0203,-0.003,0.018,44.4
7.199,0.0345,-0.0158,-0.0023,0.0502,44.1
7.2,0.027,-0.0053,-0.003,0.0727,43.9
7.201,0.027,0.006,-0.003,-0.0105,43.6
7.202,0.0367,0.0097,-0.003,-0.0675,43.3
7.203,0.0382,0.009,-0.0008,0.0225,43.2
7.204,0.042,0.0142,0.0045,0.0015,42.8
7.205,0.0352,0.0202,0.0105,-0.1088,42.7
7.206,0.0247,0.021,0.0195,-0.1328,42.2
7.207,0.0202,0.0225,0.0322,-0.1553,42.3
7.208,0.0165,0.03,0.0457,-0.0638,41.7
7.209,0.0105,0.0367,0.0487,-0.0083,41.8
7.21,-0.0038,0.033,0.0472,-0.0165,41.4
7.211,-0.0158,0.0262,0.0435,0.0082,41.3
7.212,-0.024,0.0217,0.036,-0.0023,40.9
7.213,-0.0315,0.015,0.0277,0.009,40.8
7.214,-0.0361,0.009,0.0157,0.0067,40.4
7.215,-0.039,-0.003,-0.0008,0.0045,40.2
7.216,-0.0353,-0.0181,-0.0181,0.0082,39.9
7.217,-0.0368,-0.0203,-0.0346,0.0015,39.5
7.218,-0.0405,-0.0068,-0.0503,0.006,39.4
7.219,-0.0585,0.0067,-0.063,0.0007,39.1
7.22,-0.0803,0.0157,-0.0593,0.0045,38.7
7.221,-0.0773,0.0255,-0.0503,0.003,38.6
7.222,-0.0653,0.048,-0.0578,0.003,38.2
7.223,-0.0533,0.0585,-0.0675,0.003,38.1
7.224,-0.0353,0.0345,-0.057,0.003,37.6
7.225,-0.0293,0.012,-0.039,0.0045,37.6
7.226,-0.0225,0.003,-0.0233,0.0075,37.1
7.227,-0.0218,-0.0091,-0.0128,0.0217,36.9
7.228,-0.0173,-0.0315,-0.0091,0.0382,36.8
7.229,-0.012,-0.0495,-0.0068,0.0502,36.3
7.23,-0.0128,-0.027,-0.0091,0.0607,36.2
7.231,-0.0143,-0.0053,-0.0083,0.057,35.9
7.232,-0.0188,0.0022,-0.0075,-0.0218,35.7
7.233,-0.0256,0.0067,-0.0046,-0.1215,35.1
7.234,-0.0338,-0.0038,-0.0015,-0.1155,35.2
7.235,-0.0465,-0.006,0.0,0.0217,34.8
7.236,-0.0518,-0.0113,0.0082,0.108,34.7
7.237,-0.0503,-0.0165,0.012,0.0817,34.5
7.238,-0.0503,-0.006,0.0165,0.0255,34.1
7.239,-0.0511,0.0127,0.0202,-0.1103,33.7
7.24,-0.0518,0.0112,0.024,-0.1711,33.6
7.241,-0.048,-0.0098,0.0217,-0.1523,33.2
7.242,-0.048,-0.0278,0.0165,-0.0346,33.0
7.243,-0.0458,-0.0585,0.0202,0.0577,32.8
7.244,-0.033,-0.0495,0.0255,0.093,32.6
7.245,-0.0218,-0.0015,0.027,0.261,32.3
7.246,-0.0128,0.0397,0.0255,0.1087,31.9
7.247,-0.0105,0.0802,0.0255,-0.1673,31.6
7.248,-0.0046,0.084,0.0255,-0.093,31.4
7.249,-0.0015,0.057,0.024,0.0195,31.1
7.25,-0.0008,0.0202,0.0232,-0.0968,31.0
7.251,0.0037,0.0015,0.0195,-0.1103,30.6
7.252,0.0105,0.003,0.018,0.0135,30.5
7.253,0.0217,-0.003,0.0187,0.003,30.1
7.254,0.024,0.0007,0.0112,0.06,30.0
7.255,0.0232,-0.0015,0.0022,0.0315,29.7
7.256,0.0232,0.003,-0.0015,0.0675,29.5
7.257,0.0195,0.0202,-0.0053,0.1162,29.3
7.258,0.012,0.0285,-0.0053,0.0562,28.9
7.259,0.0,0.0315,-0.0053,0.1117,28.9
7.26,-0.0046,0.0247,-0.0053,0.0727,28.5
7.261,-0.006,0.012,-0.0053,0.0712,28.2
7.262,-0.0053,0.0225,-0.0105,0.087,28.2
7.263,-0.0038,0.033,-0.0165,0.0817,27.8
7.264,-0.0068,0.033,-0.0165,0.0727,27.7
7.265,-0.003,0.0262,-0.0105,-0.0608,27.3
7.266,0.0015,0.0082,-0.0053,-0.3195,27.0
7.267,0.0067,-0.0203,0.0015,-0.2558,26.8
7.268,0.009,-0.054,0.0112,0.0322,26.9
7.269,0.0127,-0.0645,0.0157,-0.0473,26.4
7.27,0.015,-0.063,0.0157,-0.0083,26.3
7.271,0.0195,-0.0248,0.015,0.114,26.1
7.272,0.0255,0.0517,0.012,0.042,26.0
7.273,0.0315,0.075,0.0105,-0.0113,25.8
7.274,0.036,0.0412,0.012,-0.003,25.6
7.275,0.0367,0.012,0.0105,0.0232,25.3
7.276,0.039,0.0007,0.0142,-0.0256,25.1
7.277,0.0472,-0.0105,0.018,-0.03,24.8
7.278,0.0495,-0.0218,0.018,0.0082,24.7
7.279,0.0472,-0.021,0.0195,-0.0706,24.4
7.28,0.0472,-0.0278,0.0225,-0.1155,24.2
7.281,0.0465,-0.0256,0.0232,-0.0165,23.9
7.282,0.0517,-0.0053,0.0195,0.018,24.1
7.283,0.0555,0.0052,0.009,0.0427,23.6
7.284,0.0525,0.0067,0.003,0.0495,23.8
7.285,0.051,0.012,-0.0046,0.0367,23.1
7.286,0.0472,0.018,-0.012,0.0375,23.2
7.287,0.045,0.024,-0.0128,-0.0691,22.7
7.288,0.0442,0.03,-0.0165,-0.192,22.6
7.289,0.045,0.03,-0.0173,-0.1913,22.3
7.29,0.042,0.0255,-0.0203,-0.0833,22.4
7.291,0.0322,0.0157,-0.021,-0.0608,22.0
7.292,0.0405,0.012,-0.0195,-0.0525,22.0
7.293,0.06,0.0157,-0.0203,-0.0225,21.7
7.294,0.081,0.018,-0.024,-0.0188,21.4
7.295,0.1042,0.0195,-0.0293,-0.0165,21.4
7.296,0.1267,0.0157,-0.0293,-0.0346,21.2
7.297,0.15,0.0165,-0.0285,-0.0233,21.1
7.298,0.159,0.0225,-0.0263,-0.03,20.7
7.299,0.1507,0.033,-0.027,-0.003,20.8
7.3,0.1357,0.0315,-0.027,0.0945,20.7
7.301,0.1185,0.0217,-0.024,0.144,20.4
7.302,0.0945,0.0345,-0.0225,0.072,20.2
7.303,0.066,0.0427,-0.0203,0.012,20.0
7.304,0.0352,0.0487,-0.0181,0.0052,20.1
7.305,0.0045,0.063,-0.0128,0.003,19.7
7.306,-0.03,0.0675,-0.0091,0.0525,19.8
7.307,-0.0675,0.054,-0.0053,0.03,19.5
7.308,-0.108,0.021,0.0007,0.0112,19.6
7.309,-0.1388,0.0105,0.0052,0.0337,19.4
7.31,-0.165,0.024,0.009,0.0232,19.3
7.311,-0.1793,0.0195,0.0105,0.0315,19.3
7.312,-0.1703,0.0067,0.0112,0.0187,19.0
7.313,-0.156,-0.0203,0.0142,0.018,18.9
7.314,-0.1426,-0.0638,0.012,0.0157,18.8
7.315,-0.1426,-0.0871,0.009,0.0082,18.8
7.316,-0.1411,-0.084,0.0067,0.0052,18.8
7.317,-0.1335,-0.0623,0.0075,-0.0128,18.4
7.318,-0.126,-0.0465,0.006,-0.0165,18.6
7.319,-0.108,-0.0405,0.0015,-0.0195,18.2
7.32,-0.099,-0.0405,0.0022,-0.015,18.4
7.321,-0.1013,-0.0533,-0.0008,-0.0135,18.1
7.322,-0.1006,-0.0638,-0.0023,-0.0083,18.1
7.323,-0.096,-0.075,-0.0008,0.0292,17.9
7.324,-0.0923,-0.0803,0.0007,0.078,18.0
7.325,-0.084,-0.0803,-0.0038,0.0982,17.8
7.326,-0.084,-0.0803,-0.0098,0.054,17.5
7.327,-0.0983,-0.0743,-0.0098,0.012,17.5
7.328,-0.1013,-0.0691,-0.0128,0.0075,17.2
7.329,-0.0975,-0.0608,-0.0158,-0.0068,17.4
7.33,-0.0818,-0.048,-0.0135,0.0015,16.9
7.331,-0.0548,-0.0458,-0.0158,0.0135,17.1
7.332,-0.0518,-0.0458,-0.0113,-0.0218,16.7
7.333,-0.0518,-0.0473,-0.0075,-0.0436,16.8
7.334,-0.039,-0.0368,-0.006,-0.0278,16.6
7.335,-0.0203,-0.0113,-0.003,0.0135,16.6
7.336,0.0045,0.018,-0.0046,0.0742,16.4
7.337,0.0285,0.0472,-0.0038,0.0637,16.4
7.338,0.0427,0.0345,-0.0015,0.0277,16.2
7.339,0.054,-0.0038,-0.003,0.0427,16.0
7.34,0.0675,-0.0181,-0.0091,0.015,15.6
7.341,0.0712,-0.0308,-0.0143,0.009,15.5
7.342,0.0675,-0.048,-0.0188,0.015,15.3
7.343,0.0607,-0.0668,-0.0248,-0.0135,15.1
7.344,0.0457,-0.1028,-0.0346,-0.0188,15.0
7.345,0.0345,-0.156,-0.039,-0.027,14.7
7.346,0.036,-0.1658,-0.033,-0.0165,14.5
7.347,0.0427,-0.1155,-0.0233,-0.0158,14.6
7.348,0.0457,-0.0691,-0.0091,-0.0195,14.2
7.349,0.045,-0.012,0.0067,-0.0158,14.3
7.35,0.045,0.045,0.0187,-0.0158,13.9
7.351,0.0435,0.0637,0.0277,-0.0083,14.0
7.352,0.0345,0.0585,0.0382,-0.0083,13.6
7.353,0.0217,0.039,0.0472,-0.003,13.7
7.354,0.0045,0.0352,0.0547,0.0015,13.5
7.355,-0.012,0.0562,0.0637,0.009,13.4
7.356,-0.0233,0.0705,0.0787,0.0202,13.1
7.357,-0.0346,0.0727,0.1042,0.0165,12.9
7.358,-0.0443,0.0832,0.1237,-0.042,12.9
7.359,-0.0563,0.114,0.1237,-0.0953,12.7
7.36,-0.0675,0.1237,0.1155,-0.0346,12.7
7.361,-0.0773,0.1185,0.1065,0.018,12.3
7.362,-0.0893,0.0757,0.096,0.0195,12.4
7.363,-0.1013,-0.0143,0.0817,0.036,12.1
7.364,-0.1178,-0.0765,0.0667,0.0112,12.2
7.365,-0.1426,-0.081,0.0547,-0.093,12.1
7.366,-0.1665,-0.0128,0.0502,-0.24,11.7
7.367,-0.186,0.0367,0.0465,-0.2041,11.9
7.368,-0.2003,0.0262,0.039,-0.0263,11.6
7.369,-0.2138,0.0202,0.0157,0.0772,11.6
7.37,-0.2303,0.0255,-0.0713,0.072,11.4
7.371,-0.231,0.0502,-0.222,0.009,11.3
7.372,-0.2085,0.0585,-0.312,0.0285,11.2
7.373,-0.177,0.0405,-0.2558,-0.0008,11.2
7.374,-0.1365,0.012,-0.1163,-0.0593,11.1
7.375,-0.0803,-0.003,0.0292,-0.0158,11.1
7.376,-0.0143,-0.0008,0.1162,0.033,11.0
7.377,0.048,0.0045,0.1155,0.0292,10.9
7.378,0.1042,0.0105,0.081,0.0067,10.7
7.379,0.1552,0.015,0.0307,-0.0098,10.7
7.38,0.2025,0.009,-0.0046,-0.0428,10.6
7.381,0.24,0.0007,-0.0008,-0.0465,10.4
7.382,0.258,0.0007,0.0247,-0.0113,10.4
7.383,0.261,0.0052,0.06,0.036,10.4
7.384,0.258,0.0105,0.0817,0.0922,10.2
7.385,0.2535,0.0105,0.0877,0.1762,10.5
7.386,0.2467,-0.003,0.0787,0.1807,10.1
7.387,0.237,-0.024,0.054,0.1237,10.3
7.388,0.2257,-0.024,0.0157,0.0937,10.1
7.389,0.2235,0.0007,-0.0308,0.0045,10.1
7.39,0.2257,0.0247,-0.0706,-0.0263,9.9
7.391,0.2257,0.033,-0.0953,0.009,9.9
7.392,0.2257,0.033,-0.1103,0.0577,10.1
7.393,0.2227,0.0292,-0.1185,0.117,9.8
7.394,0.2182,0.0255,-0.114,0.0142,9.9
7.395,0.2115,0.0352,-0.1088,-0.1238,9.5
7.396,0.201,0.045,-0.1073,-0.0975,9.8
7.397,0.1875,0.0517,-0.0983,-0.0743,9.5
7.398,0.1732,0.0487,-0.0908,-0.0818,9.5
7.399,0.1545,0.0075,-0.0818,-0.0975,9.4
7.4,0.1327,-0.0353,-0.0698,-0.135,9.4
7.401,0.1162,-0.0346,-0.0518,-0.1065,9.5
7.402,0.1027,-0.0225,-0.03,-0.1411,9.3
7.403,0.0967,-0.0083,-0.0105,-0.078,9.4
7.404,0.0997,0.0015,0.0067,0.1627,9.3
7.405,0.1035,0.0015,0.0675,0.165,9.4
7.406,0.1095,0.0037,0.1552,-0.0495,9.2
7.407,0.111,-0.0015,0.0757,-0.0383,9.3
7.408,0.1012,-0.0188,-0.0091,0.0615,9.0
7.409,0.0817,-0.0383,-0.0825,0.0405,8.8
7.41,0.054,-0.0361,-0.195,-0.027,9.1
7.411,0.033,-0.0315,-0.156,-0.0203,8.8
7.412,0.021,-0.0293,-0.0713,0.0232,9.0
7.413,0.0142,-0.0203,0.0727,-0.0683,8.8
7.414,0.012,-0.03,0.1747,0.0142,9.0
7.415,0.0082,-0.0315,0.222,0.1095,8.7
7.416,0.0015,-0.0165,0.2287,0.1635,8.9
7.417,-0.0143,0.0007,0.153,0.1425,8.8
7.418,-0.0353,0.0202,0.1042,-0.123,8.7
7.419,-0.0593,0.0315,0.0255,-0.1635,8.7
7.42,-0.084,0.045,-0.0218,-0.1448,8.7
7.421,-0.105,0.0457,-0.0555,-0.1178,8.7
7.422,-0.126,0.0157,-0.075,-0.0158,8.7
7.423,-0.1448,-0.0458,-0.063,0.0442,8.7
7.424,-0.1673,-0.1155,-0.06,0.129,8.8
7.425,-0.189,-0.111,-0.048,0.051,8.7
7.426,-0.2003,-0.0525,-0.0428,0.0165,8.7
7.427,-0.2041,-0.0195,-0.0285,0.0862,8.5
7.428,-0.198,0.003,-0.0218,0.0757,8.7
7.429,-0.1913,0.0165,-0.0181,0.0885,8.5
7.43,-0.1853,0.0382,-0.0143,-0.0863,8.7
7.431,-0.1726,0.0915,-0.012,-0.2123,8.4
7.432,-0.1583,0.1335,-0.0143,-0.1388,8.6
7.433,-0.1418,0.144,-0.0248,-0.1073,8.6
7.434,-0.1253,0.0982,-0.0263,0.0202,8.5
7.435,-0.1088,0.0,-0.0346,0.159,8.7
7.436,-0.0975,-0.093,-0.0338,0.2572,8.5
7.437,-0.0908,-0.1155,-0.0218,0.1297,8.5
7.438,-0.0871,-0.0691,-0.0128,0.0217,8.5
7.439,-0.084,-0.0091,0.0,0.0195,8.5
7.44,-0.0825,0.0202,0.0127,-0.093,8.5
7.441,-0.0818,0.006,0.0277,-0.0135,8.5
7.442,-0.0915,0.0382,0.0352,-0.1058,8.4
7.443,-0.1035,0.078,0.0442,-0.108,8.2
7.444,-0.1103,0.0442,0.0532,0.0772,8.5
7.445,-0.12,-0.0046,0.0517,-0.1238,8.1
7.446,-0.1313,-0.0488,0.0495,-0.1711,8.2
7.447,-0.1328,-0.1065,0.0495,-0.012,7.9
7.448,-0.1178,-0.129,0.0472,0.1837,8.1
7.449,-0.096,-0.0863,0.0382,0.3307,8.0
7.45,-0.0721,-0.0346,0.0315,0.1065,7.9
7.451,-0.0413,-0.0091,0.0375,-0.1448,7.7
7.452,-0.0165,-0.0218,0.0382,-0.1628,7.6
7.453,0.0022,-0.0361,0.0225,-0.0465,7.4
7.454,0.0172,-0.0405,0.0045,0.0277,7.3
7.455,0.0292,-0.021,-0.0165,-0.0143,7.0
7.456,0.0352,-0.0015,-0.0405,-0.093,6.8
7.457,0.0412,0.0045,-0.0563,-0.0525,6.7
7.458,0.045,0.0195,-0.0638,0.1462,6.5
7.459,0.042,0.0352,-0.0675,0.078,6.2
7.46,0.0382,0.0802,-0.0675,-0.1148,6.3
7.461,0.0345,0.0825,-0.0645,-0.0083,5.9
7.462,0.0277,0.0735,-0.0653,0.0495,5.8
7.463,0.018,0.0645,-0.06,-0.0683,5.3
7.464,0.009,0.048,-0.0383,-0.15,5.3
7.465,0.009,0.0615,-0.03,-0.027,4.9
7.466,0.006,0.0465,-0.0413,0.0255,5.1
7.467,0.012,0.0315,-0.0458,-0.0083,4.7
7.468,0.0255,-0.0015,-0.0488,0.042,4.7
7.469,0.042,-0.0405,-0.0405,-0.0608,4.4
7.47,0.0555,-0.0375,-0.0323,-0.0721,4.4
7.471,0.0652,-0.0203,-0.024,-0.024,4.1
7.472,0.069,-0.0091,-0.0165,-0.0038,4.0
7.473,0.0682,-0.0293,-0.012,0.0817,4.1
7.474,0.069,-0.0743,-0.0053,0.0937,4.0
7.475,0.0615,-0.0795,-0.006,0.0705,3.8
7.476,0.0555,-0.0405,-0.0023,0.0607,3.9
7.477,0.0487,-0.0098,0.0082,0.0532,3.8
7.478,0.0427,0.0037,0.0255,0.0502,3.7
7.479,0.0427,0.003,0.0495,-0.0008,3.6
7.48,0.0487,0.0045,0.0607,-0.1403,3.7
7.481,0.0645,0.0045,0.0555,-0.1568,3.6
7.482,0.075,0.0052,0.045,-0.0953,3.7
7.483,0.0787,0.009,0.0427,-0.078,3.4
7.484,0.0757,0.012,0.0465,-0.048,3.6
7.485,0.0712,0.0232,0.0592,-0.0436,3.6
7.486,0.0615,0.0292,0.0772,0.0517,3.5
7.487,0.0457,0.024,0.0967,0.1455,3.4
7.488,0.0405,0.0097,0.114,0.1065,3.6
7.489,0.0315,-0.0053,0.1252,0.0367,3.6
7.49,0.0195,-0.0188,0.132,0.0157,3.4
7.491,0.0127,-0.0346,0.135,0.0015,3.5
7.492,0.0045,-0.0383,0.1312,-0.0173,3.5
7.493,0.0112,-0.0143,0.1275,0.0817,3.6
7.494,0.0292,0.0022,0.1275,0.129,3.7
7.495,0.0412,0.0052,0.1162,0.153,3.6
7.496,0.0337,0.003,0.111,0.2677,3.6
7.497,0.0247,-0.0105,0.1132,-0.0353,3.3
7.498,0.0292,-0.0158,0.108,-0.2806,3.6
7.499,0.024,-0.027,0.0967,-0.1088,3.4
7.5,0.0247,-0.0315,0.0802,-0.156,3.7
7.501,0.0277,-0.0083,0.063,-0.2093,3.6
7.502,0.024,0.0195,0.048,-0.3165,3.6
7.503,0.039,0.0105,0.0285,-0.2813,3.7
7.504,0.045,0.0075,-0.0008,0.0465,3.5
7.505,0.0315,0.033,-0.0405,0.1905,3.8
7.506,0.0202,0.039,-0.0818,0.3367,3.6
7.507,0.0165,0.039,-0.1095,0.3915,3.7
7.508,0.0195,0.0082,-0.1403,0.195,3.6
7.509,0.0202,-0.0405,-0.1703,-0.1388,3.6
7.51,0.018,-0.0465,-0.1935,-0.3045,3.5
7.511,0.0202,0.0015,-0.2318,-0.1958,3.6
7.512,0.0165,0.0337,-0.2783,-0.0608,3.7
7.513,0.0105,0.0307,-0.312,-0.057,3.6
7.514,-0.003,0.0277,-0.384,-0.0623,3.7
7.515,-0.024,0.0277,-0.5198,0.0637,3.6
7.516,-0.0465,0.0292,-0.6585,0.0885,3.7
7.517,-0.057,0.024,-0.7748,0.1215,3.6
7.518,-0.0615,0.0315,-0.8445,0.0802,3.6
7.519,-0.0795,0.0202,-0.8408,0.0352,3.8
7.52,-0.0953,-0.024,-0.8138,0.1732,3.6
7.521,-0.1088,-0.0691,-0.7725,0.1747,3.8
7.522,-0.1298,-0.078,-0.5558,0.1365,3.6
7.523,-0.1575,-0.0413,-0.1283,0.1117,3.8
7.524,-0.1808,0.0007,0.312,-0.0165,3.5
7.525,-0.1875,0.018,0.6787,-0.228,3.7
7.526,-0.1928,0.0135,0.9682,-0.3391,3.5
7.527,-0.195,0.009,1.1452,-0.2033,3.8
7.528,-0.195,-0.012,1.2412,-0.0833,3.6
7.529,-0.2048,-0.045,1.2525,-0.0308,3.8
7.53,-0.2085,-0.0593,1.1692,0.0307,3.7
7.531,-0.2108,-0.0323,1.026,0.0712,3.6
7.532,-0.2055,-0.0023,0.8392,0.114,3.6
7.533,-0.183,0.0015,0.6502,0.0982,3.6
7.534,-0.1628,0.0105,0.471,0.0637,3.6
7.535,-0.1478,0.0097,0.3127,0.0217,3.8
7.536,-0.1215,0.0082,0.1935,-0.0361,3.6
7.537,-0.078,0.0097,0.0945,-0.0615,3.6
7.538,-0.0165,0.015,0.0075,-0.0256,3.6
7.539,0.0367,0.0172,-0.0706,0.0592,3.7
7.54,0.075,0.012,-0.1403,0.093,3.7
7.541,0.1215,0.0112,-0.2063,0.0967,3.8
7.542,0.168,0.0112,-0.2505,0.081,3.7
7.543,0.1995,0.0142,-0.2648,0.0742,3.8
7.544,0.2235,0.018,-0.2475,0.0172,3.7
7.545,0.2482,0.0165,-0.2085,-0.0683,3.8
7.546,0.27,0.0037,-0.1643,-0.0608,3.6
7.547,0.2835,-0.0068,-0.129,-0.0495,3.9
7.548,0.2917,-0.0046,-0.1223,0.0052,3.9
7.549,0.2947,-0.0038,-0.1411,0.009,3.9
7.55,0.294,-0.0083,-0.177,-0.0645,3.7
7.551,0.2955,-0.0105,-0.2115,-0.0338,4.0
7.552,0.288,-0.0068,-0.234,-0.0818,3.8
7.553,0.2722,0.0015,-0.2408,-0.1185,4.0
7.554,0.2542,0.0052,-0.2325,-0.0203,3.8
7.555,0.2295,0.0037,-0.2048,-0.0233,4.1
7.556,0.2085,0.0015,-0.1538,-0.0511,3.9
7.557,0.1927,0.0007,-0.0863,-0.0555,4.0
7.558,0.1725,0.0045,-0.0233,-0.075,3.8
7.559,0.1575,0.0037,0.027,-0.0923,4.1
7.56,0.1387,-0.0008,0.0675,-0.0863,4.0
7.561,0.1192,-0.0023,0.0982,0.0255,4.1
7.562,0.1117,-0.0083,0.12,0.177,3.9
7.563,0.1065,-0.0173,0.1275,0.2557,4.0
7.564,0.0975,-0.0173,0.1222,0.1935,3.8
7.565,0.0832,-0.0046,0.105,0.0487,4.0
7.566,0.0555,0.009,0.0817,-0.033,3.8
7.567,0.0345,0.0112,0.057,-0.0315,3.8
7.568,0.0075,0.0037,0.0285,-0.0278,3.6
7.569,-0.0165,-0.0105,-0.0015,-0.0503,3.6
7.57,-0.0285,-0.0225,-0.027,-0.0323,3.6
7.571,-0.0413,-0.027,-0.0458,0.0307,3.7
7.572,-0.0518,-0.0158,-0.063,0.057,3.4
7.573,-0.0698,0.006,-0.0765,0.0,3.6
7.574,-0.0825,0.0112,-0.0871,0.0435,3.3
7.575,-0.093,0.0037,-0.1043,0.1035,3.6
7.576,-0.114,0.0022,-0.1223,0.1065,3.2
7.577,-0.129,-0.006,-0.1298,0.1777,3.6
7.578,-0.129,-0.0135,-0.1313,0.1575,3.2
7.579,-0.1238,-0.0128,-0.1155,0.1192,3.4
7.58,-0.1245,-0.012,-0.0983,-0.1238,3.0
7.581,-0.1553,0.0007,-0.0915,-0.3248,3.2
7.582,-0.1815,0.0067,-0.0893,-0.1118,3.1
7.583,-0.1778,0.003,-0.0878,-0.1411,3.1
7.584,-0.1741,0.0067,-0.0795,-0.2243,3.3
7.585,-0.1245,0.0007,-0.0645,-0.1358,3.0
7.586,-0.0091,-0.0008,-0.0458,-0.1538,3.3
7.587,0.1027,0.0067,-0.0278,-0.0023,3.2
7.588,0.1822,0.006,-0.0195,0.042,3.2
7.589,0.177,0.003,-0.0143,0.0045,3.0
7.59,0.0772,0.0015,-0.0143,0.084,3.0
7.591,-0.0608,0.0045,-0.0233,0.1027,3.0
7.592,-0.2115,-0.0046,-0.0263,0.015,2.9
7.593,-0.3135,-0.0143,-0.0278,-0.225,2.8
7.594,-0.3511,-0.0075,-0.0293,-0.0675,2.8
7.595,-0.3458,0.0022,-0.0285,0.126,2.9
7.596,-0.306,0.0067,-0.0278,0.0165,2.8
7.597,-0.2513,0.0097,-0.024,0.0525,2.9
7.598,-0.213,0.012,-0.021,-0.003,2.8
7.599,-0.1973,0.0127,-0.0233,0.0352,2.8
7.6,-0.1785,0.0052,-0.027,0.0472,2.9
7.601,-0.1665,-0.0091,-0.0308,0.009,2.7
7.602,-0.1785,-0.0181,-0.0353,0.0705,2.9
7.603,-0.192,-0.0165,-0.0383,-0.0353,2.7
7.604,-0.1785,-0.0038,-0.0383,-0.0713,2.8
7.605,-0.1478,0.009,-0.0383,0.0105,2.6
7.606,-0.099,0.0127,-0.0353,0.048,2.6
7.607,-0.0518,0.0112,-0.0353,0.0202,2.6
7.608,-0.0173,0.0112,-0.0353,0.048,2.8
7.609,0.0195,0.0082,-0.039,0.0562,2.8
7.61,0.054,0.0015,-0.0495,0.024,2.8
7.611,0.0967,0.0015,-0.0668,0.012,2.8
7.612,0.1417,0.0007,-0.0915,-0.0023,2.8
7.613,0.1725,-0.0015,-0.1125,0.0165,2.7
7.614,0.1837,-0.0008,-0.1238,0.003,2.6
7.615,0.174,0.0,-0.1268,0.0112,2.8
7.616,0.159,-0.0008,-0.1208,0.0015,2.9
7.617,0.156,-0.003,-0.1125,-0.0091,2.7
7.618,0.1552,-0.0053,-0.0975,0.0007,3.1
7.619,0.156,-0.0083,-0.0818,0.0007,2.7
7.62,0.1837,-0.0083,-0.0773,0.0285,2.8
7.621,0.2145,-0.0053,-0.0675,0.0255,2.7
7.622,0.2235,-0.0008,-0.0578,-0.0315,3.0
7.623,0.21,-0.0008,-0.0503,-0.0691,2.9
7.624,0.2122,-0.0068,-0.0405,0.009,3.0
7.625,0.2482,-0.0075,-0.0278,0.063,2.8
7.626,0.258,-0.0008,-0.0075,0.0675,3.1
7.627,0.237,-0.0008,0.012,0.0712,3.1
7.628,0.1965,-0.0038,0.027,-0.0698,3.0
7.629,0.153,0.0052,0.0427,-0.1448,3.1
7.63,0.1252,0.0022,0.06,-0.0203,3.2
7.631,0.084,-0.0083,0.075,0.0795,3.0
7.632,0.0412,-0.0143,0.09,0.141,3.2
7.633,0.0255,-0.0173,0.1035,0.1057,3.1
7.634,0.009,-0.003,0.1102,-0.0278,3.2
7.635,-0.0361,0.0135,0.1155,-0.048,3.1
7.636,-0.0833,0.0247,0.1237,-0.1823,3.1
7.637,-0.1148,0.039,0.1305,-0.291,2.9
7.638,-0.1418,0.0322,0.1312,-0.0645,3.4
7.639,-0.1688,0.0112,0.1222,0.0052,3.1
7.64,-0.1995,0.0022,0.1102,0.0,3.2
7.641,-0.216,-0.0015,0.0937,0.0637,3.0
7.642,-0.2265,-0.0038,0.0825,0.0165,3.3
7.643,-0.228,-0.0053,0.0802,0.006,3.1
7.644,-0.2198,-0.006,0.093,-0.0098,3.2
7.645,-0.2198,-0.006,0.1125,0.0112,3.3
7.646,-0.1875,-0.0105,0.1215,0.0255,3.0
7.647,-0.1305,-0.0128,0.1237,0.0172,3.1
7.648,-0.0863,-0.0091,0.1162,0.039,3.1
7.649,-0.0533,-0.0083,0.1042,0.069,3.3
7.65,-0.0098,-0.006,0.0937,0.1087,3.1
7.651,0.018,0.0007,0.0855,0.0255,3.2
7.652,0.033,0.0037,0.093,-0.0728,3.1
7.653,0.0577,-0.0008,0.1117,-0.0578,3.2
7.654,0.0615,-0.0015,0.1402,-0.003,3.1
7.655,0.054,-0.0015,0.1815,0.0165,3.0
7.656,0.0427,0.0037,0.2205,0.0585,3.2
7.657,0.0292,0.009,0.2535,0.0442,3.0
7.658,0.0157,0.0052,0.276,-0.0645,3.1
7.659,0.0015,-0.0046,0.288,-0.0165,3.1
7.66,-0.0068,-0.0113,0.288,0.1372,3.2
7.661,-0.0135,-0.0143,0.2745,0.1875,3.1
7.662,-0.015,-0.0128,0.2482,0.099,3.0
7.663,-0.0181,-0.0008,0.2137,-0.0203,3.1
7.664,-0.0165,0.0082,0.1777,-0.1328,3.1
7.665,0.0157,0.0127,0.1387,-0.1448,3.2
7.666,0.066,0.0082,0.102,0.006,3.1
7.667,0.1125,0.0,0.0675,-0.003,3.2
7.668,0.1477,-0.0008,0.0307,-0.042,3.2
7.669,0.1492,-0.0046,-0.0038,0.0165,3.2
7.67,0.132,-0.006,-0.0353,-0.0008,3.2
7.671,0.1297,-0.003,-0.0638,0.0427,3.1
7.672,0.1402,-0.003,-0.0856,0.054,3.2
7.673,0.1387,-0.0046,-0.1013,0.0345,3.0
7.674,0.1275,-0.003,-0.1148,0.0427,3.1
7.675,0.1117,-0.0008,-0.1298,0.0052,2.9
7.676,0.09,0.0,-0.1403,-0.0091,3.1
7.677,0.084,-0.003,-0.1448,-0.0053,3.0
7.678,0.0772,-0.0038,-0.1485,0.0225,3.1
7.679,0.0682,-0.0068,-0.1553,0.0285,3.1
7.68,0.054,-0.0105,-0.1613,-0.0053,3.0
7.681,0.039,-0.0068,-0.165,-0.033,3.2
7.682,0.0225,0.0,-0.165,-0.1118,3.0
7.683,0.0082,0.0127,-0.1635,-0.2183,3.1
7.684,0.0105,0.0202,-0.1628,-0.2198,2.9
7.685,0.0097,0.0157,-0.1635,-0.0983,3.2
7.686,0.0045,0.0067,-0.1613,0.0135,3.0
7.687,-0.012,0.0037,-0.1575,0.1192,3.1
7.688,-0.024,-0.003,-0.1493,0.1777,3.0
7.689,-0.0383,-0.0068,-0.1388,0.0892,3.1
7.69,-0.0533,-0.0068,-0.1238,0.0202,3.0
7.691,-0.0525,-0.0128,-0.111,-0.0848,3.0
7.692,-0.045,-0.0068,-0.0975,-0.2295,3.0
7.693,-0.0578,-0.0008,-0.0818,-0.2708,2.9
7.694,-0.1028,0.003,-0.0683,-0.2955,3.0
7.695,-0.1381,0.0007,-0.054,-0.3938,2.9
7.696,-0.15,-0.0008,-0.0428,-0.4958,2.8
7.697,-0.1298,0.0045,-0.0368,-0.3278,3.0
7.698,-0.0885,-0.0015,-0.0278,-0.1988,2.9
7.699,-0.0638,-0.003,-0.0233,-0.2303,3.1
7.7,-0.0428,0.0007,-0.024,-0.0795,3.0
7.701,-0.0263,0.006,-0.0233,0.0105,3.1
7.702,-0.0135,0.0165,-0.0195,0.0427,3.1
7.703,-0.003,0.0232,-0.0158,0.1192,3.2
7.704,-0.0008,-0.0008,-0.0173,0.1365,3.1
7.705,0.0052,-0.0278,-0.0165,0.0742,3.2
7.706,0.0082,-0.0053,-0.0188,0.114,3.1
7.707,0.0105,0.0127,-0.0293,0.2685,3.2
7.708,0.003,0.0052,-0.0443,0.3367,3.2
7.709,-0.0046,0.0105,-0.0608,0.3502,3.2
7.71,0.009,0.012,-0.0765,0.2287,3.1
7.711,0.0142,0.0007,-0.0893,0.1837,3.1
7.712,-0.0195,-0.0113,-0.1035,0.3517,3.3
7.713,-0.0278,-0.0098,-0.1133,0.5122,3.1
7.714,0.018,-0.0015,-0.1163,0.3937,3.1
7.715,0.033,-0.0068,-0.1238,0.141,3.1
7.716,0.0315,-0.0158,-0.132,0.078,3.1
7.717,0.0352,-0.0113,-0.1365,0.024,3.0
7.718,0.0247,0.0052,-0.135,-0.1373,3.0
7.719,0.0142,0.0187,-0.1328,-0.12,3.1
7.72,-0.0165,0.006,-0.132,-0.054,3.0
7.721,-0.0405,-0.0128,-0.1268,-0.0878,3.1
7.722,-0.0525,-0.0203,-0.1215,0.069,3.0
7.723,-0.0503,-0.0225,-0.1193,0.0292,3.1
7.724,-0.0405,-0.0105,-0.1125,-0.0098,2.9
7.725,-0.0323,-0.0053,-0.1013,0.009,2.9
7.726,-0.0143,0.003,-0.0871,-0.1426,3.1
7.727,-0.0023,0.0202,-0.0735,-0.0735,3.1
7.728,0.0135,0.0255,-0.0638,-0.0263,3.0
7.729,0.0397,0.0172,-0.0525,0.0307,3.1
7.73,0.0547,0.0127,-0.0346,0.0637,3.3
7.731,0.051,0.009,-0.0143,0.0187,3.1
7.732,0.0345,-0.0015,0.0007,-0.0285,3.2
7.733,0.0105,-0.0053,0.0142,-0.063,3.4
7.734,-0.0098,-0.0068,0.0307,0.0502,3.2
7.735,-0.0188,-0.006,0.0442,0.063,3.5
7.736,-0.0158,-0.0038,0.057,0.0555,3.2
7.737,-0.0105,-0.0053,0.0712,0.0532,3.6
7.738,-0.0053,-0.0091,0.0855,0.0127,3.1
7.739,0.0022,-0.012,0.0945,0.0202,3.5
7.74,0.0052,-0.0105,0.1005,0.0112,3.3
7.741,0.012,-0.0091,0.1072,0.0892,3.4
7.742,0.0097,-0.0143,0.111,0.18,3.3
7.743,0.0007,-0.0143,0.1125,0.162,3.3
7.744,-0.0015,-0.0068,0.114,0.1155,3.5
7.745,0.0067,-0.0158,0.114,0.048,3.3
7.746,0.0277,-0.0173,0.111,-0.1426,3.5
7.747,0.045,-0.006,0.1065,-0.1935,3.2
7.748,0.045,0.0067,0.1042,-0.0053,3.6
7.749,0.0367,0.0127,0.1027,-0.0346,3.3
7.75,0.0345,0.0157,0.1035,-0.1545,3.3
7.751,0.0427,0.0255,0.1072,-0.0488,3.4
7.752,0.0442,0.0112,0.1057,-0.0668,3.4
7.753,0.0112,-0.0083,0.102,-0.3593,3.4
7.754,-0.0465,-0.0015,0.108,-0.453,3.2
7.755,-0.1088,0.0082,0.1065,-0.2355,3.4
7.756,-0.15,-0.0008,0.0952,-0.2063,3.2
7.757,-0.1478,-0.0083,0.0915,-0.1898,3.5
7.758,-0.1215,0.003,0.0847,-0.0458,3.6
7.759,-0.0856,0.003,0.0787,-0.0023,3.5
7.76,-0.06,0.0007,0.0727,0.0405,3.6
7.761,-0.0503,0.0075,0.066,-0.0256,3.3
7.762,-0.0465,0.0075,0.06,-0.0353,3.6
7.763,-0.0443,0.006,0.0555,-0.0075,3.2
7.764,-0.0338,0.0007,0.0555,-0.0443,3.6
7.765,-0.0225,-0.0068,0.0577,-0.0248,3.3
7.766,-0.027,-0.0113,0.0555,-0.0465,3.6
7.767,-0.0346,-0.0181,0.0517,-0.0383,3.5
7.768,-0.033,-0.0263,0.0495,-0.0503,3.6
7.769,-0.0233,-0.0293,0.045,-0.0585,3.4
7.77,-0.0105,-0.0248,0.0442,0.0517,3.6
7.771,0.0075,-0.0323,0.0412,0.1537,3.5
7.772,0.0247,-0.0443,0.039,0.0742,3.5
7.773,0.0382,-0.0361,0.0367,-0.0165,3.6
7.774,0.045,-0.0323,0.036,0.018,3.5
7.775,0.048,-0.0368,0.0382,0.009,3.7
7.776,0.0532,-0.0405,0.033,0.0397,3.6
7.777,0.057,-0.0518,0.024,0.1005,3.6
7.778,0.0607,-0.045,0.0165,0.066,3.4
7.779,0.0637,-0.0218,0.0105,0.0382,3.6
7.78,0.0667,0.0105,0.0067,-0.0046,3.6
7.781,0.0675,0.039,0.0007,-0.216,3.5
7.782,0.0667,0.0727,-0.0015,-0.1913,3.6
7.783,0.0532,0.0877,0.0,0.1605,3.6
7.784,0.033,0.0712,-0.0053,0.141,3.6
7.785,0.0165,0.0697,-0.0091,-0.048,3.2
7.786,0.0045,0.078,-0.0068,-0.0368,3.5
7.787,-0.0046,0.0765,-0.0053,0.0892,3.5
7.788,-0.0105,0.0675,-0.0083,0.1455,3.6
7.789,-0.0188,0.0652,-0.0158,0.0405,3.5
7.79,-0.0233,0.0645,-0.0158,0.2122,3.6
7.791,-0.0218,0.0562,-0.0128,0.306,3.5
7.792,-0.0218,0.0465,-0.015,0.1447,3.4
7.793,-0.027,0.0315,-0.0158,0.1702,3.6
7.794,-0.0308,0.018,-0.012,0.1177,3.6
7.795,-0.03,0.0007,-0.0053,0.0427,3.4
7.796,-0.0308,-0.0091,-0.0068,0.0352,3.5
7.797,-0.0285,0.006,-0.012,0.036,3.2
7.798,-0.0233,0.0045,-0.0143,0.099,3.6
7.799,-0.0195,-0.0023,-0.015,0.0405,3.3
7.8,-0.0135,-0.0023,-0.0135,0.0165,3.6
7.801,-0.0053,-0.0165,-0.0181,0.0585,3.3
7.802,0.0015,-0.027,-0.0218,0.0292,3.4
7.803,0.0075,-0.0315,-0.0218,0.072,3.2
7.804,0.0187,-0.0368,-0.0203,0.1237,3.5
7.805,0.03,-0.048,-0.0195,-0.0503,3.3
7.806,0.036,-0.0495,-0.0173,-0.2183,3.3
7.807,0.0382,-0.0443,-0.015,-0.099,3.2
7.808,0.0337,-0.0495,-0.0165,-0.0938,3.3
7.809,0.0247,-0.0533,-0.0195,-0.1388,3.3
7.81,0.0202,-0.0578,-0.0218,-0.0825,3.1
7.811,0.015,-0.06,-0.0233,-0.111,3.1
7.812,0.0112,-0.0578,-0.0203,-0.0713,3.2
7.813,0.0105,-0.054,-0.0218,-0.1448,3.1
7.814,0.0097,-0.0383,-0.0203,-0.099,3.3
7.815,0.009,-0.0181,-0.0188,0.0727,3.0
7.816,0.012,0.0,-0.0256,0.054,3.4
7.817,0.0157,0.0022,-0.033,0.087,3.1
7.818,0.018,0.0037,-0.0353,0.2332,3.5
7.819,0.0195,0.0052,-0.0346,0.4395,3.2
7.82,0.0157,-0.012,-0.0315,0.5092,3.4
7.821,0.0105,-0.0218,-0.0293,0.4357,3.1
7.822,0.0067,-0.0195,-0.021,0.297,3.2
7.823,0.0022,-0.0091,-0.0143,0.051,3.0
7.824,-0.0008,-0.0023,-0.0128,-0.2483,2.9
7.825,-0.0015,0.0105,-0.0181,-0.2761,3.2
7.826,-0.0008,0.0142,-0.0203,-0.1043,3.0
7.827,0.0007,-0.003,-0.0128,-0.0458,3.0
7.828,0.0045,-0.0128,0.0045,0.0555,3.1
7.829,0.0075,-0.0083,0.0157,-0.1148,2.9
7.83,0.0082,-0.006,0.0165,-0.2648,3.1
7.831,0.0097,-0.0075,0.018,-0.1598,3.0
7.832,0.0105,0.009,0.0202,-0.0256,3.1
7.833,0.0142,0.0105,0.0217,0.093,3.0
7.834,0.018,0.0067,0.018,-0.012,3.1
7.835,0.018,0.012,0.012,-0.054,2.9
7.836,0.0165,0.021,0.009,-0.1988,3.1
7.837,0.0165,0.0262,0.0075,-0.354,2.9
7.838,0.018,0.0142,0.006,-0.3496,2.9
7.839,0.018,0.0135,0.0052,-0.2866,3.0
7.84,0.018,0.0165,0.0045,-0.0795,3.0
7.841,0.0195,0.0067,0.0045,-0.0293,3.0
7.842,0.0172,0.0135,0.0022,-0.0863,3.0
7.843,0.0127,0.018,0.0007,-0.0353,3.0
7.844,0.012,0.0082,-0.003,-0.0405,3.0
7.845,0.0127,0.0052,-0.0083,-0.0623,3.0
7.846,0.018,-0.0046,-0.0105,-0.0068,2.9
7.847,0.0292,-0.0128,-0.012,-0.03,2.9
7.848,0.036,-0.0053,-0.0143,-0.0653,3.0
7.849,0.0307,0.0037,-0.0181,-0.1785,2.6
7.85,0.018,0.012,-0.0195,-0.2235,2.9
7.851,0.0067,0.0165,-0.0195,-0.0338,2.9
7.852,-0.0068,0.0142,-0.0195,0.0247,2.9
7.853,-0.0195,0.0015,-0.0181,0.033,2.9
7.854,-0.0278,-0.0068,-0.0181,0.0262,2.9
7.855,-0.033,-0.0038,-0.0158,-0.0495,2.9
7.856,-0.0353,-0.0046,-0.0113,-0.042,2.8
7.857,-0.0353,-0.0181,-0.0068,0.0022,2.9
7.858,-0.0353,-0.0285,-0.0023,0.0712,2.9
7.859,-0.0353,-0.015,0.0022,0.078,2.7
7.86,-0.0353,0.0007,0.0007,0.1327,2.9
7.861,-0.033,-0.0008,0.0,0.2212,2.7
7.862,-0.0293,-0.0091,0.0015,0.1455,3.0
7.863,-0.0233,-0.012,0.0007,0.1275,2.6
7.864,-0.0165,-0.0113,-0.003,0.0915,2.9
7.865,-0.0135,-0.0105,-0.0038,0.0525,2.9
7.866,-0.0083,-0.0091,-0.0008,0.1642,2.7
7.867,-0.0015,-0.0023,0.0007,0.0855,2.7
7.868,0.0007,0.0105,-0.0015,-0.0383,2.6
7.869,0.0015,0.0142,-0.0015,-0.114,2.6
7.87,0.003,0.0022,0.0007,-0.1275,2.7
7.871,0.0045,-0.0128,0.0015,-0.0563,2.8
7.872,0.006,-0.0195,-0.0015,-0.0233,2.7
7.873,0.0067,-0.0225,-0.0008,0.105,2.7
7.874,0.009,-0.0346,-0.0008,0.1282,2.6
7.875,0.012,-0.0405,-0.003,0.0382,2.9
7.876,0.012,-0.0353,-0.0046,-0.003,2.7
7.877,0.0112,-0.0323,0.0007,0.0765,2.6
7.878,0.0105,-0.0346,0.009,0.054,2.6
7.879,0.0112,-0.0218,0.0097,-0.0653,2.6
7.88,0.0097,0.0187,0.0127,-0.042,2.9
7.881,0.012,0.048,0.0172,-0.0525,2.6
7.882,0.012,0.0517,0.0157,-0.0105,2.9
7.883,0.0112,0.0555,0.0105,-0.0008,2.7
7.884,0.009,0.0532,0.0045,0.0037,2.7
7.885,0.006,0.0705,0.0007,0.0945,2.6
7.886,0.0045,0.0765,0.0007,0.0495,2.8
7.887,0.0045,0.0675,0.003,-0.2273,2.6
7.888,0.0052,0.0712,0.0067,-0.3496,2.8
7.889,0.0075,0.0532,0.009,-0.0375,2.6
7.89,0.0082,0.027,0.012,0.066,2.7
7.891,0.009,0.0157,0.0112,0.0555,2.6
7.892,0.0097,0.0157,0.0105,0.0885,2.6
7.893,0.0105,0.0142,0.0052,0.0427,2.8
7.894,0.0105,0.0097,0.0015,0.114,2.6
7.895,0.0105,0.0015,0.003,0.1087,2.9
7.896,0.012,-0.0015,0.0022,0.1447,2.6
7.897,0.0127,0.0015,0.0007,0.1837,2.7
7.898,0.0135,0.0045,0.0007,0.1177,2.8
7.899,0.012,0.003,-0.0015,-0.048,2.5
7.9,0.012,-0.0075,-0.0023,-0.1253,2.9
7.901,0.0142,-0.0158,-0.0015,0.0307,2.7
7.902,0.0157,-0.0098,-0.0053,0.0337,2.7
7.903,0.015,-0.0105,-0.0068,-0.0743,2.6
7.904,0.0127,-0.0135,-0.006,-0.1575,2.6
7.905,0.012,0.0067,-0.0008,-0.2026,2.8
7.906,0.0105,0.0052,0.0045,-0.0548,2.6
7.907,0.0067,-0.021,0.0045,-0.0038,2.8
7.908,0.0052,-0.021,0.0015,-0.0698,2.8
7.909,0.0037,-0.021,-0.0023,0.0472,2.8
7.91,0.0015,-0.0315,0.0007,0.1515,2.8
7.911,0.0015,-0.0315,0.0067,0.1215,2.7
7.912,0.0007,-0.0105,0.0067,-0.0218,2.7
7.913,-0.0023,0.0157,0.0052,-0.1643,2.7
7.914,-0.0023,0.018,0.0052,-0.0998,2.8
7.915,-0.003,0.0015,0.003,0.0172,2.7
7.916,-0.003,-0.0195,0.003,0.0052,2.6
7.917,-0.0015,-0.0105,-0.0015,0.0345,2.7
7.918,-0.0015,0.0052,-0.003,0.0277,2.6
7.919,-0.0015,0.0082,-0.0008,0.0007,2.7
7.92,0.0007,0.012,0.0007,0.021,2.6
7.921,0.0,0.003,-0.0008,-0.0248,2.7
7.922,0.0,0.0022,-0.003,0.0082,2.8
7.923,0.0007,0.0067,-0.0038,0.054,3.0
7.924,0.0015,0.0007,-0.0053,0.1567,2.7
7.925,0.0045,0.0,-0.0053,0.2362,2.9
7.926,0.0045,0.0105,-0.0068,0.147,2.6
7.927,0.006,0.0127,-0.0046,0.027,2.9
7.928,0.0045,0.0195,0.0045,-0.3225,2.6
7.929,0.003,0.0345,0.0052,-0.3833,2.6
7.93,0.0,0.0255,0.0037,-0.0188,2.9
7.931,-0.0008,0.0187,0.0022,-0.0405,2.7
7.932,-0.0023,0.015,-0.0008,0.0037,3.0
7.933,-0.0046,0.0007,-0.0015,0.0817,2.8
7.934,-0.0046,-0.0015,-0.0046,0.0097,2.9
7.935,-0.0053,-0.006,-0.003,0.084,2.7
7.936,-0.0083,-0.0068,-0.003,-0.0165,2.8
7.937,-0.0083,-0.0075,-0.0046,-0.048,2.8
7.938,-0.0091,-0.0083,-0.0068,-0.0525,2.8
7.939,-0.0091,-0.0091,-0.0075,-0.0615,2.6
7.94,-0.0083,-0.024,-0.0038,0.0232,3.0
7.941,-0.0053,-0.039,-0.0046,0.123,2.7
7.942,-0.0068,-0.0465,-0.0053,0.1837,2.8
7.943,-0.006,-0.0383,-0.0053,0.0517,2.7
7.944,-0.006,-0.0315,-0.0083,0.0082,2.7
7.945,-0.0068,-0.0278,-0.0091,-0.0091,2.9
7.946,-0.006,-0.0263,-0.012,0.0127,2.7
7.947,-0.0046,-0.0263,-0.0105,0.1065,2.8
7.948,-0.0038,-0.0135,-0.0075,-0.0128,2.6
7.949,-0.0053,-0.0038,-0.0038,-0.1245,2.7
7.95,-0.0046,-0.0053,-0.003,0.012,2.7
7.951,-0.003,-0.0143,0.0,0.1387,2.7
7.952,0.0,-0.0165,0.0007,0.0652,2.7
7.953,0.003,-0.0203,0.0007,-0.0158,2.7
7.954,0.003,-0.024,0.0045,-0.1238,2.5
7.955,0.0052,-0.0135,0.0082,-0.1778,2.7
7.956,0.0067,0.0022,0.0067,-0.033,2.7
7.957,0.009,0.006,0.0052,0.0352,2.6
7.958,0.0112,-0.0008,0.0045,-0.0068,2.7
7.959,0.009,-0.0075,0.0007,0.024,2.5
7.96,0.0082,-0.0075,0.0015,0.0007,2.7
7.961,0.0067,-0.003,0.0,-0.0578,2.5
7.962,0.0067,0.0007,0.0022,0.0052,2.6
7.963,0.0052,-0.0023,0.009,0.0495,2.6
7.964,0.003,0.0015,0.0082,-0.003,2.6
7.965,0.0007,0.003,0.0082,-0.0458,2.6
7.966,-0.0008,0.0022,0.0097,-0.0308,2.6
7.967,-0.0015,0.0045,0.0082,-0.0173,2.6
7.968,-0.003,-0.0015,0.0075,-0.021,2.6
7.969,-0.003,0.0007,0.0067,-0.012,2.4
7.97,-0.0038,-0.0015,0.0067,-0.0203,2.6
7.971,-0.0038,-0.0038,0.003,-0.0233,2.4
7.972,-0.0038,-0.0053,0.0015,-0.0195,2.7
7.973,-0.0053,-0.0053,0.0007,-0.0188,2.6
7.974,-0.0068,-0.0038,-0.0008,-0.015,2.6
7.975,-0.0075,-0.0053,-0.0046,-0.012,2.6
7.976,-0.0068,-0.0046,-0.006,0.0037,2.4
7.977,-0.0046,-0.0091,-0.0068,0.0105,2.5
7.978,-0.0046,-0.0158,-0.0053,0.0157,2.5
7.979,-0.0038,-0.0188,-0.0068,0.0097,2.6
7.98,-0.0046,-0.0158,-0.0075,-0.0158,2.6
7.981,-0.0038,-0.0075,-0.0038,0.006,2.4
7.982,0.0007,0.003,-0.0008,0.0457,2.5
7.983,0.003,0.012,0.0007,0.039,2.6
7.984,0.0045,0.012,0.0015,-0.0083,2.5
7.985,0.003,0.0112,0.0015,-0.0623,2.6
7.986,0.0045,0.0112,0.0007,-0.0158,2.5
7.987,0.0075,0.0022,0.0007,0.0532,2.6
7.988,0.0082,-0.0038,0.0,0.0105,2.5
7.989,0.0067,0.0045,-0.0015,-0.0188,2.6
7.99,0.0075,0.0045,-0.0015,-0.0046,2.6
7.991,0.0112,0.0007,-0.0008,-0.006,2.5
7.992,0.0105,0.003,-0.0008,-0.003,2.7
7.993,0.0105,0.0022,-0.0008,-0.0053,2.5
7.994,0.0105,0.0075,0.0022,0.0007,2.6
7.995,0.0105,0.0045,0.003,0.0187,2.6
7.996,0.009,-0.0068,0.0015,0.024,2.6
7.997,0.0105,-0.0098,0.0015,0.0105,2.6
7.998,0.0112,-0.0068,0.0,0.0127,2.7
7.999,0.012,-0.0015,0.0007,0.0052,2.6
8.0,0.0105,0.0037,0.003,0.0052,2.6
8.001,0.0112,0.0052,0.0015,0.0682,2.5
8.002,0.0142,-0.0068,0.0045,0.0825,2.6
8.003,0.0142,-0.0105,0.0082,0.009,2.6
8.004,0.0127,0.0015,0.0127,-0.1208,2.5
8.005,0.0142,0.0127,0.0142,-0.1838,2.5
8.006,0.0142,0.0172,0.009,-0.0555,2.5
8.007,0.0127,0.0097,0.0037,0.027,2.6
8.008,0.0112,0.0097,0.0015,0.012,2.5
8.009,0.009,0.009,-0.0008,0.0277,2.6
8.01,0.0075,0.0045,-0.0038,0.0165,2.6
8.011,0.006,-0.0008,-0.0068,0.0255,2.6
8.012,0.0052,-0.0015,-0.0068,0.027,2.5
8.013,0.0037,0.0015,-0.0053,0.0232,2.4
8.014,0.003,0.006,-0.0046,0.021,2.6
8.015,0.0015,0.0142,-0.0008,-0.0158,2.6
8.016,0.0007,0.0127,0.0007,0.0067,2.5
8.017,-0.0008,0.012,0.0015,0.027,2.5
8.018,-0.003,0.0105,0.0052,0.0052,2.5
8.019,-0.0038,0.0082,0.003,-0.0015,2.6
8.02,-0.0053,0.0067,0.0007,0.0112,2.6
8.021,-0.0053,0.0105,0.0007,0.0427,2.5
8.022,-0.006,0.018,0.003,0.027,2.6
8.023,-0.0068,0.0217,0.0052,-0.0128,2.5
8.024,-0.0068,0.0247,0.0052,-0.0008,2.6
8.025,-0.003,0.012,0.0052,0.0052,2.6
8.026,-0.0038,-0.0015,0.0022,-0.003,2.4
8.027,-0.0023,-0.0015,-0.0015,-0.0053,2.6
8.028,-0.0008,-0.0083,-0.0038,0.0007,2.4
8.029,0.003,-0.0053,-0.0008,0.0105,2.6
8.03,0.006,-0.0038,0.0045,-0.0105,2.6
8.031,0.0082,-0.0046,0.0067,-0.0683,2.5
8.032,0.009,-0.0015,0.006,-0.0721,2.6
8.033,0.0082,0.0007,0.0022,-0.0585,2.6
8.034,0.009,0.0045,0.0015,-0.0691,2.6
8.035,0.0067,0.0045,0.0022,-0.0023,2.6
8.036,0.0037,-0.0023,0.0015,0.024,2.5
8.037,0.0045,-0.0053,0.0045,0.0165,2.7
8.038,0.0045,0.0037,0.003,0.174,2.7
8.039,0.0045,-0.0173,0.0022,0.195,2.6
8.04,0.0045,-0.0383,0.003,-0.099,2.5
8.041,0.0015,-0.027,0.003,-0.0893,2.6
8.042,0.0007,-0.021,0.003,0.0367,2.7
8.043,0.0,-0.0158,0.0007,-0.0578,2.6
8.044,-0.0008,-0.012,-0.0008,-0.0083,2.7
8.045,0.0,-0.0128,-0.0023,0.0135,2.6
8.046,0.0007,-0.0128,-0.0046,0.063,2.6
8.047,0.0,-0.015,-0.0053,0.0352,2.6
8.048,-0.0008,-0.0143,-0.0038,-0.0938,2.6
8.049,0.0022,-0.0113,-0.0023,-0.0511,2.5
8.05,0.0045,0.0007,0.0007,-0.0511,2.6
8.051,0.0045,0.0135,0.0007,-0.0143,2.6
8.052,0.0037,0.012,0.0007,0.0112,2.6
8.053,0.0,0.0007,-0.0008,0.0127,2.6
8.054,0.0,-0.0158,-0.0008,0.0742,2.6
8.055,0.0007,-0.0233,0.0015,0.0315,2.6
8.056,-0.0008,-0.0091,0.0022,0.024,2.6
8.057,-0.0015,0.0007,0.003,0.0292,3.0
8.058,-0.0023,0.003,0.0015,-0.057,2.6
8.059,-0.003,0.0082,0.0022,-0.099,2.7
8.06,-0.0008,0.0082,0.0015,-0.0428,2.6
8.061,-0.0008,0.0082,0.0007,0.0,2.8
8.062,-0.003,0.0052,-0.0008,-0.0083,2.7
8.063,-0.003,0.003,-0.0053,0.0015,2.6
8.064,-0.0008,0.0007,-0.0068,-0.0015,2.5
8.065,0.0007,-0.0008,-0.0046,0.0015,2.8
8.066,0.0007,0.0,-0.0046,0.0127,2.6
8.067,-0.0023,-0.0023,-0.0068,0.009,2.6
8.068,-0.003,-0.0075,-0.0068,0.0187,2.6
8.069,-0.0046,-0.0098,-0.0053,0.0195,2.6
8.07,-0.0046,-0.0091,-0.0046,0.0232,2.6
8.071,-0.003,-0.0075,-0.003,0.0195,2.6
8.072,0.0007,-0.0015,-0.003,0.009,2.8
8.073,0.0015,0.0015,-0.0015,0.009,2.6
8.074,0.0052,0.0052,0.0,0.0052,2.8
8.075,0.0082,0.0067,-0.0008,0.0045,2.6
8.076,0.0082,0.0052,0.0,0.0015,2.7
8.077,0.012,0.0037,0.0015,0.0007,2.7
8.078,0.0142,0.0015,0.0007,0.0,2.7
8.079,0.0172,0.003,-0.0023,-0.0015,2.9
8.08,0.0202,0.0007,-0.0008,-0.003,2.8
8.081,0.0195,0.0,-0.0008,-0.0046,2.6
8.082,0.0165,-0.003,-0.0008,-0.0038,3.0
8.083,0.0142,-0.003,0.003,-0.003,2.7
8.084,0.0135,-0.0015,0.0007,-0.0008,2.9
8.085,0.015,0.0,0.0007,0.0007,2.9
8.086,0.015,0.0007,0.0007,0.0007,2.8
8.087,0.012,0.0007,-0.0015,-0.0008,2.9
8.088,0.0067,0.0015,0.0007,0.003,2.9
8.089,0.0052,0.003,0.0007,0.0052,3.0
8.09,0.0037,0.0015,0.0022,0.0007,2.9
8.091,0.0045,0.0015,0.0,-0.0015,3.1
8.092,0.003,0.0007,0.0022,-0.0023,3.1
8.093,-0.0053,-0.0008,0.003,-0.0023,2.8
8.094,-0.012,0.0,-0.0008,-0.0015,3.1
8.095,-0.0105,0.0,0.0007,-0.0008,3.1
8.096,-0.0091,0.0015,0.0007,0.0045,3.1
8.097,-0.0075,0.003,0.0007,0.0067,3.2
8.098,-0.0046,0.0015,0.0007,0.0105,3.0
8.099,-0.0015,0.0007,0.0015,0.012,3.2
8.1,-0.0008,-0.0015,0.003,0.0135,3.1
8.101,-0.0008,-0.0015,0.0015,0.0165,3.1
8.102,-0.0046,-0.0008,-0.0008,0.0165,3.2
8.103,-0.0098,-0.0015,-0.0015,0.0172,3.2
8.104,-0.0091,-0.0015,-0.0015,0.018,3.5
8.105,-0.0068,-0.0015,-0.0015,0.0165,3.3
8.106,-0.003,0.0,-0.0008,0.015,3.4
8.107,-0.0038,0.0015,-0.003,0.0105,3.4
8.108,-0.0023,0.0037,-0.003,0.0082,3.4
8.109,0.0015,0.0045,0.0,0.0045,3.5
8.11,0.0045,0.0037,0.0015,0.0015,3.3
8.111,0.0015,0.0037,0.0007,0.0,3.5
8.112,-0.0105,0.0052,0.0,-0.003,3.6
8.113,-0.0113,0.0052,0.0007,-0.0053,3.5
8.114,-0.006,0.0015,0.0,-0.0068,3.5
8.115,-0.0068,0.0015,0.003,-0.0083,3.6
8.116,-0.0091,0.003,0.003,-0.0075,3.6
8.117,-0.012,0.003,0.0015,-0.0105,3.8
8.118,-0.0046,0.003,0.0037,-0.0105,3.4
8.119,0.0015,0.003,0.0022,-0.0143,3.8
8.12,0.0007,0.0022,0.0015,-0.0203,3.6
8.121,-0.0008,0.0015,0.0015,-0.0203,3.8
8.122,0.0045,0.0015,0.003,-0.0218,3.7
8.123,0.0045,-0.0008,0.003,-0.0233,3.7
8.124,0.0007,-0.003,0.003,-0.0248,3.9
8.125,0.0015,-0.0046,0.0037,-0.0278,3.8
8.126,-0.0015,-0.0046,0.0037,-0.0278,3.9
8.127,-0.003,-0.003,0.0045,-0.0293,3.8
8.128,-0.003,-0.0046,0.003,-0.0293,3.9
8.129,-0.0023,-0.0023,0.0045,-0.0293,3.9
8.13,-0.0015,-0.0008,0.0052,-0.03,4.0
8.131,-0.0015,-0.0015,0.003,-0.027,4.0
8.132,0.0015,-0.0023,0.0022,-0.0263,4.1
8.133,0.0045,-0.003,0.0015,-0.0256,4.0
8.134,0.0082,-0.0046,0.0015,-0.0248,4.1
8.135,0.0105,-0.003,0.0015,-0.021,4.1
8.136,0.012,-0.0015,0.0022,-0.0158,4.2
8.137,0.0082,0.0007,0.0052,-0.0105,4.1
8.138,0.0067,0.003,0.0052,-0.0068,4.1
8.139,0.0067,0.0022,0.003,-0.003,4.4
8.14,0.0052,0.003,0.0045,0.0015,4.1
8.141,0.0052,0.003,0.0022,0.0067,4.4
8.142,0.009,0.003,0.0007,0.0082,4.3
8.143,0.0142,0.0015,-0.0023,0.0045,4.4
8.144,0.0142,0.0007,-0.0046,0.0022,4.5
8.145,0.012,-0.0008,-0.003,0.003,4.5
8.146,0.0135,-0.0015,-0.003,0.003,4.5
8.147,,,,,
