Time_s,RF,BF,VM,ST,FX
0.0,-0.0023,-0.0256,0.0037,-0.0218,-4.2
0.001,-0.003,-0.0218,0.0015,-0.006,-4.2
0.002,-0.0023,-0.0113,0.0007,0.015,-4.2
0.003,-0.0008,-0.0008,0.0007,0.0352,-4.2
0.004,-0.0008,-0.0083,0.0007,0.036,-4.2
0.005,0.0007,-0.0068,0.0015,0.0142,-4.2
0.006,0.0007,-0.0046,0.003,-0.0023,-4.2
0.007,-0.0008,-0.0068,0.0052,-0.0083,-4.2
0.008,0.0007,-0.0053,0.0045,-0.0083,-4.2
0.009,0.0015,-0.0098,0.003,-0.0091,-4.2
0.01,0.0007,-0.0083,0.0045,-0.0105,-4.2
0.011,0.0015,-0.0091,0.0052,-0.0091,-4.2
0.012,0.0007,-0.006,0.0045,-0.0091,-4.2
0.013,-0.0015,-0.0053,0.0045,-0.0083,-4.2
0.014,-0.003,-0.0053,0.003,-0.0083,-4.2
0.015,-0.003,-0.0046,0.003,-0.0068,-4.2
0.016,-0.0015,-0.0023,0.0045,-0.0038,-4.2
0.017,0.0007,0.0022,0.0022,-0.0038,-4.2
0.018,0.0022,0.0,0.0022,-0.0023,-4.2
0.019,0.0037,-0.0015,0.0015,0.0007,-4.2
0.02,0.0015,-0.0015,0.0015,0.0015,-4.2
0.021,0.0015,-0.0053,0.0007,0.0015,-4.2
0.022,0.0007,-0.0046,0.0015,0.0007,-4.2
0.023,0.0015,-0.0053,0.0015,0.0007,-4.2
0.024,0.003,-0.0046,-0.0008,-0.0015,-4.2
0.025,-0.0008,0.0,-0.003,0.0015,-4.2
0.026,-0.0008,-0.0008,-0.0053,0.0015,-4.2
0.027,0.0007,-0.006,-0.006,0.0022,-4.2
0.028,-0.0015,-0.0105,-0.0053,0.003,-4.2
0.029,-0.0008,-0.006,-0.0053,0.0045,-4.2
0.03,-0.0023,0.0007,-0.0038,0.0097,-4.2
0.031,-0.0015,0.0022,-0.0046,0.0127,-4.2
0.032,-0.0015,0.0067,-0.0038,0.0142,-4.2
0.033,-0.003,0.0075,-0.0015,0.012,-4.2
0.034,-0.0008,0.0127,0.0,0.009,-4.2
0.035,0.0007,0.027,0.0,0.0112,-4.2
0.036,0.0015,0.039,0.0007,0.012,-4.2
0.037,0.003,0.0285,0.003,0.006,-4.2
0.038,0.0022,0.0112,0.0037,0.0022,-4.2
0.039,0.0007,0.006,0.003,0.0007,-4.2
0.04,-0.003,-0.0015,0.0015,0.003,-4.2
0.041,-0.0038,0.0,0.0,0.0075,-4.2
0.042,-0.003,-0.0008,-0.0008,0.003,-4.1
0.043,-0.0015,-0.0038,0.0015,0.0015,-4.1
0.044,-0.0008,-0.0046,0.0007,0.0,-4.1
0.045,-0.003,-0.0068,-0.0008,0.003,-4.1
0.046,-0.003,-0.0091,-0.0008,0.006,-4.1
0.047,-0.0023,-0.0105,-0.0008,0.006,-4.1
0.048,0.0007,-0.0053,0.0,0.0075,-4.1
0.049,0.0007,-0.0008,0.0007,0.009,-4.1
0.05,-0.0008,-0.0015,0.0007,0.009,-4.1
0.051,-0.003,-0.0023,0.0,0.0045,-4.1
0.052,-0.0046,0.0007,-0.0015,0.0015,-4.1
0.053,-0.0053,-0.0008,-0.0008,0.0007,-4.1
0.054,-0.0046,0.0,0.003,0.0015,-4.0
0.055,-0.0008,0.0037,0.0015,0.0007,-4.0
0.056,0.0,0.003,0.0022,0.0015,-4.0
0.057,-0.0008,0.0052,0.0015,0.003,-4.0
0.058,-0.003,0.003,0.0015,0.0022,-4.0
0.059,-0.0023,0.0022,0.0007,0.003,-4.0
0.06,-0.0008,0.0037,0.0007,0.003,-4.0
0.061,-0.0023,0.0015,0.0007,0.0052,-4.0
0.062,-0.0015,-0.0053,-0.0008,0.0052,-3.9
0.063,-0.0015,-0.0105,-0.0008,0.0052,-3.9
0.064,-0.0015,-0.006,0.0015,0.009,-3.9
0.065,-0.0015,-0.006,0.0007,0.009,-3.9
0.066,-0.0038,-0.0046,0.0,0.012,-3.9
0.067,-0.0046,-0.003,0.0007,0.0112,-3.9
0.068,-0.0046,-0.0023,-0.0015,0.0112,-3.9
0.069,-0.0038,-0.003,-0.0008,0.0127,-3.9
0.07,-0.003,-0.0046,0.0015,0.0105,-3.8
0.071,-0.0008,0.0022,0.003,0.0082,-3.8
0.072,0.0015,0.0015,0.0052,0.0082,-3.8
0.073,0.0022,-0.0038,0.0067,0.0067,-3.8
0.074,0.003,-0.0128,0.0067,0.0045,-3.8
0.075,0.0015,-0.021,0.0052,0.0015,-3.8
0.076,0.0015,-0.0233,0.0045,-0.0023,-3.8
0.077,-0.0008,-0.024,0.0037,-0.0046,-3.8
0.078,-0.0008,-0.0188,0.003,-0.0053,-3.7
0.079,-0.0008,-0.0158,0.0037,-0.006,-3.7
0.08,0.0007,-0.0158,0.0022,-0.0053,-3.7
0.081,0.0007,-0.0105,0.003,-0.0046,-3.7
0.082,0.0007,-0.0083,0.0022,-0.006,-3.7
0.083,0.0007,-0.0105,0.0022,-0.0083,-3.7
0.084,-0.0015,-0.0113,0.0045,-0.0068,-3.7
0.085,-0.0015,-0.0128,0.0067,-0.0083,-3.6
0.086,0.0,-0.012,0.006,-0.0053,-3.6
0.087,-0.0008,-0.0068,0.0045,-0.0068,-3.6
0.088,0.0007,-0.0053,0.0052,-0.0113,-3.6
0.089,0.0007,-0.0015,0.0052,-0.012,-3.6
0.09,0.0007,0.0007,0.0045,-0.012,-3.6
0.091,0.0015,0.0022,0.0015,-0.0091,-3.6
0.092,0.0007,0.0067,-0.0015,-0.0083,-3.6
0.093,-0.0008,0.0082,-0.0015,-0.0105,-3.5
0.094,-0.0023,0.0075,-0.0008,-0.0113,-3.5
0.095,-0.0015,0.0037,-0.0008,-0.0105,-3.5
0.096,-0.0015,0.0052,0.0,-0.0128,-3.5
0.097,-0.0046,0.0082,-0.0008,-0.0143,-3.5
0.098,-0.0023,0.009,-0.0023,-0.0113,-3.5
0.099,-0.0015,0.009,-0.003,-0.0091,-3.4
0.1,-0.0008,0.0067,-0.0008,-0.0075,-3.4
0.101,0.0,0.0022,-0.0008,-0.0091,-3.4
0.102,0.0,0.0,-0.0023,-0.0091,-3.4
0.103,0.0,0.0015,-0.0015,-0.006,-3.4
0.104,-0.0015,0.003,-0.003,-0.006,-3.4
0.105,-0.0008,0.0007,-0.0015,-0.0046,-3.4
0.106,-0.0008,0.0007,0.0,-0.0053,-3.4
0.107,0.0,0.003,-0.0008,-0.0038,-3.4
0.108,0.0007,0.0015,0.0007,-0.0046,-3.3
0.109,0.0015,0.0015,0.0015,-0.0053,-3.3
0.11,0.0022,0.0,0.0015,-0.0053,-3.3
0.111,0.0007,-0.0046,-0.0008,-0.0053,-3.3
0.112,-0.0008,-0.0068,-0.003,-0.0053,-3.3
0.113,0.0007,-0.0075,-0.003,-0.0053,-3.3
0.114,0.0,-0.0053,-0.0015,-0.0053,-3.3
0.115,0.0,-0.0046,0.0007,-0.0053,-3.3
0.116,0.0007,-0.0046,0.0,-0.0023,-3.3
0.117,0.0007,-0.0075,0.0,-0.0008,-3.3
0.118,-0.0008,-0.0038,-0.0008,-0.0023,-3.2
0.119,0.0007,0.0142,-0.0008,-0.0015,-3.2
0.12,0.0007,0.0307,0.0015,-0.0015,-3.2
0.121,0.0007,0.0187,0.0007,-0.0023,-3.2
0.122,0.0015,0.0105,0.0015,-0.0008,-3.2
0.123,0.0007,0.0127,0.0007,0.0015,-3.2
0.124,0.0007,0.0045,-0.003,0.0015,-3.2
0.125,0.0015,0.0052,-0.003,0.0015,-3.2
0.126,0.0022,0.0022,-0.0015,0.0045,-3.2
0.127,0.003,0.0015,-0.0015,0.012,-3.2
0.128,0.003,0.0015,-0.0008,0.0135,-3.2
0.129,0.0037,-0.003,-0.0015,0.012,-3.2
0.13,0.0007,0.0,-0.0008,0.0105,-3.1
0.131,0.0007,-0.0008,0.0,0.0105,-3.1
0.132,0.0037,-0.0023,0.0007,0.0112,-3.1
0.133,0.0015,-0.0046,0.0015,0.009,-3.1
0.134,0.0007,-0.0053,0.003,0.006,-3.1
0.135,0.0,-0.0068,0.0045,0.006,-3.1
0.136,-0.0008,-0.006,0.0067,0.0067,-3.1
0.137,-0.0015,-0.0023,0.006,0.0067,-3.1
0.138,-0.0015,-0.0053,0.0052,0.0067,-3.0
0.139,-0.0015,-0.006,0.0052,0.0052,-3.0
0.14,-0.003,-0.006,0.0045,0.0067,-3.0
0.141,-0.0008,-0.006,0.0045,0.0067,-3.0
0.142,-0.0008,-0.0075,0.0015,0.0037,-3.0
0.143,0.0007,-0.0105,0.0015,0.0052,-3.0
0.144,-0.0008,-0.0068,0.0007,0.0052,-3.0
0.145,-0.0015,-0.0105,0.0,0.0045,-2.9
0.146,-0.003,-0.0181,0.0007,0.006,-2.9
0.147,-0.0075,-0.0181,-0.0008,0.006,-2.9
0.148,-0.006,-0.0173,-0.0015,0.0067,-2.9
0.149,-0.0053,-0.0181,-0.0008,0.0052,-2.9
0.15,-0.0053,-0.0165,0.0022,0.0037,-2.8
0.151,-0.0053,-0.0143,0.003,0.003,-2.8
0.152,-0.0046,-0.0105,0.0015,0.0022,-2.8
0.153,-0.0015,-0.0098,0.0015,0.003,-2.8
0.154,-0.0015,-0.0083,0.0007,0.0022,-2.8
0.155,0.0,-0.0046,0.0007,0.0037,-2.8
0.156,0.0015,-0.0015,0.0007,0.0045,-2.7
0.157,0.0007,-0.0008,-0.0015,0.0052,-2.7
0.158,0.0,0.0007,-0.0008,0.0045,-2.7
0.159,-0.0015,0.003,-0.0008,-0.0015,-2.7
0.16,-0.0023,0.0052,-0.0008,-0.0015,-2.7
0.161,-0.003,0.003,-0.0015,0.0015,-2.7
0.162,-0.0046,0.0015,-0.0008,0.0015,-2.7
0.163,-0.0023,0.0015,0.0015,0.0022,-2.7
0.164,-0.0015,0.003,0.003,0.003,-2.7
0.165,-0.003,0.0067,0.003,0.0067,-2.6
0.166,-0.003,0.0082,0.003,0.0127,-2.6
0.167,-0.0038,0.0052,0.0015,0.0097,-2.6
0.168,-0.003,0.0007,0.0022,0.0052,-2.6
0.169,-0.0046,-0.003,0.0022,0.009,-2.6
0.17,-0.0046,-0.0068,0.0015,0.0195,-2.6
0.171,-0.0015,-0.0098,0.0015,0.0232,-2.6
0.172,-0.003,-0.0113,0.0015,0.0195,-2.5
0.173,-0.003,-0.0128,0.0022,0.0127,-2.5
0.174,-0.0023,-0.0075,0.003,0.0082,-2.5
0.175,-0.003,0.0045,0.0015,0.0052,-2.5
0.176,-0.0023,0.012,-0.0008,0.0037,-2.5
0.177,0.0,0.006,-0.0015,0.0037,-2.5
0.178,0.0015,0.0015,0.0,0.003,-2.5
0.179,0.0015,-0.0008,0.0007,0.0015,-2.4
0.18,0.0015,-0.0008,0.0007,0.0007,-2.4
0.181,0.0015,0.0015,0.0007,0.0015,-2.4
0.182,0.003,0.0015,0.0007,0.003,-2.4
0.183,0.0052,0.003,-0.0008,0.003,-2.4
0.184,0.003,0.0007,-0.0015,0.0015,-2.3
0.185,0.0015,-0.0008,-0.0008,0.0,-2.3
0.186,0.0015,-0.0008,0.0,0.0,-2.3
0.187,0.0015,0.0015,0.0,-0.0008,-2.3
0.188,0.0022,0.0015,0.0007,-0.0008,-2.3
0.189,0.003,0.003,0.0007,-0.0008,-2.3
0.19,0.0015,0.0075,0.0,-0.0008,-2.2
0.191,0.0007,0.0112,-0.0008,-0.0023,-2.2
0.192,0.003,0.0105,0.0,-0.0023,-2.2
0.193,0.003,0.0082,-0.0008,-0.0015,-2.2
0.194,0.003,0.0082,-0.0015,-0.003,-2.2
0.195,0.0007,0.0052,0.0,-0.0046,-2.1
0.196,0.0007,0.0037,0.0007,-0.0046,-2.1
0.197,-0.0015,0.0015,0.0015,-0.006,-2.1
0.198,-0.003,0.0015,0.0007,-0.0038,-2.1
0.199,-0.0008,0.0007,0.0045,0.0007,-2.0
0.2,-0.0008,-0.0008,0.0052,0.0045,-2.0
0.201,-0.0015,0.0007,0.0045,0.0052,-2.0
0.202,-0.0015,0.003,0.0037,0.0015,-2.0
0.203,-0.003,0.0052,0.003,0.0015,-1.9
0.204,-0.0023,0.0022,0.0037,0.0015,-1.9
0.205,-0.0008,-0.0015,0.0022,0.0015,-1.9
0.206,-0.0023,-0.0008,0.0022,0.003,-1.9
0.207,-0.003,-0.0015,0.0007,0.003,-1.9
0.208,-0.0023,-0.0046,0.0015,0.0037,-1.8
0.209,-0.003,-0.0083,0.0022,0.003,-1.8
0.21,-0.0023,-0.0091,0.0015,0.0015,-1.8
0.211,-0.0015,-0.0105,0.0015,0.0007,-1.8
0.212,-0.0008,-0.0143,0.0015,0.0015,-1.8
0.213,-0.0008,-0.0218,0.0007,0.0015,-1.7
0.214,-0.0023,-0.0256,0.0015,0.0007,-1.7
0.215,-0.0008,-0.0233,0.0007,0.0007,-1.7
0.216,-0.0008,-0.0218,0.0007,0.0015,-1.7
0.217,-0.0008,-0.0165,0.0,0.0022,-1.7
0.218,-0.0015,-0.0173,-0.0015,0.003,-1.6
0.219,-0.003,-0.0173,0.0007,0.0015,-1.6
0.22,-0.0015,-0.012,0.0,0.0015,-1.6
0.221,-0.0008,-0.0091,-0.0015,0.0007,-1.5
0.222,-0.0008,-0.0068,0.0007,0.0015,-1.5
0.223,0.0,-0.003,0.0015,0.0007,-1.5
0.224,-0.0008,0.0022,0.0007,-0.0008,-1.5
0.225,0.0007,0.003,0.0015,-0.0008,-1.4
0.226,0.0015,0.003,0.0,0.003,-1.4
0.227,-0.0015,-0.0008,0.0,0.0045,-1.4
0.228,-0.0023,-0.0023,0.0007,0.003,-1.4
0.229,-0.003,-0.0008,0.0015,0.0045,-1.4
0.23,-0.0053,-0.0015,0.0015,0.0052,-1.4
0.231,-0.0053,0.0022,0.0015,0.006,-1.3
0.232,-0.0053,0.003,0.0007,0.0045,-1.3
0.233,-0.003,0.0045,0.0007,0.0007,-1.3
0.234,0.0,0.0022,0.0015,0.0007,-1.3
0.235,0.0037,0.003,0.0015,0.0,-1.2
0.236,0.0045,0.0082,-0.003,0.0015,-1.2
0.237,0.003,0.0112,-0.0023,0.0007,-1.2
0.238,0.0045,0.012,-0.0015,-0.0008,-1.2
0.239,0.0045,0.0075,-0.0015,-0.0008,-1.2
0.24,0.0037,0.0037,-0.0008,-0.0008,-1.1
0.241,0.0007,0.003,0.0007,-0.0008,-1.1
0.242,-0.0015,0.0007,-0.0008,0.0,-1.1
0.243,-0.0038,0.0,-0.0015,-0.0008,-1.1
0.244,-0.0053,0.0022,0.0,0.0,-1.0
0.245,-0.0053,-0.0015,0.0007,-0.0008,-1.0
0.246,-0.0046,-0.0008,0.0015,-0.0015,-1.0
0.247,-0.0046,0.0007,0.0015,0.0,-1.0
0.248,-0.003,0.0,0.0007,-0.0008,-1.0
0.249,-0.0008,0.0007,0.0015,0.0,-0.9
0.25,-0.0015,0.0007,0.0045,0.003,-0.9
0.251,-0.0015,0.006,0.0045,0.0067,-0.9
0.252,-0.0008,0.0045,0.003,0.006,-0.9
0.253,-0.0015,0.003,0.0022,0.0045,-0.9
0.254,0.0007,0.0045,0.003,0.0052,-0.9
0.255,0.0015,0.003,0.0015,0.006,-0.9
0.256,0.0015,0.003,0.0007,0.0082,-0.9
0.257,0.0022,0.0007,0.003,0.0097,-0.8
0.258,0.0,-0.0008,0.003,0.009,-0.8
0.259,-0.003,-0.0023,0.0015,0.0052,-0.8
0.26,-0.003,-0.0038,-0.0008,0.0022,-0.8
0.261,-0.0008,-0.0046,-0.0015,0.0007,-0.8
0.262,-0.0008,-0.006,-0.0008,-0.0023,-0.7
0.263,-0.0008,-0.0053,0.0007,-0.0015,-0.7
0.264,-0.0008,-0.0068,0.0015,-0.003,-0.7
0.265,-0.0008,-0.0083,0.0007,-0.0046,-0.7
0.266,-0.0008,-0.0075,-0.0008,-0.003,-0.7
0.267,0.0015,-0.006,0.0045,-0.003,-0.6
0.268,0.0067,-0.006,0.0067,-0.0023,-0.6
0.269,0.0075,-0.0091,0.003,-0.0015,-0.6
0.27,0.0052,-0.0053,0.0022,0.0007,-0.6
0.271,0.0015,-0.0046,0.0,0.0007,-0.6
0.272,0.0015,-0.003,-0.0008,-0.0015,-0.5
0.273,0.0037,-0.003,-0.0008,0.0015,-0.5
0.274,0.003,-0.0008,-0.0008,0.003,-0.5
0.275,0.003,0.0022,0.0007,0.0022,-0.5
0.276,0.0015,-0.0015,0.0015,0.003,-0.5
0.277,0.0007,-0.0015,0.003,0.0015,-0.5
0.278,0.0022,0.0015,0.0037,0.0007,-0.5
0.279,-0.0008,0.003,0.0045,-0.0023,-0.4
0.28,-0.0008,0.0022,0.0022,-0.003,-0.4
0.281,-0.0008,-0.0008,0.0015,-0.0015,-0.4
0.282,0.0007,-0.0015,0.0,-0.0008,-0.4
0.283,0.003,-0.0023,0.0,0.0007,-0.4
0.284,-0.0015,-0.003,0.0007,0.0037,-0.4
0.285,-0.0008,-0.0053,0.0007,0.0045,-0.4
0.286,0.0007,-0.0068,0.0007,0.003,-0.3
0.287,-0.0015,-0.0046,-0.0015,0.0067,-0.3
0.288,-0.0046,-0.0053,-0.0008,0.0067,-0.3
0.289,-0.0083,-0.0105,-0.0015,0.0045,-0.3
0.29,-0.0083,-0.0173,-0.0008,0.0022,-0.3
0.291,-0.0053,-0.0181,0.0,-0.0008,-0.3
0.292,-0.006,-0.0143,0.0015,-0.0015,-0.3
0.293,-0.0046,-0.0143,0.0,0.0045,-0.3
0.294,-0.0046,-0.0158,-0.0015,0.006,-0.3
0.295,-0.0038,-0.0165,-0.0008,0.0015,-0.2
0.296,-0.003,-0.0128,-0.0015,-0.0008,-0.2
0.297,-0.003,-0.0105,-0.0015,0.0,-0.2
0.298,0.0007,-0.0098,-0.003,0.0015,-0.2
0.299,0.0015,-0.0068,-0.0038,0.0015,-0.2
0.3,0.0015,-0.0023,-0.0023,0.0052,-0.2
0.301,0.0015,-0.0023,-0.0015,0.0075,-0.2
0.302,0.0007,-0.003,-0.0023,0.003,-0.2
0.303,0.0015,-0.0008,-0.0008,-0.0038,-0.2
0.304,0.0,0.0015,-0.0008,-0.0015,-0.2
0.305,0.0022,0.0075,-0.0008,0.0015,-0.1
0.306,0.0052,0.003,-0.0008,0.0007,-0.1
0.307,0.0015,-0.0053,-0.0015,-0.0023,-0.1
0.308,-0.0015,-0.0091,-0.0023,-0.0015,-0.1
0.309,-0.0046,-0.012,-0.0023,-0.0015,-0.1
0.31,-0.006,-0.0091,-0.0008,-0.0023,-0.1
0.311,-0.0053,-0.0046,0.0015,-0.0015,-0.1
0.312,-0.0046,-0.0015,0.0015,0.0007,-0.1
0.313,-0.0053,0.003,0.0015,0.0,-0.1
0.314,-0.0053,0.003,0.0015,-0.0015,-0.1
0.315,-0.0038,0.0045,0.0045,0.0007,-0.1
0.316,-0.0023,0.003,0.0052,0.0007,-0.1
0.317,-0.0008,0.0045,0.0052,-0.0008,-0.1
0.318,0.0015,0.0052,0.0052,0.0007,-0.1
0.319,-0.0015,0.0045,0.0037,0.0015,-0.1
0.32,-0.0023,0.0037,0.0045,0.0022,-0.1
0.321,-0.0015,0.0,0.003,-0.0008,-0.1
0.322,-0.0015,-0.0015,0.0037,0.0007,0.0
0.323,-0.0015,0.0,0.003,0.003,0.0
0.324,-0.0046,0.0015,0.003,0.0037,0.0
0.325,-0.0046,-0.0008,0.003,0.003,0.0
0.326,-0.003,-0.0015,0.003,0.003,0.0
0.327,-0.0038,-0.003,0.0037,0.003,0.0
0.328,-0.0023,-0.0046,0.0022,0.0015,0.0
0.329,0.0,-0.0023,0.003,0.0015,0.0
0.33,0.0015,-0.003,0.0015,0.003,0.0
0.331,-0.0023,-0.006,0.003,0.003,0.0
0.332,-0.003,-0.0046,0.0045,0.0052,0.1
0.333,-0.0015,-0.0015,0.0015,0.0075,0.1
0.334,-0.0038,-0.0008,0.003,0.0082,0.1
0.335,-0.0046,0.0,0.0015,0.0067,0.1
0.336,-0.003,-0.0015,0.0022,0.0052,0.1
0.337,-0.0008,-0.0008,0.0045,0.003,0.1
0.338,-0.0008,0.003,0.0045,0.0022,0.1
0.339,-0.0023,0.003,0.0052,0.0015,0.2
0.34,-0.0046,0.003,0.003,0.0015,0.2
0.341,-0.0046,0.0045,0.0015,0.0,0.2
0.342,-0.0038,0.009,0.0007,-0.0015,0.2
0.343,-0.003,0.0112,0.0015,-0.0008,0.2
0.344,-0.0008,0.0082,0.0037,0.0,0.3
0.345,0.0022,0.0075,0.0007,0.0007,0.3
0.346,0.0022,0.0075,-0.0015,0.0007,0.3
0.347,-0.003,0.0045,-0.0015,0.0,0.4
0.348,-0.0091,0.0052,-0.0008,0.0007,0.4
0.349,-0.0143,0.0082,-0.0008,0.0045,0.4
0.35,-0.0091,0.009,-0.003,0.0052,0.4
0.351,-0.0015,0.009,-0.0015,0.0045,0.4
0.352,0.0045,0.0135,-0.0008,0.0045,0.4
0.353,0.0127,0.0157,-0.0008,0.0,0.4
0.354,0.0172,0.0052,0.0015,-0.0015,0.5
0.355,0.0187,-0.0053,0.0015,-0.0008,0.5
0.356,0.0165,-0.0091,0.0015,-0.0008,0.5
0.357,0.0142,-0.0143,0.0015,-0.0008,0.6
0.358,0.0127,-0.024,0.0015,0.0007,0.6
0.359,0.009,-0.0315,0.0007,0.0,0.6
0.36,0.0015,-0.0338,-0.0008,-0.0008,0.6
0.361,-0.0046,-0.0368,-0.0008,-0.0015,0.7
0.362,-0.0083,-0.0353,-0.0023,-0.003,0.7
0.363,-0.0098,-0.0315,-0.0023,-0.003,0.7
0.364,-0.0068,-0.027,-0.0015,-0.003,0.7
0.365,-0.0053,-0.0181,-0.0008,-0.0008,0.8
0.366,-0.0015,-0.0128,-0.0015,0.0,0.8
0.367,-0.0015,-0.0098,0.0,-0.0008,0.8
0.368,-0.0008,-0.0105,0.0,-0.0008,0.8
0.369,0.0015,-0.0091,0.0007,-0.0008,0.9
0.37,0.0,-0.0038,0.0007,0.0,0.9
0.371,0.0007,0.0015,-0.0008,0.0007,0.9
0.372,0.0022,0.0052,0.0,0.0015,0.9
0.373,0.0007,0.006,-0.0015,0.0015,0.9
0.374,0.003,0.0067,-0.0015,0.0015,1.0
0.375,0.0015,0.0082,-0.0008,0.0037,1.0
0.376,0.0007,0.0105,0.0007,0.0045,1.0
0.377,0.003,0.0127,0.0015,0.0022,1.0
0.378,0.0,0.0195,0.003,0.0037,1.1
0.379,-0.0015,0.0232,0.0037,0.0037,1.1
0.38,-0.003,0.0142,0.003,0.0015,1.1
0.381,-0.0046,0.0045,0.0037,0.0,1.2
0.382,-0.0046,-0.0038,0.0037,-0.0008,1.2
0.383,-0.0053,-0.0098,0.0015,0.0,1.2
0.384,-0.003,-0.0113,0.003,-0.0008,1.3
0.385,-0.0008,-0.0143,0.006,-0.0023,1.3
0.386,-0.0008,-0.0105,0.0045,-0.0015,1.3
0.387,0.0007,-0.0038,0.003,-0.0015,1.3
0.388,0.0015,-0.0008,0.0015,-0.0008,1.4
0.389,0.0007,0.0015,-0.0008,0.0022,1.4
0.39,0.0007,0.0007,0.0007,0.003,1.5
0.391,-0.0023,0.0015,0.0015,0.003,1.5
0.392,-0.0075,0.0067,0.0037,0.0015,1.5
0.393,-0.0113,0.018,0.003,0.003,1.6
0.394,-0.0091,0.0217,0.003,0.003,1.6
0.395,-0.0015,0.0105,0.003,0.0007,1.6
0.396,0.0037,0.0015,0.0045,0.0015,1.7
0.397,0.0082,-0.0105,0.003,0.0022,1.7
0.398,0.006,-0.024,-0.0008,0.0022,1.7
0.399,-0.006,-0.0256,-0.003,0.003,1.8
0.4,-0.0128,-0.0105,-0.0038,0.0037,1.8
0.401,-0.0008,-0.0038,-0.0046,0.0045,1.8
0.402,0.006,-0.0053,-0.0046,0.0067,1.9
0.403,0.0105,0.0135,-0.0038,0.0075,1.9
0.404,0.0165,0.0202,-0.003,0.006,2.0
0.405,0.0157,0.0165,-0.003,0.006,2.0
0.406,0.0142,0.018,-0.0015,0.0045,2.0
0.407,0.0082,0.0105,0.0,0.0022,2.1
0.408,0.006,0.009,0.0007,0.0,2.1
0.409,0.003,0.0075,0.0,0.0,2.2
0.41,-0.006,0.0082,0.0,0.003,2.2
0.411,-0.0105,0.0052,0.0022,0.0045,2.2
0.412,-0.0165,0.0007,0.0037,0.0015,2.3
0.413,-0.0181,0.0007,0.0015,-0.003,2.3
0.414,-0.0181,-0.0015,0.0007,-0.003,2.4
0.415,-0.0143,-0.0023,0.0022,-0.0038,2.4
0.416,-0.012,-0.0008,0.0022,-0.003,2.4
0.417,-0.0113,0.0045,0.0015,-0.0038,2.5
0.418,-0.0046,0.0075,0.0007,-0.003,2.5
0.419,-0.003,0.0127,0.0007,-0.0046,2.6
0.42,-0.0038,0.0165,-0.0008,0.0045,2.6
0.421,-0.0023,0.0075,-0.003,0.0105,2.6
0.422,-0.003,-0.0015,-0.0015,0.006,2.7
0.423,-0.003,-0.006,-0.0008,0.0067,2.7
0.424,-0.0008,-0.0091,0.0007,0.006,2.8
0.425,0.0007,-0.0105,0.0007,0.006,2.9
0.426,0.003,-0.0083,-0.0008,0.006,2.9
0.427,0.0037,-0.0075,-0.0038,0.0037,3.0
0.428,0.0045,-0.0105,-0.003,-0.0008,3.0
0.429,0.0052,-0.0083,-0.0015,0.0007,3.1
0.43,0.0045,-0.0008,-0.0015,0.0007,3.1
0.431,0.0052,-0.0053,0.0007,0.0015,3.2
0.432,0.0045,-0.0158,0.0,0.0015,3.2
0.433,0.003,-0.0248,0.0015,0.0015,3.3
0.434,0.0015,-0.033,0.0015,0.0052,3.3
0.435,0.0007,-0.0308,0.0007,0.0067,3.4
0.436,0.0015,-0.0218,0.003,0.0067,3.4
0.437,0.0015,-0.0181,0.0007,0.0052,3.5
0.438,0.0,-0.0158,0.0015,0.0045,3.6
0.439,-0.0015,-0.0128,0.0007,0.006,3.6
0.44,-0.0023,-0.0128,0.0022,0.0022,3.6
0.441,-0.0015,-0.0075,0.0037,-0.0038,3.7
0.442,-0.0023,-0.0053,0.0007,-0.006,3.8
0.443,-0.003,-0.0075,0.0015,-0.0068,3.8
0.444,-0.003,-0.006,0.0015,-0.0128,3.9
0.445,-0.0023,-0.0068,0.0007,-0.0143,4.0
0.446,-0.0015,-0.0008,0.0007,-0.0068,4.0
0.447,-0.003,0.003,0.0015,0.0007,4.1
0.448,-0.0023,0.0082,0.003,0.012,4.2
0.449,-0.0015,0.0105,0.0037,0.0195,4.2
0.45,-0.003,0.009,0.0052,0.0082,4.3
0.451,-0.003,0.0105,0.0045,-0.0008,4.4
0.452,0.0007,0.0082,0.003,0.006,4.5
0.453,0.0,0.0037,0.0022,0.0142,4.5
0.454,-0.0015,0.0015,0.003,0.0217,4.6
0.455,-0.0015,-0.0008,0.003,0.012,4.7
0.456,-0.0038,-0.0091,0.0015,-0.0218,4.7
0.457,-0.0046,-0.012,0.0015,-0.0443,4.8
0.458,-0.0053,-0.0105,0.0022,-0.0375,4.9
0.459,-0.0038,-0.0098,0.0022,-0.0278,4.9
0.46,-0.0008,-0.0053,0.003,-0.0256,5.0
0.461,0.0022,-0.0091,0.003,-0.0083,5.1
0.462,0.0015,-0.0068,0.0015,0.0075,5.1
0.463,0.0007,0.0292,-0.0008,0.015,5.2
0.464,0.0015,0.0952,-0.0008,0.0225,5.3
0.465,0.0022,0.099,-0.0015,0.0315,5.3
0.466,0.0037,0.0307,-0.0008,0.057,5.4
0.467,0.0045,0.0112,0.0007,0.0765,5.5
0.468,0.0037,-0.006,-0.0015,0.0435,5.6
0.469,0.0015,-0.0443,-0.0023,-0.0188,5.7
0.47,0.003,-0.048,-0.0015,-0.0623,5.8
0.471,0.003,-0.0443,-0.0015,-0.0691,5.8
0.472,0.003,-0.0218,0.0,-0.042,5.9
0.473,0.003,-0.012,0.0007,-0.003,5.9
0.474,0.0007,-0.0083,0.0007,0.0292,6.0
0.475,0.0,0.0337,0.0015,0.0525,6.1
0.476,0.0007,0.066,0.003,0.0637,6.2
0.477,0.003,0.051,0.0045,0.066,6.3
0.478,0.003,0.0142,0.003,0.0562,6.3
0.479,-0.0008,-0.0165,0.003,0.0105,6.4
0.48,-0.0023,-0.0293,0.0022,-0.0315,6.5
0.481,-0.0015,-0.0315,0.0007,-0.0346,6.6
0.482,-0.003,-0.0346,0.0007,-0.0278,6.7
0.483,-0.0038,-0.0278,0.0015,-0.0225,6.7
0.484,-0.0038,-0.0256,0.0015,-0.0068,6.8
0.485,-0.0038,-0.0233,0.0015,0.003,6.9
0.486,-0.0038,-0.0195,0.0022,-0.0053,7.0
0.487,-0.003,-0.0128,0.0037,-0.0436,7.1
0.488,-0.003,-0.0023,0.0007,-0.0765,7.2
0.489,-0.003,0.015,-0.0008,-0.0878,7.2
0.49,-0.0015,0.018,0.0015,-0.1013,7.3
0.491,-0.0015,-0.0015,0.0007,-0.0691,7.4
0.492,-0.0015,-0.0091,0.0007,-0.0135,7.5
0.493,-0.003,-0.0143,0.0015,0.024,7.6
0.494,-0.0038,-0.0165,0.003,0.0382,7.7
0.495,-0.0008,-0.0128,0.0052,0.0412,7.8
0.496,0.0007,-0.0128,0.0045,0.0817,7.8
0.497,-0.0015,-0.0068,0.003,0.1192,7.9
0.498,-0.0038,0.0007,0.0037,0.1222,8.0
0.499,-0.0023,0.0037,0.0045,0.0945,8.1
0.5,-0.0015,-0.003,0.0052,0.0682,8.2
0.501,-0.0015,-0.012,0.003,0.039,8.3
0.502,-0.003,-0.0293,0.0022,0.009,8.4
0.503,-0.0046,-0.0458,0.003,0.0442,8.5
0.504,-0.0023,-0.0428,0.0022,0.0772,8.6
0.505,0.0007,-0.0278,0.0037,0.048,8.8
0.506,0.0007,-0.0188,0.0015,-0.0068,8.9
0.507,-0.0008,-0.012,0.003,-0.0203,9.0
0.508,-0.0008,-0.006,0.0015,-0.0405,9.1
0.509,0.0007,-0.003,0.0,-0.0683,9.2
0.51,0.0022,0.0315,0.0015,-0.0668,9.3
0.511,0.0022,0.0712,0.0,-0.0743,9.4
0.512,-0.0008,0.054,-0.0015,-0.0578,9.5
0.513,-0.003,-0.0105,-0.003,-0.0436,9.6
0.514,-0.0053,-0.0308,-0.0068,-0.0091,9.8
0.515,-0.006,-0.0075,-0.0091,0.0225,9.9
0.516,-0.003,-0.0053,-0.0083,0.0315,10.0
0.517,-0.0046,-0.0068,-0.0068,0.0555,10.1
0.518,-0.0053,-0.0256,-0.0068,0.054,10.2
0.519,-0.006,-0.0525,-0.0075,0.0337,10.3
0.52,-0.0075,-0.0218,-0.0075,0.0142,10.4
0.521,-0.006,0.0195,-0.0068,-0.012,10.6
0.522,-0.0053,0.018,-0.0015,-0.0368,10.7
0.523,-0.006,-0.0023,0.0,-0.03,10.9
0.524,-0.0083,0.003,-0.0015,-0.0443,11.0
0.525,-0.0046,0.0262,0.0015,-0.0691,11.2
0.526,-0.0015,0.072,0.0045,-0.0608,11.3
0.527,0.0015,0.1185,0.0067,-0.024,11.5
0.528,0.0052,0.075,0.009,-0.003,11.6
0.529,0.0075,0.0082,0.0067,-0.0008,11.7
0.53,0.006,-0.0075,0.0045,-0.0008,11.9
0.531,0.0045,-0.024,0.0045,0.018,12.1
0.532,0.003,-0.0338,0.0037,0.0622,12.2
0.533,0.0022,-0.0346,0.003,0.0457,12.3
0.534,0.0007,-0.0308,0.0015,-0.0143,12.5
0.535,-0.0008,-0.0091,0.0015,-0.0181,12.6
0.536,-0.0008,0.0172,0.0022,0.0015,12.8
0.537,0.0015,0.0255,0.0015,-0.0105,12.9
0.538,0.0015,-0.0053,0.0015,-0.0046,13.0
0.539,0.0007,-0.0143,0.0007,0.0067,13.2
0.54,-0.0008,-0.0158,0.0015,0.0195,13.4
0.541,-0.0015,-0.0195,0.0015,0.0367,13.5
0.542,-0.0008,-0.015,0.0007,0.0525,13.7
0.543,0.0007,-0.0188,0.0022,0.0405,13.9
0.544,0.0,-0.0128,0.003,-0.003,14.1
0.545,0.0,-0.0053,0.0037,-0.0143,14.3
0.546,-0.0015,0.018,0.003,-0.0128,14.4
0.547,-0.0008,0.0322,0.0037,-0.0181,14.6
0.548,0.0,0.0232,0.0045,-0.0188,14.8
0.549,-0.0008,0.0075,0.0037,-0.0188,15.0
0.55,0.0007,0.0,0.003,-0.015,15.2
0.551,-0.0008,-0.0046,0.0015,-0.0075,15.3
0.552,-0.0008,-0.0068,-0.0008,0.0037,15.5
0.553,0.0007,0.0007,0.0,0.0067,15.7
0.554,0.0007,0.0045,0.0022,0.0007,15.8
0.555,0.0015,0.009,0.0022,-0.0023,16.0
0.556,0.003,0.0157,0.0,-0.0015,16.2
0.557,0.0067,0.0165,0.0,-0.0046,16.4
0.558,0.0067,0.0082,-0.0008,-0.0068,16.6
0.559,0.0045,-0.0008,-0.0008,-0.0046,16.7
0.56,0.003,-0.0091,0.003,-0.0046,16.9
0.561,0.0037,-0.0143,0.0045,-0.0038,17.1
0.562,0.0007,-0.0128,0.003,-0.0068,17.3
0.563,-0.0008,-0.0143,0.0007,-0.0075,17.5
0.564,-0.0015,-0.0165,0.0007,-0.0053,17.7
0.565,-0.0023,-0.0195,0.0007,-0.012,17.9
0.566,-0.0015,-0.0173,0.0007,-0.0188,18.0
0.567,-0.0008,-0.0143,0.0015,-0.0188,18.2
0.568,-0.0015,-0.0165,-0.0008,-0.0128,18.4
0.569,-0.0023,-0.021,0.0015,-0.0046,18.6
0.57,-0.003,-0.0218,0.0022,-0.0075,18.8
0.571,-0.003,-0.0165,-0.0015,-0.0053,19.0
0.572,-0.003,-0.0128,-0.003,0.0015,19.2
0.573,-0.0038,-0.0188,-0.006,0.0045,19.4
0.574,-0.0038,-0.027,-0.0068,0.0075,19.6
0.575,-0.0046,-0.0256,-0.006,0.018,19.8
0.576,-0.0038,-0.0203,-0.0053,0.0375,19.9
0.577,-0.0046,-0.0188,-0.0046,0.039,20.1
0.578,-0.0068,-0.024,-0.0068,0.0217,20.3
0.579,-0.0053,-0.033,-0.0068,0.012,20.5
0.58,-0.0053,-0.0361,-0.0046,0.0112,20.7
0.581,-0.0023,-0.033,-0.0053,0.0052,20.9
0.582,-0.0015,-0.0285,-0.0038,0.0022,21.1
0.583,-0.0008,-0.0233,-0.003,0.0037,21.3
0.584,-0.0008,-0.012,-0.0015,0.0067,21.5
0.585,-0.0015,-0.006,0.0007,0.0105,21.7
0.586,0.0007,-0.0015,0.0,0.0105,21.9
0.587,0.0007,0.0015,-0.0015,0.0067,22.1
0.588,0.0,0.0037,-0.0023,0.0015,22.3
0.589,0.0,0.0045,-0.003,0.0015,22.5
0.59,-0.0008,0.003,-0.0008,0.0007,22.7
0.591,-0.0008,0.0037,-0.0023,-0.0008,22.9
0.592,-0.003,0.0052,-0.003,0.0,23.1
0.593,-0.003,0.012,-0.0015,-0.0023,23.3
0.594,-0.0053,0.0187,-0.003,0.0,23.5
0.595,-0.0038,0.0217,-0.0023,0.0022,23.8
0.596,-0.0008,0.027,-0.0023,-0.0015,23.9
0.597,0.0,0.0322,-0.0008,0.0015,24.2
0.598,0.0045,0.0345,0.0007,0.0,24.3
0.599,0.0067,0.0397,0.006,0.0,24.5
0.6,0.009,0.0487,0.0075,0.0015,24.7
0.601,0.0067,0.0487,0.0045,0.0015,25.0
0.602,0.0067,0.0405,0.0045,0.0052,25.2
0.603,0.009,0.0322,0.0052,0.0045,25.4
0.604,0.0067,0.0262,0.003,0.0015,25.6
0.605,0.0052,0.0165,0.0022,0.0007,25.8
0.606,0.0052,0.009,0.0022,-0.0008,26.1
0.607,0.0045,0.0022,0.0015,-0.0008,26.2
0.608,0.0045,-0.006,0.0022,0.0007,26.5
0.609,0.003,-0.0091,0.0037,0.0015,26.7
0.61,0.0015,-0.012,0.003,0.0007,26.9
0.611,0.0,-0.0135,0.0015,-0.0008,27.1
0.612,-0.0038,-0.0143,0.003,-0.0008,27.3
0.613,-0.0053,-0.0158,0.0045,-0.0015,27.5
0.614,-0.0083,-0.0143,0.0015,-0.0015,27.7
0.615,-0.0091,-0.0091,0.0007,-0.003,27.9
0.616,-0.0083,-0.0008,0.0007,-0.0015,28.2
0.617,-0.0068,0.006,0.0015,0.0045,28.4
0.618,-0.0046,0.009,0.003,0.0105,28.6
0.619,-0.003,0.0045,0.0045,0.012,28.8
0.62,-0.003,-0.0008,0.0022,0.0105,29.0
0.621,-0.0023,-0.0015,0.0022,0.0082,29.2
0.622,-0.0015,-0.0053,0.0015,0.0052,29.4
0.623,-0.0015,-0.0083,0.0015,0.0052,29.7
0.624,-0.0023,-0.0015,0.0022,0.003,29.9
0.625,-0.0023,-0.0008,0.0007,0.0015,30.1
0.626,-0.0008,-0.0038,0.0007,-0.0015,30.3
0.627,-0.0015,-0.0053,0.0,-0.0038,30.5
0.628,-0.003,-0.0068,-0.0008,-0.0053,30.7
0.629,-0.0015,-0.0091,0.0015,-0.0068,30.9
0.63,0.0,-0.012,0.0015,-0.0053,31.1
0.631,-0.0008,-0.012,0.0015,-0.0068,31.4
0.632,-0.0008,-0.0105,0.0022,-0.0046,31.5
0.633,-0.003,-0.0105,-0.0008,-0.0068,31.8
0.634,-0.0046,-0.012,-0.0015,-0.006,32.0
0.635,-0.0046,-0.0098,-0.0015,-0.006,32.2
0.636,-0.0053,-0.0075,-0.0046,-0.0068,32.4
0.637,-0.0046,-0.0046,-0.0046,-0.0038,32.6
0.638,-0.0046,0.0015,-0.0038,-0.0046,32.8
0.639,-0.003,0.0082,-0.003,-0.0015,33.0
0.64,0.0015,0.0067,-0.0015,0.0037,33.3
0.641,0.0045,-0.0038,-0.0015,0.0052,33.4
0.642,0.0052,-0.0098,-0.0015,0.0075,33.7
0.643,0.0052,-0.0128,-0.0008,0.0067,33.8
0.644,0.003,-0.0158,0.0015,0.0052,34.1
0.645,0.0007,-0.0165,0.0,0.006,34.3
0.646,0.0,-0.0188,0.0015,0.0067,34.5
0.647,-0.003,-0.0203,0.0037,0.0052,34.7
0.648,-0.003,-0.0225,0.0067,0.0067,34.9
0.649,-0.0008,-0.027,0.0075,0.0067,35.1
0.65,-0.0008,-0.0218,0.0082,0.006,35.3
0.651,-0.003,-0.0135,0.0097,0.006,35.5
0.652,-0.0008,-0.0083,0.0082,0.003,35.7
0.653,0.0,-0.0023,0.0052,0.0015,35.9
0.654,-0.0008,-0.0053,0.0067,0.0015,36.1
0.655,0.0007,-0.0075,0.0045,-0.0008,36.3
0.656,-0.0008,-0.0105,0.0045,-0.0008,36.5
0.657,-0.0015,-0.0128,0.0052,-0.0023,36.7
0.658,-0.0015,-0.0068,0.0052,0.0,36.9
0.659,-0.0015,-0.0015,0.0052,0.003,37.1
0.66,-0.003,0.003,0.0045,0.003,37.3
0.661,-0.003,0.0022,0.0045,0.0015,37.5
0.662,-0.0023,-0.0008,0.0045,0.0007,37.7
0.663,-0.003,-0.0008,0.0045,-0.0015,37.9
0.664,-0.0015,0.0082,0.0052,-0.003,38.1
0.665,-0.003,0.0232,0.0052,-0.0015,38.2
0.666,-0.0038,0.0255,0.0052,-0.0015,38.4
0.667,-0.0015,0.021,0.0037,0.0015,38.6
0.668,-0.0008,0.012,0.0015,0.003,38.8
0.669,0.0007,0.0022,-0.0015,0.0015,39.0
0.67,-0.0015,-0.0046,-0.003,-0.0015,39.2
0.671,-0.0023,-0.0068,-0.0008,-0.0023,39.4
0.672,-0.0008,-0.006,-0.0015,-0.0023,39.6
0.673,0.0007,-0.0068,0.0,-0.003,39.8
0.674,0.0007,-0.003,0.0022,-0.0008,40.0
0.675,0.0015,0.0007,0.0015,0.0007,40.2
0.676,0.0015,-0.003,0.0,0.0,40.4
0.677,0.0007,-0.0068,0.0007,-0.0015,40.5
0.678,0.0015,-0.0091,0.0015,-0.0046,40.7
0.679,0.0007,-0.012,0.0,-0.0038,40.9
0.68,0.0015,-0.0068,0.0,-0.0008,41.1
0.681,0.0022,0.003,-0.0015,-0.0008,41.3
0.682,0.0,0.0135,-0.0023,-0.003,41.5
0.683,-0.0015,0.0232,-0.0008,-0.0015,41.7
0.684,-0.0008,0.0262,-0.0008,0.0015,41.8
0.685,0.0007,0.0232,-0.0008,0.0,42.0
0.686,0.0015,0.024,-0.0015,0.0007,42.2
0.687,0.0015,0.0232,0.0007,0.003,42.4
0.688,0.0007,0.0165,0.0015,0.0067,42.6
0.689,0.0007,0.015,0.0015,0.0097,42.7
0.69,0.0007,0.0105,0.003,0.009,43.0
0.691,0.0007,0.0015,0.0007,0.0097,43.1
0.692,0.0007,-0.006,0.0007,0.009,43.3
0.693,0.003,-0.0158,0.0007,0.0052,43.5
0.694,0.003,-0.0263,0.0022,0.0045,43.7
0.695,0.0015,-0.0353,0.0022,0.003,43.9
0.696,-0.0015,-0.0405,0.0007,0.003,44.1
0.697,-0.0046,-0.0368,0.0007,-0.0008,44.2
0.698,-0.0038,-0.027,0.0,-0.0046,44.4
0.699,-0.0053,-0.0165,0.0007,-0.0091,44.6
0.7,-0.0083,-0.0023,0.0,-0.0143,44.8
0.701,-0.0083,0.0105,-0.0008,-0.0128,44.9
0.702,-0.0068,0.0225,-0.0008,-0.0105,45.1
0.703,-0.0053,0.0315,0.0007,-0.0075,45.2
0.704,-0.0046,0.0292,0.0015,-0.0053,45.4
0.705,-0.0046,0.0292,0.003,-0.0038,45.5
0.706,-0.0023,0.0262,0.0015,-0.0008,45.7
0.707,-0.0008,0.0195,0.0,0.0037,45.8
0.708,0.0007,0.012,0.0015,0.0052,46.0
0.709,0.0022,0.0007,0.0015,0.009,46.1
0.71,0.0015,-0.0128,0.0007,0.0135,46.3
0.711,0.0015,-0.0233,0.0015,0.0142,46.4
0.712,0.003,-0.0263,0.0007,0.0142,46.6
0.713,0.0045,-0.0293,0.0007,0.0127,46.8
0.714,0.0037,-0.027,0.0037,0.0067,46.9
0.715,0.0022,-0.0233,0.003,0.0045,47.0
0.716,0.003,-0.0181,0.0037,0.0022,47.2
0.717,-0.0008,-0.0128,0.0015,0.0,47.3
0.718,-0.0023,-0.0105,0.0,-0.0008,47.5
0.719,-0.0008,-0.0053,-0.0015,-0.003,47.6
0.72,-0.0038,-0.006,-0.003,-0.0046,47.8
0.721,-0.0068,-0.0053,-0.0046,-0.0053,47.9
0.722,-0.0053,-0.006,-0.0091,-0.0038,48.0
0.723,-0.0046,-0.0046,-0.0083,-0.0038,48.1
0.724,-0.0053,-0.0023,-0.0083,-0.0053,48.2
0.725,-0.0068,-0.006,-0.0075,-0.003,48.4
0.726,-0.0068,-0.0046,-0.0068,-0.0023,48.5
0.727,-0.0053,-0.0008,-0.006,0.0015,48.6
0.728,-0.0046,0.003,-0.0046,0.0007,48.7
0.729,-0.0023,0.0082,-0.0083,0.0,48.8
0.73,-0.0008,0.0172,-0.0075,0.0015,49.0
0.731,0.0022,0.0225,-0.0075,0.0037,49.0
0.732,0.0037,0.0195,-0.0053,0.0067,49.2
0.733,0.0007,0.015,-0.0053,0.006,49.3
0.734,0.0,0.0097,-0.0046,0.0052,49.4
0.735,0.0007,0.006,-0.0008,0.003,49.5
0.736,0.0037,0.0045,0.0007,0.003,49.6
0.737,0.0075,-0.0015,0.003,0.0037,49.7
0.738,0.0067,-0.0046,0.003,0.003,49.9
0.739,0.0052,-0.0046,0.0045,0.0052,49.9
0.74,0.0045,-0.0046,0.0067,0.0082,50.1
0.741,0.0045,-0.0083,0.006,0.0082,50.1
0.742,0.0037,-0.0158,0.0067,0.0052,50.2
0.743,0.0007,-0.0158,0.0052,0.0045,50.3
0.744,-0.0008,-0.0195,0.003,0.0052,50.3
0.745,-0.0015,-0.0195,0.0015,0.0045,50.4
0.746,-0.003,-0.0143,0.0015,0.003,50.4
0.747,-0.003,-0.0135,-0.0008,0.0007,50.5
0.748,-0.003,-0.0143,-0.0046,0.0015,50.5
0.749,-0.003,-0.012,-0.0083,0.0015,50.6
0.75,-0.003,-0.0083,-0.0091,0.003,50.7
0.751,-0.0023,-0.0068,-0.0098,0.0015,50.7
0.752,-0.0023,-0.0046,-0.0098,0.0015,50.8
0.753,-0.003,-0.006,-0.0098,0.0015,50.8
0.754,-0.0015,-0.0098,-0.012,0.003,50.9
0.755,-0.0015,-0.012,-0.0143,0.0067,51.0
0.756,-0.0008,-0.012,-0.0181,0.0067,51.0
0.757,0.0,-0.0046,-0.0203,0.0045,51.1
0.758,-0.0008,-0.0015,-0.0218,0.0045,51.1
0.759,-0.0015,-0.0023,-0.024,0.0037,51.2
0.76,-0.0023,-0.0015,-0.0323,0.0015,51.3
0.761,-0.0015,-0.003,-0.042,0.0007,51.3
0.762,-0.0008,-0.0023,-0.0503,0.003,51.3
0.763,-0.0015,0.0,-0.0593,0.003,51.3
0.764,0.0015,0.0007,-0.0653,0.003,51.3
0.765,0.003,0.0015,-0.0691,0.0037,51.3
0.766,0.003,0.0015,-0.0706,0.003,51.3
0.767,0.0022,-0.0008,-0.0735,0.0022,51.3
0.768,-0.0008,-0.0046,-0.0788,-0.0008,51.3
0.769,-0.0008,-0.0038,-0.081,-0.003,51.4
0.77,-0.0008,-0.0015,-0.0818,0.0007,51.4
0.771,-0.0015,0.0,-0.0803,0.0,51.4
0.772,-0.0008,0.0045,-0.084,0.0,51.4
0.773,-0.0023,0.0067,-0.0825,-0.0015,51.4
0.774,-0.0023,0.0052,-0.0825,-0.0023,51.4
0.775,-0.0008,0.0037,-0.0848,-0.0015,51.5
0.776,-0.0008,0.0037,-0.063,-0.0015,51.5
0.777,-0.003,0.0015,0.0052,-0.003,51.5
0.778,0.0,0.0007,0.1027,-0.0023,51.5
0.779,0.0037,0.0022,0.1852,-0.0015,51.5
0.78,0.0022,0.0015,0.2437,-0.0008,51.5
0.781,0.0015,0.0022,0.2745,-0.0015,51.5
0.782,0.0007,0.0007,0.2902,0.0,51.5
0.783,-0.0008,0.0,0.2947,0.0015,51.5
0.784,-0.0015,0.0037,0.2805,0.0007,51.4
0.785,-0.0023,0.009,0.2647,0.0015,51.4
0.786,-0.0015,0.009,0.2422,0.0022,51.4
0.787,-0.0023,0.0052,0.2175,0.003,51.3
0.788,-0.003,0.0045,0.1912,0.003,51.3
0.789,-0.003,0.0045,0.1635,0.0045,51.3
0.79,-0.0046,0.0037,0.1365,0.003,51.3
0.791,-0.0046,0.0052,0.1072,0.0052,51.2
0.792,-0.003,0.0067,0.084,0.0052,51.2
0.793,-0.003,0.0082,0.0592,0.0037,51.2
0.794,-0.003,0.0045,0.0367,0.0037,51.1
0.795,-0.003,0.0015,0.0157,0.003,51.1
0.796,-0.003,0.003,-0.0008,0.0045,51.1
0.797,-0.0015,0.0015,-0.0173,0.003,51.0
0.798,-0.0008,0.0015,-0.0308,0.003,51.0
0.799,-0.0008,0.0022,-0.0428,0.0022,51.0
0.8,-0.0015,0.0037,-0.057,0.0015,50.9
0.801,-0.003,0.0067,-0.0638,0.0007,50.8
0.802,-0.0038,0.0052,-0.0698,0.0007,50.8
0.803,-0.0053,0.003,-0.0765,-0.0023,50.7
0.804,-0.0046,0.0007,-0.0833,-0.0008,50.6
0.805,-0.0008,0.0,-0.0878,0.0007,50.5
0.806,-0.0008,-0.0008,-0.0923,0.0022,50.4
0.807,-0.0008,-0.0008,-0.0938,0.0052,50.3
0.808,0.0,-0.0008,-0.0915,0.003,50.2
0.809,0.0,-0.003,-0.0871,0.0015,50.1
0.81,0.0007,-0.0075,-0.0856,0.0045,50.0
0.811,0.0015,-0.012,-0.0803,0.0052,49.9
0.812,0.0015,-0.015,-0.075,0.0045,49.8
0.813,0.0022,-0.0165,-0.0728,0.0022,49.7
0.814,0.0007,-0.0158,-0.0675,0.0015,49.6
0.815,0.0015,-0.0105,-0.0638,0.0007,49.5
0.816,0.0015,-0.0128,-0.06,-0.0023,49.5
0.817,-0.0008,-0.0195,-0.0563,-0.003,49.4
0.818,-0.0008,-0.0195,-0.0518,-0.003,49.3
0.819,-0.0023,-0.0256,-0.0458,-0.0023,49.2
0.82,-0.0046,-0.0315,-0.0405,-0.0023,49.0
0.821,-0.0046,-0.0315,-0.0368,-0.003,49.0
0.822,-0.0046,-0.0323,-0.0375,-0.0038,48.9
0.823,-0.0046,-0.03,-0.033,-0.003,48.7
0.824,-0.003,-0.024,-0.0293,-0.0038,48.6
0.825,-0.003,-0.0158,-0.0285,-0.0053,48.5
0.826,-0.0046,-0.0075,-0.0233,-0.003,48.4
0.827,-0.0053,-0.0008,-0.0203,-0.003,48.3
0.828,-0.0046,0.0067,-0.0173,-0.003,48.2
0.829,-0.0046,0.009,-0.012,-0.0015,48.1
0.83,-0.003,0.0082,-0.0105,-0.0015,47.9
0.831,0.0007,0.003,-0.0105,0.0,47.8
0.832,0.003,-0.0008,-0.0098,0.003,47.7
0.833,0.0045,0.003,-0.0113,0.0045,47.6
0.834,0.0052,0.009,-0.0105,0.0052,47.5
0.835,0.0045,0.0127,-0.0091,0.0052,47.4
0.836,0.0052,0.0112,-0.0068,0.0052,47.2
0.837,0.0045,0.0127,-0.0068,0.0052,47.2
0.838,0.0052,0.0142,-0.0075,0.006,47.0
0.839,0.0045,0.012,-0.0053,0.006,46.9
0.84,0.0022,0.003,-0.003,0.0045,46.8
0.841,0.0045,-0.0023,-0.003,0.0052,46.7
0.842,0.0015,-0.0046,-0.0023,0.0052,46.5
0.843,0.0015,-0.0083,-0.0038,0.0045,46.4
0.844,0.0015,-0.0083,-0.0046,0.0052,46.3
0.845,-0.0015,-0.0113,-0.0015,0.0052,46.1
0.846,-0.003,-0.0128,0.0015,0.0022,45.9
0.847,-0.0053,-0.0165,0.0022,0.0022,45.8
0.848,-0.0075,-0.0195,0.0015,0.0015,45.7
0.849,-0.0068,-0.012,0.0007,-0.0008,45.5
0.85,-0.0053,-0.003,0.0007,0.0,45.4
0.851,-0.0053,0.0007,0.0007,0.0007,45.3
0.852,-0.0068,0.003,0.0007,-0.0008,45.1
0.853,-0.0083,0.0015,-0.0008,-0.0038,45.0
0.854,-0.0083,0.0015,-0.0015,-0.0046,44.9
0.855,-0.0068,0.006,-0.0008,-0.0046,44.7
0.856,-0.0046,0.009,0.0,-0.0053,44.5
0.857,-0.0038,0.0105,0.0007,-0.0015,44.4
0.858,-0.0015,0.009,0.0015,-0.0015,44.3
0.859,-0.0015,0.0105,0.0022,0.0015,44.1
0.86,-0.0015,0.0127,0.0045,0.0015,44.0
0.861,-0.0008,0.0135,0.0052,0.0007,43.8
0.862,0.0007,0.0135,0.006,0.0022,43.6
0.863,0.0022,0.015,0.0082,0.003,43.5
0.864,0.0022,0.0157,0.009,0.0037,43.3
0.865,0.003,0.0165,0.0105,0.003,43.1
0.866,0.003,0.0172,0.0097,0.0045,43.0
0.867,0.003,0.0172,0.0097,0.0045,42.8
0.868,0.003,0.015,0.009,0.0045,42.7
0.869,0.0015,0.0112,0.0075,0.006,42.5
0.87,0.0022,0.006,0.0082,0.0052,42.3
0.871,0.0022,-0.0015,0.0052,0.0045,42.2
0.872,0.0022,-0.0046,0.0045,0.0067,42.0
0.873,0.0015,-0.0068,0.0052,0.0067,41.8
0.874,-0.0008,-0.006,0.0045,0.0037,41.6
0.875,-0.0008,-0.0038,0.0007,0.0037,41.5
0.876,-0.0008,-0.0046,0.0015,0.0052,41.3
0.877,-0.0008,-0.0046,0.0007,0.0067,41.1
0.878,0.0,-0.0053,0.0015,0.0052,41.0
0.879,0.0007,-0.0046,0.0037,0.003,40.8
0.88,0.0,-0.003,0.003,0.0045,40.6
0.881,0.0,-0.0023,0.0022,0.0045,40.5
0.882,0.0007,-0.0008,0.0015,0.0052,40.3
0.883,0.0007,0.0007,0.0007,0.003,40.1
0.884,0.0007,0.0022,0.0015,0.0015,39.9
0.885,-0.0008,0.0052,-0.0008,0.0015,39.7
0.886,-0.003,0.0052,-0.0008,0.0,39.6
0.887,-0.0015,0.0045,-0.0008,0.0007,39.4
0.888,-0.0008,0.006,0.0,0.0007,39.2
0.889,-0.0015,0.0082,0.0022,0.0,39.0
0.89,-0.0015,0.0082,0.0015,0.0007,38.8
0.891,-0.0008,0.0105,0.0022,0.0007,38.7
0.892,0.0007,0.0075,0.0045,0.0007,38.5
0.893,-0.0008,-0.0053,0.0052,-0.0008,38.3
0.894,-0.0015,-0.0173,0.0067,-0.0008,38.2
0.895,-0.003,-0.0233,0.0067,0.0,38.0
0.896,-0.003,-0.024,0.009,0.0015,37.8
0.897,-0.0015,-0.0233,0.009,0.0,37.6
0.898,-0.003,-0.0256,0.009,0.0015,37.4
0.899,-0.0038,-0.027,0.0112,0.003,37.3
0.9,-0.0038,-0.0233,0.0097,0.0015,37.0
0.901,-0.0038,-0.0195,0.0097,0.0007,36.9
0.902,-0.0046,-0.0173,0.009,0.0015,36.7
0.903,-0.0053,-0.0181,0.0082,0.0007,36.5
0.904,-0.0038,-0.0195,0.0082,0.0007,36.3
0.905,-0.0046,-0.0188,0.006,0.0015,36.1
0.906,-0.0046,-0.0173,0.0015,0.0007,35.9
0.907,-0.0008,-0.012,0.0007,-0.0008,35.7
0.908,0.0022,-0.0083,0.0015,-0.0015,35.5
0.909,0.0022,-0.006,0.0015,-0.0008,35.3
0.91,0.0007,-0.0053,0.0015,-0.0008,35.1
0.911,0.0007,-0.0015,0.0007,-0.0008,35.0
0.912,0.0,0.003,0.0007,0.0015,34.7
0.913,0.0007,0.0007,0.0007,0.0007,34.6
0.914,-0.0008,-0.0008,0.0007,0.0,34.4
0.915,-0.0008,0.0015,0.0,0.0007,34.1
0.916,0.0007,0.0067,0.0015,0.0007,34.0
0.917,-0.0008,0.0082,0.0022,-0.0008,33.8
0.918,0.0,0.0045,0.0015,0.0015,33.6
0.919,0.0015,0.003,0.0037,0.0015,33.4
0.92,0.0,0.0045,0.0037,0.003,33.2
0.921,-0.0015,0.0037,0.0037,0.0037,33.0
0.922,-0.0023,0.003,0.0022,0.003,32.8
0.923,-0.0008,0.0037,0.0007,0.0022,32.6
0.924,-0.0008,0.0052,0.0007,0.0007,32.4
0.925,0.0,0.0052,0.0022,0.003,32.2
0.926,0.0007,0.0045,0.0015,0.003,32.0
0.927,0.0,0.0045,0.0015,0.0015,31.9
0.928,-0.0008,0.0007,0.0022,0.0007,31.6
0.929,-0.0008,0.0007,0.003,0.0015,31.5
0.93,-0.0008,0.0022,0.003,0.0022,31.2
0.931,-0.0008,0.0,0.0037,0.0015,31.0
0.932,-0.0015,-0.0008,0.003,0.0022,30.9
0.933,-0.0008,0.003,0.0037,0.003,30.6
0.934,-0.0008,0.006,0.0052,0.003,30.5
0.935,-0.0008,0.0097,0.0037,0.0052,30.3
0.936,-0.003,0.0105,0.0037,0.006,30.1
0.937,-0.003,0.0052,0.0052,0.0045,29.9
0.938,-0.003,0.0022,0.0052,0.0037,29.7
0.939,-0.0008,-0.0008,0.0015,0.0037,29.5
0.94,-0.0008,-0.006,0.0015,0.0037,29.2
0.941,-0.0015,-0.0098,0.003,0.0045,29.1
0.942,-0.003,-0.0098,0.0022,0.0045,28.9
0.943,-0.003,-0.0098,0.0022,0.003,28.7
0.944,-0.0015,-0.0113,0.003,0.0015,28.5
0.945,-0.003,-0.0105,-0.0008,0.0022,28.3
0.946,-0.0023,-0.0091,-0.0008,0.0022,28.1
0.947,-0.0023,-0.0083,0.0,0.0022,27.9
0.948,-0.003,-0.006,-0.0015,0.0022,27.7
0.949,-0.0008,-0.0038,-0.0008,0.003,27.5
0.95,-0.003,-0.0015,-0.0008,0.0022,27.3
0.951,-0.0008,0.0007,-0.0015,0.0007,27.1
0.952,0.0045,0.0007,-0.0023,0.0015,26.9
0.953,0.0075,-0.0008,-0.0038,0.0,26.7
0.954,0.0067,0.0007,-0.0015,-0.0015,26.5
0.955,0.0045,0.0,0.0,-0.0015,26.3
0.956,0.0007,-0.0015,-0.0008,-0.0008,26.1
0.957,-0.0015,-0.0008,-0.0015,0.0,25.9
0.958,-0.0008,0.0,-0.0038,0.0,25.7
0.959,-0.0015,0.0007,-0.0015,-0.0008,25.5
0.96,0.0,0.0015,0.0007,0.0,25.2
0.961,0.0015,0.003,0.0015,-0.0008,25.1
0.962,0.0007,0.0007,0.003,0.0,24.9
0.963,-0.0008,-0.003,0.0022,-0.0008,24.7
0.964,-0.0015,-0.0046,0.003,-0.0015,24.5
0.965,-0.0038,-0.0053,0.003,-0.0008,24.3
0.966,-0.0091,-0.0083,0.003,-0.0008,24.1
0.967,-0.0128,-0.0165,0.0007,-0.0008,23.9
0.968,-0.0091,-0.027,0.0015,-0.0008,23.7
0.969,-0.0046,-0.0263,0.0015,0.0,23.5
0.97,-0.0015,-0.024,0.0015,0.0015,23.3
0.971,0.0045,-0.0218,0.0007,0.0,23.1
0.972,0.009,-0.0165,-0.0008,0.0015,22.9
0.973,0.0142,-0.0113,0.0015,0.0007,22.7
0.974,0.0142,-0.0091,0.0022,0.0,22.5
0.975,0.0112,-0.0113,0.0007,0.0007,22.3
0.976,0.009,-0.0128,0.0007,0.0015,22.1
0.977,0.0075,-0.0143,0.0007,0.0045,21.9
0.978,0.0045,-0.0083,0.0015,0.003,21.7
0.979,-0.0008,-0.0008,0.0007,0.0037,21.5
0.98,-0.0053,0.0015,-0.0008,0.003,21.3
0.981,-0.0105,0.0045,0.0007,0.0015,21.1
0.982,-0.012,0.0015,0.0,0.0045,20.9
0.983,-0.012,-0.0046,0.0,0.003,20.7
0.984,-0.0091,-0.003,-0.0008,0.0015,20.5
0.985,-0.0053,0.0,-0.0008,0.0022,20.3
0.986,-0.0046,-0.0015,-0.0008,0.003,20.1
0.987,-0.0038,0.0045,-0.0008,0.003,19.8
0.988,-0.003,0.0082,-0.0008,0.0022,19.7
0.989,-0.0008,0.009,-0.0015,0.0007,19.4
0.99,0.0,0.009,-0.0015,0.0015,19.2
0.991,0.0007,0.0067,-0.0015,0.0015,19.0
0.992,-0.0015,0.0045,-0.0015,0.0007,18.8
0.993,-0.0046,0.003,0.0007,0.0,18.6
0.994,-0.003,0.0067,0.0,-0.0015,18.4
0.995,-0.0023,0.0067,0.0007,-0.0015,18.2
0.996,-0.0015,0.0052,0.0,-0.0015,18.0
0.997,-0.0023,0.0045,0.0007,-0.0008,17.8
0.998,-0.0046,0.0022,0.0015,-0.0008,17.5
0.999,-0.0038,0.0007,0.0007,-0.0008,17.4
1.0,-0.0023,0.0015,0.0007,-0.0008,17.1
1.001,-0.0008,0.0045,0.0,-0.0008,17.0
1.002,0.0,0.0052,0.0,-0.0008,16.7
1.003,0.0007,0.006,-0.0008,-0.0015,16.6
1.004,0.0015,0.0045,0.0,-0.0015,16.3
1.005,0.003,0.0052,0.0022,0.0007,16.2
1.006,0.003,0.006,0.003,-0.0008,15.9
1.007,0.0007,0.0052,0.0022,-0.0015,15.7
1.008,-0.0008,0.0015,0.0022,-0.0023,15.5
1.009,0.0022,0.0007,0.0015,0.0015,15.3
1.01,0.0022,0.0022,0.0022,0.0052,15.1
1.011,0.0007,0.003,0.003,0.0052,14.9
1.012,0.0007,0.003,0.0045,0.006,14.8
1.013,0.0015,0.0067,0.0052,0.0067,14.5
1.014,0.0007,0.0082,0.0022,0.006,14.4
1.015,-0.0015,0.0105,0.0015,0.0052,14.1
1.016,-0.0015,0.0105,0.003,0.0045,13.9
1.017,-0.0008,0.009,0.0015,0.0045,13.7
1.018,0.0007,0.0082,0.0,0.003,13.5
1.019,0.0007,0.0045,0.0007,0.0037,13.3
1.02,-0.0008,0.0015,0.0015,0.0037,13.1
1.021,0.0015,0.0007,0.0015,0.0045,13.0
1.022,0.0037,-0.0008,0.0007,0.0037,12.8
1.023,0.003,-0.0023,0.0,0.0007,12.6
1.024,0.0,-0.0038,-0.0008,-0.0023,12.4
1.025,-0.0015,-0.0038,-0.0023,-0.0015,12.2
1.026,0.0007,-0.0053,-0.003,-0.0015,12.0
1.027,0.003,-0.0091,-0.003,-0.0023,11.8
1.028,0.0007,-0.0098,-0.0023,-0.003,11.7
1.029,-0.003,-0.0075,-0.0008,-0.003,11.5
1.03,-0.0023,-0.0038,0.0015,-0.003,11.2
1.031,-0.0015,-0.003,0.0,-0.0015,11.1
1.032,-0.0038,-0.0068,-0.0008,-0.0008,10.9
1.033,-0.0023,-0.0068,0.0,-0.0015,10.7
1.034,-0.0015,-0.0083,-0.0008,-0.0023,10.5
1.035,-0.0023,-0.006,-0.003,-0.0015,10.3
1.036,-0.003,-0.0046,-0.003,-0.0008,10.2
1.037,-0.0023,-0.0046,-0.0008,0.0007,9.9
1.038,-0.003,0.0007,0.0007,0.0045,9.8
1.039,-0.0015,0.0,0.0015,0.0067,9.6
1.04,-0.0015,-0.0068,0.0015,0.0082,9.4
1.041,-0.0015,-0.0158,0.0015,0.0075,9.2
1.042,-0.0008,-0.0218,0.003,0.0075,9.1
1.043,-0.0008,-0.0203,0.0015,0.0075,8.9
1.044,-0.0008,-0.0195,0.0015,0.006,8.8
1.045,0.0007,-0.0165,0.0015,0.0045,8.6
1.046,-0.0008,-0.0135,0.0007,0.0045,8.4
1.047,-0.0015,-0.015,-0.0008,0.0052,8.3
1.048,-0.0015,-0.0158,-0.0015,0.0022,8.1
1.049,-0.0015,-0.0143,0.0007,0.0,8.0
1.05,-0.0015,-0.0143,0.0007,0.0,7.8
1.051,-0.003,-0.012,0.0007,0.0015,7.6
1.052,-0.0046,-0.0083,0.0007,0.003,7.5
1.053,-0.003,-0.0053,-0.0008,0.0015,7.3
1.054,-0.003,-0.0038,0.0007,0.0015,7.2
1.055,-0.003,-0.003,0.0007,0.0015,7.0
1.056,-0.0038,-0.0038,0.003,0.003,6.8
1.057,-0.0075,-0.003,0.003,0.003,6.7
1.058,-0.0105,-0.0008,0.0037,0.0015,6.5
1.059,-0.0105,0.0,0.0022,-0.0008,6.3
1.06,-0.0075,-0.0023,0.003,-0.0023,6.1
1.061,-0.0053,-0.0015,0.006,-0.0023,6.0
1.062,-0.0008,0.0007,0.0045,-0.003,5.9
1.063,0.0067,0.003,0.003,-0.0015,5.8
1.064,0.0105,0.0052,0.0022,0.0007,5.7
1.065,0.0142,0.009,0.0037,0.0015,5.5
1.066,0.0202,0.0135,0.0075,0.003,5.4
1.067,0.0195,0.0165,0.0082,0.0037,5.3
1.068,0.0127,0.0172,0.0052,0.0022,5.1
1.069,0.0082,0.0142,0.0045,0.0045,5.0
1.07,0.0022,0.0105,0.0052,0.0067,4.9
1.071,-0.003,0.0082,0.009,0.006,4.8
1.072,-0.0083,0.0045,0.0075,0.0052,4.6
1.073,-0.0105,0.0015,0.0052,0.0022,4.5
1.074,-0.0105,-0.0015,0.0052,0.0015,4.4
1.075,-0.0083,-0.0015,0.0052,0.003,4.2
1.076,-0.0053,-0.0023,0.0067,0.0022,4.1
1.077,-0.0046,-0.0053,0.0045,-0.0008,4.0
1.078,-0.0046,-0.0046,0.0022,-0.006,3.9
1.079,-0.0046,-0.0046,0.0007,-0.006,3.7
1.08,-0.003,-0.0023,0.0007,-0.0038,3.6
1.081,-0.0023,0.003,0.0007,-0.0046,3.5
1.082,-0.003,0.003,-0.0008,-0.006,3.4
1.083,-0.003,-0.0023,-0.0015,-0.0068,3.2
1.084,-0.0023,-0.0046,-0.0015,-0.0053,3.1
1.085,-0.0015,-0.0008,0.0,-0.0053,3.0
1.086,-0.003,-0.003,-0.0008,-0.0008,2.9
1.087,-0.0038,-0.0015,-0.0015,0.0037,2.8
1.088,-0.0015,0.0,0.0,0.0022,2.6
1.089,-0.0008,-0.003,-0.0008,0.006,2.6
1.09,-0.0023,-0.0068,0.0007,0.0097,2.4
1.091,0.0015,-0.0098,0.003,0.0015,2.3
1.092,0.003,-0.0113,0.003,-0.0128,2.2
1.093,0.003,-0.0105,0.0052,-0.0195,2.1
1.094,0.0045,-0.0053,0.0052,-0.015,2.0
1.095,0.0045,-0.0023,0.0045,-0.012,1.8
1.096,0.003,-0.003,0.0015,-0.0075,1.7
1.097,0.0015,-0.0068,-0.0015,-0.003,1.6
1.098,0.0037,-0.0105,-0.003,0.0052,1.5
1.099,0.003,-0.006,-0.0046,0.0172,1.4
1.1,-0.0008,0.0127,-0.0046,0.03,1.2
1.101,-0.0008,0.0502,-0.0046,0.0502,1.2
1.102,-0.0023,0.0637,-0.0046,0.0727,1.1
1.103,-0.003,0.0495,-0.0038,0.0562,1.0
1.104,-0.0015,0.0345,-0.0046,0.0195,1.0
1.105,-0.003,0.0202,-0.003,0.006,0.9
1.106,-0.0053,0.027,-0.0046,0.0045,0.8
1.107,-0.0038,0.0315,-0.0046,0.0007,0.8
1.108,-0.003,0.015,-0.0008,-0.0068,0.7
1.109,-0.0008,0.003,0.003,-0.0091,0.6
1.11,0.0007,0.0015,0.0015,-0.0083,0.5
1.111,-0.0015,-0.0046,0.0,-0.0143,0.4
1.112,-0.0038,-0.024,-0.0015,-0.0225,0.4
1.113,-0.0046,-0.0511,-0.003,-0.0413,0.3
1.114,-0.0068,-0.063,-0.0023,-0.057,0.3
1.115,-0.006,-0.063,-0.003,-0.057,0.2
1.116,-0.0038,-0.0668,-0.003,-0.0563,0.1
1.117,-0.0008,-0.0653,-0.0023,-0.048,0.0
1.118,0.003,-0.057,-0.0015,-0.0278,0.0
1.119,0.0007,-0.0511,-0.0046,0.0007,-0.1
1.12,-0.0008,-0.0525,-0.0053,0.0352,-0.2
1.121,-0.0008,-0.0495,-0.0046,0.072,-0.2
1.122,-0.0008,-0.0436,-0.006,0.0915,-0.2
1.123,0.0015,-0.039,-0.0046,0.0937,-0.2
1.124,0.0,-0.0218,-0.0038,0.0877,-0.3
1.125,-0.0008,-0.0091,-0.003,0.0682,-0.3
1.126,0.0037,-0.0023,0.0,0.0457,-0.3
1.127,0.0052,0.0292,0.003,-0.0008,-0.3
1.128,0.0052,0.0345,0.0052,-0.0608,-0.3
1.129,0.0045,0.0052,0.006,-0.0825,-0.4
1.13,0.0045,-0.0091,0.003,-0.0856,-0.4
1.131,0.003,-0.0203,0.003,-0.0765,-0.4
1.132,0.0045,-0.0143,0.0045,-0.0691,-0.4
1.133,0.0052,0.009,0.0045,-0.0608,-0.4
1.134,0.003,0.0292,0.003,-0.0308,-0.5
1.135,0.0015,0.0532,0.0037,-0.0015,-0.5
1.136,0.0007,0.0675,0.0052,0.0217,-0.5
1.137,0.0007,0.057,0.0052,0.0532,-0.5
1.138,0.0015,0.0427,0.0067,0.09,-0.5
1.139,0.003,0.0555,0.0082,0.0982,-0.5
1.14,0.0015,0.0532,0.0075,0.0615,-0.6
1.141,-0.0008,0.0105,0.0052,0.0337,-0.6
1.142,0.0,-0.006,0.003,0.0382,-0.6
1.143,-0.003,-0.012,-0.0015,0.0277,-0.6
1.144,-0.0046,-0.0225,-0.0023,0.0067,-0.5
1.145,-0.0053,-0.021,-0.0015,-0.0218,-0.5
1.146,-0.0075,-0.024,0.0,-0.0248,-0.5
1.147,-0.006,-0.0135,0.0015,0.0,-0.5
1.148,-0.003,-0.0053,0.0045,0.0202,-0.5
1.149,0.0007,-0.0083,0.0052,0.0345,-0.5
1.15,0.0015,-0.0105,0.0045,0.0217,-0.5
1.151,-0.0015,-0.0113,0.0022,0.0007,-0.5
1.152,-0.003,-0.0113,-0.0015,-0.0256,-0.5
1.153,-0.0046,-0.0293,-0.0008,-0.039,-0.5
1.154,-0.0023,-0.0361,0.0,-0.0443,-0.5
1.155,-0.0015,-0.0308,0.0015,-0.0473,-0.5
1.156,-0.003,-0.0233,0.0022,-0.0503,-0.5
1.157,-0.003,-0.0083,0.003,-0.0533,-0.5
1.158,-0.0038,-0.0068,0.0045,-0.0495,-0.5
1.159,-0.003,-0.0083,0.003,-0.0428,-0.5
1.16,-0.0015,-0.0015,0.0,-0.0353,-0.5
1.161,-0.003,0.0157,-0.0015,-0.024,-0.4
1.162,-0.0038,0.0442,-0.0015,0.0007,-0.4
1.163,-0.0015,0.0645,-0.0015,0.0322,-0.4
1.164,-0.0008,0.048,0.0,0.0615,-0.3
1.165,-0.0015,0.0277,0.0015,0.078,-0.3
1.166,0.0015,0.0052,-0.0008,0.0615,-0.3
1.167,0.0037,-0.0128,-0.0015,0.0352,-0.2
1.168,0.0022,-0.0165,0.0,0.0367,-0.2
1.169,0.0007,-0.0256,-0.0008,0.039,-0.2
1.17,-0.0015,-0.0105,-0.0038,0.0337,-0.1
1.171,-0.0015,-0.0015,-0.0046,0.0097,-0.1
1.172,-0.0023,0.0142,-0.0053,-0.0293,-0.1
1.173,-0.003,0.0487,-0.0075,-0.0353,-0.1
1.174,-0.0053,0.0382,-0.0075,-0.0338,0.0
1.175,-0.0046,0.0045,-0.0083,-0.0225,0.0
1.176,-0.0038,-0.0015,-0.006,0.0045,0.0
1.177,-0.0038,-0.0015,-0.0015,0.0187,0.0
1.178,-0.0008,-0.0015,0.0045,0.0082,0.1
1.179,-0.0008,-0.003,0.0045,-0.0075,0.1
1.18,-0.0053,-0.003,0.0,-0.0091,0.1
1.181,-0.0053,-0.0015,-0.0015,-0.021,0.2
1.182,-0.0046,0.0007,-0.0015,-0.0293,0.2
1.183,-0.0053,0.0232,-0.0015,-0.0181,0.3
1.184,-0.0053,0.042,-0.0023,-0.006,0.4
1.185,-0.003,0.0157,-0.0015,-0.003,0.4
1.186,-0.0015,-0.0225,0.0045,0.0045,0.4
1.187,-0.0023,-0.0353,0.0052,0.0142,0.5
1.188,-0.003,-0.042,0.003,0.0255,0.5
1.189,-0.0008,-0.0405,0.0015,0.03,0.6
1.19,0.0007,-0.0353,-0.0008,0.0307,0.7
1.191,0.0,-0.0383,0.0015,0.033,0.7
1.192,0.0022,-0.0405,0.0045,0.0225,0.8
1.193,0.006,-0.0383,0.009,-0.0038,0.8
1.194,0.009,-0.0285,0.012,-0.0248,0.9
1.195,0.0052,-0.0278,0.0105,-0.0278,0.9
1.196,0.0037,-0.033,0.0112,-0.0315,0.9
1.197,0.003,-0.033,0.0105,-0.0293,1.0
1.198,0.0007,-0.0308,0.0067,-0.0181,1.1
1.199,-0.003,-0.0256,0.009,0.0082,1.1
1.2,-0.003,-0.0158,0.0097,0.0255,1.2
1.201,-0.0008,-0.0015,0.0075,0.012,1.2
1.202,-0.0038,0.0045,0.006,0.0007,1.2
1.203,-0.0015,0.0045,0.0052,0.0052,1.3
1.204,0.0,0.0007,0.006,0.0052,1.3
1.205,0.0007,-0.0068,0.0037,-0.0105,1.3
1.206,0.0015,-0.0023,0.0045,-0.012,1.3
1.207,0.003,0.0007,0.0082,-0.0091,1.3
1.208,0.003,0.006,0.0105,0.003,1.3
1.209,0.003,0.0082,0.0142,0.0165,1.4
1.21,0.0037,0.0045,0.012,0.0015,1.4
1.211,0.0007,0.003,0.006,-0.0128,1.4
1.212,-0.0008,0.003,0.003,-0.0053,1.5
1.213,-0.0015,0.003,0.0045,0.009,1.5
1.214,-0.0023,0.0022,0.0075,0.0157,1.5
1.215,0.0045,0.0097,0.0105,0.0315,1.5
1.216,0.0082,0.0142,0.0112,0.0345,1.6
1.217,0.0045,0.0142,0.015,0.0322,1.6
1.218,0.003,0.0105,0.0375,0.0195,1.6
1.219,0.0007,0.003,0.0615,-0.0038,1.6
1.22,-0.0053,0.033,0.057,-0.0158,1.7
1.221,-0.0143,0.081,0.0405,-0.0218,1.7
1.222,-0.0165,0.0667,0.0232,-0.0105,1.6
1.223,-0.0143,0.0247,-0.0015,-0.0038,1.5
1.224,-0.015,0.0142,-0.0158,0.0022,1.4
1.225,-0.0128,0.0007,-0.0225,0.0195,1.4
1.226,-0.0083,-0.0038,-0.0203,0.0187,1.3
1.227,-0.0038,-0.0113,-0.024,-0.0098,1.3
1.228,-0.0008,-0.0203,-0.0361,-0.0346,1.2
1.229,0.0135,-0.0143,-0.0368,-0.0405,1.1
1.23,0.0217,-0.027,-0.0218,-0.0413,1.0
1.231,0.0142,-0.0353,-0.0105,-0.021,1.0
1.232,0.018,-0.0181,-0.0105,-0.0098,0.9
1.233,0.018,0.0007,-0.0046,0.0187,0.9
1.234,0.0075,0.0075,0.0015,0.048,0.8
1.235,0.006,0.012,0.0045,0.009,0.7
1.236,0.0007,0.009,0.0067,-0.0285,0.7
1.237,-0.0068,0.0015,0.0082,-0.0278,0.6
1.238,-0.0135,-0.0053,0.0105,-0.0195,0.5
1.239,-0.0181,-0.012,0.0075,-0.0068,0.4
1.24,-0.0135,-0.0158,0.0052,-0.006,0.4
1.241,-0.012,-0.0203,-0.0008,-0.0128,0.3
1.242,-0.0113,-0.015,-0.0068,-0.0008,0.1
1.243,-0.0098,-0.0113,-0.0091,0.0105,0.0
1.244,-0.0091,-0.0128,-0.012,0.0292,-0.1
1.245,-0.0053,-0.0113,-0.0113,0.0397,-0.3
1.246,-0.0015,-0.0105,-0.0105,-0.0135,-0.5
1.247,-0.0008,0.0142,-0.012,-0.0555,-0.6
1.248,-0.003,0.0495,-0.0135,-0.03,-0.7
1.249,-0.003,0.0502,-0.0143,0.0007,-0.9
1.25,-0.0008,0.0345,-0.0181,0.0277,-1.0
1.251,-0.0015,0.0322,-0.0218,0.0517,-1.1
1.252,-0.0015,0.0315,-0.0203,0.0562,-1.3
1.253,-0.0046,0.0172,-0.0218,0.0487,-1.4
1.254,-0.0068,-0.0091,-0.021,0.0292,-1.5
1.255,-0.0046,-0.0098,-0.0195,0.0427,-1.7
1.256,-0.0008,0.0082,-0.0165,0.06,-1.8
1.257,-0.0008,-0.0038,-0.0113,0.0577,-2.0
1.258,-0.0008,-0.0458,-0.0091,0.0577,-2.1
1.259,0.0015,-0.0706,-0.0068,0.0292,-2.3
1.26,0.0045,-0.0615,-0.0046,0.0082,-2.4
1.261,0.0045,-0.0585,-0.0015,0.036,-2.4
1.262,0.0045,-0.0428,0.0015,0.0495,-2.4
1.263,0.0037,0.009,0.003,0.0142,-2.4
1.264,0.003,0.0592,0.0045,-0.0233,-2.4
1.265,0.0052,0.027,0.0075,-0.0323,-2.4
1.266,0.0045,-0.0143,0.0082,-0.0315,-2.4
1.267,0.0015,-0.0128,0.0052,-0.021,-2.4
1.268,-0.0008,-0.0346,0.0015,-0.024,-2.4
1.269,-0.0038,-0.0346,-0.003,-0.0368,-2.4
1.27,-0.0015,-0.0315,-0.0098,-0.0285,-2.4
1.271,-0.0038,-0.0308,-0.0143,-0.0346,-2.4
1.272,-0.006,-0.0233,-0.021,-0.0428,-2.4
1.273,-0.0053,-0.027,-0.0293,-0.0353,-2.4
1.274,-0.0046,-0.0188,-0.0368,-0.0308,-2.4
1.275,-0.0015,-0.0181,-0.048,-0.024,-2.4
1.276,-0.0015,-0.0158,-0.057,-0.0263,-2.4
1.277,-0.0008,-0.0143,-0.0608,-0.0285,-2.4
1.278,0.0,-0.0158,-0.0638,-0.0248,-2.4
1.279,-0.0008,-0.0128,-0.0675,-0.0195,-2.4
1.28,-0.0015,-0.0091,-0.0645,-0.0113,-2.4
1.281,-0.0015,-0.0038,-0.063,-0.0023,-2.4
1.282,0.0007,0.0007,-0.0518,0.0082,-2.4
1.283,0.0015,0.0045,-0.0315,0.012,-2.4
1.284,0.0007,0.0067,-0.027,0.0097,-2.4
1.285,0.0,0.0075,-0.0195,0.0045,-2.4
1.286,0.0007,0.0082,0.003,-0.003,-2.4
1.287,-0.0008,0.0135,0.0345,-0.0068,-2.4
1.288,-0.0015,0.0142,0.057,-0.0105,-2.4
1.289,-0.0015,0.0142,0.0667,-0.0091,-2.4
1.29,-0.0023,0.015,0.078,-0.0015,-2.4
1.291,-0.003,0.015,0.0892,0.0082,-2.4
1.292,-0.003,0.018,0.1117,0.018,-2.4
1.293,-0.003,0.018,0.123,0.0315,-2.4
1.294,-0.0015,0.0172,0.1185,0.0405,-2.4
1.295,0.0007,0.0172,0.12,0.0345,-2.4
1.296,0.003,0.0187,0.1207,0.0135,-2.4
1.297,0.0015,0.0157,0.117,-0.0015,-2.5
1.298,0.0,0.0142,0.1057,0.003,-2.5
1.299,0.0,0.018,0.0967,0.0037,-2.5
1.3,0.003,0.018,0.0877,-0.0015,-2.5
1.301,0.003,0.0195,0.0757,-0.0038,-2.5
1.302,0.003,0.018,0.063,0.0007,-2.5
1.303,0.0037,0.0157,0.048,0.003,-2.5
1.304,0.003,0.0165,0.0315,0.0045,-2.5
1.305,0.0045,0.0195,0.0157,0.0067,-2.5
1.306,0.003,0.0195,0.003,-0.0023,-2.5
1.307,0.003,0.0187,-0.0091,-0.0195,-2.5
1.308,0.003,0.0157,-0.0165,-0.0195,-2.5
1.309,-0.0008,0.0105,-0.027,-0.0083,-2.5
1.31,0.0007,0.0112,-0.033,0.0067,-2.5
1.311,0.003,0.0082,-0.039,0.0405,-2.5
1.312,0.0045,0.0052,-0.0443,0.069,-2.5
1.313,0.0045,0.003,-0.0495,0.063,-2.5
1.314,0.0015,-0.0008,-0.0555,0.0277,-2.5
1.315,0.0,-0.003,-0.0585,0.0052,-2.4
1.316,-0.0023,-0.0015,-0.0593,-0.0098,-2.4
1.317,-0.0008,-0.0023,-0.0555,-0.0165,-2.4
1.318,0.003,-0.003,-0.0533,-0.0083,-2.4
1.319,0.003,-0.0083,-0.0533,0.0007,-2.4
1.32,0.0037,-0.0203,-0.048,0.009,-2.4
1.321,0.0045,-0.0308,-0.0428,0.0045,-2.4
1.322,0.0015,-0.033,-0.0368,0.0007,-2.4
1.323,0.0015,-0.0383,-0.0323,-0.0068,-2.3
1.324,0.0037,-0.0488,-0.0278,-0.0068,-2.3
1.325,0.0015,-0.057,-0.0218,0.0045,-2.3
1.326,0.0007,-0.057,-0.0181,0.0052,-2.3
1.327,-0.0008,-0.0511,-0.0165,-0.0068,-2.2
1.328,-0.0008,-0.0315,-0.0188,-0.0105,-2.2
1.329,-0.003,-0.0105,-0.0165,-0.0015,-2.1
1.33,-0.0046,-0.0023,-0.012,0.0052,-2.1
1.331,-0.0015,-0.003,-0.0075,0.0142,-2.1
1.332,0.0,-0.0105,-0.0046,0.0067,-2.0
1.333,-0.0038,-0.0068,-0.003,-0.003,-2.0
1.334,-0.0046,-0.0053,0.0007,-0.0046,-1.9
1.335,-0.003,0.0,0.0015,-0.006,-1.9
1.336,-0.0015,0.0172,0.0015,-0.0046,-1.9
1.337,-0.0008,0.0225,0.0015,-0.003,-1.8
1.338,-0.0008,0.012,0.0007,-0.0038,-1.8
1.339,-0.0015,-0.0046,-0.0008,-0.0053,-1.8
1.34,-0.0015,-0.0053,-0.0008,-0.006,-1.8
1.341,-0.003,-0.0053,0.0,-0.0083,-1.8
1.342,-0.0015,-0.0008,-0.0023,-0.0068,-1.8
1.343,-0.0015,-0.0008,-0.0023,-0.006,-1.8
1.344,-0.0015,-0.0008,-0.0023,-0.0053,-1.9
1.345,-0.003,0.0022,-0.0038,-0.0068,-1.9
1.346,-0.006,-0.0023,-0.0053,-0.006,-2.0
1.347,-0.0068,0.0015,-0.0053,-0.0053,-2.0
1.348,-0.0053,0.0015,-0.003,-0.0068,-2.1
1.349,-0.0046,0.0045,-0.0015,-0.006,-2.1
1.35,-0.003,0.0037,-0.0008,-0.0068,-2.2
1.351,-0.0015,0.003,0.003,-0.0053,-2.2
1.352,0.0022,0.0067,0.0015,-0.0038,-2.2
1.353,0.0015,0.009,0.0015,-0.003,-2.3
1.354,-0.0008,0.0105,0.0037,-0.0038,-2.3
1.355,-0.0023,0.009,-0.0008,-0.0023,-2.3
1.356,-0.0023,0.0075,-0.0008,-0.0015,-2.4
1.357,-0.003,0.0067,0.0,-0.0015,-2.4
1.358,-0.0046,0.0082,-0.0015,-0.0015,-2.5
1.359,-0.0046,0.009,0.0022,-0.0053,-2.5
1.36,-0.0023,0.0097,0.0045,-0.0053,-2.6
1.361,-0.0008,0.009,0.003,-0.0023,-2.6
1.362,-0.0015,0.0082,0.0022,-0.0008,-2.7
1.363,0.0,0.0067,0.003,0.0045,-2.7
1.364,0.0007,0.0015,0.003,0.0127,-2.8
1.365,0.0007,0.0022,0.0015,0.0112,-2.8
1.366,0.0007,0.0037,0.0007,0.006,-2.9
1.367,0.0,0.0045,0.0007,0.0082,-2.9
1.368,-0.0008,0.0045,0.0,0.006,-3.0
1.369,-0.0015,0.0045,0.0,0.0045,-3.1
1.37,-0.0008,0.0052,0.0007,0.0045,-3.1
1.371,-0.003,0.0045,0.0007,0.0037,-3.2
1.372,-0.0038,0.003,0.0007,0.0052,-3.2
1.373,-0.0015,0.0015,0.0007,0.0045,-3.3
1.374,-0.0008,0.0,0.0007,0.0037,-3.3
1.375,-0.0008,0.0007,-0.0008,0.0045,-3.4
1.376,-0.0023,0.003,0.0015,0.0045,-3.4
1.377,-0.003,0.0015,0.0015,0.003,-3.5
1.378,-0.0015,0.0,-0.0008,0.003,-3.6
1.379,-0.0015,0.0007,0.0,0.0037,-3.6
1.38,-0.0015,-0.0008,-0.0008,0.0015,-3.7
1.381,-0.003,-0.0015,0.0,0.0022,-3.7
1.382,-0.0046,-0.0008,0.0015,0.0015,-3.7
1.383,-0.0046,0.0015,0.0045,0.003,-3.7
1.384,-0.0015,0.0022,0.0037,0.0037,-3.7
1.385,-0.0008,0.0037,0.003,0.003,-3.7
1.386,-0.0008,0.0045,0.0045,0.003,-3.7
1.387,-0.0008,0.003,0.0045,0.0022,-3.7
1.388,-0.0015,0.0045,0.0067,0.003,-3.7
1.389,0.0,0.0045,0.0075,0.0045,-3.7
1.39,0.0015,0.0022,0.0067,0.0067,-3.8
1.391,0.0037,-0.0008,0.0075,0.0067,-3.8
1.392,0.0037,-0.0015,0.0097,0.0045,-3.8
1.393,0.0007,-0.0008,0.0097,0.006,-3.8
1.394,-0.0008,-0.0008,0.0105,0.0052,-3.8
1.395,-0.0023,-0.0023,0.0105,0.006,-3.8
1.396,-0.003,-0.0046,0.009,0.0045,-3.8
1.397,-0.003,-0.0083,0.0052,0.0045,-3.8
1.398,-0.0015,-0.0195,0.0052,0.0045,-3.9
1.399,-0.0015,-0.0361,0.006,0.0015,-3.9
1.4,-0.0008,-0.0465,0.0067,0.003,-3.9
1.401,0.0,-0.0518,0.006,0.003,-3.9
1.402,-0.0023,-0.0533,0.0082,0.003,-3.9
1.403,-0.0008,-0.0495,0.009,0.0007,-3.9
1.404,-0.0015,-0.0473,0.0082,-0.0038,-3.8
1.405,-0.003,-0.045,0.0067,-0.0015,-3.8
1.406,-0.003,-0.0383,0.0067,0.0015,-3.8
1.407,-0.0015,-0.0315,0.0067,0.0097,-3.8
1.408,0.0,-0.0278,0.0045,0.0142,-3.7
1.409,-0.0008,-0.0233,0.003,0.0135,-3.7
1.41,-0.0015,-0.0165,0.0015,0.009,-3.7
1.411,-0.0008,-0.0135,-0.0015,0.0007,-3.7
1.412,-0.0008,-0.0091,-0.0023,-0.0023,-3.7
1.413,-0.0038,-0.0053,-0.003,-0.0023,-3.6
1.414,-0.0046,0.0015,-0.003,0.0,-3.6
1.415,-0.003,0.0052,-0.0015,0.0015,-3.6
1.416,-0.003,0.0045,-0.0015,0.0015,-3.6
1.417,-0.0023,0.0082,0.0,0.0022,-3.6
1.418,-0.0008,0.0082,-0.0015,0.0,-3.6
1.419,0.0015,0.0105,-0.0008,0.0007,-3.5
1.42,0.0022,0.012,-0.0008,-0.0015,-3.5
1.421,0.0015,0.009,0.0015,-0.0023,-3.5
1.422,0.0015,0.0082,0.0045,-0.0015,-3.5
1.423,0.0007,0.0082,0.0045,0.0,-3.5
1.424,0.0007,0.0075,0.0045,0.0007,-3.5
1.425,0.0015,0.0067,0.003,0.0,-3.5
1.426,0.0022,0.0067,0.0007,0.0007,-3.5
1.427,0.0022,0.0082,0.0007,-0.0008,-3.5
1.428,0.0,0.012,0.0,-0.0015,-3.5
1.429,-0.0008,0.0142,-0.0008,-0.0008,-3.5
1.43,-0.0008,0.0157,-0.0008,0.0,-3.5
1.431,0.0015,0.0142,-0.0015,0.0007,-3.5
1.432,0.0015,0.0142,-0.0046,0.0007,-3.5
1.433,0.0007,0.015,-0.0023,0.0,-3.5
1.434,0.0007,0.0127,0.0007,-0.0015,-3.5
1.435,-0.0008,0.0135,0.0007,-0.0023,-3.5
1.436,0.0,0.0142,0.0,-0.0046,-3.5
1.437,-0.0015,0.0142,0.0015,-0.0046,-3.5
1.438,-0.003,0.0172,0.0022,-0.0046,-3.5
1.439,-0.0015,0.015,0.0045,-0.0075,-3.5
1.44,0.0,0.0127,0.003,-0.0083,-3.6
1.441,0.0022,0.0127,0.0037,-0.0091,-3.6
1.442,0.0037,0.0127,0.0045,-0.0091,-3.6
1.443,0.0015,0.0127,0.003,-0.0105,-3.6
1.444,0.0007,0.0112,0.0015,-0.0075,-3.6
1.445,-0.0008,0.0097,0.0015,-0.0015,-3.6
1.446,-0.0008,0.0067,-0.0008,0.0052,-3.6
1.447,-0.0015,0.0067,0.0,0.012,-3.6
1.448,-0.003,0.0067,0.0007,0.003,-3.6
1.449,-0.003,0.0052,0.0,-0.003,-3.6
1.45,0.0,0.0045,0.0015,-0.0015,-3.7
1.451,0.0022,-0.0015,0.0007,0.0007,-3.7
1.452,0.0,-0.0083,-0.0008,0.0022,-3.7
1.453,-0.0008,-0.012,0.0007,0.0,-3.7
1.454,-0.0008,-0.012,0.0007,-0.0015,-3.7
1.455,-0.0008,-0.0128,0.0007,-0.0046,-3.7
1.456,-0.0008,-0.012,-0.0015,-0.0091,-3.8
1.457,-0.003,-0.0105,-0.003,-0.0083,-3.8
1.458,-0.003,-0.0098,-0.003,-0.0023,-3.8
1.459,-0.0038,-0.006,-0.003,0.0015,-3.8
1.46,-0.0046,0.0,-0.0008,0.0007,-3.9
1.461,-0.0046,0.0195,-0.0015,-0.0015,-3.9
1.462,-0.0023,0.0442,-0.0008,-0.0046,-3.9
1.463,-0.0008,0.0397,-0.0023,-0.0053,-3.9
1.464,-0.0038,0.018,-0.0023,-0.0053,-3.9
1.465,-0.003,0.0015,-0.0015,-0.0053,-3.9
1.466,-0.0015,-0.0068,0.0,-0.0046,-3.9
1.467,-0.0046,-0.0083,0.0015,-0.003,-3.9
1.468,-0.0053,-0.0091,0.0015,-0.003,-3.9
1.469,-0.003,0.0015,0.0045,0.0,-3.9
1.47,-0.0008,0.0105,0.0007,0.006,-4.0
1.471,-0.0008,-0.003,0.0,0.0067,-4.0
1.472,0.0007,-0.0128,-0.0015,-0.0046,-4.0
1.473,0.0007,-0.0135,-0.0008,-0.0165,-4.0
1.474,0.003,-0.0128,0.0022,-0.0165,-4.0
1.475,0.0045,-0.0105,0.0015,-0.0165,-4.0
1.476,0.003,-0.0203,0.0007,-0.0181,-4.0
1.477,0.0015,-0.0361,0.0007,-0.0203,-4.0
1.478,0.0015,-0.0473,-0.0015,-0.0263,-4.1
1.479,0.0007,-0.0518,-0.0046,-0.0256,-4.1
1.48,0.0007,-0.0525,-0.0038,-0.012,-4.1
1.481,-0.0008,-0.0428,-0.0015,0.0127,-4.1
1.482,-0.0015,-0.0285,-0.003,0.0307,-4.1
1.483,0.0007,-0.0293,-0.0038,0.0397,-4.1
1.484,0.0007,-0.0308,-0.0046,0.0465,-4.1
1.485,-0.0008,-0.0233,-0.0046,0.0547,-4.1
1.486,0.0007,-0.0203,-0.003,0.0607,-4.1
1.487,0.0015,-0.0181,-0.0015,0.0607,-4.1
1.488,0.0007,-0.0165,0.0007,0.0607,-4.1
1.489,0.0,-0.0105,0.003,0.0555,-4.1
1.49,0.0,-0.0038,0.0052,0.051,-4.1
1.491,-0.0008,-0.0046,0.0045,0.0457,-4.1
1.492,-0.0015,-0.0046,0.0052,0.0397,-4.1
1.493,-0.0008,-0.0015,0.0052,0.0367,-4.1
1.494,0.0,0.0022,0.003,0.0345,-4.1
1.495,0.0022,-0.0023,0.0052,0.0352,-4.0
1.496,0.003,-0.0075,0.006,0.0292,-4.0
1.497,0.0015,-0.0105,0.003,0.0045,-4.0
1.498,0.0007,-0.0128,0.0007,-0.012,-4.0
1.499,0.0,-0.0165,-0.0015,-0.012,-4.0
1.5,-0.0015,-0.015,-0.0015,-0.0091,-4.0
1.501,-0.0046,0.0022,0.0007,-0.0053,-4.0
1.502,-0.0038,0.0165,0.003,0.0067,-4.0
1.503,-0.003,0.0232,0.003,0.0315,-4.0
1.504,-0.0015,0.0397,0.0045,0.0367,-4.0
1.505,0.0,0.0472,0.0052,0.0285,-4.0
1.506,0.0,0.039,0.0045,0.033,-4.0
1.507,0.0007,0.042,0.0067,0.0442,-4.0
1.508,0.0007,0.0292,0.0075,0.0457,-4.0
1.509,0.0007,0.0157,0.006,0.039,-4.0
1.51,-0.0008,0.0135,0.0067,0.009,-3.9
1.511,-0.0008,-0.0053,0.0052,-0.0263,-3.9
1.512,0.0007,0.0052,0.0045,-0.0308,-3.9
1.513,-0.0008,0.0285,0.003,-0.0383,-3.9
1.514,-0.0015,0.039,0.0037,-0.0405,-3.9
1.515,-0.0008,0.0367,0.003,-0.0398,-3.9
1.516,-0.003,0.0165,0.0015,-0.042,-3.9
1.517,-0.0038,0.018,0.0015,-0.0405,-3.9
1.518,-0.0046,0.0195,-0.0008,-0.0495,-3.9
1.519,-0.003,-0.0023,-0.0023,-0.0713,-3.9
1.52,0.0,-0.0091,-0.0015,-0.0908,-3.9
1.521,-0.0015,-0.0128,0.0,-0.081,-3.9
1.522,-0.003,-0.0218,-0.0008,-0.0668,-3.9
1.523,-0.0015,-0.0218,-0.003,-0.0458,-3.9
1.524,-0.0015,-0.021,-0.0008,-0.024,-3.9
1.525,-0.0015,-0.0158,-0.0015,-0.0105,-3.9
1.526,-0.0023,-0.0158,0.0007,0.0082,-3.9
1.527,-0.0015,-0.0181,0.0007,0.0225,-3.9
1.528,0.0,-0.0075,0.0007,0.0495,-3.9
1.529,0.0007,0.0097,0.0015,0.0705,-3.9
1.53,0.0007,0.033,0.0022,0.054,-3.9
1.531,0.0,0.0397,0.0037,0.0105,-3.9
1.532,-0.0015,0.009,0.0022,-0.0203,-3.9
1.533,-0.0023,-0.015,0.003,-0.0428,-3.9
1.534,-0.0038,-0.0113,0.0,-0.0578,-3.9
1.535,-0.0038,-0.0023,0.0,-0.0353,-3.9
1.536,-0.0015,0.0165,0.0007,-0.0158,-3.9
1.537,-0.0008,0.018,-0.0023,-0.0165,-3.9
1.538,-0.0015,-0.0015,-0.0008,-0.0015,-3.9
1.539,-0.0038,-0.0143,0.0,0.027,-3.9
1.54,-0.0015,-0.0165,-0.0008,0.0442,-3.9
1.541,-0.0008,-0.0233,-0.0015,0.0405,-3.9
1.542,-0.0015,-0.0233,-0.0015,0.0232,-3.9
1.543,0.0,-0.0068,-0.0008,0.0082,-3.9
1.544,-0.0015,0.0007,0.0,-0.0188,-3.9
1.545,-0.0008,-0.0068,0.0015,-0.0488,-3.9
1.546,0.0,-0.0165,0.0037,-0.0413,-3.9
1.547,0.0007,-0.0293,0.0037,-0.0173,-3.9
1.548,0.0007,-0.0181,0.0052,0.003,-3.9
1.549,0.0015,0.009,0.0067,0.027,-3.9
1.55,0.0007,0.0195,0.0067,0.0427,-3.9
1.551,-0.0008,0.009,0.0075,0.0532,-3.9
1.552,0.0,-0.0165,0.0075,0.039,-3.9
1.553,0.0015,-0.012,0.009,0.0007,-3.9
1.554,0.0015,-0.0068,0.0082,-0.0143,-3.9
1.555,0.0,0.003,0.0067,-0.0075,-3.9
1.556,-0.0008,0.0217,0.0045,-0.0053,-3.9
1.557,-0.0015,0.0202,0.0052,-0.006,-3.9
1.558,-0.0046,0.0135,0.0075,-0.0068,-3.9
1.559,-0.0068,-0.0188,0.009,-0.0046,-3.9
1.56,-0.0046,-0.0443,0.009,-0.0053,-4.0
1.561,-0.0015,-0.0525,0.009,-0.0128,-4.0
1.562,-0.0008,-0.0578,0.0067,-0.0143,-4.0
1.563,0.0,-0.0503,0.0045,-0.0143,-4.0
1.564,-0.0008,-0.0383,0.0037,-0.012,-4.0
1.565,-0.0008,-0.0405,0.0015,-0.0053,-4.0
1.566,-0.0008,-0.0383,0.0022,0.003,-4.0
1.567,-0.0008,-0.0278,0.0015,0.0157,-4.0
1.568,0.0,-0.0256,0.0007,0.024,-4.0
1.569,-0.0008,-0.0218,-0.0008,0.0165,-4.0
1.57,-0.0015,-0.0181,-0.0023,0.0045,-4.0
1.571,-0.0015,-0.0091,-0.003,0.0015,-4.0
1.572,0.0,-0.0068,-0.003,0.0007,-4.0
1.573,0.0022,-0.0068,-0.0046,0.0007,-4.0
1.574,0.0015,-0.0053,-0.0053,0.0007,-4.0
1.575,0.0015,-0.0015,-0.0046,0.0037,-4.0
1.576,0.0,0.0022,-0.0053,0.0067,-4.0
1.577,-0.0015,0.0037,-0.0046,0.0067,-4.0
1.578,-0.0015,0.0097,-0.0053,0.0052,-4.0
1.579,-0.0008,0.0127,-0.0068,0.003,-4.0
1.58,0.0,0.018,-0.0068,0.0015,-4.0
1.581,-0.0008,0.024,-0.006,0.0015,-4.0
1.582,0.0007,0.03,-0.0046,0.0007,-4.0
1.583,0.0015,0.0345,-0.003,-0.0008,-4.0
1.584,0.0007,0.0277,-0.0008,-0.003,-4.0
1.585,0.0007,0.0247,-0.0008,-0.0008,-4.0
1.586,-0.0008,0.021,0.0015,0.009,-4.0
1.587,-0.0015,0.0165,0.0015,0.0135,-4.0
1.588,-0.0015,0.0112,0.0007,0.0127,-4.0
1.589,-0.0015,0.009,0.0015,0.0082,-4.0
1.59,-0.0015,0.0097,-0.0008,0.006,-4.0
1.591,-0.0015,0.009,-0.0008,0.003,-4.0
1.592,0.0,0.0075,-0.0015,0.0,-4.0
1.593,0.0,0.0022,-0.0023,-0.0023,-4.0
1.594,0.0007,-0.0008,-0.0008,-0.0098,-4.0
1.595,0.0022,0.0022,0.0007,-0.0113,-4.0
1.596,0.003,-0.003,0.0007,-0.0046,-4.0
1.597,0.0022,-0.0091,0.0015,0.0022,-4.0
1.598,0.0007,-0.0113,0.0007,0.0075,-4.0
1.599,-0.0015,-0.0091,-0.0015,0.009,-4.0
1.6,-0.0023,0.0052,-0.0023,0.0105,-4.0
1.601,-0.0015,0.0187,-0.0015,0.0082,-4.0
1.602,-0.003,0.0157,0.0007,0.0052,-4.0
1.603,-0.0046,-0.003,0.0015,0.0037,-3.9
1.604,-0.0038,0.0157,0.0037,0.0052,-3.9
1.605,-0.0023,0.033,0.003,0.0037,-3.9
1.606,-0.0015,0.0067,0.0015,-0.003,-3.9
1.607,-0.003,-0.0053,0.0022,-0.0075,-3.9
1.608,-0.0038,-0.0128,0.0015,-0.003,-3.9
1.609,-0.003,-0.0091,0.0022,0.0097,-3.9
1.61,-0.003,0.0157,0.003,0.0292,-3.8
1.611,-0.0015,0.0345,0.0045,0.0442,-3.8
1.612,0.0,0.0375,0.0052,0.0442,-3.8
1.613,0.0007,0.0255,0.006,0.0292,-3.8
1.614,0.0007,0.0015,0.0045,0.0082,-3.8
1.615,-0.0015,-0.0181,0.003,-0.0008,-3.8
1.616,-0.0015,-0.0188,0.0022,-0.0023,-3.8
1.617,-0.0008,-0.0218,0.0015,-0.0046,-3.8
1.618,-0.0015,-0.0173,0.0015,-0.0008,-3.7
1.619,0.0,-0.0181,0.003,-0.0015,-3.7
1.62,-0.0008,-0.0173,0.0022,-0.0046,-3.7
1.621,0.0,-0.0128,0.0015,-0.0038,-3.7
1.622,-0.0015,-0.0128,0.0015,-0.003,-3.7
1.623,-0.003,-0.0098,-0.0015,-0.003,-3.7
1.624,-0.003,-0.0105,-0.0008,-0.003,-3.7
1.625,-0.0046,-0.0083,-0.0023,-0.0008,-3.7
1.626,-0.0046,-0.0091,-0.0038,-0.0015,-3.7
1.627,-0.0046,-0.0091,-0.003,-0.0015,-3.6
1.628,-0.006,-0.0083,-0.0053,0.003,-3.6
1.629,-0.0046,-0.0053,-0.006,0.0037,-3.6
1.63,-0.003,-0.0046,-0.006,-0.0008,-3.6
1.631,-0.0046,-0.003,-0.0053,-0.0046,-3.6
1.632,-0.003,0.0007,-0.0046,-0.0083,-3.6
1.633,-0.0008,0.0,-0.003,-0.0083,-3.6
1.634,-0.0015,-0.0008,-0.0008,-0.0023,-3.6
1.635,-0.0008,0.0,-0.0015,-0.0008,-3.6
1.636,0.0015,0.0015,-0.0008,-0.0008,-3.6
1.637,0.0037,-0.0008,0.0007,-0.0015,-3.6
1.638,0.0045,-0.0015,0.003,-0.003,-3.5
1.639,0.006,-0.003,0.003,-0.0008,-3.5
1.64,0.0052,-0.0091,0.0015,-0.0015,-3.5
1.641,0.0015,-0.0195,-0.0008,-0.0015,-3.5
1.642,0.0015,-0.0293,0.0,-0.0008,-3.5
1.643,0.0037,-0.0368,-0.0008,0.0007,-3.5
1.644,0.003,-0.0443,0.0007,0.0,-3.5
1.645,0.0015,-0.045,0.0015,-0.0015,-3.4
1.646,0.0007,-0.0443,0.0007,-0.003,-3.4
1.647,0.0,-0.0405,0.0007,-0.0053,-3.4
1.648,-0.0008,-0.033,-0.0008,-0.0068,-3.4
1.649,0.0,-0.0135,-0.0015,-0.0091,-3.4
1.65,-0.0008,0.0045,-0.003,-0.012,-3.3
1.651,-0.0023,-0.0068,-0.003,-0.0158,-3.3
1.652,-0.0015,-0.0128,-0.003,-0.0165,-3.3
1.653,-0.003,-0.0091,-0.0038,-0.003,-3.3
1.654,-0.0038,-0.0083,-0.0023,0.006,-3.3
1.655,-0.003,-0.0038,-0.0038,-0.006,-3.3
1.656,-0.0015,-0.0046,-0.0046,-0.006,-3.2
1.657,0.0007,0.009,-0.0038,0.009,-3.2
1.658,0.0015,0.039,-0.0008,0.0262,-3.2
1.659,0.0015,0.045,-0.0008,0.0532,-3.2
1.66,0.0007,0.0277,-0.0008,0.0562,-3.2
1.661,0.0015,0.0157,0.003,0.012,-3.2
1.662,0.003,0.0022,0.0037,-0.048,-3.2
1.663,0.0007,-0.0023,0.003,-0.0593,-3.2
1.664,-0.0008,0.0015,0.003,-0.042,-3.1
1.665,-0.0015,0.0045,0.003,-0.027,-3.1
1.666,0.0,0.0202,0.0045,-0.015,-3.1
1.667,0.0015,0.0195,0.0052,-0.0046,-3.1
1.668,0.0,0.009,0.0052,0.012,-3.1
1.669,-0.0015,0.0082,0.006,0.039,-3.0
1.67,-0.0015,0.0067,0.0052,0.078,-3.0
1.671,0.0,0.0187,0.006,0.0757,-3.0
1.672,-0.0008,0.0262,0.003,0.0292,-3.0
1.673,-0.0008,0.021,0.003,-0.0068,-3.0
1.674,-0.0015,0.012,0.0022,-0.0158,-2.9
1.675,-0.0015,0.0052,0.0045,-0.0195,-2.9
1.676,0.0007,0.0052,0.0067,-0.0181,-2.9
1.677,-0.0008,0.0037,0.0052,-0.0173,-2.9
1.678,-0.0015,0.0045,0.006,-0.0165,-2.9
1.679,-0.0008,0.0015,0.0045,-0.0128,-2.8
1.68,-0.0023,0.0,0.0037,-0.0135,-2.8
1.681,-0.0046,0.0015,0.003,-0.0068,-2.8
1.682,-0.0038,-0.0053,0.0052,0.0052,-2.8
1.683,-0.003,-0.0053,0.0067,0.009,-2.8
1.684,-0.0023,0.0195,0.0067,-0.0008,-2.8
1.685,0.0007,0.0405,0.0052,-0.0075,-2.7
1.686,0.0022,0.0067,0.0015,-0.015,-2.7
1.687,0.0015,-0.0158,0.003,-0.0181,-2.7
1.688,0.0022,-0.0068,0.003,-0.0083,-2.7
1.689,0.0007,-0.0143,0.0,-0.0046,-2.7
1.69,0.0007,-0.0015,-0.003,-0.0143,-2.7
1.691,-0.0008,0.0007,-0.0038,-0.024,-2.7
1.692,-0.0015,0.0052,-0.0023,-0.0105,-2.7
1.693,-0.0008,0.018,-0.003,0.0015,-2.7
1.694,-0.0015,-0.003,-0.0015,-0.0008,-2.7
1.695,-0.003,-0.0143,-0.003,-0.0015,-2.6
1.696,-0.0038,-0.0091,-0.0053,-0.0038,-2.6
1.697,-0.003,0.0,-0.0053,-0.0038,-2.6
1.698,-0.0015,0.0007,-0.0046,-0.0023,-2.6
1.699,-0.0015,-0.0098,-0.003,0.0007,-2.6
1.7,-0.0015,-0.0075,-0.0038,0.0007,-2.6
1.701,-0.003,-0.0083,-0.0053,0.003,-2.6
1.702,-0.0015,-0.0068,-0.0068,0.0037,-2.5
1.703,0.0,-0.0046,-0.0046,0.003,-2.5
1.704,0.0007,-0.0068,-0.003,0.0075,-2.5
1.705,0.0,-0.0053,-0.0046,0.0082,-2.5
1.706,-0.0008,-0.0053,-0.0015,0.0082,-2.5
1.707,-0.0008,-0.0046,-0.0008,0.0067,-2.5
1.708,-0.0008,-0.0053,-0.0008,0.0045,-2.5
1.709,0.0007,-0.0046,0.0007,0.0015,-2.4
1.71,-0.0008,-0.003,0.0,0.0022,-2.4
1.711,-0.0015,-0.0008,-0.0008,0.0045,-2.4
1.712,-0.0015,-0.0015,0.0,0.0045,-2.4
1.713,-0.0015,-0.0015,0.0,0.0045,-2.4
1.714,-0.003,0.0015,-0.0008,0.0052,-2.4
1.715,-0.0046,0.0007,-0.0015,0.006,-2.3
1.716,-0.0046,0.0007,-0.0008,0.0045,-2.3
1.717,-0.003,-0.0008,0.0007,0.0045,-2.3
1.718,-0.0046,-0.0008,0.0022,0.0052,-2.3
1.719,-0.0053,-0.0008,0.003,0.0052,-2.3
1.72,0.0,-0.0015,0.0037,0.0045,-2.3
1.721,0.0007,-0.0008,0.0045,0.0037,-2.3
1.722,0.0007,0.0007,0.0052,0.0052,-2.3
1.723,0.0015,0.0007,0.0045,0.0052,-2.3
1.724,0.0015,-0.0008,0.0037,0.0052,-2.2
1.725,0.0015,-0.003,0.003,0.0082,-2.2
1.726,0.0,-0.0083,0.003,0.0067,-2.2
1.727,0.0015,-0.0105,0.0037,0.0052,-2.2
1.728,0.0015,-0.012,0.0045,0.006,-2.2
1.729,-0.0008,-0.0128,0.006,0.0052,-2.1
1.73,-0.0008,-0.0091,0.0045,0.0037,-2.1
1.731,0.0007,-0.0083,0.0037,0.0045,-2.1
1.732,-0.0008,-0.012,0.0052,0.0037,-2.1
1.733,-0.0023,-0.0113,0.0052,0.0037,-2.1
1.734,-0.0015,-0.015,0.0045,0.0037,-2.0
1.735,0.0007,-0.0218,0.0037,0.0037,-2.0
1.736,0.0015,-0.0143,0.0037,0.003,-2.0
1.737,0.0022,-0.0098,0.0037,0.0015,-2.0
1.738,0.0015,-0.03,0.0045,0.0015,-2.0
1.739,-0.0008,-0.0428,0.003,0.0015,-1.9
1.74,-0.0015,-0.0443,0.0,0.0045,-1.9
1.741,-0.0015,-0.0465,-0.0008,0.0045,-1.9
1.742,-0.0015,-0.0428,-0.0008,0.0045,-1.9
1.743,-0.0008,-0.042,-0.0015,0.0052,-1.9
1.744,0.0,-0.033,-0.0008,0.0067,-1.8
1.745,-0.0008,-0.0218,-0.0015,0.0067,-1.8
1.746,-0.003,-0.0195,-0.0015,0.0045,-1.8
1.747,-0.0015,-0.0181,-0.0015,0.0037,-1.8
1.748,-0.0015,-0.0173,-0.0015,0.0067,-1.8
1.749,-0.0008,-0.0135,-0.0023,0.0052,-1.8
1.75,-0.0008,-0.0091,-0.0053,0.0045,-1.8
1.751,-0.0015,-0.0023,-0.0053,0.0067,-1.8
1.752,-0.0015,0.0037,-0.0046,0.006,-1.7
1.753,-0.003,0.009,-0.003,0.0037,-1.7
1.754,-0.003,0.0142,-0.0023,0.0022,-1.7
1.755,-0.0008,0.0172,-0.003,0.0015,-1.7
1.756,-0.0015,0.0217,-0.0023,0.003,-1.7
1.757,-0.003,0.024,-0.0015,0.0015,-1.6
1.758,-0.0015,0.0217,-0.0023,0.0015,-1.6
1.759,-0.0008,0.0217,-0.0015,0.003,-1.6
1.76,0.0007,0.0225,-0.0008,0.003,-1.6
1.761,-0.0008,0.0217,-0.0008,0.0045,-1.6
1.762,0.0007,0.0202,0.0022,0.0067,-1.5
1.763,0.0007,0.0202,0.0007,0.0045,-1.5
1.764,-0.0008,0.0225,-0.0008,0.003,-1.5
1.765,0.0,0.0217,-0.0008,0.0045,-1.5
1.766,0.0007,0.0217,-0.0015,0.0045,-1.4
1.767,0.003,0.0195,-0.0008,0.003,-1.4
1.768,0.0015,0.0195,0.0015,0.0015,-1.4
1.769,0.0007,0.0172,0.0045,0.0007,-1.4
1.77,0.0007,0.0142,0.003,-0.0008,-1.4
1.771,0.0007,0.0127,0.0052,-0.0008,-1.4
1.772,0.0007,0.0105,0.0052,-0.0023,-1.4
1.773,0.0007,0.0105,0.003,-0.0008,-1.3
1.774,0.0007,0.0082,0.003,0.0007,-1.3
1.775,0.0007,0.0082,0.0022,0.003,-1.3
1.776,-0.0023,0.009,0.0037,0.003,-1.3
1.777,-0.0023,0.0082,0.0022,0.003,-1.2
1.778,-0.0046,0.0067,0.0007,0.0022,-1.2
1.779,-0.0053,0.0052,0.0015,0.003,-1.2
1.78,-0.003,0.0067,0.0022,0.006,-1.2
1.781,-0.0023,0.0075,0.0037,0.0045,-1.2
1.782,-0.003,0.0052,0.0045,0.003,-1.1
1.783,-0.003,0.0015,0.0045,0.003,-1.1
1.784,-0.0015,-0.003,0.003,0.0022,-1.1
1.785,-0.0008,-0.0046,0.0052,0.003,-1.0
1.786,-0.0008,-0.0046,0.0052,0.0015,-1.0
1.787,-0.0008,-0.0046,0.0037,0.003,-1.0
1.788,-0.0015,-0.0053,0.0007,0.003,-1.0
1.789,0.0,-0.006,0.0007,0.003,-0.9
1.79,0.0015,-0.006,0.0007,0.0022,-0.9
1.791,0.0007,-0.0053,0.0,0.0015,-0.9
1.792,0.0037,-0.0068,0.0015,0.0015,-0.9
1.793,0.003,-0.0046,0.0007,0.0022,-0.9
1.794,0.0007,-0.0023,-0.0015,0.0015,-0.9
1.795,0.0022,-0.0046,-0.0008,-0.0015,-0.8
1.796,0.0007,-0.0053,-0.0008,-0.003,-0.8
1.797,0.0,-0.006,0.0,-0.0038,-0.8
1.798,0.0,-0.0053,0.0015,-0.0046,-0.8
1.799,0.0007,-0.0046,0.003,-0.0053,-0.7
1.8,0.0007,-0.0015,0.0022,-0.0046,-0.7
1.801,-0.0015,0.0007,0.0015,-0.0053,-0.7
1.802,-0.0015,0.003,0.0,-0.0008,-0.7
1.803,-0.003,0.0045,0.0,0.006,-0.6
1.804,-0.0053,-0.003,0.0015,0.0075,-0.6
1.805,-0.0046,-0.0068,0.0,0.0075,-0.6
1.806,-0.003,-0.0091,-0.0015,0.009,-0.6
1.807,-0.0023,-0.0105,-0.0015,0.0105,-0.5
1.808,-0.003,-0.0105,-0.0015,0.0105,-0.5
1.809,-0.0015,-0.012,-0.0008,0.0112,-0.5
1.81,-0.0008,-0.0105,-0.0015,0.003,-0.5
1.811,-0.0023,-0.0135,-0.0023,-0.0008,-0.5
1.812,-0.0038,-0.0158,-0.003,-0.0008,-0.4
1.813,-0.0015,-0.0113,-0.003,-0.0046,-0.4
1.814,-0.0015,-0.0068,-0.0015,-0.0046,-0.4
1.815,-0.0015,-0.0038,-0.0008,-0.006,-0.4
1.816,-0.0015,-0.0015,-0.0023,-0.0053,-0.3
1.817,-0.0046,0.0015,-0.0008,-0.006,-0.3
1.818,-0.0038,-0.0023,0.0007,-0.0046,-0.3
1.819,-0.003,-0.0053,0.0015,-0.003,-0.3
1.82,-0.003,-0.0091,0.003,-0.003,-0.2
1.821,-0.0008,-0.021,0.0015,0.0007,-0.2
1.822,-0.0008,-0.0315,0.003,0.003,-0.2
1.823,-0.0038,-0.0383,0.003,0.0007,-0.1
1.824,-0.003,-0.0436,0.0022,0.0,-0.1
1.825,-0.0046,-0.0465,0.0,0.0022,-0.1
1.826,-0.0038,-0.0458,-0.0015,0.0,-0.1
1.827,-0.0023,-0.0405,-0.0015,-0.0008,0.0
1.828,-0.003,-0.0346,-0.0015,0.0,0.0
1.829,-0.0023,-0.0293,-0.0015,-0.003,0.0
1.83,-0.0015,-0.024,-0.0008,-0.003,0.0
1.831,0.0007,-0.0165,0.003,0.0015,0.0
1.832,0.0015,0.0052,0.003,0.0015,0.1
1.833,0.0015,0.024,0.0022,-0.003,0.1
1.834,0.0022,0.0052,0.0045,-0.0068,0.1
1.835,0.003,-0.0008,0.0045,-0.0023,0.1
1.836,0.0037,0.0097,0.0052,0.009,0.2
1.837,0.0022,0.0045,0.006,0.0157,0.2
1.838,0.0022,0.012,0.0082,0.0225,0.2
1.839,0.0015,0.0075,0.009,0.03,0.2
1.84,0.0037,0.0052,0.006,0.027,0.3
1.841,0.003,0.0105,0.0052,0.012,0.3
1.842,0.0015,0.0105,0.0052,0.0015,0.3
1.843,0.0015,0.0202,0.0045,-0.0008,0.3
1.844,0.0007,0.0142,0.003,-0.006,0.4
1.845,-0.0008,-0.0015,0.0015,-0.0143,0.4
1.846,-0.0015,-0.0075,0.0007,-0.0203,0.4
1.847,-0.003,0.0052,0.0022,-0.0158,0.4
1.848,-0.0008,0.0007,0.0037,-0.0181,0.4
1.849,0.0,-0.0091,0.003,-0.024,0.4
1.85,-0.0008,-0.0075,0.003,-0.021,0.4
1.851,-0.0023,-0.0046,0.0015,-0.0143,0.4
1.852,-0.0023,0.0577,0.0,0.003,0.5
1.853,0.0,0.135,0.0007,0.0352,0.5
1.854,0.003,0.129,0.0007,0.0555,0.5
1.855,0.0052,0.0667,0.003,0.042,0.5
1.856,0.0037,0.0292,0.0007,0.0195,0.5
1.857,0.003,0.009,-0.0015,0.0135,0.6
1.858,0.0022,-0.0038,0.0007,0.0187,0.6
1.859,-0.0008,-0.0046,0.0,0.021,0.6
1.86,-0.003,-0.0135,-0.0008,0.012,0.6
1.861,-0.003,-0.0105,-0.0008,-0.0053,0.6
1.862,-0.0008,-0.0143,0.0,-0.012,0.7
1.863,0.0007,-0.0165,0.0007,-0.0128,0.7
1.864,0.0015,-0.0158,0.0007,-0.0128,0.7
1.865,0.0007,-0.015,0.0015,-0.0128,0.7
1.866,0.0,-0.0105,0.0,-0.0128,0.7
1.867,-0.0008,-0.0083,0.0007,-0.0105,0.7
1.868,-0.0015,-0.003,0.0007,-0.0068,0.7
1.869,-0.003,-0.0083,0.0,-0.0053,0.8
1.87,-0.0053,-0.0105,-0.0008,-0.006,0.8
1.871,-0.0046,-0.0091,-0.0015,-0.006,0.8
1.872,-0.0046,-0.0068,0.0,-0.0068,0.8
1.873,-0.0015,-0.0023,0.0022,-0.0053,0.8
1.874,-0.0008,-0.003,0.003,-0.0038,0.8
1.875,-0.0023,-0.0046,0.0015,-0.0015,0.9
1.876,-0.0015,-0.0053,0.0037,-0.0008,0.9
1.877,-0.0038,-0.0046,0.0052,-0.0015,0.9
1.878,-0.0053,-0.0053,0.006,-0.0015,0.9
1.879,-0.0038,-0.0053,0.0052,-0.0008,0.9
1.88,-0.003,-0.0053,0.0045,-0.0008,0.9
1.881,-0.0015,-0.0053,0.0052,-0.0015,0.9
1.882,-0.0046,-0.0046,0.0052,-0.0008,0.9
1.883,-0.0091,-0.0038,0.0045,-0.0008,0.9
1.884,-0.0143,-0.003,0.0037,0.0,1.0
1.885,-0.0105,-0.006,0.003,0.0007,1.0
1.886,-0.003,-0.0091,0.0037,0.0007,1.0
1.887,0.0007,-0.0113,0.003,-0.0008,1.0
1.888,0.0082,-0.012,0.0015,0.0007,1.1
1.889,0.0135,-0.0113,0.0,0.003,1.1
1.89,0.015,-0.0128,0.0007,0.0127,1.1
1.891,0.0112,-0.0128,0.0022,0.0315,1.1
1.892,0.0105,-0.0135,0.0015,0.0352,1.1
1.893,0.0082,-0.0098,0.0007,0.018,1.2
1.894,0.0052,-0.0023,-0.0023,0.0045,1.2
1.895,0.0022,0.0015,-0.003,-0.0046,1.2
1.896,-0.003,0.0015,-0.0023,-0.0105,1.2
1.897,-0.0083,-0.0008,-0.0015,-0.0143,1.3
1.898,-0.012,-0.0023,-0.0008,-0.024,1.3
1.899,-0.0105,-0.003,-0.003,-0.0248,1.3
1.9,-0.0075,-0.0015,-0.003,-0.012,1.3
1.901,-0.0053,-0.0008,-0.0015,-0.0046,1.3
1.902,-0.003,0.009,-0.0023,0.0007,1.3
1.903,-0.003,0.0127,-0.003,0.0022,1.4
1.904,0.0015,0.0037,-0.0046,0.0015,1.4
1.905,0.0007,-0.0015,-0.0038,0.0045,1.4
1.906,-0.0023,-0.0173,-0.0046,0.0037,1.4
1.907,-0.0008,-0.033,-0.0023,0.0045,1.5
1.908,-0.0008,-0.0398,-0.0015,0.0045,1.5
1.909,0.0007,-0.039,-0.003,0.003,1.5
1.91,0.0022,-0.0338,-0.0046,0.0007,1.6
1.911,0.0022,-0.0308,-0.0038,0.0015,1.6
1.912,0.0015,-0.0361,-0.0023,0.0045,1.6
1.913,0.0015,-0.0353,-0.003,0.0037,1.6
1.914,0.0007,-0.0308,-0.0023,0.003,1.7
1.915,-0.0015,-0.0256,0.0007,0.003,1.7
1.916,-0.003,-0.0203,0.003,0.003,1.7
1.917,-0.003,-0.021,0.0045,0.003,1.7
1.918,-0.003,-0.0165,0.0052,0.0045,1.8
1.919,-0.0023,-0.0218,0.0045,0.003,1.8
1.92,-0.003,-0.0248,0.006,0.0015,1.8
1.921,-0.0098,-0.0053,0.009,0.003,1.8
1.922,-0.0143,0.0135,0.0082,0.003,1.8
1.923,-0.0105,0.021,0.0097,0.0045,1.9
1.924,-0.003,0.0217,0.0067,0.0067,1.9
1.925,0.003,0.0142,0.003,0.0052,1.9
1.926,0.0075,0.0097,0.0,0.003,1.9
1.927,0.0127,0.0142,-0.0015,0.0015,1.9
1.928,0.015,0.015,-0.0008,0.0007,2.0
1.929,0.0157,0.009,-0.0008,0.0007,2.0
1.93,0.0112,0.0105,-0.0015,0.0007,2.0
1.931,0.0045,0.0172,-0.0015,0.0,2.0
1.932,0.0015,0.018,-0.0023,0.0007,2.1
1.933,-0.0008,0.0187,-0.0015,0.003,2.1
1.934,-0.0068,0.018,-0.0015,0.0052,2.1
1.935,-0.012,0.0157,-0.0015,0.0067,2.2
1.936,-0.0105,0.015,-0.0008,0.0045,2.2
1.937,-0.0083,0.0105,-0.0008,0.0037,2.2
1.938,-0.0083,0.0075,0.003,0.0015,2.2
1.939,-0.0091,0.0075,0.003,-0.0015,2.2
1.94,-0.0218,0.0105,0.0022,-0.0046,2.2
1.941,-0.0256,0.0127,0.0052,-0.0046,2.3
1.942,-0.012,0.012,0.0045,-0.003,2.3
1.943,0.0,0.0142,0.0045,-0.0015,2.3
1.944,0.009,0.0157,0.0045,0.0015,2.4
1.945,0.018,0.009,0.003,0.0007,2.4
1.946,0.0217,0.0052,0.0015,-0.0008,2.4
1.947,0.0255,-0.0015,-0.0015,-0.0023,2.5
1.948,0.0232,-0.0075,-0.0023,-0.0023,2.5
1.949,0.0157,-0.0105,-0.0038,-0.0015,2.5
1.95,0.0105,-0.012,-0.0038,-0.0023,2.6
1.951,0.0045,-0.0068,-0.0008,-0.0038,2.6
1.952,-0.0053,-0.0053,-0.0008,-0.0068,2.6
1.953,-0.012,-0.003,0.0015,-0.0098,2.6
1.954,-0.012,0.0007,0.006,-0.0091,2.7
1.955,-0.0135,0.0007,0.0052,-0.0068,2.7
1.956,-0.0113,0.0067,0.003,-0.003,2.7
1.957,-0.0098,0.009,0.003,0.009,2.8
1.958,-0.0068,0.012,0.003,0.0157,2.8
1.959,-0.0015,0.0082,0.0045,0.0195,2.8
1.96,-0.003,0.0105,0.003,0.0217,2.9
1.961,0.0015,0.0097,0.0015,0.0142,2.9
1.962,0.0015,-0.003,0.0007,0.015,3.0
1.963,-0.0015,-0.0015,0.0007,0.0195,3.0
1.964,-0.003,-0.0038,0.0007,0.0142,3.0
1.965,-0.0046,-0.0075,-0.0015,0.012,3.1
1.966,-0.003,-0.0091,-0.0015,0.0052,3.1
1.967,-0.0053,-0.0068,0.0,-0.003,3.1
1.968,-0.0053,0.0,-0.0008,-0.0053,3.2
1.969,-0.0046,0.003,-0.0015,-0.0038,3.2
1.97,-0.0053,0.0015,-0.0023,-0.0015,3.3
1.971,-0.003,-0.0015,-0.0008,0.0015,3.3
1.972,-0.003,-0.0015,0.0015,0.0015,3.3
1.973,-0.0008,-0.003,0.0015,0.0022,3.4
1.974,-0.0015,-0.0015,0.0007,-0.003,3.4
1.975,-0.0008,0.0007,0.0015,-0.0083,3.5
1.976,-0.0008,-0.0008,-0.0008,-0.0091,3.5
1.977,-0.0008,-0.0053,-0.0008,-0.0105,3.5
1.978,0.0007,-0.0091,-0.0008,-0.012,3.6
1.979,-0.0023,-0.0091,-0.0008,-0.0083,3.6
1.98,-0.0046,-0.0098,-0.0008,0.0022,3.6
1.981,-0.0053,-0.0083,-0.0015,0.0052,3.7
1.982,-0.0038,-0.0083,0.0015,0.0022,3.7
1.983,-0.0023,-0.0098,0.0015,0.0007,3.8
1.984,-0.003,-0.0128,0.0007,0.0037,3.8
1.985,-0.003,-0.015,0.0007,0.0135,3.9
1.986,-0.0015,-0.0143,0.0,0.0202,4.0
1.987,0.0007,-0.0015,-0.0008,0.0232,4.0
1.988,0.003,0.0112,-0.0015,0.0172,4.0
1.989,0.003,0.006,0.0,0.0127,4.1
1.99,0.003,0.0195,0.0007,0.0262,4.1
1.991,0.0045,0.0202,0.0022,0.0307,4.2
1.992,0.003,-0.0158,0.0045,0.012,4.2
1.993,0.0045,-0.0346,0.0022,-0.0038,4.3
1.994,0.003,-0.0308,0.0015,-0.0053,4.3
1.995,0.0015,-0.033,0.0007,-0.0038,4.4
1.996,0.003,-0.0458,0.0022,-0.0053,4.5
1.997,0.0022,-0.0405,0.0045,-0.0053,4.5
1.998,0.0022,-0.0338,0.003,-0.0083,4.5
1.999,0.003,-0.033,0.0022,-0.0105,4.6
2.0,0.0,-0.0308,0.0022,-0.012,4.6
2.001,0.0007,-0.033,0.0022,-0.015,4.7
2.002,0.0022,-0.0285,0.0015,-0.0165,4.8
2.003,0.003,-0.024,0.0007,-0.0218,4.9
2.004,0.0015,-0.0165,0.0007,-0.0278,4.9
2.005,0.0,-0.0083,0.0007,-0.0293,5.0
2.006,0.0015,-0.0083,-0.0008,-0.0256,5.1
2.007,0.0,-0.003,-0.0008,-0.0225,5.2
2.008,-0.003,0.0135,0.0007,-0.0165,5.2
2.009,-0.0023,0.0315,0.0015,-0.0158,5.3
2.01,-0.0008,0.0277,0.003,-0.006,5.4
2.011,-0.0008,0.033,0.0007,0.0165,5.4
2.012,-0.0023,0.0315,0.0007,0.0225,5.5
2.013,-0.0038,0.0105,-0.0015,0.021,5.6
2.014,-0.0053,0.006,-0.0046,0.0195,5.7
2.015,-0.0053,-0.0083,-0.003,0.0157,5.8
2.016,-0.0046,-0.0023,-0.0015,0.0217,5.8
2.017,-0.003,0.0127,-0.0023,0.0232,5.9
2.018,-0.003,0.0217,-0.003,0.0187,6.0
2.019,-0.0046,0.0345,-0.003,0.0285,6.0
2.02,-0.0046,0.0202,-0.0015,0.0382,6.1
2.021,-0.003,0.0142,-0.0015,0.0345,6.2
2.022,-0.003,0.012,-0.0008,0.0195,6.3
2.023,-0.0015,0.0007,-0.0008,-0.0083,6.4
2.024,-0.0008,0.0052,-0.0023,-0.033,6.4
2.025,0.0007,0.003,-0.0008,-0.0428,6.5
2.026,0.0007,0.0045,-0.0008,-0.0608,6.6
2.027,-0.0008,0.0097,-0.0015,-0.0608,6.7
2.028,0.0,0.0112,0.0015,-0.0443,6.8
2.029,-0.0008,0.0052,0.0007,-0.033,6.9
2.03,-0.0008,-0.015,0.0022,0.0015,7.0
2.031,0.0007,-0.0278,0.0015,0.0082,7.0
2.032,-0.0008,-0.0218,0.0007,0.0105,7.1
2.033,-0.0015,0.0015,0.0015,0.0525,7.2
2.034,-0.0008,0.0075,0.0007,0.075,7.3
2.035,0.0045,-0.0038,0.003,0.0637,7.4
2.036,0.0045,-0.0113,0.0007,0.0465,7.5
2.037,-0.0008,0.012,0.0015,0.0292,7.5
2.038,-0.0015,0.0502,0.0037,0.0172,7.6
2.039,-0.0008,0.0315,0.003,0.0337,7.7
2.04,-0.0015,0.0202,0.0052,0.0307,7.8
2.041,0.0,0.0277,0.0045,0.0052,7.9
2.042,-0.0008,0.0052,0.0052,-0.0353,8.0
2.043,-0.0015,0.009,0.0037,-0.0413,8.1
2.044,-0.0023,0.012,0.0015,-0.0165,8.3
2.045,-0.003,0.0082,0.0022,-0.0046,8.4
2.046,-0.0038,-0.0083,-0.0015,0.0112,8.5
2.047,-0.0046,-0.0128,-0.0023,0.0157,8.6
2.048,-0.0046,-0.0075,-0.003,0.0255,8.8
2.049,-0.006,-0.027,-0.0046,0.024,8.9
2.05,-0.0068,-0.0256,-0.0038,0.0165,9.0
2.051,-0.003,-0.0158,-0.0023,0.0015,9.1
2.052,-0.0038,-0.0053,-0.0015,-0.0046,9.2
2.053,-0.0053,-0.012,-0.0008,-0.0338,9.4
2.054,-0.0053,-0.0098,0.0015,-0.1238,9.5
2.055,-0.0008,-0.0338,0.0037,-0.1426,9.6
2.056,-0.0008,-0.084,0.003,-0.0968,9.7
2.057,-0.003,-0.0825,0.0022,-0.0856,9.9
2.058,-0.0023,-0.0683,0.0,-0.0465,10.0
2.059,-0.0046,-0.0398,-0.0023,0.027,10.1
2.06,-0.0046,-0.0248,-0.0038,0.0855,10.2
2.061,-0.0015,-0.0008,-0.0046,0.1462,10.4
2.062,0.003,0.1005,0.0,0.2467,10.5
2.063,0.0105,0.2107,0.0052,0.3307,10.7
2.064,0.018,0.2032,0.0067,0.2512,10.8
2.065,0.0142,0.0697,0.0015,0.0502,11.0
2.066,0.0052,-0.0225,-0.0015,-0.0315,11.2
2.067,0.0,-0.0323,0.0007,-0.0278,11.3
2.068,-0.0015,-0.0015,-0.0008,-0.06,11.5
2.069,-0.0023,0.0217,-0.0008,-0.078,11.7
2.07,-0.003,0.0135,-0.0008,-0.0953,11.8
2.071,-0.003,0.0217,-0.0015,-0.0975,12.0
2.072,-0.0015,-0.0256,0.0,-0.0923,12.1
2.073,0.0007,-0.0668,0.0007,-0.063,12.3
2.074,0.0015,-0.0683,0.0007,-0.0428,12.5
2.075,0.003,-0.075,0.0,-0.0488,12.6
2.076,0.0015,-0.06,0.0015,-0.0443,12.8
2.077,0.0007,-0.0691,0.0022,-0.0405,13.0
2.078,-0.0008,-0.063,0.0052,-0.0165,13.1
2.079,-0.0008,-0.0518,0.0052,0.0045,13.3
2.08,0.0,-0.042,0.0082,0.0202,13.5
2.081,0.0015,-0.024,0.0105,0.0315,13.6
2.082,0.0022,-0.024,0.0105,0.0382,13.8
2.083,0.0007,-0.0165,0.0105,0.0217,14.0
2.084,-0.0008,-0.0165,0.0082,-0.0015,14.1
2.085,-0.0008,-0.0173,0.006,-0.015,14.3
2.086,-0.0008,-0.0195,0.003,-0.0256,14.5
2.087,0.0007,-0.0098,0.0045,-0.024,14.7
2.088,0.0007,0.012,0.003,-0.0195,14.8
2.089,-0.0008,0.0165,0.0,-0.0091,15.0
2.09,-0.003,0.0105,0.0007,0.0015,15.2
2.091,-0.003,0.006,0.0,0.0082,15.3
2.092,-0.0015,0.0015,0.0015,0.0052,15.5
2.093,-0.0015,0.009,0.0,0.0007,15.7
2.094,-0.0008,0.0232,-0.003,-0.0091,15.9
2.095,-0.0015,0.0232,-0.0015,-0.0135,16.1
2.096,-0.0015,0.0165,-0.0015,-0.0105,16.2
2.097,0.0,0.0217,-0.003,-0.0173,16.4
2.098,0.0015,0.0367,0.0,-0.0181,16.6
2.099,0.0007,0.0397,0.0015,-0.0083,16.7
2.1,0.0,0.0465,-0.0008,0.0022,16.9
2.101,-0.0015,0.0427,0.0,0.012,17.1
2.102,-0.0015,0.0135,0.0,0.0082,17.3
2.103,-0.0008,-0.0008,-0.0008,-0.0165,17.5
2.104,-0.0023,-0.0068,0.0015,-0.0233,17.7
2.105,-0.0038,-0.0128,0.0,-0.0105,17.9
2.106,-0.0015,0.0,0.0007,-0.0068,18.1
2.107,0.0007,-0.0008,0.0,-0.0015,18.3
2.108,0.0015,-0.0143,0.0007,0.0127,18.4
2.109,0.0045,-0.0053,0.0015,0.0322,18.7
2.11,0.0045,0.0225,0.0015,0.0577,18.9
2.111,0.0007,0.03,0.0,0.093,19.0
2.112,0.0007,0.0082,-0.0008,0.1207,19.3
2.113,-0.0008,-0.0008,-0.0015,0.075,19.4
2.114,-0.003,-0.0053,-0.0015,0.0015,19.6
2.115,-0.0053,-0.0128,-0.0008,-0.012,19.8
2.116,-0.006,-0.012,-0.003,-0.0158,20.0
2.117,-0.0023,-0.0165,-0.0015,-0.0181,20.2
2.118,-0.0038,-0.0195,-0.0008,-0.0158,20.4
2.119,-0.0046,-0.024,-0.0015,-0.0173,20.6
2.12,-0.0046,-0.024,-0.003,-0.0158,20.8
2.121,-0.0038,-0.0173,-0.0046,-0.015,21.0
2.122,-0.003,-0.0083,-0.0046,-0.0098,21.2
2.123,-0.0046,0.0052,-0.006,-0.0128,21.4
2.124,-0.0038,0.0127,-0.0053,-0.015,21.6
2.125,-0.003,0.0127,-0.0053,-0.0128,21.8
2.126,-0.0023,0.0037,-0.0068,-0.0143,22.0
2.127,-0.0046,-0.0053,-0.0068,-0.0165,22.2
2.128,-0.0046,-0.015,-0.0046,-0.0135,22.5
2.129,-0.003,-0.0203,-0.003,-0.0091,22.6
2.13,-0.0015,-0.0203,0.0007,-0.0053,22.9
2.131,-0.003,-0.015,0.0037,-0.0015,23.1
2.132,-0.003,-0.0083,0.0045,-0.0015,23.3
2.133,0.0,-0.0015,0.0037,0.0007,23.5
2.134,0.0015,0.0007,0.0022,0.0022,23.7
2.135,0.003,0.0052,0.0045,0.003,23.9
2.136,0.0037,0.0067,0.0045,0.003,24.1
2.137,0.003,-0.0008,0.0015,0.003,24.3
2.138,0.0,-0.0098,-0.0015,0.0015,24.5
2.139,-0.003,-0.0158,-0.003,0.0,24.7
2.14,-0.0046,-0.0143,-0.003,0.0007,24.9
2.141,-0.0023,-0.0068,-0.003,0.003,25.2
2.142,0.0007,0.0007,0.0015,0.0045,25.3
2.143,0.0007,0.0067,0.003,0.0015,25.6
2.144,0.0007,0.0165,0.0037,0.0007,25.8
2.145,0.003,0.0292,0.0015,0.0022,26.0
2.146,0.0015,0.0397,-0.0008,0.0052,26.2
2.147,-0.0008,0.0382,0.0007,0.0082,26.4
2.148,0.0022,0.0292,0.0007,0.006,26.6
2.149,0.003,0.0195,-0.0015,0.0075,26.8
2.15,0.003,0.0127,-0.003,0.0082,27.0
2.151,0.003,0.0142,0.0,0.0082,27.2
2.152,0.0022,0.012,0.0015,0.0082,27.4
2.153,0.0015,0.0067,0.0037,0.0067,27.6
2.154,0.0,0.0007,0.0067,0.006,27.9
2.155,0.0007,-0.0046,0.0075,0.0067,28.1
2.156,0.0015,-0.0015,0.0082,0.0082,28.3
2.157,0.0007,-0.003,0.0075,0.0067,28.5
2.158,0.0015,-0.0105,0.0082,0.0022,28.7
2.159,-0.0015,-0.0165,0.009,0.0007,28.9
2.16,-0.0046,-0.0233,0.0067,-0.003,29.1
2.161,-0.0075,-0.024,0.0037,-0.0038,29.3
2.162,-0.0068,-0.0195,0.0015,-0.0046,29.5
2.163,-0.0053,-0.0218,0.0,-0.0046,29.7
2.164,-0.0046,-0.033,-0.0008,-0.0046,29.9
2.165,-0.0038,-0.0398,0.0,-0.0068,30.1
2.166,-0.0053,-0.0346,0.0007,-0.0046,30.3
2.167,-0.003,-0.0315,-0.0015,-0.0015,30.5
2.168,0.0007,-0.0308,0.0,-0.003,30.7
2.169,0.0007,-0.0346,-0.0015,-0.0046,30.9
2.17,-0.0015,-0.0443,-0.0038,-0.0046,31.1
2.171,-0.0046,-0.0488,-0.0023,-0.003,31.3
2.172,-0.0046,-0.0533,-0.0023,-0.0008,31.5
2.173,-0.0038,-0.0578,-0.0008,-0.0008,31.7
2.174,-0.0015,-0.057,-0.0008,-0.0008,31.9
2.175,-0.0015,-0.054,-0.0015,-0.0008,32.1
2.176,-0.003,-0.0503,-0.0023,0.003,32.3
2.177,-0.0015,-0.0428,-0.0008,0.0052,32.5
2.178,0.0015,-0.0308,0.0015,0.0067,32.7
2.179,0.0007,-0.0218,0.0045,0.0075,32.9
2.18,0.0007,-0.015,0.0075,0.0075,33.1
2.181,-0.0008,-0.0075,0.0075,0.0097,33.3
2.182,-0.0008,0.003,0.0075,0.0082,33.5
2.183,-0.003,0.0127,0.0037,0.003,33.7
2.184,-0.006,0.0142,0.0,0.0015,33.9
2.185,-0.0038,0.0157,-0.0023,-0.0008,34.1
2.186,-0.0046,0.0217,-0.0038,-0.0015,34.2
2.187,-0.0075,0.033,-0.0046,-0.0008,34.5
2.188,-0.0046,0.0405,-0.0038,0.003,34.6
2.189,0.0,0.045,-0.0046,0.003,34.8
2.19,0.0037,0.0465,-0.0046,0.003,35.1
2.191,0.0052,0.0472,-0.0038,0.0052,35.2
2.192,0.006,0.0442,-0.0046,0.0067,35.4
2.193,0.0075,0.0367,-0.0068,0.0075,35.6
2.194,0.0067,0.0322,-0.0068,0.0082,35.8
2.195,0.0052,0.024,-0.0068,0.009,36.0
2.196,0.0052,0.018,-0.0075,0.0097,36.2
2.197,0.0045,0.0165,-0.0068,0.0082,36.4
2.198,0.003,0.0157,-0.0053,0.0045,36.6
2.199,0.003,0.0127,-0.003,0.0037,36.8
2.2,0.0007,0.0097,-0.0038,0.0022,36.9
2.201,-0.0008,0.006,-0.0038,0.0007,37.1
2.202,-0.0023,0.003,-0.0008,0.0,37.3
2.203,-0.0046,0.0052,-0.0015,-0.0008,37.5
2.204,-0.0038,0.0127,-0.0008,-0.0015,37.7
2.205,-0.0015,0.018,-0.0008,-0.0023,37.9
2.206,-0.0015,0.0217,0.0007,-0.0015,38.1
2.207,-0.0015,0.024,0.0037,-0.003,38.3
2.208,-0.0008,0.0187,0.0045,-0.0038,38.5
2.209,-0.003,0.0127,0.003,-0.0053,38.7
2.21,-0.006,0.0127,0.0045,-0.0053,38.9
2.211,-0.0046,0.0202,0.006,-0.003,39.1
2.212,-0.003,0.024,0.0067,-0.0008,39.3
2.213,-0.0023,0.0217,0.0082,0.0015,39.5
2.214,-0.0015,0.0142,0.0052,0.0007,39.7
2.215,-0.0023,0.0067,0.0067,-0.0008,39.9
2.216,-0.0015,0.0067,0.0067,0.0015,40.1
2.217,0.0,0.0082,0.0052,0.0015,40.3
2.218,0.0015,0.0127,0.0075,0.0015,40.5
2.219,0.0022,0.0097,0.006,0.003,40.7
2.22,0.0022,-0.0053,0.003,0.0045,40.9
2.221,0.0045,-0.0165,0.0022,0.0052,41.0
2.222,0.003,-0.0218,0.0015,0.0022,41.2
2.223,-0.003,-0.021,-0.0008,0.0015,41.4
2.224,-0.0023,-0.0181,0.0007,0.0015,41.6
2.225,-0.003,-0.015,0.0007,0.0015,41.8
2.226,-0.0038,-0.0143,0.003,0.0045,42.0
2.227,-0.0015,-0.0165,0.0052,0.006,42.2
2.228,0.0,-0.0158,0.0045,0.0015,42.4
2.229,0.0015,-0.0091,0.0037,-0.0008,42.6
2.23,0.0015,-0.0008,0.003,-0.0015,42.7
2.231,0.0,0.0127,0.0037,-0.0015,42.9
2.232,-0.0008,0.0195,0.003,-0.0015,43.1
2.233,0.0,0.009,0.003,-0.0023,43.3
2.234,0.0015,-0.0015,0.003,-0.003,43.5
2.235,0.0,-0.0113,0.0015,-0.0015,43.7
2.236,-0.0008,-0.0203,-0.0008,0.003,43.9
2.237,0.0015,-0.024,-0.003,0.003,44.1
2.238,0.003,-0.0315,-0.0038,0.0022,44.3
2.239,0.003,-0.0346,-0.0046,0.0045,44.5
2.24,0.0015,-0.0315,-0.0046,0.0052,44.6
2.241,0.0022,-0.027,-0.0053,0.0007,44.8
2.242,0.0,-0.021,-0.0068,-0.0008,45.0
2.243,-0.0038,-0.0113,-0.0068,-0.0015,45.1
2.244,-0.0046,-0.0038,-0.006,-0.0023,45.3
2.245,-0.003,-0.0046,-0.003,-0.0046,45.4
2.246,-0.0015,-0.0015,-0.0046,-0.0083,45.6
2.247,-0.0023,0.0015,-0.0023,-0.012,45.8
2.248,-0.0038,0.0195,-0.0008,-0.0105,45.9
2.249,-0.003,0.0405,-0.0023,-0.0046,46.1
2.25,-0.0015,0.042,0.0,0.0007,46.3
2.251,0.0007,0.0405,0.003,0.0022,46.4
2.252,0.0037,0.0352,0.0067,0.0045,46.6
2.253,0.006,0.0202,0.009,0.0052,46.8
2.254,0.009,0.0052,0.0082,0.0067,46.9
2.255,0.009,-0.0135,0.009,0.0082,47.1
2.256,0.0052,-0.0293,0.0082,0.0097,47.2
2.257,0.0007,-0.0368,0.006,0.0105,47.4
2.258,0.0,-0.042,0.0045,0.0075,47.6
2.259,-0.0023,-0.0511,0.003,0.0015,47.7
2.26,-0.0053,-0.0653,0.0015,-0.0008,47.9
2.261,-0.0091,-0.0765,0.0007,-0.0015,48.0
2.262,-0.0128,-0.0803,0.0015,-0.0046,48.1
2.263,-0.012,-0.0773,0.0,-0.0053,48.2
2.264,-0.012,-0.0706,0.0015,-0.0053,48.3
2.265,-0.0105,-0.057,0.0022,-0.0075,48.5
2.266,-0.0105,-0.0428,0.0015,-0.0091,48.6
2.267,-0.0113,-0.0285,0.0015,-0.0083,48.6
2.268,-0.0091,-0.0158,0.003,-0.003,48.8
2.269,-0.0068,-0.0091,0.0052,0.0,48.9
2.27,-0.0038,-0.0068,0.0082,0.0015,49.0
2.271,-0.0023,-0.0053,0.0105,0.0022,49.1
2.272,-0.0008,-0.0046,0.0127,0.0045,49.2
2.273,0.0,0.003,0.0142,0.0052,49.4
2.274,0.0015,0.012,0.018,0.0052,49.5
2.275,0.0007,0.0187,0.0187,0.0067,49.6
2.276,0.0007,0.0195,0.0195,0.0067,49.7
2.277,0.0015,0.0157,0.0217,0.0075,49.8
2.278,0.0015,0.0165,0.021,0.0045,49.9
2.279,0.0015,0.0172,0.0217,0.0045,50.0
2.28,0.0015,0.018,0.0225,0.006,50.1
2.281,0.0007,0.0217,0.0202,0.0082,50.2
2.282,0.0015,0.027,0.021,0.009,50.2
2.283,0.0022,0.0277,0.0187,0.0052,50.3
2.284,0.0045,0.0277,0.0142,0.0045,50.4
2.285,0.0052,0.0292,0.0127,0.0045,50.4
2.286,0.0052,0.0292,0.0112,0.0045,50.4
2.287,0.0052,0.03,0.0082,0.0022,50.5
2.288,0.003,0.0255,0.0015,0.0015,50.6
2.289,0.0037,0.024,-0.0046,0.0007,50.6
2.29,0.0022,0.027,-0.0091,0.003,50.7
2.291,0.0045,0.0285,-0.012,0.0052,50.8
2.292,0.0052,0.0307,-0.0158,0.0015,50.8
2.293,0.0045,0.0292,-0.0195,0.0007,50.8
2.294,0.0045,0.0255,-0.0218,0.0045,50.9
2.295,0.0045,0.0232,-0.027,0.0022,51.0
2.296,0.0045,0.024,-0.0308,0.003,51.0
2.297,0.0037,0.021,-0.0323,0.0037,51.1
2.298,0.0007,0.0195,-0.033,0.0045,51.2
2.299,-0.0015,0.018,-0.0315,0.0067,51.2
2.3,-0.0008,0.009,-0.0353,0.006,51.3
2.301,-0.0015,-0.0023,-0.0405,0.0045,51.3
2.302,-0.003,-0.0143,-0.0436,0.0037,51.3
2.303,-0.003,-0.0233,-0.0495,0.0045,51.3
2.304,-0.0015,-0.0248,-0.0495,0.0015,51.3
2.305,-0.003,-0.0263,-0.0488,0.0007,51.3
2.306,-0.0023,-0.024,-0.0488,0.0037,51.3
2.307,-0.0015,-0.0158,-0.0473,0.003,51.3
2.308,-0.0015,-0.0068,-0.0473,0.0007,51.3
2.309,-0.0015,0.003,-0.0488,-0.0046,51.3
2.31,-0.0008,0.0067,-0.0503,-0.0023,51.4
2.311,0.0007,0.0045,-0.0495,-0.0008,51.4
2.312,0.0007,0.0037,-0.048,-0.003,51.4
2.313,0.0007,0.0037,-0.0465,-0.0008,51.4
2.314,0.0007,0.0007,-0.042,-0.0008,51.4
2.315,-0.0015,-0.003,-0.0375,0.0,51.4
2.316,-0.0015,-0.0083,-0.0338,0.0015,51.4
2.317,-0.003,-0.0143,-0.0315,0.0022,51.4
2.318,-0.0068,-0.0181,-0.0181,0.0015,51.5
2.319,-0.006,-0.0203,0.021,0.0,51.5
2.32,-0.0053,-0.024,0.0787,0.003,51.5
2.321,-0.0046,-0.024,0.1237,0.0015,51.5
2.322,-0.006,-0.0203,0.15,-0.0008,51.5
2.323,-0.0068,-0.015,0.1635,0.0007,51.4
2.324,-0.0091,-0.0091,0.1657,0.0007,51.4
2.325,-0.0091,-0.003,0.1642,-0.0008,51.4
2.326,-0.0075,0.0022,0.1612,0.0,51.4
2.327,-0.006,0.009,0.1567,0.0007,51.4
2.328,-0.0046,0.0105,0.1492,0.0007,51.3
2.329,-0.0046,0.009,0.1417,0.003,51.3
2.33,-0.0023,0.009,0.1312,0.003,51.3
2.331,-0.0008,0.0082,0.1177,0.0015,51.3
2.332,0.0,0.0105,0.102,0.0015,51.3
2.333,-0.0008,0.0142,0.0885,0.0022,51.2
2.334,-0.0008,0.0142,0.0705,0.0015,51.2
2.335,0.0007,0.015,0.0502,0.0007,51.2
2.336,0.0007,0.009,0.0322,0.0015,51.2
2.337,-0.0008,0.003,0.0187,0.0015,51.2
2.338,0.0,0.0007,0.0067,0.003,51.1
2.339,0.0015,0.0007,-0.0068,0.003,51.1
2.34,0.0022,0.0015,-0.0135,0.0022,51.0
2.341,0.003,0.0007,-0.024,0.0037,51.0
2.342,0.003,0.0015,-0.0346,0.0037,50.9
2.343,0.0037,0.0,-0.0436,0.003,50.8
2.344,0.0045,-0.003,-0.054,0.0037,50.7
2.345,0.0037,-0.003,-0.0578,0.0045,50.6
2.346,0.0015,-0.0038,-0.0638,0.003,50.5
2.347,0.0007,-0.0046,-0.0713,0.0015,50.4
2.348,0.0,-0.0015,-0.078,0.0007,50.4
2.349,0.0007,0.003,-0.0803,0.0007,50.3
2.35,0.0007,0.0067,-0.078,0.0,50.2
2.351,0.0022,0.003,-0.0765,0.0,50.1
2.352,0.0007,-0.0091,-0.0713,0.0007,50.0
2.353,-0.0008,-0.0256,-0.0668,0.0015,49.9
2.354,-0.0008,-0.0368,-0.0638,0.0037,49.9
2.355,-0.0008,-0.0428,-0.054,0.003,49.8
2.356,-0.0008,-0.0473,-0.048,0.0015,49.7
2.357,0.0007,-0.042,-0.0413,0.003,49.6
2.358,0.0015,-0.0368,-0.03,0.003,49.5
2.359,0.0,-0.0308,-0.0233,0.0045,49.4
2.36,0.0,-0.027,-0.0188,0.0045,49.3
2.361,-0.0008,-0.0256,-0.0135,0.0037,49.2
2.362,-0.0015,-0.0248,-0.012,0.003,49.1
2.363,-0.0008,-0.0203,-0.0091,0.0015,49.0
2.364,0.0,-0.0143,-0.0068,0.0007,48.8
2.365,-0.0008,-0.0083,-0.0083,-0.0008,48.7
2.366,-0.0015,-0.003,-0.0098,0.0,48.6
2.367,0.0007,-0.0015,-0.0091,-0.0008,48.5
2.368,0.0007,-0.0015,-0.0105,-0.0008,48.4
2.369,-0.0015,-0.0015,-0.0083,-0.0008,48.2
2.37,0.0007,-0.0015,-0.0046,-0.0008,48.1
2.371,0.0007,0.0022,0.0007,0.0015,48.0
2.372,0.0007,0.0015,0.003,0.0015,47.9
2.373,-0.0015,-0.0015,0.0022,0.0015,47.8
2.374,-0.0008,0.0,0.0015,0.0007,47.6
2.375,-0.0015,-0.003,0.0015,0.0,47.5
2.376,-0.0046,-0.0038,0.0015,0.0007,47.4
2.377,-0.003,-0.003,0.0007,-0.0015,47.3
2.378,-0.0046,-0.003,-0.003,-0.003,47.2
2.379,-0.0046,0.0007,-0.0053,-0.0023,47.1
2.38,-0.0046,0.003,-0.0075,-0.003,46.9
2.381,-0.0053,0.0075,-0.012,-0.0023,46.8
2.382,-0.0015,0.0105,-0.0158,-0.0015,46.7
2.383,-0.0015,0.0112,-0.0165,-0.0023,46.5
2.384,-0.0015,0.012,-0.0181,0.0,46.3
2.385,-0.003,0.0082,-0.0195,0.0007,46.2
2.386,-0.0015,0.0105,-0.0203,0.003,46.1
2.387,0.0007,0.0127,-0.0188,0.0045,45.9
2.388,0.003,0.0127,-0.0203,0.0045,45.8
2.389,0.0045,0.0127,-0.0233,0.0052,45.7
2.39,0.0022,0.012,-0.024,0.0075,45.5
2.391,0.0015,0.0135,-0.0233,0.0082,45.4
2.392,0.0015,0.015,-0.0195,0.0082,45.2
2.393,0.0015,0.0135,-0.0203,0.0067,45.1
2.394,0.0,0.012,-0.0195,0.0052,45.0
2.395,-0.0015,0.0105,-0.0181,0.0045,44.8
2.396,-0.0015,0.0082,-0.0195,0.0037,44.7
2.397,-0.0015,0.006,-0.0188,0.0015,44.5
2.398,-0.0008,0.0052,-0.0195,0.0015,44.4
2.399,-0.0008,0.0037,-0.0195,0.0015,44.2
2.4,0.0007,0.0067,-0.0173,0.0015,44.1
2.401,0.0007,0.0082,-0.015,0.0007,43.9
2.402,0.0007,0.0082,-0.012,0.003,43.8
2.403,-0.0008,0.009,-0.0098,0.0022,43.6
2.404,0.0007,0.0082,-0.0083,0.0022,43.5
2.405,0.0022,0.0082,-0.0075,0.003,43.3
2.406,0.0015,0.0082,-0.006,0.0015,43.1
2.407,0.0,0.0082,-0.0008,0.0015,43.0
2.408,-0.003,0.009,0.0052,0.0015,42.8
2.409,-0.0015,0.0105,0.0105,0.0007,42.7
2.41,-0.0008,0.0105,0.015,0.0007,42.5
2.411,-0.003,0.0075,0.015,0.0,42.3
2.412,-0.003,0.003,0.0135,-0.0015,42.2
2.413,-0.0015,0.0,0.0127,-0.0015,42.0
2.414,-0.0015,-0.0046,0.0105,-0.0008,41.8
2.415,-0.0015,-0.0068,0.0097,-0.0015,41.7
2.416,-0.0023,-0.0068,0.012,0.0007,41.5
2.417,-0.0015,-0.0083,0.0142,0.0,41.4
2.418,-0.0023,-0.0091,0.0142,-0.0008,41.2
2.419,-0.0015,-0.0091,0.0135,0.0007,41.0
2.42,-0.0008,-0.0083,0.0142,0.0007,40.8
2.421,-0.0015,-0.0083,0.0135,0.0007,40.7
2.422,-0.003,-0.0083,0.0127,0.0,40.5
2.423,-0.003,-0.0105,0.0157,0.0015,40.3
2.424,-0.0015,-0.012,0.018,0.0015,40.1
2.425,0.0007,-0.0105,0.0195,0.0007,40.0
2.426,0.0,-0.0075,0.0195,0.0007,39.8
2.427,-0.0008,-0.0053,0.0172,0.0007,39.6
2.428,-0.0015,-0.003,0.0157,0.0007,39.4
2.429,-0.0015,-0.0015,0.0157,0.0007,39.2
2.43,-0.0023,-0.003,0.0172,-0.0008,39.1
2.431,-0.003,-0.003,0.0165,0.0007,38.9
2.432,-0.0023,-0.0053,0.0157,0.0015,38.7
2.433,-0.003,-0.0135,0.018,0.003,38.5
2.434,-0.0046,-0.0256,0.0187,0.0022,38.3
2.435,-0.0038,-0.0308,0.0195,0.0022,38.2
2.436,-0.0015,-0.03,0.0202,0.0015,38.0
2.437,-0.0023,-0.0315,0.0187,0.0015,37.8
2.438,0.0,-0.0293,0.0172,0.0045,37.6
2.439,-0.0008,-0.024,0.0165,0.0052,37.4
2.44,-0.0015,-0.021,0.0157,0.0052,37.2
2.441,0.0,-0.0225,0.0165,0.0037,37.1
2.442,-0.0015,-0.0225,0.0165,0.0045,36.9
2.443,-0.0008,-0.0218,0.0157,0.003,36.7
2.444,-0.0015,-0.0181,0.0142,0.003,36.5
2.445,-0.0023,-0.0113,0.0112,0.0037,36.3
2.446,-0.0008,-0.0091,0.009,0.0015,36.1
2.447,0.0007,-0.003,0.009,0.0007,36.0
2.448,0.0015,0.0,0.009,0.0007,35.7
2.449,0.0007,0.0022,0.0067,0.0007,35.5
2.45,-0.0015,0.0052,0.0052,0.0015,35.4
2.451,-0.0023,0.0082,0.0045,0.0037,35.2
2.452,-0.0015,0.009,0.0037,0.0015,35.0
2.453,-0.0008,0.009,0.0022,0.0015,34.8
2.454,-0.0015,0.0142,-0.0008,0.0007,34.6
2.455,-0.0015,0.0142,-0.0023,0.0,34.4
2.456,-0.0023,0.0142,-0.0038,0.0007,34.2
2.457,-0.003,0.0127,-0.0038,0.0007,34.1
2.458,-0.003,0.0105,-0.0008,0.0015,33.8
2.459,-0.0015,0.0097,-0.0008,0.0007,33.7
2.46,-0.0008,0.0067,0.0007,0.0015,33.4
2.461,0.0007,0.0045,0.0022,0.0022,33.3
2.462,0.0007,0.003,0.0015,0.0022,33.1
2.463,-0.0008,0.0045,0.0015,0.0037,32.8
2.464,0.0,0.0052,0.0007,0.003,32.7
2.465,0.0,0.006,0.0,0.0022,32.4
2.466,-0.0015,0.006,-0.0015,0.003,32.2
2.467,-0.0015,0.0022,-0.003,0.0022,32.0
2.468,-0.0008,0.0045,0.0007,0.0015,31.8
2.469,0.0007,0.009,0.0015,0.0022,31.6
2.47,0.0015,0.009,0.0015,0.0022,31.4
2.471,0.0007,0.012,0.0007,0.0015,31.2
2.472,0.0007,0.0127,0.0007,0.003,31.0
2.473,0.0007,0.0105,0.0007,0.0037,30.8
2.474,-0.0008,0.009,-0.0015,0.0022,30.6
2.475,0.0015,0.0082,-0.0015,0.0015,30.4
2.476,0.003,0.009,-0.0023,0.0015,30.1
2.477,0.0022,0.0082,-0.0015,-0.0008,30.0
2.478,0.0007,0.0067,0.0,0.0007,29.7
2.479,-0.0008,0.0045,0.0007,-0.0008,29.6
2.48,-0.0008,0.0022,0.0007,-0.0008,29.3
2.481,-0.0008,-0.0008,-0.0008,0.0007,29.1
2.482,-0.0015,-0.003,0.0015,0.0007,28.9
2.483,0.0015,-0.0068,0.0022,0.0007,28.7
2.484,0.0007,-0.0053,0.0037,0.0007,28.4
2.485,0.0,-0.0046,0.0045,0.0015,28.2
2.486,-0.0008,-0.006,0.0045,0.0007,28.0
2.487,-0.0008,-0.0075,0.0045,-0.0008,27.8
2.488,-0.0008,-0.0083,0.0037,0.0015,27.5
2.489,0.0,-0.0083,0.0022,0.0015,27.3
2.49,0.0007,-0.0091,0.0015,0.0007,27.1
2.491,-0.0015,-0.0083,0.0007,0.0007,26.9
2.492,-0.0015,-0.0098,0.0022,0.0,26.7
2.493,-0.003,-0.0105,0.0022,0.0007,26.5
2.494,-0.003,-0.0091,0.0015,0.0007,26.2
2.495,-0.0015,-0.0091,0.0007,0.0015,26.0
2.496,-0.0008,-0.0068,0.0,0.0037,25.8
2.497,0.0007,-0.0046,0.0,0.0045,25.6
2.498,-0.0008,-0.0053,-0.003,0.0045,25.3
2.499,-0.0015,-0.0053,-0.0046,0.0037,25.1
2.5,-0.0038,-0.003,-0.0053,0.0015,24.8
2.501,-0.003,-0.0008,-0.003,0.003,24.7
2.502,-0.0015,-0.003,-0.0008,0.0037,24.4
2.503,-0.0053,-0.003,-0.0046,0.0015,24.2
2.504,-0.0083,-0.003,-0.0046,0.0015,24.0
2.505,-0.0068,-0.0015,-0.0053,0.0,23.8
2.506,-0.0015,0.0,-0.0068,0.0,23.5
2.507,-0.0008,-0.0015,-0.0046,0.0007,23.3
2.508,0.003,-0.003,-0.003,0.0015,23.1
2.509,0.0105,-0.0023,0.0,0.0,22.9
2.51,0.0157,-0.0015,0.0007,0.0007,22.6
2.511,0.0142,-0.0015,-0.0015,0.0015,22.4
2.512,0.0105,0.0007,-0.0015,0.0015,22.2
2.513,0.0082,0.0,-0.0046,0.0007,22.0
2.514,0.0045,-0.0068,-0.0038,0.0015,21.7
2.515,0.0015,-0.0158,-0.0046,0.0015,21.5
2.516,-0.0015,-0.0233,-0.0068,0.003,21.3
2.517,-0.003,-0.0263,-0.0083,0.0015,21.1
2.518,-0.0075,-0.0293,-0.0105,0.0015,20.8
2.519,-0.0128,-0.0323,-0.0091,0.0015,20.6
2.52,-0.0128,-0.033,-0.0105,0.0015,20.3
2.521,-0.0105,-0.0308,-0.0091,0.0015,20.2
2.522,-0.003,-0.0248,-0.0083,0.0015,19.9
2.523,0.003,-0.0225,-0.0075,0.0007,19.7
2.524,0.0045,-0.0181,-0.0038,0.0015,19.5
2.525,0.0045,-0.012,-0.0008,0.0015,19.2
2.526,0.0007,-0.0083,0.0,0.003,19.0
2.527,-0.0008,-0.003,0.0007,0.0022,18.8
2.528,-0.0008,-0.0015,0.0037,0.0022,18.5
2.529,-0.0038,-0.0023,0.0045,0.0007,18.3
2.53,-0.0046,0.0,0.003,-0.0008,18.1
2.531,-0.003,-0.0015,0.0045,0.0007,17.9
2.532,0.0,-0.0015,0.0045,0.0007,17.6
2.533,-0.0015,0.0007,0.003,0.003,17.4
2.534,-0.0023,0.003,0.0022,0.0037,17.2
2.535,-0.0023,0.0007,0.0045,0.0037,16.9
2.536,-0.0015,0.0,0.0075,0.0045,16.7
2.537,0.0007,0.003,0.0097,0.0015,16.5
2.538,0.0015,0.0045,0.012,0.0007,16.2
2.539,0.0015,0.0067,0.009,0.0,16.0
2.54,-0.0008,0.0105,0.0082,0.0007,15.7
2.541,-0.0008,0.009,0.0082,0.0022,15.6
2.542,-0.0015,0.0082,0.0067,0.0022,15.3
2.543,-0.0023,0.0105,0.0052,0.0015,15.1
2.544,-0.003,0.0097,0.006,0.0015,14.9
2.545,-0.0023,0.0082,0.0045,-0.0008,14.7
2.546,-0.0046,0.0112,0.0022,0.0,14.5
2.547,-0.0046,0.012,0.0015,0.0037,14.3
2.548,-0.0008,0.015,0.0007,0.0067,14.0
2.549,0.0007,0.0157,0.0007,0.012,13.8
2.55,0.003,0.0127,0.0,0.0165,13.6
2.551,0.0037,0.012,-0.0008,0.0127,13.4
2.552,0.0,0.0075,0.0,0.0015,13.2
2.553,0.0007,0.0052,-0.0008,-0.003,13.0
2.554,-0.0023,0.003,-0.0023,-0.003,12.7
2.555,-0.0008,0.0007,-0.006,-0.0046,12.5
2.556,0.0007,0.0,-0.0046,-0.0053,12.3
2.557,0.0007,-0.0008,-0.003,-0.0053,12.1
2.558,0.0015,-0.0008,-0.0053,-0.0053,11.9
2.559,-0.0015,0.0015,-0.0068,-0.0053,11.7
2.56,0.0007,0.0022,-0.0053,-0.0046,11.4
2.561,0.0,0.0,-0.0023,-0.0038,11.2
2.562,-0.0023,-0.0008,-0.0015,-0.0038,11.0
2.563,-0.0046,-0.003,0.0015,-0.0023,10.8
2.564,-0.006,-0.0008,0.003,0.0007,10.6
2.565,-0.003,0.0067,0.0052,0.0045,10.4
2.566,0.0,0.0105,0.0052,0.0045,10.2
2.567,0.0015,0.009,0.003,0.003,10.0
2.568,-0.0008,0.0045,0.003,0.003,9.8
2.569,-0.0015,0.0052,0.0022,0.0037,9.6
2.57,-0.0008,0.0067,0.0007,0.0022,9.4
2.571,-0.0023,0.0082,0.0015,0.0015,9.2
2.572,-0.0008,0.0067,0.0015,0.003,9.0
2.573,0.0007,0.003,0.0,0.0015,8.8
2.574,0.0022,0.0007,-0.0008,0.0022,8.6
2.575,0.003,-0.0008,-0.0008,0.0037,8.4
2.576,0.0015,-0.0008,-0.0008,0.0037,8.2
2.577,0.0015,0.0007,0.0007,0.0007,8.0
2.578,0.0,-0.003,-0.0015,-0.0046,7.8
2.579,-0.0015,-0.003,-0.003,-0.0075,7.6
2.58,-0.0053,0.0007,-0.0015,-0.0083,7.3
2.581,-0.0075,0.0022,-0.0015,-0.006,7.2
2.582,-0.012,0.0015,-0.0008,-0.0038,7.0
2.583,-0.012,-0.0008,0.0007,-0.0008,6.8
2.584,-0.0075,0.0007,0.0,0.0015,6.6
2.585,-0.0075,0.0052,0.0015,0.0045,6.4
2.586,-0.0023,0.0052,0.003,0.0075,6.2
2.587,0.006,0.0045,0.0045,0.0105,6.0
2.588,0.012,0.0007,0.0052,0.0112,5.8
2.589,0.0142,-0.0091,0.0052,0.0112,5.6
2.59,0.0142,-0.0256,0.0037,0.012,5.3
2.591,0.0135,-0.0353,0.0037,0.0075,5.2
2.592,0.0105,-0.0413,0.003,0.0037,5.0
2.593,0.0037,-0.0443,0.0015,0.0007,4.8
2.594,-0.0008,-0.0405,0.0007,-0.0023,4.6
2.595,-0.0046,-0.0383,-0.0015,-0.0046,4.4
2.596,-0.0128,-0.0338,-0.003,-0.0053,4.2
2.597,-0.0158,-0.0293,-0.003,-0.0053,4.0
2.598,-0.015,-0.021,-0.006,0.0,3.8
2.599,-0.0105,-0.0143,-0.0075,0.0052,3.6
2.6,-0.0068,-0.0105,-0.0068,0.0045,3.3
2.601,-0.006,-0.0068,-0.0046,0.0052,3.2
2.602,-0.0046,-0.0038,-0.0015,0.0052,3.1
2.603,-0.006,-0.0046,-0.0008,0.0052,3.0
2.604,-0.0046,-0.006,0.0015,0.006,2.9
2.605,-0.003,-0.0068,0.0052,0.0045,2.7
2.606,-0.003,-0.0091,0.0067,0.0015,2.6
2.607,-0.0015,-0.0091,0.0067,0.0015,2.5
2.608,-0.0038,-0.0068,0.006,-0.0015,2.4
2.609,-0.0015,-0.0083,0.0045,-0.006,2.2
2.61,-0.0008,-0.0083,0.0045,-0.0068,2.1
2.611,0.0015,-0.003,0.0045,-0.0068,2.0
2.612,0.0082,0.0015,0.006,-0.0053,1.8
2.613,0.0067,0.0022,0.0067,-0.0023,1.8
2.614,0.006,0.0105,0.0052,-0.0015,1.6
2.615,0.003,0.021,0.0052,0.0022,1.5
2.616,0.0015,0.024,0.0052,0.0105,1.3
2.617,0.0007,0.0292,0.006,0.0127,1.2
2.618,-0.0015,0.039,0.0052,0.009,1.1
2.619,-0.003,0.0262,0.0045,0.0037,1.0
2.62,-0.0053,0.0067,0.003,-0.0008,0.8
2.621,-0.0053,0.0052,0.0037,-0.003,0.8
2.622,-0.0053,0.0007,0.0037,-0.0046,0.7
2.623,-0.0091,-0.0008,0.0022,-0.003,0.6
2.624,-0.0053,0.0015,0.0045,-0.0015,0.6
2.625,-0.0008,-0.0008,0.0007,0.0015,0.5
2.626,0.0,-0.0053,-0.0015,0.0015,0.4
2.627,-0.0015,-0.0098,-0.0023,0.0015,0.4
2.628,-0.0008,-0.0023,-0.003,0.0015,0.3
2.629,0.0007,0.0082,-0.0068,-0.0008,0.2
2.63,-0.0008,0.0075,-0.0091,0.0015,0.1
2.631,-0.0023,0.0,-0.0091,0.0022,0.1
2.632,-0.0023,0.003,-0.0075,-0.0083,0.0
2.633,-0.0008,0.0135,-0.0046,-0.021,0.0
2.634,-0.0008,0.0202,-0.0038,-0.0338,-0.1
2.635,-0.0023,0.0195,-0.0015,-0.042,-0.2
2.636,-0.0008,0.0045,0.0007,-0.039,-0.3
2.637,0.0007,-0.0135,0.0007,-0.0383,-0.3
2.638,-0.0008,-0.0233,0.0007,-0.0188,-0.4
2.639,0.0,-0.021,0.003,0.0127,-0.5
2.64,0.003,-0.006,0.006,0.0442,-0.6
2.641,0.006,0.027,0.009,0.0682,-0.6
2.642,0.006,0.0577,0.0067,0.0802,-0.6
2.643,0.0067,0.069,0.0052,0.0787,-0.6
2.644,0.0075,0.0667,0.0052,0.048,-0.6
2.645,0.0052,0.03,0.0052,0.0345,-0.6
2.646,0.003,0.0045,0.0067,0.0315,-0.6
2.647,0.0045,0.0097,0.006,0.0045,-0.6
2.648,0.0075,-0.0083,0.006,-0.0091,-0.6
2.649,0.003,-0.0158,0.0052,-0.0173,-0.6
2.65,-0.0038,-0.0143,0.0007,-0.0165,-0.6
2.651,-0.0053,-0.0188,-0.0015,-0.0135,-0.6
2.652,-0.0053,-0.0143,-0.003,-0.0128,-0.6
2.653,-0.0046,-0.0128,-0.003,-0.0075,-0.6
2.654,0.0007,-0.012,-0.0038,-0.0098,-0.6
2.655,0.0052,-0.0165,-0.006,-0.0128,-0.6
2.656,0.0075,-0.0181,-0.006,-0.0165,-0.6
2.657,0.0067,-0.0203,-0.0068,-0.0158,-0.6
2.658,0.009,-0.0195,-0.003,-0.0143,-0.6
2.659,0.009,-0.0143,0.0007,-0.0128,-0.6
2.66,0.0052,-0.012,0.0022,-0.0091,-0.7
2.661,0.003,-0.0083,0.0022,-0.0098,-0.6
2.662,-0.0046,-0.0098,-0.0008,-0.0053,-0.6
2.663,-0.012,-0.012,0.0015,-0.0023,-0.5
2.664,-0.0128,-0.0173,-0.0015,-0.0015,-0.5
2.665,-0.0083,-0.0248,-0.0008,0.0037,-0.5
2.666,-0.0015,-0.0256,0.0075,0.012,-0.4
2.667,0.0045,-0.0256,0.009,0.0157,-0.4
2.668,0.0045,-0.0233,0.0052,0.024,-0.3
2.669,0.0,-0.0165,0.0007,0.036,-0.3
2.67,0.0,-0.0143,0.0015,0.0457,-0.2
2.671,0.0007,-0.0143,0.0015,0.0465,-0.2
2.672,-0.0015,-0.0128,0.0007,0.0217,-0.1
2.673,0.0015,-0.0091,0.0022,-0.0053,-0.1
2.674,0.0022,-0.0091,0.0015,-0.0203,0.0
2.675,0.0015,0.003,0.0007,-0.033,0.0
2.676,0.0015,0.0285,0.0007,-0.0368,0.0
2.677,-0.0008,0.024,0.0007,-0.0533,0.1
2.678,0.0,-0.0083,0.0007,-0.075,0.1
2.679,-0.0023,-0.027,0.0015,-0.0803,0.2
2.68,-0.0068,-0.0368,-0.0015,-0.0735,0.2
2.681,-0.0053,-0.0405,-0.0053,-0.06,0.3
2.682,-0.0046,-0.039,-0.0046,-0.0465,0.3
2.683,-0.0038,-0.0383,-0.0023,-0.021,0.4
2.684,-0.0008,-0.0203,0.0,0.0067,0.4
2.685,0.0,0.0007,0.0022,0.0367,0.4
2.686,0.0007,-0.0068,0.0052,0.0787,0.4
2.687,0.0067,-0.0143,0.0067,0.1305,0.5
2.688,0.0105,0.0202,0.0037,0.162,0.5
2.689,0.0067,0.0817,0.0,0.1515,0.6
2.69,0.0052,0.1215,-0.0023,0.132,0.6
2.691,0.0052,0.087,-0.0046,0.1087,0.7
2.692,-0.0046,0.0352,-0.0023,0.0697,0.7
2.693,-0.006,0.0457,0.0007,0.0345,0.8
2.694,-0.003,0.0405,0.0007,-0.0075,0.8
2.695,-0.0038,0.0247,-0.0008,-0.0256,0.9
2.696,-0.0053,0.0127,-0.0023,-0.0315,0.9
2.697,-0.0053,-0.0091,-0.003,-0.0413,0.9
2.698,-0.0046,-0.0135,-0.0015,-0.0511,0.9
2.699,-0.0046,-0.0368,-0.0023,-0.0653,1.0
2.7,-0.0038,-0.0503,-0.0046,-0.0608,1.0
2.701,-0.0053,-0.0578,-0.006,-0.0548,1.1
2.702,-0.0038,-0.0548,-0.0038,-0.048,1.2
2.703,-0.0008,-0.048,-0.0015,-0.039,1.2
2.704,-0.0023,-0.048,-0.0023,-0.0315,1.3
2.705,-0.003,-0.0315,-0.0008,-0.0068,1.3
2.706,-0.0046,-0.0308,0.0,0.0225,1.4
2.707,-0.0053,-0.0285,0.0015,0.0442,1.4
2.708,-0.0015,-0.0203,0.0015,0.0195,1.5
2.709,0.0015,-0.0218,-0.0023,-0.0338,1.6
2.71,0.0,-0.027,-0.0053,-0.0375,1.6
2.711,-0.0046,-0.0293,-0.0105,-0.0256,1.7
2.712,-0.0053,-0.0278,-0.0091,-0.0233,1.8
2.713,-0.0053,-0.0143,-0.0053,-0.0158,1.8
2.714,-0.003,-0.0008,-0.0046,-0.0015,1.8
2.715,-0.003,-0.003,-0.0038,0.0105,1.9
2.716,-0.003,0.0007,-0.006,0.0097,2.0
2.717,-0.003,0.0007,-0.003,0.0112,2.0
2.718,0.0,-0.0008,0.0022,0.0127,2.1
2.719,0.0045,0.0097,0.009,-0.0008,2.2
2.72,0.0052,0.0157,0.0142,-0.0165,2.2
2.721,0.0052,0.018,0.0127,-0.0173,2.2
2.722,0.003,0.0202,0.0105,-0.0075,2.2
2.723,-0.0015,0.0225,0.009,-0.0015,2.2
2.724,-0.0038,0.015,0.0105,-0.0068,2.2
2.725,-0.003,0.0067,0.012,-0.0091,2.3
2.726,0.0,0.009,0.015,-0.0075,2.3
2.727,0.0015,0.0097,0.0307,-0.012,2.3
2.728,-0.0023,0.0067,0.0547,-0.0091,2.3
2.729,-0.0068,0.0007,0.063,0.0067,2.3
2.73,-0.0068,0.0105,0.0412,0.0292,2.4
2.731,-0.012,0.018,0.0142,0.0495,2.4
2.732,-0.0165,0.0195,-0.003,0.0577,2.4
2.733,-0.0158,0.0217,-0.0181,0.0555,2.4
2.734,-0.015,0.0075,-0.024,0.0345,2.4
2.735,-0.0113,0.0045,-0.027,0.0127,2.4
2.736,-0.0098,0.0045,-0.0278,0.003,2.5
2.737,-0.003,0.0075,-0.0308,-0.0083,2.5
2.738,0.0105,0.0127,-0.033,-0.0173,2.5
2.739,0.0232,0.0082,-0.0233,-0.0233,2.5
2.74,0.027,0.0097,-0.0038,-0.0368,2.5
2.741,0.0277,0.0045,0.0075,-0.0405,2.4
2.742,0.0277,0.0015,0.009,-0.039,2.3
2.743,0.021,0.0105,0.0105,-0.0533,2.2
2.744,0.009,0.0195,0.0105,-0.0495,2.1
2.745,-0.0023,0.027,0.012,-0.0233,1.9
2.746,-0.0075,0.0292,0.015,0.0127,1.8
2.747,-0.0105,0.0217,0.0127,0.0315,1.7
2.748,-0.0143,0.0127,0.0082,0.0082,1.6
2.749,-0.0135,0.0105,0.009,0.0022,1.4
2.75,-0.0083,0.003,0.0165,0.0247,1.3
2.751,-0.0015,-0.003,0.0202,0.006,1.2
2.752,-0.0038,-0.0105,0.0165,-0.0293,1.1
2.753,-0.0105,-0.0181,0.0157,-0.024,0.9
2.754,-0.0083,-0.0128,0.0232,0.0067,0.9
2.755,-0.0008,-0.006,0.0292,0.0345,0.7
2.756,-0.0008,-0.0105,0.0262,0.0307,0.6
2.757,-0.0128,-0.0315,0.015,0.0015,0.4
2.758,-0.0188,-0.0458,0.0105,-0.0293,0.3
2.759,-0.0158,-0.0413,0.0105,-0.039,0.2
2.76,-0.0098,-0.039,0.0135,-0.045,0.0
2.761,-0.0053,-0.0346,0.018,-0.0503,0.0
2.762,-0.0015,-0.0285,0.0195,-0.033,0.0
2.763,0.0,-0.0315,0.0232,-0.012,0.0
2.764,0.0007,-0.0346,0.024,0.0255,0.0
2.765,0.0,-0.0353,0.0232,0.054,0.0
2.766,0.003,-0.0188,0.0262,0.0832,0.0
2.767,0.009,0.0517,0.027,0.114,0.0
2.768,0.012,0.1162,0.024,0.1192,0.0
2.769,0.0105,0.0855,0.018,0.1125,0.0
2.77,0.003,0.0337,0.0157,0.0877,0.0
2.771,-0.0015,0.0052,0.0105,0.0457,0.0
2.772,-0.0038,-0.0091,0.0075,-0.0008,0.0
2.773,-0.006,-0.0091,0.0052,-0.0195,0.0
2.774,-0.0083,-0.024,0.0015,-0.027,0.0
2.775,-0.006,-0.0181,0.0022,-0.0383,-0.1
2.776,-0.0046,-0.0375,0.0,-0.063,-0.1
2.777,-0.0068,-0.063,-0.003,-0.0803,-0.1
2.778,-0.0068,-0.0653,-0.0046,-0.063,-0.1
2.779,-0.0046,-0.063,-0.0053,-0.0503,-0.1
2.78,-0.003,-0.0473,-0.006,-0.0278,-0.2
2.781,0.0007,-0.054,-0.003,0.0082,-0.2
2.782,0.006,-0.027,-0.0015,0.0442,-0.2
2.783,0.0067,0.0052,-0.0105,0.0757,-0.2
2.784,0.0067,0.039,-0.0218,0.1125,-0.2
2.785,0.0052,0.0712,-0.0353,0.093,-0.2
2.786,0.0052,0.0292,-0.0518,0.0255,-0.2
2.787,0.0052,-0.0083,-0.0706,0.0082,-0.2
2.788,0.0052,-0.0233,-0.093,-0.0053,-0.2
2.789,0.0007,-0.0375,-0.1125,-0.0278,-0.2
2.79,-0.003,-0.0293,-0.129,-0.0233,-0.2
2.791,-0.0015,-0.0233,-0.1426,-0.03,-0.2
2.792,-0.003,-0.0181,-0.1523,-0.0361,-0.2
2.793,-0.0023,-0.0135,-0.1598,-0.0375,-0.2
2.794,-0.0023,-0.0083,-0.1665,-0.039,-0.2
2.795,-0.003,-0.0046,-0.162,-0.033,-0.2
2.796,-0.0008,-0.0015,-0.1485,-0.03,-0.2
2.797,-0.0008,0.0015,-0.1328,-0.024,-0.2
2.798,0.0007,0.0075,-0.111,-0.0173,-0.2
2.799,0.003,0.0112,-0.0848,-0.0188,-0.2
2.8,0.0045,0.0105,-0.0518,-0.0233,-0.2
2.801,0.0067,0.009,-0.0203,-0.0203,-0.2
2.802,0.0052,0.0075,0.0082,-0.0181,-0.3
2.803,0.0022,0.0052,0.0375,-0.0173,-0.4
2.804,-0.0008,0.0067,0.0562,-0.0053,-0.4
2.805,-0.0015,0.009,0.0712,0.0045,-0.5
2.806,-0.0015,0.0105,0.0802,0.009,-0.6
2.807,-0.0015,0.0142,0.1027,0.012,-0.6
2.808,-0.0015,0.0127,0.1305,0.0045,-0.7
2.809,-0.0015,0.0105,0.1357,-0.003,-0.8
2.81,-0.0053,0.0165,0.15,0.0075,-0.9
2.811,-0.0038,0.0217,0.1665,0.018,-0.9
2.812,-0.0008,0.027,0.1635,0.0195,-1.0
2.813,-0.0015,0.0255,0.159,0.024,-1.1
2.814,0.0007,0.0157,0.15,0.021,-1.1
2.815,0.0007,0.0127,0.141,0.003,-1.2
2.816,-0.0038,0.006,0.1365,-0.003,-1.3
2.817,-0.0053,0.0037,0.1252,-0.0008,-1.4
2.818,-0.0046,0.0067,0.1125,-0.0008,-1.4
2.819,-0.0015,0.012,0.093,-0.003,-1.5
2.82,0.0,0.012,0.093,-0.0091,-1.6
2.821,-0.0023,0.0045,0.1072,0.0045,-1.6
2.822,-0.0015,0.0045,0.108,0.027,-1.5
2.823,-0.0015,0.003,0.1012,0.0315,-1.5
2.824,-0.0015,-0.0046,0.0817,0.0247,-1.4
2.825,0.0015,-0.0015,0.0607,0.027,-1.4
2.826,0.0052,0.0105,0.0345,0.0375,-1.4
2.827,0.0045,0.0105,-0.0015,0.051,-1.3
2.828,0.003,0.009,-0.03,0.0367,-1.3
2.829,0.003,0.0075,-0.0585,0.009,-1.2
2.83,0.003,-0.003,-0.0795,-0.0083,-1.2
2.831,0.0022,-0.0068,-0.1095,-0.027,-1.1
2.832,-0.0008,-0.0053,-0.1441,-0.027,-1.1
2.833,-0.0015,0.0,-0.1635,-0.0165,-1.0
2.834,-0.003,0.0082,-0.1726,-0.0068,-1.0
2.835,-0.003,-0.0015,-0.1711,0.0007,-0.9
2.836,-0.0023,-0.006,-0.1696,0.0015,-0.9
2.837,-0.0015,-0.0143,-0.1628,-0.0015,-0.9
2.838,0.0007,-0.0308,-0.1553,-0.0053,-0.8
2.839,0.0007,-0.033,-0.1448,-0.012,-0.8
2.84,0.0022,-0.0346,-0.1305,-0.0105,-0.7
2.841,0.0015,-0.0105,-0.1088,-0.0083,-0.7
2.842,0.0037,0.0277,-0.075,-0.0008,-0.7
2.843,0.0052,0.0622,-0.0353,0.0082,-0.8
2.844,0.0015,0.0937,-0.0038,0.0052,-0.8
2.845,-0.0008,0.0487,0.0232,0.0007,-0.9
2.846,-0.003,-0.0038,0.048,0.0007,-0.9
2.847,-0.003,-0.0083,0.0742,0.0015,-0.9
2.848,-0.0023,-0.027,0.1027,0.0,-0.9
2.849,-0.0023,-0.021,0.1297,-0.0015,-0.9
2.85,-0.0008,-0.0203,0.1575,-0.0008,-1.0
2.851,-0.0008,-0.0248,0.1777,-0.003,-1.0
2.852,0.0007,-0.0218,0.189,-0.0038,-1.0
2.853,0.0007,-0.0256,0.1927,-0.003,-1.1
2.854,0.0,-0.0195,0.1882,-0.0023,-1.1
2.855,0.0007,-0.0188,0.177,-0.0053,-1.2
2.856,0.003,-0.015,0.1597,-0.0105,-1.2
2.857,0.0007,-0.0158,0.1372,-0.0105,-1.2
2.858,-0.0008,-0.0143,0.1125,-0.006,-1.3
2.859,-0.0015,-0.015,0.0862,-0.0015,-1.3
2.86,-0.0023,-0.012,0.063,0.0037,-1.4
2.861,-0.0015,-0.006,0.042,0.0045,-1.4
2.862,-0.003,-0.0068,0.027,-0.0053,-1.4
2.863,-0.0046,-0.0083,0.0142,-0.0158,-1.5
2.864,-0.0046,-0.0218,0.0022,-0.0091,-1.5
2.865,-0.003,-0.0338,-0.0053,0.006,-1.6
2.866,-0.0015,-0.0368,-0.0143,0.0255,-1.7
2.867,-0.0008,-0.0383,-0.027,0.0315,-1.7
2.868,-0.0038,-0.0405,-0.0368,0.0217,-1.8
2.869,-0.0053,-0.0405,-0.042,0.0052,-1.8
2.87,-0.003,-0.0368,-0.054,-0.0015,-1.9
2.871,-0.0015,-0.033,-0.0713,-0.006,-1.9
2.872,-0.0023,-0.0278,-0.09,-0.0188,-2.0
2.873,-0.0038,-0.0225,-0.1013,-0.033,-2.1
2.874,-0.0046,-0.0158,-0.1035,-0.0398,-2.1
2.875,-0.003,-0.012,-0.1006,-0.0323,-2.2
2.876,-0.003,-0.0083,-0.096,-0.0181,-2.3
2.877,-0.0038,-0.0053,-0.0945,-0.0046,-2.3
2.878,-0.006,0.0007,-0.09,0.0112,-2.3
2.879,-0.0046,0.0052,-0.0871,0.0247,-2.4
2.88,0.0,0.0097,-0.0871,0.0307,-2.5
2.881,0.0007,0.0142,-0.0878,0.0405,-2.5
2.882,0.0022,0.0135,-0.0893,0.0645,-2.6
2.883,0.0007,0.0187,-0.0893,0.0742,-2.7
2.884,0.0,0.0225,-0.084,0.0435,-2.7
2.885,-0.0008,0.0195,-0.0788,0.0045,-2.7
2.886,-0.0015,0.018,-0.0773,-0.0098,-2.8
2.887,-0.0023,0.0165,-0.0728,-0.0181,-2.9
2.888,-0.0038,0.0157,-0.066,-0.0195,-2.9
2.889,-0.0046,0.0172,-0.0615,-0.0165,-3.0
2.89,-0.003,0.0202,-0.057,-0.0165,-3.1
2.891,-0.0008,0.0217,-0.0525,-0.012,-3.1
2.892,-0.003,0.021,-0.0473,-0.0083,-3.2
2.893,-0.003,0.0187,-0.0398,-0.003,-3.2
2.894,0.0,0.018,-0.0323,0.0037,-3.2
2.895,0.0007,0.0165,-0.0263,0.0067,-3.3
2.896,0.0007,0.0165,-0.0195,0.0015,-3.4
2.897,-0.0008,0.0157,-0.0128,-0.0038,-3.4
2.898,-0.0008,0.015,-0.006,-0.0105,-3.5
2.899,0.0007,0.0172,-0.0015,-0.012,-3.6
2.9,0.0,0.0157,0.0007,-0.0083,-3.6
2.901,-0.0008,0.009,0.0052,0.003,-3.6
2.902,-0.0008,0.0052,0.0097,0.0202,-3.6
2.903,0.0015,0.0052,0.0135,0.0202,-3.6
2.904,0.0007,0.0067,0.0165,0.0135,-3.6
2.905,0.0007,0.0052,0.021,0.0015,-3.6
2.906,0.0015,-0.0015,0.0217,-0.0053,-3.6
2.907,-0.0008,-0.003,0.0232,-0.0075,-3.6
2.908,-0.0008,-0.0008,0.0232,-0.0105,-3.6
2.909,0.0,-0.0038,0.0232,-0.0135,-3.6
2.91,0.0022,-0.0053,0.0247,-0.0181,-3.6
2.911,0.0045,-0.0075,0.024,-0.0203,-3.6
2.912,0.003,-0.0105,0.0232,-0.0158,-3.6
2.913,0.0,-0.0075,0.0247,-0.0015,-3.6
2.914,0.0007,-0.006,0.0232,0.0052,-3.6
2.915,-0.0008,-0.0023,0.024,0.0082,-3.6
2.916,-0.003,-0.0008,0.0247,0.012,-3.6
2.917,-0.0023,-0.0008,0.0255,0.0127,-3.6
2.918,-0.003,-0.0015,0.0255,0.0142,-3.6
2.919,-0.0015,-0.0008,0.0255,0.012,-3.6
2.92,-0.0008,0.0007,0.0225,0.012,-3.6
2.921,-0.0008,0.003,0.0202,0.0097,-3.6
2.922,0.0022,0.0015,0.0225,0.009,-3.6
2.923,0.003,-0.0008,0.0217,0.0082,-3.6
2.924,0.0045,-0.0008,0.0202,0.0045,-3.6
2.925,0.0022,-0.003,0.0195,0.0037,-3.6
2.926,0.0015,-0.003,0.018,0.0082,-3.6
2.927,0.003,-0.0053,0.018,0.009,-3.6
2.928,0.0007,-0.0091,0.0157,0.0067,-3.6
2.929,0.0015,-0.0083,0.0142,0.0045,-3.6
2.93,0.0022,-0.012,0.0157,0.0015,-3.6
2.931,0.0,-0.0105,0.015,0.003,-3.6
2.932,-0.0008,-0.006,0.015,0.0037,-3.6
2.933,-0.0008,-0.0053,0.015,0.0015,-3.6
2.934,0.0,-0.0038,0.0142,-0.0015,-3.6
2.935,-0.0008,-0.006,0.0127,0.0022,-3.6
2.936,-0.003,-0.0046,0.012,0.0007,-3.6
2.937,-0.0046,-0.0053,0.0127,-0.003,-3.6
2.938,-0.003,-0.0053,0.0127,0.0007,-3.6
2.939,-0.0008,-0.0046,0.0142,-0.0008,-3.6
2.94,0.0,-0.0083,0.0142,-0.0038,-3.6
2.941,-0.0008,-0.0083,0.0142,-0.0008,-3.6
2.942,0.0007,-0.0098,0.0135,0.0052,-3.6
2.943,-0.0015,-0.0128,0.0105,0.0052,-3.6
2.944,-0.0015,-0.015,0.0105,-0.003,-3.6
2.945,0.0015,-0.0158,0.0082,-0.0083,-3.6
2.946,0.0007,-0.0165,0.009,-0.0075,-3.6
2.947,-0.0015,-0.0135,0.0082,-0.0068,-3.6
2.948,-0.0015,-0.0068,0.0067,-0.003,-3.6
2.949,-0.003,-0.0075,0.0075,0.0007,-3.6
2.95,-0.0046,-0.0038,0.006,0.0007,-3.6
2.951,-0.0046,0.015,0.0067,0.0022,-3.6
2.952,-0.0053,0.0255,0.006,0.003,-3.6
2.953,-0.0046,0.027,0.0067,0.0045,-3.6
2.954,-0.0038,0.0315,0.0067,0.0022,-3.6
2.955,-0.0038,0.0195,0.0045,-0.0015,-3.6
2.956,-0.0038,0.012,0.0052,-0.0008,-3.6
2.957,-0.003,0.0075,0.003,-0.0015,-3.7
2.958,-0.0015,-0.006,0.0007,-0.003,-3.7
2.959,0.0007,-0.0023,0.0015,-0.0015,-3.7
2.96,0.0,-0.0068,0.0037,-0.0008,-3.7
2.961,0.0,-0.0053,0.0045,-0.0008,-3.7
2.962,0.0,-0.0053,0.0045,0.0,-3.7
2.963,0.0,-0.0083,0.0045,0.0007,-3.7
2.964,-0.0015,-0.0053,0.0045,0.0007,-3.7
2.965,-0.0015,-0.0068,0.003,0.0022,-3.7
2.966,0.0,-0.003,0.0052,0.0015,-3.7
2.967,0.0022,-0.0068,0.006,0.0007,-3.7
2.968,0.0015,-0.0091,0.0045,-0.0015,-3.7
2.969,0.0007,-0.0158,0.0045,-0.0038,-3.7
2.97,0.0007,-0.0233,0.0045,-0.0038,-3.8
2.971,0.0,-0.0256,0.003,-0.0068,-3.8
2.972,0.0007,-0.0233,0.0037,-0.0038,-3.8
2.973,0.0007,-0.0158,0.003,0.0022,-3.8
2.974,0.0007,-0.0135,0.0052,0.0105,-3.8
2.975,0.0007,-0.0128,0.006,0.018,-3.8
2.976,0.0007,-0.0098,0.0045,0.012,-3.8
2.977,0.0007,-0.0038,0.006,-0.0068,-3.8
2.978,0.0007,0.0157,0.0037,-0.012,-3.8
2.979,-0.0008,0.0255,0.0007,-0.0105,-3.8
2.98,0.0,0.012,0.0007,-0.0046,-3.9
2.981,-0.0008,0.0082,0.0007,0.0082,-3.9
2.982,-0.0008,-0.0105,0.0,0.0127,-3.9
2.983,0.0007,-0.0293,-0.0008,0.0127,-3.9
2.984,-0.0008,-0.0285,-0.003,0.0142,-3.9
2.985,0.0007,-0.0361,-0.0015,0.0105,-3.9
2.986,-0.0008,-0.033,-0.0008,0.0,-3.9
2.987,-0.0008,-0.0346,0.0007,0.0007,-3.9
2.988,-0.0015,-0.0293,0.0007,0.0,-3.9
2.989,-0.003,-0.0293,-0.0008,-0.0038,-3.9
2.99,0.0007,-0.0323,0.0007,-0.0046,-3.9
2.991,-0.0015,-0.0218,-0.003,-0.0038,-3.9
2.992,-0.0038,-0.0173,-0.0008,-0.003,-3.9
2.993,-0.0015,-0.0128,0.0007,-0.0091,-3.9
2.994,-0.0008,-0.0091,0.0015,-0.0098,-3.9
2.995,0.0,-0.0075,0.0015,-0.0105,-3.9
2.996,-0.003,-0.0046,0.0007,-0.006,-3.9
2.997,-0.003,0.012,0.0037,-0.0015,-3.9
2.998,-0.003,0.0367,0.0067,-0.0053,-3.9
2.999,-0.0015,0.0315,0.0067,-0.015,-3.9
3.0,-0.0023,-0.0008,0.0052,-0.0218,-3.9
3.001,-0.0038,-0.0023,0.0052,-0.0218,-3.9
3.002,-0.0038,0.0127,0.003,-0.0165,-3.9
3.003,-0.003,0.0165,0.0015,-0.015,-3.9
3.004,-0.003,0.0082,0.0015,-0.0188,-3.9
3.005,-0.003,0.0255,0.003,-0.0256,-3.8
3.006,-0.0015,0.0517,0.0015,-0.0233,-3.8
3.007,-0.0046,0.033,-0.0023,0.0015,-3.8
3.008,-0.0053,0.0217,-0.003,0.0277,-3.8
3.009,-0.0046,0.0127,-0.0023,0.0412,-3.8
3.01,-0.003,0.0045,-0.0046,0.0277,-3.7
3.011,-0.0015,0.012,-0.0053,0.0007,-3.7
3.012,-0.0023,0.0195,-0.0046,-0.015,-3.7
3.013,-0.0008,0.012,-0.003,-0.0181,-3.7
3.014,0.0007,0.0007,-0.0038,-0.0083,-3.7
3.015,0.0015,0.0045,-0.0038,0.0015,-3.7
3.016,0.003,-0.0008,-0.0023,0.0097,-3.6
3.017,0.0015,-0.0008,-0.0015,0.0157,-3.6
3.018,0.0,-0.003,-0.0008,0.0285,-3.6
3.019,-0.0008,-0.0046,-0.0023,0.0382,-3.6
3.02,0.0015,-0.0038,-0.0015,0.0427,-3.6
3.021,0.0015,-0.0053,-0.0008,0.045,-3.6
3.022,0.0015,-0.0091,0.0007,0.042,-3.6
3.023,0.0022,-0.0158,-0.0008,0.0427,-3.6
3.024,-0.0015,-0.0158,-0.0015,0.042,-3.6
3.025,-0.0008,-0.0263,-0.0008,0.0412,-3.6
3.026,0.0015,-0.0308,-0.0008,0.0322,-3.6
3.027,0.0007,-0.0105,0.0,0.0037,-3.6
3.028,0.0007,0.0015,0.0,-0.0308,-3.6
3.029,0.0007,-0.0188,0.0015,-0.0413,-3.6
3.03,-0.0008,-0.033,0.0015,-0.054,-3.6
3.031,-0.0023,-0.0278,-0.0015,-0.0691,-3.6
3.032,-0.0046,-0.0128,-0.0015,-0.0518,-3.6
3.033,-0.0008,0.0015,-0.0008,-0.0053,-3.6
3.034,0.0015,0.0262,0.0,0.0577,-3.6
3.035,0.0007,0.0495,0.0,0.12,-3.6
3.036,0.0015,0.0255,-0.0015,0.1477,-3.6
3.037,0.0,-0.0015,-0.0008,0.1492,-3.6
3.038,0.0007,0.0157,-0.0008,0.1672,-3.6
3.039,0.003,0.0802,0.0,0.1507,-3.6
3.04,0.003,0.0825,0.0007,0.1162,-3.6
3.041,0.0052,0.0075,0.0,0.081,-3.6
3.042,0.0067,-0.0105,-0.0008,0.0052,-3.6
3.043,0.0052,-0.0225,-0.003,-0.0555,-3.6
3.044,0.003,-0.0361,-0.0015,-0.0638,-3.6
3.045,0.0015,-0.0285,-0.0023,-0.057,-3.5
3.046,-0.0023,-0.015,-0.0015,-0.048,-3.5
3.047,-0.0046,-0.003,-0.003,-0.0428,-3.5
3.048,-0.0053,-0.0128,-0.003,-0.0428,-3.5
3.049,-0.0046,-0.0046,-0.0008,-0.0398,-3.5
3.05,-0.003,-0.0075,0.0,-0.042,-3.5
3.051,-0.0015,-0.0105,0.0022,-0.0405,-3.5
3.052,-0.0015,-0.0083,0.0037,-0.0443,-3.5
3.053,-0.0015,-0.0098,0.0015,-0.0458,-3.5
3.054,-0.0008,-0.0068,0.0007,-0.0428,-3.5
3.055,0.0,-0.0105,0.003,-0.0413,-3.5
3.056,0.0007,-0.0053,0.0037,-0.0398,-3.5
3.057,0.003,-0.0075,0.0022,-0.0383,-3.5
3.058,0.0037,-0.0068,0.003,-0.0353,-3.5
3.059,0.0015,-0.0075,0.0022,-0.0346,-3.5
3.06,-0.003,-0.0075,0.003,-0.0293,-3.5
3.061,-0.006,-0.0105,0.0045,-0.0256,-3.5
3.062,-0.0068,-0.0203,0.0022,-0.0233,-3.5
3.063,-0.0053,-0.0218,0.0022,-0.0203,-3.5
3.064,-0.0038,-0.027,0.003,-0.0158,-3.5
3.065,-0.006,-0.03,0.0037,-0.0135,-3.5
3.066,-0.0046,-0.0353,0.0022,-0.0105,-3.5
3.067,-0.0046,-0.0338,0.0007,-0.0053,-3.5
3.068,-0.003,-0.027,0.0015,-0.0083,-3.5
3.069,-0.0023,-0.0203,0.0,-0.006,-3.5
3.07,-0.003,-0.0203,-0.0015,-0.0083,-3.5
3.071,-0.0015,-0.0293,-0.0015,-0.0098,-3.5
3.072,-0.0015,-0.0165,-0.0008,-0.0083,-3.5
3.073,-0.0023,0.009,-0.0008,-0.0053,-3.6
3.074,-0.003,0.0457,-0.0008,0.009,-3.6
3.075,-0.003,0.0547,-0.0008,0.0277,-3.6
3.076,-0.0015,0.0202,0.0,0.0292,-3.6
3.077,-0.0023,0.0075,0.0015,0.0142,-3.6
3.078,-0.0038,0.0007,0.0007,0.0015,-3.6
3.079,-0.0038,-0.0053,0.0007,0.0007,-3.6
3.08,-0.0015,0.003,0.0037,0.0007,-3.6
3.081,0.0007,0.0127,0.0037,0.0015,-3.6
3.082,0.0015,0.0217,0.003,0.0052,-3.6
3.083,0.0015,0.006,0.0052,0.003,-3.6
3.084,0.0015,0.0015,0.0045,-0.003,-3.6
3.085,0.0007,0.0007,0.003,-0.0046,-3.6
3.086,0.0015,-0.0046,0.003,-0.0008,-3.6
3.087,0.003,-0.003,0.0007,0.0037,-3.6
3.088,0.0015,-0.0091,0.0,0.0045,-3.6
3.089,0.0015,-0.0075,0.0007,0.0075,-3.6
3.09,0.0007,-0.0053,0.0015,0.0112,-3.6
3.091,0.0015,0.0082,0.0015,0.0022,-3.6
3.092,0.0015,0.0195,0.0022,-0.0105,-3.6
3.093,0.0007,0.0082,0.0022,-0.0173,-3.6
3.094,-0.0015,-0.0053,0.003,-0.0158,-3.6
3.095,-0.003,-0.0098,0.003,-0.0128,-3.6
3.096,-0.003,-0.0143,0.0007,-0.0053,-3.6
3.097,-0.0046,-0.0113,0.0015,0.009,-3.6
3.098,-0.0008,-0.0068,0.0015,0.0157,-3.6
3.099,0.0,-0.0068,0.0015,0.009,-3.6
3.1,-0.0008,-0.0068,0.0015,-0.0038,-3.6
3.101,0.0007,-0.0075,0.0015,-0.0128,-3.6
3.102,0.003,0.0007,0.0007,-0.0158,-3.6
3.103,0.003,0.0382,0.0015,-0.012,-3.6
3.104,-0.0015,0.0562,0.0015,-0.0098,-3.6
3.105,-0.0023,0.03,0.0007,-0.0008,-3.6
3.106,-0.0015,0.0442,0.0022,0.0195,-3.6
3.107,-0.0008,0.0427,0.0022,0.018,-3.6
3.108,-0.003,0.0052,0.0015,0.0082,-3.6
3.109,-0.0046,-0.0015,0.003,0.0127,-3.6
3.11,-0.0015,-0.0083,0.0037,0.024,-3.6
3.111,-0.0015,-0.0068,0.0022,0.0412,-3.6
3.112,0.0,-0.006,0.003,0.045,-3.6
3.113,0.0007,-0.0091,0.0052,0.0172,-3.5
3.114,-0.0008,-0.012,0.0045,-0.012,-3.5
3.115,-0.0008,-0.0203,0.0052,-0.0128,-3.5
3.116,0.0,-0.0158,0.0052,0.0022,-3.5
3.117,-0.0008,-0.0158,0.0022,0.006,-3.5
3.118,-0.0023,-0.0143,0.0007,0.0037,-3.5
3.119,-0.0023,-0.0128,-0.0008,0.0,-3.5
3.12,-0.0023,-0.012,0.0,-0.0015,-3.5
3.121,-0.0046,-0.0091,-0.0015,-0.0046,-3.5
3.122,-0.006,-0.0068,-0.0015,-0.0068,-3.5
3.123,-0.0053,0.0015,-0.0015,-0.0023,-3.5
3.124,-0.0046,0.0015,-0.0015,-0.0015,-3.4
3.125,-0.003,-0.0008,-0.0023,-0.0008,-3.4
3.126,-0.003,-0.0008,-0.003,-0.0015,-3.4
3.127,0.0007,-0.003,-0.003,-0.0023,-3.4
3.128,0.0015,-0.0046,-0.0023,-0.0023,-3.4
3.129,-0.0015,-0.003,-0.0023,-0.003,-3.4
3.13,-0.0008,-0.003,-0.0023,-0.0023,-3.4
3.131,0.0,-0.003,-0.0008,-0.0008,-3.4
3.132,0.0015,-0.003,-0.0008,0.0007,-3.4
3.133,0.0022,-0.0038,-0.0023,-0.0008,-3.4
3.134,0.0015,-0.0008,-0.003,0.0015,-3.4
3.135,0.0007,-0.0046,-0.0046,0.003,-3.4
3.136,0.0007,-0.0053,-0.003,0.003,-3.4
3.137,0.0007,-0.0046,-0.003,0.0022,-3.3
3.138,-0.0008,-0.006,-0.0046,0.003,-3.3
3.139,-0.0008,-0.0046,-0.0053,0.003,-3.3
3.14,0.0015,-0.0053,-0.0053,0.0045,-3.3
3.141,0.0,-0.0038,-0.003,0.0067,-3.3
3.142,-0.0008,-0.0015,-0.0046,0.009,-3.3
3.143,-0.0008,-0.003,-0.006,0.009,-3.3
3.144,-0.003,0.0007,-0.0046,0.009,-3.3
3.145,-0.0023,0.003,-0.003,0.0075,-3.3
3.146,-0.0008,0.003,-0.0015,0.0052,-3.2
3.147,-0.0008,0.0022,-0.0015,0.0052,-3.2
3.148,-0.0015,-0.0015,0.0,0.0045,-3.2
3.149,-0.0008,-0.0083,0.0015,0.0015,-3.2
3.15,-0.0015,-0.0158,0.0022,-0.0008,-3.2
3.151,-0.003,-0.0188,0.0037,-0.0023,-3.2
3.152,-0.0015,-0.0181,0.0045,-0.003,-3.2
3.153,-0.0015,-0.0203,0.0037,-0.0023,-3.2
3.154,-0.0015,-0.0181,0.003,-0.0008,-3.2
3.155,-0.0038,-0.015,0.0045,-0.0015,-3.2
3.156,-0.0038,-0.0128,0.003,-0.0008,-3.2
3.157,-0.0023,-0.0091,0.003,-0.0015,-3.2
3.158,-0.0008,-0.0068,0.0022,-0.003,-3.1
3.159,-0.0008,-0.0053,0.0015,-0.0038,-3.1
3.16,-0.0008,-0.003,0.0007,-0.0053,-3.1
3.161,0.0007,-0.0008,0.0007,-0.0046,-3.1
3.162,0.0007,-0.0008,0.0007,-0.0053,-3.1
3.163,-0.0008,-0.0015,-0.0015,-0.0046,-3.1
3.164,-0.003,-0.0015,0.0,-0.003,-3.1
3.165,-0.003,0.0,0.0007,-0.0038,-3.1
3.166,-0.003,0.0007,-0.0008,-0.0015,-3.1
3.167,-0.003,-0.0008,0.0007,-0.0015,-3.1
3.168,0.0,0.0007,0.0,0.0007,-3.1
3.169,0.0007,0.0007,-0.0015,0.0015,-3.1
3.17,0.0,0.0015,-0.0015,0.0015,-3.0
3.171,0.0015,0.003,-0.0015,0.0015,-3.0
3.172,0.0007,0.0045,-0.0015,0.0022,-3.0
3.173,0.0007,0.0052,-0.0023,0.0007,-3.0
3.174,0.0007,0.0045,-0.0015,0.0007,-3.0
3.175,0.0007,0.0037,0.0,0.0007,-3.0
3.176,-0.0008,0.0022,0.0015,-0.0008,-3.0
3.177,0.0,0.0,0.0015,0.0,-3.0
3.178,0.0015,-0.003,0.0045,-0.0008,-3.0
3.179,0.0007,-0.0053,0.0075,0.0,-3.0
3.18,0.0015,-0.0068,0.0082,0.0015,-3.0
3.181,0.0007,-0.0075,0.0082,0.003,-3.0
3.182,0.0007,0.0075,0.009,0.0045,-2.9
3.183,0.0007,0.0217,0.0105,0.0052,-2.9
3.184,-0.0008,0.0052,0.0075,0.0037,-2.9
3.185,0.0,-0.006,0.0045,0.003,-2.9
3.186,-0.0008,-0.003,0.0022,0.0022,-2.9
3.187,-0.0008,-0.0083,0.0007,0.0022,-2.9
3.188,-0.0008,-0.0068,0.0007,0.0045,-2.9
3.189,-0.0023,-0.0046,0.0007,0.0037,-2.8
3.19,-0.0023,0.0007,0.0007,0.0037,-2.8
3.191,-0.0038,0.0045,0.0045,0.0037,-2.8
3.192,-0.0038,0.003,0.0037,0.0045,-2.8
3.193,-0.003,0.0015,0.0037,0.003,-2.8
3.194,-0.0008,-0.0008,0.003,0.003,-2.8
3.195,0.0,-0.0046,0.0045,0.0045,-2.7
3.196,-0.0015,-0.0068,0.0045,0.0045,-2.7
3.197,-0.0023,-0.0075,0.0015,0.0045,-2.7
3.198,-0.0023,-0.0105,0.0022,0.0022,-2.7
3.199,-0.0015,-0.0068,0.0007,0.003,-2.7
3.2,-0.0008,-0.0008,-0.0008,0.0037,-2.7
3.201,0.0007,0.0,-0.0008,0.0007,-2.7
3.202,0.0015,-0.003,-0.0008,-0.0008,-2.7
3.203,0.0007,-0.006,0.0015,-0.0015,-2.7
3.204,0.0,-0.0053,0.0007,-0.003,-2.7
3.205,-0.0008,-0.006,0.0022,-0.0053,-2.6
3.206,-0.0015,-0.0023,0.0022,-0.0053,-2.6
3.207,-0.003,-0.0008,0.003,-0.0046,-2.6
3.208,-0.006,-0.0008,0.003,-0.0046,-2.6
3.209,-0.0068,0.0052,0.0007,-0.003,-2.6
3.21,-0.0038,0.0217,0.0015,0.0037,-2.6
3.211,-0.0008,0.033,0.0007,0.0067,-2.6
3.212,-0.0008,0.015,0.0015,0.0007,-2.5
3.213,0.0007,0.0022,0.0022,-0.0038,-2.5
3.214,0.0007,0.0022,0.0007,-0.0083,-2.5
3.215,-0.0008,0.0015,-0.0008,-0.0091,-2.5
3.216,-0.0015,0.0082,0.0007,-0.003,-2.5
3.217,-0.003,0.003,0.0045,0.0,-2.5
3.218,-0.0008,-0.0008,0.0045,0.006,-2.5
3.219,-0.0015,0.006,0.0022,0.0195,-2.4
3.22,-0.0038,0.006,0.0007,0.0255,-2.4
3.221,-0.003,-0.0015,-0.0023,0.012,-2.4
3.222,-0.0008,-0.0023,-0.0053,0.0022,-2.4
3.223,0.0007,0.0007,-0.003,0.0015,-2.4
3.224,-0.0008,-0.0008,-0.0046,-0.0008,-2.4
3.225,-0.0023,-0.0008,-0.0068,-0.0008,-2.4
3.226,0.0,-0.0008,-0.0053,-0.0023,-2.3
3.227,-0.0008,-0.0008,-0.0053,-0.0008,-2.3
3.228,0.0,-0.0008,-0.0068,-0.0008,-2.3
3.229,-0.0008,-0.0008,-0.0053,-0.0008,-2.3
3.23,0.0,0.0,-0.0046,-0.0015,-2.3
3.231,0.0007,-0.0015,-0.0053,-0.003,-2.3
3.232,0.0,-0.003,-0.0038,0.0,-2.3
3.233,0.0037,-0.0068,-0.0038,-0.0015,-2.3
3.234,0.0045,-0.0091,-0.0053,-0.003,-2.3
3.235,0.0045,-0.0091,-0.0046,-0.0015,-2.3
3.236,0.0067,-0.0068,-0.003,-0.0015,-2.3
3.237,0.0075,-0.0053,-0.003,-0.0015,-2.3
3.238,0.0067,-0.0068,-0.003,-0.003,-2.2
3.239,0.0052,-0.0091,-0.0023,-0.0008,-2.2
3.24,0.003,-0.0181,-0.0015,-0.0015,-2.2
3.241,0.0022,-0.0218,-0.0008,0.0,-2.2
3.242,0.0,-0.0218,0.0007,0.0015,-2.2
3.243,0.0,-0.024,0.0015,0.003,-2.2
3.244,0.0007,-0.0203,0.0007,0.003,-2.2
3.245,0.0,-0.0188,-0.0015,0.003,-2.1
3.246,-0.0008,-0.0165,0.0,0.0015,-2.1
3.247,-0.0023,-0.0158,0.0007,0.003,-2.1
3.248,-0.0053,-0.0165,0.003,0.0045,-2.1
3.249,-0.006,-0.0173,0.0045,0.0045,-2.1
3.25,-0.003,-0.0158,0.0015,0.0082,-2.1
3.251,-0.0008,-0.0128,0.0022,0.012,-2.1
3.252,-0.0008,-0.012,0.003,0.009,-2.0
3.253,0.0,-0.0113,0.003,0.003,-2.0
3.254,0.0,-0.0128,0.003,0.003,-2.0
3.255,0.0,-0.0135,0.0022,0.0022,-2.0
3.256,-0.0015,-0.012,0.0015,0.0007,-2.0
3.257,-0.003,-0.0053,0.0007,0.003,-2.0
3.258,-0.0015,0.0015,0.0022,0.0067,-2.0
3.259,-0.0008,0.003,0.0022,0.0045,-1.9
3.26,0.0007,0.012,0.0015,0.0067,-1.9
3.261,-0.0015,0.0292,0.0037,0.024,-1.9
3.262,-0.0015,0.036,0.0067,0.042,-1.9
3.263,-0.0038,0.012,0.0052,0.033,-1.9
3.264,-0.0046,0.0015,0.0045,0.0165,-1.9
3.265,-0.003,0.0045,0.003,0.0097,-1.8
3.266,-0.003,0.0022,0.003,0.0015,-1.8
3.267,-0.0046,0.0067,0.0052,-0.0015,-1.8
3.268,-0.0068,0.0045,0.0052,-0.0143,-1.8
3.269,-0.0046,0.0022,0.006,-0.0203,-1.8
3.27,-0.003,-0.0038,0.0045,-0.012,-1.8
3.271,-0.0046,-0.0046,0.0045,-0.0046,-1.8
3.272,-0.003,-0.003,0.003,0.0007,-1.8
3.273,-0.0015,-0.0038,-0.0008,0.0007,-1.7
3.274,-0.0015,-0.0008,0.0007,0.0052,-1.7
3.275,-0.0015,-0.0053,-0.0008,0.0105,-1.7
3.276,-0.003,-0.0068,-0.0008,0.0097,-1.7
3.277,-0.003,0.0007,0.0,0.0075,-1.7
3.278,-0.003,0.0052,0.0,0.003,-1.7
3.279,-0.003,0.0045,0.0015,0.0022,-1.6
3.28,-0.0023,0.0195,-0.0008,0.003,-1.6
3.281,-0.0015,0.0277,0.0007,0.0015,-1.6
3.282,-0.0015,0.0082,0.0007,-0.0023,-1.6
3.283,0.0007,0.006,-0.0008,-0.0068,-1.6
3.284,0.0022,0.0015,-0.0015,-0.0038,-1.6
3.285,-0.0023,-0.0038,-0.003,0.0052,-1.5
3.286,-0.003,-0.0008,-0.0038,0.0142,-1.5
3.287,-0.0008,-0.0075,-0.0046,0.0142,-1.5
3.288,-0.003,-0.0015,-0.0046,0.0067,-1.5
3.289,-0.0038,0.003,-0.0015,-0.0068,-1.5
3.29,-0.0015,0.003,0.003,-0.0143,-1.5
3.291,-0.0008,0.003,0.003,-0.012,-1.5
3.292,0.0,0.0097,0.0015,-0.0105,-1.4
3.293,-0.0008,0.0157,0.0015,-0.0098,-1.4
3.294,0.0007,0.0037,0.0,-0.0008,-1.4
3.295,0.003,0.0052,0.0007,0.0172,-1.4
3.296,0.0037,0.0112,0.0015,0.0277,-1.4
3.297,0.0045,0.0075,0.0015,0.0165,-1.4
3.298,0.0015,-0.003,0.0052,-0.0015,-1.4
3.299,0.003,-0.012,0.0037,-0.0083,-1.4
3.3,0.0015,-0.0091,0.0037,-0.0046,-1.4
3.301,0.0022,-0.0075,0.0045,-0.0015,-1.4
3.302,0.0045,-0.0068,0.003,0.0015,-1.3
3.303,0.003,-0.0075,0.0045,0.0067,-1.3
3.304,0.0037,-0.0053,0.003,0.012,-1.3
3.305,0.0015,0.0052,0.0037,0.0217,-1.3
3.306,0.003,0.0195,0.0045,0.0292,-1.3
3.307,0.0045,0.0157,0.0015,0.0202,-1.3
3.308,0.003,-0.0083,0.0022,0.0067,-1.2
3.309,0.003,-0.012,0.003,-0.0008,-1.2
3.31,0.0007,-0.012,0.0015,-0.0046,-1.2
3.311,-0.0008,-0.012,0.0,-0.0083,-1.2
3.312,-0.003,-0.0091,-0.0008,-0.0143,-1.2
3.313,-0.0053,-0.0113,0.0007,-0.0158,-1.1
3.314,-0.0046,-0.0091,0.0015,-0.0165,-1.1
3.315,-0.003,-0.0091,0.0037,-0.0203,-1.1
3.316,-0.0015,-0.006,0.003,-0.021,-1.1
3.317,-0.0008,-0.0075,0.0015,-0.0195,-1.1
3.318,0.0007,-0.0105,0.0015,-0.015,-1.1
3.319,-0.0008,-0.0113,0.0015,-0.0113,-1.0
3.32,-0.0015,-0.0135,0.0,-0.0203,-1.0
3.321,-0.0023,-0.0158,-0.003,-0.0548,-1.0
3.322,-0.0023,-0.0181,-0.0008,-0.0608,-1.0
3.323,-0.0008,-0.0203,0.0015,-0.039,-1.0
3.324,-0.0015,-0.0128,0.0007,-0.0181,-0.9
3.325,-0.0023,0.003,-0.0008,0.0165,-0.9
3.326,-0.003,0.012,-0.0023,0.0405,-0.9
3.327,-0.0046,0.0015,-0.0038,0.0555,-0.9
3.328,-0.0046,-0.012,-0.0038,0.0727,-0.9
3.329,-0.0023,0.0067,-0.0023,0.1027,-0.9
3.33,-0.0015,0.036,0.0,0.1275,-0.9
3.331,-0.0023,0.027,0.0015,0.0892,-0.9
3.332,-0.0015,-0.0015,0.0037,0.021,-0.8
3.333,-0.0008,0.027,0.0052,-0.0188,-0.8
3.334,-0.0015,0.066,0.006,-0.0248,-0.8
3.335,-0.0046,0.0465,0.0052,-0.0428,-0.8
3.336,-0.0053,0.0082,0.0045,-0.0728,-0.8
3.337,-0.0105,-0.0053,0.003,-0.075,-0.7
3.338,-0.0158,-0.0091,0.003,-0.0668,-0.7
3.339,-0.012,-0.0158,0.0007,-0.048,-0.7
3.34,-0.0046,-0.0188,0.0022,-0.0233,-0.7
3.341,0.0007,-0.0233,0.0022,0.0,-0.6
3.342,0.0037,-0.0203,0.0015,0.0195,-0.6
3.343,0.0067,-0.0195,0.0022,0.0427,-0.6
3.344,0.0105,-0.0181,0.0015,0.0667,-0.6
3.345,0.0105,-0.0128,0.0015,0.0795,-0.5
3.346,0.0127,-0.0143,0.0015,0.0727,-0.5
3.347,0.009,-0.0143,0.0,0.0345,-0.5
3.348,0.0052,-0.0105,-0.0008,0.003,-0.5
3.349,0.0,-0.0053,-0.0008,0.012,-0.5
3.35,-0.0053,-0.0046,0.0007,0.0015,-0.4
3.351,-0.0068,-0.006,0.0015,-0.0135,-0.4
3.352,-0.0113,-0.0075,0.0022,-0.0218,-0.4
3.353,-0.0091,-0.0046,0.0015,-0.0346,-0.4
3.354,-0.0053,0.0,0.0045,-0.0375,-0.3
3.355,-0.003,0.0045,0.0045,-0.0578,-0.3
3.356,-0.0008,0.0052,0.0045,-0.0825,-0.3
3.357,-0.0008,0.0007,0.003,-0.0915,-0.3
3.358,0.003,-0.0046,0.0015,-0.0788,-0.2
3.359,0.0045,-0.0023,0.0007,-0.048,-0.2
3.36,0.003,-0.0046,-0.0008,-0.0068,-0.2
3.361,0.003,-0.0165,-0.0015,0.0337,-0.1
3.362,0.0022,-0.0248,-0.0008,0.0727,-0.1
3.363,0.0015,-0.0203,0.0007,0.1027,-0.1
3.364,0.0015,-0.0046,0.0007,0.105,-0.1
3.365,0.0,0.006,0.0015,0.0922,0.0
3.366,-0.0015,0.0022,0.0045,0.0802,0.0
3.367,0.0022,-0.0105,0.0052,0.0427,0.0
3.368,0.0052,-0.003,0.0052,-0.0218,0.0
3.369,0.0045,0.027,0.006,-0.0361,0.0
3.37,0.0037,0.033,0.003,-0.0203,0.0
3.371,-0.0015,0.003,0.0007,-0.0181,0.1
3.372,-0.0098,-0.0203,-0.0008,-0.0143,0.1
3.373,-0.0233,-0.0256,-0.0008,-0.0165,0.1
3.374,-0.0218,-0.0293,-0.003,-0.0128,0.1
3.375,-0.0083,-0.0158,-0.0023,-0.0128,0.2
3.376,-0.0015,-0.0098,0.0007,-0.0128,0.2
3.377,0.003,-0.0135,0.0,-0.0105,0.2
3.378,0.006,-0.0173,0.0,-0.0105,0.2
3.379,0.0142,-0.0128,0.0007,-0.006,0.2
3.38,0.0217,0.0007,-0.0008,-0.0053,0.3
3.381,0.0232,0.0015,0.0015,-0.003,0.3
3.382,0.0255,0.003,-0.0008,-0.003,0.3
3.383,0.0255,-0.0046,-0.0053,-0.0023,0.4
3.384,0.018,-0.0188,-0.0068,-0.0008,0.4
3.385,0.006,-0.0218,-0.0053,0.0,0.4
3.386,-0.0053,-0.0143,-0.0046,-0.0008,0.4
3.387,-0.0128,-0.0091,-0.0015,-0.0008,0.5
3.388,-0.0143,-0.0038,0.0007,-0.0015,0.5
3.389,-0.0143,-0.003,0.0007,-0.0023,0.5
3.39,-0.0181,-0.0015,0.0007,-0.0023,0.6
3.391,-0.0203,0.0022,-0.0008,-0.0023,0.6
3.392,-0.0173,-0.0008,-0.0015,-0.0023,0.6
3.393,-0.015,0.0,-0.003,-0.003,0.6
3.394,-0.012,0.0015,-0.0038,-0.003,0.7
3.395,-0.0075,0.0067,-0.0008,-0.0023,0.7
3.396,-0.0068,0.0157,-0.0008,-0.0023,0.7
3.397,-0.0053,0.0172,-0.0008,-0.0015,0.8
3.398,-0.003,0.012,0.0015,0.0,0.8
3.399,-0.0008,-0.0023,0.0007,0.0045,0.8
3.4,0.0015,-0.015,0.0,0.0045,0.9
3.401,0.0015,-0.0173,0.0007,0.003,0.9
3.402,0.0015,-0.0091,0.0007,0.0037,0.9
3.403,0.0,0.006,0.0015,0.0037,0.9
3.404,0.0,0.0142,0.0,0.003,1.0
3.405,0.0015,0.0082,0.0007,0.003,1.0
3.406,0.0022,0.0037,0.0015,0.0045,1.1
3.407,0.0007,0.0,-0.0008,0.0045,1.1
3.408,0.0007,-0.0046,0.0,0.006,1.1
3.409,0.0015,-0.0053,0.0015,0.009,1.2
3.41,0.003,-0.0083,0.0007,0.009,1.2
3.411,0.003,-0.0038,-0.0008,0.0082,1.2
3.412,0.0022,0.0007,-0.0015,0.0052,1.3
3.413,0.0015,0.0067,-0.0008,0.0045,1.3
3.414,0.0007,0.021,0.0007,0.0105,1.3
3.415,0.0022,0.0307,0.0037,0.0127,1.3
3.416,0.0015,0.0165,0.0052,0.003,1.4
3.417,-0.0015,-0.0023,0.0052,-0.0015,1.4
3.418,-0.0015,-0.0046,0.0067,-0.006,1.5
3.419,0.0015,-0.0143,0.0075,-0.0128,1.5
3.42,-0.0008,-0.0218,0.0082,-0.015,1.5
3.421,-0.0008,-0.0263,0.0052,-0.0195,1.6
3.422,0.0007,-0.024,0.0045,-0.0203,1.6
3.423,0.0015,-0.0135,0.0037,-0.0218,1.7
3.424,0.003,-0.0165,0.003,-0.0308,1.7
3.425,0.0007,-0.0008,0.0037,-0.0346,1.8
3.426,0.0015,0.039,0.0007,-0.0068,1.8
3.427,0.0022,0.069,0.0007,0.027,1.8
3.428,0.0007,0.0637,0.0015,0.0427,1.9
3.429,0.0015,0.0555,0.0,0.054,1.9
3.43,-0.003,0.0555,-0.0008,0.051,2.0
3.431,-0.0143,0.0202,-0.0008,0.0502,2.1
3.432,-0.0353,-0.0105,0.0,0.0405,2.1
3.433,-0.0353,-0.0315,0.0007,0.0247,2.2
3.434,-0.0083,-0.0398,-0.0008,0.0157,2.2
3.435,0.0037,-0.033,-0.0008,-0.0105,2.2
3.436,0.0187,-0.0315,0.0007,-0.021,2.3
3.437,0.0375,-0.0308,-0.0015,-0.0135,2.3
3.438,0.0405,-0.03,-0.0015,-0.0091,2.4
3.439,0.0405,-0.0053,0.0007,-0.0083,2.4
3.44,0.033,0.003,0.0,-0.0083,2.5
3.441,0.0202,0.0022,-0.0008,-0.006,2.5
3.442,0.0082,0.0052,-0.0015,-0.0046,2.6
3.443,-0.0083,0.0,-0.0015,-0.0023,2.6
3.444,-0.0233,0.003,-0.0023,-0.0038,2.7
3.445,-0.0323,0.0007,-0.003,-0.006,2.7
3.446,-0.033,0.0015,-0.0015,-0.0068,2.8
3.447,-0.0256,-0.0008,-0.0015,-0.0083,2.9
3.448,-0.0195,-0.0023,-0.0008,-0.0083,2.9
3.449,-0.0128,-0.0038,-0.0008,-0.0083,3.0
3.45,-0.0068,-0.0053,0.0007,-0.0083,3.1
3.451,-0.0053,-0.0053,0.0,-0.0135,3.1
3.452,-0.0046,-0.0075,-0.0008,-0.0181,3.1
3.453,-0.0023,-0.0023,0.0007,-0.012,3.2
3.454,-0.0015,-0.0008,0.0015,-0.006,3.2
3.455,-0.0008,-0.0023,0.0037,-0.003,3.3
3.456,0.0007,-0.0046,0.0015,-0.003,3.4
3.457,0.0015,-0.0083,0.0022,0.0037,3.4
3.458,0.0007,-0.003,0.003,0.0142,3.5
3.459,-0.0008,0.0037,0.003,0.0322,3.6
3.46,0.0007,-0.0008,0.0052,0.0442,3.6
3.461,0.0007,-0.0143,0.0015,0.0307,3.7
3.462,-0.0015,-0.0338,0.0022,0.009,3.7
3.463,-0.0015,-0.045,0.003,0.0022,3.8
3.464,-0.0023,-0.03,0.0007,0.0082,3.9
3.465,-0.0046,-0.0158,0.003,0.0007,4.0
3.466,-0.003,-0.027,0.003,-0.006,4.0
3.467,-0.003,-0.0308,0.003,-0.0083,4.1
3.468,-0.0008,-0.0158,0.003,-0.0083,4.1
3.469,0.0,-0.003,0.003,0.0,4.2
3.47,0.0007,0.0067,0.0015,0.0157,4.3
3.471,0.0022,0.009,0.0022,0.0315,4.4
3.472,0.0015,-0.0128,0.0045,0.0217,4.5
3.473,0.0007,-0.0293,0.0037,-0.0128,4.5
3.474,-0.0008,-0.0225,0.0015,-0.0361,4.6
3.475,-0.0008,-0.0256,0.003,-0.0323,4.6
3.476,-0.0015,-0.027,0.0045,-0.0308,4.7
3.477,-0.0038,-0.024,0.0045,-0.0188,4.8
3.478,-0.0015,-0.0023,0.0037,0.0,4.9
3.479,0.0022,0.063,0.0052,0.015,4.9
3.48,0.006,0.1072,0.006,0.0187,5.0
3.481,0.0067,0.0532,0.0052,0.027,5.1
3.482,0.0037,-0.0218,0.0045,0.0322,5.2
3.483,0.003,-0.0308,0.0022,-0.0278,5.3
3.484,0.0015,-0.0473,-0.0015,-0.0975,5.3
3.485,0.0,-0.057,-0.0053,-0.1013,5.4
3.486,-0.0015,-0.0473,-0.0075,-0.0788,5.5
3.487,-0.0008,-0.015,-0.0053,-0.0608,5.6
3.488,0.0022,0.0802,-0.003,-0.024,5.7
3.489,0.006,0.1477,-0.0015,0.0052,5.8
3.49,0.0067,0.1425,-0.0008,0.0015,5.9
3.491,-0.0008,0.069,-0.0015,0.048,6.0
3.492,-0.0053,-0.0068,-0.0023,0.0877,6.1
3.493,-0.006,-0.039,-0.0015,0.0802,6.2
3.494,-0.006,-0.09,-0.0008,0.0885,6.3
3.495,-0.0053,-0.1103,0.0022,0.084,6.3
3.496,-0.0046,-0.0856,0.0015,0.072,6.4
3.497,-0.0015,-0.0315,0.0007,0.06,6.5
3.498,0.0,0.0345,-0.0008,0.1275,6.6
3.499,0.0,0.0007,-0.0008,0.1575,6.7
3.5,-0.0008,-0.066,-0.003,0.0195,6.8
3.501,-0.0053,-0.0098,-0.0038,-0.0765,6.9
3.502,-0.0046,0.1305,-0.003,-0.0181,7.0
3.503,0.0007,0.1807,-0.0023,0.027,7.1
3.504,-0.0008,0.1012,-0.003,0.03,7.2
3.505,-0.003,0.0307,-0.0046,0.0157,7.3
3.506,-0.0046,-0.0203,-0.003,-0.0315,7.5
3.507,-0.006,-0.0263,-0.0038,-0.0563,7.6
3.508,-0.0038,0.0022,-0.003,-0.0653,7.7
3.509,0.0007,-0.027,-0.0008,-0.0863,7.8
3.51,0.0015,-0.0698,-0.003,-0.1605,7.9
3.511,0.0022,-0.0668,-0.0015,-0.2041,8.0
3.512,0.0037,-0.033,-0.0008,-0.1673,8.1
3.513,0.0007,0.0052,-0.0008,-0.0465,8.2
3.514,-0.0023,0.0615,0.0,0.1155,8.3
3.515,0.0007,0.0555,0.0015,0.2302,8.5
3.516,0.0022,0.0045,0.0015,0.2482,8.5
3.517,-0.0008,0.0045,0.0,0.1372,8.7
3.518,-0.0053,0.0015,-0.0015,0.0427,8.8
3.519,-0.0068,-0.0473,0.0,0.0142,8.9
3.52,-0.0083,-0.0856,0.003,-0.039,9.0
3.521,-0.0075,-0.084,0.0015,-0.1215,9.1
3.522,-0.0046,-0.081,0.0015,-0.1845,9.3
3.523,-0.0053,-0.0578,0.0015,-0.1756,9.4
3.524,-0.0046,-0.0361,0.0007,-0.1298,9.5
3.525,-0.0023,-0.027,0.0022,-0.0878,9.7
3.526,-0.0015,0.018,0.0037,-0.0848,9.9
3.527,0.0015,0.0465,0.003,-0.0353,10.0
3.528,0.0045,0.0405,0.0037,0.0937,10.1
3.529,0.0052,0.0232,0.0037,0.0877,10.3
3.53,0.003,0.0037,0.0022,-0.0023,10.4
3.531,0.0,0.0292,0.0015,-0.0188,10.5
3.532,-0.0015,0.0577,0.0007,0.0547,10.7
3.533,-0.0015,0.0442,0.0007,0.189,10.8
3.534,-0.0015,0.0007,0.0007,0.2557,10.9
3.535,-0.0008,-0.0158,0.0007,0.1875,11.1
3.536,0.0037,0.0037,0.0045,0.0585,11.2
3.537,0.0127,0.024,0.0105,0.1365,11.4
3.538,0.018,0.0825,0.0135,0.2152,11.5
3.539,0.012,0.0592,0.0075,0.0502,11.7
3.54,0.0007,-0.03,0.0015,-0.0405,11.8
3.541,-0.0053,-0.0346,-0.0015,-0.0945,12.0
3.542,-0.0083,-0.024,-0.003,-0.1335,12.2
3.543,-0.0091,-0.0098,-0.0015,-0.168,12.4
3.544,-0.0105,-0.0195,-0.0023,-0.1943,12.6
3.545,-0.0105,-0.0308,-0.0008,-0.2011,12.8
3.546,-0.0046,-0.0053,0.0007,-0.2213,13.0
3.547,-0.0008,-0.0218,-0.0008,-0.1065,13.1
3.548,-0.0023,-0.033,-0.0015,0.0022,13.3
3.549,-0.0038,-0.0046,-0.0023,0.1395,13.5
3.55,0.0007,0.033,-0.0015,0.2895,13.7
3.551,0.003,0.024,-0.0015,0.3172,13.9
3.552,-0.0008,-0.0015,-0.0015,0.1957,14.1
3.553,-0.0015,-0.0053,-0.0023,0.0457,14.3
3.554,-0.0046,-0.0323,-0.0053,0.0045,14.5
3.555,-0.0068,-0.0428,-0.0053,-0.0653,14.7
3.556,-0.006,-0.0428,-0.0046,-0.0653,14.9
3.557,-0.0053,-0.0488,-0.0053,-0.0593,15.1
3.558,-0.003,-0.0346,-0.0046,-0.0945,15.3
3.559,0.0,0.0105,-0.0038,-0.1193,15.5
3.56,0.003,0.0217,-0.0015,-0.1628,15.7
3.561,0.0045,-0.0046,0.0007,-0.1088,15.8
3.562,0.0037,0.0112,0.0007,0.0255,16.1
3.563,0.0052,0.0232,0.0067,0.129,16.2
3.564,0.0052,0.0187,0.0097,0.0735,16.5
3.565,0.006,0.003,0.0127,0.0037,16.6
3.566,0.006,-0.0008,0.015,0.0345,16.8
3.567,0.0037,0.0217,0.0135,0.0555,17.0
3.568,0.0007,-0.0008,0.0135,0.0052,17.2
3.569,-0.0008,-0.0188,0.012,-0.0315,17.5
3.57,-0.003,-0.0188,0.0127,-0.021,17.6
3.571,-0.0023,-0.0233,0.0127,-0.0195,17.8
3.572,-0.0023,-0.0158,0.0112,0.0037,18.0
3.573,-0.0023,-0.021,0.0105,-0.0203,18.2
3.574,-0.0015,-0.0195,0.009,-0.0533,18.4
3.575,0.0007,-0.0195,0.0052,-0.0495,18.6
3.576,0.0007,-0.024,0.0037,-0.0503,18.8
3.577,-0.0015,-0.0218,0.0022,-0.03,19.0
3.578,-0.0008,-0.0158,-0.0008,-0.015,19.2
3.579,0.0015,0.0,0.0007,0.0127,19.4
3.58,0.0037,0.0157,0.0,0.0577,19.6
3.581,0.003,0.0105,-0.0015,0.057,19.8
3.582,0.0007,-0.0105,-0.0015,-0.0195,20.0
3.583,-0.0015,-0.012,-0.0015,-0.0593,20.2
3.584,-0.0008,-0.006,-0.003,-0.039,20.5
3.585,-0.0015,0.0097,-0.0046,-0.0413,20.7
3.586,-0.0015,0.0187,-0.003,-0.0218,20.9
3.587,0.0015,-0.003,-0.0038,0.0307,21.1
3.588,0.0022,-0.0233,-0.003,0.051,21.3
3.589,0.0022,-0.0181,-0.0015,0.0157,21.5
3.59,0.003,0.0195,-0.0015,-0.006,21.7
3.591,0.0015,0.0232,-0.0008,0.0015,21.9
3.592,-0.0008,0.0112,-0.0015,0.0465,22.1
3.593,-0.0015,0.0127,-0.0008,0.057,22.3
3.594,-0.003,-0.0083,-0.0015,0.0195,22.5
3.595,-0.0053,-0.0046,-0.0038,0.009,22.8
3.596,-0.0068,-0.0068,-0.0038,-0.0023,22.9
3.597,-0.0083,-0.0113,-0.0046,0.003,23.2
3.598,-0.0068,0.0007,-0.0015,0.0007,23.4
3.599,-0.003,-0.0023,-0.0015,-0.0015,23.6
3.6,-0.003,0.0037,-0.0015,-0.0053,23.8
3.601,-0.003,0.0052,-0.0008,-0.0046,24.0
3.602,-0.0046,0.0067,-0.003,-0.0008,24.3
3.603,-0.0023,0.0022,-0.0023,-0.0083,24.5
3.604,-0.0015,-0.0008,-0.0023,-0.0091,24.7
3.605,-0.0008,-0.003,-0.003,-0.0143,25.0
3.606,0.0,-0.0068,-0.0015,-0.0068,25.2
3.607,-0.0015,-0.0046,-0.0023,-0.0023,25.4
3.608,0.0007,-0.0068,-0.0038,-0.0015,25.6
3.609,0.0015,-0.006,-0.0046,-0.0008,25.9
3.61,0.0007,-0.006,-0.0046,0.0007,26.1
3.611,0.003,-0.0038,-0.0046,0.0,26.4
3.612,0.0022,-0.0046,-0.0038,-0.003,26.6
3.613,0.0007,0.0015,-0.0015,-0.0015,26.8
3.614,0.0015,0.0105,-0.0008,-0.003,27.0
3.615,0.0,0.0195,-0.0023,-0.0038,27.3
3.616,-0.0008,0.024,-0.0008,-0.0053,27.5
3.617,-0.0015,0.024,0.0015,-0.0038,27.8
3.618,0.0,0.0375,0.0022,-0.003,28.0
3.619,0.0022,0.048,0.0022,-0.003,28.2
3.62,0.003,0.0405,0.003,-0.0008,28.4
3.621,0.0045,0.0217,0.0045,-0.0023,28.7
3.622,0.0045,0.0045,0.0045,-0.0068,28.9
3.623,0.0007,-0.0053,0.0052,-0.0008,29.1
3.624,0.0015,-0.0015,0.0045,0.0142,29.4
3.625,0.0037,0.006,0.0052,0.0172,29.6
3.626,0.003,0.0067,0.0052,0.0157,29.8
3.627,0.0037,0.012,0.0037,0.012,30.1
3.628,0.0015,0.0097,0.003,0.009,30.3
3.629,0.0007,-0.0068,0.0007,0.0067,30.5
3.63,-0.0008,-0.0203,0.0015,0.003,30.8
3.631,-0.003,-0.0256,0.0015,0.0015,31.0
3.632,-0.006,-0.0203,0.0007,0.0015,31.2
3.633,-0.0098,-0.0195,0.0,0.003,31.5
3.634,-0.0105,-0.03,-0.0008,0.0045,31.7
3.635,-0.0091,-0.03,-0.0008,-0.003,31.9
3.636,-0.0053,-0.0173,-0.0008,-0.0188,32.1
3.637,-0.0046,-0.0046,-0.0008,-0.0248,32.4
3.638,-0.0068,0.0015,-0.0023,-0.0203,32.6
3.639,-0.0098,-0.0046,-0.0053,-0.0158,32.8
3.64,-0.0098,-0.0128,-0.0053,-0.0075,33.1
3.641,-0.0091,-0.0143,-0.0075,0.003,33.3
3.642,-0.0083,-0.0143,-0.0083,0.0135,33.5
3.643,-0.0068,-0.0181,-0.0053,0.0217,33.7
3.644,-0.003,-0.0248,-0.0023,0.0322,34.0
3.645,0.0,-0.0293,-0.0038,0.0345,34.2
3.646,-0.0015,-0.0368,-0.003,0.0277,34.4
3.647,-0.0015,-0.0405,0.0,0.0202,34.6
3.648,-0.0008,-0.0368,-0.0023,0.0082,34.9
3.649,0.0,-0.0346,-0.0015,-0.0015,35.1
3.65,0.0007,-0.033,0.003,-0.0068,35.4
3.651,0.0007,-0.03,0.003,-0.0053,35.6
3.652,0.0,-0.0218,0.003,-0.0053,35.8
3.653,0.0007,-0.0091,0.003,-0.006,36.0
3.654,0.0007,0.0022,0.0045,-0.0083,36.3
3.655,0.0,0.0082,0.006,-0.0091,36.5
3.656,-0.0008,0.0052,0.0067,-0.0083,36.7
3.657,-0.0008,0.0037,0.0067,-0.0083,36.9
3.658,-0.0008,0.0007,0.006,-0.0068,37.2
3.659,-0.0008,-0.0023,0.0052,-0.0068,37.4
3.66,-0.0023,-0.0015,0.0067,-0.0046,37.6
3.661,-0.0023,0.0,0.0082,-0.0015,37.8
3.662,-0.0008,0.0052,0.0097,0.0,38.0
3.663,-0.0008,0.0105,0.012,0.0022,38.2
3.664,0.0015,0.0127,0.0127,0.0045,38.5
3.665,0.003,0.0157,0.015,0.009,38.7
3.666,0.0045,0.012,0.0127,0.012,38.9
3.667,0.0052,0.0105,0.012,0.0105,39.1
3.668,0.0075,0.0127,0.0142,0.009,39.3
3.669,0.0075,0.0157,0.0157,0.0067,39.6
3.67,0.006,0.0255,0.0135,0.0052,39.8
3.671,0.0045,0.0337,0.0105,0.0075,40.0
3.672,0.0015,0.0315,0.009,0.009,40.2
3.673,0.0015,0.0262,0.0082,0.0097,40.4
3.674,0.0015,0.0232,0.0067,0.0105,40.6
3.675,-0.0008,0.0247,0.0045,0.0105,40.8
3.676,-0.0015,0.0277,0.0037,0.009,41.0
3.677,0.0007,0.0345,0.0037,0.0075,41.3
3.678,0.0022,0.0487,0.0052,0.0097,41.5
3.679,0.0045,0.063,0.0052,0.012,41.7
3.68,0.009,0.0562,0.0045,0.012,41.9
3.681,0.0067,0.0345,0.0045,0.009,42.1
3.682,0.0045,0.0075,0.003,0.009,42.3
3.683,0.0037,-0.0225,0.0007,0.0067,42.5
3.684,0.0015,-0.0368,-0.0015,0.0067,42.7
3.685,-0.0015,-0.0473,-0.003,0.0105,42.9
3.686,-0.0023,-0.06,-0.0015,0.0127,43.1
3.687,-0.0015,-0.0706,-0.0023,0.0112,43.4
3.688,-0.0015,-0.0765,-0.003,0.0067,43.6
3.689,-0.0023,-0.0765,-0.006,-0.0015,43.8
3.69,-0.0075,-0.0728,-0.0091,-0.0068,44.0
3.691,-0.0091,-0.0608,-0.0105,-0.0091,44.2
3.692,-0.0113,-0.045,-0.0143,-0.0128,44.4
3.693,-0.0143,-0.027,-0.0158,-0.0128,44.6
3.694,-0.0158,-0.0105,-0.0158,-0.0128,44.8
3.695,-0.0128,-0.0038,-0.0143,-0.012,45.0
3.696,-0.0091,0.0007,-0.0143,-0.0098,45.2
3.697,-0.0075,0.0037,-0.0128,-0.0105,45.4
3.698,-0.0046,0.009,-0.0113,-0.0098,45.7
3.699,-0.0015,0.0172,-0.0105,-0.0075,45.9
3.7,-0.0023,0.0217,-0.0053,-0.0053,46.1
3.701,-0.0015,0.0307,-0.0038,-0.0038,46.3
3.702,0.0015,0.0457,-0.0023,-0.0008,46.4
3.703,0.0022,0.0465,-0.0008,0.0007,46.6
3.704,0.0052,0.0352,-0.0008,0.0,46.7
3.705,0.0067,0.0232,-0.0008,0.0037,46.9
3.706,0.0052,0.0127,0.0,0.0045,47.1
3.707,0.0067,0.0075,0.0,0.003,47.2
3.708,0.0067,0.0067,-0.003,0.0015,47.4
3.709,0.0067,0.0112,-0.0023,0.0015,47.5
3.71,0.006,0.0075,-0.003,0.0022,47.7
3.711,0.006,0.0037,-0.0046,0.003,47.9
3.712,0.0052,0.0105,-0.003,0.0015,48.0
3.713,0.0015,0.0165,-0.0046,0.0015,48.2
3.714,-0.003,0.0105,-0.0023,0.0007,48.3
3.715,-0.0023,0.0037,-0.0046,-0.0015,48.5
3.716,-0.0046,0.003,-0.0046,-0.0008,48.7
3.717,-0.0038,-0.0015,-0.0023,0.0015,48.8
3.718,-0.0008,-0.0053,-0.0015,0.003,49.0
3.719,-0.0023,-0.0113,-0.0015,0.0015,49.1
3.72,-0.003,-0.0128,-0.0008,-0.0008,49.3
3.721,-0.0038,-0.0158,0.0007,-0.0015,49.5
3.722,-0.0046,-0.0195,0.0015,-0.003,49.5
3.723,-0.0023,-0.0195,0.0037,-0.003,49.7
3.724,-0.0046,-0.0195,0.0052,-0.0046,49.8
3.725,-0.0038,-0.0135,0.0075,-0.0053,49.9
3.726,-0.0015,-0.0105,0.009,-0.0046,50.0
3.727,-0.0023,-0.0143,0.0075,-0.003,50.1
3.728,-0.0015,-0.0158,0.0097,-0.0023,50.3
3.729,-0.0015,-0.0113,0.0105,0.0,50.4
3.73,0.0,-0.0068,0.0112,-0.0008,50.5
3.731,0.0007,-0.0038,0.0127,0.0007,50.6
3.732,0.0007,0.0015,0.012,0.0022,50.7
3.733,0.0022,0.0052,0.0127,0.003,50.8
3.734,0.0022,0.0097,0.0105,0.003,50.9
3.735,0.0007,0.012,0.0097,0.0045,51.1
3.736,0.0007,0.0067,0.0097,0.0045,51.2
3.737,0.0007,0.003,0.0075,0.003,51.3
3.738,0.0007,0.0,0.0067,0.0045,51.4
3.739,-0.0008,-0.0015,0.0052,0.0045,51.5
3.74,-0.0015,-0.0038,0.0037,0.0015,51.7
3.741,-0.0015,-0.003,0.0037,0.0015,51.7
3.742,-0.0015,0.0045,0.0052,0.0,51.7
3.743,-0.0015,0.0157,0.0052,0.0,51.8
3.744,0.0,0.03,0.0052,0.0007,51.9
3.745,0.0,0.039,0.0052,-0.0008,51.9
3.746,-0.0008,0.0367,0.003,-0.0015,52.0
3.747,0.0007,0.021,0.0007,0.0,52.0
3.748,-0.0008,0.0075,-0.0008,0.0007,52.1
3.749,0.0007,0.0015,-0.0015,0.0015,52.1
3.75,0.0007,-0.0091,0.0,0.0045,52.2
3.751,0.0,-0.0195,-0.0008,0.0082,52.2
3.752,0.0007,-0.0315,-0.0046,0.0105,52.3
3.753,0.0007,-0.0398,-0.0075,0.009,52.3
3.754,0.0,-0.0375,-0.0075,0.0052,52.4
3.755,-0.0015,-0.0353,-0.012,0.0037,52.4
3.756,-0.0046,-0.0353,-0.015,0.0007,52.5
3.757,-0.0068,-0.0338,-0.0181,-0.003,52.6
3.758,-0.006,-0.0293,-0.0225,-0.0046,52.6
3.759,-0.0046,-0.024,-0.0233,-0.0023,52.6
3.76,-0.0053,-0.0158,-0.024,-0.0023,52.7
3.761,-0.003,-0.0105,-0.0248,-0.0015,52.7
3.762,-0.0023,-0.0128,-0.0218,-0.0015,52.7
3.763,-0.0015,-0.0181,-0.024,-0.0008,52.7
3.764,0.0,-0.0188,-0.0256,0.0007,52.7
3.765,-0.0008,-0.0105,-0.0218,0.0007,52.7
3.766,0.0015,0.0045,-0.0203,0.0015,52.8
3.767,0.003,0.0127,-0.0165,0.0045,52.8
3.768,0.003,0.012,-0.015,0.006,52.8
3.769,0.0022,0.0105,-0.0143,0.0052,52.8
3.77,0.0015,0.0105,-0.0098,0.009,52.8
3.771,0.0007,0.009,-0.006,0.0105,52.8
3.772,0.0007,0.012,-0.003,0.0105,52.8
3.773,0.0037,0.0127,-0.0008,0.0097,52.8
3.774,0.0052,0.0097,0.0037,0.0112,52.8
3.775,0.0052,-0.0008,0.0067,0.0097,52.9
3.776,0.003,-0.0128,0.012,0.0045,52.9
3.777,0.0007,-0.0203,0.0157,0.0022,52.9
3.778,-0.003,-0.0278,0.0195,0.0015,52.9
3.779,-0.0068,-0.0346,0.0232,-0.0008,52.9
3.78,-0.0053,-0.0361,0.0262,-0.0068,52.9
3.781,-0.0068,-0.0346,0.0255,-0.0046,52.9
3.782,-0.006,-0.0278,0.0262,-0.003,52.9
3.783,-0.003,-0.0165,0.0277,-0.0046,52.9
3.784,-0.0015,-0.0075,0.0285,-0.0015,52.9
3.785,-0.0015,0.0,0.0292,-0.003,52.8
3.786,-0.0046,0.0082,0.0315,-0.0053,52.8
3.787,-0.0046,0.018,0.033,-0.0046,52.8
3.788,-0.0046,0.0285,0.0367,-0.003,52.8
3.789,-0.003,0.033,0.048,-0.0015,52.8
3.79,-0.0008,0.0315,0.0667,-0.0008,52.7
3.791,0.0007,0.0345,0.081,0.0007,52.7
3.792,0.0022,0.0345,0.0855,0.003,52.7
3.793,0.003,0.03,0.0885,0.0052,52.6
3.794,0.003,0.0232,0.0877,0.0052,52.6
3.795,0.003,0.018,0.081,0.0052,52.6
3.796,0.0015,0.0127,0.075,0.006,52.6
3.797,0.0007,0.006,0.066,0.0075,52.6
3.798,0.0007,0.0052,0.057,0.006,52.6
3.799,-0.0008,-0.0015,0.0472,0.006,52.6
3.8,-0.0015,-0.0083,0.0367,0.0052,52.5
3.801,-0.003,-0.0038,0.0277,0.0022,52.5
3.802,-0.003,-0.0038,0.018,0.0007,52.4
3.803,-0.0046,-0.0008,0.0097,0.0022,52.4
3.804,-0.0053,0.0022,0.003,0.0037,52.3
3.805,-0.0038,-0.0023,-0.0053,0.0015,52.2
3.806,-0.0068,0.0,-0.0105,0.0007,52.2
3.807,-0.0053,-0.0008,-0.0143,0.0015,52.2
3.808,-0.0038,-0.0008,-0.0195,0.0015,52.1
3.809,-0.003,0.0037,-0.0256,0.0007,52.1
3.81,-0.003,0.0037,-0.027,0.0015,52.0
3.811,-0.0015,0.003,-0.0308,0.003,51.9
3.812,-0.0008,-0.0008,-0.0353,0.0045,51.9
3.813,0.0007,-0.0015,-0.0368,0.0015,51.8
3.814,0.0015,-0.0046,-0.039,0.0007,51.8
3.815,0.003,-0.0068,-0.0443,-0.0008,51.7
3.816,0.0037,-0.0053,-0.0488,-0.0023,51.7
3.817,0.003,-0.0083,-0.0511,-0.0038,51.6
3.818,0.0007,-0.0091,-0.054,-0.003,51.6
3.819,0.0007,-0.0091,-0.0533,-0.003,51.5
3.82,0.0007,-0.0075,-0.0525,-0.003,51.4
3.821,0.0022,-0.0083,-0.0518,0.0007,51.4
3.822,0.0045,-0.0053,-0.0495,0.0015,51.3
3.823,0.0052,-0.0015,-0.0503,0.0037,51.2
3.824,0.0045,-0.0015,-0.0511,0.0045,51.1
3.825,0.0037,0.0,-0.0518,0.0022,51.0
3.826,0.0007,0.0,-0.0533,0.003,50.9
3.827,-0.0008,-0.0023,-0.054,0.0007,50.8
3.828,-0.0015,-0.0023,-0.0555,-0.0008,50.7
3.829,-0.0015,0.0,-0.057,-0.0015,50.6
3.83,-0.0015,-0.0015,-0.0578,0.0007,50.5
3.831,-0.003,-0.0023,-0.0585,-0.0015,50.4
3.832,-0.003,-0.0038,-0.0548,0.0007,50.3
3.833,-0.0015,-0.0023,-0.0495,0.0007,50.2
3.834,-0.003,0.0022,-0.042,0.0,50.1
3.835,-0.0038,0.0037,-0.027,0.003,50.0
3.836,-0.0008,0.0052,-0.0091,0.0022,49.9
3.837,0.0007,0.0097,0.0082,0.0007,49.8
3.838,0.0,0.0135,0.0165,0.0015,49.7
3.839,0.0015,0.009,0.0127,0.0022,49.6
3.84,0.0007,0.0022,0.0112,0.0045,49.5
3.841,-0.0015,-0.0046,0.009,0.0052,49.4
3.842,-0.0038,-0.0075,0.0082,0.0052,49.2
3.843,-0.003,-0.0075,0.0052,0.0052,49.1
3.844,-0.0046,-0.0113,0.0075,0.003,49.0
3.845,-0.0068,-0.015,0.0075,0.0022,48.8
3.846,-0.0053,-0.0135,0.0067,0.003,48.6
3.847,-0.0046,-0.012,0.009,0.003,48.5
3.848,-0.0038,-0.0091,0.0105,0.0007,48.4
3.849,-0.003,0.0007,0.0105,0.0,48.2
3.85,-0.003,0.0105,0.0105,-0.0015,48.1
3.851,-0.0053,0.0112,0.0127,-0.0008,48.0
3.852,-0.0046,0.0082,0.0142,0.0015,47.8
3.853,-0.0046,0.0037,0.018,0.0015,47.7
3.854,-0.0046,-0.0015,0.0225,0.003,47.6
3.855,-0.003,-0.0046,0.024,0.0045,47.4
3.856,-0.0038,-0.0083,0.0232,0.0045,47.2
3.857,-0.003,-0.0113,0.0217,0.0067,47.1
3.858,-0.0023,-0.015,0.0195,0.009,47.0
3.859,-0.0015,-0.015,0.0165,0.0067,46.8
3.86,0.0007,-0.0173,0.0157,0.003,46.7
3.861,0.0007,-0.0173,0.0142,0.0007,46.6
3.862,-0.0015,-0.0128,0.0135,-0.0008,46.4
3.863,-0.0023,-0.0075,0.0142,0.0,46.3
3.864,-0.0015,-0.006,0.0165,-0.0008,46.2
3.865,-0.0023,-0.0098,0.0172,0.0,46.0
3.866,-0.0046,-0.0091,0.0157,-0.0015,45.9
3.867,-0.0053,-0.0068,0.0157,-0.003,45.7
3.868,-0.0038,-0.0046,0.0172,0.0,45.6
3.869,-0.003,-0.003,0.0172,0.0045,45.4
3.87,-0.0015,-0.0008,0.0172,0.0045,45.3
3.871,0.0015,0.0015,0.0165,0.0037,45.2
3.872,0.0052,0.0037,0.015,0.0045,45.0
3.873,0.0067,0.0067,0.0112,0.003,44.9
3.874,0.0045,0.0097,0.0105,0.0,44.8
3.875,0.0015,0.0082,0.0105,0.0,44.6
3.876,0.0015,0.0045,0.0105,-0.0015,44.5
3.877,0.0022,0.0007,0.012,-0.0015,44.3
3.878,0.0037,-0.0091,0.0105,-0.0015,44.2
3.879,0.0037,-0.0225,0.0082,-0.003,44.1
3.88,0.003,-0.0315,0.0045,-0.003,43.9
3.881,0.0015,-0.0353,-0.0008,-0.0046,43.7
3.882,-0.0008,-0.0315,-0.0023,-0.0038,43.6
3.883,-0.0008,-0.0233,-0.003,-0.0015,43.4
3.884,0.0007,-0.0248,-0.0053,-0.0008,43.2
3.885,0.0007,-0.024,-0.0083,0.0007,43.1
3.886,0.0015,-0.0128,-0.0091,0.0037,42.9
3.887,0.0007,-0.006,-0.0091,0.0052,42.7
3.888,0.0,-0.0068,-0.006,0.0045,42.6
3.889,0.0015,-0.0068,-0.0053,0.0037,42.4
3.89,0.0,-0.0053,-0.0053,0.0052,42.2
3.891,-0.0008,-0.0023,-0.0053,0.0045,42.1
3.892,-0.0008,-0.003,-0.0068,0.0037,41.9
3.893,-0.0015,-0.0008,-0.0053,0.0052,41.7
3.894,-0.0015,0.0075,-0.0053,0.0052,41.6
3.895,-0.0015,0.0105,-0.0053,0.0045,41.4
3.896,-0.0023,0.0052,-0.0083,0.0037,41.2
3.897,-0.0038,0.0045,-0.0091,0.0045,41.0
3.898,-0.006,0.0105,-0.0083,0.0045,40.9
3.899,-0.0038,0.012,-0.0083,0.003,40.7
3.9,-0.0015,0.0082,-0.0068,0.0022,40.5
3.901,0.0,0.006,-0.0053,0.0007,40.3
3.902,0.0007,0.0045,-0.0038,0.0015,40.1
3.903,-0.0008,0.0007,-0.003,0.0022,39.9
3.904,-0.0015,-0.0008,-0.0038,0.003,39.7
3.905,-0.0015,-0.0008,-0.0015,0.0022,39.5
3.906,-0.0015,0.0007,-0.0023,0.0007,39.3
3.907,-0.0008,-0.0015,-0.0015,0.0015,39.1
3.908,0.0007,-0.0008,-0.0008,0.0015,38.9
3.909,0.0007,0.003,0.0007,0.0007,38.7
3.91,0.0007,0.0007,0.0015,0.0022,38.5
3.911,0.0007,0.0045,0.0007,0.003,38.3
3.912,0.0015,0.0052,0.0007,0.0022,38.1
3.913,0.0,0.0015,0.0007,0.0015,37.9
3.914,-0.003,0.0007,0.0,0.0015,37.7
3.915,-0.0015,-0.0015,0.0,0.0022,37.5
3.916,-0.003,-0.0015,-0.0008,0.003,37.3
3.917,-0.0023,0.0015,-0.0008,0.0045,37.1
3.918,-0.0015,0.0022,0.0007,0.003,36.9
3.919,-0.0015,0.0015,0.0022,0.0015,36.7
3.92,0.0007,0.0097,0.0007,-0.0008,36.4
3.921,-0.0008,0.018,0.0007,-0.0008,36.3
3.922,-0.003,0.0135,0.0015,0.0007,36.0
3.923,-0.003,0.0105,0.0007,0.0007,35.9
3.924,-0.0023,0.0082,0.0022,0.0007,35.7
3.925,-0.0023,0.0052,0.0007,0.0015,35.5
3.926,-0.003,0.0022,0.0,0.003,35.3
3.927,-0.003,0.0022,-0.0008,0.003,35.1
3.928,-0.0023,0.006,0.0007,0.0037,34.9
3.929,-0.0008,0.0045,0.0015,0.0037,34.7
3.93,-0.0008,0.0045,0.0022,0.003,34.5
3.931,-0.003,0.0045,0.0052,0.0022,34.3
3.932,-0.003,-0.0015,0.0045,0.0015,34.1
3.933,-0.0015,-0.0091,0.0045,0.0007,33.9
3.934,-0.0015,-0.0128,0.0052,-0.0008,33.7
3.935,-0.0015,-0.0135,0.0022,-0.0015,33.5
3.936,-0.003,-0.012,0.0007,-0.0015,33.3
3.937,-0.003,-0.012,0.0007,-0.0008,33.1
3.938,-0.0023,-0.0113,0.0007,-0.0008,32.9
3.939,-0.003,-0.0091,0.0007,0.0007,32.7
3.94,-0.0015,-0.0075,0.0015,0.0007,32.5
3.941,0.0,-0.0068,0.0022,-0.0008,32.3
3.942,0.0015,-0.0068,0.003,0.0007,32.1
3.943,0.0052,-0.0015,0.0045,0.0007,31.9
3.944,0.0052,0.0015,0.006,0.0007,31.7
3.945,0.0052,0.0045,0.0067,0.0015,31.5
3.946,0.003,0.0082,0.0052,0.0007,31.3
3.947,0.0037,0.0052,0.0037,0.0015,31.1
3.948,0.003,0.0052,0.0045,0.003,30.9
3.949,0.003,0.003,0.0022,0.003,30.7
3.95,0.003,0.003,0.0045,0.0015,30.5
3.951,0.0022,0.0067,0.0052,0.0007,30.3
3.952,0.003,0.009,0.0052,0.0,30.1
3.953,0.0007,0.0105,0.0045,0.0,29.9
3.954,0.0015,0.0082,0.0015,0.0015,29.7
3.955,0.0022,0.0075,0.0022,0.0022,29.5
3.956,0.0,0.006,0.0007,0.0015,29.2
3.957,-0.0015,0.0052,-0.0015,0.0015,29.1
3.958,-0.0015,0.0045,-0.0015,0.0015,28.8
3.959,-0.0015,0.0022,-0.0008,0.0015,28.7
3.96,-0.0023,-0.0015,-0.0015,0.0015,28.4
3.961,-0.003,-0.0083,-0.0023,0.0015,28.2
3.962,-0.003,-0.015,-0.0015,0.003,28.0
3.963,-0.0008,-0.0165,-0.0008,0.003,27.8
3.964,0.0007,-0.0143,-0.0008,0.0015,27.6
3.965,-0.0008,-0.0083,-0.0015,0.0007,27.4
3.966,-0.0008,-0.0068,-0.0015,0.003,27.1
3.967,-0.0015,-0.0046,-0.0008,0.0037,26.9
3.968,-0.0038,-0.0015,-0.0008,0.0022,26.7
3.969,-0.0015,-0.003,0.0015,0.003,26.5
3.97,-0.0015,-0.0046,0.003,0.003,26.2
3.971,-0.0023,-0.0083,0.0052,0.003,26.1
3.972,-0.0023,-0.0091,0.0045,0.0022,25.8
3.973,-0.0015,-0.006,0.0052,0.003,25.6
3.974,-0.003,-0.0015,0.0052,0.0045,25.4
3.975,-0.0046,0.0015,0.003,0.0022,25.2
3.976,-0.0046,0.0,0.003,0.0007,24.9
3.977,-0.0023,-0.0015,0.0015,-0.0008,24.7
3.978,-0.0023,-0.0053,0.0015,0.0007,24.5
3.979,-0.003,-0.006,0.0007,0.0015,24.3
3.98,-0.0046,-0.0046,0.0,-0.0008,24.0
3.981,-0.0038,-0.0015,0.003,0.0007,23.8
3.982,0.0007,0.0007,0.0015,0.0,23.6
3.983,0.0067,0.0,0.0007,0.0007,23.4
3.984,0.0082,-0.0015,0.0,0.0007,23.2
3.985,0.0052,-0.003,0.0007,0.0007,22.9
3.986,0.0015,-0.006,0.0015,0.0015,22.7
3.987,-0.0008,-0.0091,0.0007,0.003,22.5
3.988,-0.0008,-0.012,0.0007,0.0022,22.2
3.989,-0.0008,-0.0113,0.0,0.003,22.0
3.99,-0.0008,-0.0068,-0.0008,0.0015,21.8
3.991,-0.0008,-0.0068,0.0007,0.0,21.5
3.992,-0.0008,-0.0075,0.0022,0.0,21.3
3.993,0.0007,-0.0053,0.0015,-0.0008,21.1
3.994,-0.0023,-0.0046,0.0007,-0.0008,20.9
3.995,-0.003,-0.0053,0.0007,0.0015,20.6
3.996,-0.003,-0.0083,0.0,0.0022,20.4
3.997,-0.0015,-0.0091,-0.0008,0.0037,20.2
3.998,-0.0008,-0.0105,0.0007,0.003,19.9
3.999,-0.0008,-0.012,0.0,0.003,19.7
4.0,-0.0015,-0.0091,0.0015,0.003,19.4
4.001,-0.0023,-0.0113,0.0015,0.0015,19.3
4.002,-0.0015,-0.0128,-0.0023,0.0007,19.0
4.003,-0.0008,-0.0143,-0.0008,0.0007,18.8
4.004,-0.0046,-0.0203,0.0,0.0007,18.5
4.005,-0.0105,-0.0195,0.0007,0.0,18.3
4.006,-0.0105,-0.0173,0.003,0.0,18.0
4.007,-0.0075,-0.012,0.0015,0.0007,17.8
4.008,-0.0038,-0.0068,0.0015,0.0007,17.5
4.009,-0.0008,-0.0038,0.0007,0.0,17.3
4.01,0.0067,-0.0015,0.0015,0.0007,17.0
4.011,0.0105,-0.006,0.0022,0.0007,16.8
4.012,0.0105,-0.0113,0.0022,-0.0008,16.6
4.013,0.0105,-0.0105,0.003,0.0007,16.3
4.014,0.0082,-0.0075,0.0007,0.0022,16.1
4.015,0.0045,-0.0015,-0.0015,0.0037,15.8
4.016,0.0007,0.0052,-0.0015,0.0022,15.6
4.017,-0.003,0.0082,-0.0023,0.0015,15.3
4.018,-0.0083,0.009,-0.0038,0.0037,15.1
4.019,-0.0113,0.0067,-0.0068,0.0037,14.8
4.02,-0.0135,0.003,-0.0105,0.0022,14.6
4.021,-0.015,0.0,-0.0098,0.0007,14.4
4.022,-0.0113,0.0022,-0.0075,0.0015,14.2
4.023,-0.006,0.0075,-0.0046,0.0007,13.9
4.024,-0.0038,0.0105,-0.0008,0.0007,13.8
4.025,-0.0015,0.0067,0.0,-0.0008,13.5
4.026,-0.003,0.0022,-0.0038,-0.003,13.3
4.027,-0.0046,0.0007,-0.0075,-0.0015,13.1
4.028,-0.003,0.0037,-0.0053,-0.0023,12.9
4.029,-0.0008,0.0082,-0.003,-0.0023,12.6
4.03,0.0,0.009,-0.003,-0.0008,12.4
4.031,0.0007,0.0105,-0.0038,0.0015,12.2
4.032,0.0015,0.0075,-0.0023,0.0067,12.0
4.033,0.003,0.0037,-0.0015,0.0112,11.8
4.034,0.0022,0.0037,-0.0008,0.0135,11.6
4.035,0.0007,0.0015,0.0015,0.0112,11.3
4.036,0.0015,0.003,0.003,0.003,11.1
4.037,0.003,0.006,0.0045,-0.0008,10.9
4.038,0.0,0.006,0.0045,-0.0015,10.7
4.039,-0.0015,0.0045,0.0052,-0.003,10.5
4.04,0.0,0.003,0.0082,-0.003,10.2
4.041,0.0022,0.003,0.009,0.0007,10.1
4.042,0.0045,0.0,0.0105,0.0015,9.9
4.043,0.0045,-0.003,0.0097,0.0007,9.7
4.044,0.0045,-0.0038,0.0052,-0.0015,9.4
4.045,0.0045,-0.0023,0.006,-0.0015,9.3
4.046,0.0045,0.0007,0.0067,-0.0015,9.1
4.047,0.0045,-0.0015,0.0052,-0.003,8.9
4.048,0.003,-0.0038,0.003,-0.0023,8.7
4.049,0.0022,-0.003,0.0022,0.0015,8.5
4.05,0.0015,-0.003,0.0052,0.0015,8.3
4.051,-0.0008,-0.0053,0.006,-0.0008,8.1
4.052,-0.0015,-0.0046,0.0052,-0.0008,7.9
4.053,-0.0023,-0.0015,0.0045,-0.0008,7.7
4.054,-0.0023,-0.0023,0.0075,-0.0015,7.5
4.055,-0.0038,-0.003,0.0067,-0.003,7.3
4.056,-0.0068,-0.003,0.0045,-0.0053,7.1
4.057,-0.0075,0.003,0.0052,-0.0053,6.9
4.058,-0.0053,0.0202,0.003,-0.0068,6.7
4.059,-0.0046,0.0217,0.003,-0.006,6.5
4.06,-0.0015,-0.0015,0.003,-0.0015,6.3
4.061,0.0022,-0.0083,0.0022,-0.0008,6.1
4.062,0.003,-0.0091,0.0007,-0.0053,5.9
4.063,0.0037,-0.0181,-0.0008,-0.0105,5.8
4.064,0.003,-0.0203,-0.0015,-0.0105,5.6
4.065,0.003,-0.024,0.0,-0.0068,5.4
4.066,0.0045,-0.0256,-0.0008,-0.0046,5.3
4.067,0.0007,-0.0233,-0.0015,0.0007,5.1
4.068,-0.0068,-0.021,0.0,0.009,4.9
4.069,-0.012,-0.0091,0.0007,0.0225,4.7
4.07,-0.0105,0.009,0.0015,0.0367,4.5
4.071,-0.0053,0.0195,0.0045,0.0442,4.4
4.072,0.0,0.024,0.0052,0.0502,4.2
4.073,0.0067,0.039,0.009,0.0352,4.0
4.074,0.0105,0.042,0.0082,0.0037,3.9
4.075,0.0097,0.03,0.0052,-0.0091,3.7
4.076,0.006,0.021,0.0052,-0.0091,3.5
4.077,0.0045,0.0105,0.003,-0.0113,3.4
4.078,0.0037,-0.0023,0.0045,-0.0053,3.2
4.079,0.0052,-0.012,0.0045,-0.0008,3.0
4.08,0.0007,-0.0075,0.0045,0.0022,2.8
4.081,-0.0083,-0.003,0.0037,0.0007,2.7
4.082,-0.0135,-0.0053,0.0007,-0.0083,2.6
4.083,-0.0181,-0.0046,0.0007,-0.0068,2.5
4.084,-0.012,-0.0068,0.003,-0.0046,2.4
4.085,-0.0046,-0.0098,0.003,-0.0015,2.3
4.086,-0.0015,-0.0105,0.0015,0.0022,2.2
4.087,-0.0038,-0.0053,-0.003,0.003,2.1
4.088,-0.0113,-0.0053,-0.003,0.0015,2.0
4.089,-0.0083,-0.0091,-0.003,-0.0008,1.9
4.09,-0.003,-0.0053,-0.0046,0.0007,1.8
4.091,-0.0015,-0.0068,-0.0053,0.0,1.7
4.092,-0.0008,-0.0091,-0.0083,-0.0023,1.6
4.093,-0.0015,-0.012,-0.0091,-0.0053,1.5
4.094,-0.0038,-0.0181,-0.0113,-0.0113,1.4
4.095,-0.0053,-0.024,-0.012,-0.0143,1.3
4.096,-0.0053,-0.0203,-0.0083,-0.0083,1.2
4.097,-0.003,-0.003,-0.0068,-0.0008,1.1
4.098,-0.0008,0.0037,-0.0046,0.003,1.0
4.099,0.0045,-0.0091,-0.0023,0.0045,0.9
4.1,0.0045,-0.0203,-0.003,-0.0008,0.8
4.101,0.0037,-0.0173,-0.0023,-0.0008,0.8
4.102,0.006,-0.012,-0.0015,0.0067,0.7
4.103,0.0045,-0.0053,0.0007,0.0105,0.6
4.104,0.0045,-0.0053,0.0015,0.012,0.6
4.105,0.0037,-0.0105,0.0,0.0105,0.5
4.106,0.0015,-0.0128,0.0,0.0142,0.5
4.107,0.0045,-0.0128,0.0015,0.0142,0.4
4.108,0.0052,-0.012,0.003,0.0052,0.4
4.109,0.0067,-0.012,0.0067,-0.003,0.3
4.11,0.0045,-0.0098,0.0067,-0.0068,0.3
4.111,0.0022,-0.012,0.0022,-0.0046,0.2
4.112,0.0007,-0.0158,0.0037,0.0022,0.2
4.113,0.0,-0.0105,0.0045,0.0007,0.1
4.114,0.0007,0.0,0.0052,-0.0068,0.0
4.115,0.0,-0.0023,0.0075,0.0007,0.0
4.116,-0.0008,-0.003,0.0052,0.0075,0.0
4.117,-0.0038,0.0135,0.0052,0.0082,-0.1
4.118,-0.0046,0.027,0.0045,0.0105,-0.2
4.119,-0.0038,0.033,0.0045,-0.0015,-0.2
4.12,-0.0015,0.0105,0.0015,-0.0278,-0.3
4.121,-0.003,-0.0181,0.0,-0.0495,-0.3
4.122,-0.006,-0.0218,-0.0008,-0.054,-0.3
4.123,-0.0053,-0.027,-0.0008,-0.0533,-0.3
4.124,-0.003,-0.024,0.0022,-0.0525,-0.3
4.125,-0.003,-0.0195,0.0015,-0.0428,-0.3
4.126,-0.0023,-0.0181,0.0022,-0.0293,-0.3
4.127,0.0,-0.0128,0.0007,-0.0015,-0.3
4.128,-0.0008,-0.0008,0.0,0.0322,-0.3
4.129,-0.0008,0.024,-0.0015,0.0547,-0.3
4.13,-0.0008,0.0495,-0.0038,0.0607,-0.3
4.131,-0.003,0.069,0.0,0.0652,-0.3
4.132,0.0015,0.0712,0.0045,0.0892,-0.3
4.133,0.0067,0.0622,0.0097,0.114,-0.3
4.134,0.0105,0.0517,0.0097,0.1102,-0.3
4.135,0.0097,0.0367,0.006,0.0675,-0.3
4.136,0.009,0.0067,0.0052,0.0187,-0.3
4.137,0.009,-0.0143,0.0052,0.0112,-0.3
4.138,0.0067,-0.0038,0.0045,0.0187,-0.3
4.139,0.0045,0.0157,0.0067,0.0277,-0.3
4.14,0.0067,0.0105,0.009,0.0262,-0.4
4.141,0.0082,-0.0143,0.0067,0.006,-0.3
4.142,0.0007,-0.03,0.0007,-0.012,-0.3
4.143,-0.006,-0.039,-0.003,-0.0428,-0.3
4.144,-0.0068,-0.042,-0.003,-0.0721,-0.2
4.145,-0.0083,-0.0436,-0.0038,-0.0728,-0.2
4.146,-0.0075,-0.0428,-0.003,-0.0683,-0.1
4.147,-0.006,-0.0458,-0.003,-0.0578,-0.1
4.148,-0.0053,-0.0465,0.0015,-0.042,-0.1
4.149,-0.0046,-0.042,0.0052,-0.033,0.0
4.15,-0.0015,-0.0285,0.0045,-0.0128,0.0
4.151,0.0015,0.0015,0.0037,0.009,0.0
4.152,0.003,0.0427,-0.0008,0.039,0.0
4.153,0.003,0.0652,-0.0008,0.0727,0.1
4.154,0.003,0.0322,-0.003,0.0952,0.1
4.155,0.0007,0.0165,-0.0008,0.0982,0.1
4.156,-0.0015,0.012,0.0007,0.039,0.2
4.157,-0.0023,0.0007,-0.0015,-0.024,0.2
4.158,0.0007,-0.0068,0.0007,-0.0428,0.3
4.159,0.0007,-0.0315,-0.003,-0.0615,0.3
4.16,-0.003,-0.0338,-0.003,-0.0803,0.3
4.161,-0.0015,-0.033,-0.0008,-0.0863,0.4
4.162,0.0015,-0.0068,0.0037,-0.0803,0.4
4.163,0.0052,0.03,0.0082,-0.0735,0.4
4.164,0.0052,0.0352,0.003,-0.0353,0.5
4.165,0.0022,0.0487,0.0015,0.0322,0.5
4.166,0.0015,0.0502,-0.0015,0.078,0.6
4.167,0.0,0.0352,-0.0015,0.078,0.6
4.168,0.0,0.012,0.0,0.0652,0.7
4.169,0.0007,-0.0143,-0.0008,0.0697,0.7
4.17,-0.0015,-0.0233,-0.0046,0.0495,0.8
4.171,-0.006,-0.0203,-0.0113,0.0127,0.9
4.172,-0.0083,-0.0173,-0.0105,-0.0098,0.9
4.173,-0.0083,-0.0173,-0.0105,-0.0293,0.9
4.174,-0.0113,-0.012,-0.0091,-0.0353,1.0
4.175,-0.0098,-0.003,-0.0098,-0.0443,1.0
4.176,-0.0083,-0.0046,-0.012,-0.0525,1.1
4.177,-0.0091,-0.0091,-0.0098,-0.0563,1.1
4.178,-0.0068,-0.012,-0.006,-0.0503,1.2
4.179,-0.0023,-0.0158,-0.003,-0.033,1.2
4.18,0.0022,-0.0203,0.0007,-0.0623,1.3
4.181,0.003,-0.0203,0.0052,-0.075,1.3
4.182,0.003,-0.0165,0.006,-0.0548,1.3
4.183,-0.0015,-0.0218,0.0007,-0.0638,1.4
4.184,-0.006,-0.0263,-0.0023,-0.0585,1.4
4.185,-0.003,-0.0263,0.0015,-0.0346,1.5
4.186,0.0,-0.0256,0.003,0.0292,1.5
4.187,0.0015,-0.0315,-0.0008,0.1072,1.6
4.188,-0.0008,-0.039,-0.003,0.1575,1.6
4.189,-0.0053,-0.0263,-0.0083,0.2152,1.7
4.19,-0.0046,-0.0008,-0.0098,0.2025,1.7
4.191,-0.0046,0.0075,-0.0091,0.1252,1.7
4.192,-0.0046,0.009,-0.0105,0.0802,1.8
4.193,-0.0046,0.0067,-0.006,-0.0015,1.8
4.194,-0.0075,-0.0083,-0.012,-0.0803,1.8
4.195,-0.0105,-0.0053,-0.0165,-0.0885,1.9
4.196,-0.0038,0.0082,-0.0128,-0.0555,1.9
4.197,0.0052,0.0202,-0.0128,-0.0128,2.0
4.198,0.0082,0.0352,-0.0128,0.0015,2.0
4.199,0.0052,0.036,-0.0158,0.0135,2.1
4.2,0.0022,0.045,-0.0181,0.0187,2.1
4.201,0.0022,0.0547,-0.0158,0.033,2.1
4.202,0.0007,0.0555,-0.012,0.027,2.1
4.203,-0.0015,0.0285,-0.0008,-0.0195,2.1
4.204,-0.003,-0.0083,0.009,-0.0436,2.1
4.205,-0.0091,-0.024,0.0075,-0.0353,2.0
4.206,-0.0143,-0.0278,-0.0015,-0.006,2.0
4.207,-0.0128,-0.0091,-0.0091,0.033,2.0
4.208,-0.0098,0.0097,-0.0128,0.0532,2.0
4.209,-0.0053,0.0225,-0.0158,0.0517,1.9
4.21,-0.0008,0.0232,-0.0158,0.045,1.9
4.211,0.006,0.0045,-0.015,0.0195,1.9
4.212,0.0097,-0.0225,-0.0105,-0.03,1.8
4.213,0.0142,-0.027,0.0007,-0.0368,1.8
4.214,0.018,-0.024,0.012,-0.0353,1.8
4.215,0.0165,-0.0368,0.0217,-0.0428,1.8
4.216,0.0157,-0.048,0.0285,-0.0368,1.8
4.217,0.0105,-0.0555,0.0337,-0.0405,1.8
4.218,0.0007,-0.0413,0.033,-0.039,1.7
4.219,-0.0105,-0.0173,0.0345,-0.0315,1.7
4.22,-0.0135,-0.0158,0.0457,-0.0218,1.6
4.221,-0.0083,-0.0105,0.063,-0.0181,1.5
4.222,-0.0113,-0.003,0.0772,-0.0293,1.4
4.223,-0.012,-0.0046,0.09,-0.0503,1.3
4.224,-0.012,0.0022,0.099,-0.0555,1.2
4.225,-0.012,0.0015,0.1005,-0.048,1.0
4.226,-0.0105,-0.0053,0.0997,-0.0353,0.9
4.227,-0.0091,-0.0091,0.0952,-0.0256,0.8
4.228,-0.0046,-0.0083,0.09,-0.0225,0.6
4.229,-0.003,-0.0023,0.0847,-0.0173,0.5
4.23,-0.0008,0.0157,0.0787,-0.0068,0.4
4.231,0.003,0.027,0.069,0.0127,0.3
4.232,0.0007,0.0142,0.054,0.0427,0.1
4.233,-0.0015,0.0105,0.0442,0.0712,0.0
4.234,-0.0008,0.0142,0.0345,0.0922,-0.1
4.235,0.0045,-0.0015,0.021,0.0697,-0.3
4.236,0.0037,-0.0233,0.0067,0.0052,-0.4
4.237,-0.0023,-0.0091,-0.0105,-0.0143,-0.5
4.238,-0.0053,0.0277,-0.0225,0.0067,-0.6
4.239,-0.0046,0.042,-0.0308,0.0405,-0.8
4.24,-0.003,0.0247,-0.0375,0.0645,-0.9
4.241,-0.003,0.006,-0.0465,0.0367,-0.9
4.242,-0.006,-0.024,-0.054,0.0105,-1.0
4.243,-0.0046,-0.042,-0.0593,-0.0075,-1.0
4.244,0.0015,-0.024,-0.0615,-0.021,-1.1
4.245,0.0045,0.015,-0.0645,-0.0256,-1.1
4.246,0.0075,0.0525,-0.0668,-0.0353,-1.1
4.247,0.0105,0.0255,-0.0691,-0.0181,-1.2
4.248,0.009,-0.0008,-0.0728,-0.0075,-1.2
4.249,0.0075,-0.003,-0.075,-0.0083,-1.3
4.25,0.0007,-0.0143,-0.0773,-0.015,-1.3
4.251,-0.0008,-0.0068,-0.078,-0.0338,-1.4
4.252,-0.0008,-0.0068,-0.0773,-0.0436,-1.4
4.253,-0.0008,0.0037,-0.075,-0.0353,-1.4
4.254,0.0015,0.0105,-0.075,-0.0338,-1.5
4.255,-0.0008,-0.0083,-0.075,-0.033,-1.5
4.256,-0.0015,-0.0091,-0.0735,-0.0218,-1.5
4.257,-0.0015,-0.0105,-0.0713,-0.0128,-1.6
4.258,-0.0015,-0.0225,-0.0691,0.0097,-1.6
4.259,-0.0015,-0.0225,-0.0638,0.0427,-1.7
4.26,-0.0008,-0.0091,-0.057,0.0832,-1.8
4.261,0.0,0.003,-0.0488,0.132,-1.8
4.262,0.0007,0.0,-0.0428,0.1425,-1.8
4.263,0.003,-0.0015,-0.0383,0.0667,-1.8
4.264,0.0052,-0.0015,-0.0315,-0.0008,-1.9
4.265,0.006,-0.0008,-0.024,-0.0053,-1.9
4.266,0.0022,0.003,-0.0165,-0.0165,-2.0
4.267,0.0022,0.0045,-0.0113,-0.0195,-2.0
4.268,0.0007,0.0067,-0.006,-0.0128,-2.1
4.269,0.0007,0.0067,-0.0008,-0.0053,-2.1
4.27,0.0015,0.0067,0.0022,-0.0023,-2.2
4.271,-0.0008,0.006,0.009,-0.0075,-2.3
4.272,0.0007,0.0045,0.0142,-0.0046,-2.3
4.273,0.0007,0.003,0.0202,-0.0023,-2.3
4.274,0.0,0.0045,0.0247,-0.003,-2.4
4.275,-0.003,0.003,0.0247,-0.0068,-2.4
4.276,-0.0068,0.003,0.0277,-0.0068,-2.5
4.277,-0.0038,0.003,0.0285,-0.0075,-2.5
4.278,-0.003,-0.0053,0.0307,-0.0105,-2.6
4.279,-0.003,-0.0113,0.033,-0.012,-2.6
4.28,-0.003,-0.015,0.0337,-0.012,-2.7
4.281,-0.0008,-0.0158,0.0352,-0.0053,-2.7
4.282,0.0007,-0.0188,0.033,-0.0128,-2.7
4.283,0.0,-0.024,0.033,-0.0323,-2.7
4.284,0.0015,-0.0165,0.0322,-0.06,-2.7
4.285,0.0022,-0.0105,0.033,-0.1006,-2.8
4.286,0.0015,-0.0203,0.0307,-0.1178,-2.8
4.287,-0.0008,-0.0091,0.0285,-0.0825,-2.8
4.288,0.0007,0.027,0.0292,-0.0218,-2.8
4.289,0.0007,0.0427,0.027,0.0307,-2.8
4.29,-0.0008,0.0277,0.0255,0.0645,-2.9
4.291,-0.0008,0.024,0.024,0.093,-2.9
4.292,-0.0023,0.039,0.0195,0.1327,-2.9
4.293,-0.0008,0.0217,0.0187,0.183,-3.0
4.294,0.0,0.0172,0.0157,0.2047,-3.0
4.295,0.0015,0.0397,0.0172,0.1852,-3.0
4.296,0.0022,0.0285,0.015,0.1365,-3.0
4.297,0.0,-0.0098,0.015,0.0442,-3.0
4.298,-0.0008,-0.0383,0.0157,-0.039,-3.1
4.299,-0.003,-0.0368,0.0142,-0.054,-3.1
4.3,-0.0068,-0.0346,0.0142,-0.0533,-3.2
4.301,-0.0053,-0.033,0.015,-0.0525,-3.1
4.302,-0.003,-0.027,0.0195,-0.0383,-3.1
4.303,-0.003,-0.033,0.0202,-0.0458,-3.1
4.304,-0.0023,-0.039,0.0225,-0.048,-3.0
4.305,-0.0008,-0.0173,0.0255,-0.0315,-3.0
4.306,-0.0008,-0.003,0.0262,-0.0038,-3.0
4.307,0.0,-0.0091,0.0285,0.0142,-2.9
4.308,0.0,-0.0188,0.0292,-0.0218,-2.9
4.309,0.0015,-0.0203,0.0307,-0.078,-2.9
4.31,0.0037,0.024,0.0307,-0.1148,-2.8
4.311,0.0037,0.0502,0.0315,-0.0908,-2.8
4.312,0.006,0.012,0.0307,-0.0608,-2.8
4.313,0.0022,-0.012,0.0285,-0.0511,-2.8
4.314,-0.0008,-0.0181,0.0285,-0.0218,-2.7
4.315,-0.0008,-0.0135,0.0292,0.003,-2.7
4.316,-0.0008,0.009,0.0352,0.0225,-2.7
4.317,0.0007,0.0127,0.039,0.0367,-2.7
4.318,0.0007,0.0052,0.0382,0.0457,-2.6
4.319,0.0007,0.012,0.0322,0.0457,-2.6
4.32,-0.0015,0.0172,0.0202,0.0615,-2.6
4.321,-0.003,0.0187,0.009,0.063,-2.6
4.322,-0.003,0.012,0.0052,0.0517,-2.6
4.323,-0.0053,-0.0248,0.0,0.0412,-2.7
4.324,-0.0068,-0.0383,-0.003,-0.006,-2.7
4.325,-0.0083,-0.0361,-0.0053,-0.0203,-2.7
4.326,-0.006,-0.024,-0.0068,-0.024,-2.7
4.327,-0.0046,-0.003,-0.0083,-0.0338,-2.8
4.328,-0.0046,-0.0091,-0.012,-0.0256,-2.8
4.329,-0.0015,0.0105,-0.012,-0.0248,-2.9
4.33,-0.0008,0.027,-0.0143,-0.0143,-2.9
4.331,-0.0008,0.024,-0.0158,-0.0128,-2.9
4.332,0.0007,0.0015,-0.021,-0.0128,-3.0
4.333,0.0007,-0.0203,-0.0256,-0.0135,-3.0
4.334,0.0015,-0.0165,-0.027,-0.0128,-3.1
4.335,0.0037,-0.0181,-0.0278,-0.0105,-3.1
4.336,0.003,-0.0158,-0.027,-0.0091,-3.2
4.337,0.0045,-0.0143,-0.027,-0.006,-3.2
4.338,0.0045,-0.0098,-0.0263,-0.0046,-3.2
4.339,0.0052,-0.0053,-0.0256,-0.0038,-3.2
4.34,0.0037,-0.006,-0.024,-0.0038,-3.3
4.341,0.0015,-0.0068,-0.0195,0.0,-3.3
4.342,-0.0008,-0.0083,-0.0158,-0.0008,-3.4
4.343,-0.0046,-0.0046,-0.0128,0.0022,-3.4
4.344,-0.0038,-0.0053,-0.0083,0.0045,-3.5
4.345,-0.003,-0.003,-0.0046,0.0045,-3.5
4.346,-0.003,-0.0015,-0.003,0.0052,-3.5
4.347,-0.003,0.0007,-0.0015,0.0067,-3.6
4.348,-0.0015,0.012,-0.003,0.0082,-3.6
4.349,-0.0008,0.024,-0.0053,0.0082,-3.6
4.35,-0.0008,0.0217,-0.0091,0.0045,-3.7
4.351,-0.0015,-0.0008,-0.0128,0.0015,-3.7
4.352,-0.0046,-0.0008,-0.0158,-0.0015,-3.8
4.353,-0.0046,0.0037,-0.0203,-0.0091,-3.8
4.354,-0.0068,-0.0008,-0.0225,-0.006,-3.9
4.355,-0.0075,-0.0015,-0.024,0.0015,-3.9
4.356,-0.0046,-0.003,-0.0248,0.0052,-3.9
4.357,-0.0053,-0.0038,-0.0278,0.0142,-4.0
4.358,-0.0053,0.0015,-0.0293,0.027,-4.0
4.359,-0.0053,0.021,-0.0308,0.0397,-4.1
4.36,-0.0046,0.0232,-0.0285,0.039,-4.1
4.361,0.0007,0.0045,-0.0256,0.0232,-4.1
4.362,0.003,0.0067,-0.0233,0.003,-4.1
4.363,0.0022,0.0172,-0.0203,-0.0015,-4.1
4.364,0.0037,0.0037,-0.0165,-0.0008,-4.2
4.365,0.006,-0.0091,-0.0158,-0.0046,-4.2
4.366,0.0045,-0.0083,-0.0165,-0.0038,-4.2
4.367,0.003,-0.0105,-0.0128,-0.003,-4.2
4.368,0.0022,-0.0105,-0.0128,0.0165,-4.3
4.369,0.0,-0.0158,-0.0113,0.03,-4.3
4.37,-0.0015,-0.0195,-0.0068,0.0202,-4.3
4.371,-0.0023,-0.012,-0.0053,0.012,-4.3
4.372,-0.0015,-0.0053,-0.003,-0.0068,-4.3
4.373,-0.003,-0.0113,-0.003,-0.0368,-4.4
4.374,-0.0008,-0.0353,-0.0008,-0.0788,-4.4
4.375,0.0015,-0.0488,0.0022,-0.1125,-4.4
4.376,-0.0023,-0.0383,0.0045,-0.1088,-4.4
4.377,-0.0023,-0.0353,0.0067,-0.0908,-4.5
4.378,-0.0008,-0.0293,0.0105,-0.0585,-4.5
4.379,0.0,-0.0098,0.0112,-0.0203,-4.5
4.38,-0.0023,0.0052,0.012,0.012,-4.5
4.381,-0.0046,0.0217,0.0135,0.0607,-4.5
4.382,-0.0008,0.0757,0.0172,0.1275,-4.5
4.383,0.006,0.153,0.0232,0.2025,-4.5
4.384,0.009,0.1537,0.0232,0.225,-4.5
4.385,0.0082,0.0727,0.0195,0.1387,-4.5
4.386,0.0045,0.009,0.018,0.054,-4.5
4.387,0.0015,-0.0128,0.015,0.0187,-4.5
4.388,-0.0008,-0.0203,0.012,0.0007,-4.4
4.389,-0.0023,-0.0203,0.0105,0.003,-4.4
4.39,-0.0023,-0.012,0.0112,-0.0195,-4.4
4.391,-0.0008,-0.0113,0.0127,-0.039,-4.4
4.392,-0.003,-0.003,0.0105,-0.0346,-4.4
4.393,-0.0053,-0.006,0.012,-0.0593,-4.3
4.394,-0.0046,-0.0165,0.0127,-0.0593,-4.3
4.395,-0.0053,-0.0105,0.0127,-0.0353,-4.3
4.396,-0.0046,-0.0233,0.0127,0.0015,-4.3
4.397,-0.003,-0.0375,0.009,0.0495,-4.3
4.398,-0.0053,-0.048,0.0067,0.03,-4.3
4.399,-0.0098,-0.057,0.006,0.0,-4.2
4.4,-0.0091,-0.0495,0.0045,-0.0128,-4.2
4.401,-0.0053,-0.0443,0.003,-0.0143,-4.2
4.402,-0.0038,-0.0398,0.0015,-0.0165,-4.2
4.403,-0.003,-0.0428,0.0007,-0.0225,-4.2
4.404,-0.0046,-0.0353,0.003,-0.021,-4.2
4.405,-0.0015,-0.0278,0.0037,-0.0218,-4.2
4.406,0.003,-0.0308,0.0052,-0.0173,-4.2
4.407,0.003,-0.027,0.0037,-0.0195,-4.2
4.408,0.0022,-0.027,0.0007,-0.0195,-4.2
4.409,0.0015,-0.0315,0.0007,-0.0248,-4.2
4.41,0.0,-0.0405,-0.0008,-0.0233,-4.2
4.411,0.0007,-0.0443,-0.0008,-0.0143,-4.2
4.412,-0.0008,-0.0383,-0.0023,-0.0053,-4.2
4.413,-0.0008,-0.0413,-0.0046,0.0097,-4.2
4.414,-0.0008,-0.0398,-0.0053,0.012,-4.2
4.415,-0.0008,-0.0383,-0.0046,-0.003,-4.2
4.416,0.0007,-0.012,-0.0046,-0.0128,-4.2
4.417,-0.0015,0.054,-0.0068,-0.0046,-4.2
4.418,-0.0015,0.084,-0.0083,-0.0015,-4.2
4.419,-0.0008,0.054,-0.0083,-0.0075,-4.2
4.42,-0.0008,0.0172,-0.0068,-0.0165,-4.2
4.421,0.0007,0.021,-0.0046,-0.0256,-4.2
4.422,0.0,0.0592,-0.0008,-0.0315,-4.2
4.423,-0.0008,0.0742,0.0,-0.0293,-4.2
4.424,0.0,0.0592,0.0007,-0.0195,-4.2
4.425,0.0007,0.0352,0.0037,-0.033,-4.2
4.426,0.0015,0.0075,0.0045,-0.0361,-4.2
4.427,0.0022,0.0045,0.0022,0.0097,-4.3
4.428,0.0015,0.0232,0.0007,0.0405,-4.3
4.429,0.0,0.0217,0.0007,0.0427,-4.3
4.43,-0.0015,-0.0015,0.003,0.033,-4.3
4.431,0.0,-0.0128,0.0052,0.0202,-4.3
4.432,0.0037,-0.0113,0.0052,0.024,-4.4
4.433,0.0052,-0.0098,0.0045,0.0285,-4.4
4.434,0.003,0.0105,0.0045,0.042,-4.4
4.435,0.0052,0.0285,0.006,0.0607,-4.4
4.436,0.0052,0.012,0.0075,0.0427,-4.4
4.437,0.0015,0.0015,0.0052,0.0202,-4.5
4.438,0.0007,0.0052,0.003,0.0022,-4.5
4.439,-0.0015,0.0127,0.0037,-0.0195,-4.5
4.44,-0.0008,0.006,0.0015,-0.0128,-4.5
4.441,-0.0015,-0.0053,0.0007,-0.015,-4.5
4.442,-0.0008,-0.0008,0.0022,-0.0158,-4.5
4.443,0.0015,-0.0053,0.0007,-0.0181,-4.5
4.444,0.0007,-0.0068,-0.0023,-0.0173,-4.5
4.445,-0.0008,-0.0068,-0.0008,-0.012,-4.5
4.446,-0.0015,-0.0083,0.0007,-0.0105,-4.5
4.447,-0.0023,-0.006,0.003,-0.0068,-4.5
4.448,-0.003,-0.0091,0.003,-0.0083,-4.6
4.449,-0.0046,-0.0068,0.0015,-0.0046,-4.6
4.45,-0.0038,-0.0046,0.0022,-0.0053,-4.6
4.451,-0.0053,-0.0046,0.0015,-0.0015,-4.6
4.452,-0.0068,-0.006,0.003,0.0,-4.6
4.453,-0.006,-0.0075,0.0037,-0.003,-4.6
4.454,-0.0038,-0.0091,0.0,-0.0128,-4.6
4.455,-0.0038,-0.0158,-0.0008,-0.0263,-4.6
4.456,-0.0068,-0.0218,0.0007,-0.0278,-4.6
4.457,-0.0053,-0.0315,0.0015,-0.0315,-4.6
4.458,-0.0068,-0.0383,0.0015,-0.033,-4.7
4.459,-0.0053,-0.0428,0.0015,-0.0495,-4.7
4.46,-0.0046,-0.0413,-0.0008,-0.0608,-4.7
4.461,-0.003,-0.0165,-0.0008,-0.0495,-4.7
4.462,0.0007,0.0052,-0.0015,-0.0368,-4.7
4.463,0.0015,0.024,0.0015,-0.0075,-4.7
4.464,0.0015,0.0465,0.0022,0.039,-4.7
4.465,0.0015,0.0787,0.0007,0.093,-4.7
4.466,0.0007,0.0892,0.0045,0.1402,-4.7
4.467,0.0015,0.0307,0.003,0.1822,-4.7
4.468,-0.0008,0.006,0.003,0.1965,-4.7
4.469,-0.0015,0.0075,0.0022,0.141,-4.7
4.47,-0.003,-0.0015,0.003,0.1027,-4.7
4.471,-0.003,-0.0008,0.003,0.1252,-4.7
4.472,-0.0008,-0.012,0.003,0.1192,-4.7
4.473,-0.0015,-0.003,0.0067,0.0405,-4.7
4.474,0.0022,0.0082,0.0097,-0.0375,-4.7
4.475,0.0067,0.0015,0.0127,-0.054,-4.8
4.476,0.0082,-0.039,0.0135,-0.048,-4.8
4.477,0.0052,-0.0383,0.0142,-0.033,-4.8
4.478,0.0,-0.0248,0.0105,-0.024,-4.8
4.479,-0.0046,-0.0263,0.0067,-0.0203,-4.8
4.48,-0.003,0.0075,0.006,-0.0113,-4.8
4.481,0.0007,0.0127,0.0067,-0.0225,-4.8
4.482,-0.0015,-0.0015,0.0082,-0.0293,-4.8
4.483,-0.0015,-0.006,0.0067,-0.0263,-4.8
4.484,0.0007,-0.0053,0.0052,-0.0203,-4.8
4.485,-0.0008,-0.0195,0.0052,-0.0091,-4.7
4.486,0.0007,-0.0173,0.0052,-0.0091,-4.7
4.487,0.0007,-0.0195,0.0037,-0.0203,-4.7
4.488,0.0007,-0.0218,0.0007,-0.0256,-4.7
4.489,-0.0008,-0.015,0.0015,-0.0278,-4.7
4.49,-0.0015,-0.0188,0.0007,-0.0293,-4.7
4.491,-0.0008,-0.012,0.003,-0.0293,-4.7
4.492,-0.0008,-0.012,0.003,-0.03,-4.6
4.493,0.0022,-0.0128,0.0007,-0.0278,-4.6
4.494,0.0015,-0.0195,0.0015,-0.0263,-4.6
4.495,-0.0008,-0.0173,0.0007,-0.0225,-4.6
4.496,0.0015,-0.0128,0.0007,-0.0195,-4.6
4.497,0.0007,-0.0143,-0.0015,-0.0181,-4.6
4.498,0.0007,-0.0091,-0.003,-0.0158,-4.6
4.499,0.0007,-0.003,-0.003,-0.0143,-4.5
4.5,0.0007,0.0097,-0.0023,-0.0105,-4.5
4.501,0.0015,0.0292,-0.0015,-0.0053,-4.5
4.502,0.0015,0.0465,-0.0015,0.0007,-4.5
4.503,0.0,0.027,-0.0023,-0.0015,-4.5
4.504,-0.0008,-0.0046,-0.0053,-0.0091,-4.5
4.505,-0.0015,0.0015,-0.006,-0.0075,-4.5
4.506,-0.0015,-0.0038,-0.0068,-0.003,-4.5
4.507,-0.0015,-0.0113,-0.0068,0.009,-4.5
4.508,-0.0015,-0.0091,-0.0075,0.021,-4.5
4.509,-0.0008,-0.0165,-0.0075,0.0157,-4.5
4.51,0.0,-0.0181,-0.0068,0.0052,-4.5
4.511,-0.0008,-0.0165,-0.006,-0.0091,-4.5
4.512,0.0007,-0.003,-0.0075,-0.0203,-4.5
4.513,0.0015,0.009,-0.0053,-0.0225,-4.5
4.514,0.003,0.0165,-0.003,-0.0383,-4.5
4.515,0.0045,0.0082,-0.003,-0.0548,-4.5
4.516,0.0022,-0.0195,-0.0015,-0.0555,-4.5
4.517,0.0015,-0.0181,-0.0023,-0.0668,-4.5
4.518,0.003,-0.0008,-0.0015,-0.0893,-4.5
4.519,0.0007,0.033,0.0007,-0.0608,-4.5
4.52,-0.0023,0.0307,0.0015,-0.027,-4.5
4.521,-0.0023,-0.012,0.0052,-0.0113,-4.5
4.522,-0.003,-0.0165,0.0045,0.024,-4.5
4.523,-0.0038,-0.0105,0.0045,0.0555,-4.5
4.524,-0.003,0.0067,0.0052,0.093,-4.5
4.525,-0.0046,0.0127,0.0037,0.1342,-4.5
4.526,-0.0015,-0.0068,0.003,0.1642,-4.4
4.527,-0.0015,-0.0158,0.0037,0.1342,-4.4
4.528,-0.003,-0.021,0.0045,0.072,-4.4
4.529,-0.0023,-0.0225,0.0052,0.0217,-4.4
4.53,-0.0015,-0.0195,0.0067,-0.012,-4.4
4.531,-0.003,-0.0203,0.0082,-0.0143,-4.4
4.532,-0.0053,-0.012,0.009,-0.0165,-4.4
4.533,-0.0046,-0.0075,0.009,-0.0135,-4.4
4.534,-0.0038,-0.006,0.009,-0.015,-4.4
4.535,-0.006,-0.003,0.0097,-0.0128,-4.3
4.536,-0.0038,-0.0015,0.009,-0.0105,-4.3
4.537,-0.0038,0.0015,0.0067,-0.012,-4.3
4.538,-0.003,0.0007,0.0082,-0.0091,-4.3
4.539,-0.003,0.0045,0.009,-0.012,-4.3
4.54,-0.0023,0.0097,0.0067,-0.0098,-4.3
4.541,-0.0015,0.0127,0.006,-0.0098,-4.3
4.542,-0.0023,0.0157,0.003,-0.0083,-4.3
4.543,-0.0015,0.015,0.003,-0.0068,-4.3
4.544,-0.0015,0.0142,0.003,-0.0053,-4.3
4.545,-0.0008,0.0105,0.003,-0.0053,-4.3
4.546,0.0,0.0097,0.0045,-0.0053,-4.3
4.547,-0.0008,0.009,0.0045,-0.0053,-4.3
4.548,0.0007,0.0082,0.0037,-0.0053,-4.3
4.549,-0.0015,0.0097,0.0022,-0.0046,-4.3
4.55,-0.0023,0.0112,0.0022,-0.003,-4.3
4.551,-0.0015,0.0097,0.003,-0.0008,-4.3
4.552,-0.0008,0.0082,0.003,0.0007,-4.3
4.553,-0.0008,0.009,0.003,0.0015,-4.3
4.554,-0.0015,0.0082,-0.0008,0.0015,-4.3
4.555,-0.0015,0.0082,-0.0023,0.0022,-4.3
4.556,0.0,0.006,-0.003,0.003,-4.3
4.557,0.0,0.0045,-0.0046,0.0052,-4.3
4.558,0.0007,0.0015,-0.0023,0.0067,-4.3
4.559,0.0007,0.0,-0.0023,0.0052,-4.3
4.56,0.0015,-0.0015,-0.0015,0.0052,-4.3
4.561,0.0007,-0.0083,-0.003,0.0045,-4.3
4.562,0.0007,-0.0105,-0.0046,0.0067,-4.3
4.563,0.0015,-0.0105,-0.006,0.0067,-4.3
4.564,0.0007,-0.0105,-0.0068,0.0075,-4.3
4.565,-0.0008,-0.012,-0.0046,0.0082,-4.3
4.566,-0.0008,-0.012,-0.003,0.006,-4.3
4.567,-0.0008,-0.0091,-0.0046,0.0052,-4.3
4.568,-0.0015,-0.0008,-0.0023,0.0105,-4.3
4.569,-0.003,0.0165,0.0007,0.0157,-4.3
4.57,-0.0008,0.0247,-0.0008,0.0142,-4.3
4.571,-0.0008,0.0082,0.0,0.0105,-4.3
4.572,0.0,-0.003,0.0007,0.0067,-4.3
4.573,-0.0008,-0.0068,0.0007,0.0052,-4.3
4.574,-0.0015,-0.0105,0.003,0.0052,-4.3
4.575,0.0015,-0.0113,0.0045,0.003,-4.3
4.576,0.0015,-0.0128,0.0052,0.0,-4.3
4.577,0.0007,-0.012,0.0052,-0.003,-4.3
4.578,0.0022,-0.0128,0.0045,-0.0008,-4.3
4.579,0.003,-0.0091,0.0045,0.0007,-4.3
4.58,0.0022,-0.0105,0.0052,-0.0008,-4.3
4.581,0.0007,-0.0143,0.0015,-0.0008,-4.3
4.582,-0.003,-0.015,0.0007,-0.0015,-4.3
4.583,-0.0015,-0.0105,0.0007,-0.0015,-4.3
4.584,-0.0008,0.0052,-0.0015,-0.0038,-4.3
4.585,-0.003,0.0202,-0.0008,-0.003,-4.3
4.586,-0.0015,0.0135,-0.0038,-0.003,-4.3
4.587,-0.0008,-0.003,-0.0038,-0.0075,-4.3
4.588,-0.0008,-0.0015,-0.0015,-0.0105,-4.3
4.589,-0.0015,-0.006,-0.003,-0.012,-4.3
4.59,-0.0008,-0.0158,-0.0038,-0.0075,-4.2
4.591,0.0007,-0.0181,-0.0015,-0.0128,-4.2
4.592,0.0007,-0.0181,-0.0015,-0.0181,-4.2
4.593,0.0007,-0.006,-0.0008,-0.0165,-4.2
4.594,-0.0015,-0.0068,0.0007,-0.0105,-4.2
4.595,-0.0046,-0.0075,0.0007,0.0,-4.2
4.596,-0.006,-0.0068,0.0015,0.0105,-4.2
4.597,-0.0038,-0.012,-0.0008,0.0202,-4.2
4.598,-0.0008,-0.0015,-0.0008,0.021,-4.2
4.599,0.0015,-0.0015,-0.0008,0.0097,-4.2
4.6,0.0015,-0.0083,-0.0015,0.0007,-4.2
4.601,0.0007,-0.0046,-0.0008,0.0,-4.2
4.602,0.003,-0.0015,-0.0015,-0.0015,-4.2
4.603,0.0015,0.0037,-0.003,-0.0008,-4.2
4.604,-0.0008,0.0045,-0.003,0.0015,-4.2
4.605,0.0007,0.0067,-0.0038,0.0,-4.2
4.606,0.0007,0.0067,-0.0046,0.0015,-4.2
4.607,0.0015,0.0037,-0.0068,0.0007,-4.2
4.608,-0.0008,0.003,-0.0053,0.0015,-4.2
4.609,-0.0008,0.0015,-0.0053,0.003,-4.2
4.61,-0.0008,0.0007,-0.0053,0.003,-4.1
4.611,0.0,-0.003,-0.0038,0.0037,-4.1
4.612,-0.0008,-0.0053,-0.0053,0.003,-4.1
4.613,-0.0023,-0.0053,-0.0053,0.0015,-4.1
4.614,-0.0038,-0.006,-0.0046,0.0015,-4.1
4.615,-0.0038,-0.0046,-0.0053,0.0037,-4.1
4.616,-0.0023,-0.0091,-0.006,0.003,-4.1
4.617,-0.0008,-0.0195,-0.0083,0.0007,-4.1
4.618,-0.0008,-0.0248,-0.0053,0.0022,-4.1
4.619,-0.0015,-0.0225,-0.0015,0.0022,-4.1
4.62,-0.003,-0.0218,0.0007,0.0007,-4.1
4.621,-0.003,-0.0218,0.0015,0.0007,-4.1
4.622,-0.0015,-0.0203,0.0015,0.0015,-4.1
4.623,-0.0023,-0.0181,0.003,0.003,-4.1
4.624,-0.0015,-0.0158,0.003,0.003,-4.1
4.625,-0.003,-0.012,0.0037,0.003,-4.1
4.626,-0.0038,-0.0083,0.0052,0.003,-4.0
4.627,-0.003,-0.0053,0.0075,0.0037,-4.0
4.628,-0.0015,-0.0068,0.0082,0.0022,-4.0
4.629,-0.0023,-0.0083,0.0082,0.0007,-4.0
4.63,-0.003,-0.0143,0.0082,-0.0046,-4.0
4.631,-0.0008,-0.0225,0.0082,-0.003,-4.0
4.632,-0.0008,-0.0278,0.0067,0.0037,-4.0
4.633,0.0007,-0.0181,0.0052,0.0045,-4.0
4.634,0.0,0.003,0.0045,0.0015,-4.0
4.635,-0.0015,0.0142,0.003,-0.0008,-3.9
4.636,-0.0023,0.0105,0.003,-0.0083,-3.9
4.637,-0.003,0.003,0.0015,-0.0195,-3.9
4.638,-0.0023,0.0075,0.0007,-0.0256,-3.9
4.639,-0.0008,0.0352,0.0015,-0.0181,-3.9
4.64,0.0,0.0517,0.003,-0.003,-3.9
4.641,-0.0008,0.0262,0.003,0.003,-3.9
4.642,0.0,0.0082,0.0015,0.003,-3.8
4.643,-0.0008,0.0037,0.0007,0.0022,-3.8
4.644,-0.0015,-0.0068,0.0015,0.0007,-3.8
4.645,-0.0015,-0.0083,0.0015,-0.0015,-3.8
4.646,-0.003,-0.012,0.0,-0.0038,-3.8
4.647,-0.0023,-0.0098,-0.0015,-0.0023,-3.8
4.648,-0.0015,-0.0098,-0.003,-0.0046,-3.7
4.649,-0.0008,-0.0143,-0.0023,-0.0098,-3.7
4.65,-0.0015,-0.0098,-0.0008,-0.012,-3.7
4.651,-0.0015,0.0007,-0.0008,-0.0098,-3.7
4.652,0.0,0.0547,0.0,-0.0015,-3.7
4.653,0.0,0.0982,0.0015,0.0052,-3.6
4.654,-0.0008,0.063,0.0015,0.0097,-3.6
4.655,0.0007,0.021,0.0007,0.012,-3.6
4.656,0.0022,0.0097,0.0007,0.0142,-3.6
4.657,0.0007,0.0007,0.0007,0.0105,-3.6
4.658,0.0015,-0.0008,0.0,-0.0008,-3.6
4.659,0.0015,-0.0008,0.0007,-0.0068,-3.6
4.66,0.0,-0.0015,-0.0008,-0.006,-3.6
4.661,0.0015,0.0022,-0.0015,-0.0068,-3.5
4.662,0.0007,0.0,-0.0008,-0.0046,-3.5
4.663,0.0007,-0.0038,-0.0015,-0.0046,-3.5
4.664,0.0015,-0.006,-0.0015,-0.0038,-3.5
4.665,0.0007,-0.0053,-0.003,-0.0053,-3.4
4.666,0.0,-0.003,-0.003,-0.0053,-3.4
4.667,0.0,-0.003,-0.0008,-0.0053,-3.4
4.668,0.0,-0.003,0.0007,-0.0038,-3.4
4.669,-0.0008,-0.003,0.0015,-0.0008,-3.3
4.67,-0.0008,-0.0023,0.0045,-0.0015,-3.3
4.671,0.0015,-0.0008,0.0052,-0.0015,-3.3
4.672,0.0015,0.0,0.0052,-0.0008,-3.2
4.673,0.0015,0.0007,0.0052,-0.0015,-3.2
4.674,0.003,-0.0008,0.0052,-0.0023,-3.2
4.675,0.0015,-0.0008,0.006,-0.0023,-3.2
4.676,-0.0008,-0.0008,0.0022,-0.0015,-3.2
4.677,-0.0015,-0.0008,0.0007,0.0007,-3.2
4.678,-0.0008,-0.003,0.003,0.0015,-3.1
4.679,-0.0015,-0.006,0.0015,0.0015,-3.1
4.68,-0.0008,-0.0053,-0.0008,0.003,-3.1
4.681,0.0,-0.0053,0.0,0.0067,-3.1
4.682,-0.0015,-0.0046,0.0022,0.0075,-3.0
4.683,-0.0008,-0.0008,0.0015,0.006,-3.0
4.684,-0.0023,-0.0008,0.0015,0.0082,-3.0
4.685,-0.0046,-0.0008,0.003,0.009,-3.0
4.686,-0.0038,-0.0008,0.0015,0.009,-3.0
4.687,-0.0046,-0.0008,0.0022,0.0097,-2.9
4.688,-0.003,-0.0015,0.003,0.0097,-2.9
4.689,-0.003,-0.0053,0.003,0.0082,-2.9
4.69,-0.0015,-0.0091,0.006,0.0067,-2.9
4.691,-0.0015,-0.0075,0.006,0.006,-2.9
4.692,-0.0008,-0.0083,0.0052,0.006,-2.8
4.693,0.0015,-0.015,0.0052,0.0052,-2.8
4.694,-0.0008,-0.0165,0.003,0.006,-2.8
4.695,0.0,-0.0135,0.003,0.006,-2.8
4.696,0.0,-0.0091,0.0015,0.003,-2.8
4.697,0.0,-0.0091,0.0015,0.0007,-2.7
4.698,0.0015,-0.0091,0.0007,0.0,-2.7
4.699,0.0007,-0.0091,0.0,0.0,-2.7
4.7,0.0007,-0.0091,0.0,0.0007,-2.7
4.701,-0.0008,-0.0083,-0.0015,0.0,-2.7
4.702,-0.0008,-0.0053,-0.0008,0.0007,-2.7
4.703,0.0,-0.003,-0.0008,0.0022,-2.6
4.704,-0.0015,-0.0038,-0.0015,0.0045,-2.6
4.705,-0.0008,-0.003,-0.0023,0.006,-2.6
4.706,0.0007,-0.0023,-0.0015,0.0067,-2.6
4.707,0.0007,-0.0023,0.0,0.0075,-2.5
4.708,-0.0008,-0.0053,0.0007,0.0052,-2.5
4.709,-0.0008,-0.0091,0.0007,0.003,-2.5
4.71,-0.0008,-0.0105,-0.0008,0.003,-2.4
4.711,-0.0008,-0.0105,-0.0008,0.0022,-2.4
4.712,-0.0015,-0.0046,0.0007,0.003,-2.4
4.713,-0.003,0.0052,0.0015,0.0045,-2.4
4.714,-0.0015,0.0052,0.0015,0.0052,-2.3
4.715,-0.0023,0.0052,0.0022,0.009,-2.3
4.716,-0.003,0.0225,0.0007,0.0105,-2.3
4.717,-0.0015,0.0345,0.0007,0.0112,-2.3
4.718,-0.0008,0.0172,0.0007,0.0105,-2.3
4.719,-0.0008,0.0015,0.0,0.0075,-2.3
4.72,-0.0015,-0.0098,-0.0008,0.003,-2.2
4.721,-0.0015,-0.0165,-0.0008,0.0015,-2.2
4.722,0.0007,-0.0128,-0.0023,0.0,-2.2
4.723,-0.0008,-0.0158,-0.003,-0.0015,-2.1
4.724,0.0007,-0.0173,-0.0023,0.003,-2.1
4.725,0.0007,-0.0188,-0.0046,0.0045,-2.1
4.726,-0.0015,-0.0225,-0.0023,0.0045,-2.1
4.727,-0.0008,-0.0143,-0.0008,0.0052,-2.1
4.728,0.0007,0.0097,0.0007,0.0052,-2.0
4.729,-0.0008,0.0127,0.0007,0.006,-2.0
4.73,-0.0008,-0.0038,0.0007,0.0045,-2.0
4.731,0.0007,-0.0008,0.0015,0.0045,-1.9
4.732,0.0007,-0.0053,0.0015,0.0052,-1.9
4.733,0.0015,-0.0091,0.0037,0.0045,-1.9
4.734,0.0007,-0.0083,0.0045,0.0052,-1.9
4.735,-0.0015,-0.0113,0.0022,0.006,-1.8
4.736,-0.0008,-0.0091,0.003,0.0045,-1.8
4.737,-0.0015,-0.0098,0.0045,0.003,-1.8
4.738,-0.0015,-0.0068,0.0045,0.003,-1.8
4.739,-0.0023,-0.0046,0.003,0.0015,-1.8
4.74,-0.0038,-0.0008,0.0015,0.0022,-1.8
4.741,-0.003,-0.003,0.0015,0.0007,-1.8
4.742,-0.0015,-0.0075,0.0007,0.0,-1.7
4.743,0.0,-0.0068,0.0007,-0.0023,-1.7
4.744,-0.0008,-0.0046,0.0007,-0.0068,-1.7
4.745,-0.003,-0.0038,-0.0008,-0.0075,-1.7
4.746,-0.0038,-0.003,-0.0023,-0.0046,-1.7
4.747,-0.0015,0.0022,-0.0008,-0.006,-1.6
4.748,-0.0008,0.0045,-0.0008,-0.0075,-1.6
4.749,-0.0015,0.0007,-0.0015,-0.0038,-1.6
4.75,0.0,-0.003,-0.0008,0.0052,-1.6
4.751,0.0022,-0.006,0.0015,0.0292,-1.6
4.752,0.0015,-0.0128,0.0022,0.039,-1.5
4.753,0.0007,-0.0218,0.0015,0.0225,-1.5
4.754,0.0,-0.0293,0.0007,-0.0068,-1.5
4.755,0.0007,-0.0368,-0.0008,-0.042,-1.5
4.756,-0.0008,-0.0361,-0.003,-0.0443,-1.5
4.757,-0.0015,-0.0323,-0.0038,-0.0375,-1.4
4.758,-0.0015,-0.0315,-0.0015,-0.0443,-1.4
4.759,-0.003,-0.0383,0.0007,-0.039,-1.4
4.76,-0.0015,-0.0128,0.0007,-0.0053,-1.4
4.761,-0.0008,0.0525,0.0007,0.0457,-1.4
4.762,-0.003,0.0712,0.003,0.0847,-1.4
4.763,-0.0015,0.0277,0.0082,0.1057,-1.4
4.764,-0.0008,0.012,0.009,0.0892,-1.3
4.765,-0.0008,0.0202,0.0082,0.0495,-1.3
4.766,-0.0015,0.0277,0.0067,0.0217,-1.3
4.767,-0.003,0.0232,0.0052,0.012,-1.3
4.768,-0.0038,0.0045,0.003,0.003,-1.2
4.769,-0.003,-0.0008,0.0007,-0.0083,-1.2
4.77,-0.0046,-0.0105,-0.0015,-0.0173,-1.2
4.771,-0.003,-0.0053,-0.003,-0.0181,-1.2
4.772,-0.0023,-0.006,-0.0023,-0.0165,-1.2
4.773,-0.0015,-0.0068,-0.0023,-0.0188,-1.1
4.774,-0.0008,-0.0008,-0.0015,-0.0165,-1.1
4.775,0.0,0.0,-0.0023,-0.0173,-1.1
4.776,0.0007,0.0022,-0.003,-0.0218,-1.1
4.777,0.0015,0.0007,-0.003,-0.0375,-1.0
4.778,0.0015,0.003,-0.0015,-0.0548,-1.0
4.779,0.0015,0.0007,0.0007,-0.0465,-1.0
4.78,0.003,-0.0008,0.0007,-0.027,-1.0
4.781,-0.0015,-0.0053,0.0015,-0.0068,-0.9
4.782,-0.006,-0.0091,0.0007,0.0165,-0.9
4.783,-0.003,-0.0098,0.0007,0.0345,-0.9
4.784,-0.0015,-0.0075,0.0015,0.0405,-0.9
4.785,0.0007,-0.003,0.0022,0.0277,-0.9
4.786,0.0007,-0.0015,0.0022,0.0105,-0.9
4.787,0.0,-0.0008,0.0045,0.0007,-0.8
4.788,0.0007,0.0,0.0045,-0.0113,-0.8
4.789,0.0,0.0022,0.0015,-0.015,-0.8
4.79,0.0015,0.0022,0.0015,-0.0068,-0.7
4.791,0.0015,0.0007,0.0015,-0.0023,-0.7
4.792,0.0007,-0.0023,0.0015,-0.003,-0.7
4.793,0.0015,-0.006,0.0007,-0.003,-0.7
4.794,0.003,-0.0068,0.0007,-0.0046,-0.6
4.795,0.003,-0.006,0.0007,-0.006,-0.6
4.796,0.0022,-0.0046,0.0022,-0.0098,-0.6
4.797,0.0007,-0.0046,0.0015,-0.0075,-0.6
4.798,0.0022,-0.0083,0.0007,-0.0046,-0.5
4.799,0.0037,-0.0091,0.0007,-0.0046,-0.5
4.8,0.003,0.0015,-0.0008,0.0045,-0.5
4.801,0.0015,0.0247,-0.0023,0.0112,-0.5
4.802,0.0,0.0315,-0.0015,0.012,-0.5
4.803,-0.0008,0.0082,-0.0015,0.0112,-0.4
4.804,-0.0046,0.0045,-0.003,0.006,-0.4
4.805,-0.0068,0.0187,-0.0015,0.0045,-0.4
4.806,-0.006,0.0217,-0.0015,0.0075,-0.4
4.807,-0.0068,0.0142,-0.0015,0.006,-0.4
4.808,-0.006,0.0052,-0.0015,0.006,-0.3
4.809,-0.0046,0.0067,-0.0008,0.0022,-0.3
4.81,-0.0015,0.0022,0.003,0.003,-0.3
4.811,0.0007,0.0015,0.003,0.0082,-0.2
4.812,0.0045,0.0,0.003,0.0105,-0.2
4.813,0.0052,-0.003,0.0022,0.0142,-0.2
4.814,0.0037,-0.0008,0.0015,0.0165,-0.2
4.815,0.0037,-0.0015,-0.0008,0.0157,-0.1
4.816,0.0,-0.0068,-0.0008,0.009,-0.1
4.817,-0.003,-0.0128,0.0007,0.0022,-0.1
4.818,-0.0046,-0.0143,-0.0015,-0.0038,-0.1
4.819,-0.0038,-0.012,-0.0008,-0.0105,-0.1
4.82,-0.0015,-0.0083,-0.0008,-0.0128,0.0
4.821,-0.003,-0.0098,0.0007,-0.0091,0.0
4.822,-0.0023,-0.0113,0.0015,-0.0046,0.0
4.823,-0.0008,-0.0113,0.003,-0.0015,0.0
4.824,0.0,-0.0128,0.0037,0.0015,0.0
4.825,0.0015,-0.0105,0.003,0.0015,0.1
4.826,0.0015,-0.0105,0.0045,0.0052,0.1
4.827,0.0007,-0.0113,0.003,0.0037,0.1
4.828,-0.0008,-0.0128,0.0037,0.0,0.2
4.829,0.0007,-0.0135,0.006,0.0007,0.2
4.83,0.0007,-0.0143,0.0052,0.0007,0.2
4.831,-0.0008,-0.0158,0.0022,0.0112,0.3
4.832,-0.0008,-0.0173,0.0037,0.0232,0.3
4.833,-0.0015,-0.0181,0.003,0.0135,0.3
4.834,-0.0023,-0.0165,0.0015,-0.0008,0.3
4.835,-0.003,-0.0158,-0.0008,-0.0046,0.4
4.836,-0.003,-0.0135,-0.003,-0.0105,0.4
4.837,-0.003,-0.0083,0.0007,-0.0158,0.4
4.838,-0.0023,0.0157,0.0007,-0.0233,0.4
4.839,-0.0038,0.0247,-0.0015,-0.0181,0.4
4.84,-0.003,0.0045,-0.0015,-0.0023,0.5
4.841,-0.003,0.0015,-0.003,0.003,0.5
4.842,-0.006,0.0007,-0.003,0.0037,0.5
4.843,-0.0046,-0.0023,-0.003,0.0007,0.6
4.844,-0.003,0.003,-0.003,0.0037,0.6
4.845,0.0007,0.003,-0.0008,0.006,0.6
4.846,0.0007,0.0045,-0.0008,0.003,0.7
4.847,-0.0008,0.0022,-0.0015,0.003,0.7
4.848,-0.0008,0.0045,-0.0008,0.0045,0.7
4.849,-0.003,0.0045,-0.0015,0.003,0.7
4.85,-0.0091,0.0022,-0.0015,0.0015,0.8
4.851,-0.0165,0.0045,0.0007,0.0015,0.8
4.852,-0.0128,0.0052,0.0015,0.0015,0.8
4.853,-0.0068,0.0052,0.0022,0.0015,0.9
4.854,-0.003,0.0015,0.0022,0.0007,0.9
4.855,0.006,-0.0008,0.0037,0.0,0.9
4.856,0.0127,-0.003,0.0045,0.0007,0.9
4.857,0.0165,-0.0046,0.0022,0.0007,0.9
4.858,0.0157,-0.0068,0.0015,0.003,1.0
4.859,0.0142,-0.0098,0.0,0.0037,1.0
4.86,0.0135,-0.015,-0.0008,0.0022,1.0
4.861,0.0082,-0.0128,0.0015,0.0045,1.1
4.862,0.006,-0.0068,0.0015,0.0045,1.1
4.863,0.0,-0.003,0.0022,0.0015,1.1
4.864,-0.0075,0.003,0.0015,0.0015,1.1
4.865,-0.012,-0.0015,0.0007,0.003,1.2
4.866,-0.012,-0.006,-0.0008,0.0022,1.2
4.867,-0.0083,-0.0068,-0.0008,0.0015,1.2
4.868,-0.0046,-0.0091,-0.0008,0.003,1.2
4.869,-0.003,-0.0143,-0.0008,0.003,1.3
4.87,-0.0046,-0.015,0.0,0.0022,1.3
4.871,-0.006,-0.0105,0.003,0.0015,1.3
4.872,-0.0173,0.0015,0.0007,0.0015,1.3
4.873,-0.0285,0.0105,0.0007,0.0007,1.3
4.874,-0.0165,0.0075,0.003,0.0022,1.4
4.875,-0.0015,0.0007,0.0045,0.003,1.4
4.876,0.0045,-0.006,0.0052,0.0052,1.4
4.877,0.0165,-0.006,0.0067,0.0052,1.4
4.878,0.024,-0.0038,0.0082,0.003,1.5
4.879,0.0277,0.0037,0.006,0.0037,1.5
4.88,0.027,0.0105,0.0037,0.0037,1.5
4.881,0.018,0.0007,0.0015,0.0045,1.6
4.882,0.012,-0.0038,0.0,0.0045,1.6
4.883,0.003,0.009,-0.0015,0.0045,1.6
4.884,-0.0046,0.0172,-0.0015,0.0037,1.6
4.885,-0.012,0.0142,0.0015,0.0022,1.7
4.886,-0.0181,0.0082,0.0007,0.0,1.7
4.887,-0.0188,-0.0008,0.0015,-0.0015,1.7
4.888,-0.015,-0.0053,0.0007,-0.0015,1.8
4.889,-0.0105,-0.0053,0.0007,-0.0038,1.8
4.89,-0.0091,-0.0015,0.0,-0.003,1.8
4.891,-0.0068,0.0052,-0.0015,-0.003,1.8
4.892,-0.0038,0.0052,-0.0008,-0.0015,1.8
4.893,-0.003,0.0097,-0.0008,0.0022,1.9
4.894,-0.0023,0.012,0.0015,0.0015,1.9
4.895,-0.0083,0.0105,0.0022,0.003,1.9
4.896,-0.012,0.012,0.0015,0.0037,2.0
4.897,-0.0053,0.0045,0.003,0.006,2.0
4.898,0.0007,-0.0046,0.0015,0.003,2.0
4.899,0.006,-0.0143,0.0,-0.0008,2.0
4.9,0.0127,-0.012,-0.0015,0.0007,2.1
4.901,0.0165,-0.0091,-0.0008,-0.0008,2.1
4.902,0.0157,-0.0135,-0.0015,-0.003,2.1
4.903,0.012,-0.0075,-0.0015,-0.0046,2.2
4.904,0.0097,-0.0083,0.0007,-0.0038,2.2
4.905,0.0082,0.0015,-0.0008,0.0007,2.2
4.906,0.0045,0.018,-0.0008,0.0015,2.3
4.907,-0.0008,0.018,-0.0008,0.003,2.3
4.908,-0.0053,0.012,0.0,0.0097,2.3
4.909,-0.0098,0.0045,0.0,0.012,2.4
4.91,-0.0083,-0.0075,-0.0008,0.0097,2.4
4.911,-0.0068,-0.0188,-0.003,0.0067,2.4
4.912,-0.0053,-0.0278,-0.0015,0.009,2.5
4.913,-0.003,-0.0346,-0.0008,0.0142,2.5
4.914,-0.0023,-0.0353,0.0,0.0067,2.5
4.915,-0.0015,-0.027,0.0007,0.0007,2.6
4.916,-0.0015,-0.0128,-0.0008,-0.0046,2.6
4.917,0.0007,-0.012,-0.0023,-0.0135,2.6
4.918,0.0,-0.0143,-0.0023,-0.0105,2.7
4.919,0.0,0.003,0.0007,0.0007,2.7
4.92,0.003,0.0457,0.0052,0.0067,2.7
4.921,0.0045,0.0585,0.0067,-0.015,2.8
4.922,0.0067,0.009,0.0067,-0.0495,2.8
4.923,0.0052,-0.0046,0.0045,-0.0465,2.9
4.924,0.0022,0.003,0.0007,-0.0263,2.9
4.925,-0.0015,-0.0203,0.003,-0.0113,3.0
4.926,-0.0038,-0.0353,0.003,0.0007,3.0
4.927,-0.003,-0.0346,0.003,0.0067,3.1
4.928,-0.0015,-0.0105,0.0052,0.024,3.1
4.929,0.0007,0.0045,0.0045,0.0607,3.1
4.93,-0.0023,-0.006,0.0022,0.1012,3.2
4.931,-0.003,0.0105,0.0015,0.114,3.2
4.932,-0.0046,0.033,0.003,0.0907,3.2
4.933,-0.0053,0.033,0.0007,0.0345,3.3
4.934,-0.0046,0.0307,0.0007,-0.0083,3.3
4.935,-0.0038,-0.0008,0.0007,-0.0098,3.4
4.936,-0.0015,0.0007,0.0015,-0.0158,3.4
4.937,-0.003,0.03,-0.0015,-0.0203,3.5
4.938,-0.0015,0.0202,-0.003,-0.0315,3.5
4.939,0.0,0.0045,0.0,-0.0405,3.6
4.94,-0.0008,-0.0158,0.0007,-0.0361,3.6
4.941,-0.0015,-0.0218,0.0022,-0.0315,3.6
4.942,-0.0023,-0.0173,0.003,-0.0203,3.7
4.943,-0.0046,-0.0181,0.0015,-0.0068,3.8
4.944,-0.0046,-0.021,0.0007,-0.0195,3.8
4.945,-0.0023,-0.0346,-0.0015,-0.0706,3.9
4.946,-0.0015,-0.0368,-0.003,-0.078,4.0
4.947,-0.0015,-0.0353,-0.003,-0.0518,4.0
4.948,0.0,-0.0368,-0.0008,-0.0511,4.0
4.949,0.0007,-0.0361,0.0007,-0.042,4.1
4.95,-0.0008,-0.024,0.0007,-0.0263,4.2
4.951,-0.0008,0.0127,0.0,0.0,4.2
4.952,0.0007,0.0577,0.0022,0.0352,4.3
4.953,0.0045,0.054,0.0045,0.0817,4.3
4.954,0.0037,0.012,0.0052,0.1072,4.4
4.955,0.0007,0.0015,0.0052,0.0727,4.5
4.956,0.0015,0.0202,0.006,0.0292,4.5
4.957,0.003,0.0405,0.006,0.039,4.5
4.958,0.0015,0.0442,0.0052,0.039,4.6
4.959,0.0007,0.0232,0.0045,-0.0173,4.7
4.96,-0.0038,-0.003,0.0015,-0.0713,4.7
4.961,-0.006,-0.0233,-0.003,-0.09,4.8
4.962,-0.0075,-0.0443,-0.0015,-0.0863,4.9
4.963,-0.0083,-0.0608,0.0,-0.0525,4.9
4.964,-0.0046,-0.0615,0.0007,0.0202,5.0
4.965,0.0,-0.0436,0.0015,0.0367,5.1
4.966,0.0015,-0.024,0.0015,0.0127,5.2
4.967,0.003,-0.0548,-0.0008,0.0307,5.2
4.968,0.0015,-0.0443,-0.0008,0.0757,5.3
4.969,0.003,0.0442,0.0,0.0532,5.3
4.97,-0.0015,0.0855,-0.003,0.0292,5.4
4.971,-0.0075,0.066,-0.0015,0.0607,5.5
4.972,-0.0075,0.0345,0.0007,0.0585,5.6
4.973,-0.0068,-0.0233,0.0015,0.0277,5.7
4.974,-0.0053,-0.0668,0.0007,0.0045,5.7
4.975,-0.0075,-0.0181,-0.0015,0.0502,5.8
4.976,-0.0068,0.0202,-0.0023,0.03,5.9
4.977,0.0,0.0142,-0.0015,-0.042,5.9
4.978,0.0045,-0.0068,0.003,-0.0323,6.0
4.979,0.0045,-0.0091,0.003,0.0127,6.1
4.98,0.0037,-0.0105,0.003,0.0187,6.2
4.981,0.003,-0.0315,0.0045,-0.0038,6.3
4.982,0.0015,0.0217,0.003,0.0127,6.3
4.983,0.0,0.048,0.0,0.0502,6.4
4.984,-0.0008,0.0345,-0.0008,0.084,6.5
4.985,-0.0023,0.0277,-0.0008,0.0097,6.6
4.986,-0.0053,-0.0405,-0.003,-0.1103,6.7
4.987,-0.0068,-0.0691,-0.003,-0.1455,6.7
4.988,-0.0053,-0.003,0.0,-0.1928,6.8
4.989,-0.0008,0.0307,0.0007,-0.2595,6.9
4.99,-0.0008,0.0067,-0.0008,-0.2821,7.0
4.991,-0.003,-0.0263,0.0,-0.2235,7.0
4.992,-0.0046,-0.0893,-0.003,-0.1215,7.1
4.993,-0.0075,-0.1441,-0.0038,-0.0458,7.2
4.994,-0.0105,-0.1313,-0.0053,0.0915,7.2
4.995,-0.0091,-0.0465,-0.0053,0.2505,7.3
4.996,-0.0008,0.0217,-0.0008,0.384,7.4
4.997,0.009,0.0045,0.0015,0.4845,7.5
4.998,0.0105,0.0285,0.0015,0.4875,7.6
4.999,0.0075,0.1305,0.003,0.369,7.6
5.0,0.009,0.2295,0.0045,0.1747,7.7
5.001,0.0097,0.213,0.0045,0.0045,7.8
5.002,0.0105,0.1117,0.0045,-0.099,8.0
5.003,0.0097,0.0292,0.003,-0.0803,8.1
5.004,0.0052,-0.0256,0.0015,-0.1193,8.2
5.005,0.0045,-0.039,-0.0015,-0.2078,8.3
5.006,0.0015,-0.0511,0.0,-0.1875,8.4
5.007,0.0,-0.0248,-0.0008,-0.1658,8.5
5.008,-0.0046,-0.012,-0.0038,-0.1575,8.6
5.009,-0.0098,-0.0428,-0.0046,-0.1485,8.7
5.01,-0.0091,-0.0263,-0.0046,-0.0758,8.9
5.011,-0.0053,-0.0008,-0.0015,-0.006,9.0
5.012,0.0,0.0052,-0.0008,0.0787,9.0
5.013,0.0015,-0.0203,0.0007,0.1597,9.2
5.014,0.0007,-0.0405,-0.0015,0.1282,9.3
5.015,-0.0008,-0.042,-0.0023,0.009,9.4
5.016,-0.0015,-0.0495,-0.0015,-0.0923,9.5
5.017,-0.0023,-0.054,-0.0008,-0.0938,9.6
5.018,-0.0038,-0.0503,0.0007,-0.084,9.7
5.019,-0.0008,0.0052,0.0,-0.0735,9.9
5.02,0.0015,0.0592,0.0007,-0.0668,9.9
5.021,0.0015,0.06,0.0037,-0.0068,10.1
5.022,0.0022,0.0555,0.0052,0.1072,10.2
5.023,0.0015,0.033,0.0052,0.1312,10.4
5.024,0.0015,-0.0181,0.0052,0.0555,10.5
5.025,0.0,-0.021,0.003,-0.0128,10.7
5.026,-0.0008,0.003,0.003,-0.0188,10.8
5.027,0.0015,0.0315,0.0037,-0.0158,11.0
5.028,0.0067,0.0172,0.0045,-0.0323,11.1
5.029,0.006,-0.0256,0.0045,-0.033,11.2
5.03,0.0007,-0.0105,0.003,-0.0488,11.4
5.031,0.0007,-0.0233,0.0037,-0.0503,11.6
5.032,-0.0008,-0.0293,0.0022,0.048,11.7
5.033,-0.003,-0.0015,0.0022,0.1012,11.8
5.034,-0.0023,0.0105,0.0052,0.078,12.0
5.035,-0.0008,-0.0083,0.0052,0.0405,12.1
5.036,-0.0015,-0.0353,0.003,-0.0195,12.3
5.037,-0.0046,-0.0135,0.003,-0.066,12.4
5.038,-0.006,-0.0023,0.0037,-0.081,12.6
5.039,-0.0053,-0.0233,0.0007,-0.0691,12.7
5.04,-0.0046,-0.0248,0.0007,-0.0383,12.9
5.041,-0.0015,-0.0015,0.003,0.0135,13.0
5.042,0.0,0.027,0.0045,0.0607,13.2
5.043,0.0,0.0367,0.0022,0.0675,13.4
5.044,-0.003,-0.0218,0.003,0.0337,13.6
5.045,-0.0038,-0.0458,0.003,0.0067,13.8
5.046,-0.003,0.0052,0.0037,-0.0203,13.9
5.047,-0.0023,0.0585,0.003,-0.0683,14.1
5.048,-0.0015,0.075,0.0,-0.0945,14.3
5.049,-0.0008,0.0135,0.0007,-0.1043,14.5
5.05,0.0007,-0.0248,0.0007,-0.0638,14.7
5.051,-0.0008,-0.0308,0.0007,0.009,14.8
5.052,-0.0053,-0.024,0.0007,0.0757,15.0
5.053,-0.006,0.0022,0.0007,0.123,15.2
5.054,-0.0038,-0.0075,0.003,0.1177,15.4
5.055,-0.0015,-0.0068,0.003,0.0915,15.6
5.056,-0.0023,-0.0046,0.003,0.084,15.7
5.057,-0.003,-0.015,0.0037,0.0607,15.9
5.058,-0.0015,-0.012,0.003,-0.0143,16.1
5.059,-0.0023,-0.0165,0.003,-0.0173,16.3
5.06,-0.003,-0.015,0.0015,-0.0135,16.5
5.061,-0.0038,-0.012,0.0022,-0.0218,16.7
5.062,-0.0008,-0.0083,0.0015,-0.0091,16.9
5.063,-0.0008,-0.0008,0.003,-0.0203,17.1
5.064,-0.0008,-0.003,0.0022,-0.0091,17.3
5.065,-0.0023,-0.0008,0.0015,-0.015,17.5
5.066,-0.0023,-0.003,0.0045,-0.0091,17.7
5.067,-0.0015,-0.0053,0.0022,-0.0083,17.9
5.068,-0.0038,-0.0068,0.0022,-0.0068,18.1
5.069,-0.0046,-0.0075,0.003,-0.0038,18.3
5.07,-0.0023,0.003,0.003,-0.0053,18.5
5.071,-0.0015,0.0045,0.003,0.0,18.7
5.072,-0.0008,0.0,0.0015,-0.0015,18.9
5.073,0.0007,-0.0008,0.0022,0.0015,19.1
5.074,0.003,-0.006,0.003,-0.0023,19.3
5.075,0.0045,-0.0143,0.0045,-0.0015,19.5
5.076,0.003,-0.0165,0.0022,-0.003,19.7
5.077,0.0022,-0.0105,0.003,-0.0023,19.9
5.078,0.0007,0.012,0.0037,-0.0015,20.1
5.079,0.003,0.0315,0.0015,-0.0015,20.3
5.08,0.0022,0.0307,0.0,-0.0015,20.5
5.081,0.0007,0.0195,-0.0046,-0.0053,20.7
5.082,0.0007,0.0037,-0.0046,-0.0068,21.0
5.083,-0.0008,-0.0158,-0.0046,-0.0091,21.2
5.084,-0.0015,-0.033,-0.006,-0.0083,21.4
5.085,-0.0015,-0.0436,-0.0046,-0.0083,21.6
5.086,-0.003,-0.0518,-0.0053,-0.0091,21.8
5.087,-0.0015,-0.0495,-0.0053,-0.0091,22.0
5.088,0.0007,-0.033,-0.0075,-0.0068,22.3
5.089,0.003,-0.0128,-0.0068,-0.0053,22.5
5.09,0.003,-0.0046,-0.0038,-0.0038,22.7
5.091,0.003,-0.0098,-0.003,-0.0046,22.9
5.092,0.0015,-0.0143,-0.0053,-0.0068,23.2
5.093,-0.0015,-0.0195,-0.0068,-0.0053,23.4
5.094,-0.003,-0.0225,-0.0091,-0.003,23.6
5.095,-0.0015,-0.0165,-0.0113,-0.0023,23.8
5.096,-0.0015,-0.006,-0.0098,-0.0008,24.0
5.097,-0.0038,0.0007,-0.0091,0.0,24.3
5.098,-0.003,0.0045,-0.0091,-0.0015,24.5
5.099,-0.0046,0.0142,-0.0075,-0.0008,24.7
5.1,-0.0053,0.0157,-0.0046,-0.0023,24.9
5.101,-0.003,0.0105,-0.0023,-0.003,25.2
5.102,-0.0046,0.0105,-0.0015,0.0,25.3
5.103,-0.006,0.012,0.0022,-0.0008,25.6
5.104,-0.0046,0.012,0.0067,-0.0015,25.8
5.105,-0.0015,0.0105,0.009,-0.0008,26.0
5.106,-0.0015,0.0082,0.0075,-0.0023,26.2
5.107,-0.0023,0.0067,0.006,-0.0008,26.4
5.108,-0.0023,0.0045,0.0067,0.0015,26.6
5.109,-0.0023,0.003,0.0052,0.0045,26.8
5.11,-0.003,0.0,0.0037,0.0067,27.0
5.111,-0.0008,-0.0008,0.0022,0.0075,27.2
5.112,0.0015,-0.0015,-0.0008,0.0075,27.4
5.113,0.0007,-0.003,-0.0008,0.0045,27.6
5.114,0.0007,-0.0038,0.0007,0.0045,27.9
5.115,0.0,-0.0038,0.0007,0.006,28.1
5.116,0.0,-0.0023,-0.0008,0.006,28.3
5.117,-0.0008,-0.0008,-0.0023,0.0082,28.5
5.118,-0.0023,0.0022,-0.003,0.0105,28.7
5.119,-0.0023,0.0082,-0.0023,0.012,28.9
5.12,-0.003,0.0112,-0.0008,0.0105,29.1
5.121,-0.0015,0.0127,-0.0008,0.0105,29.3
5.122,0.0007,0.0097,0.0,0.0105,29.5
5.123,-0.0015,0.0075,-0.0008,0.0105,29.7
5.124,0.0,0.0127,-0.0008,0.012,29.9
5.125,0.0015,0.0225,0.0022,0.0105,30.1
5.126,0.003,0.0285,0.0022,0.009,30.3
5.127,0.0015,0.0225,0.0007,0.0097,30.5
5.128,0.0007,0.0165,0.0015,0.0097,30.6
5.129,0.0022,0.009,0.0007,0.009,30.8
5.13,0.0037,0.0007,0.0022,0.0082,31.0
5.131,0.0037,-0.0068,0.0007,0.0075,31.2
5.132,0.0037,-0.0113,-0.0023,0.0045,31.4
5.133,0.0052,-0.0105,-0.0015,0.0045,31.6
5.134,0.0037,-0.0068,-0.0008,0.0045,31.8
5.135,0.003,-0.0046,-0.0008,0.006,32.0
5.136,0.0022,-0.0075,-0.0015,0.0052,32.2
5.137,0.0015,-0.0083,-0.0015,0.0045,32.4
5.138,-0.0008,-0.0068,-0.003,0.0015,32.5
5.139,-0.0008,-0.0053,-0.003,0.0,32.8
5.14,0.0,-0.0068,-0.0023,0.0007,32.9
5.141,-0.0008,-0.0068,-0.0008,-0.0008,33.1
5.142,-0.0015,-0.0046,0.0007,-0.0008,33.3
5.143,-0.0015,-0.0046,-0.0008,-0.0015,33.5
5.144,-0.0023,-0.0068,-0.003,-0.0008,33.7
5.145,-0.0015,-0.0083,-0.0015,0.0007,33.9
5.146,0.0,-0.0075,-0.0015,0.0015,34.1
5.147,-0.0008,-0.006,-0.0015,0.003,34.3
5.148,0.0007,-0.0038,-0.003,0.003,34.6
5.149,-0.0008,-0.006,-0.003,0.003,34.7
5.15,-0.0008,-0.0046,0.0007,0.003,35.0
5.151,0.0007,-0.0015,0.003,0.003,35.1
5.152,0.0007,-0.0023,0.0045,0.0015,35.3
5.153,0.0007,-0.003,0.0067,0.0007,35.5
5.154,0.0007,-0.003,0.003,0.0007,35.7
5.155,0.0007,0.003,0.0007,-0.0008,36.0
5.156,-0.0015,0.012,0.0015,-0.0015,36.1
5.157,-0.003,0.0217,-0.0008,0.0007,36.4
5.158,-0.0046,0.024,-0.003,0.003,36.5
5.159,-0.0038,0.0217,-0.0008,0.0052,36.8
5.16,-0.0008,0.0105,0.0015,0.006,36.9
5.161,-0.0008,0.0007,0.0015,0.006,37.1
5.162,0.0015,0.0,0.0052,0.0045,37.3
5.163,0.0007,-0.0038,0.0045,0.0045,37.5
5.164,-0.003,-0.006,0.003,0.0022,37.7
5.165,-0.003,-0.0105,0.003,0.003,37.8
5.166,-0.003,-0.012,0.0045,0.0022,38.0
5.167,-0.0046,-0.0165,0.0052,0.0015,38.2
5.168,-0.0068,-0.0263,0.0037,0.0007,38.4
5.169,-0.006,-0.0323,0.0037,-0.0038,38.6
5.17,-0.0068,-0.03,0.0045,-0.0068,38.7
5.171,-0.0068,-0.0225,0.0052,-0.0068,38.9
5.172,-0.006,-0.0188,0.0052,-0.0053,39.1
5.173,-0.0046,-0.0135,0.0067,-0.0068,39.2
5.174,-0.0015,0.0007,0.0082,-0.0091,39.4
5.175,0.0,0.0187,0.0105,-0.0091,39.6
5.176,0.0007,0.0247,0.009,-0.0091,39.8
5.177,0.0,0.0217,0.009,-0.0075,40.0
5.178,0.0015,0.0105,0.0075,-0.0053,40.1
5.179,0.0022,-0.0023,0.0052,-0.003,40.3
5.18,0.0007,-0.0083,0.006,-0.0015,40.5
5.181,0.0015,-0.0105,0.0052,0.0015,40.6
5.182,0.003,-0.0046,0.0067,0.0015,40.8
5.183,0.003,0.0037,0.0052,0.0015,40.9
5.184,0.003,0.0082,0.0082,0.0045,41.0
5.185,0.0037,0.003,0.0082,0.003,41.2
5.186,0.0052,-0.0053,0.006,-0.0008,41.3
5.187,0.003,-0.0158,0.0067,-0.0015,41.4
5.188,0.0007,-0.0248,0.0082,-0.0008,41.6
5.189,0.0,-0.0233,0.009,-0.0015,41.7
5.19,-0.0008,-0.021,0.0082,-0.0015,41.8
5.191,-0.0023,-0.0195,0.0052,-0.003,42.0
5.192,-0.003,-0.0158,0.0052,-0.0046,42.1
5.193,-0.003,-0.0165,0.0037,-0.0046,42.3
5.194,-0.0046,-0.0195,0.0,-0.0068,42.4
5.195,-0.0053,-0.021,0.0,-0.0075,42.5
5.196,-0.0075,-0.0218,-0.0015,-0.0068,42.7
5.197,-0.0083,-0.0195,-0.003,-0.0068,42.8
5.198,-0.0053,-0.0098,-0.0015,-0.006,42.9
5.199,-0.003,-0.003,-0.0023,-0.003,43.1
5.2,-0.0015,-0.003,-0.0008,0.0007,43.2
5.201,-0.0008,-0.0046,0.0,0.0,43.3
5.202,-0.0015,-0.0053,-0.0008,0.0022,43.4
5.203,-0.0008,-0.0098,0.0,0.0045,43.5
5.204,0.003,-0.012,-0.0008,0.003,43.6
5.205,0.003,-0.0105,-0.0008,0.0052,43.8
5.206,0.0022,-0.0075,-0.0008,0.0082,43.9
5.207,0.0022,-0.0023,-0.0008,0.0067,44.0
5.208,0.0022,0.003,0.0007,0.0082,44.1
5.209,0.003,0.006,0.0,0.0067,44.2
5.21,0.0037,0.009,0.0,0.0045,44.3
5.211,0.0022,0.009,0.0,0.003,44.5
5.212,-0.0008,0.0052,0.0007,0.0015,44.5
5.213,-0.0015,0.009,-0.0008,0.0015,44.6
5.214,-0.003,0.0127,-0.0023,0.0,44.8
5.215,-0.0038,0.0105,-0.0023,-0.0008,44.9
5.216,-0.003,0.009,-0.0008,-0.0015,45.0
5.217,-0.0023,0.0157,0.0007,-0.0023,45.1
5.218,-0.0015,0.0307,0.0007,-0.0008,45.2
5.219,-0.0015,0.036,0.0015,-0.0008,45.3
5.22,-0.0008,0.033,0.0022,0.0022,45.4
5.221,0.0007,0.027,0.0037,0.0022,45.5
5.222,0.0022,0.0195,0.0045,0.003,45.6
5.223,0.0045,0.0172,0.0045,0.003,45.7
5.224,0.0022,0.0127,0.0022,0.0022,45.8
5.225,0.0015,0.012,0.0022,0.0022,45.8
5.226,0.0015,0.0127,0.0022,0.0022,45.9
5.227,0.0015,0.0105,0.0015,0.0045,46.0
5.228,0.0007,0.0097,-0.0008,0.003,46.0
5.229,-0.0015,0.006,-0.0046,-0.0023,46.1
5.23,-0.0046,-0.0008,-0.0053,-0.003,46.2
5.231,-0.0053,-0.0068,-0.0046,0.0015,46.3
5.232,-0.003,-0.0128,-0.003,0.0052,46.3
5.233,-0.0023,-0.0158,-0.0015,0.0052,46.4
5.234,-0.0015,-0.015,-0.0015,0.006,46.5
5.235,-0.0015,-0.0158,0.0007,0.0067,46.6
5.236,0.0,-0.0218,0.0037,0.0052,46.6
5.237,-0.0008,-0.0256,0.006,0.0045,46.7
5.238,-0.0046,-0.033,0.0052,0.0045,46.8
5.239,-0.0068,-0.033,0.006,0.003,46.8
5.24,-0.006,-0.024,0.0075,0.0022,46.9
5.241,-0.0046,-0.0181,0.009,0.003,47.0
5.242,-0.003,-0.0135,0.0105,0.0045,47.0
5.243,-0.0023,-0.0113,0.009,0.003,47.0
5.244,-0.003,-0.0068,0.0082,0.003,47.1
5.245,-0.0038,-0.003,0.0067,0.0007,47.1
5.246,-0.0046,-0.0008,0.003,0.0015,47.1
5.247,-0.003,0.0,0.0022,0.0015,47.2
5.248,-0.0015,0.0015,0.0007,0.0015,47.2
5.249,0.0,0.0022,-0.003,0.0045,47.2
5.25,0.0015,0.003,-0.0091,0.0045,47.2
5.251,0.0007,0.0082,-0.0128,0.006,47.2
5.252,0.0015,0.009,-0.0188,0.0022,47.3
5.253,0.003,0.012,-0.0233,0.003,47.3
5.254,0.003,0.0142,-0.0278,0.0037,47.3
5.255,0.003,0.0127,-0.0346,0.0037,47.4
5.256,0.0037,0.0105,-0.0383,0.0045,47.4
5.257,0.0022,0.0112,-0.042,0.0045,47.4
5.258,0.003,0.0105,-0.0443,0.0037,47.5
5.259,0.003,0.006,-0.0458,0.0015,47.5
5.26,0.0015,0.0007,-0.0458,0.003,47.5
5.261,0.003,0.0,-0.0465,0.003,47.5
5.262,0.0022,-0.0038,-0.048,0.0022,47.5
5.263,0.0015,-0.003,-0.045,0.0022,47.5
5.264,0.003,0.0007,-0.0413,0.0015,47.5
5.265,0.0015,0.0007,-0.039,0.0015,47.5
5.266,0.0007,0.0007,-0.0361,0.0015,47.5
5.267,0.0015,-0.0023,-0.0323,0.0052,47.5
5.268,0.0,-0.0053,-0.0278,0.0067,47.5
5.269,-0.003,-0.0068,-0.0248,0.006,47.4
5.27,-0.0046,-0.0053,-0.0203,0.0052,47.4
5.271,-0.0023,-0.0038,-0.015,0.0015,47.4
5.272,-0.0038,0.0015,-0.0091,0.0015,47.4
5.273,-0.0038,0.012,-0.0053,0.0015,47.4
5.274,-0.0046,0.0142,-0.003,0.0,47.4
5.275,-0.0046,0.0135,-0.0046,-0.0015,47.3
5.276,-0.003,0.0172,-0.0053,-0.0015,47.3
5.277,-0.0015,0.0157,-0.0068,0.0007,47.3
5.278,-0.0008,0.0097,-0.0083,0.0007,47.3
5.279,0.0007,0.0067,0.0045,0.0022,47.3
5.28,0.003,0.0037,0.0315,0.0045,47.2
5.281,0.0052,-0.0023,0.057,0.0082,47.2
5.282,0.006,-0.0113,0.0735,0.0105,47.2
5.283,0.0052,-0.021,0.0922,0.009,47.1
5.284,0.0037,-0.0308,0.114,0.0082,47.1
5.285,0.0015,-0.0375,0.1282,0.0067,47.0
5.286,0.0007,-0.0368,0.138,0.0052,46.9
5.287,-0.0008,-0.0375,0.1447,0.0052,46.9
5.288,-0.0015,-0.0375,0.1485,0.003,46.8
5.289,-0.0015,-0.0346,0.1522,0.0,46.8
5.29,-0.003,-0.0308,0.15,-0.0008,46.7
5.291,-0.0023,-0.0285,0.1447,-0.003,46.7
5.292,-0.0038,-0.0263,0.1372,-0.0046,46.6
5.293,-0.006,-0.0195,0.1215,-0.0046,46.6
5.294,-0.0068,-0.012,0.1035,-0.0053,46.5
5.295,-0.0068,-0.0046,0.0855,-0.0046,46.4
5.296,-0.0053,0.0015,0.0667,-0.0083,46.4
5.297,-0.006,0.0067,0.0525,-0.0091,46.3
5.298,-0.0053,0.0127,0.0412,-0.0075,46.3
5.299,-0.003,0.0105,0.0292,-0.006,46.2
5.3,-0.0023,0.0105,0.0217,-0.003,46.1
5.301,-0.0015,0.015,0.0142,-0.0015,46.1
5.302,-0.0008,0.021,0.0007,-0.0008,46.0
5.303,0.0007,0.0247,-0.0105,0.0007,45.9
5.304,0.0,0.024,-0.0233,0.0007,45.8
5.305,0.003,0.0255,-0.0368,0.0022,45.7
5.306,0.003,0.0285,-0.0443,0.003,45.6
5.307,0.0015,0.027,-0.0533,0.0037,45.5
5.308,0.0015,0.0217,-0.0593,0.0045,45.4
5.309,0.0007,0.0195,-0.0645,0.0045,45.3
5.31,0.0015,0.0127,-0.0668,0.0052,45.2
5.311,0.0007,0.0007,-0.0675,0.0045,45.1
5.312,0.0007,-0.0105,-0.0691,0.006,45.0
5.313,0.0,-0.0158,-0.0698,0.0052,44.9
5.314,0.0,-0.0203,-0.066,0.0082,44.8
5.315,-0.0015,-0.0203,-0.0623,0.0082,44.7
5.316,-0.0015,-0.0165,-0.0698,0.006,44.6
5.317,-0.003,-0.0195,-0.0691,0.0037,44.5
5.318,-0.0046,-0.0278,-0.0691,0.0022,44.4
5.319,-0.0046,-0.0285,-0.0713,0.0015,44.3
5.32,-0.0068,-0.027,-0.066,0.0015,44.2
5.321,-0.006,-0.0285,-0.063,0.0015,44.1
5.322,-0.0046,-0.0293,-0.0555,-0.0008,44.0
5.323,-0.0023,-0.024,-0.0533,-0.0023,43.9
5.324,-0.0015,-0.0181,-0.048,-0.003,43.8
5.325,-0.003,-0.0165,-0.042,-0.003,43.7
5.326,-0.0015,-0.0105,-0.039,-0.003,43.6
5.327,-0.0008,-0.006,-0.0353,-0.003,43.5
5.328,-0.0008,-0.0008,-0.0353,-0.0015,43.4
5.329,0.0007,0.0022,-0.0315,0.0,43.3
5.33,-0.0008,0.0007,-0.0256,0.0,43.2
5.331,0.0007,0.003,-0.0203,0.0,43.1
5.332,0.0,0.0052,-0.0165,0.0007,43.0
5.333,0.0007,0.0097,-0.0143,0.0015,42.9
5.334,-0.0008,0.012,-0.0128,0.003,42.8
5.335,-0.0015,0.0142,-0.0135,0.003,42.7
5.336,-0.003,0.015,-0.012,0.003,42.6
5.337,-0.0046,0.0127,-0.0083,0.0022,42.5
5.338,-0.0015,0.0157,-0.0046,0.0022,42.4
5.339,-0.0008,0.0202,-0.003,0.0015,42.3
5.34,-0.0008,0.0262,-0.0023,0.003,42.2
5.341,0.0022,0.027,0.0015,0.006,42.1
5.342,0.0045,0.0202,0.0015,0.0067,41.9
5.343,0.0052,0.0135,0.003,0.0075,41.8
5.344,0.0037,0.0105,0.0007,0.006,41.7
5.345,0.0022,0.0067,0.0022,0.0045,41.6
5.346,0.003,-0.0008,0.0067,0.003,41.4
5.347,0.0015,-0.0038,0.0052,0.0052,41.4
5.348,0.0,-0.0083,0.0067,0.0037,41.2
5.349,-0.0015,-0.0128,0.009,0.0015,41.1
5.35,-0.0038,-0.015,0.009,-0.0008,40.9
5.351,-0.0053,-0.0195,0.0097,-0.003,40.9
5.352,-0.006,-0.0195,0.0105,-0.0038,40.7
5.353,-0.006,-0.0181,0.0112,-0.003,40.6
5.354,-0.0046,-0.0165,0.0105,-0.0008,40.5
5.355,-0.003,-0.0113,0.0067,-0.0008,40.4
5.356,-0.003,-0.0075,0.0067,0.0,40.2
5.357,-0.0008,-0.0053,0.009,0.0007,40.1
5.358,-0.0008,0.0015,0.0075,0.003,40.0
5.359,-0.003,0.006,0.0075,0.003,39.9
5.36,-0.0023,0.0097,0.0067,0.0007,39.7
5.361,-0.0015,0.012,0.0052,0.0015,39.6
5.362,-0.0046,0.0127,0.0045,0.0007,39.4
5.363,-0.0038,0.0105,0.0015,0.0015,39.3
5.364,-0.0023,0.009,0.0015,0.0015,39.1
5.365,0.0007,0.0037,0.0045,0.0007,39.0
5.366,0.0022,-0.0008,0.003,0.0022,38.8
5.367,0.003,-0.0008,0.0022,0.0015,38.6
5.368,0.0015,-0.003,0.0015,0.0015,38.5
5.369,0.0015,-0.0046,0.0015,0.0022,38.3
5.37,0.0022,-0.0091,0.0015,0.0,38.2
5.371,0.0,-0.0098,0.0015,-0.0008,38.1
5.372,0.0,-0.0083,0.003,-0.0015,37.9
5.373,-0.0008,-0.0083,0.006,-0.0008,37.8
5.374,0.0,-0.0075,0.0067,-0.0015,37.6
5.375,0.0007,-0.0053,0.0082,-0.003,37.4
5.376,-0.0008,-0.003,0.009,-0.0023,37.3
5.377,-0.0008,-0.003,0.0105,-0.0023,37.1
5.378,-0.0008,-0.0046,0.009,-0.0008,37.0
5.379,-0.0008,-0.0046,0.0082,-0.0008,36.8
5.38,0.0007,-0.0023,0.0082,0.0,36.6
5.381,-0.0008,-0.0008,0.0082,0.0022,36.5
5.382,-0.0008,0.0007,0.0097,0.0015,36.4
5.383,0.0007,0.003,0.0075,0.003,36.2
5.384,0.0007,0.0082,0.0037,0.0022,36.0
5.385,0.0007,0.012,0.0052,0.0022,35.9
5.386,-0.003,0.0105,0.006,0.003,35.7
5.387,-0.0046,0.0067,0.0052,0.003,35.5
5.388,-0.0038,0.0045,0.003,0.0037,35.4
5.389,-0.003,0.0007,0.0015,0.003,35.2
5.39,-0.003,-0.003,0.0022,0.003,35.0
5.391,-0.003,-0.006,0.0037,0.0037,34.9
5.392,-0.003,-0.0075,0.0015,0.0045,34.7
5.393,-0.003,-0.0068,0.0015,0.003,34.6
5.394,-0.003,-0.0098,0.0015,0.003,34.4
5.395,-0.003,-0.0091,0.0007,0.003,34.2
5.396,-0.0023,-0.0075,0.0007,0.0015,34.1
5.397,-0.003,-0.0068,0.0007,0.0022,33.9
5.398,0.0,-0.0053,0.0007,0.0037,33.7
5.399,0.0007,-0.0053,0.0015,0.0037,33.6
5.4,-0.0015,-0.0023,0.0022,0.003,33.3
5.401,-0.0008,0.0,0.0007,0.0045,33.2
5.402,-0.0015,0.003,0.0022,0.003,33.0
5.403,-0.0008,0.0045,0.003,0.0007,32.8
5.404,0.0007,0.0045,0.0015,0.0,32.7
5.405,-0.0015,0.003,0.0022,0.0007,32.5
5.406,-0.0008,0.0037,0.0022,0.0015,32.3
5.407,-0.0008,0.0037,0.0045,0.0037,32.1
5.408,0.0007,0.003,0.0045,0.0052,31.9
5.409,0.0015,0.0045,0.0045,0.0045,31.8
5.41,0.0015,0.0045,0.0052,0.003,31.5
5.411,0.0,0.0037,0.0045,0.0022,31.4
5.412,-0.0015,0.0015,0.0045,0.0037,31.2
5.413,-0.0015,-0.003,0.003,0.0037,31.0
5.414,-0.0015,-0.0046,0.0015,0.0015,30.8
5.415,-0.0015,-0.0046,0.0007,0.0007,30.6
5.416,-0.0008,-0.0083,0.003,0.0,30.5
5.417,-0.0008,-0.0083,0.003,-0.0008,30.3
5.418,0.0007,-0.0113,0.003,0.0007,30.1
5.419,0.0015,-0.0113,0.0022,0.0022,29.9
5.42,0.0007,-0.006,0.0022,0.003,29.7
5.421,0.0007,-0.0075,0.0022,0.0037,29.6
5.422,0.0015,-0.0068,0.0,0.0015,29.4
5.423,0.0007,-0.0053,-0.0008,0.003,29.2
5.424,0.0007,-0.0015,0.0,0.0022,29.0
5.425,0.0007,0.003,-0.0015,0.0015,28.8
5.426,-0.0015,0.0037,-0.0015,0.003,28.7
5.427,-0.0008,0.0067,-0.0008,0.0,28.5
5.428,0.0007,0.0082,0.0015,-0.0008,28.3
5.429,0.0007,0.0097,0.003,-0.0008,28.1
5.43,0.0015,0.012,0.0022,-0.0015,27.9
5.431,-0.0008,0.0067,0.0015,-0.0015,27.7
5.432,-0.0008,-0.003,0.0007,-0.0008,27.5
5.433,-0.0008,-0.0158,0.0,0.0007,27.4
5.434,-0.0023,-0.0293,-0.0008,0.0007,27.2
5.435,0.0007,-0.0361,-0.0023,0.0007,27.0
5.436,0.0015,-0.0375,-0.0008,0.0015,26.8
5.437,0.0007,-0.0353,-0.0008,0.0015,26.6
5.438,-0.0008,-0.0315,0.0007,0.0007,26.5
5.439,-0.0008,-0.0263,0.0007,0.0015,26.3
5.44,0.0,-0.0218,-0.0008,0.0007,26.1
5.441,0.0,-0.0188,0.0015,0.0015,25.9
5.442,0.0,-0.0188,0.003,0.0015,25.7
5.443,-0.0008,-0.0188,0.003,0.0015,25.5
5.444,-0.0008,-0.0173,0.0045,0.0022,25.3
5.445,-0.0008,-0.0165,0.0045,0.0007,25.1
5.446,-0.003,-0.0128,0.0022,0.0007,24.9
5.447,-0.0015,-0.0091,0.0007,0.003,24.7
5.448,-0.0023,-0.0075,-0.0015,0.003,24.6
5.449,-0.0023,-0.003,-0.0023,0.0022,24.3
5.45,-0.0015,0.0007,-0.0008,0.003,24.2
5.451,-0.0015,0.0075,-0.0008,0.0037,24.0
5.452,-0.0023,0.0112,-0.0008,0.003,23.8
5.453,-0.0038,0.012,0.0,0.0015,23.6
5.454,-0.0015,0.0127,0.0007,0.0022,23.4
5.455,-0.0015,0.012,-0.0008,0.0015,23.2
5.456,-0.0023,0.0105,-0.0008,0.0015,23.0
5.457,-0.003,0.0112,0.0007,0.0015,22.8
5.458,-0.0015,0.0142,0.0,0.0015,22.6
5.459,-0.0015,0.0135,0.0015,0.0015,22.4
5.46,-0.0008,0.0135,0.003,0.0015,22.2
5.461,-0.0008,0.0097,0.003,0.0007,22.0
5.462,0.0007,0.0067,0.0015,0.0007,21.8
5.463,-0.0015,0.0052,0.0015,0.0015,21.6
5.464,-0.0046,0.0007,0.003,0.0015,21.4
5.465,-0.0046,-0.0015,0.003,-0.0015,21.2
5.466,-0.0038,-0.006,0.0045,-0.0015,21.0
5.467,-0.0046,-0.006,0.0015,0.0,20.8
5.468,-0.0038,-0.003,0.0015,0.0015,20.6
5.469,-0.003,-0.0015,0.0015,0.0015,20.4
5.47,-0.003,-0.003,0.0007,0.0007,20.2
5.471,-0.0015,-0.0015,0.0015,-0.0008,20.0
5.472,0.0015,-0.0008,0.0045,0.0007,19.8
5.473,0.0015,-0.0023,0.0045,0.0007,19.6
5.474,0.0015,0.0015,0.003,0.0015,19.4
5.475,0.0,0.003,0.003,0.003,19.2
5.476,-0.0008,0.0037,0.0015,0.0022,19.0
5.477,-0.0015,0.0037,0.0015,0.0015,18.8
5.478,-0.0015,0.0052,0.0007,0.0007,18.6
5.479,-0.0015,0.0037,-0.0008,0.0022,18.4
5.48,-0.0015,0.0015,0.0007,0.003,18.2
5.481,-0.0015,0.0045,-0.0015,0.0022,18.0
5.482,-0.0008,0.0067,-0.0015,0.0015,17.8
5.483,-0.0008,0.009,-0.0008,0.0015,17.6
5.484,-0.0015,0.0105,-0.0008,0.0015,17.5
5.485,-0.0015,0.0105,-0.003,0.0015,17.2
5.486,-0.0008,0.0105,-0.003,0.0015,17.0
5.487,-0.0015,0.009,-0.0015,0.003,16.9
5.488,-0.0008,0.006,0.0007,0.003,16.6
5.489,0.0,0.0045,-0.0015,0.0015,16.5
5.49,0.0,0.0067,-0.003,0.0007,16.2
5.491,0.0015,0.0052,-0.0023,0.0007,16.1
5.492,0.0015,0.006,-0.0015,0.0015,15.9
5.493,0.0007,0.0075,-0.0008,-0.0008,15.7
5.494,0.0007,0.0067,-0.0015,-0.0015,15.5
5.495,0.0007,0.0022,-0.0008,-0.0015,15.3
5.496,-0.0008,-0.0015,0.0015,-0.0046,15.1
5.497,-0.0015,-0.0015,0.003,-0.0053,14.9
5.498,0.0007,-0.0053,0.003,-0.0038,14.7
5.499,0.0015,-0.0128,0.0045,-0.0023,14.5
5.5,0.0007,-0.0181,0.006,-0.0015,14.3
5.501,0.0007,-0.0165,0.0045,-0.0015,14.1
5.502,-0.0046,-0.0128,0.003,-0.0008,13.9
5.503,-0.0105,-0.0105,0.0045,-0.0015,13.7
5.504,-0.0128,-0.0128,0.0045,-0.0015,13.5
5.505,-0.0083,-0.0158,0.0052,0.0,13.3
5.506,-0.0046,-0.0143,0.0067,0.003,13.1
5.507,0.0007,-0.0113,0.0067,0.0022,12.9
5.508,0.0052,-0.012,0.0022,0.0007,12.7
5.509,0.0067,-0.0098,0.0007,0.003,12.5
5.51,0.0105,-0.006,0.0007,0.0037,12.3
5.511,0.012,-0.0046,0.0015,0.0045,12.1
5.512,0.0105,0.0015,0.003,0.0045,11.9
5.513,0.0075,0.0067,0.0037,0.0052,11.7
5.514,0.0045,0.0082,0.0045,0.0052,11.5
5.515,-0.0008,0.0082,0.0015,0.0067,11.3
5.516,-0.0038,0.0052,0.0022,0.0075,11.2
5.517,-0.0053,0.0052,0.003,0.0052,10.9
5.518,-0.0091,0.003,0.0015,0.003,10.7
5.519,-0.0128,0.0045,0.0007,0.0007,10.5
5.52,-0.0105,0.006,-0.003,0.0007,10.3
5.521,-0.0053,0.006,0.0007,0.0015,10.2
5.522,-0.003,0.0052,0.0007,0.0007,10.0
5.523,-0.0015,0.0052,-0.0023,0.0,9.9
5.524,-0.0015,0.003,-0.0008,-0.0015,9.7
5.525,-0.0038,-0.003,-0.003,-0.003,9.5
5.526,-0.0046,-0.006,-0.003,-0.003,9.3
5.527,-0.003,-0.0105,-0.003,-0.0015,9.2
5.528,-0.0023,-0.0135,-0.0015,-0.0008,9.0
5.529,-0.0023,-0.0128,-0.0008,-0.0008,8.8
5.53,-0.0038,-0.0143,-0.0038,-0.0008,8.6
5.531,-0.0038,-0.0165,-0.006,0.0007,8.5
5.532,-0.003,-0.0143,-0.0053,-0.0008,8.3
5.533,0.0,-0.0128,-0.003,-0.0015,8.1
5.534,0.0007,-0.0113,-0.0038,-0.003,8.0
5.535,0.0007,-0.0098,-0.003,-0.0015,7.8
5.536,-0.0008,-0.0091,-0.0038,0.0,7.6
5.537,0.0007,-0.0075,-0.003,0.0015,7.5
5.538,0.0037,-0.0053,-0.0015,0.0007,7.3
5.539,0.003,0.0007,-0.0023,0.0007,7.2
5.54,0.003,0.0067,-0.0008,0.0015,6.9
5.541,0.0015,0.0082,0.0007,0.0007,6.8
5.542,-0.0008,0.0082,0.0007,0.0,6.7
5.543,-0.0046,0.0097,0.0007,0.0,6.5
5.544,-0.0053,0.0067,0.0,0.0,6.4
5.545,-0.0023,0.0007,-0.0008,0.0022,6.3
5.546,-0.0023,-0.0038,0.0,0.0015,6.1
5.547,-0.0015,-0.006,0.0,0.0037,6.0
5.548,-0.0015,-0.003,0.0007,0.0052,5.8
5.549,0.0007,0.0,0.003,0.0052,5.7
5.55,0.0022,-0.0008,0.0037,0.006,5.5
5.551,0.0015,-0.003,0.003,0.0052,5.4
5.552,0.0022,-0.006,0.0045,0.0052,5.3
5.553,0.0015,-0.0046,0.003,0.0045,5.1
5.554,0.0022,-0.003,0.003,0.0015,4.9
5.555,0.003,-0.0046,0.0082,0.003,4.8
5.556,0.0,-0.0015,0.0082,0.0037,4.7
5.557,-0.0008,0.0007,0.0067,0.0045,4.5
5.558,-0.003,0.003,0.0075,0.0075,4.4
5.559,-0.0008,0.0067,0.0075,0.0067,4.2
5.56,0.0007,0.0082,0.0082,0.0067,4.0
5.561,-0.0015,0.0052,0.0082,0.0082,4.0
5.562,-0.0008,0.0015,0.0075,0.0052,3.9
5.563,-0.0015,-0.0053,0.0082,0.0045,3.7
5.564,0.0,-0.015,0.0082,0.0045,3.6
5.565,0.0015,-0.0195,0.0052,0.0037,3.5
5.566,0.0007,-0.021,0.003,0.0022,3.4
5.567,0.0007,-0.0225,0.0015,0.0015,3.2
5.568,-0.0008,-0.0218,0.0007,0.0,3.1
5.569,-0.0015,-0.0188,0.0,-0.0008,3.0
5.57,-0.0015,-0.0165,-0.0023,-0.0008,2.9
5.571,-0.0046,-0.0128,-0.003,0.0007,2.8
5.572,-0.0046,-0.0105,-0.0046,0.0007,2.6
5.573,-0.0046,-0.012,-0.0068,0.0007,2.6
5.574,-0.0068,-0.0143,-0.0083,0.0015,2.4
5.575,-0.006,-0.0135,-0.0053,0.003,2.3
5.576,-0.0046,-0.0105,-0.0046,0.0045,2.2
5.577,-0.0053,-0.0075,-0.0038,0.006,2.1
5.578,-0.0046,-0.0023,-0.0023,0.0052,1.9
5.579,-0.0023,-0.0053,-0.0023,0.003,1.8
5.58,-0.0008,-0.0091,-0.0008,0.0022,1.7
5.581,0.0015,-0.012,0.0015,0.0007,1.6
5.582,0.0022,-0.0143,0.0007,-0.0008,1.5
5.583,0.003,-0.0091,0.0022,0.0007,1.5
5.584,0.0022,-0.0023,0.003,-0.0008,1.4
5.585,0.0045,0.0037,0.0037,-0.0008,1.3
5.586,0.0037,0.009,0.0015,-0.0015,1.2
5.587,0.0022,0.0142,0.0,-0.0008,1.2
5.588,0.0045,0.0142,0.0007,0.0007,1.1
5.589,0.0037,0.0135,0.0007,-0.0015,1.0
5.59,0.0015,0.0157,0.0037,-0.0015,0.9
5.591,0.003,0.0157,0.0045,-0.0015,0.9
5.592,0.0015,0.0127,0.0052,-0.0015,0.8
5.593,0.0007,0.009,0.0067,-0.0015,0.7
5.594,0.0007,0.0082,0.0045,-0.0023,0.6
5.595,0.0,0.009,0.0015,-0.0015,0.5
5.596,0.0,0.0067,0.0007,-0.0008,0.4
5.597,-0.0008,0.0082,0.0007,-0.0008,0.4
5.598,-0.0008,0.0097,-0.0008,0.0015,0.3
5.599,0.0007,0.0105,0.0007,0.0015,0.2
5.6,0.0015,0.0105,0.0015,0.0022,0.1
5.601,0.0007,0.0082,0.0,0.0037,0.1
5.602,0.0015,0.0045,-0.0015,0.0007,0.1
5.603,-0.0008,-0.003,-0.0046,-0.003,0.0
5.604,-0.0053,-0.006,-0.0023,-0.0023,0.0
5.605,-0.0113,-0.0083,-0.0023,-0.0008,0.0
5.606,-0.0128,-0.0105,0.0015,-0.0015,0.0
5.607,-0.0091,-0.0113,0.0052,-0.0008,-0.1
5.608,-0.006,-0.006,0.0052,0.0,-0.1
5.609,0.0007,-0.0008,0.0052,0.0007,-0.1
5.61,0.0082,-0.0008,0.006,0.0045,-0.2
5.611,0.0135,0.0045,0.0052,0.0127,-0.2
5.612,0.0157,0.0045,0.0052,0.0187,-0.2
5.613,0.0142,-0.0008,0.0045,0.021,-0.2
5.614,0.0135,-0.0023,0.0015,0.0217,-0.3
5.615,0.0105,-0.0068,0.0015,0.0082,-0.3
5.616,0.006,-0.0098,-0.0008,-0.0008,-0.3
5.617,0.0015,-0.0098,-0.0023,-0.0008,-0.4
5.618,-0.0023,-0.003,0.0,-0.0008,-0.4
5.619,-0.0083,0.003,-0.0015,-0.0008,-0.4
5.62,-0.0128,-0.0091,-0.0008,-0.0023,-0.5
5.621,-0.0098,-0.0143,-0.0008,-0.0046,-0.5
5.622,-0.0068,-0.0038,-0.0015,-0.0038,-0.5
5.623,-0.0053,0.0,-0.0008,-0.003,-0.5
5.624,-0.0046,-0.0023,-0.0015,-0.003,-0.5
5.625,-0.0015,-0.0075,-0.0008,-0.003,-0.5
5.626,-0.0008,-0.0075,0.0007,-0.0046,-0.5
5.627,-0.0015,-0.0083,-0.0015,-0.0091,-0.5
5.628,-0.003,0.0105,-0.0038,-0.0075,-0.5
5.629,-0.0046,0.0382,-0.0046,-0.003,-0.5
5.63,-0.0046,0.0307,-0.0053,-0.0015,-0.5
5.631,-0.0038,0.0067,-0.0038,0.0007,-0.5
5.632,-0.0038,-0.003,-0.0008,0.0022,-0.5
5.633,-0.0023,-0.0046,-0.0008,0.003,-0.5
5.634,-0.0023,-0.0053,0.0007,0.0045,-0.5
5.635,-0.0023,-0.003,0.003,0.0052,-0.5
5.636,0.0,-0.0015,0.003,0.0045,-0.5
5.637,0.0,0.0015,0.006,0.006,-0.5
5.638,0.0,0.0052,0.0082,0.009,-0.5
5.639,0.0007,0.0082,0.009,0.0052,-0.5
5.64,-0.0008,0.009,0.0067,-0.0053,-0.5
5.641,-0.0015,0.003,0.0022,-0.0135,-0.5
5.642,-0.003,-0.0068,0.0,-0.0233,-0.5
5.643,-0.0038,-0.0181,-0.0015,-0.0308,-0.4
5.644,-0.003,-0.0203,-0.0008,-0.0308,-0.4
5.645,-0.0015,-0.0218,-0.0015,-0.0315,-0.4
5.646,-0.0008,-0.0248,-0.0053,-0.0315,-0.3
5.647,-0.0038,-0.0308,-0.0068,-0.0248,-0.3
5.648,-0.0038,-0.0346,-0.0008,-0.006,-0.3
5.649,0.0007,-0.0346,0.0007,0.0127,-0.3
5.65,0.0015,-0.0375,0.0007,0.0307,-0.2
5.651,0.0015,-0.0278,0.0007,0.054,-0.2
5.652,0.0022,0.0195,-0.0008,0.0802,-0.2
5.653,0.0052,0.0735,0.0022,0.1065,-0.1
5.654,0.006,0.063,0.0045,0.1005,-0.1
5.655,0.0067,0.0255,0.0052,0.0555,-0.1
5.656,0.0075,0.009,0.0052,0.0157,0.0
5.657,0.003,-0.0128,0.0037,0.0045,0.0
5.658,0.0015,-0.0083,0.0037,0.0,0.0
5.659,0.003,0.0015,0.0015,-0.0015,0.0
5.66,0.0007,0.012,0.003,-0.0068,0.0
5.661,-0.0008,0.0345,0.0015,-0.0233,0.1
5.662,-0.0015,0.0157,-0.0015,-0.0218,0.1
5.663,-0.003,0.003,-0.006,-0.0256,0.2
5.664,-0.006,0.0015,-0.0091,-0.027,0.2
5.665,-0.0075,-0.0158,-0.0091,-0.0248,0.3
5.666,-0.0075,-0.0233,-0.012,-0.039,0.3
5.667,-0.0068,-0.0315,-0.0083,-0.045,0.4
5.668,-0.0046,-0.033,-0.0068,-0.0503,0.4
5.669,-0.0046,-0.0315,-0.0053,-0.0383,0.4
5.67,-0.003,-0.0315,-0.0008,-0.0203,0.5
5.671,-0.0015,-0.0173,0.003,-0.0098,0.5
5.672,-0.0008,-0.0083,0.0097,-0.0023,0.6
5.673,0.0015,-0.0091,0.0097,-0.0015,0.6
5.674,0.0007,-0.003,0.0067,0.0007,0.7
5.675,-0.003,0.0067,0.0022,0.0232,0.7
5.676,-0.003,0.0165,0.0007,0.057,0.8
5.677,-0.003,0.0015,0.0007,0.072,0.8
5.678,-0.0046,-0.0188,-0.0015,0.063,0.9
5.679,-0.0053,-0.021,-0.0008,0.0292,0.9
5.68,-0.0046,-0.0315,-0.0015,-0.021,0.9
5.681,-0.0023,-0.042,-0.0008,-0.0383,1.0
5.682,-0.003,-0.042,-0.003,-0.0248,1.0
5.683,-0.003,-0.0293,-0.003,-0.027,1.0
5.684,-0.0008,0.0052,0.0,-0.039,1.1
5.685,-0.0015,0.003,-0.0008,-0.0405,1.1
5.686,-0.0008,-0.0128,-0.0008,-0.0323,1.1
5.687,0.0015,0.0015,0.0015,-0.0113,1.2
5.688,0.0052,0.0217,0.003,0.024,1.2
5.689,0.006,0.0495,0.0,0.051,1.2
5.69,0.0045,0.0315,-0.003,0.0652,1.3
5.691,0.003,0.0045,-0.0053,0.0577,1.3
5.692,0.0015,0.003,-0.0053,0.057,1.3
5.693,0.0045,-0.0083,-0.0038,0.045,1.3
5.694,0.003,-0.0083,-0.0083,0.003,1.3
5.695,-0.0008,-0.0128,-0.0046,-0.0083,1.4
5.696,-0.0008,-0.0105,-0.003,-0.0218,1.4
5.697,-0.0038,-0.0075,-0.0023,-0.0083,1.4
5.698,-0.0038,-0.0008,0.0007,0.0105,1.5
5.699,-0.0015,0.0082,-0.003,0.0067,1.5
5.7,-0.0046,0.0067,-0.0008,0.0075,1.5
5.701,-0.0015,0.0135,0.003,-0.0068,1.5
5.702,0.0007,0.0157,0.0022,-0.0143,1.5
5.703,-0.0015,0.012,0.0037,-0.0165,1.5
5.704,0.0007,0.009,0.0045,-0.0068,1.5
5.705,0.0015,0.0067,0.0045,-0.0053,1.5
5.706,-0.0015,0.0022,0.0067,-0.0113,1.5
5.707,-0.0015,0.0015,0.015,-0.015,1.5
5.708,0.0,-0.0015,0.0142,-0.0278,1.5
5.709,-0.003,-0.0053,0.0045,-0.0368,1.5
5.71,-0.0053,-0.0015,-0.0046,-0.0353,1.6
5.711,-0.0068,-0.0015,-0.012,-0.0323,1.6
5.712,-0.0098,0.0022,-0.0128,-0.024,1.6
5.713,-0.012,0.0045,-0.012,-0.012,1.6
5.714,-0.0143,0.0105,-0.0091,-0.0008,1.6
5.715,-0.0113,0.0165,-0.0046,0.0202,1.6
5.716,-0.0046,0.0127,-0.0015,0.0382,1.6
5.717,-0.0023,0.0082,0.0007,0.0405,1.6
5.718,0.0007,0.0045,0.003,0.0142,1.6
5.719,0.006,0.003,0.0067,-0.0308,1.6
5.72,0.0142,-0.0038,0.0082,-0.0721,1.6
5.721,0.0157,-0.0098,0.0067,-0.1035,1.5
5.722,0.0127,-0.0128,0.0067,-0.1065,1.3
5.723,0.0157,-0.0165,0.012,-0.0698,1.2
5.724,0.012,-0.0068,0.0165,-0.012,1.0
5.725,0.0105,0.0135,0.0157,0.051,0.9
5.726,0.0127,0.0127,0.0232,0.087,0.7
5.727,0.0045,0.0022,0.024,0.0825,0.5
5.728,-0.0015,-0.0046,0.0142,0.039,0.4
5.729,-0.0091,-0.0203,0.0045,-0.012,0.2
5.73,-0.0181,-0.0225,-0.0008,-0.0075,0.0
5.731,-0.0113,-0.0203,0.0015,0.0007,-0.1
5.732,-0.0068,-0.0308,-0.0015,0.0277,-0.2
5.733,-0.0083,-0.0338,-0.0053,0.048,-0.4
5.734,-0.0091,-0.0248,-0.0091,0.0292,-0.5
5.735,-0.0098,-0.0233,-0.0158,0.039,-0.7
5.736,-0.0091,-0.033,-0.0181,0.0502,-0.9
5.737,-0.0053,-0.0068,-0.0188,0.084,-1.0
5.738,0.0015,0.0307,-0.0195,0.111,-1.2
5.739,0.0045,0.0465,-0.0203,0.0877,-1.4
5.74,0.0052,0.0652,-0.024,0.0135,-1.5
5.741,0.003,0.0465,-0.03,-0.0368,-1.5
5.742,0.0,0.0052,-0.0315,-0.0315,-1.6
5.743,0.0015,0.021,-0.0315,-0.0285,-1.7
5.744,0.0037,0.042,-0.0278,-0.006,-1.7
5.745,0.0067,0.0465,-0.0278,0.0075,-1.8
5.746,0.0015,0.0315,-0.033,-0.0315,-1.8
5.747,-0.0068,-0.0083,-0.0353,-0.057,-1.9
5.748,-0.0083,-0.0105,-0.0323,-0.0353,-1.9
5.749,-0.0046,-0.0083,-0.0278,-0.0046,-2.0
5.75,-0.003,0.0082,-0.024,0.0367,-2.1
5.751,-0.003,0.006,-0.0181,0.0532,-2.1
5.752,-0.0008,-0.0113,-0.0068,0.0292,-2.2
5.753,-0.0015,-0.0068,0.0037,-0.0046,-2.2
5.754,-0.0015,-0.024,0.0157,0.0105,-2.3
5.755,-0.0008,-0.0308,0.0382,0.051,-2.3
5.756,-0.0008,-0.027,0.0645,0.0255,-2.4
5.757,-0.0038,-0.0308,0.0855,-0.021,-2.4
5.758,-0.0046,-0.0256,0.1065,-0.0293,-2.5
5.759,-0.0046,-0.0218,0.1312,-0.0293,-2.6
5.76,-0.0046,-0.0143,0.1462,-0.0375,-2.7
5.761,-0.003,-0.0105,0.1627,-0.0353,-2.6
5.762,-0.003,-0.0128,0.1762,-0.0361,-2.6
5.763,-0.003,-0.0165,0.1785,-0.0293,-2.6
5.764,-0.0046,-0.0203,0.1702,-0.0248,-2.5
5.765,-0.0053,-0.0158,0.144,-0.0233,-2.5
5.766,-0.0053,-0.012,0.1087,-0.0195,-2.5
5.767,-0.0038,-0.0091,0.0825,-0.0195,-2.4
5.768,-0.0015,-0.0083,0.0532,-0.0188,-2.4
5.769,-0.0008,-0.0098,0.0202,-0.024,-2.4
5.77,-0.0008,-0.0105,-0.003,-0.0256,-2.3
5.771,-0.0015,-0.0143,-0.0323,-0.0285,-2.3
5.772,-0.0008,-0.0181,-0.0691,-0.0353,-2.3
5.773,0.0007,-0.0135,-0.1013,-0.0338,-2.3
5.774,0.0015,-0.0053,-0.1313,-0.0181,-2.3
5.775,0.0015,-0.0023,-0.1553,0.0082,-2.2
5.776,0.003,-0.0046,-0.177,0.0232,-2.2
5.777,0.0015,-0.0143,-0.1913,0.0127,-2.2
5.778,-0.0023,-0.021,-0.1943,0.0067,-2.1
5.779,-0.003,-0.0181,-0.1935,0.0037,-2.1
5.78,-0.0015,-0.003,-0.1838,-0.0135,-2.1
5.781,-0.0008,0.0255,-0.1628,-0.0233,-2.1
5.782,0.0015,0.0247,-0.1381,-0.0128,-2.1
5.783,0.0,0.0075,-0.1088,0.0142,-2.1
5.784,0.0015,0.0112,-0.0691,0.0427,-2.1
5.785,0.0052,0.0045,-0.0278,0.0705,-2.1
5.786,0.003,0.0217,0.009,0.102,-2.1
5.787,0.0022,0.0532,0.045,0.1012,-2.1
5.788,0.0022,0.0382,0.075,0.099,-2.1
5.789,0.003,0.0067,0.099,0.1065,-2.1
5.79,0.0037,-0.0008,0.1155,0.066,-2.1
5.791,0.003,0.0112,0.1237,0.018,-2.1
5.792,0.0007,0.0232,0.1275,-0.0068,-2.1
5.793,-0.0008,0.024,0.1267,-0.0346,-2.1
5.794,-0.003,-0.0046,0.12,-0.0248,-2.1
5.795,-0.0053,-0.0098,0.1155,0.0052,-2.1
5.796,0.0007,0.0007,0.111,-0.012,-2.1
5.797,0.0045,0.0022,0.1035,-0.0218,-2.1
5.798,0.003,0.0112,0.0952,0.0015,-2.1
5.799,0.006,0.0007,0.087,0.0157,-2.1
5.8,0.003,-0.003,0.0765,0.0195,-2.1
5.801,0.003,-0.0075,0.0652,0.0037,-2.1
5.802,0.0022,-0.0195,0.0555,-0.0075,-2.0
5.803,0.0007,-0.0083,0.0457,-0.0083,-2.0
5.804,0.003,0.0135,0.036,-0.0135,-2.0
5.805,0.0015,0.0217,0.024,-0.0278,-1.9
5.806,-0.0015,-0.006,0.012,-0.0405,-1.9
5.807,-0.003,-0.033,0.0015,-0.0256,-1.8
5.808,-0.003,-0.033,-0.0091,-0.0165,-1.8
5.809,-0.0038,-0.0353,-0.0165,-0.0203,-1.8
5.81,-0.0023,-0.033,-0.024,-0.0195,-1.7
5.811,-0.0015,-0.033,-0.0323,-0.003,-1.7
5.812,-0.0038,-0.0323,-0.0361,0.003,-1.7
5.813,-0.0038,-0.0293,-0.0405,-0.0143,-1.6
5.814,-0.0046,-0.0143,-0.048,-0.0128,-1.6
5.815,-0.0046,0.0142,-0.0503,-0.003,-1.5
5.816,-0.003,0.0112,-0.0503,0.0022,-1.5
5.817,-0.0023,-0.0038,-0.054,0.012,-1.5
5.818,0.0007,-0.0015,-0.0563,0.024,-1.4
5.819,0.0022,-0.003,-0.057,0.039,-1.4
5.82,0.0022,-0.0105,-0.0615,0.045,-1.4
5.821,-0.0015,-0.021,-0.0653,0.039,-1.4
5.822,-0.0015,-0.0203,-0.0706,0.012,-1.4
5.823,-0.0008,-0.0053,-0.0698,-0.015,-1.4
5.824,0.0007,-0.0098,-0.0706,-0.0165,-1.5
5.825,0.003,-0.0248,-0.0713,-0.0143,-1.5
5.826,0.0007,-0.0256,-0.0698,-0.012,-1.6
5.827,-0.0008,-0.0263,-0.0706,-0.0128,-1.6
5.828,-0.0015,-0.0278,-0.0698,-0.0128,-1.7
5.829,-0.0053,-0.0278,-0.0645,-0.0113,-1.7
5.83,-0.0046,-0.0233,-0.06,-0.012,-1.8
5.831,-0.0046,-0.0158,-0.057,-0.0128,-1.8
5.832,-0.0038,-0.0165,-0.0503,-0.0143,-1.9
5.833,-0.003,-0.0165,-0.0465,-0.0083,-1.9
5.834,-0.003,-0.0143,-0.0443,-0.0038,-2.0
5.835,-0.003,-0.0181,-0.0383,-0.0015,-2.0
5.836,-0.0046,-0.0203,-0.033,-0.0015,-2.1
5.837,-0.0046,-0.024,-0.0293,-0.0015,-2.1
5.838,-0.0046,-0.024,-0.0248,-0.0038,-2.2
5.839,-0.0046,-0.0195,-0.0158,-0.003,-2.2
5.84,-0.0038,-0.0158,-0.0105,-0.0053,-2.3
5.841,-0.003,-0.012,-0.0053,-0.0091,-2.3
5.842,-0.0008,-0.0098,-0.0015,-0.0091,-2.4
5.843,-0.0015,-0.0128,0.003,-0.0091,-2.5
5.844,-0.0008,-0.0203,0.0082,-0.0053,-2.5
5.845,-0.0015,-0.0285,0.012,-0.0038,-2.6
5.846,-0.003,-0.0368,0.0172,-0.003,-2.7
5.847,-0.0008,-0.039,0.0195,0.0,-2.7
5.848,-0.0015,-0.0383,0.0172,0.0007,-2.8
5.849,-0.003,-0.039,0.0127,0.0007,-2.9
5.85,-0.0015,-0.0383,0.012,0.0007,-3.0
5.851,-0.0008,-0.0353,0.012,0.0015,-3.1
5.852,0.0015,-0.0293,0.0112,0.003,-3.1
5.853,0.0007,-0.0233,0.0142,0.0045,-3.2
5.854,0.0007,-0.0135,0.012,0.0045,-3.2
5.855,0.0007,0.0045,0.0127,0.0075,-3.3
5.856,0.0,0.0225,0.015,0.0075,-3.4
5.857,-0.0008,0.015,0.0142,0.0045,-3.5
5.858,-0.0008,0.0082,0.0165,0.003,-3.6
5.859,0.0007,0.012,0.0165,0.0045,-3.6
5.86,0.0007,-0.0046,0.0187,0.0052,-3.7
5.861,0.0015,-0.012,0.0195,0.0045,-3.7
5.862,0.0015,-0.0135,0.0202,0.0045,-3.7
5.863,-0.0008,-0.0158,0.0225,0.0052,-3.8
5.864,0.0007,-0.0128,0.0255,0.0052,-3.8
5.865,0.0007,-0.0165,0.0292,0.0067,-3.8
5.866,0.0007,-0.015,0.0292,0.006,-3.9
5.867,0.0007,-0.0128,0.0307,0.0045,-3.9
5.868,0.0015,-0.0075,0.033,0.0052,-3.9
5.869,0.003,-0.0046,0.0345,0.0045,-3.9
5.87,0.003,-0.006,0.0345,0.0045,-4.0
5.871,0.003,-0.006,0.0345,0.003,-4.0
5.872,-0.0008,-0.003,0.0345,0.0037,-4.0
5.873,-0.0015,0.0007,0.0322,0.003,-4.1
5.874,-0.0008,-0.0008,0.0315,0.0015,-4.1
5.875,0.0,-0.006,0.0315,0.003,-4.1
5.876,0.0015,-0.0135,0.0277,0.0045,-4.1
5.877,0.0022,-0.0195,0.0262,0.0052,-4.1
5.878,0.003,-0.024,0.0255,0.0045,-4.2
5.879,-0.0008,-0.0263,0.0195,0.003,-4.2
5.88,-0.003,-0.027,0.0172,0.0045,-4.3
5.881,-0.003,-0.0233,0.0142,0.0052,-4.3
5.882,-0.0023,-0.0143,0.009,0.006,-4.2
5.883,-0.0038,-0.0091,0.009,0.0052,-4.2
5.884,-0.0046,-0.0046,0.006,0.0075,-4.2
5.885,-0.0046,0.003,0.0052,0.0067,-4.2
5.886,-0.0053,0.0127,0.0045,0.006,-4.2
5.887,-0.0046,0.0217,0.003,0.0067,-4.2
5.888,-0.0046,0.0315,0.0007,0.006,-4.2
5.889,-0.0046,0.0405,0.0015,0.003,-4.1
5.89,-0.003,0.045,0.0015,0.003,-4.1
5.891,-0.003,0.048,0.0007,0.0045,-4.1
5.892,0.0007,0.0457,0.0007,0.0045,-4.1
5.893,0.0015,0.0405,-0.0008,0.0045,-4.1
5.894,0.0007,0.039,-0.0008,0.0045,-4.1
5.895,0.0007,0.0382,-0.0023,0.003,-4.1
5.896,-0.0008,0.0375,-0.0015,0.0022,-4.1
5.897,-0.0015,0.042,-0.0015,0.003,-4.1
5.898,-0.0008,0.0442,-0.0038,0.0022,-4.1
5.899,-0.0008,0.0472,-0.0046,0.0045,-4.0
5.9,-0.0008,0.0472,-0.0053,0.0052,-4.0
5.901,0.0,0.0465,-0.003,0.0045,-4.0
5.902,-0.0023,0.0495,-0.0046,0.0037,-4.0
5.903,-0.003,0.048,-0.0038,0.0015,-4.0
5.904,-0.0023,0.0502,-0.003,0.0007,-4.0
5.905,-0.0046,0.0547,-0.003,0.0007,-4.0
5.906,-0.0015,0.057,-0.003,0.0007,-4.0
5.907,-0.0008,0.0555,-0.0053,0.0007,-4.0
5.908,0.0,0.0517,-0.0046,-0.0015,-4.0
5.909,0.0007,0.0442,-0.0046,-0.0015,-4.0
5.91,-0.0015,0.0367,-0.006,-0.0015,-4.0
5.911,-0.0008,0.0315,-0.0068,-0.0015,-4.0
5.912,0.0007,0.0277,-0.0075,-0.0015,-4.0
5.913,0.0,0.0255,-0.0068,-0.003,-4.0
5.914,0.0007,0.024,-0.0046,-0.0015,-4.0
5.915,0.0007,0.0247,-0.0038,-0.0008,-3.9
5.916,-0.0015,0.039,-0.003,0.0015,-3.9
5.917,0.0,0.0757,-0.003,0.0015,-3.9
5.918,0.0007,0.1237,-0.0015,0.0007,-3.9
5.919,0.0007,0.159,-0.0008,0.0022,-3.9
5.92,0.0015,0.186,0.0007,0.003,-3.9
5.921,0.0015,0.2025,0.0,0.003,-3.9
5.922,0.0022,0.2055,0.0007,0.0015,-3.9
5.923,0.0037,0.204,0.0,0.0015,-3.9
5.924,0.0045,0.1987,-0.0008,0.0007,-3.9
5.925,0.0037,0.1905,0.0007,0.0007,-3.9
5.926,0.0015,0.1717,0.0007,-0.0015,-3.9
5.927,0.0015,0.1425,0.0015,-0.003,-3.9
5.928,-0.0015,0.1102,0.0022,-0.0038,-3.9
5.929,0.0,0.0802,0.0022,-0.0038,-3.9
5.93,0.0022,0.051,0.0022,-0.0046,-4.0
5.931,0.0007,0.0262,0.0015,-0.0046,-4.0
5.932,0.0007,0.0112,0.0007,-0.0046,-4.0
5.933,-0.0008,-0.0008,-0.0008,-0.0046,-4.0
5.934,-0.0008,-0.0091,-0.0008,-0.003,-4.0
5.935,-0.0015,-0.0203,0.0007,-0.003,-4.0
5.936,-0.0046,-0.0323,0.0022,-0.003,-4.0
5.937,-0.0015,-0.0398,0.0015,-0.0023,-4.0
5.938,-0.0008,-0.0503,0.0015,-0.003,-4.0
5.939,-0.0015,-0.06,0.003,-0.0015,-4.0
5.94,-0.0023,-0.0675,0.003,-0.003,-4.1
5.941,-0.0015,-0.0743,0.0037,-0.0015,-4.1
5.942,-0.0015,-0.0803,0.003,0.0,-4.1
5.943,-0.003,-0.0856,0.0015,0.0007,-4.1
5.944,-0.0038,-0.09,0.0015,0.0007,-4.1
5.945,-0.0023,-0.0938,0.003,0.0022,-4.1
5.946,-0.0046,-0.0968,0.0015,0.0007,-4.1
5.947,-0.0046,-0.099,0.003,-0.0008,-4.2
5.948,-0.003,-0.1028,0.0037,0.0,-4.2
5.949,-0.003,-0.1028,0.0045,0.0007,-4.2
5.95,-0.0023,-0.1021,0.0067,0.0007,-4.3
5.951,-0.0008,-0.099,0.006,-0.0008,-4.3
5.952,-0.0008,-0.096,0.006,-0.0015,-4.3
5.953,-0.0023,-0.0893,0.006,-0.0015,-4.3
5.954,-0.003,-0.084,0.0045,-0.0015,-4.4
5.955,-0.0015,-0.0818,0.0045,-0.0008,-4.4
5.956,-0.0008,-0.0818,0.003,0.0,-4.4
5.957,0.0015,-0.0795,0.003,0.0,-4.4
5.958,0.0015,-0.078,0.0045,0.0,-4.5
5.959,0.0022,-0.0743,0.0045,-0.0008,-4.5
5.96,0.0015,-0.0691,0.003,-0.0015,-4.5
5.961,0.0015,-0.0683,0.0045,-0.0015,-4.5
5.962,-0.0008,-0.063,0.0052,-0.0008,-4.5
5.963,-0.0008,-0.0608,0.0067,-0.0008,-4.5
5.964,-0.0008,-0.0555,0.006,-0.0015,-4.5
5.965,-0.0008,-0.0503,0.0045,-0.003,-4.6
5.966,0.0,-0.048,0.0045,-0.006,-4.6
5.967,-0.0008,-0.042,0.0052,-0.006,-4.6
5.968,-0.0008,-0.0375,0.006,-0.0083,-4.6
5.969,0.0007,-0.03,0.003,-0.0091,-4.6
5.97,0.0007,-0.0263,0.003,-0.0083,-4.6
5.971,-0.0015,-0.0225,0.0045,-0.0083,-4.6
5.972,-0.0008,-0.0233,0.0015,-0.0046,-4.7
5.973,-0.0008,-0.0256,0.0015,-0.0046,-4.7
5.974,0.0,-0.0218,0.0,-0.006,-4.7
5.975,-0.0008,-0.0203,0.0007,-0.006,-4.7
5.976,-0.0008,-0.0188,0.003,-0.006,-4.7
5.977,0.0,-0.0195,0.0007,-0.0053,-4.7
5.978,-0.0008,-0.0181,0.0007,-0.0068,-4.7
5.979,-0.0023,-0.0181,0.0007,-0.0068,-4.8
5.98,-0.0015,-0.0173,0.0,-0.0075,-4.8
5.981,-0.0015,-0.0181,-0.0008,-0.0068,-4.8
5.982,-0.0015,-0.0173,-0.003,-0.0053,-4.8
5.983,0.0,-0.0188,-0.003,-0.0068,-4.8
5.984,0.0015,-0.0256,-0.003,-0.0053,-4.8
5.985,0.0007,-0.0315,-0.0023,0.003,-4.7
5.986,0.0015,-0.039,-0.0008,0.0217,-4.7
5.987,0.0015,-0.039,-0.0015,0.0397,-4.7
5.988,0.0007,-0.0353,-0.0038,0.0495,-4.7
5.989,-0.0015,-0.0263,-0.0053,0.051,-4.7
5.99,-0.0015,0.0052,-0.0068,0.0525,-4.6
5.991,-0.0008,0.0225,-0.0068,0.054,-4.6
5.992,-0.0023,0.0127,-0.0068,0.0532,-4.6
5.993,-0.0008,0.0292,-0.0083,0.0525,-4.6
5.994,0.0007,0.0585,-0.0083,0.0502,-4.6
5.995,0.0,0.0502,-0.0083,0.0472,-4.6
5.996,0.0007,0.021,-0.0068,0.0465,-4.5
5.997,-0.0008,-0.012,-0.0068,0.036,-4.5
5.998,-0.003,-0.0218,-0.0068,0.0195,-4.5
5.999,-0.0046,-0.0195,-0.0053,0.0097,-4.5
6.0,-0.006,-0.0218,-0.0053,0.006,-4.5
6.001,-0.0053,-0.0195,-0.003,0.0075,-4.5
6.002,-0.0046,-0.0165,-0.0038,0.012,-4.5
6.003,-0.003,0.0045,-0.0046,0.0172,-4.5
6.004,-0.0023,0.0135,-0.0038,0.0112,-4.5
6.005,-0.003,0.0022,-0.0053,-0.0008,-4.4
6.006,-0.003,0.0045,-0.003,-0.0068,-4.4
6.007,-0.0046,0.0,-0.0015,-0.0158,-4.4
6.008,-0.0023,-0.0075,-0.0015,-0.0285,-4.4
6.009,0.0007,-0.0091,0.0007,-0.0458,-4.4
6.01,-0.0008,-0.0091,0.0015,-0.045,-4.3
6.011,-0.0015,-0.0075,0.0037,-0.0315,-4.3
6.012,0.0007,-0.006,0.003,-0.0181,-4.3
6.013,0.0007,-0.006,0.0015,0.003,-4.3
6.014,-0.0008,-0.0075,0.003,0.0202,-4.3
6.015,-0.0015,-0.0053,0.0022,0.0345,-4.3
6.016,-0.0015,-0.0053,0.0007,0.0397,-4.2
6.017,-0.0015,-0.0053,0.0007,0.0262,-4.2
6.018,-0.0015,-0.0046,0.0022,0.0127,-4.2
6.019,0.0,-0.0046,0.0037,0.0037,-4.2
6.02,0.0007,-0.0023,0.003,-0.0128,-4.2
6.021,0.0,-0.0015,0.0022,-0.024,-4.2
6.022,0.0015,-0.003,0.003,-0.024,-4.2
6.023,-0.0008,-0.0023,0.003,-0.0278,-4.2
6.024,-0.0008,0.0,0.0022,-0.0278,-4.2
6.025,-0.0023,0.0045,0.0022,-0.0263,-4.2
6.026,-0.003,0.0082,0.0022,-0.0233,-4.2
6.027,-0.003,0.0037,0.0007,-0.0195,-4.2
6.028,-0.0023,-0.0008,-0.0008,-0.0165,-4.2
6.029,-0.0008,0.0007,0.0,-0.0165,-4.2
6.03,0.0,0.0022,-0.0015,-0.0203,-4.1
6.031,0.0007,0.0007,-0.0023,-0.0203,-4.1
6.032,0.003,-0.006,-0.0008,-0.0195,-4.1
6.033,0.0022,-0.0068,-0.0008,-0.0188,-4.1
6.034,0.0015,-0.0008,0.0007,-0.0105,-4.1
6.035,0.0007,0.0127,0.0015,0.003,-4.1
6.036,0.0015,0.033,0.0015,0.0082,-4.1
6.037,0.0015,0.0195,0.0022,0.0045,-4.1
6.038,-0.0015,0.0097,0.0037,0.0135,-4.1
6.039,-0.0008,0.0405,0.0045,0.0232,-4.1
6.04,0.0007,0.0472,0.003,0.0232,-4.1
6.041,0.0,0.0232,0.0015,0.0112,-4.1
6.042,-0.0015,-0.0068,0.0022,-0.0015,-4.1
6.043,-0.003,-0.0285,0.0022,-0.0008,-4.1
6.044,-0.0015,-0.0158,0.0015,-0.0008,-4.1
6.045,-0.003,-0.0023,0.0022,-0.0083,-4.1
6.046,-0.0023,-0.006,0.0037,-0.0128,-4.1
6.047,0.0015,-0.0068,0.0015,-0.015,-4.1
6.048,0.0007,-0.0083,0.0015,-0.0143,-4.1
6.049,-0.0008,-0.0091,0.0,-0.0143,-4.1
6.05,-0.0015,0.024,0.0007,-0.0083,-4.1
6.051,-0.0008,0.0705,0.0015,-0.0046,-4.1
6.052,-0.0008,0.0457,0.003,-0.0128,-4.1
6.053,0.0,-0.0068,0.0052,-0.015,-4.1
6.054,-0.0015,-0.0053,0.0075,-0.0105,-4.1
6.055,-0.003,-0.012,0.006,-0.0091,-4.1
6.056,-0.0023,-0.0195,0.0052,-0.0083,-4.1
6.057,-0.0023,-0.0181,0.0082,-0.0091,-4.1
6.058,-0.003,-0.0195,0.0082,-0.0098,-4.1
6.059,-0.0038,-0.0113,0.0067,-0.0091,-4.1
6.06,-0.0023,-0.0173,0.0075,-0.0068,-4.1
6.061,-0.0015,-0.0233,0.0052,-0.0023,-4.1
6.062,-0.0015,-0.0353,0.0045,0.0022,-4.1
6.063,0.0007,-0.0383,0.0015,0.0037,-4.1
6.064,0.0007,-0.0375,0.0015,0.003,-4.1
6.065,0.0015,-0.0353,0.0015,0.003,-4.1
6.066,0.003,-0.0293,0.0007,0.0045,-4.1
6.067,0.0045,-0.0263,0.0007,0.0037,-4.1
6.068,0.0037,-0.0181,-0.0023,0.0052,-4.1
6.069,0.0037,-0.0143,-0.0015,0.0052,-4.1
6.07,0.0037,-0.0091,-0.0008,0.0052,-4.1
6.071,0.0022,-0.0053,-0.0023,0.0067,-4.1
6.072,0.0015,-0.0008,-0.0015,0.0067,-4.1
6.073,-0.0008,-0.0015,-0.0015,0.0067,-4.1
6.074,-0.0015,-0.003,-0.0015,0.0052,-4.1
6.075,0.0,-0.003,-0.003,0.006,-4.1
6.076,-0.0008,-0.0008,-0.003,0.0067,-4.1
6.077,-0.0008,0.0045,-0.0015,0.0067,-4.1
6.078,-0.003,0.0067,0.0007,0.0045,-4.1
6.079,-0.0015,0.012,0.0015,0.0022,-4.1
6.08,-0.0008,0.0127,0.003,0.0007,-4.1
6.081,-0.0015,0.0127,0.0015,0.0007,-4.1
6.082,-0.0023,0.0135,0.0007,0.0015,-4.1
6.083,-0.003,0.0127,-0.0008,0.0007,-4.1
6.084,-0.0015,0.015,0.0,-0.0015,-4.1
6.085,-0.0046,0.0165,0.0022,-0.0015,-4.1
6.086,-0.003,0.0157,0.003,0.0007,-4.1
6.087,-0.0015,0.0112,0.0015,0.003,-4.1
6.088,-0.0008,0.0097,0.0,0.0037,-4.1
6.089,-0.0008,0.009,0.0015,0.0022,-4.1
6.09,-0.0023,0.0052,0.0015,0.0015,-4.1
6.091,-0.0015,0.0067,0.0007,0.003,-4.1
6.092,-0.0015,0.0097,0.0022,0.0037,-4.1
6.093,-0.0008,0.0105,0.0007,0.0045,-4.1
6.094,-0.0008,0.0067,0.0,0.0045,-4.1
6.095,-0.0015,0.0037,-0.0008,0.0052,-4.0
6.096,0.0,0.0022,0.0,0.0045,-4.0
6.097,0.0007,0.003,0.0015,0.0067,-4.0
6.098,0.0015,0.0022,0.0007,0.0082,-4.0
6.099,0.0007,-0.0008,-0.0008,0.009,-4.0
6.1,-0.0015,-0.0015,-0.0008,0.0105,-4.0
6.101,-0.003,-0.0015,-0.0008,0.009,-4.0
6.102,-0.003,-0.0015,0.0007,0.0067,-4.0
6.103,-0.0015,-0.0015,0.0015,0.006,-4.0
6.104,-0.0015,0.003,0.003,0.0052,-4.0
6.105,-0.0015,0.0037,0.003,0.0037,-4.0
6.106,-0.0015,0.0015,0.0007,0.0022,-4.0
6.107,0.0007,0.003,0.0,0.0015,-4.0
6.108,0.0,0.0022,0.0007,0.0015,-4.0
6.109,-0.0015,0.0052,0.0015,0.0037,-4.0
6.11,-0.0023,0.0015,0.0015,0.0052,-4.0
6.111,-0.0023,-0.0008,0.0015,0.0052,-4.0
6.112,-0.0008,-0.0008,0.0,0.0052,-4.0
6.113,-0.0015,-0.0046,-0.0008,0.0067,-4.0
6.114,-0.0008,-0.0046,0.0,0.0067,-4.0
6.115,-0.0023,-0.0038,-0.0008,0.0082,-4.0
6.116,-0.0038,-0.0015,-0.0015,0.009,-4.0
6.117,-0.003,-0.003,0.0007,0.0082,-4.0
6.118,-0.003,-0.0068,-0.0008,0.0082,-4.0
6.119,-0.0023,-0.0068,0.0,0.0082,-4.0
6.12,-0.0023,-0.0083,0.0022,0.0082,-4.0
6.121,-0.003,-0.0083,0.0007,0.0082,-4.0
6.122,-0.0008,-0.0053,-0.0015,0.009,-4.0
6.123,0.0007,-0.0068,-0.0008,0.0067,-4.0
6.124,-0.0008,-0.0053,0.0015,0.0045,-3.9
6.125,-0.0015,-0.0015,0.003,0.0045,-3.9
6.126,0.0,-0.0023,0.0022,0.003,-3.9
6.127,0.0007,-0.0008,0.0022,0.003,-3.9
6.128,0.0015,-0.0008,0.0037,0.0037,-3.9
6.129,0.003,-0.0008,0.003,0.0022,-3.9
6.13,-0.0008,-0.0015,0.003,0.003,-3.9
6.131,-0.0008,-0.0015,0.003,0.0052,-3.9
6.132,0.0015,0.0,0.003,0.006,-3.9
6.133,0.0,0.0015,0.0037,0.0067,-3.9
6.134,0.0007,0.0022,0.0015,0.0067,-3.9
6.135,-0.0008,0.0052,0.003,0.0067,-3.9
6.136,0.0,0.0105,0.003,0.0067,-3.9
6.137,0.0015,0.009,0.0022,0.0052,-3.8
6.138,0.0015,0.0052,0.0015,0.006,-3.8
6.139,0.0022,0.0052,-0.0023,0.0067,-3.8
6.14,0.0007,0.0045,-0.0015,0.0082,-3.8
6.141,0.0015,0.0007,-0.003,0.0075,-3.8
6.142,0.0007,-0.003,-0.0046,0.0045,-3.8
6.143,0.0007,0.0007,-0.003,0.0045,-3.8
6.144,0.0,0.0007,-0.0015,0.0052,-3.8
6.145,-0.0008,-0.003,0.0,0.0015,-3.8
6.146,-0.0008,-0.003,-0.0008,0.0007,-3.8
6.147,-0.003,0.003,-0.0008,-0.0008,-3.8
6.148,-0.0015,0.0082,-0.003,-0.0015,-3.8
6.149,-0.0015,0.0135,-0.0046,0.0037,-3.8
6.15,-0.0008,0.0292,-0.0046,0.0075,-3.7
6.151,-0.0008,0.0255,-0.003,0.0052,-3.7
6.152,-0.0015,0.0015,-0.0015,0.0007,-3.7
6.153,-0.0008,-0.0068,-0.0015,0.0007,-3.7
6.154,-0.0038,-0.0091,-0.0023,-0.0008,-3.7
6.155,-0.003,-0.0083,-0.0015,-0.0023,-3.7
6.156,-0.0015,-0.006,-0.0015,-0.0046,-3.7
6.157,-0.0023,-0.0098,-0.0015,-0.0053,-3.7
6.158,-0.0015,-0.0098,-0.0015,-0.0046,-3.7
6.159,-0.0015,-0.0068,0.0007,-0.0046,-3.7
6.16,-0.0008,-0.0075,0.003,-0.0046,-3.7
6.161,0.0007,-0.012,0.0037,-0.0038,-3.7
6.162,0.0015,-0.0083,0.0045,-0.0015,-3.7
6.163,0.0007,-0.0046,0.0052,0.0,-3.6
6.164,-0.0008,-0.0075,0.006,-0.0008,-3.6
6.165,0.0007,-0.0135,0.006,-0.003,-3.6
6.166,0.0,-0.0188,0.0052,-0.003,-3.6
6.167,-0.0015,-0.0225,0.0067,-0.003,-3.6
6.168,-0.0046,-0.0248,0.006,-0.006,-3.6
6.169,-0.006,-0.0256,0.0052,-0.006,-3.6
6.17,-0.0046,-0.0218,0.0052,-0.0053,-3.6
6.171,-0.003,-0.0181,0.0052,-0.0068,-3.6
6.172,-0.0023,-0.0195,0.0037,-0.0068,-3.6
6.173,-0.0008,-0.0173,0.0022,-0.0075,-3.6
6.174,0.0007,-0.015,0.0045,-0.0098,-3.6
6.175,-0.0008,-0.0143,0.003,-0.012,-3.6
6.176,-0.003,-0.012,-0.0008,-0.0113,-3.6
6.177,-0.0053,-0.0113,-0.0008,-0.0135,-3.6
6.178,-0.0038,-0.0105,-0.0015,-0.0135,-3.5
6.179,-0.0023,-0.0053,-0.0015,-0.0165,-3.5
6.18,-0.0008,0.0015,0.0,-0.0181,-3.5
6.181,-0.0008,0.0015,0.0007,-0.0195,-3.5
6.182,-0.0023,0.003,0.0007,-0.0173,-3.5
6.183,-0.0008,0.006,-0.0008,-0.0143,-3.5
6.184,0.0007,0.0045,-0.0015,-0.015,-3.5
6.185,0.0015,0.0067,-0.0008,-0.0158,-3.5
6.186,0.0015,0.0082,0.0015,-0.0128,-3.5
6.187,0.0007,0.0105,0.0015,-0.0091,-3.5
6.188,0.0015,0.012,0.0007,-0.0083,-3.4
6.189,0.0015,0.0112,0.0015,-0.0046,-3.4
6.19,0.0022,0.0105,0.0007,-0.0023,-3.4
6.191,0.0045,0.006,0.0007,-0.003,-3.4
6.192,0.003,0.0045,0.0007,-0.0015,-3.4
6.193,0.0,0.0052,-0.0008,0.0007,-3.4
6.194,-0.0015,0.006,0.0,0.0015,-3.4
6.195,-0.0015,0.0052,0.0007,0.0052,-3.4
6.196,0.0,0.003,0.0007,0.0075,-3.4
6.197,-0.0008,0.0015,0.0,0.0075,-3.4
6.198,-0.0015,0.0007,0.0007,0.0082,-3.3
6.199,-0.0023,-0.0015,0.0007,0.0082,-3.3
6.2,-0.003,-0.0023,0.0,0.0075,-3.3
6.201,-0.0023,0.0015,0.0022,0.006,-3.3
6.202,-0.003,0.0202,0.0022,0.0082,-3.3
6.203,-0.0015,0.0255,0.0015,0.009,-3.3
6.204,-0.0008,0.0067,0.0007,0.0082,-3.3
6.205,-0.0015,0.003,-0.0015,0.0112,-3.2
6.206,0.0007,0.0037,-0.0015,0.0112,-3.2
6.207,-0.003,0.0022,-0.0023,0.012,-3.2
6.208,-0.0053,0.0067,-0.0053,0.012,-3.2
6.209,-0.003,0.0045,-0.0068,0.0105,-3.2
6.21,-0.003,0.0007,-0.0046,0.009,-3.2
6.211,-0.0015,-0.006,-0.0038,0.006,-3.2
6.212,-0.0008,-0.0091,-0.003,0.006,-3.2
6.213,-0.0008,-0.012,-0.0038,0.0045,-3.2
6.214,0.0022,-0.0128,-0.0038,0.0052,-3.2
6.215,0.0015,-0.012,-0.0023,0.0052,-3.1
6.216,-0.0008,-0.0091,-0.003,0.0052,-3.1
6.217,0.0,-0.0046,-0.0023,0.0052,-3.1
6.218,0.0,-0.003,-0.0015,0.006,-3.1
6.219,-0.0008,0.0022,0.0,0.0052,-3.1
6.22,-0.0015,0.006,0.003,0.0067,-3.1
6.221,-0.0015,0.0067,0.003,0.0082,-3.1
6.222,-0.0015,0.0052,0.0045,0.012,-3.0
6.223,-0.0015,0.003,0.0045,0.012,-3.0
6.224,-0.0008,0.0015,0.0052,0.0105,-3.0
6.225,0.0007,0.0022,0.0052,0.0105,-3.0
6.226,0.0022,0.0045,0.0045,0.0097,-3.0
6.227,0.0007,0.006,0.0045,0.0097,-3.0
6.228,0.0007,0.006,0.0045,0.009,-3.0
6.229,0.003,0.0015,0.0075,0.0082,-2.9
6.23,0.003,-0.0008,0.0067,0.006,-2.9
6.231,0.003,-0.003,0.0052,0.0052,-2.9
6.232,0.003,-0.003,0.0045,0.0075,-2.9
6.233,0.0045,-0.0053,0.003,0.0052,-2.9
6.234,0.0052,-0.0068,0.003,0.0052,-2.9
6.235,0.0067,-0.0053,0.0045,0.0052,-2.8
6.236,0.0052,-0.0075,0.0037,0.0052,-2.8
6.237,0.0007,-0.0068,0.0022,0.0045,-2.8
6.238,-0.0008,-0.0053,0.0015,0.0037,-2.8
6.239,-0.0008,-0.0046,0.0007,0.0045,-2.8
6.24,-0.0015,-0.0023,0.0007,0.003,-2.8
6.241,-0.0008,-0.0023,-0.0015,0.003,-2.7
6.242,-0.0023,-0.003,-0.0023,0.0037,-2.7
6.243,-0.0038,-0.0015,-0.0015,0.006,-2.7
6.244,-0.0023,-0.0046,-0.0008,0.0045,-2.7
6.245,-0.0008,-0.0083,0.0007,0.0022,-2.7
6.246,-0.0015,-0.006,0.0007,0.0015,-2.7
6.247,-0.0015,-0.0046,0.003,0.0015,-2.6
6.248,-0.0008,-0.003,0.0037,0.003,-2.6
6.249,-0.0015,-0.0053,0.0037,0.0015,-2.6
6.25,-0.003,-0.0083,0.003,0.0015,-2.6
6.251,-0.0046,-0.0068,0.0015,0.0022,-2.5
6.252,-0.0015,-0.006,0.003,0.0007,-2.5
6.253,0.0,-0.0046,0.003,-0.0015,-2.5
6.254,-0.0008,-0.0046,0.0007,-0.0015,-2.5
6.255,-0.0015,-0.006,-0.0008,-0.0008,-2.4
6.256,-0.0015,-0.0053,0.0007,0.0007,-2.4
6.257,-0.0008,-0.0038,0.0007,0.0,-2.4
6.258,-0.0008,-0.0023,0.0007,0.006,-2.4
6.259,0.0,-0.0008,0.0015,0.009,-2.4
6.26,-0.003,-0.0008,0.0,0.0082,-2.3
6.261,-0.006,0.0007,0.0007,0.0112,-2.3
6.262,-0.0046,0.0007,0.0007,0.0082,-2.3
6.263,-0.0046,-0.0015,-0.0008,0.003,-2.3
6.264,-0.003,-0.0008,-0.0015,0.0015,-2.3
6.265,-0.003,0.0,0.0,0.0015,-2.3
6.266,-0.0023,-0.0015,-0.0008,0.0007,-2.2
6.267,-0.0046,-0.0015,0.0,-0.0008,-2.2
6.268,-0.0046,-0.0015,0.0007,0.0,-2.2
6.269,-0.0046,-0.0038,-0.0008,0.0007,-2.2
6.27,-0.0038,-0.003,-0.0008,0.003,-2.1
6.271,-0.0015,-0.0038,-0.0008,0.0022,-2.1
6.272,-0.0008,-0.006,-0.0015,0.0007,-2.1
6.273,-0.0008,-0.0091,0.0007,-0.0008,-2.1
6.274,0.0022,-0.0083,0.0015,-0.0046,-2.1
6.275,0.0045,-0.0068,0.003,-0.006,-2.0
6.276,0.0022,-0.0038,0.0037,-0.0053,-2.0
6.277,-0.0015,-0.006,0.0015,-0.0053,-2.0
6.278,-0.003,-0.0105,0.0015,0.0,-2.0
6.279,-0.0023,-0.0091,0.0007,0.003,-1.9
6.28,-0.0038,-0.0083,0.0007,0.0007,-1.9
6.281,-0.0046,-0.0113,-0.0008,0.0022,-1.9
6.282,-0.003,-0.021,-0.0015,0.0045,-1.9
6.283,-0.0068,-0.0263,-0.0023,0.0037,-1.8
6.284,-0.006,-0.03,-0.0046,-0.0008,-1.8
6.285,-0.0046,-0.0315,-0.0015,-0.0015,-1.8
6.286,-0.003,-0.0308,0.0,-0.0015,-1.8
6.287,-0.0023,-0.027,0.0007,-0.0038,-1.8
6.288,-0.0015,-0.0218,0.0015,-0.0008,-1.8
6.289,0.0015,-0.0233,0.0015,-0.0015,-1.7
6.29,0.0007,-0.0203,0.0,0.0015,-1.7
6.291,0.0,-0.0165,-0.0008,0.003,-1.7
6.292,-0.0008,-0.0158,0.0007,0.0015,-1.6
6.293,-0.0015,-0.0128,0.0015,0.0045,-1.6
6.294,-0.0008,-0.0068,0.0022,0.0045,-1.6
6.295,-0.0008,-0.003,0.0015,0.003,-1.6
6.296,-0.0008,-0.0023,0.0015,0.0022,-1.5
6.297,0.0007,0.0015,0.0015,0.0015,-1.5
6.298,0.0015,0.0045,0.0022,-0.0008,-1.5
6.299,0.0015,0.0075,0.0007,-0.0015,-1.5
6.3,0.0015,0.009,0.0,-0.0015,-1.4
6.301,0.0007,0.0097,0.0007,-0.003,-1.4
6.302,0.0015,0.0082,0.0007,-0.0038,-1.4
6.303,0.0007,0.0097,-0.0008,-0.0015,-1.4
6.304,-0.0008,0.0165,-0.0008,-0.0015,-1.4
6.305,0.0,0.0142,0.0,-0.0015,-1.3
6.306,-0.0008,0.0157,0.0007,-0.003,-1.3
6.307,0.0,0.0172,0.0007,-0.003,-1.3
6.308,-0.0008,0.0157,0.0007,-0.003,-1.3
6.309,-0.0008,0.0142,0.0007,-0.0046,-1.3
6.31,-0.0008,0.0127,0.003,-0.0046,-1.2
6.311,-0.0046,0.0112,0.0022,-0.0038,-1.2
6.312,-0.003,0.0127,0.0007,-0.003,-1.2
6.313,-0.0023,0.0105,-0.0008,-0.0015,-1.2
6.314,-0.0008,0.0045,-0.0015,0.0,-1.1
6.315,-0.0015,0.006,0.0007,0.0,-1.1
6.316,0.003,0.0097,0.0007,-0.0008,-1.1
6.317,0.0052,0.009,-0.0023,0.0037,-1.0
6.318,-0.0008,0.0037,-0.003,0.0105,-1.0
6.319,-0.0023,0.0015,-0.0023,0.012,-1.0
6.32,-0.0046,0.003,0.0007,0.0082,-1.0
6.321,-0.0015,0.0082,0.0022,0.0075,-0.9
6.322,0.0015,0.0127,0.0007,0.0052,-0.9
6.323,-0.0015,0.015,-0.0008,0.0007,-0.9
6.324,-0.0008,0.0157,0.0007,0.0015,-0.9
6.325,-0.0015,0.0127,-0.0008,0.0007,-0.9
6.326,-0.0008,0.0142,0.0007,0.0015,-0.8
6.327,0.0007,0.012,-0.0008,0.0037,-0.8
6.328,-0.0015,0.0105,0.0007,0.0022,-0.8
6.329,-0.0015,0.012,0.0015,0.0015,-0.8
6.33,-0.0015,0.0075,0.0015,0.0022,-0.7
6.331,-0.0015,0.0037,0.0045,0.0015,-0.7
6.332,0.0,0.0022,0.0045,0.0022,-0.7
6.333,0.0007,0.0015,0.0037,0.0022,-0.6
6.334,0.0,0.003,0.003,0.0015,-0.6
6.335,-0.0008,0.0007,0.0022,0.0022,-0.6
6.336,0.0022,-0.0053,0.0015,0.0015,-0.5
6.337,0.0022,-0.0098,0.0007,-0.0008,-0.5
6.338,-0.0008,-0.0105,0.0015,-0.0008,-0.5
6.339,-0.0008,-0.0098,0.0015,-0.0008,-0.5
6.34,-0.0008,-0.0068,0.0007,0.0015,-0.5
6.341,0.0,-0.0053,-0.0008,0.0007,-0.5
6.342,-0.0015,-0.0038,-0.0015,0.0007,-0.4
6.343,-0.0015,-0.0015,-0.0015,0.0007,-0.4
6.344,0.0007,-0.003,-0.0008,-0.0008,-0.4
6.345,0.0022,-0.0008,0.0022,0.0007,-0.4
6.346,0.0022,-0.0008,0.003,0.003,-0.3
6.347,0.0007,-0.0038,0.0037,0.0052,-0.3
6.348,0.0015,-0.0046,0.003,0.0037,-0.3
6.349,0.0015,-0.0023,0.0022,0.0007,-0.3
6.35,0.0015,0.0,0.0045,0.003,-0.2
6.351,0.0007,-0.003,0.0045,0.003,-0.2
6.352,-0.0015,-0.003,0.003,0.0037,-0.2
6.353,-0.0015,-0.0015,0.003,0.003,-0.2
6.354,-0.0015,-0.0015,0.0022,0.0015,-0.2
6.355,-0.003,-0.0046,0.0045,0.0037,-0.1
6.356,-0.003,-0.003,0.0045,0.0045,-0.1
6.357,-0.0015,-0.003,0.0052,0.0045,-0.1
6.358,-0.0015,-0.0046,0.0052,0.003,-0.1
6.359,-0.0015,-0.0053,0.0022,0.0022,0.0
6.36,-0.0008,-0.0068,0.0022,0.0022,0.0
6.361,0.0,-0.0053,0.003,0.0015,0.0
6.362,0.0007,-0.006,0.003,0.0015,0.0
6.363,-0.0015,-0.0046,0.0007,0.0022,0.0
6.364,-0.0046,-0.003,0.0007,0.0022,0.0
6.365,-0.003,-0.003,0.0015,0.0007,0.1
6.366,-0.003,-0.0015,0.0015,0.003,0.1
6.367,-0.003,-0.0046,0.0022,0.0052,0.1
6.368,-0.0046,-0.0091,0.0045,0.003,0.1
6.369,-0.003,-0.0091,0.0037,0.0015,0.1
6.37,-0.0015,-0.0068,0.003,0.0015,0.2
6.371,-0.0015,-0.0068,0.003,0.0007,0.2
6.372,-0.0008,-0.0068,0.0007,0.0007,0.2
6.373,-0.0008,-0.0053,-0.0015,0.0015,0.2
6.374,-0.0008,-0.0046,-0.0023,0.0007,0.3
6.375,0.0007,-0.0046,-0.003,0.0007,0.3
6.376,0.0007,-0.006,-0.0046,0.0007,0.3
6.377,0.0015,-0.0046,-0.003,0.0015,0.4
6.378,-0.0008,-0.0046,-0.0046,0.0007,0.4
6.379,-0.0008,-0.0068,-0.0046,-0.0008,0.4
6.38,-0.0008,-0.0105,-0.0015,-0.0015,0.4
6.381,-0.003,-0.0105,0.0007,-0.0008,0.4
6.382,-0.0046,-0.0083,0.0015,-0.0008,0.4
6.383,-0.006,-0.0068,0.0007,-0.0008,0.4
6.384,-0.0046,-0.0053,0.0015,-0.0008,0.4
6.385,-0.0046,-0.0053,0.0007,0.0,0.5
6.386,-0.0046,-0.0038,-0.0008,0.0007,0.5
6.387,-0.0015,-0.0053,0.0007,-0.0008,0.5
6.388,0.0,-0.0068,-0.0008,0.0,0.5
6.389,0.0007,-0.0046,-0.0008,0.0,0.5
6.39,0.0007,-0.0038,-0.0015,0.0007,0.5
6.391,-0.0008,-0.003,-0.003,0.0015,0.5
6.392,0.0007,-0.003,-0.0015,0.0007,0.6
6.393,-0.0008,-0.0015,-0.0008,0.0037,0.6
6.394,-0.0008,-0.003,0.0,0.0052,0.6
6.395,0.0007,-0.0113,0.0007,0.0037,0.6
6.396,-0.0008,-0.0188,-0.0023,0.0022,0.6
6.397,0.0007,-0.021,-0.0015,0.0022,0.6
6.398,0.0015,-0.0248,-0.0015,0.003,0.6
6.399,0.0007,-0.0256,-0.0015,0.0015,0.7
6.4,0.0007,-0.0203,0.0007,0.0007,0.7
6.401,-0.0068,-0.0218,0.0007,0.0015,0.7
6.402,-0.0091,-0.021,0.0015,0.0045,0.7
6.403,-0.003,-0.0188,0.0015,0.0015,0.7
6.404,0.0045,-0.0181,0.0015,0.0007,0.8
6.405,0.0097,-0.0143,-0.0008,0.0015,0.8
6.406,0.0142,-0.0128,0.0007,0.0015,0.8
6.407,0.018,-0.0105,0.0007,0.0007,0.8
6.408,0.0157,-0.003,-0.0015,0.0007,0.9
6.409,0.0127,0.0007,-0.0023,0.0,0.9
6.41,0.0112,0.0007,-0.0015,0.0007,0.9
6.411,0.009,0.003,0.0015,0.0015,0.9
6.412,0.0045,0.0022,0.003,0.0015,0.9
6.413,-0.0008,-0.0015,0.0015,0.003,0.9
6.414,-0.0053,0.003,0.0007,0.0015,0.9
6.415,-0.0105,0.0045,-0.0008,0.0007,1.0
6.416,-0.0128,0.0045,-0.0015,0.0022,1.0
6.417,-0.0098,0.006,-0.0015,0.003,1.0
6.418,-0.0083,0.0142,0.0007,0.003,1.0
6.419,-0.006,0.0202,-0.0008,0.0,1.1
6.42,-0.006,0.0172,-0.0015,0.0,1.1
6.421,-0.0083,0.0217,0.0,0.0007,1.1
6.422,-0.0053,0.018,0.0015,0.0007,1.1
6.423,-0.0038,0.0022,0.0022,0.0015,1.1
6.424,-0.003,-0.006,0.0007,0.0007,1.2
6.425,-0.0038,-0.0008,0.0037,0.0015,1.2
6.426,-0.012,0.0022,0.0052,0.0015,1.2
6.427,-0.0256,-0.0008,0.0045,0.0015,1.3
6.428,-0.0225,0.0052,0.0052,0.0045,1.3
6.429,-0.0046,0.003,0.0052,0.0052,1.3
6.43,0.0052,-0.0046,0.003,0.0015,1.3
6.431,0.0165,0.0007,0.0007,-0.0008,1.3
6.432,0.0262,0.0082,0.0007,0.0007,1.3
6.433,0.0285,0.0105,0.0015,0.0007,1.3
6.434,0.03,0.0142,0.0007,-0.0008,1.4
6.435,0.0232,0.015,0.0015,-0.0023,1.4
6.436,0.0142,0.0097,0.0015,-0.0023,1.4
6.437,0.0052,0.0105,-0.0008,-0.0008,1.5
6.438,-0.0046,0.0067,-0.0008,-0.003,1.5
6.439,-0.0143,0.0082,0.0007,-0.0046,1.5
6.44,-0.0256,0.009,0.0007,-0.003,1.5
6.441,-0.0338,0.0082,0.0007,-0.0023,1.6
6.442,-0.0278,0.0097,0.0007,0.0,1.6
6.443,-0.0143,0.0082,0.0015,0.003,1.6
6.444,-0.0083,0.0082,0.0015,0.003,1.7
6.445,0.003,0.0052,0.0015,0.0037,1.7
6.446,0.012,0.0105,0.0007,0.0045,1.7
6.447,0.0105,0.0165,0.0015,0.0007,1.8
6.448,0.0105,0.0157,0.0045,-0.0015,1.8
6.449,0.0105,0.0217,0.0045,-0.0008,1.8
6.45,0.006,0.0195,0.003,0.0015,1.8
6.451,0.0007,0.0075,0.0015,0.003,1.9
6.452,-0.0053,0.006,0.0007,0.006,1.9
6.453,-0.0113,-0.0075,0.0015,0.0052,1.9
6.454,-0.0158,-0.0293,0.0015,0.0052,2.0
6.455,-0.015,-0.039,0.0052,0.003,2.0
6.456,-0.0113,-0.0181,0.0082,0.0022,2.0
6.457,-0.0068,0.003,0.0082,0.0037,2.1
6.458,-0.0046,-0.012,0.0075,0.0015,2.1
6.459,-0.003,-0.0105,0.0052,0.003,2.1
6.46,-0.0015,-0.0143,0.0045,0.0045,2.2
6.461,-0.0008,-0.0203,0.0052,0.0022,2.2
6.462,0.0,-0.0046,0.0052,0.003,2.2
6.463,0.0007,-0.0075,0.003,0.0015,2.3
6.464,0.0,-0.0091,0.003,-0.0008,2.3
6.465,0.0015,-0.0181,0.0015,-0.0008,2.3
6.466,0.0022,-0.0113,-0.0015,-0.0015,2.4
6.467,0.0007,0.0007,-0.0046,-0.0015,2.4
6.468,0.0037,-0.0008,-0.0068,-0.0008,2.5
6.469,0.006,-0.0008,-0.0083,-0.0038,2.5
6.47,0.0037,-0.003,-0.0053,-0.0046,2.6
6.471,0.0015,-0.0015,-0.0023,-0.003,2.6
6.472,-0.0015,-0.0046,-0.003,-0.0023,2.6
6.473,-0.0015,-0.0053,-0.0008,0.0007,2.6
6.474,-0.0008,-0.0023,0.0007,0.0015,2.7
6.475,0.0007,-0.0015,0.0007,-0.0015,2.7
6.476,0.0007,-0.0015,0.0,-0.0046,2.8
6.477,0.0007,-0.0038,0.0,-0.0068,2.8
6.478,0.0007,-0.0015,-0.0008,-0.0023,2.8
6.479,0.0,0.0015,-0.0008,0.0067,2.9
6.48,-0.0008,0.0007,0.0,0.009,2.9
6.481,-0.0015,-0.006,-0.0015,0.009,3.0
6.482,-0.0015,-0.0143,-0.0015,0.009,3.0
6.483,-0.0023,-0.0285,0.0,0.0105,3.1
6.484,-0.0023,-0.0323,-0.0008,0.012,3.1
6.485,-0.0008,-0.024,0.0007,0.0112,3.1
6.486,-0.0015,-0.0165,0.0015,0.009,3.2
6.487,-0.0008,-0.0113,0.0037,0.0097,3.2
6.488,0.0,-0.0053,0.0015,0.009,3.3
6.489,-0.0015,-0.0046,0.0007,0.0082,3.3
6.49,-0.0008,-0.0046,0.0007,0.0067,3.4
6.491,-0.0008,-0.0053,0.0022,0.003,3.4
6.492,-0.0015,-0.006,0.0022,0.0015,3.5
6.493,-0.0015,-0.0038,0.0022,-0.0046,3.5
6.494,0.0007,0.0,0.0037,-0.0105,3.6
6.495,0.0007,0.0045,0.003,-0.0113,3.6
6.496,0.0,0.0015,0.0007,-0.012,3.6
6.497,0.0007,-0.0068,-0.0015,-0.0128,3.7
6.498,0.0,0.0007,-0.0015,-0.0195,3.7
6.499,0.0007,0.0105,-0.0008,-0.0195,3.8
6.5,0.0007,0.0067,-0.0046,-0.0091,3.8
6.501,0.0015,0.0045,-0.0038,0.0015,3.9
6.502,0.0015,-0.0008,-0.0046,0.0127,4.0
6.503,-0.0023,0.0,-0.0038,0.0232,4.0
6.504,-0.0083,-0.0038,-0.0015,0.027,4.0
6.505,-0.012,-0.0128,-0.003,0.0255,4.1
6.506,-0.0068,-0.0143,-0.0008,0.0157,4.2
6.507,0.0,0.0007,-0.0015,0.0082,4.2
6.508,0.006,0.024,0.0007,-0.0008,4.3
6.509,0.012,0.015,-0.0008,-0.0053,4.4
6.51,0.0097,-0.0091,-0.003,0.0007,4.4
6.511,0.0007,-0.0128,-0.0008,0.009,4.5
6.512,-0.0143,-0.0143,-0.0015,0.0225,4.5
6.513,-0.0158,0.0007,-0.0008,0.0225,4.6
6.514,-0.003,0.0157,0.0007,0.0097,4.6
6.515,0.0015,0.0105,0.0007,-0.0008,4.7
6.516,0.0067,-0.0008,0.0045,-0.0023,4.8
6.517,0.0112,0.0,0.006,0.0015,4.8
6.518,0.0127,0.003,0.0067,0.0015,4.9
6.519,0.0165,-0.0068,0.0052,-0.0038,4.9
6.52,0.0142,-0.0038,0.0075,-0.0113,5.0
6.521,0.0127,-0.0046,0.0052,-0.0158,5.1
6.522,0.0045,-0.0068,0.0037,-0.0128,5.1
6.523,-0.0091,-0.0128,0.0037,-0.0046,5.2
6.524,-0.0158,-0.0203,0.0022,-0.0053,5.3
6.525,-0.021,-0.015,0.0015,-0.0105,5.3
6.526,-0.0218,-0.0091,0.0007,-0.012,5.4
6.527,-0.0158,-0.0091,0.0007,-0.0105,5.5
6.528,-0.0105,-0.015,0.0007,-0.0053,5.5
6.529,-0.0083,-0.0135,0.0022,-0.0023,5.6
6.53,-0.003,-0.0091,0.0,-0.006,5.7
6.531,-0.0015,-0.0143,-0.003,-0.0038,5.8
6.532,-0.0015,-0.0233,-0.0023,0.0052,5.8
6.533,0.0007,-0.0285,-0.0015,0.0045,5.9
6.534,0.0007,-0.027,0.0,-0.0053,6.0
6.535,0.003,-0.027,0.003,-0.0128,6.0
6.536,0.0015,-0.03,0.003,-0.0165,6.1
6.537,-0.003,-0.033,0.0007,-0.0188,6.2
6.538,-0.003,-0.0278,-0.0015,-0.0315,6.3
6.539,-0.0015,0.0045,-0.0008,-0.054,6.3
6.54,-0.0008,0.0502,0.0,-0.0443,6.4
6.541,-0.0008,0.0952,0.0007,-0.021,6.5
6.542,0.0015,0.1087,0.0007,0.0007,6.6
6.543,0.0015,0.0667,0.0007,0.0142,6.7
6.544,-0.0008,0.0345,0.0015,0.0195,6.7
6.545,-0.0008,0.0157,0.0045,0.0232,6.8
6.546,0.0,0.0202,0.0037,0.0577,6.9
6.547,0.0022,0.0232,0.0037,0.1012,7.0
6.548,0.0045,-0.0158,0.0052,0.084,7.1
6.549,0.003,-0.0203,0.0045,0.0157,7.2
6.55,0.0015,-0.0383,0.0037,-0.0533,7.3
6.551,0.0022,-0.0436,0.0007,-0.0825,7.4
6.552,0.0007,-0.0256,-0.0008,-0.0885,7.5
6.553,0.0,-0.0023,0.0007,-0.0383,7.6
6.554,0.0015,0.0232,0.0015,0.0322,7.6
6.555,0.0022,0.0165,0.003,0.0795,7.7
6.556,0.003,0.0352,0.003,0.1102,7.8
6.557,0.0007,0.0427,0.0022,0.0915,7.9
6.558,0.0007,0.0165,0.0022,0.0765,8.0
6.559,0.0015,-0.0015,0.0015,0.0442,8.1
6.56,-0.0015,-0.021,0.0007,0.0172,8.2
6.561,-0.0015,-0.0315,-0.0008,0.0187,8.3
6.562,-0.0008,-0.021,0.0007,0.0307,8.4
6.563,-0.0015,-0.0181,-0.0008,0.045,8.5
6.564,-0.0015,-0.0046,-0.0008,0.075,8.7
6.565,-0.0008,0.0255,-0.003,0.1005,8.8
6.566,-0.0023,0.0277,-0.0046,0.0382,8.9
6.567,-0.0046,-0.0038,-0.003,0.012,9.0
6.568,-0.003,-0.0233,-0.0008,0.0112,9.2
6.569,-0.0015,-0.0346,-0.0008,-0.0278,9.3
6.57,-0.0038,-0.0518,-0.0008,-0.0653,9.4
6.571,-0.003,-0.0383,0.0007,-0.0908,9.5
6.572,-0.0008,-0.0256,0.0007,-0.0825,9.6
6.573,0.0007,-0.0346,0.0007,-0.0818,9.8
6.574,0.0015,-0.0323,0.0007,-0.0795,9.9
6.575,0.0045,0.0142,0.0015,-0.0315,10.0
6.576,0.006,0.0525,0.0007,0.0345,10.1
6.577,0.003,0.0562,-0.0023,0.069,10.3
6.578,-0.0008,0.0517,-0.003,0.0345,10.4
6.579,-0.0053,0.0157,-0.0015,-0.012,10.5
6.58,-0.0053,-0.0173,-0.0015,-0.0068,10.6
6.581,-0.0038,-0.0443,-0.0008,0.0075,10.7
6.582,-0.003,-0.0218,0.003,0.018,10.9
6.583,-0.0008,0.024,0.003,0.0007,11.0
6.584,-0.0008,-0.0075,0.0022,-0.0413,11.2
6.585,-0.0038,-0.0638,0.0045,-0.0548,11.3
6.586,-0.0046,-0.0773,0.0045,-0.0368,11.5
6.587,-0.0015,-0.03,0.0045,-0.0346,11.6
6.588,0.0,0.0795,0.006,-0.0713,11.7
6.589,0.0,0.1147,0.0045,-0.0683,11.9
6.59,-0.0015,0.0652,0.0067,-0.0578,12.0
6.591,0.0,0.0637,0.009,-0.1095,12.1
6.592,0.0007,0.0487,0.0052,-0.1688,12.3
6.593,-0.0046,-0.003,0.0015,-0.1696,12.4
6.594,-0.0068,-0.021,0.0,-0.111,12.6
6.595,-0.0068,-0.0143,0.0,-0.0338,12.7
6.596,-0.0046,-0.0023,0.0022,0.09,12.9
6.597,-0.0015,0.006,0.003,0.2002,13.0
6.598,-0.0046,-0.0068,0.0015,0.219,13.1
6.599,-0.0053,-0.0203,0.0007,0.18,13.3
6.6,-0.0046,-0.0368,0.0015,0.1335,13.4
6.601,-0.0015,-0.0383,0.0015,0.1365,13.5
6.602,0.0007,-0.0105,0.003,0.087,13.7
6.603,0.0015,-0.0091,-0.0015,-0.0563,13.9
6.604,-0.0015,-0.0233,-0.003,-0.1313,14.0
6.605,-0.0068,-0.024,-0.0053,-0.105,14.2
6.606,-0.0083,-0.0278,-0.0053,-0.0443,14.3
6.607,-0.0046,-0.0203,-0.003,0.0157,14.5
6.608,-0.003,-0.0046,-0.003,0.084,14.6
6.609,-0.0023,0.0015,0.0,0.1687,14.8
6.61,-0.0008,0.009,-0.0008,0.2235,14.9
6.611,-0.0015,-0.0091,-0.0038,0.1785,15.1
6.612,-0.0015,-0.039,-0.0046,0.0502,15.3
6.613,0.0,-0.0278,-0.003,-0.0323,15.4
6.614,0.003,-0.0015,-0.0038,-0.0818,15.6
6.615,0.0067,0.0292,-0.0015,-0.0833,15.7
6.616,0.0082,0.0292,0.0007,-0.063,15.8
6.617,0.006,0.0232,-0.0015,-0.0668,16.0
6.618,0.0045,0.0517,-0.0008,-0.033,16.2
6.619,0.0037,0.0307,0.0022,-0.015,16.3
6.62,0.0052,-0.0008,0.003,0.0015,16.5
6.621,0.0052,0.0067,0.0045,0.0315,16.6
6.622,0.003,-0.0008,0.0045,0.039,16.8
6.623,0.0015,-0.0068,0.0022,-0.0128,17.0
6.624,0.003,-0.0165,0.0015,-0.057,17.1
6.625,0.003,-0.0218,0.0,-0.0465,17.3
6.626,0.0,-0.0203,0.0015,-0.045,17.5
6.627,-0.0008,-0.0233,0.0022,-0.0368,17.6
6.628,-0.0008,-0.0165,0.0015,-0.0338,17.8
6.629,-0.0015,-0.012,0.0,-0.0256,17.9
6.63,-0.0015,0.0015,-0.0015,-0.0128,18.1
6.631,-0.0015,0.0135,0.0007,-0.0128,18.3
6.632,-0.0023,0.0142,0.0007,-0.0098,18.4
6.633,-0.0023,0.0007,0.0022,-0.0173,18.6
6.634,-0.003,-0.0091,0.0045,-0.0158,18.7
6.635,-0.0015,-0.0008,0.006,-0.015,18.9
6.636,-0.0008,0.0082,0.0037,-0.021,19.1
6.637,0.0,0.0195,0.0022,-0.0188,19.2
6.638,0.0015,0.024,0.0015,-0.0113,19.4
6.639,0.0015,0.0345,0.0007,0.0015,19.5
6.64,0.003,0.0517,0.0015,0.0157,19.7
6.641,0.0022,0.0225,0.0015,0.0202,19.9
6.642,0.0007,-0.0225,0.0045,0.0157,20.1
6.643,0.0015,-0.0346,0.0075,0.0067,20.2
6.644,0.0022,-0.048,0.009,0.006,20.4
6.645,0.0022,-0.0563,0.0097,0.0015,20.7
6.646,-0.0008,-0.0653,0.0082,-0.0053,20.8
6.647,-0.003,-0.0691,0.0082,0.0022,21.0
6.648,-0.0053,-0.066,0.0052,0.0082,21.2
6.649,-0.0068,-0.0653,0.0045,0.0082,21.4
6.65,-0.0068,-0.0563,0.0015,0.0112,21.5
6.651,-0.0075,-0.0495,-0.0008,0.003,21.7
6.652,-0.0098,-0.0413,-0.0008,-0.0053,21.9
6.653,-0.012,-0.0353,-0.0015,-0.0083,22.1
6.654,-0.0128,-0.0256,-0.0015,-0.0068,22.3
6.655,-0.0105,-0.0158,-0.0008,-0.0075,22.5
6.656,-0.0083,-0.0083,0.0015,-0.0068,22.7
6.657,-0.006,-0.0015,0.0015,-0.006,22.9
6.658,-0.0053,0.0045,0.0015,-0.0068,23.0
6.659,-0.003,0.0135,0.0,-0.0046,23.2
6.66,-0.0015,0.0195,-0.0008,-0.0015,23.4
6.661,-0.0008,0.0285,0.0007,0.003,23.6
6.662,0.0007,0.0375,-0.0008,0.0067,23.8
6.663,-0.0008,0.0345,-0.003,0.0127,23.9
6.664,0.0015,0.0277,-0.0046,0.0135,24.1
6.665,0.0045,0.0277,-0.003,0.012,24.3
6.666,0.0052,0.0262,-0.0008,0.0135,24.5
6.667,0.006,0.0217,0.0,0.0127,24.7
6.668,0.006,0.021,0.0007,0.0165,24.9
6.669,0.0052,0.0247,0.0007,0.0135,25.1
6.67,0.003,0.0345,-0.0008,0.012,25.2
6.671,0.0037,0.039,0.0007,0.012,25.4
6.672,0.0045,0.0292,0.0007,0.0097,25.6
6.673,0.003,0.0157,-0.003,0.0067,25.8
6.674,0.003,0.0045,-0.003,0.0052,26.0
6.675,0.0045,-0.0008,-0.0015,0.0052,26.2
6.676,0.003,-0.003,-0.0046,0.0052,26.4
6.677,0.0015,-0.0068,-0.0068,0.0037,26.5
6.678,0.0022,-0.0083,-0.0068,0.003,26.7
6.679,0.0022,-0.0091,-0.0091,0.003,26.9
6.68,0.0007,-0.0173,-0.0091,0.0015,27.1
6.681,-0.0023,-0.024,-0.0091,0.0015,27.3
6.682,-0.0015,-0.0256,-0.0068,0.0015,27.4
6.683,-0.0023,-0.0256,-0.0053,0.003,27.6
6.684,-0.0015,-0.0203,-0.0068,0.0015,27.8
6.685,0.0,-0.0113,-0.0053,0.0015,27.9
6.686,-0.0023,-0.0075,-0.0091,0.0022,28.1
6.687,-0.003,-0.0038,-0.0075,0.0015,28.3
6.688,-0.0015,-0.0053,-0.0083,0.0037,28.4
6.689,-0.003,-0.0105,-0.0105,0.0015,28.6
6.69,-0.0038,-0.0143,-0.0091,0.0015,28.8
6.691,-0.0053,-0.015,-0.0091,0.0015,28.9
6.692,-0.006,-0.0143,-0.0083,-0.0008,29.1
6.693,-0.0068,-0.0143,-0.0091,0.0007,29.2
6.694,-0.0068,-0.0098,-0.0053,-0.0008,29.4
6.695,-0.0038,0.0052,-0.0008,0.0007,29.6
6.696,0.0007,0.018,0.0022,0.0007,29.7
6.697,0.0045,0.0225,0.0015,-0.0023,29.9
6.698,0.0045,0.0247,0.0,-0.0075,30.1
6.699,0.0007,0.0217,0.0,-0.0091,30.2
6.7,-0.0008,0.0165,-0.003,-0.0075,30.4
6.701,0.0,0.009,-0.0015,-0.0038,30.6
6.702,0.0015,0.0007,0.0015,-0.0008,30.7
6.703,0.0,-0.0068,0.0022,0.0,30.9
6.704,-0.0015,-0.0143,0.0015,-0.0008,31.0
6.705,-0.0023,-0.0165,0.0052,0.0015,31.2
6.706,0.0,-0.012,0.0075,0.003,31.4
6.707,0.0007,-0.0091,0.0037,0.0007,31.5
6.708,-0.0023,-0.0053,0.0052,-0.0015,31.7
6.709,-0.0046,-0.0015,0.0067,-0.0015,31.8
6.71,-0.0068,0.0045,0.0082,0.0022,32.0
6.711,-0.0068,0.0157,0.009,0.0052,32.2
6.712,-0.0046,0.0232,0.0067,0.006,32.3
6.713,-0.003,0.0217,0.0105,0.0067,32.4
6.714,-0.003,0.0217,0.012,0.0067,32.6
6.715,-0.0023,0.0232,0.012,0.0075,32.8
6.716,-0.0008,0.0157,0.0142,0.0075,32.9
6.717,-0.0008,0.0082,0.0142,0.0082,33.1
6.718,0.0015,0.0037,0.0127,0.0082,33.3
6.719,0.0037,-0.0015,0.0112,0.0075,33.4
6.72,0.0045,-0.0038,0.0097,0.0067,33.6
6.721,0.0007,-0.003,0.0097,0.0067,33.7
6.722,-0.0008,-0.0015,0.0082,0.0082,33.9
6.723,0.0,-0.003,0.0045,0.0045,34.1
6.724,-0.0008,-0.0015,0.0015,0.0015,34.3
6.725,0.0007,-0.0015,0.0022,0.0015,34.5
6.726,0.0007,-0.0046,0.0052,0.0,34.6
6.727,0.0007,-0.0075,0.0045,-0.0008,34.8
6.728,-0.0008,-0.0105,0.003,0.0015,35.0
6.729,-0.0015,-0.0046,0.0045,0.0015,35.1
6.73,-0.0008,-0.0015,0.006,0.0007,35.3
6.731,0.0015,-0.003,0.0045,0.0,35.5
6.732,0.0015,-0.003,0.0052,-0.0038,35.7
6.733,0.0007,-0.0075,0.0075,-0.0046,35.9
6.734,-0.0008,-0.0091,0.0067,-0.003,36.0
6.735,-0.0008,-0.0091,0.0052,-0.0015,36.2
6.736,-0.0008,-0.0083,0.0045,0.0,36.4
6.737,0.0007,-0.0053,0.0052,0.0007,36.5
6.738,0.0015,-0.0008,0.0052,0.0007,36.7
6.739,0.0022,0.0082,0.0052,0.0007,36.9
6.74,0.003,0.0165,0.006,-0.0015,37.1
6.741,0.003,0.0202,0.0052,-0.0015,37.3
6.742,0.0022,0.0217,0.0045,0.0007,37.4
6.743,0.0037,0.0142,0.003,0.0015,37.6
6.744,0.0022,0.0075,0.003,0.0007,37.8
6.745,0.0007,0.0045,0.003,-0.0015,37.9
6.746,0.0007,0.009,0.003,-0.0008,38.1
6.747,0.0007,0.0105,0.0022,0.0007,38.2
6.748,-0.0008,-0.0015,0.0015,-0.0008,38.4
6.749,-0.0015,-0.0083,0.0037,-0.0015,38.6
6.75,-0.003,-0.0083,0.003,-0.0008,38.7
6.751,-0.003,-0.003,0.0022,-0.0008,38.9
6.752,-0.0046,-0.0075,0.0022,0.0,39.1
6.753,-0.0046,-0.0233,0.0037,0.0007,39.2
6.754,-0.0046,-0.0285,0.0015,0.0015,39.4
6.755,-0.0038,-0.0278,0.0,0.0015,39.6
6.756,-0.0046,-0.0263,-0.0015,0.0022,39.7
6.757,-0.0053,-0.0256,0.0015,0.0015,39.9
6.758,-0.0015,-0.0278,0.0037,0.0015,40.1
6.759,-0.0015,-0.0346,0.0007,0.003,40.2
6.76,-0.003,-0.0383,0.0022,0.0052,40.4
6.761,0.0,-0.0383,0.0045,0.0007,40.5
6.762,0.0,-0.0315,0.003,-0.0015,40.7
6.763,-0.0015,-0.0233,0.0015,-0.003,40.8
6.764,-0.0038,-0.0195,0.0015,-0.0068,40.9
6.765,-0.0046,-0.0173,0.0015,-0.0068,41.1
6.766,-0.0046,-0.0091,0.0,-0.0091,41.2
6.767,-0.0091,-0.0008,-0.0015,-0.012,41.4
6.768,-0.0105,0.003,-0.0023,-0.012,41.5
6.769,-0.0105,0.0082,-0.0015,-0.0098,41.6
6.77,-0.0083,0.0112,-0.003,-0.006,41.8
6.771,-0.0053,0.012,-0.0038,-0.0053,41.8
6.772,-0.003,0.0127,-0.003,-0.0038,42.0
6.773,0.0,0.0135,-0.0038,-0.0015,42.1
6.774,-0.0015,0.012,-0.0008,0.0,42.3
6.775,0.0007,0.012,0.0015,0.0022,42.4
6.776,0.0045,0.0172,0.003,0.0045,42.5
6.777,0.0052,0.0135,0.003,0.0037,42.7
6.778,0.006,0.012,0.003,0.0052,42.8
6.779,0.0052,0.0105,0.003,0.0052,42.9
6.78,0.0045,0.0052,0.0045,0.0052,43.1
6.781,0.0037,0.0007,0.0045,0.0067,43.2
6.782,0.0037,-0.0046,0.0037,0.0052,43.3
6.783,0.003,-0.0068,0.003,0.0045,43.4
6.784,0.0007,-0.0105,0.0,0.0022,43.5
6.785,-0.0015,-0.0143,-0.0015,0.0015,43.6
6.786,-0.0008,-0.0135,-0.003,0.0007,43.7
6.787,-0.0023,-0.0068,-0.0068,-0.0023,43.9
6.788,-0.0046,0.0022,-0.0091,-0.0038,44.0
6.789,-0.003,0.012,-0.0075,-0.0015,44.1
6.79,-0.0015,0.0135,-0.0075,0.0015,44.2
6.791,0.0007,0.0075,-0.0068,0.0015,44.3
6.792,0.0015,0.0037,-0.006,0.0045,44.4
6.793,0.0022,0.0,-0.0083,0.003,44.5
6.794,0.0015,-0.0015,-0.0091,0.003,44.6
6.795,0.0007,-0.0068,-0.0091,0.003,44.8
6.796,0.0015,-0.0098,-0.0105,0.0075,44.9
6.797,0.0,-0.0105,-0.0083,0.009,45.0
6.798,0.0007,-0.012,-0.0083,0.0082,45.1
6.799,-0.0008,-0.0113,-0.0075,0.0075,45.2
6.8,-0.0015,-0.0105,-0.0053,0.0052,45.3
6.801,0.0015,-0.0091,-0.0053,0.0067,45.4
6.802,-0.0008,-0.0068,-0.0068,0.0082,45.5
6.803,0.0,0.0,-0.0068,0.0082,45.6
6.804,0.0007,0.0052,-0.0068,0.006,45.6
6.805,-0.0015,0.0075,-0.0068,0.0045,45.7
6.806,-0.0015,0.0037,-0.0083,0.0037,45.8
6.807,-0.003,-0.0008,-0.0068,0.0022,45.9
6.808,-0.0015,-0.0053,-0.0053,0.003,46.0
6.809,-0.0008,-0.0135,-0.0023,0.0037,46.1
6.81,-0.0008,-0.0128,-0.0015,0.0015,46.2
6.811,0.0,-0.0105,-0.0023,0.0007,46.2
6.812,-0.0023,-0.0091,-0.0008,0.0,46.3
6.813,-0.003,-0.0091,-0.0015,0.0,46.4
6.814,-0.003,-0.0091,-0.0008,0.0015,46.5
6.815,-0.0008,-0.0068,-0.0015,0.0007,46.6
6.816,-0.0015,-0.0068,-0.0053,-0.0008,46.7
6.817,-0.003,-0.0091,-0.0053,0.0,46.7
6.818,-0.003,-0.0105,-0.0046,0.0007,46.8
6.819,-0.0046,-0.0068,-0.006,0.0022,46.9
6.82,-0.0015,-0.0053,-0.0068,0.003,47.0
6.821,0.0,-0.0038,-0.0053,0.0015,47.0
6.822,0.0007,-0.0008,-0.0075,0.0015,47.1
6.823,0.0,0.0007,-0.0105,0.003,47.1
6.824,0.0015,-0.0008,-0.0113,0.0015,47.1
6.825,0.0015,0.003,-0.0105,0.0037,47.2
6.826,0.0022,0.0082,-0.0083,0.0037,47.2
6.827,0.0022,0.012,-0.0091,0.0045,47.2
6.828,0.003,0.0157,-0.0068,0.0045,47.2
6.829,0.0037,0.018,-0.0038,0.0052,47.3
6.83,0.003,0.018,-0.0053,0.0045,47.3
6.831,0.0015,0.0112,-0.006,0.0045,47.3
6.832,-0.0008,0.0045,-0.0083,0.0052,47.4
6.833,-0.0008,0.0052,-0.0083,0.006,47.4
6.834,-0.0008,0.003,-0.0091,0.0052,47.4
6.835,-0.0015,0.0045,-0.0105,0.0045,47.5
6.836,-0.0023,0.0082,-0.0113,0.003,47.5
6.837,-0.0015,0.0112,-0.0135,0.0015,47.6
6.838,-0.0015,0.012,-0.0165,0.0037,47.6
6.839,-0.0015,0.009,-0.021,0.003,47.6
6.84,-0.0015,0.009,-0.0263,0.0007,47.6
6.841,-0.0015,0.0052,-0.03,-0.0008,47.6
6.842,-0.0015,0.0015,-0.0315,-0.0008,47.6
6.843,-0.0038,0.0,-0.039,0.0,47.6
6.844,-0.006,-0.003,-0.0518,0.003,47.6
6.845,-0.0053,-0.0075,-0.0653,0.0045,47.6
6.846,-0.0038,-0.0075,-0.0818,0.0022,47.6
6.847,-0.0038,-0.0075,-0.0998,-0.0008,47.6
6.848,-0.0046,-0.0068,-0.1163,-0.0015,47.6
6.849,-0.0015,-0.0098,-0.1313,-0.0008,47.6
6.85,-0.0015,-0.012,-0.1455,-0.0023,47.6
6.851,-0.0023,-0.0128,-0.1605,-0.0023,47.6
6.852,-0.0015,-0.0143,-0.1711,-0.0015,47.6
6.853,-0.003,-0.0135,-0.1823,-0.0038,47.6
6.854,-0.003,-0.012,-0.1853,-0.003,47.6
6.855,-0.0046,-0.0091,-0.117,-0.0023,47.5
6.856,-0.003,-0.0053,0.063,-0.0015,47.5
6.857,-0.0023,-0.0038,0.243,0.0007,47.5
6.858,-0.0023,0.0015,0.3412,0.0007,47.5
6.859,-0.0008,0.0067,0.3967,0.0015,47.5
6.86,-0.0015,0.0112,0.4177,0.0015,47.4
6.861,-0.0008,0.0127,0.4147,0.0022,47.4
6.862,-0.0008,0.0082,0.3945,0.003,47.4
6.863,0.0007,0.0045,0.3615,0.003,47.3
6.864,0.0022,0.0022,0.3255,0.003,47.2
6.865,0.0022,0.0015,0.282,0.0045,47.2
6.866,0.003,0.0015,0.2407,0.0045,47.2
6.867,0.0007,0.0007,0.2025,0.0037,47.1
6.868,-0.0008,0.0,0.1657,0.0022,47.0
6.869,-0.003,-0.0038,0.1335,0.0007,47.0
6.87,-0.0023,-0.0053,0.1042,0.0007,46.9
6.871,-0.0008,-0.0038,0.0757,0.0015,46.9
6.872,0.0,-0.003,0.0495,0.0015,46.8
6.873,0.0015,-0.003,0.0232,0.003,46.8
6.874,0.0022,-0.003,-0.0008,0.0037,46.7
6.875,0.0022,-0.003,-0.0218,0.0045,46.7
6.876,0.0022,-0.0046,-0.0436,0.0037,46.6
6.877,0.0015,-0.0053,-0.0615,0.0022,46.6
6.878,0.0007,-0.0053,-0.075,0.0015,46.5
6.879,0.0007,-0.0023,-0.0856,0.0022,46.4
6.88,0.0,-0.0008,-0.0945,0.0015,46.3
6.881,-0.0023,-0.0008,-0.1028,-0.0008,46.3
6.882,-0.0023,-0.0015,-0.1065,0.0007,46.2
6.883,-0.0046,-0.0038,-0.1103,0.0022,46.1
6.884,-0.0046,-0.006,-0.1125,0.0007,46.0
6.885,-0.003,-0.0075,-0.1095,0.0015,45.9
6.886,-0.003,-0.003,-0.1065,0.003,45.8
6.887,-0.003,-0.0046,-0.105,0.0045,45.7
6.888,-0.0015,-0.0053,-0.1006,0.003,45.6
6.889,0.0015,-0.0046,-0.0945,0.0015,45.5
6.89,0.0007,-0.006,-0.0878,-0.0008,45.4
6.891,0.0015,-0.0038,-0.0803,0.0007,45.3
6.892,0.0,-0.0046,-0.0698,-0.0008,45.2
6.893,-0.0015,-0.0046,-0.0645,-0.0015,45.1
6.894,0.0007,-0.0038,-0.0578,0.0,45.0
6.895,0.0007,-0.0053,-0.0518,0.0,44.9
6.896,-0.0008,-0.003,-0.0495,-0.0008,44.8
6.897,-0.0038,0.0007,-0.0488,0.0007,44.7
6.898,-0.0046,0.006,-0.0495,0.0,44.6
6.899,-0.0046,0.0052,-0.0495,0.0007,44.5
6.9,-0.0015,-0.003,-0.0495,0.0022,44.3
6.901,0.0015,-0.0083,-0.0458,0.0015,44.2
6.902,0.0007,-0.0083,-0.0443,0.0022,44.1
6.903,0.0007,-0.0083,-0.045,0.003,44.0
6.904,-0.0008,-0.0068,-0.0443,0.0015,43.9
6.905,0.0,-0.0091,-0.0436,0.0015,43.8
6.906,0.0007,-0.012,-0.045,0.0015,43.7
6.907,0.0007,-0.0091,-0.0495,0.0015,43.6
6.908,0.0022,-0.0046,-0.0533,0.0007,43.5
6.909,0.0022,-0.0038,-0.0555,0.0007,43.3
6.91,0.0007,-0.0053,-0.0578,0.0022,43.2
6.911,-0.0008,-0.0046,-0.0578,0.0022,43.1
6.912,0.0,0.0015,-0.0585,0.0022,43.0
6.913,-0.0008,0.006,-0.0563,-0.0008,42.9
6.914,-0.0008,0.0127,-0.054,0.0007,42.7
6.915,0.0007,0.0157,-0.0495,0.0007,42.7
6.916,-0.0015,0.0165,-0.0458,0.0007,42.5
6.917,-0.0015,0.0157,-0.042,0.0,42.4
6.918,-0.0008,0.0165,-0.0346,0.0,42.3
6.919,-0.0008,0.0157,-0.027,0.0022,42.2
6.92,0.0,0.0082,-0.0203,0.003,42.0
6.921,0.0007,-0.0038,-0.015,0.0045,41.9
6.922,0.0037,-0.0091,-0.0091,0.0045,41.8
6.923,0.0045,-0.0113,-0.0046,0.006,41.7
6.924,0.003,-0.0181,0.0,0.0067,41.6
6.925,0.003,-0.0233,0.0007,0.006,41.4
6.926,0.0007,-0.027,0.0015,0.0045,41.3
6.927,-0.0008,-0.0308,0.003,0.0015,41.2
6.928,-0.0015,-0.0278,0.0045,0.0015,41.1
6.929,-0.0038,-0.0225,0.0082,-0.0008,40.9
6.93,-0.0046,-0.0203,0.0112,-0.0015,40.8
6.931,-0.0046,-0.0165,0.012,-0.003,40.7
6.932,-0.0053,-0.012,0.0112,-0.006,40.5
6.933,-0.0046,-0.0091,0.0135,-0.0068,40.5
6.934,-0.0046,-0.0046,0.018,-0.0053,40.3
6.935,-0.0046,-0.0008,0.0202,-0.0053,40.2
6.936,-0.0038,0.0,0.0217,-0.0046,40.0
6.937,-0.003,0.0037,0.021,-0.0046,39.9
6.938,-0.0023,0.0097,0.0217,-0.003,39.8
6.939,-0.0015,0.0105,0.021,-0.0015,39.7
6.94,-0.0015,0.0105,0.0202,-0.0008,39.5
6.941,-0.0015,0.0105,0.0217,0.0007,39.4
6.942,-0.0015,-0.0008,0.0217,0.0022,39.2
6.943,-0.003,-0.0181,0.024,0.0022,39.1
6.944,-0.0008,-0.0248,0.027,0.003,39.0
6.945,-0.0008,-0.0256,0.0277,0.003,38.8
6.946,0.0,-0.0233,0.0285,0.0015,38.6
6.947,0.0,-0.0181,0.0285,0.0015,38.5
6.948,-0.0015,-0.015,0.0277,0.0022,38.4
6.949,-0.0008,-0.0128,0.0285,0.0022,38.2
6.95,-0.0015,-0.012,0.0277,0.0015,38.1
6.951,-0.0015,-0.0083,0.0277,0.0015,37.9
6.952,0.0,-0.003,0.0262,0.003,37.8
6.953,-0.0008,0.0,0.024,0.003,37.6
6.954,-0.0008,0.003,0.024,0.003,37.5
6.955,-0.0008,-0.0015,0.0232,0.0045,37.3
6.956,0.0,0.0015,0.0217,0.0052,37.2
6.957,0.0007,0.0067,0.021,0.0045,37.0
6.958,0.0015,0.0112,0.0225,0.0045,36.9
6.959,-0.0008,0.015,0.0217,0.0045,36.7
6.96,0.0,0.0135,0.0202,0.003,36.5
6.961,0.0007,0.015,0.0225,0.0045,36.4
6.962,-0.0008,0.0157,0.0217,0.0045,36.3
6.963,-0.0008,0.0165,0.0195,0.0052,36.1
6.964,0.0,0.0112,0.0172,0.006,35.9
6.965,-0.0008,0.006,0.0172,0.0045,35.7
6.966,-0.0008,0.0067,0.0142,0.0037,35.6
6.967,-0.003,0.0052,0.012,0.0037,35.4
6.968,-0.0023,0.0112,0.012,0.0045,35.2
6.969,-0.003,0.0157,0.0112,0.0022,35.1
6.97,-0.003,0.0195,0.012,0.003,34.9
6.971,-0.0015,0.018,0.0112,0.0015,34.7
6.972,-0.0008,0.0082,0.0112,0.0015,34.6
6.973,-0.0008,0.003,0.009,0.003,34.4
6.974,0.0007,0.003,0.0097,0.0015,34.2
6.975,0.0007,0.0037,0.0112,0.0022,34.1
6.976,0.0015,0.0015,0.0067,0.0022,33.9
6.977,0.0022,0.0007,0.0045,0.0007,33.7
6.978,0.0015,0.0015,0.003,0.0015,33.6
6.979,0.0007,0.0022,0.0022,0.0007,33.4
6.98,0.0015,-0.0015,0.0015,-0.0008,33.2
6.981,0.0007,-0.003,0.0022,-0.0008,33.1
6.982,0.0,-0.0053,0.0007,-0.0008,32.9
6.983,0.0,-0.0075,-0.0008,-0.0008,32.7
6.984,-0.0015,-0.0053,0.0007,-0.0015,32.5
6.985,-0.0008,-0.0038,-0.003,-0.0008,32.4
6.986,0.0,-0.0015,-0.003,-0.0008,32.2
6.987,0.0015,-0.0091,-0.0008,0.0,32.0
6.988,0.0007,-0.0128,-0.0008,-0.0008,31.9
6.989,-0.0008,-0.0098,-0.0008,-0.0008,31.7
6.99,-0.0015,-0.0083,-0.0015,-0.0008,31.5
6.991,-0.0023,-0.0053,-0.0008,-0.0008,31.3
6.992,-0.003,-0.0038,-0.0008,0.0007,31.1
6.993,-0.003,-0.0015,-0.0046,0.0,31.0
6.994,-0.0053,-0.0008,-0.006,-0.0008,30.8
6.995,-0.0038,0.0,-0.0068,-0.0008,30.6
6.996,-0.0038,0.0007,-0.0046,-0.0008,30.5
6.997,-0.003,-0.0015,-0.0046,-0.0015,30.3
6.998,0.0,-0.006,-0.0053,-0.0015,30.1
6.999,-0.0008,-0.0091,-0.003,-0.0008,29.9
7.0,-0.003,-0.0068,-0.0053,-0.0023,29.7
7.001,-0.0015,-0.0053,-0.0015,0.0,29.6
7.002,0.0007,-0.0046,0.003,0.0015,29.4
7.003,0.0015,-0.006,0.0022,0.0007,29.2
7.004,0.0007,-0.0098,0.0037,0.003,29.0
7.005,-0.0008,-0.0068,0.0037,0.0037,28.8
7.006,-0.0023,-0.006,0.0037,0.0045,28.6
7.007,-0.0015,-0.006,0.003,0.006,28.4
7.008,-0.0023,-0.003,0.0015,0.006,28.3
7.009,-0.003,-0.0015,0.0,0.0067,28.1
7.01,-0.0038,-0.0008,-0.0008,0.0052,27.9
7.011,-0.0053,0.0007,-0.0015,0.0067,27.7
7.012,-0.0053,-0.0015,-0.003,0.0045,27.5
7.013,-0.003,0.0007,-0.0015,0.003,27.3
7.014,-0.0015,0.003,-0.003,0.003,27.1
7.015,-0.0015,0.0015,-0.003,0.0022,27.0
7.016,0.0,-0.0008,-0.0038,0.0022,26.8
7.017,0.0015,0.0015,-0.0023,0.0037,26.5
7.018,0.0022,0.0052,-0.0015,0.0015,26.4
7.019,0.0015,0.003,-0.0068,0.0015,26.2
7.02,-0.0008,0.0022,-0.0053,0.0015,26.0
7.021,-0.0015,0.0007,-0.0038,0.0015,25.8
7.022,-0.0015,0.0007,-0.0046,0.0022,25.6
7.023,-0.0046,-0.0008,-0.0046,0.0037,25.5
7.024,-0.006,-0.003,-0.0046,0.006,25.3
7.025,-0.0053,-0.0008,-0.0046,0.003,25.1
7.026,-0.0046,0.0022,-0.0015,0.0022,24.9
7.027,0.0,0.0015,-0.0015,0.0045,24.7
7.028,0.003,0.0,-0.0015,0.003,24.6
7.029,0.0022,-0.0023,0.0015,0.0015,24.4
7.03,0.0007,-0.003,0.0015,0.003,24.2
7.031,0.0,-0.0068,0.0045,0.003,24.0
7.032,-0.0023,-0.0053,0.0037,0.003,23.8
7.033,-0.0008,-0.0038,0.003,0.003,23.7
7.034,-0.0008,-0.0015,0.0045,0.003,23.5
7.035,-0.0015,-0.0008,0.0022,0.003,23.3
7.036,0.0,-0.0008,0.003,0.0022,23.1
7.037,0.003,-0.0023,0.0045,0.003,22.9
7.038,0.003,-0.0046,0.0045,0.0,22.8
7.039,0.0007,-0.0068,0.0045,-0.0008,22.6
7.04,-0.0008,-0.0083,0.0037,-0.0015,22.4
7.041,0.0007,-0.006,0.003,-0.0008,22.2
7.042,0.0015,-0.0053,0.0052,0.0007,22.0
7.043,0.0015,-0.003,0.006,-0.0015,21.8
7.044,0.0015,-0.003,0.0015,-0.0015,21.6
7.045,0.0015,-0.006,0.0007,0.0,21.5
7.046,0.0007,-0.0068,0.0,-0.0008,21.2
7.047,-0.0008,-0.0098,-0.003,-0.0008,21.1
7.048,-0.0015,-0.0068,-0.003,0.0007,20.9
7.049,0.0007,-0.0008,-0.003,-0.0008,20.7
7.05,0.0,0.0015,-0.0053,-0.0015,20.5
7.051,0.0007,0.0007,-0.0068,0.0007,20.3
7.052,0.0015,-0.0023,-0.0068,0.0015,20.1
7.053,0.0022,-0.0046,-0.0083,0.0022,19.9
7.054,0.0022,-0.0046,-0.006,0.0045,19.8
7.055,-0.0008,-0.006,-0.0053,0.003,19.5
7.056,-0.0008,-0.0075,-0.0046,0.0045,19.3
7.057,-0.0015,-0.003,-0.0023,0.0037,19.2
7.058,-0.0008,0.0007,0.0,0.0045,19.0
7.059,0.0007,-0.0015,0.0007,0.0045,18.8
7.06,0.0,-0.0046,0.0,0.0,18.5
7.061,0.0007,-0.0053,0.0015,-0.003,18.4
7.062,-0.0015,-0.0083,0.003,-0.003,18.2
7.063,-0.0046,-0.0068,0.003,-0.003,18.0
7.064,-0.0038,-0.0046,0.0052,-0.0015,17.8
7.065,-0.0023,-0.0015,0.0037,0.0015,17.6
7.066,0.0,-0.0008,0.0045,0.0015,17.5
7.067,0.0015,-0.0105,0.0052,0.003,17.3
7.068,0.0007,-0.0158,0.0045,0.0037,17.0
7.069,0.0,-0.0165,0.0052,0.0052,16.9
7.07,-0.0008,-0.0181,0.0045,0.0045,16.7
7.071,0.0007,-0.0143,0.0052,0.0045,16.5
7.072,-0.0008,-0.0105,0.0015,0.003,16.3
7.073,-0.0038,-0.0053,0.0007,0.0015,16.1
7.074,-0.0046,-0.0023,0.0015,0.0015,15.9
7.075,-0.003,-0.003,0.0007,0.0022,15.7
7.076,-0.0023,-0.0053,0.0,0.0015,15.6
7.077,-0.003,-0.0075,-0.0023,0.0007,15.4
7.078,-0.003,-0.0008,-0.0023,0.0015,15.2
7.079,-0.0023,0.0015,-0.003,0.0,15.0
7.08,-0.0015,0.0045,-0.0053,-0.0015,14.8
7.081,-0.0015,0.003,-0.0053,-0.0038,14.6
7.082,-0.0023,-0.0015,-0.0053,-0.003,14.4
7.083,-0.0015,0.0,-0.0053,-0.0023,14.3
7.084,0.0015,0.003,-0.003,-0.003,14.1
7.085,0.0015,0.003,-0.0015,-0.0053,13.9
7.086,0.0007,-0.003,-0.0008,-0.0038,13.7
7.087,-0.0008,-0.0046,0.0007,-0.003,13.5
7.088,-0.0023,-0.0023,0.0015,-0.0015,13.3
7.089,-0.0008,-0.0008,0.0045,0.0015,13.1
7.09,-0.0008,0.0007,0.006,0.0007,13.0
7.091,-0.0015,0.003,0.0067,0.0015,12.8
7.092,-0.0008,0.009,0.0052,0.003,12.6
7.093,-0.0015,0.0127,0.0007,0.0015,12.4
7.094,-0.0046,0.009,0.0015,0.0015,12.2
7.095,-0.0023,0.0045,0.0007,-0.0015,12.0
7.096,-0.0008,0.0052,-0.0008,-0.0023,11.8
7.097,-0.0008,0.0045,0.0007,-0.003,11.7
7.098,0.0015,0.006,0.0007,-0.0015,11.5
7.099,0.003,0.0082,0.0007,-0.003,11.3
7.1,0.0015,0.0045,0.0007,0.0007,11.1
7.101,-0.0023,-0.0015,0.0037,0.0067,10.9
7.102,-0.0091,-0.0015,0.0045,0.012,10.8
7.103,-0.0098,0.0,0.0045,0.009,10.6
7.104,-0.006,-0.0015,0.003,0.0,10.4
7.105,-0.0046,-0.0046,-0.0008,-0.0038,10.3
7.106,-0.0015,-0.0098,-0.003,-0.003,10.1
7.107,0.0037,-0.0105,-0.003,-0.0008,9.9
7.108,0.0082,-0.0091,-0.0015,0.0022,9.8
7.109,0.012,-0.006,0.0037,0.0052,9.6
7.11,0.0127,-0.0015,0.0045,0.006,9.4
7.111,0.0105,-0.0023,0.0045,0.0067,9.3
7.112,0.0067,-0.0068,0.003,0.0067,9.1
7.113,0.0052,-0.0053,0.003,0.009,9.0
7.114,0.0052,-0.0015,0.0067,0.012,8.8
7.115,0.0022,-0.003,0.0067,0.0082,8.6
7.116,-0.003,-0.0015,0.0052,0.0067,8.5
7.117,-0.0091,0.003,0.0045,0.0067,8.3
7.118,-0.0083,0.003,0.0052,0.006,8.1
7.119,-0.0068,0.0007,0.0045,0.0045,8.0
7.12,-0.0038,-0.0008,0.0,0.0015,7.7
7.121,-0.0046,0.003,-0.003,0.0,7.6
7.122,-0.0046,0.0045,-0.0038,-0.0015,7.5
7.123,-0.0038,0.0045,-0.0008,-0.003,7.3
7.124,-0.003,0.0045,-0.0008,-0.003,7.2
7.125,-0.0008,0.0045,-0.003,-0.003,7.1
7.126,-0.0008,0.0,-0.003,-0.0046,6.9
7.127,-0.003,-0.0046,-0.0046,-0.0053,6.7
7.128,-0.003,-0.0053,-0.0023,-0.0015,6.6
7.129,-0.0015,-0.0015,0.0007,0.0,6.5
7.13,0.0,0.0015,0.003,0.0022,6.3
7.131,0.0007,0.0015,0.0052,0.003,6.2
7.132,0.0,0.0037,0.0052,0.0015,6.0
7.133,-0.0008,0.009,0.0037,0.0015,5.9
7.134,0.0007,0.0082,0.0015,0.0015,5.8
7.135,-0.0015,0.0052,0.0022,0.0015,5.6
7.136,-0.0015,0.0045,0.0015,0.0015,5.4
7.137,-0.0015,0.003,0.0015,0.0015,5.3
7.138,-0.0015,0.0037,0.003,0.0022,5.2
7.139,0.0007,0.0037,0.003,0.0052,5.0
7.14,0.0007,0.0045,0.0022,0.0045,4.8
7.141,0.0,0.0052,0.0015,0.003,4.7
7.142,0.0007,0.0052,0.0015,0.0015,4.6
7.143,0.0,0.003,0.0007,0.0,4.5
7.144,-0.0015,-0.0008,0.0015,0.0015,4.4
7.145,-0.0008,0.0,0.0022,0.0022,4.2
7.146,-0.0008,-0.0008,0.0007,0.003,4.1
7.147,-0.0015,-0.0023,0.0007,0.0015,4.0
7.148,-0.0008,-0.0038,-0.0008,0.0015,3.9
7.149,0.0,-0.0068,0.0,0.0015,3.8
7.15,-0.0008,-0.0068,0.0007,0.0,3.6
7.151,-0.0015,-0.0083,0.0007,-0.0015,3.5
7.152,-0.0015,-0.0075,-0.0015,-0.0008,3.4
7.153,-0.0008,-0.0075,-0.0023,-0.0008,3.3
7.154,0.0007,-0.0091,-0.0008,0.0015,3.1
7.155,-0.0015,-0.0091,0.0,0.0022,3.0
7.156,-0.0015,-0.0098,0.0015,0.003,2.9
7.157,0.0007,-0.0083,0.003,0.0045,2.8
7.158,0.0015,-0.0083,0.003,0.0022,2.6
7.159,0.0015,-0.0068,0.0007,0.0015,2.6
7.16,0.0007,-0.003,0.0015,0.0037,2.4
7.161,0.0007,-0.0068,0.0015,0.0045,2.3
7.162,0.0015,-0.0128,0.0037,0.0037,2.2
7.163,-0.0023,-0.0143,0.0052,0.0067,2.2
7.164,-0.0046,-0.0128,0.0045,0.0082,2.0
7.165,-0.0038,-0.0098,0.0037,0.006,1.9
7.166,-0.0053,-0.0068,0.0015,0.0037,1.8
7.167,-0.0053,-0.0068,0.0007,-0.0008,1.8
7.168,-0.0083,-0.0113,-0.0008,-0.003,1.7
7.169,-0.0075,-0.015,-0.0015,-0.0075,1.6
7.17,-0.006,-0.0173,-0.0015,-0.0105,1.4
7.171,-0.0068,-0.0143,0.0007,-0.012,1.3
7.172,-0.0053,0.0007,0.0015,-0.0158,1.3
7.173,-0.003,0.0315,0.003,-0.0173,1.2
7.174,-0.0038,0.0382,0.003,-0.0195,1.1
7.175,0.0,0.0105,0.0,-0.0195,1.0
7.176,0.0022,-0.0068,0.0015,-0.015,0.9
7.177,0.0007,-0.0188,0.0,-0.0053,0.8
7.178,0.0015,-0.0218,0.0007,0.0022,0.7
7.179,0.0015,-0.0233,0.0015,0.012,0.6
7.18,0.0015,-0.0143,-0.0008,0.0277,0.4
7.181,0.0015,-0.0053,-0.0008,0.0397,0.4
7.182,0.0007,-0.0158,-0.0023,0.0495,0.4
7.183,0.0015,-0.0203,-0.003,0.0382,0.4
7.184,0.0015,-0.0225,-0.003,0.0052,0.3
7.185,0.0015,-0.0165,-0.0046,-0.0165,0.3
7.186,0.0007,-0.0053,-0.0046,-0.0293,0.2
7.187,0.0007,0.0037,-0.0046,-0.0263,0.2
7.188,0.0007,0.0082,-0.0053,-0.0023,0.1
7.189,-0.0008,0.0172,-0.0053,0.0202,0.1
7.19,-0.0015,0.0277,-0.0053,0.0397,0.0
7.191,-0.0023,0.0307,-0.006,0.0502,0.0
7.192,-0.003,0.0202,-0.003,0.042,-0.1
7.193,-0.0023,0.0172,-0.0008,0.0292,-0.1
7.194,-0.0008,0.0255,0.0007,0.018,-0.2
7.195,-0.0008,0.0015,0.0,-0.0195,-0.2
7.196,0.0,-0.0278,-0.003,-0.0645,-0.3
7.197,0.0007,-0.0413,-0.0038,-0.075,-0.3
7.198,0.0007,-0.0443,-0.0023,-0.0728,-0.4
7.199,0.003,-0.027,-0.003,-0.057,-0.4
7.2,0.006,-0.0046,-0.003,-0.0256,-0.5
7.201,0.0045,-0.0105,-0.003,0.0015,-0.5
7.202,0.003,-0.0165,-0.003,0.0495,-0.5
7.203,0.0007,0.0435,-0.0015,0.0975,-0.5
7.204,-0.0008,0.066,0.0,0.126,-0.5
7.205,-0.0008,0.0127,0.0007,0.1387,-0.5
7.206,-0.0015,0.0157,0.0007,0.1125,-0.5
7.207,0.0,0.045,0.0022,0.0292,-0.5
7.208,-0.0015,0.0052,0.0007,-0.0375,-0.5
7.209,-0.006,-0.0263,0.0015,-0.0488,-0.6
7.21,-0.0083,-0.0278,-0.0008,-0.0563,-0.6
7.211,-0.0091,-0.0368,-0.0015,-0.0533,-0.6
7.212,-0.0083,-0.027,0.003,-0.054,-0.6
7.213,-0.0046,-0.0203,0.0067,-0.048,-0.6
7.214,-0.0015,-0.015,0.0082,-0.0443,-0.6
7.215,-0.0038,-0.012,0.0067,-0.0488,-0.7
7.216,-0.0046,-0.0181,0.0037,-0.0488,-0.7
7.217,-0.0046,-0.0128,0.0052,-0.039,-0.7
7.218,-0.0046,-0.012,0.0097,-0.015,-0.7
7.219,0.0,-0.0128,0.0112,0.0045,-0.7
7.22,-0.0008,-0.0068,0.0105,0.03,-0.8
7.221,0.0007,0.0015,0.0082,0.048,-0.8
7.222,0.0022,0.0015,0.0075,0.0457,-0.7
7.223,0.0015,-0.0023,0.009,0.0165,-0.7
7.224,0.0015,-0.003,0.0052,-0.003,-0.7
7.225,0.0,-0.0053,0.0052,-0.0015,-0.7
7.226,-0.0023,-0.0053,0.0067,0.012,-0.7
7.227,-0.003,-0.015,0.0045,0.036,-0.6
7.228,-0.0015,-0.0233,0.0052,0.0405,-0.6
7.229,0.0007,-0.015,0.0037,0.0412,-0.6
7.23,0.0015,0.0105,0.0007,0.0217,-0.6
7.231,-0.0008,0.0247,0.0007,0.003,-0.6
7.232,0.0007,0.0045,-0.0008,-0.0083,-0.5
7.233,0.0007,-0.0083,-0.0015,-0.0233,-0.5
7.234,0.0015,-0.0015,0.0015,-0.0195,-0.5
7.235,0.003,0.0195,0.003,-0.0091,-0.5
7.236,0.003,0.06,0.0037,-0.0023,-0.5
7.237,0.009,0.0705,0.0037,0.0007,-0.5
7.238,0.0082,0.0442,0.003,0.009,-0.5
7.239,0.0045,0.0232,0.003,0.0157,-0.4
7.24,0.0045,-0.0008,0.003,0.0067,-0.4
7.241,0.0007,-0.0256,-0.0008,-0.015,-0.4
7.242,-0.0015,-0.03,-0.0015,-0.0315,-0.3
7.243,-0.0008,-0.0293,0.0,-0.0375,-0.3
7.244,0.0007,-0.0203,0.0007,-0.0383,-0.2
7.245,0.0037,-0.0015,0.003,-0.0375,-0.1
7.246,0.0045,0.0187,0.0045,-0.0368,-0.1
7.247,0.0015,0.033,0.0037,-0.0285,0.0
7.248,0.0007,0.012,0.0,-0.0203,0.0
7.249,0.0022,-0.006,0.0,-0.0098,0.0
7.25,0.0007,-0.006,-0.0015,0.012,0.1
7.251,0.0007,-0.0053,-0.003,0.042,0.1
7.252,0.0007,-0.0008,-0.0015,0.0637,0.2
7.253,0.0015,-0.0105,-0.0038,0.075,0.2
7.254,0.0,-0.015,-0.003,0.0667,0.3
7.255,0.0007,-0.0105,-0.0015,0.0255,0.4
7.256,0.003,-0.0008,-0.0046,-0.0046,0.4
7.257,0.0,0.0082,-0.0105,-0.0181,0.4
7.258,-0.003,-0.0105,-0.012,-0.024,0.5
7.259,-0.003,-0.0203,-0.0083,-0.0218,0.5
7.26,-0.0015,-0.0158,-0.0091,-0.0181,0.6
7.261,-0.0015,-0.006,-0.0091,-0.021,0.6
7.262,-0.003,0.0045,-0.0091,-0.0353,0.7
7.263,-0.0015,-0.0068,-0.0068,-0.0233,0.7
7.264,-0.0015,-0.0143,-0.0023,-0.0158,0.8
7.265,-0.0008,-0.003,-0.0023,-0.0128,0.8
7.266,-0.003,0.0015,-0.003,0.006,0.8
7.267,-0.0091,-0.0068,-0.0053,0.0022,0.9
7.268,-0.0091,-0.0105,-0.0053,-0.006,0.9
7.269,-0.0083,-0.0015,-0.0046,-0.0008,0.9
7.27,-0.0046,0.0195,-0.0053,0.0157,1.0
7.271,-0.0008,0.0225,-0.0046,0.0495,1.0
7.272,0.0,0.003,-0.0053,0.0645,1.1
7.273,0.0015,0.003,-0.003,0.0442,1.1
7.274,0.003,-0.0023,-0.0015,0.0285,1.2
7.275,0.0022,-0.0075,-0.0008,0.0292,1.2
7.276,0.0015,-0.003,-0.0008,0.0217,1.2
7.277,0.003,-0.0113,-0.0023,-0.0128,1.3
7.278,0.0007,-0.0158,-0.0068,-0.0691,1.3
7.279,-0.0038,-0.0181,-0.006,-0.0915,1.3
7.28,-0.003,-0.0158,-0.0023,-0.09,1.4
7.281,0.0,-0.003,-0.0046,-0.066,1.4
7.282,0.003,0.012,-0.0015,-0.0353,1.4
7.283,0.0015,0.0112,-0.003,-0.0075,1.4
7.284,0.0,0.0022,-0.0053,0.0615,1.4
7.285,-0.0015,-0.0053,-0.0046,0.129,1.4
7.286,-0.0053,-0.0083,-0.0046,0.1747,1.4
7.287,-0.0046,-0.0015,-0.0023,0.1672,1.4
7.288,-0.0023,-0.0068,-0.0023,0.105,1.4
7.289,-0.0046,-0.0091,-0.0015,0.0562,1.4
7.29,-0.0053,-0.003,-0.0008,0.0225,1.3
7.291,-0.012,-0.0046,-0.0023,-0.0023,1.3
7.292,-0.0158,-0.0008,-0.0008,-0.033,1.3
7.293,-0.0128,0.0037,0.0015,-0.0645,1.3
7.294,-0.0053,-0.0008,0.0045,-0.0758,1.3
7.295,0.0045,-0.0008,0.0082,-0.0825,1.3
7.296,0.009,0.0007,0.0052,-0.0788,1.3
7.297,0.0082,-0.0008,0.0007,-0.0638,1.3
7.298,0.0082,-0.003,-0.0008,-0.0511,1.3
7.299,0.0105,-0.0053,0.0015,-0.0353,1.3
7.3,0.0112,-0.0046,0.0045,-0.0181,1.3
7.301,0.0075,-0.0113,0.0052,-0.0068,1.2
7.302,0.0037,-0.024,0.0067,0.0007,1.1
7.303,0.003,-0.0256,0.009,0.003,0.9
7.304,-0.0023,-0.0225,0.0067,-0.0083,0.8
7.305,-0.0098,-0.0233,0.0067,-0.006,0.7
7.306,-0.0165,-0.024,0.0082,-0.0068,0.6
7.307,-0.0173,-0.0195,0.0075,-0.0248,0.4
7.308,-0.0135,0.0045,0.0067,-0.0308,0.4
7.309,-0.0098,0.0255,0.0045,-0.0518,0.2
7.31,-0.0068,0.0165,0.003,-0.0645,0.1
7.311,-0.0083,0.0052,-0.0023,-0.0593,0.0
7.312,-0.0038,0.0247,-0.0015,-0.0383,-0.1
7.313,-0.0008,0.0232,-0.006,-0.0098,-0.2
7.314,-0.0008,-0.0015,-0.012,0.0195,-0.4
7.315,0.0015,0.021,-0.012,0.0675,-0.5
7.316,0.0015,0.0345,-0.0143,0.0832,-0.6
7.317,0.003,0.018,-0.0143,0.078,-0.7
7.318,0.0,-0.0023,-0.0188,0.0615,-0.9
7.319,-0.0008,-0.0248,-0.0181,0.027,-0.9
7.32,0.0015,-0.0165,-0.0105,0.0352,-1.1
7.321,0.0045,0.0022,-0.0083,0.0855,-1.1
7.322,0.0045,0.0577,-0.0015,0.0892,-1.1
7.323,-0.0008,0.0652,0.003,0.0682,-1.1
7.324,-0.003,-0.0143,0.0075,0.0195,-1.1
7.325,-0.0075,-0.033,0.012,-0.0368,-1.1
7.326,-0.0075,-0.0346,0.0217,-0.0293,-1.2
7.327,-0.0023,-0.0458,0.0345,-0.0091,-1.2
7.328,0.0007,-0.045,0.042,0.0315,-1.2
7.329,-0.0015,-0.0195,0.0525,0.0742,-1.2
7.33,-0.0015,0.045,0.0652,0.09,-1.2
7.331,0.0007,0.0352,0.0735,0.0592,-1.2
7.332,0.0007,-0.0218,0.0802,0.0165,-1.2
7.333,-0.0008,-0.0346,0.0862,-0.0278,-1.2
7.334,0.0007,-0.0165,0.0952,-0.0518,-1.2
7.335,0.0045,-0.0105,0.1087,-0.0488,-1.3
7.336,0.0045,-0.0263,0.1162,-0.0615,-1.3
7.337,0.0007,-0.0285,0.1192,-0.0473,-1.3
7.338,0.0007,-0.027,0.1237,-0.048,-1.3
7.339,0.0022,-0.0165,0.1192,-0.0443,-1.3
7.34,0.0007,-0.0008,0.111,-0.033,-1.4
7.341,0.0007,0.003,0.0967,-0.0278,-1.4
7.342,0.0007,0.018,0.0817,-0.0143,-1.4
7.343,0.0,0.0217,0.0652,-0.0181,-1.4
7.344,-0.0008,0.0015,0.0427,-0.021,-1.4
7.345,-0.0008,-0.0083,0.021,-0.027,-1.4
7.346,-0.0023,-0.0128,0.0037,-0.0323,-1.4
7.347,-0.003,-0.0105,-0.0158,-0.0353,-1.4
7.348,-0.0008,-0.0083,-0.039,-0.0293,-1.4
7.349,0.0,-0.0046,-0.0593,-0.0181,-1.4
7.35,0.0,-0.0008,-0.0795,-0.0008,-1.4
7.351,0.0022,0.0,-0.0938,0.0202,-1.4
7.352,0.0015,0.003,-0.1073,0.0277,-1.4
7.353,-0.0008,-0.0015,-0.1193,0.0202,-1.4
7.354,-0.0023,-0.0075,-0.1253,-0.0008,-1.4
7.355,-0.003,-0.0105,-0.1313,-0.0098,-1.4
7.356,0.0,-0.012,-0.1335,-0.003,-1.4
7.357,0.0015,-0.0098,-0.1305,0.009,-1.4
7.358,0.0,-0.0105,-0.1253,0.0052,-1.4
7.359,0.0,-0.0105,-0.1215,-0.0188,-1.4
7.36,0.0,-0.0135,-0.1088,-0.0233,-1.5
7.361,-0.0008,-0.0135,-0.093,-0.0135,-1.5
7.362,-0.0008,-0.0046,-0.084,-0.0046,-1.5
7.363,-0.0015,0.0105,-0.0743,-0.003,-1.5
7.364,-0.0023,0.033,-0.063,0.0007,-1.5
7.365,-0.0008,0.0382,-0.0488,0.0255,-1.5
7.366,-0.0008,0.036,-0.039,0.057,-1.5
7.367,-0.0023,0.0405,-0.0308,0.0892,-1.5
7.368,-0.0023,0.0277,-0.0181,0.0825,-1.5
7.369,-0.003,0.0195,-0.0075,0.0397,-1.6
7.37,-0.0015,0.009,0.0037,0.0232,-1.6
7.371,-0.0008,-0.0083,0.0135,0.0165,-1.6
7.372,-0.0008,-0.0091,0.024,0.021,-1.6
7.373,-0.0008,-0.0158,0.0307,0.0375,-1.6
7.374,-0.0015,-0.012,0.0405,0.0622,-1.6
7.375,-0.0015,-0.0053,0.048,0.0637,-1.7
7.376,-0.0008,-0.0173,0.0502,0.0112,-1.7
7.377,-0.0015,-0.0165,0.0502,-0.0353,-1.7
7.378,-0.0008,-0.0083,0.0472,-0.0518,-1.7
7.379,0.0,-0.012,0.0457,-0.0578,-1.7
7.38,0.0015,-0.0015,0.0427,-0.0623,-1.8
7.381,0.0,0.0495,0.0442,-0.0308,-1.7
7.382,0.003,0.0802,0.0442,0.0337,-1.7
7.383,0.0052,0.0405,0.0382,0.0982,-1.7
7.384,0.0067,0.0232,0.0315,0.108,-1.7
7.385,0.0045,0.0352,0.0262,0.0562,-1.6
7.386,0.0015,0.0082,0.021,0.0052,-1.6
7.387,-0.0023,-0.015,0.0142,-0.0428,-1.6
7.388,-0.0068,-0.0143,0.0135,-0.0713,-1.5
7.389,-0.0038,-0.0128,0.0112,-0.0706,-1.5
7.39,-0.0015,-0.012,0.0067,-0.0706,-1.5
7.391,-0.003,-0.0143,0.003,-0.0818,-1.4
7.392,-0.0008,-0.003,0.0007,-0.0765,-1.4
7.393,0.0007,-0.003,0.0,-0.0368,-1.4
7.394,0.0007,-0.0278,0.0007,0.015,-1.4
7.395,0.003,-0.0218,0.0015,0.0352,-1.4
7.396,0.0015,-0.0091,0.0007,0.0382,-1.3
7.397,0.0007,-0.0143,0.0015,0.0495,-1.3
7.398,0.0022,-0.0135,0.0015,0.048,-1.3
7.399,0.0015,-0.0181,0.0,0.063,-1.3
7.4,-0.0015,-0.0195,0.0007,0.0667,-1.2
7.401,0.0007,-0.0105,0.0007,0.0172,-1.2
7.402,0.0007,0.0037,-0.0015,-0.0075,-1.3
7.403,-0.0015,-0.0053,-0.0046,-0.0203,-1.3
7.404,-0.0046,-0.0233,-0.0046,-0.0315,-1.4
7.405,-0.006,-0.0233,-0.006,-0.033,-1.4
7.406,-0.0068,-0.0263,-0.0053,-0.0428,-1.4
7.407,-0.0046,-0.0233,-0.0053,-0.033,-1.5
7.408,-0.0008,-0.0181,-0.006,-0.0383,-1.5
7.409,0.0007,-0.0165,-0.0046,-0.0293,-1.6
7.41,-0.0008,-0.0181,-0.006,-0.0083,-1.6
7.411,-0.0015,-0.027,-0.0083,-0.003,-1.7
7.412,-0.0023,-0.0278,-0.0105,-0.012,-1.7
7.413,-0.0023,-0.0105,-0.0128,-0.0195,-1.8
7.414,-0.0015,0.0172,-0.0158,-0.006,-1.8
7.415,-0.0008,0.0165,-0.0188,0.0,-1.8
7.416,0.0,-0.003,-0.0188,-0.0015,-1.9
7.417,0.0015,-0.0083,-0.0203,-0.0098,-1.9
7.418,0.0007,-0.0075,-0.021,-0.0053,-2.0
7.419,0.0015,-0.0023,-0.0203,0.0067,-2.0
7.42,0.0045,0.0165,-0.0181,0.0157,-2.1
7.421,0.0022,0.039,-0.0158,0.015,-2.1
7.422,0.0022,0.0435,-0.0128,0.0045,-2.2
7.423,0.003,0.0157,-0.0098,-0.0008,-2.3
7.424,0.0007,-0.0008,-0.0068,-0.0053,-2.3
7.425,0.0007,-0.003,-0.0075,-0.006,-2.4
7.426,-0.0008,-0.0075,-0.0091,-0.0105,-2.4
7.427,-0.0023,-0.0053,-0.0068,-0.0105,-2.5
7.428,-0.0046,-0.0098,-0.0046,-0.0053,-2.6
7.429,-0.0053,-0.0068,-0.0046,-0.006,-2.7
7.43,-0.006,0.0,-0.0046,-0.0068,-2.7
7.431,-0.0053,-0.0008,-0.003,0.0007,-2.7
7.432,-0.0038,0.0015,-0.0023,0.0067,-2.8
7.433,-0.0038,-0.0015,-0.0015,0.0232,-2.9
7.434,-0.0038,-0.0083,-0.0023,0.045,-3.0
7.435,-0.003,-0.0091,0.0007,0.0547,-3.0
7.436,-0.0008,-0.0091,0.0052,0.0315,-3.1
7.437,-0.0008,-0.0135,0.0037,-0.0075,-3.2
7.438,-0.0015,-0.024,0.003,-0.0165,-3.2
7.439,-0.0008,-0.033,0.0015,-0.0225,-3.3
7.44,-0.0015,-0.03,0.003,-0.0278,-3.4
7.441,0.0,-0.0256,0.0015,-0.0285,-3.4
7.442,0.0007,-0.0233,0.0,-0.0256,-3.4
7.443,0.0007,-0.0053,0.0022,-0.003,-3.4
7.444,0.003,0.0217,0.003,0.012,-3.5
7.445,0.0007,0.0442,0.003,0.0292,-3.5
7.446,0.0007,0.0517,0.0015,0.0345,-3.6
7.447,0.003,0.0615,0.0022,-0.0046,-3.6
7.448,0.0007,0.0825,0.0015,-0.0256,-3.6
7.449,-0.0008,0.054,-0.0023,-0.0015,-3.6
7.45,-0.0015,0.0187,-0.003,0.0315,-3.7
7.451,-0.0023,0.039,-0.0023,0.0712,-3.7
7.452,-0.0015,0.042,-0.003,0.0622,-3.7
7.453,-0.0023,-0.0068,-0.003,0.018,-3.8
7.454,-0.0015,-0.0428,-0.006,0.012,-3.8
7.455,-0.0008,-0.0443,-0.0046,0.03,-3.8
7.456,0.003,-0.048,-0.003,0.042,-3.9
7.457,0.0037,-0.0405,-0.0015,0.0502,-3.9
7.458,0.0015,-0.039,-0.0008,0.0495,-3.9
7.459,0.003,-0.0405,0.0007,0.015,-4.0
7.46,0.0015,-0.0361,0.0007,-0.0008,-4.1
7.461,-0.0008,-0.027,0.0007,0.0052,-4.1
7.462,-0.0023,-0.0128,0.0045,0.003,-4.1
7.463,-0.003,-0.0105,0.0067,-0.0068,-4.0
7.464,-0.0015,-0.0098,0.0075,-0.0195,-4.0
7.465,-0.0008,-0.0158,0.0082,-0.0203,-4.0
7.466,0.0015,-0.0128,0.009,-0.0233,-4.0
7.467,0.0015,-0.0091,0.009,-0.0256,-4.0
7.468,-0.0008,-0.0015,0.0105,-0.0278,-4.0
7.469,-0.0015,0.0112,0.0105,-0.0285,-4.0
7.47,-0.0046,0.0045,0.012,-0.021,-4.0
7.471,-0.0046,-0.0046,0.0127,-0.0195,-4.0
7.472,-0.0008,-0.0046,0.012,-0.0225,-4.0
7.473,-0.0008,-0.003,0.0112,-0.0218,-3.9
7.474,-0.0008,0.0007,0.0112,-0.0165,-3.9
7.475,-0.0008,0.0067,0.012,-0.0068,-3.9
7.476,-0.0015,0.0045,0.0097,0.0165,-3.9
7.477,-0.003,0.0007,0.009,0.0292,-3.9
7.478,-0.0046,-0.0053,0.0105,0.0217,-3.9
7.479,-0.003,-0.0083,0.0105,0.0075,-3.9
7.48,0.0,-0.0068,0.012,-0.0023,-3.9
7.481,-0.0008,-0.0038,0.012,-0.0015,-3.9
7.482,-0.0008,0.0007,0.009,-0.0008,-3.9
7.483,-0.0008,-0.003,0.0082,-0.0068,-3.9
7.484,0.0007,-0.0091,0.0075,-0.0091,-3.8
7.485,0.0,-0.0203,0.0022,-0.0105,-3.8
7.486,-0.0023,-0.0323,-0.0008,-0.0173,-3.8
7.487,-0.0046,-0.027,-0.0008,-0.0256,-3.8
7.488,-0.0068,-0.003,-0.0008,-0.0353,-3.8
7.489,-0.0053,0.0255,0.0007,-0.0338,-3.8
7.49,-0.0038,0.0247,0.0007,-0.012,-3.8
7.491,-0.006,0.006,0.0007,0.0097,-3.8
7.492,-0.0046,-0.0023,0.0015,0.0052,-3.8
7.493,-0.0046,-0.0038,0.003,-0.0225,-3.8
7.494,-0.0038,0.015,0.0037,-0.0368,-3.8
7.495,-0.0023,0.0255,0.0052,-0.0195,-3.8
7.496,0.0007,0.0157,0.0067,0.003,-3.8
7.497,0.0,0.0322,0.006,0.024,-3.7
7.498,0.0007,0.0292,0.0045,0.042,-3.7
7.499,0.0015,0.003,0.0052,0.057,-3.7
7.5,0.0015,0.0217,0.0045,0.0802,-3.7
7.501,0.0015,0.0495,0.0045,0.1312,-3.7
7.502,0.0007,0.0592,0.0067,0.168,-3.7
7.503,0.0007,0.0315,0.0067,0.1065,-3.7
7.504,0.0022,0.0082,0.0075,0.0082,-3.7
7.505,0.0022,0.0015,0.0075,-0.0188,-3.7
7.506,0.0,-0.0143,0.0052,-0.0308,-3.7
7.507,-0.0008,-0.0143,0.0045,-0.0413,-3.7
7.508,0.0,-0.0181,0.0015,-0.0256,-3.8
7.509,-0.0015,-0.0158,0.003,-0.0203,-3.8
7.51,0.0,-0.0181,0.0045,-0.0263,-3.8
7.511,0.0,-0.0143,0.0067,-0.0315,-3.8
7.512,-0.0008,-0.0098,0.009,-0.0218,-3.8
7.513,0.0007,-0.012,0.0067,-0.0285,-3.8
7.514,0.0007,-0.0113,0.006,-0.033,-3.8
7.515,-0.0023,-0.0105,0.0052,-0.03,-3.8
7.516,-0.003,-0.0046,0.0052,-0.0323,-3.8
7.517,-0.0008,-0.0046,0.0067,-0.0383,-3.8
7.518,0.0,-0.0046,0.006,-0.0375,-3.9
7.519,-0.0008,-0.0053,0.0052,-0.015,-3.9
7.52,-0.0008,-0.003,0.0037,-0.0015,-3.9
7.521,0.0,-0.0143,0.0045,0.0067,-3.9
7.522,0.0007,-0.027,0.003,0.0015,-3.9
7.523,-0.0008,-0.0263,0.0015,0.0,-4.0
7.524,0.0015,-0.0203,0.0045,0.003,-4.0
7.525,0.0045,-0.0188,0.003,-0.0068,-4.0
7.526,0.0022,-0.024,0.0007,0.0,-4.0
7.527,-0.0008,-0.0158,-0.0015,0.0052,-4.1
7.528,-0.0015,-0.0165,0.0007,0.0067,-4.1
7.529,-0.0008,-0.0165,0.0007,0.009,-4.1
7.53,-0.0023,0.0135,0.0007,0.0052,-4.1
7.531,-0.0008,0.0525,0.0,-0.0008,-4.1
7.532,-0.0015,0.0487,-0.0008,-0.0015,-4.2
7.533,-0.0023,0.018,0.0,-0.0038,-4.2
7.534,-0.0008,0.0,-0.0015,0.0022,-4.2
7.535,-0.0015,-0.0195,-0.0015,0.0127,-4.2
7.536,-0.0046,-0.0143,-0.0008,0.0217,-4.3
7.537,-0.0053,0.0052,-0.0023,0.0255,-4.3
7.538,-0.0023,0.0232,-0.003,0.0172,-4.3
7.539,-0.0008,0.0112,-0.0023,0.0165,-4.3
7.54,-0.0038,-0.006,0.0,0.0195,-4.4
7.541,-0.0015,-0.0015,0.003,0.003,-4.4
7.542,0.0007,-0.015,0.0015,-0.0075,-4.4
7.543,0.0007,-0.0165,0.0007,-0.0015,-4.4
7.544,0.003,0.003,0.0007,-0.0015,-4.4
7.545,0.0022,0.0142,0.0015,-0.0008,-4.4
7.546,0.0015,-0.0105,0.0022,-0.0008,-4.4
7.547,0.0007,-0.0181,0.0015,-0.0008,-4.4
7.548,-0.0015,-0.0008,0.003,0.003,-4.4
7.549,-0.0015,0.0052,0.003,0.0015,-4.4
7.55,-0.0023,0.0052,0.003,0.006,-4.5
7.551,-0.0023,-0.0053,0.0045,0.0067,-4.5
7.552,-0.003,-0.0008,0.003,0.0007,-4.5
7.553,-0.0023,-0.003,0.0007,-0.0053,-4.5
7.554,0.0,-0.0053,0.0007,-0.0068,-4.5
7.555,-0.0008,-0.0008,-0.0015,-0.0038,-4.5
7.556,0.0015,-0.003,-0.0008,-0.0015,-4.5
7.557,0.003,-0.0015,0.0,-0.0023,-4.5
7.558,0.0015,-0.0091,-0.0008,-0.0083,-4.5
7.559,0.0007,-0.012,-0.0008,-0.0143,-4.5
7.56,0.0015,-0.0158,0.0015,-0.0203,-4.5
7.561,0.0022,-0.0158,0.0007,-0.0248,-4.5
7.562,0.0015,-0.0128,-0.0023,-0.024,-4.5
7.563,-0.0008,-0.0158,-0.0023,-0.0263,-4.5
7.564,-0.0008,-0.0248,-0.0015,-0.0128,-4.5
7.565,0.0007,-0.0293,0.0,-0.0015,-4.5
7.566,0.0,-0.0158,0.0,-0.0158,-4.5
7.567,-0.003,-0.0128,-0.0015,-0.0323,-4.5
7.568,-0.0038,-0.0195,-0.0023,-0.0443,-4.5
7.569,-0.006,-0.0285,-0.0053,-0.042,-4.5
7.57,-0.006,-0.0368,-0.0075,-0.0188,-4.4
7.571,-0.0046,-0.0383,-0.006,0.024,-4.4
7.572,0.0007,-0.0263,-0.003,0.0645,-4.4
7.573,0.0045,-0.0075,-0.003,0.099,-4.4
7.574,0.0045,-0.0038,-0.0023,0.1102,-4.4
7.575,0.0075,0.012,-0.003,0.093,-4.4
7.576,0.003,0.039,-0.0053,0.111,-4.4
7.577,0.0,0.0712,-0.0046,0.1072,-4.4
7.578,0.0,0.0652,-0.0038,0.06,-4.4
7.579,0.0,0.0082,-0.003,0.018,-4.3
7.58,0.0,-0.0135,-0.0023,-0.0218,-4.3
7.581,-0.003,-0.0158,-0.003,-0.0346,-4.3
7.582,-0.003,-0.0188,-0.0015,-0.0413,-4.3
7.583,-0.003,-0.012,0.0,-0.0398,-4.3
7.584,-0.0015,-0.0053,0.0015,-0.033,-4.3
7.585,-0.0015,0.015,0.0045,-0.0263,-4.3
7.586,-0.0015,0.0337,0.0045,-0.0218,-4.3
7.587,-0.0015,0.0157,0.003,-0.027,-4.3
7.588,-0.0038,-0.0038,0.0045,-0.0285,-4.2
7.589,-0.003,0.0015,0.003,-0.0285,-4.2
7.59,-0.0046,0.0007,0.0,-0.0285,-4.2
7.591,-0.0046,0.006,-0.0008,-0.0278,-4.2
7.592,-0.003,-0.003,-0.003,-0.0195,-4.2
7.593,-0.003,-0.0075,-0.0046,-0.0113,-4.2
7.594,-0.003,-0.0023,-0.0046,-0.0105,-4.2
7.595,-0.0038,-0.0038,-0.0053,-0.0091,-4.2
7.596,-0.0023,0.0007,-0.0046,-0.0075,-4.2
7.597,-0.0023,0.003,-0.003,-0.006,-4.2
7.598,-0.0015,0.009,-0.0015,-0.006,-4.1
7.599,-0.003,0.0067,-0.0008,-0.0068,-4.1
7.6,-0.0046,-0.0075,-0.0008,-0.006,-4.1
7.601,0.0,-0.0135,0.0,-0.0038,-4.1
7.602,-0.0008,-0.0091,0.0015,-0.0008,-4.1
7.603,-0.0008,-0.0105,0.0045,0.0015,-4.1
7.604,-0.0008,-0.0105,0.003,0.0022,-4.1
7.605,-0.0015,-0.015,0.003,0.0015,-4.1
7.606,-0.0008,-0.0173,0.003,0.0007,-4.1
7.607,-0.0008,-0.0158,0.0022,-0.0008,-4.1
7.608,0.0015,-0.0083,0.0045,0.0007,-4.1
7.609,0.003,0.0157,0.0045,0.0052,-4.1
7.61,0.003,0.018,0.003,0.0045,-4.1
7.611,0.0022,0.0,0.0045,0.0067,-4.1
7.612,0.0007,-0.0068,0.0022,0.012,-4.1
7.613,0.0,-0.0053,0.0015,0.0067,-4.1
7.614,0.0007,-0.0075,0.0015,0.0015,-4.1
7.615,0.0007,0.0,0.0015,0.0082,-4.1
7.616,0.0,0.0015,0.0022,0.018,-4.1
7.617,0.0015,-0.0053,0.0015,0.0232,-4.1
7.618,0.0037,-0.0113,0.0015,0.0202,-4.1
7.619,0.0022,-0.0165,0.0015,0.0165,-4.1
7.62,0.0022,-0.0181,0.0015,0.0105,-4.1
7.621,0.003,-0.012,0.0015,0.0135,-4.1
7.622,-0.0008,0.0052,0.0,0.0277,-4.1
7.623,-0.003,0.0157,0.0007,0.0345,-4.1
7.624,0.0,0.033,0.0015,0.0307,-4.1
7.625,0.0022,0.0472,0.0007,0.0277,-4.0
7.626,0.0,0.021,0.0022,0.0397,-4.0
7.627,-0.0015,0.0022,0.0037,0.0442,-4.0
7.628,0.0,0.0007,0.0045,0.027,-4.0
7.629,-0.0008,-0.006,0.006,0.0112,-4.0
7.63,-0.0008,-0.0015,0.0052,0.0015,-4.0
7.631,0.0,-0.0053,0.0045,-0.0008,-4.0
7.632,0.0015,-0.0023,0.0037,0.0127,-4.0
7.633,0.0,0.0022,0.0007,0.0187,-4.0
7.634,0.0,0.0007,-0.0008,0.0015,-4.0
7.635,-0.0015,0.0007,0.0,-0.0128,-4.0
7.636,-0.0038,0.0,0.0007,-0.0075,-4.0
7.637,-0.0038,0.003,-0.0008,-0.0091,-4.0
7.638,-0.0053,0.0015,0.0007,-0.0165,-4.0
7.639,-0.003,0.0037,-0.0008,-0.0195,-4.0
7.64,-0.0038,0.0045,-0.003,-0.03,-4.0
7.641,-0.0053,-0.0015,-0.0038,-0.0405,-4.0
7.642,-0.0046,-0.0083,-0.0053,-0.0256,-4.0
7.643,-0.0046,-0.0083,-0.0046,-0.0038,-3.9
7.644,-0.0015,-0.0068,-0.0046,-0.003,-3.9
7.645,-0.0038,-0.0091,-0.003,0.0,-3.9
7.646,-0.0023,-0.0113,-0.0008,0.0007,-3.9
7.647,0.0015,-0.0128,-0.0008,-0.0015,-3.9
7.648,0.0022,-0.012,0.0015,0.0,-3.9
7.649,0.0015,-0.0128,0.0007,0.0,-3.9
7.65,0.0,-0.0105,0.0007,0.0,-3.9
7.651,0.0015,-0.0068,0.0007,0.0,-3.9
7.652,0.0015,-0.0046,0.0,0.0007,-3.9
7.653,0.0015,-0.0053,0.0007,-0.0008,-3.8
7.654,0.0015,-0.0015,0.0007,0.0007,-3.8
7.655,0.0015,-0.0008,0.0015,0.0007,-3.8
7.656,0.0022,-0.0046,0.0037,0.0007,-3.8
7.657,0.0007,-0.0023,0.003,0.0,-3.8
7.658,0.0,0.0007,0.0015,0.0015,-3.8
7.659,-0.0008,0.0007,0.0007,0.0022,-3.8
7.66,-0.0008,-0.003,0.0022,0.0,-3.8
7.661,0.0007,-0.0083,0.0052,0.0,-3.8
7.662,0.0007,-0.0091,0.0052,0.0022,-3.8
7.663,0.0007,-0.0091,0.0052,0.0022,-3.8
7.664,0.0007,-0.0068,0.0045,-0.0008,-3.7
7.665,-0.0008,-0.0046,0.0045,0.0007,-3.7
7.666,-0.0008,-0.0046,0.0022,0.0007,-3.7
7.667,-0.0008,-0.0015,0.003,-0.0008,-3.7
7.668,-0.0015,-0.0023,0.003,0.0,-3.7
7.669,-0.0008,-0.0068,0.0052,0.0015,-3.7
7.67,0.0007,-0.0068,0.003,0.0,-3.7
7.671,-0.0015,-0.0075,0.0007,-0.0023,-3.7
7.672,-0.0023,-0.0053,-0.0008,-0.0023,-3.7
7.673,-0.0015,-0.006,-0.0023,-0.0008,-3.7
7.674,-0.0038,-0.006,0.0015,-0.0015,-3.7
7.675,-0.0015,-0.0008,0.0045,-0.003,-3.7
7.676,-0.0008,-0.0015,0.0045,-0.0015,-3.7
7.677,-0.003,-0.0091,0.003,-0.0023,-3.6
7.678,-0.003,-0.0143,0.003,-0.0015,-3.6
7.679,-0.0023,-0.012,0.0045,0.0,-3.6
7.68,-0.0015,-0.012,0.0045,0.0007,-3.6
7.681,-0.0015,-0.012,0.0052,0.0007,-3.6
7.682,-0.003,-0.0135,0.0015,0.0007,-3.6
7.683,-0.003,-0.0143,0.0007,0.0015,-3.6
7.684,-0.0015,-0.012,0.0007,0.0,-3.6
7.685,-0.0015,-0.0113,0.0015,0.0,-3.6
7.686,-0.0008,-0.0098,0.003,-0.0008,-3.6
7.687,-0.0008,-0.0046,-0.0008,-0.0008,-3.6
7.688,-0.0015,0.003,-0.003,0.0007,-3.6
7.689,-0.0015,0.0082,-0.0053,0.0,-3.6
7.69,-0.0046,0.0082,-0.0046,0.0015,-3.5
7.691,-0.0053,0.0075,-0.0023,-0.0008,-3.5
7.692,-0.0053,0.0082,-0.0038,-0.0008,-3.5
7.693,-0.006,0.0082,-0.0008,-0.0015,-3.5
7.694,-0.0046,0.0067,-0.0008,-0.0015,-3.5
7.695,-0.0038,0.012,-0.0008,-0.0015,-3.5
7.696,-0.0015,0.0157,-0.0008,-0.0023,-3.5
7.697,-0.0008,0.0142,0.0007,-0.0015,-3.5
7.698,0.0007,0.0082,-0.0008,-0.0023,-3.5
7.699,0.0007,0.0045,-0.0015,0.0007,-3.4
7.7,-0.0015,0.0045,0.0,0.0015,-3.4
7.701,-0.0015,0.0015,0.0007,0.003,-3.4
7.702,0.0007,0.0045,0.0,0.0052,-3.4
7.703,0.0007,0.0082,-0.003,0.0082,-3.4
7.704,0.0007,0.0082,-0.0046,0.0045,-3.4
7.705,0.0,0.0067,-0.0053,0.0022,-3.4
7.706,-0.0015,-0.0008,-0.0053,0.0052,-3.4
7.707,-0.0015,-0.003,-0.0015,0.0052,-3.4
7.708,0.0007,-0.0008,0.0015,0.0052,-3.4
7.709,0.0,-0.0015,0.003,0.0052,-3.4
7.71,-0.0008,0.0007,0.0007,0.0067,-3.4
7.711,0.0,0.015,0.0007,0.0075,-3.4
7.712,0.0,0.0352,0.0015,0.0067,-3.4
7.713,0.0,0.024,0.0022,0.0045,-3.4
7.714,0.0015,-0.0053,0.003,0.006,-3.4
7.715,0.0007,-0.015,0.0015,0.0067,-3.3
7.716,0.0,-0.0233,0.0015,0.0052,-3.3
7.717,0.0,-0.0278,0.0007,0.009,-3.3
7.718,-0.003,-0.0256,0.0007,0.0142,-3.3
7.719,-0.003,-0.0233,0.0007,0.015,-3.3
7.72,-0.0023,-0.0203,0.0,0.012,-3.3
7.721,-0.003,-0.0195,0.0007,0.0105,-3.3
7.722,-0.0046,-0.0113,0.0007,0.012,-3.3
7.723,-0.0046,0.0067,0.0045,0.0187,-3.3
7.724,-0.003,0.0367,0.0052,0.0195,-3.3
7.725,-0.0008,0.0405,0.0045,0.0172,-3.2
7.726,-0.0015,0.0187,0.0045,0.0142,-3.2
7.727,-0.0008,0.012,0.0037,0.009,-3.2
7.728,-0.0015,0.0,0.003,0.003,-3.2
7.729,-0.003,-0.0008,0.0022,0.0007,-3.2
7.73,-0.0015,0.0015,0.003,-0.0008,-3.2
7.731,-0.0008,0.0007,0.003,0.0007,-3.2
7.732,-0.0008,0.0045,0.0007,0.0007,-3.2
7.733,0.0,-0.003,0.0015,-0.0023,-3.2
7.734,0.0007,-0.006,0.0015,-0.003,-3.2
7.735,0.0007,-0.0068,0.0015,-0.003,-3.1
7.736,0.0022,-0.0038,0.0015,-0.0015,-3.1
7.737,0.0015,-0.0008,-0.0008,-0.0023,-3.1
7.738,0.0007,-0.0008,-0.0008,-0.0046,-3.1
7.739,0.0,-0.0046,-0.0015,-0.003,-3.1
7.74,0.0007,-0.0098,-0.0038,-0.0023,-3.1
7.741,-0.0008,-0.0188,-0.0023,-0.003,-3.1
7.742,-0.0008,-0.0195,-0.0023,-0.0046,-3.1
7.743,0.0015,-0.0143,-0.0023,-0.003,-3.1
7.744,0.0,-0.012,-0.0015,-0.0038,-3.0
7.745,-0.0008,-0.0046,-0.0015,-0.0046,-3.0
7.746,0.0007,-0.0046,0.0007,-0.0046,-3.0
7.747,0.0007,-0.0075,0.0015,-0.0053,-3.0
7.748,-0.0008,-0.0083,0.0007,-0.0053,-3.0
7.749,0.0007,-0.003,0.0015,-0.0053,-3.0
7.75,0.0007,0.0007,0.0037,-0.0046,-3.0
7.751,-0.0008,0.0037,0.0015,-0.003,-3.0
7.752,-0.0015,0.0037,-0.0008,-0.0008,-3.0
7.753,-0.0046,0.0007,-0.0008,-0.0015,-3.0
7.754,-0.0053,-0.003,-0.0008,-0.0038,-3.0
7.755,-0.0038,-0.006,0.0007,-0.0038,-3.0
7.756,-0.0046,-0.0038,0.0007,-0.006,-3.0
7.757,-0.0046,-0.0015,0.0015,-0.0075,-2.9
7.758,-0.0015,-0.0008,0.0015,-0.0098,-2.9
7.759,-0.0008,0.0022,0.0015,-0.0105,-2.9
7.76,0.0,0.0015,0.0015,-0.0105,-2.9
7.761,-0.0008,-0.0023,0.0,-0.0098,-2.9
7.762,-0.0023,-0.0083,0.0007,-0.0091,-2.9
7.763,0.0,-0.0105,0.0007,-0.006,-2.9
7.764,0.0015,-0.0098,-0.0008,-0.0053,-2.9
7.765,0.0015,-0.0053,-0.0008,-0.003,-2.9
7.766,0.0007,-0.0023,0.0,0.0007,-2.9
7.767,-0.0008,-0.0023,-0.0008,0.003,-2.9
7.768,-0.0015,-0.0008,-0.0008,0.0052,-2.9
7.769,-0.0015,-0.0008,0.0007,0.0067,-2.9
7.77,-0.0015,0.003,0.0015,0.0075,-2.9
7.771,-0.0023,0.0127,0.0015,0.006,-2.9
7.772,-0.0015,0.0105,0.0,0.006,-2.9
7.773,-0.0008,0.0015,0.0022,0.0037,-2.9
7.774,0.0,0.0015,0.003,0.003,-2.9
7.775,0.0015,-0.0023,0.0022,0.0015,-2.9
7.776,0.003,-0.0068,0.0015,-0.0008,-2.9
7.777,0.0037,-0.0113,0.0022,-0.003,-2.9
7.778,0.003,-0.015,0.003,-0.0083,-2.9
7.779,0.0015,-0.012,0.0015,-0.0083,-2.9
7.78,0.0015,-0.0113,0.0015,-0.0105,-2.9
7.781,0.0007,-0.0105,0.0007,-0.0135,-2.9
7.782,0.003,-0.0091,0.0015,-0.015,-2.9
7.783,0.003,-0.0083,0.0015,-0.0173,-2.9
7.784,0.0015,-0.0091,0.0007,-0.0188,-2.9
7.785,0.0007,-0.0158,0.0,-0.0188,-2.8
7.786,-0.0008,-0.0143,-0.003,-0.0165,-2.8
7.787,-0.0015,-0.012,-0.003,-0.0173,-2.8
7.788,-0.003,-0.0113,-0.0023,-0.0181,-2.8
7.789,-0.003,-0.0091,-0.0008,-0.0181,-2.8
7.79,-0.0008,-0.0068,-0.0008,-0.0165,-2.8
7.791,-0.0008,0.0007,-0.0015,-0.0158,-2.8
7.792,0.0,0.0007,-0.0008,-0.0165,-2.8
7.793,0.0015,-0.0046,-0.0023,-0.0143,-2.8
7.794,0.0,-0.0083,-0.0023,-0.012,-2.8
7.795,-0.0008,0.0015,-0.0008,-0.0105,-2.8
7.796,-0.0008,0.0217,-0.003,-0.0053,-2.8
7.797,-0.0015,0.012,0.0,-0.006,-2.8
7.798,0.0,-0.0023,0.0007,-0.006,-2.8
7.799,0.0007,0.0015,0.0007,-0.0023,-2.8
7.8,0.0,0.0007,0.0037,-0.0015,-2.8
7.801,0.0007,0.0015,0.0022,-0.0015,-2.8
7.802,-0.0015,0.0007,0.0015,0.0045,-2.8
7.803,-0.003,-0.0068,0.0015,0.0127,-2.7
7.804,-0.003,-0.012,0.0007,0.0127,-2.7
7.805,-0.003,-0.0128,-0.0008,0.0105,-2.7
7.806,-0.0023,-0.0068,-0.0008,0.012,-2.7
7.807,-0.0023,-0.0015,0.0007,0.0217,-2.7
7.808,0.0,0.0,0.0007,0.0307,-2.7
7.809,0.0015,0.003,0.0015,0.024,-2.7
7.81,0.0007,0.0195,0.0007,0.0165,-2.7
7.811,0.0015,0.0427,-0.0008,0.024,-2.7
7.812,0.0015,0.033,-0.0015,0.0232,-2.7
7.813,-0.0015,0.0082,-0.003,0.0202,-2.7
7.814,-0.003,0.003,-0.0015,0.0217,-2.7
7.815,-0.0038,-0.0105,-0.0008,0.0142,-2.7
7.816,-0.003,-0.0173,0.0007,0.0105,-2.7
7.817,-0.0015,-0.0075,0.003,0.0105,-2.7
7.818,0.0015,0.0142,0.0022,0.012,-2.6
7.819,0.0015,0.0195,0.0045,0.0105,-2.6
7.82,0.0007,-0.003,0.0037,0.0067,-2.6
7.821,0.0007,-0.003,0.003,0.0067,-2.6
7.822,0.0015,-0.003,0.0022,0.006,-2.6
7.823,0.0015,-0.0053,0.003,0.0052,-2.6
7.824,0.0015,-0.0038,0.0045,0.0045,-2.6
7.825,0.0015,-0.0075,0.0052,0.0067,-2.5
7.826,-0.0008,-0.0008,0.0067,0.0067,-2.5
7.827,-0.0015,-0.003,0.0052,0.009,-2.5
7.828,-0.0008,-0.0083,0.0052,0.009,-2.5
7.829,-0.003,-0.0083,0.0067,0.009,-2.5
7.83,-0.0008,-0.0053,0.0052,0.0097,-2.5
7.831,0.0015,-0.0015,0.0052,0.0052,-2.5
7.832,0.0,-0.0038,0.0075,0.003,-2.4
7.833,0.0007,-0.0046,0.0052,0.0015,-2.4
7.834,-0.0008,-0.0053,0.0052,-0.0008,-2.4
7.835,-0.003,-0.0091,0.0052,-0.003,-2.4
7.836,-0.0023,-0.0135,0.0052,-0.0053,-2.4
7.837,-0.0015,-0.0098,0.0037,-0.0046,-2.4
7.838,0.0,-0.006,0.003,0.003,-2.4
7.839,-0.0008,-0.0015,0.0015,0.009,-2.3
7.84,-0.0008,0.0007,0.0,0.0157,-2.3
7.841,-0.003,-0.0008,-0.0023,0.024,-2.3
7.842,-0.0046,0.0015,-0.0053,0.0255,-2.3
7.843,-0.0038,-0.0008,-0.0083,0.0202,-2.3
7.844,-0.0046,-0.0046,-0.0091,0.024,-2.3
7.845,-0.0053,-0.0068,-0.006,0.0315,-2.3
7.846,-0.006,-0.0068,-0.0053,0.021,-2.3
7.847,-0.0053,-0.0083,-0.0015,0.0045,-2.2
7.848,-0.006,-0.0068,-0.0015,-0.0023,-2.2
7.849,-0.006,-0.003,-0.0023,-0.0113,-2.2
7.85,-0.0046,-0.0068,0.0,-0.0165,-2.2
7.851,-0.003,-0.0023,-0.0015,-0.0218,-2.2
7.852,-0.0015,0.0112,0.0007,-0.0218,-2.1
7.853,-0.0015,0.0,0.0015,-0.0195,-2.1
7.854,-0.0015,-0.0165,0.0045,-0.0173,-2.1
7.855,0.0007,-0.0053,0.0037,-0.0105,-2.1
7.856,0.0022,-0.0038,0.0015,-0.0083,-2.1
7.857,0.003,-0.0046,0.003,-0.0038,-2.0
7.858,0.0022,0.0202,0.0045,0.0015,-2.0
7.859,0.0015,0.033,0.006,0.0045,-2.0
7.86,0.0,0.0105,0.0052,0.0082,-2.0
7.861,-0.0008,0.0015,0.003,0.015,-2.0
7.862,-0.0008,0.0015,0.0007,0.0277,-1.9
7.863,0.0007,-0.0046,0.0,0.039,-1.9
7.864,0.0,-0.0068,0.0,0.0315,-1.9
7.865,-0.0008,-0.0105,0.0007,0.0135,-1.9
7.866,-0.0008,0.0105,0.0007,0.0022,-1.8
7.867,-0.0008,0.0105,0.0007,-0.003,-1.8
7.868,0.0007,-0.0098,0.0007,-0.0046,-1.8
7.869,0.0015,-0.0128,-0.0008,-0.0075,-1.8
7.87,-0.0008,-0.0105,-0.0015,-0.006,-1.8
7.871,-0.0023,-0.003,-0.003,-0.0053,-1.8
7.872,-0.003,-0.0083,-0.0015,-0.0053,-1.8
7.873,0.0,-0.0083,-0.0023,-0.006,-1.7
7.874,0.003,0.0052,-0.0015,-0.003,-1.7
7.875,0.0022,0.006,-0.0008,0.0007,-1.7
7.876,0.0022,-0.0143,-0.0008,0.0,-1.7
7.877,0.0007,-0.0278,0.0015,0.0,-1.6
7.878,-0.0008,-0.0233,0.003,-0.0046,-1.6
7.879,-0.0015,-0.024,0.003,-0.0053,-1.6
7.88,-0.003,-0.0158,0.0022,-0.0023,-1.6
7.881,-0.0046,-0.0113,0.0052,-0.0008,-1.5
7.882,-0.003,-0.0083,0.006,0.0015,-1.5
7.883,-0.0008,-0.006,0.0052,-0.0015,-1.5
7.884,0.0015,-0.012,0.006,-0.0105,-1.5
7.885,0.0015,-0.006,0.0052,-0.0195,-1.4
7.886,0.0015,-0.003,0.003,-0.0203,-1.4
7.887,0.0015,-0.0015,0.0015,-0.0195,-1.4
7.888,0.0007,-0.0038,0.0015,-0.015,-1.4
7.889,-0.0015,-0.0128,-0.0008,-0.0091,-1.4
7.89,-0.0023,-0.0091,-0.0015,-0.0046,-1.3
7.891,-0.0023,0.0165,-0.003,0.009,-1.3
7.892,-0.0008,0.0247,-0.0046,0.0345,-1.3
7.893,0.0007,0.012,-0.0053,0.0592,-1.3
7.894,-0.0015,0.018,-0.003,0.0472,-1.2
7.895,-0.003,0.015,-0.003,0.0217,-1.2
7.896,-0.0046,0.0067,-0.0023,0.0142,-1.2
7.897,-0.0015,0.0052,-0.0015,0.0067,-1.2
7.898,-0.0008,-0.0046,-0.0008,0.0015,-1.1
7.899,0.0,-0.003,0.0015,0.0007,-1.1
7.9,0.0015,0.0015,0.0015,-0.0015,-1.1
7.901,0.0007,0.0,0.0015,-0.0015,-1.0
7.902,0.0015,-0.0091,0.0,-0.003,-1.0
7.903,0.0007,-0.0128,-0.0008,-0.0053,-1.0
7.904,0.0007,-0.0083,-0.0008,-0.0083,-1.0
7.905,0.0015,0.0045,-0.0015,-0.0046,-0.9
7.906,-0.0015,0.0232,0.0007,0.0,-0.9
7.907,-0.0008,0.0135,0.0007,-0.0046,-0.9
7.908,0.0,-0.003,0.0007,-0.0068,-0.9
7.909,0.0007,0.0007,0.0015,-0.0091,-0.9
7.91,-0.0008,-0.0015,0.0007,-0.0218,-0.8
7.911,-0.0046,-0.0008,-0.0008,-0.033,-0.8
7.912,-0.0046,0.0015,-0.0015,-0.0195,-0.8
7.913,-0.0038,0.0015,0.0,0.009,-0.7
7.914,-0.0008,0.0045,0.0007,0.0292,-0.7
7.915,0.0015,-0.0023,0.0015,0.0405,-0.7
7.916,0.0022,-0.0083,0.0052,0.0427,-0.6
7.917,0.0015,-0.0105,0.0052,0.042,-0.6
7.918,0.0007,-0.0128,0.003,0.0142,-0.6
7.919,-0.0015,-0.0091,0.0052,-0.0181,-0.6
7.92,-0.0046,-0.003,0.003,-0.0195,-0.5
7.921,-0.0046,-0.0046,0.003,-0.03,-0.5
7.922,-0.0015,-0.0046,0.0045,-0.0323,-0.5
7.923,-0.0015,-0.0046,0.0022,-0.0165,-0.5
7.924,-0.003,-0.0083,0.0007,-0.0083,-0.5
7.925,-0.003,-0.0091,0.0015,0.0045,-0.4
7.926,-0.0015,0.003,0.0037,0.0195,-0.4
7.927,-0.0015,0.0097,0.0045,0.054,-0.4
7.928,-0.0015,0.0,0.003,0.0742,-0.4
7.929,-0.0008,0.0,0.0015,0.0442,-0.4
7.93,-0.0023,0.0015,0.0007,-0.0023,-0.3
7.931,-0.0015,-0.0008,-0.0008,-0.0233,-0.3
7.932,-0.0008,0.0,-0.0008,-0.0405,-0.3
7.933,0.0007,-0.0091,-0.0008,-0.0638,-0.3
7.934,0.0022,-0.0181,-0.0015,-0.0593,-0.2
7.935,0.0015,-0.0195,-0.003,-0.0436,-0.2
7.936,0.0007,-0.0181,-0.003,-0.0293,-0.2
7.937,-0.0008,-0.0165,-0.0046,-0.0098,-0.1
7.938,-0.003,-0.0091,-0.0046,0.009,-0.1
7.939,-0.0015,0.0022,-0.003,0.0352,-0.1
7.94,-0.0008,0.0142,-0.0015,0.0547,-0.1
7.941,-0.0008,0.0262,-0.0015,0.078,0.0
7.942,0.0007,0.0217,-0.0008,0.0892,0.0
7.943,0.0,-0.0038,0.0007,0.0382,0.0
7.944,-0.0008,-0.015,0.0022,-0.0218,0.0
7.945,-0.0015,-0.0203,0.0037,-0.03,0.0
7.946,-0.0015,-0.0256,0.0015,-0.042,0.0
7.947,-0.0038,-0.0248,0.0037,-0.0578,0.1
7.948,-0.0038,-0.0233,0.0052,-0.0443,0.1
7.949,-0.0015,-0.0068,0.0045,-0.0263,0.1
7.95,-0.0015,0.027,0.0052,0.0067,0.2
7.951,-0.0015,0.0615,0.0007,0.0367,0.2
7.952,-0.0015,0.066,0.0007,0.063,0.2
7.953,-0.0015,0.0367,-0.0008,0.078,0.2
7.954,-0.0015,0.0105,-0.0015,0.0525,0.3
7.955,-0.0023,0.0052,0.0007,-0.0015,0.3
7.956,-0.0008,-0.0105,0.0007,-0.0195,0.3
7.957,-0.0008,-0.015,0.003,-0.015,0.3
7.958,-0.0008,-0.0158,0.003,-0.0203,0.4
7.959,0.0,-0.0218,0.0045,-0.0173,0.4
7.96,-0.0015,-0.0165,0.003,-0.0203,0.4
7.961,-0.0008,-0.0135,0.0045,-0.0181,0.4
7.962,0.0015,0.0075,0.0045,-0.0195,0.4
7.963,0.0007,0.003,0.003,-0.0181,0.4
7.964,-0.0053,-0.0128,0.0022,-0.0158,0.5
7.965,-0.0113,-0.0075,0.0022,-0.0128,0.5
7.966,-0.0068,-0.0091,0.0015,-0.0105,0.5
7.967,-0.0015,-0.0105,0.0015,-0.012,0.5
7.968,0.0007,-0.0091,0.0022,-0.0083,0.6
7.969,0.0045,-0.0098,0.0015,-0.0053,0.6
7.97,0.009,-0.0083,0.0022,-0.0038,0.6
7.971,0.012,-0.0083,0.003,-0.003,0.6
7.972,0.0105,-0.003,0.0007,-0.0023,0.6
7.973,0.0067,-0.0015,0.0022,-0.0015,0.7
7.974,0.0052,-0.0083,0.0015,-0.0008,0.7
7.975,0.0037,-0.0135,0.0015,0.0015,0.7
7.976,0.0015,-0.0165,0.0015,0.0015,0.7
7.977,-0.0023,-0.0135,0.0007,0.0037,0.8
7.978,-0.0053,-0.0083,0.0007,0.0045,0.8
7.979,-0.0105,-0.0083,-0.0015,0.006,0.8
7.98,-0.0113,-0.0068,-0.0015,0.0127,0.8
7.981,-0.0105,-0.0083,-0.0008,0.018,0.9
7.982,-0.0083,-0.012,0.0,0.0142,0.9
7.983,-0.0046,0.003,0.0,0.0052,0.9
7.984,-0.0015,0.0157,0.0022,-0.0008,0.9
7.985,0.0007,-0.0015,0.0022,-0.003,0.9
7.986,0.0,-0.006,0.0007,-0.0038,0.9
7.987,0.0,-0.0015,0.0015,-0.0113,1.0
7.988,0.003,-0.006,0.0007,-0.0165,1.0
7.989,0.0045,-0.003,0.0015,-0.015,1.0
7.99,0.0052,-0.0046,0.0007,-0.0053,1.0
7.991,0.0037,-0.0053,-0.0015,0.0015,1.1
7.992,0.0022,-0.012,0.0,0.0052,1.1
7.993,0.0022,-0.0098,0.0007,0.0082,1.1
7.994,0.0022,0.015,-0.0008,0.0142,1.1
7.995,0.0015,0.0322,0.0,0.0142,1.2
7.996,-0.0008,0.0232,-0.0008,0.0075,1.2
7.997,-0.0015,0.012,0.0,0.0067,1.2
7.998,-0.003,0.0075,0.0007,0.0052,1.2
7.999,-0.0015,0.0015,0.0015,0.003,1.2
8.0,0.0,0.003,0.0045,0.0015,1.3
8.001,-0.0023,-0.0046,0.0045,-0.0008,1.3
8.002,-0.0008,-0.0023,0.0045,0.003,1.3
8.003,-0.0015,0.0052,0.0037,0.0067,1.3
8.004,-0.0023,0.003,0.0045,0.012,1.3
8.005,0.0,-0.006,0.0037,0.009,1.4
8.006,-0.0015,-0.0165,0.0015,0.0052,1.4
8.007,-0.0015,-0.0203,0.0007,0.0045,1.4
8.008,-0.0015,-0.0203,-0.0008,0.003,1.5
8.009,-0.003,-0.0135,-0.0038,0.0037,1.5
8.01,-0.0046,-0.0038,-0.0053,0.0045,1.5
8.011,-0.0113,0.0045,-0.0068,0.0082,1.6
8.012,-0.0158,0.0037,-0.006,0.0082,1.6
8.013,-0.0083,0.0007,-0.0038,0.003,1.6
8.014,-0.0023,-0.0038,-0.0038,0.0007,1.6
8.015,0.0015,-0.0083,-0.0038,-0.0008,1.7
8.016,0.0082,-0.0068,-0.0038,-0.0023,1.7
8.017,0.012,-0.003,-0.0008,-0.0023,1.7
8.018,0.0112,-0.0083,-0.0015,-0.0046,1.8
8.019,0.009,-0.0091,-0.0023,-0.0053,1.8
8.02,0.0067,0.0067,-0.0008,-0.0046,1.8
8.021,0.006,0.012,-0.003,-0.0038,1.8
8.022,0.0015,0.0082,-0.003,-0.0008,1.9
8.023,-0.0038,0.0067,-0.0046,0.006,1.9
8.024,-0.012,0.0,-0.0046,0.0082,1.9
8.025,-0.03,0.0007,-0.0008,0.0067,2.0
8.026,-0.0405,-0.003,-0.0015,0.0052,2.0
8.027,-0.0256,-0.0128,0.0007,0.003,2.0
8.028,-0.0098,-0.0158,0.0015,0.0015,2.1
8.029,-0.0008,-0.0128,0.0007,-0.0008,2.1
8.03,0.0135,-0.0038,0.0015,-0.0015,2.2
8.031,0.0217,0.0,0.0007,-0.0015,2.2
8.032,0.027,-0.0038,0.0015,-0.0008,2.2
8.033,0.0262,-0.0008,0.0007,0.0,2.2
8.034,0.0202,0.0015,-0.0008,0.0,2.2
8.035,0.0165,-0.0015,0.0007,-0.0015,2.3
8.036,0.009,-0.0053,0.0015,-0.0023,2.3
8.037,0.0,-0.012,0.003,-0.003,2.4
8.038,-0.0068,-0.015,0.003,-0.0023,2.4
8.039,-0.0091,-0.0083,0.0022,-0.0046,2.4
8.04,-0.0105,-0.0015,0.0045,-0.0053,2.5
8.041,-0.0113,0.0007,0.0045,-0.0105,2.5
8.042,-0.0113,0.0015,0.0045,-0.015,2.6
8.043,-0.0083,0.0015,0.003,-0.015,2.6
8.044,0.0007,0.0075,0.0015,-0.0128,2.6
8.045,0.0022,0.0142,0.0022,-0.0113,2.7
8.046,0.0022,0.0105,0.0022,-0.0068,2.7
8.047,0.0045,0.0082,0.0022,0.003,2.8
8.048,0.0022,0.0037,0.0015,0.012,2.8
8.049,0.003,-0.0053,0.003,0.0247,2.9
8.05,0.0,-0.0135,0.0052,0.0405,3.0
8.051,-0.0008,-0.012,0.006,0.042,3.0
8.052,0.0007,-0.0143,0.0045,0.0217,3.1
8.053,-0.0008,-0.012,0.0045,0.003,3.1
8.054,-0.0008,0.0217,0.0045,-0.0015,3.1
8.055,-0.0015,0.0337,0.0052,-0.0105,3.2
8.056,-0.0023,0.0142,0.0037,-0.012,3.2
8.057,-0.0068,0.0105,0.0037,-0.0113,3.3
8.058,-0.012,-0.0046,0.0052,-0.0143,3.3
8.059,-0.0105,-0.015,0.0045,-0.015,3.4
8.06,-0.0053,-0.0188,0.003,-0.0143,3.4
8.061,-0.0008,-0.0278,0.003,-0.0068,3.5
8.062,0.0052,-0.024,0.0007,0.0135,3.6
8.063,0.0127,-0.0233,-0.0008,0.0405,3.6
8.064,0.0135,-0.0278,0.0,0.0502,3.6
8.065,0.012,-0.0256,0.0,0.0352,3.7
8.066,0.0105,0.0082,0.0007,0.0135,3.8
8.067,0.0067,0.0277,0.0,0.0015,3.8
8.068,0.003,0.0337,-0.003,-0.0015,3.9
8.069,-0.0015,0.0442,-0.003,-0.0015,4.0
8.07,-0.0158,0.054,-0.0008,0.003,4.0
8.071,-0.0323,0.0577,-0.0008,0.0052,4.0
8.072,-0.0285,0.0,-0.0008,0.0045,4.1
8.073,-0.0128,-0.0368,0.0015,0.0067,4.2
8.074,-0.006,-0.0293,0.0015,0.0135,4.2
8.075,0.0052,-0.0256,0.0007,0.0015,4.3
8.076,0.0157,-0.0083,0.0,-0.0405,4.4
8.077,0.0202,0.0142,0.0022,-0.1013,4.4
8.078,0.0202,0.0217,0.0022,-0.1275,4.5
8.079,0.0135,-0.0173,0.0007,-0.09,4.5
8.08,0.0075,-0.0405,0.0007,-0.0428,4.6
8.081,0.0,-0.048,0.0,0.0105,4.7
8.082,-0.0105,-0.0533,0.0015,0.0532,4.7
8.083,-0.0165,-0.0046,0.0015,0.078,4.8
8.084,-0.0158,0.0495,0.0045,0.1027,4.9
8.085,-0.012,0.0412,0.0067,0.129,4.9
8.086,-0.006,-0.0091,0.006,0.1785,5.0
8.087,-0.0015,-0.0105,0.0052,0.1327,5.1
8.088,0.0,-0.0128,0.0022,-0.0008,5.1
8.089,0.0007,-0.0293,0.0015,-0.0465,5.2
8.09,-0.0008,-0.0375,-0.0015,-0.06,5.3
8.091,0.0,-0.0443,-0.0008,-0.0698,5.3
8.092,-0.0015,-0.0293,0.0,-0.06,5.4
8.093,-0.0023,-0.0256,-0.0008,-0.0803,5.5
8.094,0.0007,-0.0195,-0.0015,-0.093,5.6
8.095,-0.0015,-0.0233,-0.0015,-0.078,5.6
8.096,-0.003,-0.0038,-0.0015,-0.0518,5.7
8.097,-0.0046,0.042,-0.0015,-0.0256,5.8
8.098,-0.0038,0.0405,0.0007,0.0292,5.8
8.099,-0.0023,0.0105,0.0007,0.0907,5.9
8.1,-0.0015,0.0202,0.0,0.1087,6.0
8.101,0.0007,0.0502,-0.0008,0.0855,6.1
8.102,0.0015,0.0675,0.0015,0.0705,6.2
8.103,0.003,0.0465,0.003,0.0787,6.3
8.104,0.0022,0.0037,-0.0008,0.0532,6.3
8.105,0.0007,0.0052,-0.0008,0.0067,6.4
8.106,-0.0008,-0.0068,-0.0015,-0.0053,6.5
8.107,-0.003,-0.0128,-0.0038,-0.003,6.6
8.108,-0.003,-0.0113,-0.003,-0.0165,6.7
8.109,-0.0038,-0.0225,-0.0015,-0.0278,6.8
8.11,-0.0046,-0.033,-0.0008,-0.078,6.9
8.111,-0.0046,-0.0623,-0.0023,-0.1065,7.0
8.112,-0.003,-0.0653,-0.0023,-0.0713,7.1
8.113,-0.0008,-0.0578,0.0007,-0.0488,7.2
8.114,0.0,-0.0323,0.0007,-0.0315,7.2
8.115,0.0007,-0.0128,0.0,-0.0518,7.3
8.116,0.0015,-0.027,0.003,-0.0878,7.4
8.117,0.0067,0.0465,0.0045,-0.0405,7.5
8.118,0.0105,0.1597,0.0052,0.051,7.6
8.119,0.0105,0.141,0.0045,0.1012,7.7
8.12,0.0067,0.0465,0.0015,0.0727,7.8
8.121,0.0045,-0.0173,0.0007,0.042,7.9
8.122,0.0015,-0.0518,0.0,0.0922,8.0
8.123,0.0007,-0.0263,-0.0015,0.144,8.1
8.124,0.0015,0.024,-0.0008,0.1867,8.2
8.125,-0.0015,0.0022,-0.0015,0.1072,8.3
8.126,-0.0046,-0.0488,-0.0015,-0.0675,8.4
8.127,-0.0053,-0.0795,-0.0015,-0.153,8.5
8.128,-0.0105,-0.114,-0.0015,-0.2085,8.6
8.129,-0.012,-0.0765,-0.0023,-0.2415,8.7
8.13,-0.0098,-0.0083,-0.0008,-0.2123,8.9
8.131,-0.0053,-0.0105,-0.0008,-0.1418,9.0
8.132,-0.0046,-0.0353,-0.003,-0.078,9.0
8.133,-0.0038,-0.024,-0.0015,-0.0165,9.2
8.134,0.0022,0.1147,0.003,0.126,9.3
8.135,0.0082,0.2107,0.0045,0.3532,9.4
8.136,0.009,0.1102,0.0052,0.4027,9.5
8.137,0.0067,0.0465,0.0052,0.2925,9.6
8.138,0.0015,0.0172,0.003,0.2137,9.7
8.139,-0.0015,-0.0293,0.0007,0.0457,9.8
8.14,-0.0046,-0.024,-0.0008,-0.0713,9.9
8.141,-0.0046,0.0015,-0.0008,-0.0818,10.0
8.142,-0.0053,0.0525,0.0007,-0.0825,10.2
8.143,-0.0053,0.027,0.0,-0.0668,10.3
8.144,-0.0091,-0.0368,0.0007,-0.0818,10.4
8.145,-0.0105,-0.0511,0.0015,-0.1013,10.6
8.146,-0.0075,-0.0818,0.0007,-0.1388,10.7
8.147,-0.006,-0.0968,0.0007,-0.0893,10.9
8.148,-0.003,-0.057,0.0007,-0.0098,11.0
8.149,0.0015,-0.0023,0.0015,0.0472,11.2
8.15,0.0045,-0.0023,0.0015,0.1065,11.3
8.151,0.0045,-0.0218,0.0015,0.0727,11.4
8.152,0.0052,-0.0053,0.0015,0.0517,11.6
8.153,0.0067,0.0382,0.0007,0.0442,11.7
8.154,0.006,0.0742,0.0015,-0.0428,11.8
8.155,0.0045,0.0367,0.003,-0.1365,12.0
8.156,0.0007,-0.0053,0.0007,-0.15,12.1
8.157,-0.0023,-0.0361,-0.0015,-0.1035,12.3
8.158,-0.0038,-0.0488,-0.0008,-0.0555,12.4
8.159,-0.0053,-0.048,-0.0023,-0.0098,12.6
8.16,-0.0053,-0.057,-0.0015,0.0472,12.7
8.161,-0.0038,-0.039,0.0007,0.123,12.8
8.162,0.0007,0.0,0.003,0.147,13.0
8.163,0.0015,0.0585,0.0045,0.1072,13.1
8.164,0.0007,0.0712,0.0052,0.0862,13.3
8.165,0.0,0.06,0.0052,0.0022,13.5
8.166,-0.0008,0.0412,0.003,-0.0495,13.6
8.167,-0.0015,0.0292,0.0015,-0.0383,13.8
8.168,-0.003,0.0405,0.003,-0.0458,13.9
8.169,-0.0008,-0.0008,0.003,-0.0068,14.1
8.17,-0.003,-0.0293,0.0007,-0.0008,14.3
8.171,-0.0053,-0.0338,0.0007,-0.0346,14.4
8.172,-0.0038,-0.048,0.003,-0.1021,14.5
8.173,-0.0053,-0.0593,0.0007,-0.1433,14.7
8.174,-0.006,-0.057,0.0007,-0.1455,14.8
8.175,-0.0038,-0.0225,0.0015,-0.168,15.0
8.176,0.0,-0.0218,0.0015,-0.1418,15.2
8.177,0.0007,-0.0188,0.0022,-0.0803,15.3
8.178,0.0007,0.0292,0.0015,0.0015,15.5
8.179,0.003,0.0562,-0.0008,0.1522,15.7
8.18,0.0045,0.03,0.003,0.2595,15.8
8.181,0.0045,-0.0203,0.003,0.1567,15.9
8.182,0.0015,-0.0405,0.0007,0.0555,16.1
8.183,0.003,0.0007,0.0045,0.102,16.2
8.184,0.0097,0.0465,0.0067,0.159,16.4
8.185,0.012,0.0225,0.0067,0.2025,16.6
8.186,0.0097,-0.0143,0.003,0.105,16.7
8.187,0.0022,-0.0195,-0.0015,-0.0885,16.9
8.188,-0.0015,-0.0248,0.0,-0.1575,17.0
8.189,-0.0015,-0.0203,-0.0008,-0.1275,17.2
8.19,-0.0053,-0.0195,-0.0008,-0.0818,17.4
8.191,-0.0053,-0.0203,0.0,-0.0338,17.5
8.192,-0.0038,-0.0173,0.0015,0.0127,17.6
8.193,-0.0015,-0.0105,0.0022,0.0405,17.8
8.194,-0.0015,-0.0046,-0.0015,0.0787,18.0
8.195,-0.0023,-0.0046,-0.0015,0.0952,18.1
8.196,-0.0015,-0.0083,0.0007,0.054,18.3
8.197,0.0007,-0.012,0.0007,0.0255,18.4
8.198,0.0015,-0.0075,0.0007,0.0,18.6
8.199,-0.0008,-0.0083,0.0007,-0.0308,18.8
8.2,-0.003,-0.0053,-0.0008,-0.0308,18.9
8.201,-0.003,-0.0046,-0.0008,-0.0413,19.1
8.202,-0.006,-0.0015,0.0007,-0.0346,19.3
8.203,-0.0068,0.0015,0.0007,-0.0315,19.4
8.204,-0.0046,0.0045,0.0007,-0.0338,19.6
8.205,-0.0038,0.012,0.0,-0.0293,19.8
8.206,-0.003,0.0127,0.0,-0.0353,19.9
8.207,-0.0015,0.015,0.0015,-0.0315,20.1
8.208,-0.0008,0.0082,0.0015,-0.0315,20.2
8.209,0.0,0.0045,-0.0008,-0.024,20.4
8.21,-0.0015,0.0045,-0.0008,-0.0181,20.6
8.211,-0.0008,0.006,0.0015,-0.0135,20.8
8.212,0.0,0.0082,0.0015,-0.0105,21.0
8.213,0.0022,0.0015,0.0007,-0.0091,21.1
8.214,0.0022,-0.0015,0.0007,-0.0091,21.3
8.215,0.0015,-0.0046,0.0015,-0.0075,21.5
8.216,0.0015,-0.0128,0.0007,-0.0053,21.6
8.217,0.0022,-0.0195,-0.0015,-0.003,21.8
8.218,0.0015,-0.0203,-0.0023,0.0007,22.0
8.219,-0.0008,-0.0218,0.0,0.0,22.1
8.22,-0.0015,-0.0188,0.0,0.0,22.3
8.221,-0.0015,-0.0008,-0.0015,0.0045,22.5
8.222,-0.003,0.0225,-0.0015,0.0052,22.7
8.223,-0.0046,0.024,-0.0015,-0.0143,22.9
8.224,-0.0046,0.0157,-0.0023,-0.042,23.1
8.225,-0.0015,0.0157,-0.0015,-0.0503,23.3
8.226,-0.0015,0.0045,-0.0008,-0.0398,23.4
8.227,-0.0023,0.0037,-0.0015,-0.0195,23.6
8.228,-0.0015,0.0022,-0.003,0.009,23.8
8.229,-0.0015,-0.0023,-0.0015,0.0262,24.0
8.23,-0.003,0.006,-0.0023,0.0202,24.2
8.231,-0.003,0.018,-0.0015,0.0532,24.4
8.232,-0.003,0.006,0.0,0.0847,24.6
8.233,-0.0038,-0.0256,0.0015,0.0442,24.7
8.234,-0.0038,-0.03,0.0015,0.0195,24.9
8.235,-0.003,-0.0256,0.0007,0.0277,25.1
8.236,-0.003,-0.0218,0.0007,0.0285,25.3
8.237,-0.0015,0.0052,0.0007,0.0667,25.5
8.238,0.0007,0.063,0.0015,0.1095,25.7
8.239,0.0007,0.0825,0.0015,0.033,25.9
8.24,0.0015,0.039,0.0,-0.0511,26.1
8.241,0.0,0.0105,0.0,-0.0361,26.2
8.242,-0.0015,-0.0128,0.0,-0.0398,26.4
8.243,-0.003,-0.027,-0.0008,-0.0383,26.6
8.244,-0.0015,-0.024,0.0015,-0.0285,26.8
8.245,0.0015,-0.027,0.0015,-0.027,27.0
8.246,0.0015,-0.0158,-0.0008,-0.024,27.2
8.247,0.0007,-0.0083,-0.0023,-0.0256,27.4
8.248,0.0,-0.0015,-0.003,-0.0203,27.5
8.249,-0.0008,0.012,-0.0038,-0.0188,27.7
8.25,0.0007,0.0105,-0.0046,-0.0075,27.9
8.251,0.0,0.0157,-0.0038,0.015,28.1
8.252,0.0015,0.036,-0.0023,0.0315,28.3
8.253,0.0045,0.0277,-0.003,0.0097,28.4
8.254,0.003,-0.003,-0.0015,0.0022,28.6
8.255,0.0015,-0.0165,0.0007,0.0097,28.8
8.256,0.0007,-0.0285,-0.0008,0.0052,29.0
8.257,0.0007,-0.033,0.0,0.0097,29.2
8.258,0.0007,-0.0263,-0.0008,0.0082,29.4
8.259,0.0007,-0.0233,-0.0015,0.0112,29.6
8.26,0.0007,-0.0158,0.0007,0.0082,29.7
8.261,0.0007,-0.0105,-0.0008,0.0067,29.9
8.262,0.0007,-0.0091,-0.0008,0.003,30.1
8.263,-0.0015,-0.0091,0.0007,-0.0008,30.2
8.264,-0.0068,-0.0165,-0.0015,0.0007,30.4
8.265,-0.0083,-0.0188,-0.0015,-0.0023,30.5
8.266,-0.0075,-0.0113,0.0007,-0.0015,30.6
8.267,-0.0075,-0.0091,0.0007,-0.0023,30.8
8.268,-0.0053,-0.0105,0.0015,-0.0008,31.0
8.269,-0.003,-0.0053,0.003,0.0015,31.1
8.27,-0.0008,0.003,0.0015,0.006,31.3
8.271,0.0022,0.0082,0.003,0.0067,31.4
8.272,0.0045,0.0097,0.0022,0.0067,31.6
8.273,0.0052,0.015,0.0015,0.0097,31.7
8.274,0.0045,0.027,0.0015,0.009,31.9
8.275,0.0045,0.0405,0.0007,0.009,32.0
8.276,0.0037,0.0367,0.0,0.0112,32.2
8.277,0.0015,0.0165,-0.0008,0.0127,32.4
8.278,0.0015,-0.0008,-0.003,0.0105,32.5
8.279,0.0015,-0.0143,-0.003,0.0082,32.7
8.28,0.0022,-0.0233,-0.0008,0.0082,32.8
8.281,-0.0008,-0.0278,0.0015,0.0097,32.9
8.282,-0.0023,-0.0353,0.0007,0.0127,33.1
8.283,-0.0023,-0.0465,0.003,0.0165,33.3
8.284,-0.0046,-0.0465,0.0045,0.0157,33.4
8.285,-0.0053,-0.0353,0.0045,0.0112,33.6
8.286,-0.0046,-0.0218,0.0052,0.0052,33.7
8.287,-0.0053,-0.0091,0.0052,-0.0008,33.8
8.288,-0.006,-0.0038,0.006,-0.003,34.0
8.289,-0.0075,0.0015,0.0075,-0.0046,34.1
8.29,-0.0083,0.0045,0.0067,-0.0053,34.3
8.291,-0.0075,0.0037,0.0067,-0.0046,34.5
8.292,-0.0075,0.0007,0.0067,-0.003,34.6
8.293,-0.0091,0.0007,0.0067,0.0,34.8
8.294,-0.006,0.003,0.0075,0.0045,34.9
8.295,-0.003,0.0,0.0105,0.0052,35.1
8.296,-0.0023,-0.0008,0.012,0.003,35.2
8.297,-0.0008,-0.0008,0.012,0.003,35.4
8.298,0.0,-0.0015,0.012,0.0007,35.5
8.299,0.0007,-0.0053,0.009,-0.0038,35.7
8.3,0.0,-0.0046,0.0075,-0.0053,35.8
8.301,-0.0008,0.006,0.0075,-0.0046,36.0
8.302,0.0007,0.009,0.0067,-0.0015,36.1
8.303,0.0007,0.0052,0.0067,0.0,36.3
8.304,0.0015,0.0105,0.006,-0.0015,36.4
8.305,0.0015,0.0075,0.006,-0.003,36.6
8.306,-0.0008,-0.0046,0.0045,-0.0046,36.7
8.307,0.0015,-0.0083,0.0052,-0.0053,36.9
8.308,0.0022,-0.015,0.0067,-0.0053,37.0
8.309,0.0007,-0.0083,0.0052,0.0007,37.2
8.31,0.0007,0.0067,0.0045,0.003,37.3
8.311,-0.0015,0.0112,0.0037,0.0037,37.5
8.312,-0.0015,0.0112,0.0045,0.009,37.6
8.313,0.0007,0.0075,0.0067,0.009,37.8
8.314,0.0,0.0052,0.0082,0.009,37.9
8.315,0.0,0.0045,0.0075,0.0067,38.1
8.316,0.0007,0.0045,0.0067,0.003,38.2
8.317,0.0007,-0.0015,0.0045,0.0007,38.4
8.318,0.0,-0.003,0.0045,-0.0008,38.5
8.319,-0.0008,-0.0068,0.003,-0.0023,38.7
8.32,0.0007,-0.012,0.0015,-0.0008,38.8
8.321,0.0015,-0.0098,-0.0015,0.003,38.9
8.322,0.0007,-0.0091,-0.0046,0.0052,39.1
8.323,0.0007,-0.0091,-0.003,0.0045,39.1
8.324,0.0015,-0.0128,-0.006,-0.0015,39.2
8.325,0.0007,-0.0158,-0.0068,-0.0023,39.3
8.326,-0.0008,-0.0165,-0.0053,-0.0046,39.5
8.327,-0.0008,-0.0143,-0.006,-0.003,39.6
8.328,0.0,-0.003,-0.003,-0.003,39.6
8.329,0.0015,0.0045,-0.0038,-0.0053,39.7
8.33,0.0015,0.009,-0.0046,-0.003,39.9
8.331,0.0015,0.012,-0.0046,-0.003,40.0
8.332,0.003,0.0082,-0.0046,-0.0015,40.0
8.333,0.0045,0.0045,-0.003,-0.0046,40.1
8.334,0.0007,0.006,-0.0053,-0.0053,40.2
8.335,-0.0015,0.0082,-0.006,-0.003,40.4
8.336,-0.0008,0.009,-0.003,0.0007,40.5
8.337,-0.0015,0.0052,0.0007,0.0022,40.5
8.338,-0.0015,-0.0038,0.0007,0.0007,40.6
8.339,-0.0008,-0.0143,0.0,0.0007,40.8
8.34,0.0007,-0.0218,0.0,0.0007,40.9
8.341,-0.0008,-0.0256,-0.003,0.0,40.9
8.342,-0.0015,-0.027,-0.0046,-0.0015,41.0
8.343,-0.003,-0.0233,-0.0046,-0.003,41.1
8.344,-0.0046,-0.0233,-0.0068,-0.0015,41.1
8.345,-0.0038,-0.0158,-0.0068,-0.0015,41.2
8.346,-0.003,-0.0083,-0.0068,-0.003,41.3
8.347,-0.0023,-0.0053,-0.0083,-0.003,41.4
8.348,-0.003,-0.0046,-0.0075,-0.0053,41.4
8.349,-0.003,-0.0053,-0.0068,-0.006,41.5
8.35,-0.0008,0.0015,-0.0068,-0.0046,41.6
8.351,-0.003,0.0112,-0.006,-0.003,41.6
8.352,-0.0038,0.0232,-0.006,-0.0046,41.7
8.353,-0.0038,0.0337,-0.0046,-0.0046,41.8
8.354,-0.0015,0.03,-0.0023,-0.003,41.8
8.355,0.0015,0.0232,-0.0008,-0.0008,41.9
8.356,0.0015,0.0187,0.0015,0.0015,42.0
8.357,0.003,0.015,0.003,0.0022,42.0
8.358,0.0022,0.0097,0.0052,0.0015,42.1
8.359,0.0015,0.0067,0.0052,0.0052,42.2
8.36,0.0037,0.0082,0.0045,0.009,42.3
8.361,0.0045,0.0082,0.0052,0.0112,42.3
8.362,0.0037,0.0082,0.0045,0.0112,42.3
8.363,0.0052,0.0067,0.0052,0.0127,42.3
8.364,0.0052,0.0082,0.0045,0.0112,42.4
8.365,0.003,0.0105,0.0015,0.0082,42.4
8.366,0.0,0.0052,0.0007,0.0075,42.5
8.367,-0.0023,0.0007,-0.003,0.0045,42.5
8.368,-0.0046,-0.0046,-0.0015,0.0045,42.5
8.369,-0.0023,-0.0083,-0.0023,0.0037,42.6
8.37,-0.0015,-0.0083,-0.0053,0.003,42.6
8.371,-0.003,-0.0113,-0.0046,0.0015,42.6
8.372,-0.0015,-0.0128,-0.0053,0.0015,42.7
8.373,-0.0008,-0.0143,-0.0053,0.0015,42.7
8.374,-0.0015,-0.0158,-0.0075,-0.0008,42.7
8.375,-0.0023,-0.0135,-0.0091,-0.0015,42.7
8.376,-0.0023,-0.0105,-0.006,-0.003,42.8
8.377,0.0007,-0.0083,-0.0068,-0.003,42.8
8.378,-0.0015,-0.0053,-0.0068,-0.003,42.8
8.379,-0.0015,0.0007,-0.0075,-0.0046,42.9
8.38,-0.0015,0.0045,-0.0098,-0.0046,42.9
8.381,-0.0046,0.006,-0.0091,-0.0023,42.9
8.382,-0.0046,0.0075,-0.0091,-0.0008,42.9
8.383,-0.003,0.006,-0.0083,0.0015,42.9
8.384,-0.0008,0.0022,-0.0075,0.0015,42.9
8.385,0.0022,-0.0023,-0.0098,0.003,42.9
8.386,0.0015,-0.006,-0.0091,0.0045,42.9
8.387,0.003,-0.0113,-0.0075,0.003,42.9
8.388,0.0007,-0.0135,-0.006,0.003,42.9
8.389,0.0015,-0.0143,-0.0068,0.0015,42.9
8.39,0.0007,-0.0143,-0.0083,0.0022,42.9
8.391,-0.003,-0.0091,-0.0113,0.0007,42.9
8.392,-0.0053,-0.0068,-0.0143,-0.0008,42.9
8.393,-0.0038,-0.0075,-0.0135,-0.0008,42.9
8.394,-0.003,-0.0068,-0.0143,0.0007,42.9
8.395,-0.003,-0.0053,-0.0158,0.003,42.9
8.396,-0.003,-0.003,-0.0158,0.003,42.9
8.397,-0.003,-0.0023,-0.0181,0.0037,42.8
8.398,-0.0046,-0.003,-0.0203,0.0052,42.8
8.399,-0.003,-0.003,-0.0233,0.0052,42.8
8.4,-0.003,-0.0053,-0.0225,0.0045,42.8
8.401,-0.0008,-0.006,-0.0218,0.0052,42.8
8.402,0.0007,-0.0083,-0.0256,0.003,42.7
8.403,0.0007,-0.0091,-0.027,0.0045,42.7
8.404,0.0007,-0.0098,-0.0256,0.0045,42.7
8.405,0.0007,-0.0091,-0.0218,0.0015,42.6
8.406,0.0,-0.0105,-0.0218,0.003,42.6
8.407,-0.0008,-0.0143,-0.0233,0.0022,42.5
8.408,-0.0023,-0.0158,-0.021,0.0037,42.5
8.409,-0.0015,-0.0165,-0.0203,0.0045,42.4
8.41,-0.0023,-0.0195,-0.0158,0.0037,42.3
8.411,-0.0015,-0.0158,-0.0105,0.0045,42.3
8.412,0.0015,-0.0128,-0.006,0.0045,42.3
8.413,0.0015,-0.0098,-0.0008,0.0052,42.2
8.414,0.0007,-0.0053,0.0045,0.0045,42.2
8.415,0.0007,-0.0008,0.0127,0.0015,42.1
8.416,0.0007,0.003,0.0195,0.0007,42.1
8.417,0.0007,0.0037,0.027,0.0007,42.0
8.418,0.003,0.0052,0.0352,-0.0008,42.0
8.419,0.0015,0.0045,0.0397,-0.0008,41.9
8.42,-0.0008,0.0037,0.0457,0.0015,41.8
8.421,0.0007,0.006,0.0517,0.003,41.8
8.422,0.0007,0.0067,0.0585,0.0015,41.7
8.423,0.0,0.0082,0.0645,0.0015,41.6
8.424,0.0007,0.009,0.0765,0.0015,41.5
8.425,0.0,0.006,0.1005,0.0015,41.4
8.426,0.0,0.0052,0.1215,0.0022,41.4
8.427,-0.0008,0.003,0.1305,0.003,41.3
8.428,-0.0023,0.0007,0.1327,0.0045,41.2
8.429,-0.003,0.003,0.1327,0.0022,41.1
8.43,-0.003,0.0045,0.1275,0.0007,41.0
8.431,-0.0015,0.0022,0.1192,0.0007,40.9
8.432,-0.0008,0.0015,0.1087,0.0015,40.9
8.433,-0.0023,-0.0008,0.0945,0.0022,40.8
8.434,-0.0015,-0.0015,0.0787,0.003,40.7
8.435,-0.0008,-0.0023,0.0645,0.003,40.6
8.436,0.0007,-0.0015,0.0525,0.0015,40.5
8.437,-0.0008,0.0007,0.0367,0.0007,40.4
8.438,-0.003,0.0007,0.024,0.0015,40.3
8.439,-0.0023,0.0022,0.0105,0.0015,40.2
8.44,-0.0008,0.006,-0.003,0.0022,40.1
8.441,0.0,0.006,-0.0128,0.0007,40.0
8.442,0.0022,0.0052,-0.0195,0.0007,39.9
8.443,0.0037,0.006,-0.0263,0.0015,39.8
8.444,0.0015,0.0045,-0.0346,0.0,39.6
8.445,0.0,0.003,-0.0405,0.0015,39.6
8.446,-0.0015,0.003,-0.0443,0.0007,39.4
8.447,-0.0008,0.0037,-0.0383,0.0007,39.3
8.448,-0.0008,0.0052,-0.0315,0.0007,39.2
8.449,-0.0023,0.0052,-0.0293,0.0015,39.1
8.45,-0.0023,0.0045,-0.0285,0.0015,38.9
8.451,-0.0023,0.003,-0.0315,0.0,38.8
8.452,-0.003,-0.0008,-0.0315,0.0015,38.7
8.453,-0.0023,-0.0015,-0.03,0.0007,38.6
8.454,-0.0023,-0.0015,-0.027,0.0015,38.5
8.455,-0.003,-0.0008,-0.021,-0.0008,38.3
8.456,-0.003,0.0015,-0.0158,0.0007,38.2
8.457,-0.0015,0.0015,-0.0105,0.0015,38.1
8.458,-0.0008,0.003,-0.006,0.0015,38.0
8.459,0.0007,0.0015,-0.006,0.0015,37.9
8.46,-0.0008,0.0015,-0.0068,0.0007,37.7
8.461,-0.0008,0.0007,-0.0091,0.0015,37.6
8.462,-0.0015,-0.0015,-0.0135,0.0015,37.5
8.463,-0.0008,-0.0023,-0.0203,0.0037,37.4
8.464,0.0007,0.0007,-0.0256,0.0045,37.3
8.465,0.0,0.003,-0.0263,0.0052,37.2
8.466,-0.0008,0.0052,-0.0248,0.0045,37.1
8.467,0.0,0.0082,-0.027,0.0037,36.9
8.468,0.0007,0.003,-0.027,0.0007,36.9
8.469,-0.0015,0.0007,-0.027,0.0,36.7
8.47,-0.003,0.0015,-0.0293,0.0,36.6
8.471,-0.0015,0.0,-0.033,-0.0015,36.5
8.472,0.0007,-0.0023,-0.0368,-0.0015,36.4
8.473,0.0015,-0.0038,-0.033,-0.0015,36.3
8.474,0.0007,-0.003,-0.033,-0.0008,36.1
8.475,-0.0015,-0.0046,-0.0346,0.0,36.0
8.476,-0.0015,-0.0053,-0.0353,0.0015,35.9
8.477,-0.0023,-0.003,-0.039,0.0,35.8
8.478,-0.0008,-0.0053,-0.0353,-0.0015,35.7
8.479,0.0007,-0.0143,-0.0346,-0.0008,35.6
8.48,0.0007,-0.027,-0.033,-0.0023,35.4
8.481,0.0007,-0.0346,-0.0315,-0.003,35.3
8.482,0.0,-0.039,-0.0368,-0.0038,35.2
8.483,0.0007,-0.0413,-0.033,0.0,35.1
8.484,0.0,-0.0405,-0.0278,0.0007,35.0
8.485,-0.0015,-0.0375,-0.021,-0.0008,34.9
8.486,-0.0038,-0.0338,-0.0165,0.0015,34.7
8.487,-0.003,-0.0285,-0.0181,0.0,34.6
8.488,0.0007,-0.0218,-0.0143,0.0007,34.5
8.489,-0.0008,-0.0173,-0.0091,0.0015,34.4
8.49,-0.0008,-0.0128,-0.0075,0.0022,34.3
8.491,0.0007,-0.0075,-0.0083,0.0022,34.1
8.492,0.0007,-0.003,-0.0053,0.0015,34.1
8.493,-0.0008,0.0007,-0.0008,0.003,33.9
8.494,-0.0015,0.0067,0.0045,0.0015,33.8
8.495,0.0007,0.009,0.0067,0.0015,33.7
8.496,0.0,0.009,0.0045,0.0015,33.6
8.497,-0.0008,0.009,0.0045,0.003,33.5
8.498,-0.003,0.0082,0.0045,0.003,33.3
8.499,-0.0053,0.0075,0.0067,0.0022,33.3
8.5,-0.006,0.009,0.006,0.0037,33.1
8.501,-0.006,0.0097,0.0075,0.003,33.0
8.502,-0.0046,0.012,0.0105,0.003,32.8
8.503,-0.0038,0.0112,0.0127,0.0037,32.7
8.504,-0.0015,0.009,0.0142,0.003,32.6
8.505,-0.0015,0.0082,0.0075,0.003,32.5
8.506,-0.0015,0.006,0.0052,0.003,32.4
8.507,0.0007,0.0045,0.0045,0.003,32.2
8.508,-0.0008,0.0052,0.0037,0.0022,32.1
8.509,0.0015,0.0067,0.0037,0.0007,31.9
8.51,0.0015,0.009,0.003,0.0007,31.8
8.511,0.0007,0.0105,0.003,0.0022,31.7
8.512,0.003,0.012,-0.0008,0.0022,31.6
8.513,0.0007,0.0112,-0.0023,0.0022,31.5
8.514,0.0015,0.0105,-0.0023,0.0022,31.3
8.515,0.0022,0.012,-0.003,0.0007,31.2
8.516,0.0,0.0105,-0.0046,0.0015,31.0
8.517,-0.0015,0.0082,-0.0053,0.0015,31.0
8.518,-0.0015,0.0045,-0.0068,0.0007,30.8
8.519,-0.0023,0.003,-0.0083,0.003,30.7
8.52,-0.0046,0.003,-0.0068,0.003,30.5
8.521,-0.003,0.0045,-0.0075,0.003,30.4
8.522,0.0007,0.0075,-0.006,0.0045,30.3
8.523,0.0007,0.0067,-0.0046,0.0037,30.1
8.524,-0.0008,0.0037,-0.0023,0.0015,30.0
8.525,-0.0015,0.0022,0.0,0.003,29.9
8.526,-0.0023,0.0037,0.0007,0.003,29.7
8.527,-0.0008,0.0022,0.003,0.003,29.6
8.528,-0.0008,-0.0008,0.003,0.0022,29.5
8.529,0.0,-0.0038,0.003,0.0015,29.3
8.53,0.0015,-0.0053,0.0045,0.0015,29.2
8.531,0.0,-0.0038,0.0067,0.0015,29.1
8.532,-0.0008,0.0,0.0067,0.0015,28.9
8.533,-0.0015,0.0,0.0082,0.0007,28.8
8.534,-0.0023,0.0007,0.0105,0.0015,28.7
8.535,-0.0008,0.0007,0.009,0.0,28.5
8.536,-0.0023,0.0007,0.0097,0.0015,28.4
8.537,-0.0015,-0.0008,0.009,0.0007,28.3
8.538,-0.0008,0.0007,0.0105,0.0015,28.1
8.539,-0.0015,0.0,0.0105,0.0015,28.0
8.54,-0.0015,-0.0015,0.0097,0.0007,27.8
8.541,-0.0015,-0.003,0.012,0.0015,27.7
8.542,-0.0008,-0.0053,0.0127,0.003,27.5
8.543,0.0,-0.0046,0.009,0.0022,27.4
8.544,0.0007,-0.0046,0.0075,0.003,27.3
8.545,0.0007,-0.0046,0.0067,0.0052,27.1
8.546,-0.0008,-0.003,0.0067,0.0045,27.0
8.547,0.0007,-0.0046,0.0045,0.0045,26.8
8.548,0.0,-0.0038,0.0052,0.003,26.6
8.549,-0.0008,-0.0046,0.0082,0.0045,26.5
8.55,-0.0015,-0.0023,0.0082,0.006,26.3
8.551,-0.003,-0.0008,0.009,0.0052,26.2
8.552,-0.003,-0.0015,0.009,0.003,26.1
8.553,-0.003,-0.0053,0.009,0.0037,25.9
8.554,-0.0008,-0.0083,0.009,0.003,25.7
8.555,0.0007,-0.0091,0.009,0.0015,25.6
8.556,0.0007,-0.0083,0.009,0.0015,25.4
8.557,0.0007,-0.0091,0.006,0.0,25.3
8.558,0.0015,-0.0083,0.0082,0.0007,25.2
8.559,0.0,-0.0098,0.0082,-0.0008,25.0
8.56,-0.0015,-0.012,0.0067,-0.0008,24.8
8.561,0.0007,-0.012,0.0052,0.0007,24.7
8.562,0.0,-0.0098,0.003,0.0007,24.5
8.563,0.0007,-0.0098,0.0015,0.0007,24.3
8.564,0.0007,-0.0098,0.0007,0.0015,24.2
8.565,0.0015,-0.0113,-0.0008,0.0015,24.0
8.566,0.0007,-0.012,-0.0023,0.0007,23.9
8.567,0.0,-0.0098,-0.0015,0.0015,23.7
8.568,-0.0008,-0.006,-0.0008,0.0022,23.6
8.569,-0.003,-0.0046,-0.0015,0.0037,23.4
8.57,-0.0023,-0.0038,-0.0008,0.0015,23.2
8.571,-0.0008,-0.0015,0.0015,0.0015,23.1
8.572,-0.0015,-0.0015,0.0022,0.003,22.9
8.573,-0.0008,-0.0053,0.0,0.0015,22.8
8.574,0.0,-0.0068,0.0007,0.003,22.6
8.575,-0.0015,-0.0038,0.0007,0.0015,22.5
8.576,-0.0023,-0.0008,0.0045,0.003,22.3
8.577,-0.0015,-0.0008,0.0052,0.0045,22.1
8.578,-0.0023,-0.003,0.006,0.0037,22.0
8.579,-0.0015,-0.0038,0.0067,0.003,21.8
8.58,-0.0023,-0.0075,0.0052,0.003,21.6
8.581,-0.003,-0.0135,0.0052,0.003,21.5
8.582,-0.0046,-0.0181,0.0052,0.003,21.3
8.583,-0.0046,-0.021,0.006,0.003,21.1
8.584,-0.0038,-0.0195,0.0067,0.003,21.0
8.585,-0.0008,-0.0173,0.0075,0.0022,20.8
8.586,0.0007,-0.0158,0.0052,0.0007,20.6
8.587,-0.0008,-0.0135,0.0015,0.003,20.4
8.588,-0.0008,-0.0113,0.0015,0.003,20.3
8.589,0.0,-0.0068,0.0015,0.0015,20.1
8.59,0.0015,-0.0046,0.0015,0.0007,19.9
8.591,0.0015,-0.0023,0.0015,0.0007,19.8
8.592,0.0015,-0.0015,0.0015,0.0007,19.6
8.593,0.0007,0.0007,-0.0008,0.0,19.4
8.594,0.0007,0.003,-0.0038,0.0007,19.3
8.595,0.0,0.0045,-0.003,0.0007,19.1
8.596,-0.003,0.0067,-0.0015,-0.0008,18.9
8.597,-0.003,0.0075,-0.0015,-0.0015,18.7
8.598,-0.0015,0.0082,-0.0015,-0.0008,18.6
8.599,-0.0015,0.0067,-0.0015,-0.0008,18.4
8.6,-0.0015,0.0082,-0.0038,0.0,18.2
8.601,-0.0008,0.0105,-0.003,-0.0008,18.0
8.602,-0.0008,0.0082,-0.0008,0.0007,17.9
8.603,-0.0008,0.0105,-0.003,0.0007,17.7
8.604,-0.0015,0.012,-0.003,0.0007,17.5
8.605,-0.0008,0.0082,-0.0008,0.0015,17.4
8.606,0.0007,0.0067,-0.0015,0.0007,17.2
8.607,0.0007,0.0082,-0.0015,0.0007,17.0
8.608,0.0007,0.0075,-0.0015,0.0015,16.8
8.609,0.0007,0.003,-0.0015,0.003,16.6
8.61,-0.0015,0.0007,-0.0015,0.0022,16.5
8.611,-0.0015,-0.0008,-0.0015,0.0015,16.3
8.612,-0.0023,-0.0008,-0.0008,0.0022,16.2
8.613,-0.0008,0.0015,0.0022,0.0015,16.0
8.614,0.0,0.0,0.0045,0.0007,15.8
8.615,-0.0015,-0.0008,0.003,0.0015,15.6
8.616,0.0015,0.0,0.0015,0.0007,15.4
8.617,0.0015,-0.0008,0.003,-0.0008,15.3
8.618,0.0,-0.0015,0.0022,-0.0008,15.1
8.619,0.0,-0.0046,0.0015,-0.0008,14.9
8.62,-0.0015,-0.0023,0.0007,0.0007,14.7
8.621,-0.0015,0.0015,-0.0008,0.0022,14.6
8.622,-0.0023,0.003,0.0007,0.0015,14.4
8.623,-0.003,0.003,0.0015,0.0007,14.3
8.624,-0.003,0.0015,0.0037,0.0007,14.1
8.625,-0.003,0.0037,0.003,0.0015,13.9
8.626,-0.0008,0.0045,0.0022,0.0,13.7
8.627,0.0007,0.0045,0.0007,0.0007,13.5
8.628,-0.0008,0.0067,0.0,0.0015,13.4
8.629,-0.0053,0.0082,0.003,-0.0008,13.2
8.63,-0.0128,0.0067,0.0022,-0.0008,13.0
8.631,-0.0105,0.0037,0.0015,0.0007,12.9
8.632,-0.0046,0.003,0.003,0.0007,12.7
8.633,0.0015,0.0007,0.0045,0.0007,12.6
8.634,0.0052,0.0007,0.0052,0.0007,12.4
8.635,0.0082,0.0022,0.003,0.0007,12.2
8.636,0.012,0.0007,0.003,0.0015,12.0
8.637,0.0097,0.0007,0.0015,0.0015,11.8
8.638,0.006,0.0015,-0.0008,0.0022,11.7
8.639,0.0052,0.0007,-0.0015,0.0015,11.5
8.64,0.0037,-0.0008,-0.003,0.0007,11.3
8.641,0.0037,0.0,-0.0015,0.0007,11.2
8.642,-0.0008,0.0045,-0.003,0.0,11.0
8.643,-0.0038,0.0022,-0.0053,-0.0015,10.8
8.644,-0.0083,-0.0008,-0.0068,-0.0023,10.7
8.645,-0.012,0.0,-0.0053,-0.0015,10.5
8.646,-0.012,-0.0008,-0.0038,-0.0008,10.3
8.647,-0.0083,-0.0023,-0.003,0.0,10.2
8.648,-0.0038,-0.003,-0.003,0.0015,10.0
8.649,-0.0046,-0.0015,-0.0023,0.0015,9.9
8.65,-0.0015,-0.0015,0.0,0.0022,9.7
8.651,-0.0008,-0.0008,0.0007,0.0022,9.5
8.652,-0.0023,-0.0038,0.0007,0.0045,9.4
8.653,-0.0015,-0.0091,0.003,0.0075,9.2
8.654,-0.0015,-0.0105,0.0052,0.0067,9.0
8.655,0.0015,-0.0113,0.0067,0.0075,8.9
8.656,0.0045,-0.012,0.0082,0.0067,8.7
8.657,0.0052,-0.0105,0.0052,0.003,8.5
8.658,0.0045,-0.0128,0.0015,-0.0008,8.4
8.659,0.0007,-0.0105,0.0015,-0.003,8.2
8.66,-0.0008,-0.006,0.0015,-0.003,8.0
8.661,0.0007,-0.0015,0.0052,0.0007,7.9
8.662,0.003,0.0015,0.0067,0.0015,7.8
8.663,0.003,-0.0038,0.006,0.0015,7.6
8.664,0.0015,-0.0053,0.0045,-0.0015,7.5
8.665,-0.0023,-0.0046,0.0,-0.0038,7.4
8.666,-0.0053,-0.0068,-0.0008,-0.0015,7.2
8.667,-0.0053,-0.0046,0.0,0.0007,7.1
8.668,-0.0046,-0.003,0.0007,0.0037,7.0
8.669,-0.003,-0.0046,0.0022,0.0045,6.8
8.67,-0.003,-0.0083,0.0015,0.0045,6.7
8.671,-0.0046,-0.0105,0.0015,0.0045,6.6
8.672,-0.0053,-0.0083,0.003,0.0045,6.4
8.673,-0.0046,-0.0083,0.0015,0.0022,6.3
8.674,-0.0008,-0.006,0.0022,0.0037,6.2
8.675,0.0007,-0.006,0.0037,0.003,6.0
8.676,0.0007,-0.0046,0.003,0.003,5.9
8.677,0.0,-0.003,0.0,0.0045,5.8
8.678,0.0015,-0.006,-0.0015,0.0037,5.6
8.679,0.003,-0.0105,-0.0015,0.003,5.5
8.68,0.0052,-0.0165,-0.003,0.0045,5.3
8.681,0.006,-0.0143,-0.0046,0.003,5.3
8.682,0.0052,-0.0173,-0.0038,0.0015,5.1
8.683,0.003,-0.0195,-0.0053,-0.0008,5.0
8.684,0.0015,-0.0158,-0.0053,-0.0015,4.9
8.685,-0.0008,-0.0165,-0.0046,-0.0023,4.8
8.686,-0.0023,-0.0083,-0.003,-0.0015,4.7
8.687,-0.0015,-0.0068,-0.0023,0.0,4.6
8.688,-0.0015,-0.0083,-0.0046,0.0,4.5
8.689,-0.0008,-0.0068,-0.003,-0.0008,4.4
8.69,0.0007,-0.0046,-0.0015,-0.0008,4.3
8.691,-0.0015,-0.006,-0.0008,-0.0038,4.2
8.692,-0.003,-0.006,-0.0023,-0.006,4.0
8.693,-0.0053,-0.0023,-0.0015,-0.0053,4.0
8.694,-0.0046,-0.0008,-0.0008,-0.0015,3.8
8.695,-0.0046,0.003,0.0,0.0022,3.7
8.696,-0.0053,0.0067,0.0015,0.003,3.6
8.697,-0.0046,0.0105,0.0022,0.003,3.5
8.698,-0.0046,0.0105,0.003,0.0045,3.4
8.699,-0.0046,0.0097,0.0015,0.0037,3.3
8.7,-0.003,0.012,0.0015,0.0112,3.1
8.701,0.003,0.0142,0.0067,0.0157,3.1
8.702,0.0067,0.0135,0.0075,0.0097,3.0
8.703,0.0075,0.009,0.0075,0.009,2.9
8.704,0.006,0.012,0.0075,0.0127,2.8
8.705,0.0015,0.0127,0.006,0.0142,2.7
8.706,0.0007,0.0097,0.006,0.012,2.6
8.707,0.0015,0.006,0.0052,0.009,2.6
8.708,0.0022,0.0045,0.0075,0.0075,2.5
8.709,0.0037,0.006,0.009,0.0067,2.4
8.71,0.0045,0.0052,0.009,0.003,2.3
8.711,0.0015,0.0045,0.0052,-0.0008,2.2
8.712,-0.0023,0.003,0.003,-0.0015,2.2
8.713,-0.0068,0.0015,0.0052,-0.0015,2.1
8.714,-0.012,-0.0008,0.006,-0.003,2.0
8.715,-0.0105,-0.003,0.006,-0.0015,1.9
8.716,-0.0053,-0.0015,0.0045,-0.003,1.8
8.717,-0.0038,-0.0015,0.0007,-0.0046,1.7
8.718,0.0007,0.0,0.003,-0.0046,1.6
8.719,0.006,0.0007,0.0007,-0.0038,1.5
8.72,0.0097,-0.0023,0.0007,-0.003,1.4
8.721,0.0075,0.0007,0.0007,-0.0053,1.4
8.722,0.0052,-0.0008,-0.0015,-0.006,1.3
8.723,0.0052,-0.0015,-0.0023,-0.0083,1.3
8.724,0.0045,-0.0008,-0.0053,-0.0083,1.2
8.725,0.0007,-0.0046,-0.0068,-0.0083,1.1
8.726,-0.0038,-0.0046,-0.006,-0.0046,1.0
8.727,-0.0083,-0.0046,-0.006,-0.0008,1.0
8.728,-0.0135,-0.003,-0.0068,0.0022,0.9
8.729,-0.012,-0.0015,-0.0083,0.0082,0.9
8.73,-0.0091,-0.0023,-0.0091,0.0142,0.8
8.731,-0.0068,-0.0008,-0.0083,0.0172,0.7
8.732,-0.003,0.0007,-0.0075,0.0105,0.7
8.733,-0.0015,-0.0015,-0.0083,0.0022,0.6
8.734,-0.0008,-0.0038,-0.0068,0.003,0.5
8.735,-0.0015,-0.0046,-0.0083,0.0,0.4
8.736,-0.0008,-0.0053,-0.0075,-0.0038,0.4
8.737,-0.0008,-0.006,-0.0053,-0.0015,0.3
8.738,0.0,-0.0038,-0.003,-0.0008,0.3
8.739,0.0007,-0.0008,-0.0008,0.0,0.2
8.74,-0.0023,0.0007,-0.0008,0.0007,0.1
8.741,0.0,0.0015,-0.0008,0.0007,0.1
8.742,0.0007,0.0007,0.0007,0.0007,0.0
8.743,-0.0008,-0.0008,-0.0015,0.0007,0.0
8.744,0.0007,-0.003,0.0,0.003,0.0
8.745,-0.0008,-0.0053,0.003,0.0052,-0.1
8.746,-0.0008,-0.0046,0.0022,0.0045,-0.1
8.747,-0.0008,-0.0046,0.0022,0.0022,-0.2
8.748,-0.0015,-0.0038,0.006,-0.0008,-0.2
8.749,-0.0008,-0.006,0.0067,-0.0046,-0.3
8.75,-0.0015,-0.006,0.003,-0.0046,-0.4
8.751,-0.0008,-0.0046,0.006,-0.0023,-0.4
8.752,-0.0008,-0.0046,0.009,-0.0015,-0.5
8.753,0.0007,-0.0053,0.0082,0.0007,-0.5
8.754,0.0007,-0.0075,0.012,0.0015,-0.5
8.755,0.0007,-0.0068,0.0112,0.0007,-0.6
8.756,0.0,-0.0105,0.0127,0.0015,-0.6
8.757,0.0007,-0.0165,0.0142,0.0022,-0.7
8.758,0.0007,-0.0195,0.0135,0.0037,-0.7
8.759,0.0015,-0.024,0.015,0.0052,-0.8
8.76,0.0015,-0.0248,0.012,0.0052,-0.9
8.761,0.0015,-0.027,0.0105,0.006,-0.9
8.762,0.0007,-0.021,0.009,0.0037,-0.9
8.763,-0.0008,0.0,0.0082,0.0045,-0.9
8.764,-0.0015,0.0165,0.0052,0.0007,-0.9
8.765,-0.0008,0.0052,0.0037,-0.0091,-0.9
8.766,-0.0015,-0.0053,0.0045,-0.0135,-0.9
8.767,0.0015,0.0142,0.0015,-0.0135,-1.0
8.768,0.0,0.0217,0.003,-0.0128,-1.0
8.769,-0.0008,0.009,0.003,-0.0181,-1.0
8.77,0.0045,0.0127,0.0052,-0.0285,-1.1
8.771,0.006,0.0255,0.0067,-0.0256,-1.1
8.772,0.0082,0.0232,0.0045,-0.012,-1.1
8.773,0.006,0.0052,0.0007,0.0105,-1.1
8.774,0.0015,-0.0083,-0.0046,0.0465,-1.2
8.775,0.0015,-0.003,-0.0038,0.0727,-1.2
8.776,-0.003,-0.0105,-0.0053,0.0502,-1.2
8.777,-0.006,-0.015,-0.0053,0.021,-1.2
8.778,-0.0053,-0.0195,-0.0015,0.0232,-1.3
8.779,-0.0046,-0.0315,-0.0023,0.0112,-1.3
8.78,-0.0046,-0.0353,-0.0015,-0.0143,-1.4
8.781,-0.0053,-0.0428,-0.003,-0.024,-1.4
8.782,-0.0023,-0.0368,-0.0046,-0.0225,-1.4
8.783,0.0007,-0.012,-0.0038,-0.0105,-1.4
8.784,0.0015,0.0187,-0.0053,0.0015,-1.4
8.785,0.003,0.0165,-0.0046,-0.0038,-1.4
8.786,-0.0008,0.0015,-0.0046,-0.0128,-1.4
8.787,-0.0008,0.0142,-0.0015,-0.0158,-1.4
8.788,0.0,-0.0038,0.0007,-0.0165,-1.4
8.789,-0.003,-0.0158,0.0007,-0.0158,-1.4
8.79,-0.003,0.0022,-0.0023,-0.012,-1.4
8.791,-0.003,0.0052,-0.0053,-0.0068,-1.4
8.792,-0.003,0.0015,-0.0075,-0.0083,-1.4
8.793,-0.0023,-0.0023,-0.0068,-0.0158,-1.4
8.794,-0.0008,0.0045,-0.0053,-0.0233,-1.4
8.795,-0.0015,0.009,-0.0083,-0.003,-1.4
8.796,-0.0038,-0.0068,-0.0105,0.0247,-1.4
8.797,-0.0023,-0.0105,-0.0105,0.0457,-1.4
8.798,0.0,0.0142,-0.0091,0.0787,-1.4
8.799,0.003,0.039,-0.0083,0.1192,-1.4
8.8,0.003,0.0532,-0.0038,0.138,-1.5
8.801,0.0022,0.0382,-0.0046,0.1005,-1.4
8.802,0.0007,0.0015,-0.003,0.0442,-1.4
8.803,-0.0023,-0.024,0.0,0.0022,-1.4
8.804,-0.0023,-0.0075,-0.0008,-0.0195,-1.4
8.805,-0.0023,0.0097,-0.003,-0.0375,-1.4
8.806,-0.003,-0.0038,-0.0083,-0.0511,-1.4
8.807,-0.0038,-0.0203,-0.0075,-0.0398,-1.3
8.808,-0.0046,-0.024,-0.0075,-0.0315,-1.3
8.809,-0.0046,-0.0188,-0.0068,-0.0278,-1.3
8.81,-0.0038,-0.0083,-0.0046,-0.0308,-1.3
8.811,-0.0046,-0.0158,-0.0015,-0.0353,-1.2
8.812,-0.003,-0.054,0.0015,-0.0315,-1.2
8.813,-0.0008,-0.0518,0.003,-0.0368,-1.2
8.814,-0.0015,-0.0518,0.0052,-0.0458,-1.2
8.815,0.0,-0.0706,0.0052,-0.0383,-1.1
8.816,0.0007,-0.0555,0.003,-0.033,-1.1
8.817,-0.0008,-0.06,-0.0015,-0.0323,-1.1
8.818,0.0,-0.0405,-0.0008,-0.0278,-1.1
8.819,-0.0008,-0.0083,-0.0008,-0.0256,-1.1
8.82,-0.0023,0.0217,-0.0046,-0.015,-1.0
8.821,-0.0015,0.0427,-0.0038,0.0105,-1.0
8.822,0.0007,0.0397,-0.0015,0.0435,-1.0
8.823,0.0015,0.0675,0.0015,0.0592,-0.9
8.824,0.0007,0.0967,0.0007,0.033,-0.9
8.825,-0.0008,0.0892,-0.003,-0.003,-0.9
8.826,-0.003,0.0465,-0.0038,0.012,-0.9
8.827,-0.0008,0.0165,-0.003,0.0465,-0.8
8.828,0.0045,0.0052,0.0007,0.0922,-0.8
8.829,0.0067,0.006,0.003,0.12,-0.8
8.83,0.0082,0.003,0.0067,0.075,-0.7
8.831,0.0067,-0.0015,0.0082,0.0195,-0.7
8.832,0.0052,0.0082,0.0105,-0.0293,-0.7
8.833,0.0052,0.0015,0.0105,-0.048,-0.7
8.834,0.003,0.009,0.0067,-0.027,-0.6
8.835,0.0015,0.0217,0.0037,-0.0143,-0.6
8.836,0.0022,0.0097,0.0007,-0.012,-0.6
8.837,0.0,0.009,0.0,-0.0135,-0.5
8.838,-0.003,0.0142,-0.0015,-0.0128,-0.5
8.839,-0.0046,0.0075,-0.0038,-0.012,-0.5
8.84,-0.0068,-0.0068,-0.003,-0.0225,-0.5
8.841,-0.0053,-0.0091,-0.0038,-0.0233,-0.5
8.842,-0.006,-0.0091,-0.0015,-0.0181,-0.5
8.843,-0.0068,-0.0098,-0.0008,-0.0158,-0.5
8.844,-0.0046,-0.006,0.003,-0.0098,-0.5
8.845,-0.0053,-0.0053,0.0045,-0.012,-0.5
8.846,-0.0068,-0.0046,0.0037,-0.0165,-0.5
8.847,-0.0053,-0.0068,0.0052,-0.0165,-0.5
8.848,-0.0053,-0.0068,0.0082,-0.0143,-0.5
8.849,-0.0068,-0.0038,0.012,-0.0113,-0.5
8.85,-0.0128,-0.0015,0.0195,-0.0091,-0.5
8.851,-0.0135,-0.0046,0.018,-0.0105,-0.5
8.852,-0.0083,-0.0083,0.0157,-0.0128,-0.5
8.853,-0.0038,-0.015,0.0195,-0.0091,-0.5
8.854,0.003,-0.0188,0.0195,-0.0143,-0.5
8.855,0.012,-0.0165,0.0225,-0.0293,-0.5
8.856,0.0157,-0.0128,0.0217,-0.0308,-0.5
8.857,0.012,-0.0105,0.0195,-0.0353,-0.5
8.858,0.0097,-0.0203,0.0202,-0.048,-0.5
8.859,0.009,-0.0256,0.0217,-0.0368,-0.5
8.86,0.0075,-0.015,0.0247,-0.0105,-0.5
8.861,0.0052,-0.0091,0.027,0.0232,-0.6
8.862,0.0022,-0.0046,0.0262,0.0607,-0.7
8.863,-0.003,0.0105,0.0202,0.066,-0.8
8.864,-0.012,0.0345,0.0157,0.039,-0.9
8.865,-0.0128,0.0277,0.0157,0.0442,-1.1
8.866,-0.0083,-0.0083,0.0142,0.0862,-1.2
8.867,-0.0091,-0.0293,0.0135,0.078,-1.3
8.868,-0.0083,-0.045,0.0127,0.0397,-1.4
8.869,-0.006,-0.0525,0.0112,0.0202,-1.5
8.87,-0.0046,-0.0495,0.0112,-0.0068,-1.6
8.871,-0.0015,-0.0443,0.0105,-0.0443,-1.8
8.872,-0.003,-0.042,0.0075,-0.0428,-1.8
8.873,-0.0008,-0.0053,0.0082,-0.003,-1.9
8.874,0.0037,0.0382,0.009,0.057,-2.1
8.875,0.0037,0.0397,0.0075,0.1117,-2.2
8.876,0.0045,0.0495,0.006,0.1012,-2.3
8.877,0.003,0.0705,0.0067,0.045,-2.4
8.878,0.0007,0.0795,0.0082,-0.0015,-2.5
8.879,0.0015,0.0577,0.006,-0.0495,-2.6
8.88,-0.0008,0.033,0.0022,-0.0885,-2.8
8.881,-0.003,0.0262,0.0037,-0.0871,-2.8
8.882,0.0,0.0,0.0067,-0.0728,-2.8
8.883,0.0007,-0.033,0.0082,-0.0315,-2.8
8.884,0.003,-0.042,0.012,0.0127,-2.9
8.885,0.0015,-0.0353,0.0135,0.0292,-2.9
8.886,0.0007,-0.0263,0.0157,0.0345,-3.0
8.887,-0.0008,-0.0135,0.0135,0.06,-3.0
8.888,-0.003,0.0007,0.0105,0.072,-3.0
8.889,-0.0015,-0.0008,0.0105,0.0427,-3.1
8.89,0.0015,-0.0075,0.0112,0.0382,-3.1
8.891,0.0007,0.0007,0.0105,0.003,-3.2
8.892,-0.0008,0.0127,0.006,-0.0383,-3.2
8.893,0.0007,0.0142,0.0045,-0.0315,-3.2
8.894,0.0015,0.0345,0.003,-0.0315,-3.2
8.895,0.0007,0.0255,-0.003,-0.0233,-3.3
8.896,-0.0015,-0.0165,-0.0128,-0.0195,-3.3
8.897,-0.003,-0.0263,-0.0195,-0.0256,-3.4
8.898,-0.0046,-0.0308,-0.0233,-0.033,-3.4
8.899,-0.003,-0.0285,-0.027,-0.0233,-3.4
8.9,-0.0008,-0.0203,-0.0323,0.0,-3.5
8.901,-0.0015,-0.0195,-0.0353,-0.0083,-3.5
8.902,-0.003,-0.0181,-0.039,-0.0203,-3.5
8.903,-0.0038,-0.0195,-0.0428,-0.0158,-3.5
8.904,-0.003,-0.0181,-0.0443,-0.0158,-3.5
8.905,-0.0015,-0.0188,-0.0458,-0.0181,-3.5
8.906,-0.0008,-0.0128,-0.0488,-0.0158,-3.5
8.907,-0.0008,-0.0008,-0.0495,-0.0128,-3.5
8.908,-0.0008,-0.003,-0.048,-0.0091,-3.5
8.909,0.0,-0.0105,-0.048,-0.0075,-3.5
8.91,0.0007,-0.0091,-0.0473,-0.0068,-3.4
8.911,0.0007,-0.0091,-0.0458,-0.0113,-3.4
8.912,0.0015,-0.0068,-0.042,-0.015,-3.4
8.913,-0.0008,-0.0053,-0.039,-0.0105,-3.4
8.914,-0.0015,-0.0091,-0.0383,-0.0075,-3.4
8.915,-0.0008,-0.0083,-0.0361,-0.012,-3.4
8.916,-0.0015,-0.012,-0.0308,-0.0113,-3.4
8.917,-0.003,-0.0098,-0.0263,-0.0075,-3.4
8.918,-0.003,-0.0083,-0.0248,0.0007,-3.4
8.919,-0.003,-0.012,-0.0203,0.0337,-3.4
8.92,-0.0008,-0.0098,-0.0181,0.075,-3.4
8.921,0.0015,0.0037,-0.0158,0.075,-3.3
8.922,0.0022,0.0262,-0.0105,0.021,-3.3
8.923,0.003,0.0307,-0.0091,0.0,-3.3
8.924,0.0007,0.0285,-0.006,0.0097,-3.2
8.925,0.0007,0.0375,-0.003,0.003,-3.2
8.926,0.0,0.0135,-0.003,-0.0098,-3.2
8.927,0.0015,-0.0128,-0.0008,-0.0263,-3.2
8.928,0.0037,-0.0158,0.0007,-0.027,-3.2
8.929,0.0037,-0.0225,0.0022,-0.0225,-3.1
8.93,0.003,-0.0181,0.003,-0.0143,-3.1
8.931,0.0015,-0.0158,0.0075,0.0127,-3.1
8.932,0.0007,-0.012,0.012,0.0292,-3.0
8.933,0.003,-0.0068,0.015,0.0142,-3.0
8.934,0.003,-0.0083,0.018,0.003,-3.0
8.935,0.0007,-0.0008,0.0165,0.0157,-2.9
8.936,-0.003,0.009,0.0135,0.015,-2.9
8.937,-0.0023,0.0277,0.015,0.024,-2.9
8.938,0.003,0.0382,0.0157,0.0382,-2.8
8.939,0.0022,0.0165,0.0135,0.0532,-2.8
8.94,0.0007,0.0172,0.0142,0.0712,-2.8
8.941,-0.0008,0.03,0.0127,0.0502,-2.8
8.942,-0.003,0.0157,0.0142,0.006,-2.8
8.943,-0.0046,0.009,0.0157,-0.0023,-2.8
8.944,-0.003,0.0045,0.0172,-0.003,-2.7
8.945,-0.0038,0.0015,0.0172,-0.015,-2.7
8.946,-0.006,-0.0046,0.015,-0.0008,-2.7
8.947,-0.0046,-0.0068,0.018,0.0232,-2.7
8.948,-0.0023,0.0015,0.0165,0.0322,-2.7
8.949,-0.003,-0.0091,0.0157,0.0127,-2.7
8.95,-0.0038,-0.0165,0.0157,-0.0023,-2.7
8.951,-0.0053,-0.0181,0.0165,-0.0143,-2.7
8.952,-0.0046,-0.0158,0.0195,-0.0218,-2.7
8.953,-0.0015,-0.0173,0.0202,-0.012,-2.7
8.954,0.0015,-0.021,0.0202,-0.0053,-2.7
8.955,0.0015,-0.0308,0.0187,-0.0105,-2.7
8.956,0.0007,-0.0375,0.021,-0.048,-2.7
8.957,0.0007,-0.0263,0.0202,-0.078,-2.7
8.958,-0.0015,-0.006,0.0187,-0.084,-2.7
8.959,-0.0015,0.012,0.018,-0.075,-2.7
8.96,-0.003,0.0022,0.0157,-0.057,-2.7
8.961,-0.003,-0.0203,0.0165,-0.0308,-2.7
8.962,-0.0023,-0.0195,0.015,0.0007,-2.7
8.963,-0.0046,0.0015,0.0135,0.0322,-2.7
8.964,-0.003,0.048,0.015,0.0712,-2.7
8.965,-0.003,0.0615,0.0142,0.102,-2.7
8.966,-0.0015,0.0315,0.0135,0.1327,-2.7
8.967,-0.0008,0.0105,0.0157,0.1192,-2.8
8.968,0.0007,-0.0098,0.0142,0.0607,-2.8
8.969,0.0007,-0.0203,0.0127,-0.0105,-2.8
8.97,-0.0015,-0.0256,0.0112,-0.0495,-2.8
8.971,-0.0015,-0.0293,0.0105,-0.0346,-2.9
8.972,-0.0023,-0.0143,0.0112,-0.042,-2.9
8.973,-0.0023,0.015,0.0082,-0.0315,-2.9
8.974,0.0,0.0382,0.0082,-0.0158,-2.9
8.975,0.0022,0.0082,0.0082,-0.003,-3.0
8.976,0.003,-0.0203,0.0052,0.021,-3.0
8.977,0.0015,-0.0248,0.0067,0.0202,-3.0
8.978,0.0015,-0.0285,0.0052,0.0135,-3.0
8.979,0.0007,-0.0188,0.0052,-0.0023,-3.0
8.98,0.0007,-0.0165,0.0067,-0.0165,-3.1
8.981,0.0007,-0.015,0.0067,-0.0248,-3.1
8.982,-0.0008,-0.0143,0.0067,-0.0195,-3.2
8.983,-0.003,-0.0135,0.006,-0.015,-3.2
8.984,-0.0038,-0.0105,0.0052,-0.0173,-3.2
8.985,-0.0023,-0.0105,0.0022,-0.0143,-3.2
8.986,-0.0023,-0.0075,0.0007,-0.0143,-3.3
8.987,-0.0046,-0.0075,0.0,-0.0128,-3.3
8.988,-0.0068,-0.0128,0.0015,-0.0128,-3.3
8.989,-0.0053,-0.0203,0.0,-0.0143,-3.4
8.99,-0.0046,-0.0263,-0.0015,-0.0128,-3.4
8.991,-0.0023,-0.033,-0.003,-0.0181,-3.4
8.992,-0.0008,-0.0368,-0.0053,-0.0308,-3.5
8.993,-0.0015,-0.027,-0.0053,-0.042,-3.5
8.994,-0.0023,-0.0165,-0.0083,-0.0473,-3.5
8.995,-0.0023,-0.0083,-0.0083,-0.0473,-3.6
8.996,0.0,0.0082,-0.0083,-0.0338,-3.6
8.997,-0.0008,0.0457,-0.0091,-0.0008,-3.6
8.998,0.0007,0.0787,-0.0053,0.048,-3.6
8.999,0.003,0.0817,-0.0023,0.0825,-3.7
9.0,0.0045,0.069,-0.0015,0.0847,-3.8
9.001,0.0045,0.0592,-0.0015,0.0682,-3.8
9.002,0.0022,0.033,-0.0053,0.0487,-3.8
9.003,0.0015,-0.0083,-0.0068,0.0465,-3.8
9.004,0.0007,-0.0181,-0.0075,0.0157,-3.8
9.005,0.0015,-0.0098,-0.0091,-0.021,-3.8
9.006,0.0,-0.0068,-0.0098,-0.0135,-3.8
9.007,0.0007,0.006,-0.012,-0.0173,-3.8
9.008,-0.0015,-0.0068,-0.012,-0.003,-3.9
9.009,-0.0053,-0.0135,-0.012,0.0165,-3.9
9.01,-0.003,-0.0008,-0.012,0.051,-3.9
9.011,-0.0015,0.0255,-0.0105,0.0907,-3.9
9.012,-0.0015,0.0442,-0.0098,0.0532,-3.9
9.013,-0.0015,0.009,-0.0091,-0.0091,-4.0
9.014,-0.003,-0.0068,-0.0083,-0.0181,-4.0
9.015,0.0007,-0.0105,-0.0038,-0.0203,-4.0
9.016,-0.0008,-0.0143,-0.0023,-0.0218,-4.0
9.017,-0.0015,-0.012,-0.003,-0.0188,-4.0
9.018,0.0,-0.0165,-0.0023,-0.0233,-4.0
9.019,-0.0015,-0.012,-0.003,-0.0165,-4.1
9.02,-0.0023,-0.0158,-0.0015,-0.0165,-4.1
9.021,-0.0015,-0.012,-0.003,-0.015,-4.1
9.022,-0.0015,-0.0091,-0.003,-0.0135,-4.1
9.023,-0.0008,-0.0105,-0.003,-0.0113,-4.1
9.024,-0.0008,-0.0068,-0.003,-0.0068,-4.1
9.025,-0.0008,-0.012,-0.0008,-0.0053,-4.1
9.026,0.0,-0.0113,0.0,0.0015,-4.1
9.027,-0.0008,-0.0128,0.0007,0.009,-4.1
9.028,-0.0008,-0.012,0.0007,0.006,-4.1
9.029,-0.0008,-0.0083,-0.0008,-0.0023,-4.1
9.03,-0.0008,-0.006,0.0,0.003,-4.1
9.031,0.0,-0.0083,0.0015,0.0037,-4.1
9.032,0.0015,-0.0068,0.0015,0.0007,-4.1
9.033,0.0022,-0.003,0.003,-0.0083,-4.1
9.034,0.0015,-0.0068,0.003,-0.0218,-4.1
9.035,0.0015,-0.0128,0.0,-0.0361,-4.1
9.036,0.003,-0.0158,0.0,-0.0323,-4.1
9.037,0.0007,-0.015,0.0,-0.0083,-4.1
9.038,0.0,-0.0068,0.0007,-0.0128,-4.1
9.039,0.0022,0.003,-0.0008,-0.0233,-4.1
9.04,0.0022,0.006,-0.0008,-0.0158,-4.1
9.041,0.0015,0.009,-0.0015,-0.0015,-4.1
9.042,0.0015,0.0195,-0.003,0.0157,-4.1
9.043,0.0015,0.0307,0.0,0.0345,-4.1
9.044,-0.0015,0.0315,0.0007,0.063,-4.1
9.045,-0.003,0.018,0.0015,0.0765,-4.1
9.046,0.0,0.0007,0.0022,0.048,-4.1
9.047,0.0015,-0.0113,0.003,0.0022,-4.1
9.048,0.0007,-0.0143,0.003,-0.0143,-4.1
9.049,0.0,-0.0128,0.003,-0.0218,-4.1
9.05,0.0015,-0.0158,0.006,-0.0158,-4.1
9.051,0.003,-0.0128,0.0067,0.0007,-4.1
9.052,0.0,-0.0091,0.0075,0.0277,-4.1
9.053,-0.0023,-0.0083,0.0015,0.051,-4.1
9.054,-0.0023,-0.0046,0.0007,0.03,-4.1
9.055,-0.003,0.0142,0.0037,0.0052,-4.1
9.056,-0.0015,0.0232,0.003,-0.012,-4.1
9.057,-0.0023,0.0015,0.0015,-0.0053,-4.1
9.058,-0.003,-0.0083,0.0015,0.027,-4.2
9.059,-0.0046,-0.0135,0.0007,0.0307,-4.2
9.06,-0.0053,-0.0165,-0.0008,0.0045,-4.2
9.061,-0.003,-0.0105,-0.0008,-0.0113,-4.2
9.062,-0.0023,-0.0128,-0.0015,-0.0068,-4.2
9.063,-0.003,-0.0091,-0.0023,-0.0135,-4.2
9.064,-0.0038,-0.012,-0.003,-0.039,-4.3
9.065,-0.0046,-0.0113,-0.003,-0.057,-4.3
9.066,-0.0015,-0.0038,-0.0008,-0.0623,-4.3
9.067,0.0007,-0.006,-0.0008,-0.054,-4.3
9.068,0.0,-0.0053,0.0,-0.033,-4.3
9.069,-0.0008,-0.0015,0.0015,-0.0068,-4.4
9.07,-0.0023,-0.0046,0.0022,0.0015,-4.4
9.071,-0.003,-0.0053,0.0007,0.0045,-4.4
9.072,-0.0038,0.0105,0.0022,0.0255,-4.4
9.073,-0.0008,0.0142,0.0037,0.0532,-4.4
9.074,-0.0008,-0.0075,0.0037,0.0802,-4.5
9.075,-0.0015,-0.0158,0.003,0.0735,-4.5
9.076,-0.0008,-0.0181,0.003,0.03,-4.5
9.077,-0.0015,-0.0263,0.006,0.0007,-4.5
9.078,-0.0015,-0.0233,0.0067,-0.003,-4.5
9.079,-0.0015,-0.027,0.0067,-0.0091,-4.5
9.08,-0.0023,-0.0308,0.0067,-0.0143,-4.6
9.081,-0.0015,-0.027,0.0045,-0.0091,-4.6
9.082,0.0,-0.0218,0.0052,-0.0075,-4.6
9.083,0.0015,-0.0128,0.0067,-0.0135,-4.6
9.084,0.0015,-0.0068,0.0045,-0.0143,-4.6
9.085,0.0037,0.0037,0.0045,-0.015,-4.6
9.086,0.0037,0.03,0.0045,-0.0165,-4.6
9.087,0.0007,0.0412,0.003,-0.0135,-4.6
9.088,0.0015,0.0337,0.0037,-0.006,-4.7
9.089,0.0045,0.0382,0.0082,0.0015,-4.7
9.09,0.003,0.0105,0.009,-0.0008,-4.7
9.091,-0.0008,-0.0091,0.0075,0.0007,-4.7
9.092,-0.0015,-0.0113,0.0045,-0.0008,-4.7
9.093,-0.0015,-0.0195,0.003,-0.003,-4.8
9.094,-0.0046,-0.012,0.0037,-0.0023,-4.8
9.095,-0.0053,-0.0165,0.003,-0.0038,-4.8
9.096,-0.003,-0.003,0.0015,0.0,-4.8
9.097,-0.0008,0.0255,0.0015,0.0082,-4.8
9.098,0.0015,0.0412,0.003,0.0112,-4.8
9.099,0.0045,0.0262,0.003,-0.0008,-4.9
9.1,0.0045,0.0345,0.0015,0.0007,-4.9
9.101,0.0,0.039,0.003,0.0052,-4.9
9.102,0.0007,0.0007,0.003,0.0082,-4.9
9.103,0.0015,0.0037,0.003,0.009,-4.9
9.104,0.0,-0.0113,0.003,0.006,-4.9
9.105,0.0007,-0.0181,0.0007,0.0112,-4.9
9.106,0.0015,-0.0068,-0.0008,0.0112,-4.9
9.107,0.003,-0.0083,-0.0015,0.0082,-4.9
9.108,0.0015,-0.0091,-0.003,0.0022,-4.9
9.109,-0.0008,-0.0218,-0.0038,-0.0008,-4.9
9.11,-0.0008,-0.0195,-0.0023,0.0015,-4.9
9.111,-0.0023,-0.0256,-0.0015,0.0022,-4.9
9.112,-0.0008,-0.0165,-0.0015,0.003,-4.9
9.113,-0.0008,0.0015,0.0,0.0037,-4.9
9.114,-0.0015,0.027,-0.0015,0.009,-4.9
9.115,-0.0023,0.0337,-0.0015,0.0135,-4.9
9.116,-0.0023,0.0165,-0.0008,0.0277,-4.9
9.117,-0.0038,0.0277,-0.0015,0.0412,-4.9
9.118,-0.0046,0.0277,-0.0008,0.0232,-4.9
9.119,-0.003,0.0052,-0.0015,0.003,-4.9
9.12,-0.0015,0.009,-0.0015,-0.0091,-5.0
9.121,-0.0008,0.0127,-0.0008,-0.0233,-5.0
9.122,0.0007,-0.0008,0.0,-0.0256,-5.0
9.123,0.0007,-0.0015,0.0,-0.0338,-5.0
9.124,-0.0008,-0.0068,-0.0008,-0.042,-5.0
9.125,0.0,-0.0046,-0.0008,-0.0346,-5.0
9.126,-0.0008,-0.0083,-0.0008,-0.0091,-5.0
9.127,-0.0015,-0.0083,0.0007,0.0097,-5.0
9.128,0.0015,-0.0023,0.0007,0.0105,-5.0
9.129,0.0007,-0.0075,0.0037,0.0135,-5.0
9.13,0.0007,-0.0053,0.0067,0.0082,-5.0
9.131,0.0015,-0.0098,0.0052,0.006,-5.0
9.132,0.0007,-0.0083,0.0037,0.0045,-5.0
9.133,-0.0008,-0.0091,0.0015,0.0015,-5.0
9.134,-0.0008,-0.0113,0.0007,-0.0008,-5.0
9.135,-0.0023,-0.0128,0.0015,-0.0128,-5.0
9.136,-0.003,-0.015,0.0015,-0.0233,-5.0
9.137,-0.0038,-0.0075,0.0022,-0.0203,-5.0
9.138,-0.0038,-0.006,0.0,-0.012,-5.0
9.139,-0.003,-0.0075,-0.0015,-0.0046,-5.0
9.14,-0.0046,-0.0098,-0.0015,0.0045,-5.0
9.141,-0.0053,-0.0083,-0.0015,0.0082,-5.0
9.142,-0.0023,-0.0046,0.0,0.0195,-5.0
9.143,0.0,-0.0038,0.0015,0.0352,-5.0
9.144,0.0,-0.0008,0.0007,0.0502,-5.0
9.145,0.0,0.0007,0.0015,0.069,-5.0
9.146,-0.0015,-0.0038,0.0007,0.072,-5.0
9.147,-0.0023,-0.0046,-0.0008,0.0277,-5.0
9.148,-0.0015,-0.0008,-0.0008,-0.0068,-5.0
9.149,0.0,-0.0015,-0.0008,-0.0053,-5.0
9.15,-0.0008,-0.006,0.0007,-0.0128,-5.0
9.151,-0.0015,-0.0091,-0.0015,-0.012,-5.0
9.152,0.0007,-0.0091,-0.0038,-0.0143,-5.0
9.153,0.0022,-0.0105,-0.003,-0.0158,-5.0
9.154,0.0015,-0.0091,-0.0038,-0.0068,-5.0
9.155,0.0015,-0.003,-0.003,0.003,-5.0
9.156,0.0007,-0.0008,-0.003,0.0022,-5.0
9.157,-0.0008,0.0007,-0.0015,-0.0008,-5.0
9.158,0.0,0.0045,0.0015,0.0135,-5.0
9.159,-0.0008,0.0097,0.0007,0.0217,-5.0
9.16,-0.0008,0.0067,0.0015,0.0195,-5.0
9.161,0.0,0.0015,0.0022,0.0022,-5.0
9.162,-0.0008,0.0,0.0007,-0.0203,-5.0
9.163,-0.0015,-0.0083,0.0022,-0.0346,-5.0
9.164,-0.0015,-0.012,0.0007,-0.03,-5.0
9.165,-0.0023,-0.015,0.0015,-0.024,-5.0
9.166,-0.003,-0.0188,0.0015,-0.042,-5.0
9.167,-0.003,-0.0165,0.0007,-0.048,-5.0
9.168,-0.0008,-0.0143,0.003,-0.033,-5.0
9.169,0.0015,-0.0143,0.003,-0.0195,-5.0
9.17,0.0007,-0.0165,0.0037,-0.0091,-5.0
9.171,0.0015,-0.0105,0.003,0.0007,-5.0
9.172,0.003,0.012,0.003,0.0157,-5.0
9.173,0.0022,0.0247,0.0045,0.0285,-5.0
9.174,0.0052,0.0202,0.0045,0.0397,-5.0
9.175,0.003,0.0127,0.0052,0.0495,-5.0
9.176,0.0007,0.0,0.003,0.0592,-5.0
9.177,0.0015,-0.006,0.003,0.0532,-5.0
9.178,0.0007,-0.0023,0.0045,0.018,-5.0
9.179,-0.0015,-0.0046,0.0037,0.0082,-5.0
9.18,-0.0015,-0.0053,0.0037,0.0052,-5.1
9.181,-0.0008,-0.006,0.0045,-0.0068,-5.1
9.182,-0.0015,-0.0038,0.0067,-0.0068,-5.1
9.183,-0.0015,-0.0053,0.0052,-0.0128,-5.1
9.184,-0.0046,-0.0083,0.0037,-0.0158,-5.1
9.185,-0.003,-0.0015,0.0052,-0.0143,-5.1
9.186,-0.0008,-0.0008,0.003,-0.0128,-5.1
9.187,-0.0015,-0.0046,0.0045,-0.0091,-5.1
9.188,-0.0015,-0.0083,0.0037,-0.0053,-5.1
9.189,-0.0046,-0.0083,0.0015,-0.0023,-5.1
9.19,-0.0053,-0.0083,-0.0008,-0.0046,-5.1
9.191,-0.0023,-0.0091,-0.003,-0.0053,-5.1
9.192,-0.0015,-0.0038,0.0,-0.0083,-5.1
9.193,-0.0015,-0.0008,0.0,-0.006,-5.1
9.194,-0.0015,-0.0015,-0.0015,-0.0015,-5.1
9.195,-0.0015,-0.0008,-0.003,-0.0023,-5.1
9.196,-0.0023,0.003,-0.0008,-0.0015,-5.1
9.197,-0.0008,0.0037,-0.0015,-0.0008,-5.1
9.198,-0.0015,0.0007,-0.0053,0.0015,-5.1
9.199,-0.003,0.0022,-0.0053,0.0015,-5.1
9.2,-0.0023,0.0045,-0.0053,-0.0008,-5.1
9.201,-0.003,0.0045,-0.006,0.0,-2.9
9.202,-0.003,-0.0015,-0.0053,-0.003,-0.8
9.203,-0.0023,-0.0053,-0.0053,-0.0068,1.3
9.204,-0.0015,0.0,-0.0046,-0.0053,3.5
9.205,-0.0008,0.0007,-0.0023,-0.0068,5.6
9.206,-0.0015,-0.0068,-0.003,-0.0105,7.7
9.207,-0.0015,-0.0068,-0.0015,-0.0113,9.9
9.208,0.0007,-0.0046,0.0015,-0.0091,12.0
9.209,0.0015,0.0007,0.0007,-0.0023,14.2
9.21,0.0,0.0157,0.0015,0.021,16.3
9.211,0.0007,0.0165,0.0045,0.054,18.4
9.212,0.0,-0.0068,0.003,0.0735,20.6
9.213,0.0,-0.0158,0.0045,0.0645,22.7
9.214,0.0,-0.0143,0.0045,0.0307,24.9
9.215,-0.0015,-0.0158,0.0045,0.0037,27.0
9.216,-0.0015,-0.0091,0.003,-0.0046,29.2
9.217,-0.0008,0.0195,0.0022,-0.0128,31.3
9.218,0.003,0.0562,0.0045,-0.0203,33.4
9.219,0.0052,0.051,0.003,-0.0256,35.5
9.22,0.0022,0.0195,0.0015,-0.0233,37.7
9.221,0.0015,-0.0015,0.003,-0.0113,37.7
9.222,0.0007,-0.0091,0.0037,-0.0083,37.7
9.223,0.0,-0.0098,0.0007,-0.0068,37.7
9.224,0.0,-0.0105,0.003,-0.0053,37.7
9.225,-0.0015,-0.0105,0.003,-0.0046,37.7
9.226,0.0007,0.0,0.0022,0.0045,37.7
9.227,,,,,37.7
9.228,,,,,37.7
9.229,,,,,37.7
9.23,,,,,37.7
9.231,,,,,37.7
9.232,,,,,37.7
9.233,,,,,37.7
9.234,,,,,37.7
9.235,,,,,37.7
9.236,,,,,37.7
9.237,,,,,37.7
9.238,,,,,37.7
9.239,,,,,37.7
9.24,,,,,
