Time_s,RF,BF,VM,ST,FX
0.0,-0.003,0.0007,0.0045,-0.0046,43.7
0.001,-0.0015,0.0022,0.0022,-0.0038,43.8
0.002,-0.0008,0.0045,0.0,-0.003,43.9
0.003,0.0,0.0067,0.0015,-0.0038,43.9
0.004,0.0007,0.0067,0.0,-0.003,44.0
0.005,0.0007,0.0052,-0.0015,-0.0015,44.1
0.006,0.0015,0.0015,-0.0015,-0.0023,44.1
0.007,0.0015,-0.0046,0.0015,-0.0046,44.1
0.008,0.0,-0.0105,0.0022,-0.003,44.2
0.009,0.0007,-0.0113,0.0015,-0.003,44.3
0.01,-0.0008,-0.0075,0.0007,-0.0015,44.3
0.011,0.0,0.0,-0.0015,-0.003,44.4
0.012,0.0,0.003,0.0007,-0.0023,44.5
0.013,-0.0015,0.0045,0.0015,0.0,44.5
0.014,-0.0008,0.006,0.0037,0.0015,44.5
0.015,-0.0015,0.0052,0.006,0.0015,44.6
0.016,-0.0008,0.0067,0.0075,0.0015,44.7
0.017,0.0,0.009,0.006,0.0007,44.7
0.018,-0.0008,0.0105,0.003,-0.0008,44.8
0.019,-0.0008,0.009,0.003,0.0015,44.9
0.02,-0.0015,0.0067,0.0037,0.0022,44.9
0.021,-0.0008,0.0045,0.0045,0.0022,44.9
0.022,0.0007,0.0045,0.003,0.0015,45.0
0.023,0.0007,0.0052,0.0037,0.0007,45.0
0.024,-0.0008,0.003,0.003,0.0007,45.0
0.025,-0.0015,-0.0008,0.003,0.0015,45.0
0.026,-0.0015,-0.0038,0.0045,0.0007,45.0
0.027,0.0,-0.006,0.0045,-0.0008,45.0
0.028,0.0007,-0.0105,0.0045,-0.003,45.1
0.029,0.0007,-0.015,0.0037,-0.0046,45.1
0.03,-0.0008,-0.0165,0.0007,-0.0046,45.1
0.031,0.0007,-0.012,-0.0008,-0.0053,45.1
0.032,0.0015,-0.0083,-0.0008,-0.0068,45.1
0.033,0.0,-0.0068,-0.0008,-0.0083,45.2
0.034,0.0007,-0.0038,-0.0008,-0.0075,45.2
0.035,0.0022,0.0015,-0.0015,-0.0053,45.2
0.036,0.0015,0.0045,-0.0015,-0.0068,45.2
0.037,0.0015,0.006,-0.0023,-0.0053,45.3
0.038,0.0015,0.0082,-0.0015,-0.0053,45.3
0.039,0.0007,0.0105,-0.003,-0.0068,45.3
0.04,0.0,0.012,-0.003,-0.0068,45.3
0.041,-0.0008,0.0105,-0.003,-0.0083,45.3
0.042,0.0,0.0097,-0.003,-0.0075,45.3
0.043,-0.0015,0.0105,-0.0008,-0.0068,45.3
0.044,-0.0015,0.0105,-0.0015,-0.0075,45.3
0.045,-0.0008,0.012,-0.0038,-0.0075,45.2
0.046,-0.0008,0.0097,-0.0038,-0.0083,45.2
0.047,-0.0015,0.003,-0.0023,-0.0083,45.2
0.048,-0.0008,-0.0015,-0.0015,-0.006,45.1
0.049,-0.0008,-0.0008,-0.0008,-0.0053,45.1
0.05,-0.0023,-0.0046,0.0007,-0.0038,45.1
0.051,-0.003,-0.0068,0.0015,-0.0015,45.0
0.052,-0.0015,-0.0053,0.0015,-0.0015,45.0
0.053,-0.003,-0.0046,0.0015,-0.0008,45.0
0.054,-0.0053,-0.003,-0.0008,0.0015,45.0
0.055,-0.0046,0.0,0.0007,0.0007,45.0
0.056,-0.0038,0.0022,0.0022,-0.0015,44.9
0.057,-0.0038,0.0015,0.0015,-0.0015,44.9
0.058,-0.0046,0.003,0.003,-0.0015,44.9
0.059,-0.0046,0.0052,0.003,-0.0008,44.9
0.06,-0.0053,0.006,0.003,0.0007,44.8
0.061,-0.0053,0.003,0.0007,0.0015,44.8
0.062,-0.0053,0.0037,-0.0015,0.0015,44.7
0.063,-0.0046,0.0052,-0.0023,-0.0008,44.6
0.064,-0.0038,0.0052,-0.0038,-0.0015,44.5
0.065,-0.0023,0.0052,-0.0015,-0.0015,44.5
0.066,-0.003,0.0052,-0.0008,-0.0023,44.4
0.067,-0.0038,0.0082,-0.0008,-0.0008,44.4
0.068,-0.0038,0.009,-0.003,-0.0008,44.3
0.069,-0.003,0.0075,-0.0015,-0.0008,44.2
0.07,-0.0038,0.0045,-0.0008,-0.0008,44.1
0.071,-0.0053,0.0022,-0.0023,0.0,44.1
0.072,-0.0046,0.0052,-0.0008,0.0015,44.1
0.073,-0.0038,0.0052,-0.0008,0.0007,44.0
0.074,-0.0053,0.0067,-0.0015,0.0,43.9
0.075,-0.0046,0.0075,-0.0008,0.0022,43.8
0.076,-0.003,0.0075,-0.0015,0.003,43.8
0.077,-0.003,0.0097,-0.0046,0.003,43.7
0.078,-0.0015,0.0142,-0.0053,0.003,43.6
0.079,-0.0023,0.012,-0.003,0.003,43.6
0.08,-0.003,0.009,-0.0023,0.003,43.5
0.081,-0.0015,0.0112,0.0007,0.0022,43.4
0.082,-0.0015,0.009,0.0015,0.003,43.3
0.083,-0.0008,0.009,0.0007,0.0037,43.2
0.084,0.0,0.009,0.0015,0.0037,43.2
0.085,0.0,0.0082,0.0022,0.0015,43.1
0.086,-0.0008,0.0067,0.0022,0.003,43.0
0.087,0.0,0.0037,0.0022,0.0037,42.9
0.088,0.0015,0.0045,0.0022,0.0045,42.8
0.089,0.0007,0.003,0.0015,0.0037,42.7
0.09,0.0015,-0.0015,0.0022,0.0045,42.7
0.091,-0.0015,0.0007,0.0045,0.006,42.6
0.092,-0.0008,0.0022,0.0052,0.0037,42.5
0.093,-0.0015,0.0007,0.0052,0.0045,42.4
0.094,-0.0046,-0.0015,0.0037,0.003,42.3
0.095,-0.003,-0.0023,0.0007,0.0022,42.3
0.096,-0.003,-0.003,0.0,0.003,42.2
0.097,-0.0046,-0.0046,-0.0008,0.0015,42.1
0.098,-0.0046,-0.0053,-0.0008,0.0007,42.0
0.099,-0.0046,-0.003,0.0015,0.0,41.9
0.1,-0.0053,-0.003,0.0007,0.0007,41.8
0.101,-0.0046,-0.0046,0.003,-0.003,41.7
0.102,-0.0015,-0.0046,0.0015,-0.0046,41.6
0.103,-0.003,-0.0046,0.0015,-0.003,41.5
0.104,-0.003,-0.0083,0.0007,-0.0046,41.4
0.105,-0.0015,-0.0105,0.0007,-0.0053,41.3
0.106,0.0,-0.0091,0.0,-0.0046,41.1
0.107,0.0015,-0.0083,0.0,-0.0046,41.0
0.108,0.0007,-0.0091,0.0,-0.0046,40.9
0.109,0.0,-0.0098,-0.0015,-0.003,40.8
0.11,0.0,-0.0098,-0.0008,-0.003,40.7
0.111,0.0007,-0.0091,0.0007,-0.003,40.5
0.112,0.0007,-0.0083,-0.0008,-0.0038,40.5
0.113,0.0007,-0.0083,-0.0015,-0.0023,40.3
0.114,0.0022,-0.0091,-0.003,-0.003,40.2
0.115,0.0015,-0.0113,-0.0008,-0.0053,40.1
0.116,0.0,-0.0158,-0.0015,-0.0053,40.0
0.117,-0.0008,-0.0181,-0.0008,-0.0046,39.9
0.118,-0.0015,-0.0188,0.0,-0.0046,39.7
0.119,-0.0015,-0.0195,0.0007,-0.0046,39.6
0.12,-0.003,-0.0203,0.0015,-0.003,39.5
0.121,-0.0046,-0.0225,0.0007,-0.0053,39.3
0.122,-0.003,-0.0195,0.0015,-0.006,39.2
0.123,-0.003,-0.0181,0.0007,-0.0038,39.0
0.124,-0.0015,-0.0143,0.0015,-0.0046,38.8
0.125,-0.003,-0.0083,0.0007,-0.0015,38.6
0.126,-0.0015,-0.003,-0.003,-0.0015,38.5
0.127,-0.0008,0.003,-0.0046,-0.0015,38.3
0.128,-0.0015,-0.0015,-0.0068,-0.0008,38.2
0.129,0.0007,-0.0158,-0.0068,-0.003,38.0
0.13,0.0,-0.0128,-0.006,-0.0046,37.8
0.131,-0.0015,-0.0143,-0.0053,-0.0053,37.7
0.132,-0.003,-0.0165,-0.0053,-0.0023,37.5
0.133,-0.003,-0.0053,-0.0053,0.0,37.3
0.134,-0.0008,-0.0083,-0.006,-0.0008,37.2
0.135,-0.0008,-0.012,-0.006,0.0,37.0
0.136,-0.0015,-0.0098,-0.0053,-0.0008,36.9
0.137,-0.0015,-0.0083,-0.003,0.0015,36.7
0.138,-0.0008,-0.006,-0.0023,0.0067,36.5
0.139,-0.0015,0.0105,-0.0008,0.0105,36.4
0.14,-0.0023,0.0202,0.0,0.0135,36.1
0.141,-0.0046,0.0007,-0.0015,0.0045,36.0
0.142,-0.0046,-0.0158,-0.0023,-0.0008,35.7
0.143,-0.0038,-0.0128,-0.0015,0.0,35.5
0.144,-0.0038,-0.0091,0.0007,-0.0046,35.3
0.145,-0.0046,-0.0105,0.0007,-0.003,35.1
0.146,-0.0053,-0.0143,0.003,-0.003,34.9
0.147,-0.0046,-0.0158,0.0015,-0.003,34.6
0.148,-0.0046,-0.0256,0.0007,-0.0053,34.5
0.149,-0.0053,-0.042,0.0,-0.0091,34.2
0.15,-0.006,-0.0458,0.0,-0.0083,34.0
0.151,-0.0053,-0.0405,0.0007,-0.0046,33.8
0.152,-0.0038,-0.0285,-0.0008,0.0007,33.6
0.153,-0.0046,0.0022,0.0,0.0045,33.4
0.154,-0.0038,0.039,0.0007,0.0052,33.2
0.155,-0.0015,0.0367,0.0037,0.0045,32.9
0.156,0.0015,0.0802,0.0045,0.0075,32.7
0.157,0.003,0.1537,0.003,0.0127,32.5
0.158,0.0022,0.0952,0.0045,0.003,32.3
0.159,0.003,0.0097,0.003,-0.0113,32.1
0.16,0.0007,0.0,0.003,-0.0091,31.8
0.161,0.0007,0.0105,0.0045,-0.0038,31.6
0.162,0.0,0.0,0.0037,-0.0046,31.4
0.163,-0.003,-0.0038,0.003,-0.0083,31.1
0.164,-0.0015,-0.0091,0.0007,-0.0135,30.9
0.165,-0.0008,-0.0143,-0.0008,-0.0165,30.6
0.166,-0.0008,-0.0105,0.0015,-0.0158,30.4
0.167,-0.0015,-0.006,0.003,-0.0143,30.2
0.168,-0.0015,0.003,0.0045,-0.0083,29.9
0.169,-0.0015,0.0127,0.0037,0.0015,29.7
0.17,0.0015,0.048,0.003,0.0067,29.4
0.171,0.0022,0.0705,0.0037,0.009,29.2
0.172,0.0015,0.0382,0.0007,0.0165,29.0
0.173,0.0015,-0.0068,-0.0015,0.0202,28.7
0.174,-0.0008,-0.0278,-0.0015,0.009,28.5
0.175,-0.003,-0.0068,-0.0008,-0.0015,28.3
0.176,-0.003,0.0465,-0.0008,0.0015,28.0
0.177,-0.0023,0.0577,-0.0008,0.003,27.8
0.178,-0.0008,0.0172,-0.0015,0.0,27.5
0.179,-0.0015,0.0007,-0.0023,0.0037,27.3
0.18,-0.0015,0.0052,-0.0015,0.0045,27.0
0.181,-0.003,-0.0053,-0.0015,0.0022,26.8
0.182,-0.0046,-0.027,0.0,0.0075,26.5
0.183,-0.0023,-0.0383,0.0015,0.006,26.3
0.184,0.0,-0.0518,0.0022,-0.003,26.0
0.185,0.003,-0.1013,0.003,-0.015,25.7
0.186,0.0015,-0.1343,0.0,-0.0173,25.5
0.187,0.0007,-0.1178,-0.0023,-0.0023,25.2
0.188,0.0,-0.063,-0.0015,0.009,25.0
0.189,-0.0023,-0.0158,0.0,0.021,24.7
0.19,-0.003,-0.0158,0.0022,0.018,24.4
0.191,-0.0046,-0.0293,0.0045,0.012,24.2
0.192,-0.0038,0.0322,0.0045,0.0285,23.9
0.193,-0.003,0.2017,0.0045,0.0292,23.7
0.194,-0.0046,0.249,0.0015,0.0052,23.4
0.195,-0.006,0.1087,-0.003,-0.0248,23.1
0.196,-0.0053,-0.0098,-0.0046,-0.027,22.9
0.197,0.0007,-0.0225,-0.0046,-0.0248,22.6
0.198,0.003,0.0202,-0.003,-0.024,22.4
0.199,0.0007,0.0165,-0.003,-0.0128,22.1
0.2,-0.003,-0.0533,-0.0015,-0.0158,21.8
0.201,-0.0083,-0.0878,-0.0008,-0.0113,21.6
0.202,-0.0075,-0.075,-0.0015,0.003,21.3
0.203,0.0015,0.0337,-0.0015,0.0225,21.1
0.204,0.0082,0.1447,-0.0015,0.0262,20.9
0.205,0.0105,0.0877,-0.0038,0.0195,20.6
0.206,0.0127,0.0097,-0.0046,0.0045,20.4
0.207,0.0067,-0.0346,-0.0068,-0.0128,20.2
0.208,-0.0008,-0.0353,-0.0053,-0.0068,19.9
0.209,-0.003,0.0225,-0.0046,-0.0128,19.7
0.21,-0.0083,-0.0008,-0.0053,-0.0203,19.4
0.211,-0.0083,-0.048,-0.0023,-0.0181,19.2
0.212,-0.0053,-0.0593,-0.0015,-0.015,18.9
0.213,-0.0015,-0.0293,0.003,-0.0068,18.7
0.214,0.0007,-0.012,0.0067,0.0007,18.5
0.215,-0.003,-0.0405,0.0045,0.0082,18.2
0.216,-0.0083,-0.0308,0.0067,0.0075,18.0
0.217,-0.0046,-0.0368,0.006,-0.0135,17.8
0.218,-0.003,-0.057,0.0045,-0.0353,17.5
0.219,-0.0083,-0.0398,0.0045,-0.0308,17.3
0.22,-0.0083,0.021,0.003,-0.0015,17.0
0.221,-0.0113,0.0082,0.003,0.0075,16.8
0.222,-0.0135,-0.0765,0.0045,-0.003,16.6
0.223,-0.0105,-0.0285,0.0082,0.0082,16.4
0.224,-0.0068,0.0675,0.009,0.0307,16.2
0.225,-0.0068,0.129,0.0105,0.0465,16.0
0.226,-0.0068,0.0952,0.0075,0.0307,15.8
0.227,-0.0015,0.0615,0.003,0.006,15.6
0.228,0.0015,0.0607,0.0007,-0.0023,15.4
0.229,0.0015,-0.042,-0.0008,-0.006,15.2
0.23,0.0052,-0.0856,-0.0008,-0.0105,14.9
0.231,0.0082,-0.1335,-0.0015,-0.0158,14.8
0.232,0.0075,-0.1365,-0.003,-0.0053,14.5
0.233,0.003,-0.1073,-0.0053,-0.0105,14.4
0.234,0.0,-0.1103,-0.0053,-0.012,14.1
0.235,-0.0015,-0.0398,-0.0015,-0.0083,13.9
0.236,-0.0015,0.0502,-0.0008,-0.012,13.7
0.237,-0.0046,0.102,0.0007,-0.0135,13.5
0.238,-0.0068,0.0127,0.0037,-0.012,13.3
0.239,-0.0053,-0.0091,0.0075,-0.006,13.1
0.24,-0.0068,0.0157,0.0052,-0.0173,12.8
0.241,-0.012,-0.003,0.0007,-0.0256,12.7
0.242,-0.0105,-0.003,-0.0015,-0.0233,12.5
0.243,-0.0015,0.0037,-0.0068,-0.0068,12.3
0.244,0.0105,0.0772,-0.0091,0.018,12.2
0.245,0.0172,0.0637,-0.0098,0.0345,12.0
0.246,0.012,0.0157,-0.0091,0.0495,11.8
0.247,0.0052,0.006,-0.0098,0.054,11.7
0.248,0.0007,-0.0218,-0.0083,0.033,11.5
0.249,-0.003,-0.0765,-0.0046,0.0135,11.3
0.25,-0.0053,-0.0878,-0.0008,0.0112,11.1
0.251,-0.0053,-0.0353,0.0007,-0.0091,11.0
0.252,-0.0068,-0.0346,-0.0046,-0.0203,10.8
0.253,-0.0158,-0.0256,-0.0075,-0.0218,10.6
0.254,-0.0173,0.039,-0.0083,-0.0203,10.4
0.255,-0.0158,0.039,-0.0068,-0.0135,10.3
0.256,-0.0158,-0.0675,-0.0046,-0.012,10.1
0.257,-0.0135,-0.09,-0.003,-0.015,9.9
0.258,-0.0128,-0.0706,-0.0015,-0.0218,9.8
0.259,-0.0091,-0.0533,0.0007,-0.0195,9.6
0.26,-0.0046,0.0142,0.0037,-0.0188,9.4
0.261,0.0007,0.0712,0.0052,-0.0165,9.3
0.262,0.0067,0.1485,0.003,0.009,9.1
0.263,0.0127,0.153,0.0015,0.0307,9.0
0.264,0.0172,0.0975,0.003,0.0277,8.9
0.265,0.018,0.024,0.003,0.0315,8.7
0.266,0.0165,-0.024,0.0022,0.0337,8.6
0.267,0.0157,-0.0105,-0.0008,0.0247,8.5
0.268,0.0202,-0.003,0.0015,0.0165,8.3
0.269,0.0165,0.0172,0.0052,0.0067,8.2
0.27,0.0037,-0.0346,0.006,0.0045,8.0
0.271,-0.0083,-0.0691,0.0067,0.0045,7.9
0.272,-0.0143,0.006,0.0045,-0.0023,7.7
0.273,-0.0143,0.0765,-0.0008,-0.012,7.6
0.274,-0.0128,0.099,0.0,0.0007,7.5
0.275,-0.0105,0.0277,-0.0008,0.012,7.3
0.276,-0.012,-0.042,-0.003,0.0067,7.2
0.277,-0.0165,-0.0443,-0.003,-0.003,7.1
0.278,-0.0203,-0.0263,-0.003,-0.0008,6.9
0.279,-0.0233,-0.0105,-0.003,0.0067,6.8
0.28,-0.0195,-0.0256,-0.0023,-0.0068,6.6
0.281,-0.0113,-0.0293,-0.0008,-0.0091,6.6
0.282,-0.0038,-0.0098,0.0022,-0.003,6.4
0.283,0.009,0.0577,0.0045,-0.0015,6.3
0.284,0.0165,0.0945,0.0052,0.018,6.3
0.285,0.0105,0.0555,0.0067,0.024,6.1
0.286,-0.0023,-0.039,0.0067,-0.0188,6.0
0.287,-0.012,-0.1178,0.0045,-0.0413,5.9
0.288,-0.0075,-0.1305,0.0052,-0.0346,5.8
0.289,0.0007,-0.1335,0.006,-0.027,5.7
0.29,0.0165,-0.0143,0.0075,-0.0023,5.6
0.291,0.03,0.0787,0.009,0.0082,5.5
0.292,0.0127,0.0937,0.0127,0.0082,5.4
0.293,-0.0038,0.1455,0.018,0.0067,5.3
0.294,-0.0083,0.0862,0.0142,0.0105,5.2
0.295,-0.0128,0.06,0.003,0.0015,5.1
0.296,-0.0105,0.1177,-0.0053,-0.0165,4.9
0.297,-0.0128,0.0435,-0.012,-0.0218,4.9
0.298,-0.0195,-0.0773,-0.0181,-0.0308,4.8
0.299,-0.0098,-0.0413,-0.0195,-0.021,4.6
0.3,0.0105,0.0045,-0.0165,-0.0053,4.5
0.301,0.0067,0.03,-0.0143,0.0165,4.5
0.302,-0.0053,0.1125,-0.0165,0.0465,4.4
0.303,-0.0105,0.1515,-0.0173,0.0397,4.3
0.304,-0.0046,0.072,-0.0083,0.0052,4.3
0.305,0.0105,-0.0593,0.0052,-0.0195,4.2
0.306,0.0142,-0.0691,0.0082,-0.0443,4.1
0.307,0.0157,-0.1118,0.0015,-0.0608,4.0
0.308,0.0142,-0.1035,0.0007,-0.0503,4.0
0.309,0.0067,-0.0593,-0.0008,-0.0413,3.9
0.31,0.0045,-0.0758,-0.0053,-0.0353,3.8
0.311,0.003,-0.0953,-0.0068,-0.039,3.7
0.312,0.006,-0.1163,-0.0015,-0.033,3.7
0.313,0.0007,-0.0293,0.0075,-0.0053,3.6
0.314,-0.0015,0.0382,0.0127,0.0195,3.6
0.315,0.0015,0.0592,0.0157,0.0502,3.5
0.316,-0.0015,0.0525,0.0127,0.0637,3.4
0.317,-0.0075,0.0795,0.0052,0.063,3.3
0.318,-0.0158,0.1035,0.0015,0.0885,3.2
0.319,-0.0113,0.0577,0.0015,0.0802,3.2
0.32,-0.003,-0.0225,0.003,0.0405,3.1
0.321,0.0015,-0.0878,0.0022,0.012,3.1
0.322,0.0037,-0.0803,0.0007,-0.0023,3.1
0.323,-0.0098,-0.0915,0.0007,-0.0083,3.0
0.324,-0.0143,-0.1013,0.0007,-0.0203,3.0
0.325,0.0067,-0.0675,-0.0008,-0.0195,2.9
0.326,0.018,0.039,0.0015,-0.024,2.9
0.327,0.024,0.1237,0.0015,-0.0361,2.9
0.328,0.0195,0.0592,0.0007,-0.0436,2.8
0.329,-0.0008,-0.0181,0.0052,-0.0503,2.8
0.33,-0.0075,-0.0233,-0.0015,-0.039,2.8
0.331,-0.0128,-0.0495,-0.0105,-0.0225,2.7
0.332,-0.0181,-0.0578,-0.015,-0.003,2.7
0.333,-0.0165,-0.0263,-0.0098,0.021,2.7
0.334,-0.0098,0.012,-0.0008,0.0382,2.6
0.335,-0.0015,0.0765,0.0052,0.0495,2.6
0.336,-0.0015,0.1387,0.018,0.063,2.6
0.337,-0.006,0.093,0.0165,0.0502,2.6
0.338,-0.012,0.024,0.009,0.0142,2.5
0.339,-0.0105,0.0345,0.0067,-0.0008,2.5
0.34,-0.0158,-0.0083,-0.0015,-0.0091,2.4
0.341,-0.024,-0.0353,-0.0053,-0.021,2.5
0.342,-0.0225,-0.0465,-0.012,-0.0263,2.5
0.343,-0.012,-0.075,-0.0158,-0.0263,2.6
0.344,0.0142,-0.0518,-0.0181,-0.021,2.6
0.345,0.033,-0.0525,-0.0188,-0.0225,2.7
0.346,0.021,-0.0721,-0.0181,-0.033,2.7
0.347,0.003,-0.0975,-0.0188,-0.0353,2.8
0.348,-0.0068,-0.0833,-0.0195,-0.0181,2.8
0.349,0.0,-0.0158,-0.0293,0.0015,2.9
0.35,0.0135,0.042,-0.03,0.009,2.9
0.351,0.045,0.0442,-0.0188,0.0157,3.0
0.352,0.1117,0.0187,-0.003,0.0187,3.0
0.353,0.1162,0.057,0.009,0.0277,3.1
0.354,0.0382,0.0952,0.0112,0.0292,3.1
0.355,-0.0113,0.0795,0.012,0.018,3.2
0.356,-0.045,0.0255,0.0075,0.0217,3.2
0.357,-0.0728,0.0075,0.0202,0.006,3.3
0.358,-0.0893,-0.0008,0.027,-0.0091,3.3
0.359,-0.0893,-0.0135,0.021,0.0045,3.4
0.36,-0.054,0.0247,0.0195,0.0045,3.4
0.361,-0.0398,0.042,0.0067,0.0142,3.5
0.362,-0.033,-0.0233,0.0045,0.0165,3.6
0.363,-0.0173,-0.0856,0.0015,0.0082,3.6
0.364,-0.0008,-0.0653,-0.0105,0.0067,3.7
0.365,0.0127,-0.0893,-0.0203,-0.0053,3.8
0.366,0.03,-0.1006,-0.0181,-0.0285,3.9
0.367,0.0367,-0.0728,-0.0023,-0.0458,4.0
0.368,0.0105,-0.0368,0.012,-0.0315,4.0
0.369,-0.0263,0.084,0.0202,-0.015,4.1
0.37,-0.0458,0.1132,0.0135,-0.0023,4.2
0.371,-0.0428,0.0675,0.0,0.0045,4.3
0.372,-0.0285,0.1102,0.0022,0.009,4.4
0.373,-0.0015,0.0787,0.0082,0.009,4.5
0.374,0.0082,-0.0046,-0.0053,0.003,4.5
0.375,-0.0008,-0.0465,-0.0135,-0.0053,4.6
0.376,0.0,-0.1028,-0.0068,-0.0203,4.7
0.377,0.0037,-0.0675,0.0007,-0.0135,4.8
0.378,0.0052,-0.048,0.003,-0.0165,4.8
0.379,0.0,-0.0691,0.0007,-0.0315,4.9
0.38,0.0105,-0.057,0.0052,-0.0256,5.0
0.381,0.0307,-0.057,0.0082,-0.006,5.0
0.382,0.0442,-0.0383,0.018,0.009,5.1
0.383,0.0637,-0.0615,0.0142,0.0112,5.1
0.384,0.0637,-0.0825,0.0007,0.018,5.2
0.385,0.042,0.0082,0.009,0.0142,5.3
0.386,0.0067,0.1245,0.0082,0.021,5.3
0.387,-0.0293,0.168,-0.0038,0.0465,5.3
0.388,-0.0233,0.165,-0.0046,0.021,5.4
0.389,-0.0165,0.0495,-0.0015,-0.0608,5.4
0.39,-0.039,-0.135,-0.003,-0.1028,5.5
0.391,-0.057,-0.1913,0.0015,-0.0856,5.5
0.392,-0.0405,-0.15,0.0112,-0.0728,5.6
0.393,-0.0053,-0.0773,0.0165,-0.0743,5.6
0.394,0.0262,-0.0788,0.0262,-0.0563,5.7
0.395,0.0367,-0.0046,0.048,0.0022,5.8
0.396,0.0112,0.2917,0.0457,0.0667,5.8
0.397,-0.0083,0.4372,0.0127,0.1335,5.8
0.398,-0.0181,0.3165,-0.0083,0.156,5.9
0.399,-0.0233,0.1567,-0.027,0.0952,5.9
0.4,0.003,0.0202,-0.0436,0.0292,6.0
0.401,0.0555,-0.0533,-0.0436,0.0007,5.9
0.402,0.15,-0.0308,-0.0308,-0.0053,5.9
0.403,0.213,-0.039,-0.0128,-0.012,5.8
0.404,0.1087,-0.0653,-0.0158,-0.0143,5.7
0.405,-0.0225,-0.096,-0.0323,-0.021,5.6
0.406,-0.078,-0.1088,-0.0383,-0.0165,5.6
0.407,-0.1283,-0.1411,-0.0233,0.0007,5.5
0.408,-0.1253,-0.1785,-0.0023,-0.0008,5.4
0.409,-0.093,-0.1673,0.0195,-0.03,5.3
0.41,-0.0645,-0.147,0.042,-0.0323,5.3
0.411,-0.0615,-0.0578,0.0472,-0.0083,5.2
0.412,-0.0735,0.0315,0.045,0.0195,5.1
0.413,-0.0233,0.0727,0.0292,0.0382,5.0
0.414,0.039,0.2107,0.012,0.0352,4.9
0.415,0.0682,0.3195,0.0105,0.0292,4.9
0.416,0.0495,0.1147,0.024,0.0082,4.8
0.417,-0.0053,-0.0225,0.0315,0.003,4.7
0.418,-0.0533,-0.0165,0.024,0.003,4.6
0.419,-0.0533,-0.0938,0.0255,-0.0203,4.6
0.42,-0.0195,-0.1043,0.0225,-0.0428,4.5
0.421,-0.006,-0.0825,0.0015,-0.0578,4.5
0.422,0.003,-0.0293,-0.0083,-0.0488,4.4
0.423,0.0112,0.039,-0.0128,-0.0158,4.3
0.424,0.0202,0.0735,-0.0083,0.0165,4.3
0.425,0.0187,0.0795,-0.003,0.0397,4.2
0.426,-0.0038,0.0442,-0.0053,0.0517,4.1
0.427,-0.0165,0.0292,0.0165,0.0532,4.1
0.428,-0.027,0.069,0.0285,0.0487,4.0
0.429,-0.0105,0.024,0.0127,0.0315,4.0
0.43,0.0217,-0.0465,0.0067,0.0285,3.9
0.431,0.0195,-0.0338,0.0105,0.0322,3.9
0.432,-0.0128,-0.0346,0.0082,0.021,3.8
0.433,-0.0443,-0.0293,0.0105,0.0067,3.7
0.434,-0.0578,-0.0346,-0.0015,-0.0015,3.7
0.435,-0.0181,-0.0375,-0.0083,0.0,3.6
0.436,0.0292,-0.0353,0.0165,0.003,3.6
0.437,-0.0008,-0.033,0.027,0.0007,3.5
0.438,-0.0555,-0.0263,0.012,-0.003,3.5
0.439,-0.0818,-0.0323,-0.0165,-0.0053,3.4
0.44,-0.057,-0.024,-0.039,-0.0068,3.3
0.441,-0.0218,-0.0248,-0.027,-0.0128,3.4
0.442,-0.0218,-0.0218,-0.0218,-0.012,3.6
0.443,0.0022,-0.0143,-0.024,-0.0091,3.7
0.444,0.0307,-0.012,-0.0195,-0.0068,3.9
0.445,0.072,-0.0075,-0.0135,-0.0075,4.0
0.446,0.099,-0.0083,-0.0068,-0.0128,4.1
0.447,0.09,-0.015,-0.012,-0.0188,4.3
0.448,0.1155,-0.0158,-0.0105,-0.0218,4.4
0.449,0.108,-0.0188,-0.0105,-0.0225,4.5
0.45,0.0652,-0.0248,-0.0188,-0.0233,4.7
0.451,0.0202,-0.0181,-0.0256,-0.0278,4.9
0.452,-0.0165,-0.0113,-0.0315,-0.0293,5.0
0.453,-0.021,-0.0143,-0.0233,-0.0278,5.1
0.454,-0.0233,-0.0263,-0.0158,-0.024,5.3
0.455,-0.0053,-0.012,-0.006,-0.0023,5.4
0.456,-0.0068,0.0142,0.003,0.0105,5.5
0.457,-0.0188,0.0352,0.0007,0.0202,5.7
0.458,-0.0188,0.0555,-0.0098,0.0255,5.8
0.459,-0.0248,0.0577,-0.0203,0.018,6.0
0.46,-0.0181,0.0727,-0.0135,0.0315,6.1
0.461,-0.0195,0.0427,-0.0091,0.0292,6.3
0.462,-0.0181,-0.0068,-0.0053,-0.012,6.5
0.463,-0.012,-0.0413,-0.0053,-0.0495,6.7
0.464,-0.0135,-0.0788,-0.0128,-0.0473,6.8
0.465,-0.0023,-0.0346,-0.015,-0.03,7.0
0.466,0.0067,0.0592,-0.0181,-0.0046,7.2
0.467,0.0,0.0982,-0.0143,0.0232,7.3
0.468,-0.0008,0.0547,-0.0053,0.021,7.5
0.469,-0.0068,0.048,0.0045,0.0045,7.7
0.47,-0.012,0.0157,0.0015,-0.0091,7.9
0.471,-0.0008,-0.0436,-0.0046,-0.0008,8.0
0.472,0.0007,-0.0113,-0.0083,0.009,8.2
0.473,-0.0053,0.009,-0.0143,0.0165,8.4
0.474,-0.0098,-0.0083,-0.0218,0.0292,8.5
0.475,-0.0068,-0.0308,-0.0278,0.033,8.7
0.476,0.0022,-0.0173,-0.0285,0.0225,8.9
0.477,0.012,-0.0046,-0.0233,0.003,9.0
0.478,0.012,-0.0143,-0.0083,-0.0195,9.2
0.479,0.0022,-0.024,0.0037,-0.0353,9.4
0.48,0.0007,-0.0128,-0.0008,-0.033,9.6
0.481,0.0022,-0.0083,-0.0135,-0.0346,9.6
0.482,0.0037,-0.0135,-0.0248,-0.033,9.7
0.483,-0.003,-0.0098,-0.0233,-0.0308,9.7
0.484,0.0165,-0.0203,-0.0128,-0.0293,9.8
0.485,0.0772,-0.024,-0.0135,-0.0256,9.8
0.486,0.0855,-0.042,-0.0203,-0.0278,9.9
0.487,0.0382,-0.0383,-0.024,-0.0293,9.9
0.488,0.0,-0.0233,-0.0233,-0.0278,9.9
0.489,-0.0555,-0.0181,-0.0128,-0.0233,10.0
0.49,-0.1058,-0.0008,0.0022,-0.0248,10.1
0.491,-0.1193,0.0217,0.021,-0.0293,10.1
0.492,-0.1178,0.0622,0.0367,-0.024,10.2
0.493,-0.1148,0.0772,0.036,-0.021,10.2
0.494,-0.0743,0.0292,0.045,-0.024,10.3
0.495,0.0045,-0.024,0.0465,-0.0203,10.3
0.496,0.0315,-0.0338,0.0262,-0.012,10.3
0.497,0.024,-0.039,0.0052,-0.0068,10.4
0.498,0.0255,-0.0443,0.0022,-0.0015,10.4
0.499,0.0232,-0.0338,0.0315,0.0007,10.5
0.5,0.0397,0.048,0.0472,0.0015,10.5
0.501,0.036,0.1312,0.0427,0.0007,10.5
0.502,0.006,0.0285,0.0255,0.0045,10.4
0.503,-0.0165,-0.054,-0.003,0.0082,10.3
0.504,-0.027,-0.0233,-0.0105,0.0052,10.2
0.505,-0.0128,-0.045,-0.003,-0.0046,10.1
0.506,0.009,-0.0315,0.0082,-0.0105,10.0
0.507,0.0382,0.0022,0.0112,-0.0075,9.9
0.508,0.0585,0.0517,0.0015,-0.006,9.9
0.509,0.0457,0.0562,-0.0046,-0.0046,9.8
0.51,0.0202,-0.0105,-0.0158,-0.0068,9.7
0.511,0.0045,-0.0233,-0.024,-0.0075,9.6
0.512,0.0052,-0.0263,-0.0143,-0.003,9.5
0.513,0.009,-0.0203,0.0015,-0.0008,9.4
0.514,0.0052,-0.0181,0.009,0.003,9.4
0.515,0.0,-0.0218,0.0082,0.0052,9.3
0.516,-0.003,-0.0165,0.0105,0.006,9.2
0.517,-0.0068,-0.0225,0.0127,0.0015,9.1
0.518,-0.0105,-0.0203,0.0105,-0.0068,9.0
0.519,-0.0098,-0.0263,0.0052,-0.0053,8.9
0.52,-0.0113,-0.0165,0.0052,-0.003,8.8
0.521,-0.0105,-0.0046,0.0067,0.003,8.8
0.522,-0.0105,-0.0008,0.009,0.0217,8.7
0.523,-0.0098,0.0052,0.0105,0.0337,8.7
0.524,-0.003,-0.006,0.0067,0.0202,8.6
0.525,0.003,-0.03,0.0082,-0.0015,8.6
0.526,0.0045,-0.0458,0.0082,0.0015,8.5
0.527,0.0007,-0.0285,0.006,0.018,8.5
0.528,-0.0038,-0.0181,0.0052,0.0217,8.5
0.529,-0.0046,0.0045,0.0052,0.0382,8.4
0.53,-0.0023,0.0862,0.0067,0.0622,8.4
0.531,-0.0046,0.1552,0.0082,0.0712,8.4
0.532,-0.003,0.126,0.006,0.057,8.3
0.533,-0.0083,0.0547,0.0045,0.0375,8.3
0.534,-0.0181,0.0232,0.0037,0.0307,8.2
0.535,-0.0165,0.0052,0.0037,0.024,8.2
0.536,-0.012,-0.0046,0.0015,0.0142,8.1
0.537,-0.0075,-0.003,0.003,0.0007,8.1
0.538,-0.0091,0.0067,0.003,-0.0038,8.1
0.539,-0.0128,0.0292,-0.0008,0.0,8.0
0.54,-0.0075,0.0412,-0.0046,0.0105,7.9
0.541,0.003,0.0352,-0.0105,0.0187,7.9
0.542,0.0195,0.039,-0.0098,0.009,7.9
0.543,0.0262,0.0292,0.0045,0.0082,7.9
0.544,0.0105,0.0097,0.0105,0.0127,7.9
0.545,-0.0203,0.003,0.0067,0.0105,7.9
0.546,-0.0368,-0.0203,-0.0015,0.0127,7.9
0.547,-0.0158,-0.0346,-0.0068,0.0172,7.8
0.548,0.0097,-0.0248,-0.0068,0.0172,7.8
0.549,0.0075,-0.0188,-0.0075,0.012,7.8
0.55,0.003,-0.024,-0.0038,0.0045,7.8
0.551,-0.006,-0.024,-0.0015,0.0,7.8
0.552,-0.0075,-0.0203,-0.0046,-0.0038,7.7
0.553,0.0007,-0.0188,-0.0053,-0.0083,7.7
0.554,0.0082,-0.0143,-0.0038,-0.012,7.7
0.555,0.0157,-0.0165,0.0007,-0.0143,7.7
0.556,0.0045,-0.0105,0.0007,-0.012,7.7
0.557,-0.0046,-0.0046,-0.0023,-0.0098,7.6
0.558,0.0082,0.003,-0.003,-0.0113,7.6
0.559,0.0157,0.0142,-0.0046,-0.0128,7.6
0.56,-0.0068,0.0195,-0.0091,-0.0128,7.6
0.561,-0.0361,0.0195,-0.0128,-0.012,7.6
0.562,-0.0563,0.0172,-0.0135,-0.0091,7.7
0.563,-0.0578,0.0165,-0.012,-0.0068,7.7
0.564,-0.0293,0.0127,-0.0091,-0.0083,7.8
0.565,-0.0098,0.0112,-0.0105,-0.0128,7.9
0.566,0.0015,0.0097,-0.0098,-0.0128,7.9
0.567,0.0105,0.0105,-0.0113,-0.0105,8.0
0.568,0.0112,0.0157,-0.0128,-0.0083,8.1
0.569,0.0157,0.0097,-0.0105,-0.0075,8.1
0.57,0.0142,-0.003,-0.0046,-0.0083,8.2
0.571,0.0157,-0.006,-0.003,-0.003,8.2
0.572,0.0165,-0.003,0.0007,-0.0023,8.3
0.573,0.0127,0.003,0.0052,-0.0023,8.4
0.574,0.0082,0.003,0.006,-0.0008,8.4
0.575,0.0052,-0.0068,0.0082,-0.0008,8.5
0.576,0.0052,0.0052,0.0082,-0.003,8.5
0.577,0.0045,0.009,0.0067,-0.0053,8.6
0.578,0.0015,-0.0158,0.0067,-0.0053,8.6
0.579,-0.003,-0.0165,0.0045,0.0007,8.7
0.58,-0.0053,-0.0113,0.0045,0.0015,8.8
0.581,-0.006,-0.0105,0.003,-0.0046,8.8
0.582,-0.0068,-0.0075,-0.003,-0.0068,8.8
0.583,-0.0046,-0.0091,-0.0038,-0.0098,8.9
0.584,0.0022,-0.0053,-0.0015,-0.0083,8.9
0.585,0.0187,-0.0015,-0.0008,-0.0075,8.9
0.586,0.0307,-0.0038,-0.0008,-0.012,8.9
0.587,0.024,-0.0053,0.0015,-0.0143,9.0
0.588,0.0052,-0.0053,0.0015,-0.0135,9.0
0.589,-0.0053,-0.0053,0.0022,-0.0113,9.0
0.59,-0.0046,-0.0053,0.003,-0.012,9.0
0.591,-0.0038,-0.0008,0.0,-0.0098,9.0
0.592,-0.0053,0.0045,-0.0023,-0.0091,9.1
0.593,-0.0046,0.0045,-0.0015,-0.0098,9.1
0.594,-0.0053,-0.0008,0.0015,-0.0105,9.1
0.595,0.0,-0.0015,0.0037,-0.0091,9.1
0.596,0.0105,-0.0023,0.0082,-0.0075,9.2
0.597,0.009,-0.0046,0.0127,-0.0083,9.2
0.598,0.0,-0.0038,0.0105,-0.006,9.2
0.599,0.0037,-0.0008,0.0052,-0.0053,9.2
0.6,0.0105,0.003,0.0022,-0.003,9.3
0.601,0.009,0.0007,0.0045,-0.003,9.2
0.602,0.003,0.0015,0.0037,-0.0038,9.2
0.603,-0.006,0.0015,0.0015,-0.0038,9.1
0.604,-0.0098,-0.003,-0.003,-0.003,9.0
0.605,-0.0105,-0.0053,-0.0038,-0.0008,9.0
0.606,-0.0135,-0.0091,-0.0015,-0.0008,8.9
0.607,-0.0173,-0.012,0.0,-0.0015,8.8
0.608,-0.0278,-0.012,0.0045,0.0,8.8
0.609,-0.0533,-0.0113,0.0052,-0.0008,8.7
0.61,-0.0465,-0.0098,0.0052,0.0,8.6
0.611,-0.003,-0.0091,0.0045,0.0015,8.5
0.612,0.009,-0.012,0.006,0.0015,8.5
0.613,0.0015,-0.0143,0.009,0.0015,8.5
0.614,-0.0008,-0.0158,0.0112,0.0052,8.4
0.615,-0.003,-0.015,0.006,0.009,8.3
0.616,0.003,-0.012,0.0,0.0067,8.2
0.617,-0.0008,-0.0105,-0.0015,0.0022,8.1
0.618,0.0,-0.0091,-0.0046,0.0007,8.1
0.619,0.0022,-0.0075,-0.0015,-0.0008,8.1
0.62,0.0007,-0.006,0.0022,-0.0015,7.9
0.621,-0.003,-0.0083,0.0022,0.003,7.9
0.622,-0.0053,-0.0113,0.0082,0.0082,7.8
0.623,0.0015,-0.0143,0.0165,0.009,7.7
0.624,0.0052,-0.015,0.0142,0.0037,7.6
0.625,0.0105,-0.015,0.0082,0.0067,7.5
0.626,0.0217,-0.0165,0.009,0.0067,7.4
0.627,0.0202,-0.0181,0.0052,0.0015,7.3
0.628,0.0075,-0.0165,-0.0015,0.0022,7.2
0.629,0.0075,-0.0143,-0.0083,0.0015,7.2
0.63,0.0157,-0.0188,-0.0128,0.0007,7.1
0.631,0.0157,-0.0218,-0.015,0.0,7.0
0.632,0.012,-0.0225,-0.0105,-0.0008,6.9
0.633,0.003,-0.0256,-0.003,-0.0008,6.8
0.634,-0.0038,-0.0278,-0.0068,-0.003,6.7
0.635,-0.0053,-0.0278,-0.0105,-0.0038,6.7
0.636,-0.006,-0.0248,-0.0091,-0.0023,6.6
0.637,-0.0053,-0.0218,-0.003,-0.0023,6.5
0.638,-0.0053,-0.0195,-0.0008,-0.0023,6.4
0.639,-0.0046,-0.0128,0.0,-0.0015,6.3
0.64,-0.0053,-0.0105,0.0007,-0.0023,6.2
0.641,-0.0083,-0.0128,-0.0015,-0.0038,6.2
0.642,-0.0053,-0.0083,-0.0015,-0.003,6.1
0.643,-0.0053,-0.003,-0.003,-0.0008,6.1
0.644,-0.006,-0.0015,-0.0038,-0.0015,6.1
0.645,-0.0046,0.003,-0.0008,-0.0015,6.0
0.646,-0.0023,0.0105,-0.0023,0.0007,6.0
0.647,-0.0015,0.0187,-0.0023,0.0007,5.9
0.648,-0.0023,0.027,-0.0015,0.0015,5.9
0.649,-0.003,0.036,-0.0015,-0.0015,5.9
0.65,-0.0046,0.0427,0.0007,-0.0046,5.8
0.651,-0.0015,0.0502,-0.0008,-0.0046,5.8
0.652,-0.0015,0.0577,-0.0023,-0.0046,5.8
0.653,-0.0038,0.06,-0.0038,0.003,5.8
0.654,-0.006,0.06,-0.0046,0.0105,5.7
0.655,-0.0128,0.0555,-0.003,0.018,5.7
0.656,-0.012,0.0487,-0.0008,0.0172,5.6
0.657,0.0067,0.0457,0.0007,0.0067,5.6
0.658,0.0202,0.0397,-0.0023,0.0007,5.6
0.659,0.0157,0.033,-0.0038,-0.0053,5.5
0.66,0.0112,0.0277,-0.0038,-0.0046,5.4
0.661,-0.0105,0.0255,-0.0023,-0.003,5.4
0.662,-0.042,0.0195,0.0007,-0.0038,5.4
0.663,-0.0548,0.0127,0.0045,0.0007,5.4
0.664,-0.0346,0.0082,0.006,0.0015,5.3
0.665,-0.0098,0.0045,0.006,0.0022,5.3
0.666,-0.0053,0.0015,0.0045,0.0007,5.3
0.667,0.0015,-0.003,0.003,0.0007,5.2
0.668,0.0015,-0.0091,0.0022,0.0045,5.2
0.669,0.0015,-0.0143,0.0007,0.0045,5.2
0.67,0.003,-0.0165,0.0022,0.0015,5.1
0.671,0.0022,-0.0158,0.0015,-0.0068,5.1
0.672,0.0067,-0.0173,0.003,-0.0128,5.0
0.673,0.006,-0.0181,0.0022,-0.0135,5.0
0.674,0.009,-0.0165,-0.0008,-0.0128,5.0
0.675,0.0082,-0.0143,-0.0008,-0.0083,4.9
0.676,0.006,-0.0165,-0.0023,-0.003,4.9
0.677,0.003,-0.024,-0.0015,-0.0015,4.9
0.678,0.0,-0.0308,-0.003,-0.0023,4.9
0.679,-0.0008,-0.0353,-0.0023,-0.003,4.8
0.68,-0.0008,-0.0361,-0.0015,-0.0015,4.7
0.681,0.0007,-0.03,-0.0015,0.0,4.7
0.682,0.0007,-0.0248,0.0,0.0037,4.7
0.683,-0.0015,-0.0195,-0.0023,0.0067,4.6
0.684,-0.0015,-0.0128,-0.0015,0.0067,4.6
0.685,-0.0008,-0.0091,-0.0008,0.0067,4.5
0.686,-0.0015,-0.0046,-0.0046,0.009,4.5
0.687,-0.0008,-0.0015,-0.0053,0.0067,4.5
0.688,-0.003,-0.0008,-0.0038,0.003,4.5
0.689,-0.0105,0.0,-0.0046,0.0022,4.4
0.69,-0.0158,0.0007,-0.0053,0.0,4.4
0.691,-0.0128,0.0015,-0.0053,-0.0015,4.3
0.692,-0.0068,0.0015,-0.0053,-0.0008,4.3
0.693,-0.003,0.003,-0.0015,-0.0008,4.2
0.694,0.0022,0.0052,0.0,-0.0023,4.2
0.695,0.0052,0.0067,0.0007,-0.0015,4.1
0.696,0.0052,0.0045,0.0022,-0.0015,4.1
0.697,0.0067,0.0,0.0037,-0.0008,4.1
0.698,0.0105,-0.0015,0.003,-0.003,4.0
0.699,0.0127,0.0007,0.0015,-0.003,4.0
0.7,0.0135,0.0007,0.003,-0.003,3.9
0.701,0.012,-0.0023,0.003,-0.0038,3.9
0.702,0.0015,-0.0068,0.0015,-0.003,3.9
0.703,-0.0053,-0.0053,-0.0008,-0.0046,3.8
0.704,-0.0053,-0.003,-0.0008,-0.0015,3.7
0.705,-0.003,-0.0053,-0.0008,-0.0015,3.7
0.706,-0.003,-0.0113,-0.0008,-0.0046,3.6
0.707,-0.0046,-0.0113,-0.003,-0.0046,3.6
0.708,-0.003,-0.0091,-0.0023,-0.0053,3.6
0.709,-0.0015,-0.0083,0.0007,-0.0038,3.5
0.71,-0.003,-0.0053,0.0007,-0.0038,3.4
0.711,-0.0038,-0.003,-0.0015,-0.003,3.4
0.712,-0.0046,-0.0023,-0.0008,-0.003,3.3
0.713,-0.0046,-0.0023,0.0015,-0.003,3.3
0.714,-0.0038,0.0007,0.0022,-0.0008,3.2
0.715,-0.0053,0.0067,0.0022,-0.003,3.2
0.716,-0.0068,0.009,0.0022,-0.0038,3.1
0.717,-0.0075,0.009,0.0015,0.0015,3.1
0.718,-0.0075,0.0127,0.0007,0.0015,3.0
0.719,-0.006,0.0165,0.0045,0.0015,3.0
0.72,-0.0075,0.0202,0.0067,0.0022,2.9
0.721,-0.0075,0.0247,0.0067,0.0052,2.9
0.722,-0.0068,0.027,0.0082,0.0067,2.8
0.723,-0.0083,0.027,0.0067,0.003,2.7
0.724,-0.0053,0.0262,0.0037,0.0007,2.6
0.725,0.0,0.024,0.0015,0.0015,2.6
0.726,0.0112,0.0225,0.0007,0.0045,2.5
0.727,0.0097,0.0217,0.0007,0.0022,2.5
0.728,-0.0015,0.0225,-0.0008,0.0007,2.4
0.729,0.0,0.0195,-0.0008,0.0007,2.3
0.73,0.0007,0.015,0.0007,-0.003,2.2
0.731,-0.0008,0.0127,0.0007,-0.0075,2.2
0.732,0.0,0.0135,0.0007,-0.0098,2.2
0.733,0.0,0.0127,0.003,-0.0113,2.1
0.734,0.0007,0.0067,0.0022,-0.0046,2.0
0.735,-0.0015,0.0052,0.0022,-0.0038,1.9
0.736,-0.0046,0.0022,0.003,-0.0038,1.9
0.737,-0.0015,-0.0015,0.003,0.0,1.8
0.738,0.0007,-0.0053,0.0015,0.0007,1.8
0.739,-0.0015,-0.0083,-0.0015,0.0022,1.7
0.74,-0.0083,-0.0091,0.0007,0.0,1.6
0.741,-0.0158,-0.0105,0.003,0.0,1.6
0.742,-0.012,-0.006,0.0007,-0.0015,1.5
0.743,0.0045,-0.003,0.0007,-0.0008,1.4
0.744,0.0067,-0.0015,-0.0015,0.0015,1.4
0.745,0.0045,0.0007,-0.0038,0.0007,1.3
0.746,0.0045,0.0022,-0.003,0.0007,1.3
0.747,-0.0068,0.0052,-0.0053,-0.0008,1.2
0.748,-0.0128,0.0037,-0.0068,0.0007,1.2
0.749,-0.0098,0.0052,-0.0053,0.0015,1.1
0.75,-0.0053,0.0082,-0.0046,0.003,1.0
0.751,-0.0053,0.0075,-0.0046,0.0015,1.0
0.752,-0.0053,0.009,-0.0053,0.0007,0.9
0.753,-0.0038,0.0097,-0.0046,0.003,0.9
0.754,-0.003,0.009,-0.0038,0.0015,0.8
0.755,-0.0023,0.0067,-0.003,0.0007,0.7
0.756,-0.0023,0.0015,-0.0015,0.0007,0.7
0.757,-0.0015,-0.0023,0.0007,-0.0015,0.6
0.758,-0.0015,-0.0046,-0.0015,-0.0008,0.6
0.759,0.0007,-0.0023,-0.0023,-0.0008,0.5
0.76,0.0022,0.0007,-0.0015,-0.0015,0.4
0.761,0.0,-0.0023,-0.0008,0.0,0.4
0.762,-0.0023,-0.0046,0.0015,-0.0008,0.4
0.763,-0.0053,-0.0053,0.0015,-0.0015,0.4
0.764,-0.0091,-0.0053,0.0015,-0.0015,0.4
0.765,-0.0083,-0.0053,0.0022,-0.0008,0.3
0.766,0.0007,-0.0046,0.003,-0.0038,0.3
0.767,0.0105,-0.006,0.0022,-0.0046,0.3
0.768,0.0157,-0.0075,0.0015,-0.003,0.3
0.769,0.018,-0.0105,0.0015,-0.0038,0.2
0.77,0.0172,-0.0105,0.0022,-0.0008,0.2
0.771,0.0127,-0.0105,0.003,-0.0015,0.2
0.772,-0.0053,-0.012,0.003,-0.0008,0.1
0.773,-0.0308,-0.0128,0.0037,-0.0015,0.1
0.774,-0.039,-0.0135,0.0015,-0.003,0.1
0.775,-0.0233,-0.0143,0.0037,0.0,0.1
0.776,-0.0046,-0.0165,0.0052,-0.0008,0.0
0.777,0.0022,-0.0158,0.0045,-0.0008,0.0
0.778,0.0075,-0.0143,0.003,-0.0023,0.0
0.779,0.0082,-0.0105,-0.0008,-0.0015,0.0
0.78,0.0112,-0.0083,-0.0023,-0.0023,-0.1
0.781,0.0082,-0.0098,-0.0046,-0.0015,-0.1
0.782,-0.0053,-0.0075,-0.0046,-0.0023,-0.1
0.783,-0.0008,-0.0038,-0.0023,-0.0038,-0.1
0.784,-0.0008,-0.003,-0.0008,-0.0015,-0.1
0.785,-0.0008,-0.0015,-0.0015,0.0007,-0.1
0.786,0.0015,-0.0008,-0.0008,0.003,-0.1
0.787,0.0007,0.0015,0.0007,0.0,-0.2
0.788,0.003,0.0015,-0.0008,0.0,-0.2
0.789,-0.0008,0.0037,-0.003,0.0007,-0.2
0.79,-0.0008,0.0067,-0.0046,-0.0008,-0.2
0.791,-0.003,0.009,-0.0046,-0.0008,-0.2
0.792,-0.0038,0.0105,-0.0046,-0.0038,-0.3
0.793,-0.0046,0.012,-0.0053,-0.0046,-0.3
0.794,-0.0046,0.012,-0.0046,-0.0053,-0.3
0.795,-0.0023,0.009,-0.0046,-0.003,-0.3
0.796,-0.0046,0.0082,-0.0046,-0.0008,-0.3
0.797,-0.0038,0.006,-0.0015,-0.0015,-0.4
0.798,-0.0015,0.0015,-0.0008,-0.0023,-0.4
0.799,0.0007,-0.0015,-0.0023,-0.003,-0.4
0.8,0.0007,-0.0053,-0.0046,-0.0053,-0.5
0.801,-0.0008,-0.0083,-0.0023,-0.0068,-0.5
0.802,0.0,-0.0083,-0.0015,-0.0053,-0.5
0.803,0.0007,-0.0105,0.0015,-0.0038,-0.5
0.804,0.0007,-0.012,0.0045,-0.0023,-0.5
0.805,0.0015,-0.0098,0.003,0.0007,-0.5
0.806,0.003,-0.0053,0.0022,0.003,-0.5
0.807,-0.0023,-0.0053,0.0015,0.0037,-0.5
0.808,-0.0068,-0.0083,0.0007,-0.0008,-0.5
0.809,-0.0075,-0.0091,0.0015,-0.0023,-0.5
0.81,-0.0075,-0.012,0.003,-0.0023,-0.5
0.811,-0.006,-0.0165,0.0045,-0.0008,-0.5
0.812,-0.0075,-0.0203,0.0052,0.0007,-0.5
0.813,-0.0068,-0.024,0.0052,0.0015,-0.5
0.814,0.0007,-0.0285,0.0067,0.0007,-0.5
0.815,0.0037,-0.0278,0.0067,-0.0008,-0.5
0.816,0.0022,-0.0263,0.0075,0.0007,-0.5
0.817,-0.0008,-0.0203,0.006,0.003,-0.5
0.818,-0.0008,-0.0195,0.0022,0.0007,-0.5
0.819,-0.0015,-0.0181,0.0015,-0.003,-0.5
0.82,-0.0015,-0.0165,-0.0008,-0.0046,-0.5
0.821,-0.0015,-0.0195,-0.003,-0.0046,-0.5
0.822,-0.0015,-0.0158,-0.0046,-0.0046,-0.5
0.823,-0.0015,-0.0128,-0.0053,-0.0038,-0.5
0.824,-0.0023,-0.0091,-0.0038,-0.0008,-0.5
0.825,-0.0015,-0.0046,-0.0046,0.0007,-0.5
0.826,-0.0015,-0.0008,-0.0038,0.0,-0.5
0.827,0.0007,0.003,-0.0046,-0.0008,-0.5
0.828,0.0,0.0067,-0.003,-0.0008,-0.5
0.829,-0.003,0.0105,0.0,-0.0008,-0.5
0.83,-0.0023,0.0112,0.0,-0.0015,-0.5
0.831,-0.0008,0.0112,0.0,-0.0008,-0.5
0.832,-0.0008,-0.0008,-0.0008,0.0,-0.5
0.833,-0.003,-0.0788,-0.0015,0.0007,-0.5
0.834,-0.003,-0.222,-0.0015,0.0007,-0.5
0.835,-0.0023,-0.2858,-0.0038,0.0015,-0.5
0.836,-0.0015,-0.2655,-0.0023,0.003,-0.5
0.837,-0.003,-0.2468,-0.0015,0.0022,-0.5
0.838,-0.003,-0.1988,-0.0008,0.006,-0.5
0.839,-0.0008,-0.1575,0.0007,0.0067,-0.5
0.84,0.003,-0.1155,0.0,0.0067,-0.5
0.841,0.0045,-0.0721,0.003,0.0075,-0.5
0.842,0.0075,-0.042,0.0045,0.0045,-0.5
0.843,0.0142,-0.0046,0.0045,0.0045,-0.5
0.844,0.0067,0.0217,0.0052,0.0037,-0.5
0.845,-0.0046,0.051,0.0037,-0.0008,-0.4
0.846,-0.0038,0.0727,0.0015,-0.003,-0.4
0.847,-0.0046,0.0892,0.0015,-0.0046,-0.4
0.848,-0.0046,0.1012,0.0022,-0.0053,-0.4
0.849,-0.003,0.1095,0.0022,-0.0068,-0.4
0.85,-0.0046,0.117,0.0022,-0.0068,-0.4
0.851,-0.0023,0.1177,0.0022,-0.0023,-0.4
0.852,-0.0015,0.1207,0.0045,0.0052,-0.4
0.853,-0.0015,0.1222,0.0067,0.0067,-0.4
0.854,-0.0023,0.1222,0.0052,0.0045,-0.4
0.855,-0.0015,0.1222,0.003,0.0082,-0.4
0.856,-0.0008,0.12,0.0015,0.0045,-0.4
0.857,0.0007,0.114,0.0037,0.0007,-0.4
0.858,-0.0008,0.1065,0.0022,-0.0015,-0.4
0.859,-0.0008,0.1005,0.0007,-0.003,-0.4
0.86,-0.0015,0.0915,-0.0008,-0.003,-0.4
0.861,-0.0038,0.0862,-0.0015,-0.0068,-0.4
0.862,-0.003,0.0802,-0.0023,-0.0091,-0.4
0.863,-0.0015,0.0735,-0.003,-0.012,-0.3
0.864,-0.0015,0.0712,-0.0046,-0.0091,-0.3
0.865,-0.0008,0.0675,-0.0053,-0.006,-0.3
0.866,-0.0008,0.057,-0.0038,-0.0008,-0.3
0.867,-0.0023,0.0502,-0.003,0.0015,-0.3
0.868,-0.0046,0.0465,-0.0023,0.0007,-0.3
0.869,-0.0046,0.0427,-0.0023,0.003,-0.3
0.87,-0.006,0.0367,-0.003,0.0022,-0.3
0.871,-0.0068,0.033,-0.0038,0.0,-0.3
0.872,-0.0075,0.0322,-0.0015,0.0007,-0.3
0.873,-0.0046,0.0285,-0.0023,0.003,-0.2
0.874,-0.0008,0.0225,-0.0046,-0.0008,-0.2
0.875,0.0007,0.0157,-0.0015,-0.0008,-0.2
0.876,-0.0015,0.0127,-0.0008,0.0015,-0.2
0.877,-0.0023,0.012,-0.0008,-0.0008,-0.2
0.878,-0.003,0.0075,-0.0015,-0.0015,-0.2
0.879,-0.0038,0.0052,-0.0023,-0.0015,-0.2
0.88,-0.0008,0.0015,-0.0023,-0.0015,-0.2
0.881,-0.0008,-0.0008,-0.0015,-0.0015,-0.2
0.882,-0.0008,-0.0023,-0.0008,-0.0015,-0.2
0.883,-0.006,-0.0046,0.0007,-0.003,-0.2
0.884,-0.0128,-0.0091,0.003,-0.0023,-0.1
0.885,-0.0068,-0.0128,0.0045,-0.0038,-0.1
0.886,0.0015,-0.0143,0.003,-0.0046,-0.1
0.887,-0.0008,-0.0181,0.0015,-0.003,-0.1
0.888,0.0,-0.0181,0.0,-0.0023,-0.1
0.889,-0.0015,-0.0181,0.0007,-0.0023,-0.1
0.89,-0.0046,-0.0218,-0.0015,-0.003,-0.1
0.891,-0.0068,-0.024,-0.0008,-0.0046,-0.1
0.892,-0.0053,-0.027,-0.0008,-0.006,-0.1
0.893,-0.0008,-0.0293,-0.0008,-0.006,-0.1
0.894,-0.0015,-0.0278,0.0,-0.0046,-0.1
0.895,-0.0008,-0.0293,0.0007,-0.003,-0.1
0.896,-0.0023,-0.0293,0.0015,0.0,-0.1
0.897,-0.0046,-0.024,0.0,0.0,0.0
0.898,-0.0008,-0.0218,0.0,-0.0008,0.0
0.899,0.0082,-0.0181,0.0007,-0.0008,0.0
0.9,0.0105,-0.0158,-0.0008,-0.0008,0.0
0.901,0.0,-0.0158,-0.0008,-0.0015,0.0
0.902,-0.0075,-0.0143,-0.0008,-0.0015,0.0
0.903,-0.0105,-0.0091,0.0,0.0007,0.0
0.904,-0.0075,-0.006,0.0015,0.0007,0.0
0.905,0.0015,-0.0068,0.0015,-0.0015,0.0
0.906,-0.0008,-0.0068,0.003,-0.0015,0.0
0.907,-0.0091,-0.0083,0.003,0.0,0.0
0.908,-0.0068,-0.0068,0.003,0.0,0.0
0.909,-0.0038,-0.0046,0.0007,0.0007,0.0
0.91,-0.003,-0.0015,0.0,0.0007,0.0
0.911,0.0067,0.0007,0.0037,0.0007,0.0
0.912,0.0105,0.0007,0.0037,0.0007,0.0
0.913,0.003,0.0007,0.0045,0.0,0.0
0.914,-0.0008,0.0052,0.0045,-0.0015,0.0
0.915,-0.0015,0.0075,0.0007,-0.0015,0.0
0.916,-0.003,0.006,0.0022,-0.0008,0.0
0.917,-0.0008,0.003,0.0015,-0.0008,0.1
0.918,-0.0015,-0.0023,0.0015,0.0,0.1
0.919,-0.0038,-0.006,0.0007,-0.0015,0.1
0.92,-0.0046,-0.0075,-0.0008,-0.0015,0.1
0.921,-0.0046,-0.0091,-0.0008,0.0,0.1
0.922,-0.0046,-0.0068,-0.0015,0.0015,0.1
0.923,-0.0038,-0.0083,-0.003,0.0007,0.1
0.924,-0.003,-0.0083,-0.006,0.0,0.1
0.925,-0.003,-0.0023,-0.0046,-0.0008,0.1
0.926,-0.0015,0.0015,-0.003,-0.0038,0.1
0.927,0.0007,0.003,-0.0046,-0.0046,0.1
0.928,0.0007,0.0052,-0.003,-0.003,0.2
0.929,-0.0008,0.0075,-0.0023,-0.0008,0.2
0.93,0.0,0.009,-0.003,0.0007,0.2
0.931,0.003,0.0067,-0.0015,0.0037,0.2
0.932,0.0037,0.003,0.0015,0.006,0.2
0.933,0.003,-0.0015,0.0007,0.0045,0.2
0.934,0.0007,-0.003,-0.003,0.0037,0.2
0.935,0.0007,-0.003,-0.0015,0.003,0.2
0.936,-0.0023,-0.0053,-0.0015,0.0045,0.2
0.937,-0.003,-0.0053,-0.0015,0.0037,0.2
0.938,-0.0023,-0.0068,-0.0023,0.0022,0.3
0.939,-0.0046,-0.0083,-0.0008,0.0022,0.3
0.94,-0.003,-0.0068,-0.0008,0.0007,0.3
0.941,-0.0023,-0.0091,0.0022,0.0007,0.3
0.942,-0.0046,-0.0105,0.0037,-0.0015,0.3
0.943,-0.0046,-0.0098,0.003,-0.0008,0.3
0.944,-0.0038,-0.0083,0.003,0.0015,0.3
0.945,-0.003,-0.0083,0.0022,0.0015,0.3
0.946,-0.0015,-0.012,0.0022,0.0015,0.3
0.947,-0.0015,-0.0173,0.0015,0.0,0.3
0.948,0.0022,-0.021,0.0015,-0.0015,0.4
0.949,0.0045,-0.0181,0.003,-0.0008,0.4
0.95,0.0022,-0.012,0.003,-0.0015,0.4
0.951,0.0,-0.0113,0.0015,-0.0023,0.4
0.952,-0.0023,-0.012,0.0007,-0.0015,0.4
0.953,-0.003,-0.0128,0.0022,-0.003,0.4
0.954,-0.0038,-0.0158,0.0015,-0.0015,0.4
0.955,-0.003,-0.0165,-0.0008,-0.0023,0.4
0.956,-0.0038,-0.0143,-0.0023,-0.003,0.4
0.957,-0.0053,-0.012,-0.003,0.0007,0.4
0.958,-0.0046,-0.0105,-0.0015,0.0015,0.4
0.959,-0.003,-0.012,-0.0015,0.0,0.4
0.96,-0.0015,-0.015,-0.0015,-0.0015,0.4
0.961,-0.0015,-0.0195,-0.0008,-0.0015,0.4
0.962,-0.0046,-0.021,-0.0023,-0.0008,0.5
0.963,-0.0091,-0.0218,-0.0068,0.0007,0.5
0.964,-0.003,-0.0195,-0.0083,0.0007,0.5
0.965,0.009,-0.015,-0.0046,0.0,0.5
0.966,0.0127,-0.0105,-0.0015,0.0007,0.5
0.967,0.0015,-0.006,0.003,-0.0023,0.6
0.968,-0.0068,-0.0023,0.0045,-0.0015,0.6
0.969,-0.003,-0.0008,0.003,-0.0015,0.6
0.97,-0.0046,-0.003,0.003,-0.003,0.6
0.971,-0.0015,-0.0053,-0.0008,-0.0015,0.6
0.972,-0.0008,-0.003,-0.0023,-0.003,0.7
0.973,-0.0015,-0.0015,0.0015,-0.0023,0.7
0.974,-0.0008,0.003,0.0015,-0.0023,0.7
0.975,-0.0008,0.0082,0.0015,-0.0015,0.7
0.976,0.0007,0.012,0.003,-0.0015,0.7
0.977,-0.0015,0.0165,0.0015,-0.003,0.8
0.978,-0.0023,0.0195,0.003,-0.003,0.8
0.979,-0.0015,0.021,0.003,-0.0046,0.8
0.98,-0.0023,0.0217,0.0007,-0.0068,0.8
0.981,-0.003,0.0187,-0.0015,-0.0053,0.8
0.982,-0.0046,0.0142,-0.0015,-0.0015,0.9
0.983,-0.0046,0.0135,-0.0008,-0.003,0.9
0.984,-0.0046,0.012,-0.0008,-0.0023,0.9
0.985,-0.003,0.0127,0.0,-0.0015,0.9
0.986,-0.0053,0.0105,-0.0008,-0.0015,0.9
0.987,-0.0053,0.012,-0.0015,-0.0023,0.9
0.988,-0.0008,0.018,-0.0023,-0.003,0.9
0.989,0.0037,0.0195,-0.0038,-0.003,0.9
0.99,0.0015,0.0202,-0.003,-0.003,1.0
0.991,-0.0038,0.0202,-0.0023,-0.0023,1.0
0.992,-0.0046,0.0202,-0.0023,-0.0015,1.0
0.993,-0.0038,0.0135,-0.0015,0.0015,1.0
0.994,-0.003,0.0127,-0.0008,0.0015,1.0
0.995,-0.0023,0.012,-0.0015,0.0015,1.0
0.996,-0.0038,0.0067,-0.003,0.0022,1.1
0.997,-0.0015,0.0015,-0.0023,0.0022,1.1
0.998,-0.0023,-0.003,-0.003,0.0007,1.1
0.999,-0.0038,-0.0053,-0.0046,-0.0008,1.1
1.0,-0.003,-0.0098,-0.003,-0.0008,1.1
1.001,0.0,-0.0105,-0.0015,-0.0015,1.1
1.002,0.0015,-0.0128,-0.0023,0.0,1.2
1.003,0.0007,-0.0173,0.0,0.0007,1.2
1.004,-0.003,-0.0181,-0.0008,0.0007,1.2
1.005,-0.0105,-0.0165,-0.003,-0.0008,1.3
1.006,-0.0083,-0.0128,-0.0023,-0.003,1.3
1.007,-0.0008,-0.0083,-0.0008,-0.0023,1.3
1.008,0.0105,-0.006,0.0,-0.003,1.3
1.009,0.0262,-0.006,-0.0008,-0.0015,1.3
1.01,0.03,-0.0046,-0.0008,0.0015,1.3
1.011,0.0247,-0.0038,0.0015,0.0015,1.3
1.012,0.0142,-0.006,0.0015,-0.0015,1.4
1.013,-0.0083,-0.0105,0.0007,-0.0008,1.4
1.014,-0.0323,-0.0143,0.003,0.0,1.4
1.015,-0.0346,-0.0143,0.0052,0.0007,1.5
1.016,-0.0256,-0.0158,0.0082,0.0015,1.5
1.017,-0.015,-0.0113,0.009,0.0007,1.5
1.018,-0.0046,-0.006,0.0075,-0.0008,1.5
1.019,0.0,-0.006,0.0052,-0.0008,1.6
1.02,-0.0053,-0.003,0.003,-0.0015,1.6
1.021,-0.0105,-0.0015,0.0015,-0.0023,1.6
1.022,-0.0075,0.0,0.003,-0.0015,1.7
1.023,-0.0053,0.0045,0.003,-0.0008,1.7
1.024,-0.0015,0.0052,0.0037,0.0007,1.8
1.025,0.0015,0.0067,0.0037,0.003,1.8
1.026,0.0022,0.0067,0.0015,0.0015,1.8
1.027,0.003,0.006,0.0007,0.0007,1.9
1.028,0.0007,0.0052,-0.0015,0.0015,1.9
1.029,0.0,0.0022,-0.003,-0.0015,2.0
1.03,0.0,0.0007,-0.0015,0.0,2.0
1.031,-0.0015,0.0022,-0.0008,0.0,2.0
1.032,-0.003,-0.0008,-0.0015,-0.003,2.1
1.033,-0.0023,-0.0023,-0.0008,-0.003,2.1
1.034,-0.0015,-0.0023,-0.003,-0.0015,2.2
1.035,-0.0038,-0.0038,-0.0038,-0.0015,2.2
1.036,-0.003,-0.006,-0.003,-0.0023,2.2
1.037,-0.0015,-0.006,-0.003,-0.003,2.3
1.038,-0.0023,-0.0038,-0.003,-0.0038,2.3
1.039,-0.003,-0.0038,-0.0038,-0.0046,2.4
1.04,-0.0023,-0.0015,-0.0038,-0.0046,2.4
1.041,-0.0015,-0.0015,-0.0046,-0.003,2.5
1.042,-0.0008,-0.0015,-0.0023,-0.0023,2.5
1.043,-0.0015,-0.0053,-0.0008,-0.0015,2.6
1.044,-0.0038,-0.0098,0.0015,-0.0015,2.6
1.045,-0.003,-0.0113,0.0022,-0.0015,2.6
1.046,-0.003,-0.0113,0.0007,-0.0023,2.7
1.047,-0.0053,-0.012,0.003,-0.0023,2.7
1.048,-0.0083,-0.012,0.0007,-0.0008,2.8
1.049,-0.0083,-0.012,0.0,-0.0015,2.8
1.05,-0.0053,-0.0113,-0.0008,-0.003,2.9
1.051,-0.0015,-0.0083,-0.0008,-0.0015,3.0
1.052,0.003,-0.003,0.0015,-0.003,3.0
1.053,0.0075,-0.003,0.0007,-0.0015,3.1
1.054,0.0165,-0.0053,0.0007,-0.0008,3.1
1.055,0.0217,-0.0075,-0.0008,-0.0023,3.1
1.056,0.0202,-0.0075,-0.0015,-0.003,3.2
1.057,0.018,-0.0098,0.003,-0.003,3.2
1.058,0.0052,-0.012,0.0052,-0.003,3.3
1.059,-0.0053,-0.0143,0.0037,-0.003,3.3
1.06,-0.0075,-0.0158,0.0007,-0.003,3.4
1.061,-0.0091,-0.0165,-0.003,-0.003,3.4
1.062,-0.0091,-0.0181,-0.0038,-0.0023,3.5
1.063,-0.0091,-0.012,-0.0053,-0.0015,3.6
1.064,-0.0068,-0.0083,-0.0068,-0.0008,3.6
1.065,-0.0068,-0.0075,-0.0053,0.0015,3.7
1.066,-0.0083,-0.0053,-0.0046,0.0022,3.8
1.067,-0.0091,-0.0023,-0.0038,0.0015,3.8
1.068,-0.0091,-0.0015,-0.0053,0.0022,3.9
1.069,-0.0083,-0.0008,-0.0015,0.0022,4.0
1.07,-0.0105,-0.0015,0.0007,0.0045,4.0
1.071,-0.006,0.0,0.0015,0.003,4.1
1.072,-0.0083,0.0045,0.0052,0.0015,4.1
1.073,-0.0128,0.0067,0.0075,0.003,4.2
1.074,-0.0143,0.009,0.0097,0.0007,4.3
1.075,-0.0128,0.0112,0.0112,0.0007,4.4
1.076,-0.0075,0.0142,0.0105,0.0015,4.4
1.077,-0.0008,0.018,0.0082,-0.0008,4.5
1.078,0.003,0.0165,0.0067,-0.0008,4.5
1.079,-0.0008,0.012,0.0015,0.0007,4.6
1.08,0.0075,0.0105,-0.0038,0.003,4.7
1.081,0.0315,0.0082,-0.003,0.003,4.8
1.082,0.054,0.0052,0.0037,0.0015,4.9
1.083,0.042,0.0015,0.003,-0.0023,4.9
1.084,0.009,-0.0038,0.0,-0.0068,5.0
1.085,-0.0053,-0.0068,-0.0015,-0.0083,5.1
1.086,-0.0128,-0.0091,-0.0038,-0.0068,5.2
1.087,-0.0135,-0.0068,-0.0038,-0.0046,5.3
1.088,-0.0105,-0.003,-0.0046,-0.0038,5.3
1.089,-0.0091,-0.0015,-0.0015,-0.0015,5.4
1.09,-0.0068,-0.0023,-0.0015,-0.0015,5.5
1.091,-0.0075,-0.0015,-0.006,-0.0008,5.6
1.092,-0.0053,0.0022,-0.0075,-0.0008,5.7
1.093,-0.003,0.0052,-0.0075,-0.0015,5.8
1.094,-0.0015,0.009,-0.0068,-0.0008,5.8
1.095,-0.003,0.012,-0.0068,0.0007,5.9
1.096,-0.0023,0.0127,-0.0068,0.0015,6.0
1.097,-0.0015,0.012,-0.0068,0.0015,6.1
1.098,-0.0008,0.0105,-0.0053,0.0007,6.2
1.099,-0.0015,0.009,-0.0053,0.0015,6.3
1.1,-0.0023,0.009,-0.0046,0.003,6.3
1.101,-0.0038,0.0067,-0.003,0.0022,6.4
1.102,-0.0038,0.0052,-0.003,0.0022,6.6
1.103,-0.0046,0.0037,-0.003,0.0045,6.7
1.104,-0.0068,0.0022,-0.0015,0.003,6.8
1.105,-0.0068,0.0022,0.0007,0.0045,6.9
1.106,-0.0068,0.0015,0.0007,0.0045,7.0
1.107,-0.006,0.0015,0.003,0.0007,7.2
1.108,-0.006,0.0007,0.0045,0.0007,7.2
1.109,-0.006,0.0,0.0045,0.0022,7.4
1.11,-0.0038,-0.0008,0.006,0.003,7.5
1.111,-0.0015,-0.0053,0.0067,0.0037,7.6
1.112,0.0022,-0.0091,0.0045,0.0037,7.7
1.113,0.0052,-0.0083,0.003,0.0045,7.8
1.114,0.0052,-0.0075,0.003,0.0037,7.9
1.115,0.0007,-0.0098,0.003,0.0015,8.1
1.116,-0.0008,-0.0128,0.0015,0.0,8.1
1.117,0.0015,-0.0135,0.0007,-0.0008,8.3
1.118,0.0052,-0.0105,0.003,0.0015,8.4
1.119,0.0037,-0.0068,0.0045,0.0015,8.5
1.12,-0.0015,-0.0008,0.0045,0.0,8.6
1.121,-0.0038,0.003,0.003,0.0007,8.7
1.122,-0.0053,0.006,0.0007,0.0015,8.9
1.123,-0.0068,0.0105,0.0007,0.0,9.0
1.124,-0.0046,0.012,-0.0008,0.0007,9.2
1.125,-0.003,0.0135,0.0007,0.0,9.4
1.126,-0.0046,0.0142,0.0,0.0007,9.5
1.127,-0.003,0.0142,0.0015,0.0015,9.6
1.128,-0.003,0.0127,0.0045,0.0007,9.8
1.129,-0.003,0.009,0.003,-0.0008,9.9
1.13,-0.0015,0.0067,0.003,-0.0008,10.1
1.131,-0.003,0.0037,0.003,0.0007,10.2
1.132,-0.0038,0.0052,0.0007,0.0015,10.4
1.133,-0.0046,0.0067,-0.0008,0.0007,10.5
1.134,-0.0053,0.006,-0.0008,0.0007,10.7
1.135,-0.0068,0.0067,-0.0015,0.0007,10.8
1.136,-0.003,0.0075,-0.0046,0.0,11.0
1.137,-0.0046,0.0082,-0.0068,-0.0008,11.1
1.138,-0.0038,0.0082,-0.006,-0.0015,11.2
1.139,-0.0015,0.0052,-0.0038,-0.0023,11.4
1.14,-0.0015,0.003,-0.0008,-0.0015,11.6
1.141,-0.0015,0.0015,0.003,-0.0023,11.7
1.142,-0.0046,0.0007,0.0045,-0.0023,11.9
1.143,-0.0075,-0.0008,0.0037,-0.0023,12.1
1.144,-0.0046,-0.0008,0.003,0.0007,12.3
1.145,0.0007,-0.0008,0.0067,0.0015,12.5
1.146,0.0022,-0.003,0.009,0.0,12.7
1.147,0.0015,-0.0015,0.006,0.003,12.9
1.148,0.0052,-0.0008,0.003,0.0015,13.1
1.149,0.0105,-0.0023,0.0022,0.0015,13.3
1.15,0.0105,-0.003,0.006,0.003,13.5
1.151,0.009,-0.003,0.0045,0.003,13.6
1.152,0.0052,-0.003,0.0015,0.003,13.8
1.153,0.0,-0.0046,0.0022,0.0,14.0
1.154,-0.0015,-0.0046,0.0022,-0.0015,14.2
1.155,-0.003,-0.0038,0.0015,-0.0015,14.4
1.156,-0.006,-0.0053,0.0,-0.0015,14.6
1.157,-0.006,-0.0075,-0.0008,-0.0008,14.8
1.158,-0.0046,-0.0083,-0.0008,-0.0015,15.0
1.159,-0.003,-0.0083,-0.003,-0.0008,15.2
1.16,-0.0046,-0.0083,-0.0068,-0.0023,15.3
1.161,-0.0046,-0.0075,-0.0075,-0.0008,15.6
1.162,-0.0015,-0.0046,-0.0083,0.0022,15.8
1.163,0.0022,-0.0038,-0.0038,0.0022,16.0
1.164,0.0067,-0.0046,-0.003,0.0015,16.2
1.165,0.0045,-0.0053,-0.003,0.0007,16.5
1.166,0.0,-0.0053,0.0,-0.0008,16.6
1.167,-0.003,-0.003,-0.0015,-0.0008,16.9
1.168,-0.0053,-0.0023,-0.0008,-0.003,17.1
1.169,-0.0038,-0.0015,0.0015,-0.003,17.3
1.17,-0.0038,0.0007,0.0015,-0.003,17.5
1.171,-0.0008,0.0015,0.0015,-0.0046,17.8
1.172,-0.0008,0.0045,0.0007,-0.0038,18.0
1.173,-0.003,0.0067,-0.003,-0.0046,18.2
1.174,-0.003,0.009,-0.006,-0.0068,18.4
1.175,-0.0023,0.0067,-0.0068,-0.0068,18.7
1.176,-0.0023,0.0082,-0.0053,-0.0053,18.9
1.177,-0.0008,0.0105,-0.003,-0.0053,19.1
1.178,-0.0008,0.0082,-0.003,-0.0053,19.3
1.179,-0.003,0.009,0.0,-0.006,19.5
1.18,-0.003,0.009,-0.0008,-0.0046,19.8
1.181,-0.0015,0.006,-0.0008,-0.003,20.0
1.182,-0.0015,0.0052,-0.0015,-0.0046,20.2
1.183,-0.003,0.0037,-0.0053,-0.0046,20.5
1.184,-0.0038,0.003,-0.0046,-0.0023,20.7
1.185,-0.0015,-0.0008,-0.006,-0.0015,21.0
1.186,-0.0023,-0.0046,-0.0053,-0.0015,21.2
1.187,-0.003,-0.0046,-0.0068,-0.0008,21.5
1.188,-0.0046,-0.0053,-0.0135,-0.0015,21.7
1.189,-0.006,-0.0053,-0.0128,-0.003,22.0
1.19,-0.0046,-0.0046,-0.0068,-0.0046,22.3
1.191,-0.0046,-0.0083,-0.0046,-0.0023,22.5
1.192,-0.0038,-0.0128,-0.0015,-0.0015,22.8
1.193,-0.0038,-0.0165,0.0015,-0.003,23.0
1.194,-0.003,-0.0165,0.003,-0.0015,23.3
1.195,-0.0023,-0.0165,0.0045,-0.0015,23.5
1.196,-0.003,-0.0158,0.003,-0.003,23.8
1.197,-0.003,-0.0105,0.003,-0.0008,24.0
1.198,-0.0038,-0.0068,-0.0008,-0.0008,24.3
1.199,-0.003,-0.0046,-0.0053,-0.0008,24.5
1.2,-0.0023,-0.0015,-0.0038,-0.0015,24.7
1.201,-0.003,0.003,-0.0015,-0.003,25.0
1.202,-0.0015,0.006,-0.0008,-0.0046,25.2
1.203,-0.0015,0.0052,0.0,-0.0046,25.5
1.204,-0.0015,0.0045,0.0007,-0.0053,25.7
1.205,-0.0015,0.0037,0.0007,-0.0053,25.9
1.206,-0.0008,0.003,0.0,-0.0053,26.1
1.207,0.0,0.0045,0.0007,-0.0053,26.4
1.208,-0.0008,0.0052,0.0007,-0.0046,26.6
1.209,0.0,0.0052,0.0022,-0.0046,26.9
1.21,-0.0015,0.0052,0.003,-0.0046,27.1
1.211,-0.003,0.0037,0.003,-0.0023,27.4
1.212,-0.003,0.0,0.0037,-0.0023,27.6
1.213,-0.0015,-0.0046,0.0022,-0.0015,27.8
1.214,-0.0015,-0.0091,0.0015,-0.0023,28.1
1.215,-0.0023,-0.0128,0.0015,-0.003,28.3
1.216,-0.003,-0.0128,-0.0008,0.0,28.5
1.217,-0.003,-0.0128,-0.0015,0.0015,28.8
1.218,-0.0038,-0.012,0.0,0.0015,29.0
1.219,-0.0046,-0.0105,-0.0008,0.0,29.2
1.22,-0.0046,-0.012,0.0007,-0.0008,29.5
1.221,-0.0038,-0.0143,0.0007,0.0015,29.7
1.222,-0.0038,-0.015,0.0022,0.0015,29.8
1.223,-0.0038,-0.0143,0.0037,-0.0008,30.0
1.224,-0.0046,-0.0158,0.0045,-0.0023,30.2
1.225,-0.003,-0.0173,0.0052,-0.0015,30.4
1.226,-0.0015,-0.021,0.0045,-0.0008,30.6
1.227,-0.003,-0.024,0.003,-0.0008,30.7
1.228,-0.003,-0.0256,-0.0008,-0.0008,30.9
1.229,-0.003,-0.0256,-0.0008,-0.0008,31.1
1.23,-0.0023,-0.024,0.0007,0.0,31.3
1.231,-0.0015,-0.0218,0.0022,0.0015,31.5
1.232,-0.0023,-0.0181,0.0052,0.0,31.7
1.233,-0.0038,-0.0158,0.0067,-0.0008,31.9
1.234,-0.0053,-0.0143,0.0082,0.0,32.0
1.235,-0.0038,-0.0135,0.009,-0.0015,32.2
1.236,-0.003,-0.015,0.0082,-0.003,32.4
1.237,-0.003,-0.0135,0.0075,-0.0046,32.6
1.238,-0.0046,-0.0091,0.0037,-0.0053,32.8
1.239,-0.0046,-0.0038,0.0037,-0.0068,32.9
1.24,-0.003,0.0037,0.0045,-0.0075,33.1
1.241,-0.0008,0.009,0.0022,-0.0068,33.3
1.242,0.0,0.0105,0.0037,-0.006,33.4
1.243,0.0015,0.0105,0.0015,-0.006,33.5
1.244,0.0022,0.0097,0.0015,-0.0068,33.6
1.245,0.0007,0.009,0.0022,-0.0046,33.7
1.246,0.0,0.0082,0.0015,-0.0038,33.9
1.247,0.0,0.0067,0.0022,-0.0046,34.0
1.248,0.0,0.0075,0.0022,-0.0053,34.1
1.249,0.0007,0.0097,0.0037,-0.0038,34.3
1.25,-0.0008,0.0105,0.0022,-0.0015,34.4
1.251,-0.0015,0.0082,0.0007,0.0007,34.5
1.252,-0.0015,0.0067,-0.0015,0.003,34.6
1.253,-0.0008,0.0045,-0.0008,0.0022,34.8
1.254,-0.0008,0.003,-0.0008,0.003,34.9
1.255,0.0007,0.003,0.0,0.003,35.1
1.256,0.0007,0.0015,-0.003,0.0015,35.2
1.257,0.0,0.0007,-0.0046,0.0007,35.3
1.258,-0.0015,-0.0015,-0.0008,-0.0008,35.4
1.259,-0.003,0.0022,-0.0008,-0.0015,35.5
1.26,-0.003,0.0067,-0.0008,-0.0015,35.7
1.261,-0.0038,0.0105,0.0007,-0.0015,35.8
1.262,-0.0023,0.0105,0.0007,-0.0015,36.0
1.263,-0.0038,0.0105,0.0,-0.0015,36.1
1.264,-0.003,0.0112,0.0,-0.0023,36.2
1.265,-0.0015,0.0097,0.0007,-0.0015,36.4
1.266,-0.0015,0.0097,-0.0015,-0.003,36.5
1.267,-0.003,0.0075,-0.0008,-0.0053,36.7
1.268,-0.003,0.0082,-0.0015,-0.0046,36.8
1.269,-0.003,0.009,0.0007,-0.0038,36.9
1.27,-0.003,0.0075,0.0022,-0.0023,37.1
1.271,-0.0015,0.0045,0.0015,-0.0008,37.2
1.272,0.0,0.0037,0.003,-0.0015,37.3
1.273,0.0015,0.0022,0.0022,-0.0015,37.5
1.274,0.0007,0.0015,0.0015,-0.0046,37.6
1.275,0.0015,0.0037,0.0015,-0.0068,37.8
1.276,0.0022,0.0052,0.0007,-0.0083,37.9
1.277,0.0007,0.006,0.0,-0.0105,38.1
1.278,0.0022,0.0105,0.0,-0.0075,38.2
1.279,0.0045,0.012,-0.0015,-0.003,38.3
1.28,0.0045,0.0127,-0.0038,0.0007,38.5
1.281,0.0037,0.0142,-0.0046,0.0015,38.6
1.282,0.0022,0.0142,-0.0053,0.0015,38.7
1.283,0.0007,0.0142,-0.0068,0.0007,38.9
1.284,0.0007,0.0142,-0.0046,0.003,39.0
1.285,-0.0008,0.012,-0.003,0.0037,39.2
1.286,-0.0008,0.0097,-0.0046,0.003,39.3
1.287,-0.0015,0.009,-0.0038,0.0037,39.5
1.288,-0.0015,0.0112,-0.0038,0.0067,39.6
1.289,-0.0023,0.0135,-0.003,0.0075,39.7
1.29,-0.0038,0.0127,-0.0015,0.0097,39.9
1.291,-0.0038,0.0127,-0.0015,0.0142,40.0
1.292,-0.0023,0.012,-0.0023,0.015,40.1
1.293,-0.003,0.012,-0.003,0.0187,40.3
1.294,-0.0053,0.012,-0.0038,0.0217,40.4
1.295,-0.006,0.0082,-0.003,0.0247,40.6
1.296,-0.0068,0.0097,-0.0015,0.027,40.7
1.297,-0.006,0.009,-0.0015,0.024,40.9
1.298,-0.0075,0.0067,-0.0008,0.0232,41.0
1.299,-0.0053,0.0045,-0.0015,0.0232,41.1
1.3,-0.003,0.0015,0.0,0.021,41.3
1.301,-0.0023,0.0007,-0.0015,0.018,41.4
1.302,-0.0015,-0.0008,-0.0053,0.015,41.4
1.303,-0.0023,-0.003,-0.0053,0.0127,41.5
1.304,-0.0015,-0.003,-0.0046,0.0105,41.6
1.305,0.0,-0.0053,-0.003,0.0082,41.7
1.306,0.0007,-0.006,-0.0038,0.0052,41.8
1.307,0.0007,-0.0075,-0.003,0.0045,41.9
1.308,-0.0008,-0.0091,-0.0008,0.0015,42.0
1.309,0.0,-0.0053,-0.0015,-0.0023,42.1
1.31,-0.0008,-0.0023,-0.0038,-0.0015,42.2
1.311,-0.0015,-0.003,-0.0015,-0.0023,42.3
1.312,-0.003,-0.006,-0.0008,-0.0015,42.3
1.313,-0.0046,-0.0091,-0.0023,-0.0015,42.4
1.314,-0.0053,-0.0128,-0.0015,-0.0015,42.5
1.315,-0.0046,-0.012,-0.0008,-0.0015,42.6
1.316,-0.0038,-0.0068,-0.0015,-0.0015,42.7
1.317,-0.003,-0.0038,-0.0008,-0.0008,42.8
1.318,-0.003,-0.0038,0.0,-0.003,42.9
1.319,-0.003,-0.0038,0.0,-0.003,43.0
1.32,-0.0008,-0.0046,0.0,-0.0046,43.1
1.321,-0.0008,-0.006,-0.0008,-0.006,43.1
1.322,0.0007,-0.0053,0.0,-0.0015,43.1
1.323,0.0007,-0.0023,-0.0023,-0.0008,43.1
1.324,-0.0015,-0.0023,-0.0015,-0.0015,43.2
1.325,-0.0008,0.0007,-0.0015,-0.0008,43.2
1.326,0.0007,0.0007,-0.0008,-0.003,43.2
1.327,0.0007,0.0045,0.0007,-0.0023,43.3
1.328,-0.0008,0.0067,-0.0008,-0.0023,43.3
1.329,-0.0015,0.0067,-0.0008,-0.0046,43.3
1.33,-0.0015,0.0052,0.0022,-0.0046,43.4
1.331,-0.0046,0.0045,0.0045,-0.0046,43.4
1.332,-0.0046,0.0015,0.0045,-0.003,43.4
1.333,-0.0038,0.0,0.0052,-0.003,43.4
1.334,-0.0015,-0.0008,0.0067,-0.003,43.5
1.335,-0.0015,-0.0046,0.0067,-0.003,43.5
1.336,-0.0015,-0.0053,0.0067,-0.0023,43.5
1.337,-0.0008,-0.0046,0.0067,-0.003,43.6
1.338,-0.0008,-0.006,0.0045,-0.003,43.6
1.339,-0.0008,-0.006,0.0052,-0.003,43.6
1.34,-0.0015,-0.0068,0.0052,-0.0046,43.6
1.341,0.0007,-0.0083,0.0052,-0.0046,43.6
1.342,0.0007,-0.0098,0.0052,-0.006,43.6
1.343,-0.0008,-0.0143,0.0037,-0.0075,43.6
1.344,-0.0015,-0.0165,0.0022,-0.0075,43.7
1.345,-0.0023,-0.0165,0.003,-0.0053,43.7
1.346,-0.003,-0.0181,0.0067,-0.0046,43.7
1.347,-0.0046,-0.0203,0.006,-0.0053,43.7
1.348,-0.003,-0.021,0.006,-0.0075,43.7
1.349,-0.0046,-0.0233,0.003,-0.0091,43.7
1.35,-0.0038,-0.0218,0.0007,-0.0075,43.7
1.351,-0.003,-0.0195,0.0015,-0.0075,43.7
1.352,-0.0023,-0.0203,0.0022,-0.0075,43.7
1.353,-0.0023,-0.0218,0.003,-0.0083,43.7
1.354,-0.0015,-0.0203,0.0022,-0.0068,43.7
1.355,-0.0008,-0.0181,0.003,-0.0046,43.7
1.356,-0.0008,-0.0143,0.003,-0.0053,43.7
1.357,0.0,-0.0075,0.0052,-0.006,43.8
1.358,-0.0008,-0.003,0.0052,-0.0068,43.8
1.359,0.0007,0.0007,0.0045,-0.0046,43.8
1.36,-0.0008,0.003,0.0015,-0.0053,43.8
1.361,-0.0008,0.0022,-0.0008,-0.0068,43.8
1.362,-0.0008,0.0045,0.0007,-0.006,43.8
1.363,0.0,0.0082,-0.0008,-0.006,43.8
1.364,0.0015,0.0097,-0.0008,-0.0068,43.8
1.365,-0.0008,0.0105,0.0,-0.006,43.8
1.366,0.0,0.0112,0.0015,-0.006,43.8
1.367,-0.0015,0.0105,-0.0008,-0.0083,43.7
1.368,-0.0008,0.0105,-0.0015,-0.0068,43.7
1.369,-0.0008,0.0105,-0.0015,-0.0083,43.7
1.37,-0.0008,0.0112,-0.003,-0.0075,43.7
1.371,0.0007,0.0127,-0.0015,-0.0068,43.7
1.372,0.0,0.012,-0.003,-0.0068,43.7
1.373,-0.0008,0.0127,-0.003,-0.0075,43.7
1.374,-0.0015,0.0127,-0.0046,-0.0091,43.6
1.375,-0.003,0.0127,-0.0053,-0.0075,43.6
1.376,-0.0015,0.012,-0.0038,-0.0083,43.6
1.377,-0.0015,0.009,-0.003,-0.0075,43.6
1.378,-0.0015,0.0082,-0.003,-0.0075,43.6
1.379,-0.0008,0.0052,-0.0046,-0.006,43.6
1.38,-0.0015,0.003,-0.003,-0.0053,43.6
1.381,-0.0023,0.0045,-0.0015,-0.0053,43.6
1.382,-0.0015,0.0112,-0.0023,-0.006,43.5
1.383,-0.0008,0.0135,-0.0046,-0.0068,43.4
1.384,0.0,0.0142,-0.0046,-0.0083,43.3
1.385,0.0007,0.0165,-0.003,-0.0091,43.3
1.386,0.0007,0.0157,-0.0015,-0.0083,43.2
1.387,0.0,0.0127,-0.0008,-0.006,43.1
1.388,-0.0008,0.012,-0.0015,-0.0053,43.1
1.389,-0.0046,0.0105,-0.0015,-0.0046,43.0
1.39,-0.0053,0.0105,-0.0008,-0.003,43.0
1.391,-0.0046,0.0105,-0.0015,-0.0046,42.9
1.392,-0.0046,0.0067,-0.0015,-0.003,42.8
1.393,-0.0053,0.003,0.0007,-0.0023,42.8
1.394,-0.0038,0.0007,0.0007,-0.003,42.7
1.395,-0.003,-0.0023,-0.0008,-0.0023,42.7
1.396,-0.0053,-0.0046,0.0007,-0.0023,42.6
1.397,-0.0038,-0.006,0.003,-0.0008,42.5
1.398,-0.0015,-0.0091,0.0022,0.0007,42.5
1.399,-0.0023,-0.0105,0.003,0.0007,42.4
1.4,-0.0023,-0.012,0.0037,0.0022,42.3
1.401,-0.0008,-0.015,0.003,0.0007,42.3
1.402,-0.0008,-0.0158,0.0015,0.0007,42.1
1.403,-0.0008,-0.015,0.0007,0.0007,42.0
1.404,0.0007,-0.0128,0.0007,-0.0008,41.9
1.405,0.0007,-0.0143,0.0007,-0.0015,41.8
1.406,0.0,-0.0143,0.003,-0.0015,41.7
1.407,-0.0008,-0.0135,0.0015,0.0007,41.6
1.408,-0.0008,-0.0128,0.0015,-0.0008,41.4
1.409,0.0007,-0.0128,0.0,0.0007,41.3
1.41,0.0007,-0.015,0.0,0.0007,41.2
1.411,-0.0015,-0.0165,0.0007,0.0007,41.1
1.412,-0.003,-0.0181,0.0,0.0007,41.0
1.413,-0.0038,-0.0158,0.0007,0.003,40.9
1.414,-0.003,-0.015,0.0015,0.0037,40.8
1.415,-0.0008,-0.0158,0.003,0.003,40.6
1.416,-0.0008,-0.0128,0.003,0.0045,40.5
1.417,-0.0015,-0.0083,0.0015,0.0,40.5
1.418,-0.0023,-0.003,0.0,-0.0038,40.3
1.419,-0.0023,-0.0008,-0.0008,-0.0046,40.2
1.42,-0.003,0.0015,0.0007,-0.0053,40.0
1.421,-0.003,0.0037,0.0007,-0.0068,40.0
1.422,-0.0023,0.0045,0.0015,-0.0053,39.9
1.423,-0.0015,0.0082,0.0,-0.0046,39.8
1.424,-0.0015,0.009,-0.0008,-0.0046,39.6
1.425,-0.0015,0.0052,-0.0008,-0.0023,39.6
1.426,-0.0015,0.0037,-0.0015,-0.0015,39.4
1.427,-0.0015,0.0045,-0.0015,-0.003,39.3
1.428,-0.0008,0.0045,-0.0015,-0.003,39.2
1.429,-0.0015,0.006,-0.0008,-0.0015,39.1
1.43,-0.0015,0.006,-0.0023,-0.0008,39.0
1.431,-0.003,0.0052,-0.0046,0.0,38.9
1.432,-0.003,0.0037,-0.0038,0.0007,38.8
1.433,-0.003,0.0015,-0.0053,0.0015,38.6
1.434,-0.003,-0.0008,-0.0068,0.0015,38.6
1.435,-0.0008,-0.0008,-0.0053,0.0,38.4
1.436,-0.0008,0.0015,-0.003,0.0007,38.3
1.437,-0.0015,0.0045,0.0015,0.0,38.2
1.438,-0.0015,0.0,0.0022,0.0007,38.1
1.439,-0.0023,-0.0173,0.0045,0.0015,38.0
1.44,-0.0038,-0.021,0.0045,0.0037,37.8
1.441,-0.003,-0.003,0.0045,0.0045,37.8
1.442,-0.0015,0.0015,0.003,0.0052,37.6
1.443,-0.003,-0.0015,0.0007,0.0052,37.4
1.444,-0.0023,-0.0023,0.0,0.0052,37.3
1.445,-0.0023,-0.0053,0.0,0.003,37.2
1.446,-0.003,-0.0091,0.0,0.0015,37.0
1.447,-0.0015,-0.0113,-0.0015,0.003,36.9
1.448,-0.0023,-0.012,-0.0023,0.0007,36.7
1.449,-0.0015,-0.0128,-0.0023,-0.0015,36.6
1.45,-0.003,-0.0091,-0.0023,0.003,36.4
1.451,-0.003,-0.0023,-0.0008,0.0082,36.3
1.452,-0.0015,0.0037,0.0007,0.0127,36.2
1.453,-0.003,0.0157,0.0,0.0195,36.0
1.454,-0.0015,0.027,-0.0008,0.0225,35.9
1.455,-0.0015,0.0285,-0.0008,0.0157,35.7
1.456,-0.0015,0.0367,-0.0008,0.0105,35.6
1.457,-0.0015,0.0307,-0.0015,0.0112,35.5
1.458,-0.0015,-0.0008,-0.0008,0.0045,35.3
1.459,-0.0015,-0.0143,0.0007,0.003,35.1
1.46,-0.003,-0.0165,0.0007,0.0015,35.0
1.461,-0.0023,-0.0181,-0.0015,0.0,34.8
1.462,-0.0046,-0.021,-0.0015,-0.0015,34.6
1.463,-0.0053,-0.033,0.0,-0.0053,34.4
1.464,-0.003,-0.0405,-0.0008,-0.0038,34.2
1.465,-0.003,-0.0458,-0.0008,-0.0008,34.1
1.466,-0.0015,-0.0263,-0.0023,0.003,33.9
1.467,-0.0008,0.018,-0.0015,0.003,33.7
1.468,-0.0008,0.0052,0.0007,0.0015,33.5
1.469,0.0,-0.0338,0.0007,0.0022,33.3
1.47,0.0007,0.0082,0.0015,0.0052,33.1
1.471,0.0022,0.0802,0.0007,0.012,32.9
1.472,0.0015,0.0922,0.0007,0.0195,32.8
1.473,0.0007,0.075,-0.0015,0.018,32.5
1.474,-0.0008,0.0825,-0.0008,0.015,32.4
1.475,-0.0015,0.018,-0.0008,0.0052,32.2
1.476,0.0007,-0.03,-0.0008,-0.0023,32.0
1.477,0.0,-0.0091,-0.0023,-0.0015,31.8
1.478,-0.0015,-0.0128,0.0,-0.0053,31.6
1.479,-0.0038,-0.003,0.0007,-0.0075,31.4
1.48,-0.0046,-0.0158,0.0007,-0.0053,31.2
1.481,-0.0046,-0.0181,-0.0008,0.0007,31.0
1.482,-0.0053,-0.0195,-0.0008,-0.0015,30.7
1.483,-0.0046,-0.0256,0.0015,-0.0105,30.5
1.484,-0.0046,-0.0248,0.003,-0.0143,30.2
1.485,-0.0053,-0.033,0.0037,-0.0181,30.0
1.486,-0.0068,-0.024,0.0015,-0.0165,29.7
1.487,-0.0053,-0.0278,0.0015,-0.0128,29.4
1.488,-0.003,-0.0188,0.0015,-0.0053,29.2
1.489,-0.0015,0.0067,0.0015,0.012,28.9
1.49,-0.0008,0.0202,0.0,0.0165,28.7
1.491,-0.0015,0.0015,-0.0038,0.0142,28.4
1.492,-0.0008,-0.0046,-0.003,0.015,28.2
1.493,0.0015,-0.003,-0.0023,0.0165,27.9
1.494,0.003,-0.033,-0.0008,0.009,27.7
1.495,0.0022,-0.0638,0.0007,-0.012,27.4
1.496,-0.0015,-0.0555,-0.0008,-0.0128,27.2
1.497,-0.0038,0.0037,-0.0015,-0.0015,26.9
1.498,-0.003,0.0517,-0.0008,-0.0015,26.6
1.499,-0.003,0.0427,-0.0015,-0.0046,26.4
1.5,0.0,0.0142,-0.0023,-0.0023,26.1
1.501,0.0037,0.0285,-0.0015,0.003,25.9
1.502,0.0037,0.0225,-0.0023,0.003,25.6
1.503,0.0052,0.0,-0.003,0.0,25.3
1.504,0.0067,-0.021,-0.0015,-0.0038,25.1
1.505,0.0037,-0.0593,0.0,-0.0068,24.7
1.506,0.0007,-0.0691,0.0015,-0.0105,24.5
1.507,-0.0038,-0.0615,0.0007,-0.0128,24.2
1.508,-0.0091,-0.0473,-0.0008,-0.0113,23.9
1.509,-0.0113,-0.0495,-0.0008,-0.0195,23.7
1.51,-0.0098,-0.0645,-0.0046,-0.0233,23.4
1.511,-0.0105,-0.042,-0.0046,-0.0158,23.1
1.512,-0.0098,0.0442,-0.003,-0.0015,22.9
1.513,-0.0091,0.165,-0.0008,0.0157,22.6
1.514,-0.012,0.1762,0.0007,0.0187,22.3
1.515,-0.0105,0.0975,-0.0046,0.0135,22.0
1.516,-0.0046,0.0622,-0.0053,0.009,21.7
1.517,0.0,0.048,-0.003,0.0052,21.5
1.518,0.0022,0.0967,0.0,0.009,21.2
1.519,0.0045,0.0862,0.0037,0.009,20.9
1.52,0.0052,-0.0023,0.0037,-0.0008,20.6
1.521,0.003,-0.0181,0.0007,-0.0128,20.4
1.522,0.0022,-0.0195,0.0,-0.012,20.1
1.523,0.0,-0.0008,-0.0015,-0.0083,19.8
1.524,-0.0046,0.0082,-0.003,-0.0128,19.6
1.525,-0.0068,0.0465,0.0007,-0.0188,19.3
1.526,-0.0091,0.0247,0.0007,-0.0293,19.1
1.527,-0.0083,-0.078,0.0015,-0.0458,18.8
1.528,-0.0038,-0.1215,0.0037,-0.0533,18.5
1.529,0.0007,-0.1515,0.0037,-0.054,18.3
1.53,0.0015,-0.1688,0.0022,-0.0563,18.0
1.531,0.0,-0.192,-0.0008,-0.0518,17.8
1.532,-0.0015,-0.195,-0.0015,-0.039,17.5
1.533,-0.003,-0.15,-0.0008,-0.0165,17.2
1.534,-0.0015,-0.003,0.0045,0.0112,17.0
1.535,-0.0008,0.243,0.0067,0.0487,16.7
1.536,0.0015,0.309,0.0045,0.078,16.4
1.537,-0.0015,0.2055,0.0037,0.057,16.2
1.538,-0.003,0.1072,0.0037,0.0375,15.9
1.539,-0.0038,0.0915,0.006,0.0472,15.7
1.54,-0.0105,0.1072,0.0067,0.0277,15.3
1.541,-0.0143,0.03,0.0067,0.0075,15.2
1.542,-0.006,0.0577,0.0082,0.009,14.9
1.543,0.0045,0.0892,0.006,0.0255,14.7
1.544,0.009,0.0442,0.003,0.033,14.4
1.545,0.0097,0.0225,-0.0008,0.0045,14.2
1.546,0.0075,-0.042,-0.0023,0.0015,14.0
1.547,0.0045,-0.012,-0.003,0.0165,13.8
1.548,0.0052,-0.0143,-0.0008,0.027,13.5
1.549,0.009,-0.0488,0.003,0.0202,13.3
1.55,0.0127,-0.0668,0.0037,-0.0195,13.0
1.551,0.0082,-0.0975,0.003,-0.0308,12.8
1.552,0.0007,-0.0788,-0.0008,-0.0233,12.6
1.553,-0.003,-0.1058,-0.0008,-0.0233,12.4
1.554,-0.0105,-0.1013,0.0015,-0.015,12.1
1.555,-0.0098,-0.0878,-0.0008,-0.012,11.9
1.556,-0.0053,-0.0645,-0.003,-0.0068,11.7
1.557,-0.0046,-0.0038,-0.0015,-0.0053,11.4
1.558,-0.0046,0.0427,0.0015,-0.0015,11.2
1.559,-0.0046,0.0292,0.0015,-0.0015,11.0
1.56,-0.0046,0.0345,-0.0008,-0.0083,10.7
1.561,-0.0068,0.0877,-0.0008,-0.0105,10.6
1.562,-0.0053,-0.0105,-0.0008,-0.0113,10.4
1.563,-0.0053,-0.0593,0.0015,-0.012,10.2
1.564,-0.006,-0.0593,0.0007,-0.0135,10.0
1.565,-0.0091,-0.0765,0.0,-0.0091,9.8
1.566,-0.0075,-0.0413,0.0015,-0.0053,9.6
1.567,-0.0053,-0.0495,0.0015,0.0,9.4
1.568,-0.006,-0.0165,0.0007,0.0082,9.3
1.569,-0.0053,0.0165,-0.0038,0.0112,9.1
1.57,-0.0083,0.0255,-0.0046,0.0052,8.9
1.571,-0.0113,-0.0548,-0.0046,-0.0015,8.7
1.572,-0.012,-0.1125,0.003,-0.0008,8.5
1.573,-0.0128,-0.0735,0.0067,-0.0015,8.3
1.574,-0.0135,-0.066,-0.0008,-0.0068,8.1
1.575,-0.0113,-0.0525,-0.0046,-0.0038,8.0
1.576,-0.0083,-0.054,-0.0091,-0.003,7.8
1.577,-0.0083,-0.0218,-0.0068,-0.0038,7.6
1.578,-0.006,-0.0008,-0.006,0.0007,7.4
1.579,-0.0046,0.0052,-0.0068,0.0082,7.2
1.58,0.0015,0.033,-0.0068,0.0232,7.0
1.581,0.0037,0.0645,-0.0068,0.033,6.9
1.582,0.0015,0.114,-0.0046,0.0315,6.7
1.583,0.0037,0.1155,-0.006,0.0202,6.6
1.584,0.0052,0.123,-0.0046,0.0172,6.5
1.585,0.003,0.1117,-0.003,0.0232,6.3
1.586,0.0015,0.0952,-0.003,0.0127,6.2
1.587,0.0037,0.0832,-0.0023,0.0015,6.0
1.588,-0.003,0.0217,-0.0008,-0.0023,5.9
1.589,-0.0128,0.0142,0.0015,-0.0113,5.8
1.59,-0.0173,0.0067,0.0015,-0.0091,5.6
1.591,-0.012,-0.0083,0.0045,-0.0046,5.5
1.592,-0.003,-0.0068,0.0082,0.0015,5.3
1.593,-0.0008,-0.0278,0.0112,0.0067,5.2
1.594,0.003,-0.012,0.0127,0.0075,5.1
1.595,0.0015,0.0,0.0105,0.0067,4.9
1.596,-0.003,-0.0143,0.0075,-0.0038,4.8
1.597,-0.012,-0.0465,0.0045,-0.0091,4.6
1.598,-0.0143,-0.0428,0.003,-0.0135,4.5
1.599,-0.0083,-0.0405,-0.0015,-0.0278,4.4
1.6,-0.0098,-0.0113,-0.0023,-0.0361,4.2
1.601,-0.006,0.0555,-0.003,-0.0368,4.1
1.602,-0.0046,0.0052,-0.0038,-0.0375,4.1
1.603,-0.0038,0.018,-0.0008,-0.0278,4.0
1.604,0.0022,0.1215,0.0052,-0.0128,3.9
1.605,0.006,0.1912,0.0067,0.0037,3.9
1.606,0.0045,0.1942,0.0037,0.0195,3.8
1.607,-0.0015,0.1335,0.0022,0.03,3.7
1.608,-0.0008,0.1185,0.0,0.0652,3.6
1.609,0.0045,0.0915,0.0045,0.0817,3.6
1.61,0.0142,0.0412,0.006,0.0427,3.5
1.611,0.0157,-0.0346,0.0007,0.012,3.4
1.612,0.0142,-0.0765,-0.0023,-0.003,3.3
1.613,0.015,-0.0953,-0.003,-0.0195,3.3
1.614,0.0105,-0.1163,-0.0015,-0.0233,3.2
1.615,0.0127,-0.0856,-0.0046,-0.0091,3.1
1.616,0.0195,-0.0721,-0.0068,-0.003,3.1
1.617,0.0165,-0.0608,-0.0053,-0.0015,3.0
1.618,0.0037,-0.0721,-0.0068,0.0067,2.9
1.619,-0.0068,-0.0765,-0.0068,0.0045,2.8
1.62,-0.006,-0.0721,-0.0068,-0.0091,2.7
1.621,-0.0053,-0.0668,-0.0023,-0.0091,2.7
1.622,-0.0046,-0.045,-0.003,-0.006,2.6
1.623,-0.0015,-0.0585,-0.0038,-0.0113,2.6
1.624,0.0045,-0.0706,-0.0015,-0.0225,2.6
1.625,0.0052,-0.0706,0.0007,-0.042,2.6
1.626,0.0007,-0.1028,-0.0015,-0.0608,2.5
1.627,-0.003,-0.114,-0.003,-0.0593,2.5
1.628,-0.0105,-0.0653,0.0007,-0.0511,2.5
1.629,-0.0105,-0.0278,0.006,-0.057,2.4
1.63,-0.0053,-0.0443,0.0067,-0.0668,2.4
1.631,-0.0046,-0.0668,0.0045,-0.0518,2.3
1.632,-0.0046,-0.042,0.0052,-0.0046,2.3
1.633,-0.0038,-0.0706,0.0165,0.0457,2.3
1.634,-0.0015,-0.0511,0.024,0.0712,2.2
1.635,0.0007,0.054,0.0142,0.0585,2.2
1.636,0.006,0.0382,0.003,0.018,2.2
1.637,0.0067,-0.0105,-0.0053,-0.0046,2.1
1.638,0.0082,-0.0585,-0.0105,0.009,2.1
1.639,0.0075,-0.063,-0.012,0.0255,2.1
1.64,0.0022,0.1005,-0.0083,0.024,2.0
1.641,0.0067,0.3007,-0.0008,0.0315,2.0
1.642,0.0067,0.2332,-0.0068,0.0135,2.0
1.643,0.0007,-0.0361,-0.012,-0.012,2.0
1.644,0.003,-0.0383,-0.0091,-0.0098,2.0
1.645,0.0,0.0315,-0.0038,-0.024,2.1
1.646,-0.0158,0.0817,-0.0008,-0.0105,2.1
1.647,-0.0248,0.2527,-0.0008,0.0187,2.1
1.648,-0.0225,0.2955,-0.0023,0.03,2.1
1.649,-0.0083,0.087,-0.0083,0.0345,2.1
1.65,0.0187,-0.0436,-0.0091,0.0067,2.2
1.651,0.0405,-0.027,-0.0091,-0.0158,2.2
1.652,0.0382,-0.0458,-0.0068,0.0075,2.2
1.653,0.0255,0.0037,-0.0008,0.0195,2.2
1.654,0.0112,-0.0608,-0.0008,0.009,2.2
1.655,0.009,-0.0405,0.0022,0.003,2.2
1.656,0.0097,-0.042,0.0015,-0.0128,2.2
1.657,-0.0046,-0.1253,-0.003,-0.0105,2.2
1.658,-0.0218,-0.0706,-0.0046,0.003,2.2
1.659,-0.0405,-0.093,-0.0015,0.0165,2.3
1.66,-0.0368,-0.0578,0.006,0.0082,2.3
1.661,-0.0218,-0.0765,0.0105,-0.0083,2.4
1.662,-0.0218,-0.1238,0.012,-0.0098,2.5
1.663,-0.0181,-0.078,0.009,-0.0225,2.6
1.664,-0.012,-0.0458,0.0082,-0.0203,2.6
1.665,0.0015,-0.0458,0.0045,-0.0068,2.7
1.666,0.0157,-0.0465,-0.0023,0.0232,2.8
1.667,0.0225,-0.0203,-0.0075,0.0457,2.9
1.668,0.0255,0.0277,-0.0053,0.0292,3.0
1.669,0.0195,0.144,0.0045,0.018,3.1
1.67,0.0045,0.168,0.0127,-0.0075,3.1
1.671,-0.0158,0.0382,0.0105,-0.0593,3.2
1.672,-0.027,-0.0863,0.0037,-0.1013,3.3
1.673,-0.0023,-0.1155,-0.003,-0.1103,3.4
1.674,0.0675,-0.1238,-0.0046,-0.0818,3.5
1.675,0.093,-0.0998,0.0052,-0.03,3.6
1.676,0.0352,-0.0503,0.0082,0.012,3.6
1.677,0.0007,-0.0398,0.006,0.0262,3.7
1.678,-0.0195,-0.0203,0.0015,0.027,3.8
1.679,-0.048,0.0555,-0.0046,0.054,3.9
1.68,-0.0608,0.222,-0.0053,0.099,4.0
1.681,-0.0713,0.192,-0.0068,0.0697,4.0
1.682,-0.0608,0.0315,-0.0083,-0.033,4.1
1.683,-0.0615,-0.0338,-0.012,-0.0878,4.1
1.684,-0.0668,-0.0473,-0.0105,-0.0758,4.2
1.685,-0.0458,0.0922,-0.0083,-0.0315,4.3
1.686,-0.0203,0.0877,-0.0008,0.0187,4.3
1.687,0.003,-0.039,0.0022,0.0315,4.4
1.688,0.021,-0.0233,-0.0053,0.0277,4.4
1.689,0.0352,0.084,-0.012,0.0105,4.5
1.69,0.0367,0.1357,-0.0195,-0.0083,4.5
1.691,0.0247,-0.0091,-0.0165,-0.0218,4.6
1.692,0.0142,-0.0518,-0.0128,-0.057,4.7
1.693,0.0022,-0.0158,-0.0113,-0.0533,4.7
1.694,-0.0181,-0.0181,0.0052,-0.0068,4.8
1.695,-0.0195,0.0217,0.027,0.0427,4.9
1.696,-0.0046,0.0787,0.027,0.072,4.9
1.697,0.0172,0.0622,0.012,0.072,4.9
1.698,0.0435,-0.0743,-0.0098,0.0705,5.0
1.699,0.039,-0.1178,-0.0256,0.048,5.1
1.7,0.024,-0.1838,-0.03,0.0577,5.1
1.701,0.0135,-0.1935,-0.0256,0.0742,5.1
1.702,0.0022,-0.1411,-0.0143,0.0465,5.1
1.703,0.0097,-0.105,-0.0083,0.0412,5.1
1.704,0.0202,0.0007,0.0015,0.0517,5.1
1.705,0.0195,0.0712,0.009,0.084,5.1
1.706,0.0105,0.1537,0.03,0.0997,5.1
1.707,-0.0038,0.2302,0.0367,0.0637,5.1
1.708,-0.0158,0.1252,0.0165,0.0015,5.1
1.709,-0.0083,-0.0143,0.0217,-0.0578,5.1
1.71,0.0067,-0.027,0.0375,-0.093,5.1
1.711,0.0165,-0.0593,0.0337,-0.084,5.1
1.712,-0.0158,-0.042,0.0195,-0.066,5.1
1.713,-0.0728,-0.0225,0.0217,-0.0691,5.1
1.714,-0.084,-0.0181,0.0442,-0.0668,5.1
1.715,-0.057,-0.0495,0.0465,-0.0721,5.1
1.716,-0.0098,-0.0721,0.0165,-0.0721,5.1
1.717,0.027,-0.039,-0.0143,-0.0818,5.1
1.718,0.054,-0.0046,-0.0278,-0.0848,5.1
1.719,0.093,0.096,-0.0353,-0.0713,5.1
1.72,0.0937,0.0495,-0.0488,-0.0458,5.1
1.721,0.1042,-0.0495,-0.0533,-0.0165,5.0
1.722,0.1747,-0.0458,-0.0533,-0.0046,4.9
1.723,0.1725,-0.0353,-0.0436,0.0037,4.8
1.724,0.0465,0.003,-0.027,0.0052,4.7
1.725,-0.0615,0.0202,-0.0323,0.0142,4.6
1.726,-0.1253,0.0232,-0.0308,0.0322,4.5
1.727,-0.1441,0.0195,-0.0091,0.0435,4.4
1.728,-0.1193,-0.0083,0.0075,0.0292,4.3
1.729,-0.099,0.015,0.0112,-0.003,4.1
1.73,-0.0893,0.0277,0.012,-0.0165,4.0
1.731,-0.1013,0.0022,0.0157,-0.027,3.9
1.732,-0.0871,-0.0143,0.0255,-0.0315,3.8
1.733,-0.057,-0.0398,0.0337,-0.0315,3.7
1.734,-0.0405,-0.0773,0.0315,-0.0458,3.6
1.735,-0.0128,-0.1028,0.0262,-0.0315,3.5
1.736,0.0067,-0.1133,0.0292,-0.0165,3.3
1.737,0.0165,-0.1441,0.0307,-0.0158,3.2
1.738,0.0142,-0.1418,0.039,-0.0053,3.1
1.739,0.0015,-0.1028,0.0472,-0.0038,3.0
1.74,-0.0008,0.0187,0.0442,0.0405,2.8
1.741,0.0112,0.2272,0.0382,0.1095,2.8
1.742,0.024,0.3127,0.0322,0.1432,2.8
1.743,0.024,0.2347,0.0292,0.132,2.8
1.744,0.027,0.21,0.03,0.1237,2.9
1.745,0.0165,0.2602,0.0277,0.1492,2.9
1.746,-0.0015,0.2355,0.0135,0.105,2.9
1.747,-0.0128,0.1087,-0.0046,0.0345,2.9
1.748,-0.0083,0.0345,-0.006,0.018,2.9
1.749,0.0315,0.0217,0.0037,-0.0053,2.9
1.75,0.0442,-0.0105,0.003,-0.0203,2.9
1.751,0.0082,-0.0285,0.0052,-0.0233,2.9
1.752,-0.0165,-0.054,0.0127,-0.027,2.9
1.753,-0.0323,-0.0555,0.0127,-0.0233,2.9
1.754,-0.0285,-0.075,-0.0008,-0.024,2.9
1.755,-0.0053,-0.0863,-0.0083,-0.0181,2.9
1.756,0.009,-0.0953,-0.0091,-0.0256,2.9
1.757,0.018,-0.1118,-0.0203,-0.039,3.0
1.758,0.0067,-0.0788,-0.0113,-0.0368,3.0
1.759,0.003,-0.0593,0.015,-0.0315,3.0
1.76,0.0007,-0.0428,0.0217,-0.0233,3.0
1.761,-0.0128,-0.0203,0.009,-0.0068,3.1
1.762,-0.0091,0.0165,-0.0015,0.0105,3.4
1.763,-0.0008,0.0585,-0.0091,0.0157,3.6
1.764,0.015,0.0555,-0.0046,0.003,3.8
1.765,0.0255,-0.0225,0.012,-0.0105,4.0
1.766,-0.0008,-0.093,0.0135,-0.0308,4.2
1.767,-0.003,-0.0308,0.0067,-0.0458,4.4
1.768,0.033,0.0667,-0.003,-0.0428,4.6
1.769,0.0202,0.069,-0.0285,-0.03,4.8
1.77,-0.0046,0.0607,-0.0495,-0.0135,5.0
1.771,0.012,0.0502,-0.0548,-0.0113,5.2
1.772,0.0135,-0.0413,-0.0488,0.0052,5.3
1.773,-0.0158,-0.0285,-0.0338,0.0247,5.6
1.774,-0.0615,-0.0135,-0.0293,0.033,5.8
1.775,-0.0878,-0.0743,-0.0256,0.0465,6.0
1.776,-0.066,-0.0593,-0.0165,0.0292,6.2
1.777,-0.0195,-0.0856,-0.012,0.0052,6.4
1.778,0.0022,-0.108,-0.0038,-0.0143,6.6
1.779,0.0007,-0.1373,-0.0068,-0.0323,6.8
1.78,0.009,-0.1635,-0.0053,-0.0248,7.0
1.781,0.0255,-0.1741,-0.0008,-0.0158,7.1
1.782,0.0262,-0.1785,-0.0091,-0.0053,7.2
1.783,0.0082,-0.1118,-0.0158,0.0,7.4
1.784,0.003,-0.0113,-0.0218,-0.0008,7.6
1.785,0.0142,0.1305,-0.0278,-0.0046,7.7
1.786,0.0277,0.2085,-0.027,0.006,7.8
1.787,0.0315,0.243,-0.0188,0.0202,8.0
1.788,0.0157,0.2002,-0.0203,0.0262,8.1
1.789,0.0105,0.1312,-0.024,0.048,8.3
1.79,0.0465,0.207,-0.015,0.0465,8.5
1.791,0.0705,0.24,0.0007,0.0345,8.6
1.792,0.051,0.1657,0.0112,0.009,8.7
1.793,0.0247,-0.0068,-0.0008,-0.0323,8.9
1.794,0.0165,-0.0788,-0.0091,-0.0361,9.0
1.795,0.057,-0.0353,-0.0113,-0.0361,9.2
1.796,0.1042,-0.057,-0.0181,-0.0346,9.3
1.797,0.0915,-0.0383,-0.0188,-0.0323,9.4
1.798,0.042,-0.0436,-0.0181,-0.0368,9.6
1.799,-0.021,-0.033,-0.024,-0.03,9.8
1.8,-0.105,-0.027,-0.024,-0.0353,9.9
1.801,-0.1635,-0.0533,-0.0098,-0.039,9.9
1.802,-0.1658,-0.0503,0.003,-0.0353,10.0
1.803,-0.1441,-0.0623,-0.0008,-0.03,10.0
1.804,-0.1328,-0.0503,-0.0158,-0.0181,10.1
1.805,-0.093,-0.0293,-0.0256,-0.015,10.1
1.806,-0.0203,-0.024,-0.024,-0.021,10.2
1.807,-0.0068,-0.0203,-0.0188,-0.027,10.2
1.808,-0.0195,-0.003,-0.024,-0.0346,10.3
1.809,-0.0158,0.0157,-0.03,-0.0383,10.3
1.81,-0.0068,0.0255,-0.0368,-0.027,10.3
1.811,0.0195,-0.024,-0.039,-0.0165,10.3
1.812,0.0645,-0.063,-0.0346,-0.0105,10.4
1.813,0.1102,-0.0555,-0.0188,-0.0105,10.4
1.814,0.1372,-0.0675,0.0195,-0.0158,10.5
1.815,0.1282,-0.0278,0.0487,-0.0143,10.5
1.816,0.084,0.0802,0.0532,-0.0158,10.6
1.817,0.0367,0.18,0.0375,-0.0195,10.6
1.818,0.009,0.1297,0.0195,-0.0323,10.7
1.819,-0.0113,0.0172,0.018,-0.039,10.7
1.82,-0.0413,-0.0083,0.0202,-0.0113,10.7
1.821,-0.075,0.0165,0.012,0.0135,10.7
1.822,-0.0495,0.024,-0.0008,0.015,10.7
1.823,-0.0165,-0.0323,0.003,0.0075,10.6
1.824,-0.0173,-0.0443,0.006,0.0037,10.5
1.825,-0.0015,-0.0413,0.006,0.0045,10.4
1.826,0.0022,-0.057,0.0037,0.0067,10.3
1.827,-0.003,-0.0503,0.0082,0.0112,10.3
1.828,-0.0008,-0.054,0.0142,0.012,10.2
1.829,0.0075,-0.048,0.0172,0.0105,10.1
1.83,0.0217,-0.048,0.0202,0.0075,10.0
1.831,0.018,-0.0436,0.0172,0.0022,9.9
1.832,0.0112,-0.0323,0.0232,0.0015,9.9
1.833,0.0037,-0.0181,0.027,0.009,9.8
1.834,0.0022,0.0007,0.021,0.0172,9.7
1.835,0.0007,-0.0091,0.0142,0.0157,9.6
1.836,-0.0075,-0.0195,0.0127,0.0142,9.5
1.837,-0.0181,-0.0143,0.009,0.021,9.4
1.838,-0.033,-0.0068,0.006,0.0285,9.4
1.839,-0.0413,-0.0053,0.0082,0.024,9.3
1.84,-0.0443,-0.003,0.0067,0.0157,9.2
1.841,-0.0323,0.0015,0.0075,0.0127,9.2
1.842,-0.0195,0.0015,0.0007,0.0157,9.1
1.843,-0.0105,-0.0008,0.0,0.018,9.0
1.844,0.0,0.0015,0.009,0.0225,9.0
1.845,0.0007,0.0037,0.0112,0.0202,8.9
1.846,-0.0008,-0.0023,0.0082,0.018,8.9
1.847,0.0007,-0.0098,0.0105,0.0165,8.8
1.848,0.006,-0.003,0.015,0.0127,8.7
1.849,0.0052,0.0105,0.015,0.0165,8.7
1.85,0.0015,0.0052,0.0165,0.0127,8.6
1.851,-0.0038,-0.0113,0.0135,0.0037,8.5
1.852,-0.0083,-0.0091,0.012,0.0007,8.5
1.853,-0.0053,-0.0053,0.012,-0.0008,8.4
1.854,-0.0083,-0.0015,0.009,0.0,8.4
1.855,-0.0053,0.0045,0.0097,0.0105,8.3
1.856,0.0007,0.0082,0.009,0.033,8.2
1.857,-0.0008,0.0112,0.0105,0.048,8.2
1.858,0.0037,0.0082,0.0135,0.033,8.1
1.859,0.003,-0.0023,0.012,0.0052,8.1
1.86,-0.003,-0.0113,0.006,0.0015,8.0
1.861,-0.0068,0.0007,0.0052,0.0037,8.0
1.862,-0.0083,0.0067,0.006,0.0045,8.0
1.863,-0.0053,0.012,0.0022,0.0082,8.0
1.864,-0.0046,0.054,-0.0015,0.0127,8.0
1.865,-0.0015,0.0907,-0.0038,0.0315,8.0
1.866,-0.0008,0.0697,-0.0068,0.0345,8.0
1.867,-0.0068,0.03,-0.0083,0.0195,8.1
1.868,-0.0075,0.0127,-0.0083,0.0007,8.1
1.869,-0.0068,0.0015,-0.0068,-0.0143,8.1
1.87,-0.0046,-0.0015,-0.0053,-0.027,8.1
1.871,-0.0053,-0.0038,-0.0038,-0.0353,8.1
1.872,-0.0075,-0.006,-0.0015,-0.0181,8.1
1.873,-0.0068,-0.0068,0.0,-0.003,8.1
1.874,-0.0015,-0.0218,0.0,-0.0105,8.1
1.875,0.003,-0.0398,0.0015,-0.0165,8.1
1.876,0.0007,-0.045,-0.0015,-0.015,8.1
1.877,0.0,-0.0383,-0.0075,-0.012,8.1
1.878,0.0082,-0.0263,-0.0135,-0.0158,8.2
1.879,0.0142,0.0052,-0.0143,-0.0143,8.2
1.88,0.0105,0.0727,-0.012,-0.0068,8.2
1.881,0.0075,0.114,-0.012,0.0,8.3
1.882,0.0045,0.078,-0.0098,-0.0015,8.4
1.883,0.0007,0.0315,-0.0068,-0.0083,8.5
1.884,0.0105,0.0007,-0.0046,-0.012,8.6
1.885,0.0142,-0.0165,-0.0046,-0.0128,8.8
1.886,0.0052,-0.0203,-0.0083,-0.0143,8.9
1.887,-0.0075,-0.0195,-0.0105,-0.0135,9.0
1.888,-0.0256,-0.0128,-0.0068,-0.0128,9.1
1.889,-0.0428,-0.012,-0.0046,-0.012,9.2
1.89,-0.048,-0.006,0.0,-0.0083,9.4
1.891,-0.0263,-0.0053,0.0,-0.003,9.4
1.892,-0.0015,-0.0046,-0.0015,-0.0023,9.6
1.893,0.0045,-0.0083,-0.0015,-0.0053,9.7
1.894,0.0112,-0.012,-0.0046,-0.006,9.8
1.895,0.0165,-0.0053,-0.006,-0.0046,9.9
1.896,0.027,-0.0023,-0.0053,-0.0105,10.0
1.897,0.027,-0.0015,-0.0068,-0.0173,10.1
1.898,0.0112,-0.0015,-0.0046,-0.0128,10.3
1.899,0.003,0.0015,-0.0015,-0.0075,10.3
1.9,-0.012,0.0015,-0.0015,-0.0038,10.5
1.901,-0.0233,0.0015,-0.003,0.0015,10.5
1.902,-0.003,0.003,-0.0008,0.0037,10.5
1.903,0.0052,0.003,0.0045,0.0,10.5
1.904,-0.003,0.0045,0.0067,-0.0083,10.6
1.905,0.0007,0.0037,0.018,-0.0098,10.6
1.906,-0.0015,0.0037,0.0225,-0.0068,10.6
1.907,-0.0015,0.0007,0.0142,-0.0046,10.6
1.908,0.0067,-0.0053,0.0045,-0.0046,10.6
1.909,0.021,-0.0091,-0.006,-0.0053,10.7
1.91,0.0225,-0.015,-0.0046,-0.0046,10.7
1.911,0.0045,-0.0165,-0.0015,-0.003,10.7
1.912,0.0105,-0.0135,-0.0046,-0.0008,10.7
1.913,0.015,-0.012,-0.0091,0.003,10.7
1.914,0.0105,-0.006,-0.0128,0.0015,10.7
1.915,0.012,-0.003,-0.0128,0.0015,10.7
1.916,0.0142,-0.0023,-0.0203,0.0007,10.7
1.917,0.0202,-0.0015,-0.0195,-0.0023,10.8
1.918,0.0172,-0.003,-0.0068,-0.0038,10.8
1.919,0.0067,0.0007,-0.0046,-0.0023,10.8
1.92,0.0,0.003,-0.0098,0.0,10.8
1.921,0.003,0.0007,-0.0165,-0.0008,10.8
1.922,-0.0008,-0.0015,-0.0203,-0.0023,10.7
1.923,-0.0158,-0.0046,-0.0173,-0.003,10.7
1.924,-0.042,0.0007,-0.0068,-0.0023,10.6
1.925,-0.0668,0.006,0.0,-0.003,10.5
1.926,-0.0653,0.0045,-0.003,-0.0046,10.4
1.927,-0.0346,0.0067,-0.0015,-0.0015,10.3
1.928,0.0015,0.0082,-0.0008,0.0015,10.3
1.929,0.0157,0.009,-0.0008,0.0045,10.2
1.93,0.0262,0.012,0.003,0.003,10.1
1.931,0.0307,0.0067,0.0172,0.0007,10.0
1.932,0.015,0.0022,0.0232,0.0015,9.9
1.933,0.0067,0.0007,0.0195,0.0022,9.9
1.934,0.0052,0.0007,0.0165,0.0007,9.8
1.935,0.003,-0.0023,0.009,-0.0015,9.7
1.936,0.0022,-0.0113,0.0082,0.0007,9.6
1.937,0.0007,-0.0165,0.0067,0.003,9.5
1.938,0.0007,-0.0158,0.006,0.0052,9.4
1.939,-0.0038,-0.012,0.0082,0.0045,9.4
1.94,-0.0046,-0.0091,0.0127,0.0022,9.2
1.941,0.0015,-0.0083,0.0105,-0.003,9.2
1.942,0.0022,-0.0083,0.0082,-0.0068,9.2
1.943,-0.0015,-0.0083,0.0127,-0.0046,9.1
1.944,-0.0023,-0.0105,0.009,-0.0023,9.0
1.945,-0.0008,-0.0098,0.009,-0.003,9.0
1.946,0.0007,-0.0083,0.0082,-0.0046,9.0
1.947,-0.0015,-0.0105,0.0007,-0.0053,8.9
1.948,-0.0015,-0.0098,0.0022,-0.0053,8.9
1.949,-0.0015,-0.012,0.0052,-0.006,8.8
1.95,-0.0046,-0.0143,0.0,-0.0053,8.7
1.951,-0.0008,-0.0158,-0.0105,-0.0068,8.7
1.952,0.0045,-0.0165,-0.0143,-0.0091,8.6
1.953,0.009,-0.0173,-0.0083,-0.0075,8.6
1.954,0.0225,-0.0225,-0.0075,-0.0091,8.5
1.955,0.0315,-0.024,-0.006,-0.0143,8.5
1.956,0.024,-0.0256,0.0007,-0.0181,8.5
1.957,0.0067,-0.027,0.0,-0.0203,8.4
1.958,-0.0046,-0.0285,-0.0015,-0.0195,8.3
1.959,-0.021,-0.0233,0.0052,-0.015,8.3
1.96,-0.0443,-0.0165,0.009,-0.003,8.2
1.961,-0.0495,-0.0128,0.0142,0.0105,8.2
1.962,-0.0293,-0.0075,0.0105,0.0165,8.2
1.963,-0.012,-0.0038,0.003,0.0157,8.2
1.964,-0.0091,0.0007,0.003,0.0187,8.2
1.965,-0.0046,0.0007,0.0007,0.0165,8.3
1.966,-0.0053,-0.0008,0.0022,0.0067,8.3
1.967,-0.0046,0.0007,0.0007,0.0007,8.3
1.968,-0.0038,0.003,-0.0015,-0.0046,8.3
1.969,-0.0053,0.0075,-0.0008,-0.0075,8.3
1.97,-0.003,0.0097,-0.0038,-0.0068,8.4
1.971,-0.0023,0.012,-0.0046,-0.0046,8.4
1.972,-0.0015,0.0142,-0.0046,-0.0015,8.4
1.973,-0.003,0.0172,-0.0038,0.0037,8.4
1.974,-0.0046,0.0195,-0.0053,0.0105,8.4
1.975,-0.0038,0.0225,-0.0083,0.0075,8.4
1.976,-0.003,0.0232,-0.0068,0.0045,8.5
1.977,-0.003,0.0202,-0.0038,0.0052,8.5
1.978,-0.003,0.0195,-0.0023,0.0015,8.5
1.979,-0.0015,0.0165,-0.003,-0.0008,8.5
1.98,-0.003,0.0165,-0.0038,-0.0008,8.5
1.981,-0.0023,0.0157,-0.0015,-0.0008,8.5
1.982,-0.0008,0.015,-0.0008,0.0,8.5
1.983,0.0,0.0187,-0.0015,0.0007,8.5
1.984,-0.0008,0.0202,0.0,0.0007,8.5
1.985,0.0007,0.0225,-0.0023,0.0015,8.5
1.986,-0.003,0.024,-0.0008,0.0052,8.5
1.987,-0.0098,0.0255,0.0007,0.0045,8.5
1.988,-0.0046,0.0247,0.0007,0.0037,8.5
1.989,0.0022,0.0255,0.0015,0.0037,8.5
1.99,0.0015,0.024,-0.0008,0.003,8.5
1.991,0.0,0.0187,0.0007,0.0015,8.5
1.992,-0.0038,0.0135,0.0015,0.003,8.5
1.993,0.0007,0.0105,0.0,0.0067,8.5
1.994,0.0037,0.0105,-0.0023,0.0067,8.5
1.995,0.0015,0.0097,-0.0046,0.0045,8.5
1.996,0.0,0.0105,-0.003,0.0052,8.5
1.997,-0.0091,0.0105,-0.0023,0.0067,8.5
1.998,-0.0173,0.012,-0.003,0.006,8.5
1.999,-0.0091,0.0127,-0.0015,0.0067,8.5
2.0,0.0067,0.012,-0.003,0.006,8.5
2.001,0.0037,0.012,-0.0046,0.0052,8.5
2.002,0.0007,0.009,-0.0075,0.006,8.5
2.003,0.003,0.0045,-0.006,0.0045,8.5
2.004,-0.0008,-0.0008,-0.0015,0.0037,8.5
2.005,-0.0053,-0.0053,-0.0046,0.003,8.5
2.006,-0.0053,-0.0105,-0.0038,0.003,8.5
2.007,0.0007,-0.012,-0.0008,0.003,8.5
2.008,0.0,-0.0105,0.0015,0.0022,8.5
2.009,0.0015,-0.012,0.0037,0.003,8.5
2.01,0.0022,-0.0113,0.0052,0.003,8.4
2.011,0.0015,-0.0113,0.0052,0.0,8.4
2.012,0.0045,-0.0091,0.0045,0.0007,8.4
2.013,0.0007,-0.0098,0.006,0.0007,8.4
2.014,0.0,-0.0098,0.006,0.0,8.4
2.015,-0.0008,-0.0083,0.0052,-0.003,8.4
2.016,-0.0008,-0.0083,0.0045,-0.0053,8.4
2.017,-0.0008,-0.0068,0.0015,-0.003,8.4
2.018,-0.0015,-0.0091,0.0022,-0.0015,8.3
2.019,0.0,-0.0091,0.0022,-0.0015,8.3
2.02,-0.0015,-0.0083,0.003,-0.0023,8.3
2.021,-0.003,-0.0091,0.0015,-0.0046,8.3
2.022,-0.0023,-0.0105,0.0007,-0.0046,8.2
2.023,-0.0015,-0.0113,0.0007,-0.0053,8.2
2.024,0.0007,-0.012,-0.0008,-0.0015,8.2
2.025,0.0007,-0.0158,-0.0008,0.0015,8.1
2.026,-0.0008,-0.0165,-0.0015,0.0007,8.1
2.027,-0.0008,-0.0113,-0.0023,-0.0008,8.1
2.028,-0.0015,-0.0091,-0.0008,-0.003,8.0
2.029,-0.0015,-0.0091,-0.003,-0.0015,8.0
2.03,-0.0008,-0.0091,-0.0008,-0.0015,7.9
2.031,-0.0008,-0.0105,-0.0008,0.0007,7.9
2.032,-0.003,-0.0128,-0.0008,0.0045,7.9
2.033,-0.003,-0.0143,0.0007,0.0015,7.8
2.034,-0.0023,-0.0165,0.0007,-0.0008,7.8
2.035,-0.003,-0.0158,0.0015,-0.0023,7.7
2.036,-0.0015,-0.0158,0.0007,-0.0023,7.7
2.037,-0.0015,-0.0143,0.0015,-0.0053,7.7
2.038,-0.0023,-0.0143,0.0052,-0.0075,7.6
2.039,-0.0008,-0.0128,0.0052,-0.0075,7.6
2.04,-0.0015,-0.0083,0.0022,-0.0098,7.5
2.041,-0.003,-0.0053,0.0015,-0.0083,7.5
2.042,-0.003,-0.0046,0.0,-0.0068,7.5
2.043,-0.003,-0.0008,0.0,-0.0053,7.4
2.044,-0.0015,0.0,0.0015,-0.0053,7.3
2.045,0.003,0.0015,0.0007,-0.0038,7.3
2.046,0.0007,0.0037,-0.003,-0.0008,7.2
2.047,-0.0008,0.0037,-0.003,0.0015,7.2
2.048,-0.003,0.003,-0.003,0.0067,7.1
2.049,-0.0023,0.0022,-0.0038,0.0045,7.1
2.05,-0.0023,0.0045,-0.0008,0.0007,7.0
2.051,-0.0038,0.003,0.0007,0.0007,7.0
2.052,-0.0008,0.003,0.0007,-0.0015,6.9
2.053,0.0007,0.0037,0.0007,-0.0008,6.8
2.054,0.0015,0.0045,0.0007,-0.0008,6.8
2.055,0.0052,0.0075,-0.0015,-0.0015,6.7
2.056,0.009,0.0075,-0.0008,-0.0008,6.7
2.057,0.0015,0.0082,0.0007,0.0,6.7
2.058,-0.0068,0.006,0.0007,0.0015,6.6
2.059,-0.0046,0.0037,-0.0008,0.0015,6.5
2.06,-0.0046,0.003,-0.0023,-0.0015,6.4
2.061,-0.0053,0.0015,-0.0008,-0.0023,6.4
2.062,-0.0046,0.0007,0.0015,-0.0008,6.4
2.063,-0.0038,0.0007,0.0007,-0.0008,6.3
2.064,-0.0023,0.0007,0.003,0.0,6.3
2.065,-0.003,0.0015,0.0022,-0.0015,6.2
2.066,-0.0038,0.0037,0.0015,-0.0046,6.2
2.067,-0.003,0.003,0.0037,-0.0053,6.1
2.068,-0.0038,0.0067,0.0015,-0.006,6.1
2.069,-0.003,0.0097,0.0022,-0.003,6.0
2.07,-0.003,0.0135,0.0022,0.003,6.0
2.071,-0.003,0.0142,0.0022,0.0045,5.9
2.072,-0.0038,0.0007,0.003,0.0015,5.9
2.073,-0.003,0.0015,0.0022,-0.0008,5.8
2.074,-0.003,0.0045,0.0007,0.0007,5.8
2.075,-0.003,0.0,-0.0008,0.0022,5.7
2.076,-0.003,0.003,-0.003,0.006,5.7
2.077,-0.003,0.003,-0.0023,0.0082,5.6
2.078,-0.0053,0.0045,-0.0008,0.009,5.6
2.079,-0.0053,0.003,-0.0023,0.0067,5.5
2.08,-0.0038,0.0015,-0.0008,0.0015,5.4
2.081,-0.0023,0.0,-0.0008,0.0,5.4
2.082,0.0007,-0.003,-0.003,-0.0053,5.4
2.083,0.0007,-0.0015,-0.0053,-0.0046,5.3
2.084,-0.0008,-0.0015,-0.0046,-0.0015,5.3
2.085,-0.003,-0.0008,-0.0046,0.0007,5.2
2.086,-0.0053,0.0015,-0.0053,0.003,5.2
2.087,-0.0053,0.0045,-0.0053,0.009,5.1
2.088,-0.0038,0.0045,-0.0053,0.0105,5.1
2.089,-0.0053,0.0037,-0.0015,0.0075,5.0
2.09,-0.003,0.003,-0.0008,0.0067,4.9
2.091,0.0015,0.0045,-0.0008,0.0067,4.9
2.092,0.003,0.003,-0.0008,0.0045,4.9
2.093,0.0045,0.003,0.0015,0.0015,4.8
2.094,0.003,0.0015,0.0045,0.0015,4.8
2.095,0.003,-0.0015,-0.0008,0.0,4.7
2.096,0.0045,-0.0023,-0.0053,-0.0015,4.7
2.097,0.0052,-0.0023,-0.0068,-0.0046,4.6
2.098,0.0037,-0.003,-0.0053,-0.0046,4.5
2.099,-0.0008,-0.0053,-0.003,-0.0046,4.5
2.1,-0.0038,-0.0068,-0.003,-0.0068,4.4
2.101,-0.0023,-0.0083,-0.0046,-0.0053,4.4
2.102,0.0007,-0.0091,-0.0023,-0.0046,4.4
2.103,-0.0046,-0.0083,0.0007,-0.003,4.3
2.104,-0.0068,-0.0053,-0.0008,-0.0015,4.2
2.105,-0.0038,-0.0038,-0.003,-0.0008,4.2
2.106,-0.0023,-0.0038,-0.0015,0.0007,4.1
2.107,-0.0008,-0.003,0.0007,-0.0008,4.0
2.108,-0.0038,-0.003,0.0075,-0.0008,4.0
2.109,-0.003,-0.003,0.0082,-0.0008,4.0
2.11,-0.0023,-0.0015,0.0075,-0.0008,3.9
2.111,-0.0023,-0.0023,0.0052,-0.0015,3.8
2.112,-0.003,-0.006,0.0037,-0.0053,3.8
2.113,-0.003,-0.0068,0.0067,-0.0068,3.7
2.114,-0.0015,-0.0068,0.0082,-0.0038,3.6
2.115,-0.0008,-0.0083,0.0067,-0.0038,3.6
2.116,0.0045,-0.0068,0.0045,-0.0008,3.6
2.117,0.009,-0.0053,0.0015,-0.0023,3.5
2.118,0.012,-0.003,0.0,-0.003,3.4
2.119,0.0015,0.0,0.0015,-0.0015,3.4
2.12,-0.015,0.0015,0.0015,-0.0015,3.3
2.121,-0.0165,0.0052,0.0007,-0.0008,3.3
2.122,-0.0083,0.006,-0.0008,-0.0008,3.2
2.123,-0.0008,0.006,-0.003,-0.0008,3.2
2.124,-0.003,0.0052,-0.0046,0.0007,3.1
2.125,-0.0015,0.003,-0.0053,0.0,3.1
2.126,-0.0015,0.0022,-0.0046,-0.003,3.0
2.127,-0.006,0.0007,-0.003,-0.003,3.0
2.128,-0.0105,0.0,-0.0046,-0.0023,2.9
2.129,-0.0075,0.0022,-0.0046,-0.003,2.9
2.13,-0.003,0.0007,-0.0053,-0.003,2.8
2.131,-0.0068,-0.0008,-0.003,-0.0023,2.8
2.132,-0.0046,-0.003,0.0007,-0.0023,2.7
2.133,-0.0038,-0.0046,-0.0008,-0.003,2.7
2.134,-0.0015,-0.0053,-0.0015,-0.003,2.6
2.135,0.0015,-0.0053,0.0,-0.0008,2.6
2.136,0.0,-0.003,0.003,0.0,2.5
2.137,-0.0015,0.0007,0.0052,0.0,2.5
2.138,0.0007,0.0007,0.0052,0.0,2.4
2.139,0.0007,0.0007,0.0052,-0.0008,2.4
2.14,0.0,0.0007,0.0052,0.0,2.3
2.141,0.0007,0.0015,0.003,-0.0008,2.3
2.142,-0.0008,0.003,0.0007,-0.0008,2.3
2.143,0.0007,0.003,0.0,-0.0015,2.2
2.144,-0.0015,0.0037,0.0015,-0.0023,2.2
2.145,-0.0023,0.0037,0.0022,-0.0008,2.2
2.146,-0.0008,0.0037,0.0015,-0.0008,2.2
2.147,-0.0038,0.003,-0.0008,-0.0023,2.2
2.148,-0.0015,0.0007,0.0015,-0.0008,2.1
2.149,-0.0015,-0.0023,0.0022,0.0007,2.1
2.15,-0.0023,-0.003,0.0015,-0.0008,2.1
2.151,-0.003,-0.003,0.003,0.0,2.0
2.152,-0.0046,-0.0038,0.0052,-0.0008,2.0
2.153,-0.0038,-0.0046,0.0052,0.0,2.0
2.154,-0.0015,-0.0053,0.0045,0.0015,2.0
2.155,-0.0015,-0.0046,0.0045,0.0007,1.9
2.156,-0.003,-0.0053,0.0037,-0.0008,1.9
2.157,-0.003,-0.0068,0.003,-0.003,1.9
2.158,-0.0046,-0.0068,0.0015,-0.0015,1.8
2.159,-0.0046,-0.0068,0.0015,-0.0023,1.8
2.16,-0.0046,-0.0053,0.0,-0.003,1.8
2.161,-0.0053,-0.0046,-0.003,-0.0046,1.8
2.162,-0.0053,-0.003,-0.0046,-0.006,1.8
2.163,-0.0046,0.0007,-0.003,-0.006,1.8
2.164,-0.0023,0.003,-0.0015,-0.006,1.7
2.165,-0.0008,0.0045,-0.0015,-0.0053,1.7
2.166,0.0037,0.0067,0.0007,-0.0046,1.7
2.167,0.009,0.0075,0.0022,-0.0053,1.7
2.168,0.0097,0.006,0.0007,-0.0053,1.6
2.169,0.0007,0.003,0.0015,-0.003,1.6
2.17,-0.0053,0.0,0.0,-0.0023,1.6
2.171,-0.0091,0.0,-0.0015,-0.0023,1.6
2.172,-0.003,-0.0008,-0.0008,-0.0008,1.6
2.173,0.0052,-0.0015,-0.0008,-0.0008,1.5
2.174,-0.0023,-0.0038,0.0,-0.0008,1.5
2.175,0.0067,-0.0053,-0.003,-0.0008,1.5
2.176,0.0217,-0.0083,-0.0038,0.0015,1.5
2.177,0.0232,-0.0075,-0.0015,0.0015,1.4
2.178,0.0127,-0.0083,-0.0023,0.0015,1.4
2.179,-0.0098,-0.0068,-0.0015,0.0015,1.4
2.18,-0.0225,-0.0038,-0.0008,0.0022,1.3
2.181,-0.0308,-0.0008,0.0007,0.0045,1.3
2.182,-0.0218,0.0,-0.003,0.0052,1.3
2.183,-0.003,0.0022,-0.003,0.0045,1.3
2.184,0.0015,0.0037,0.0022,0.0015,1.3
2.185,0.0015,0.0007,0.0007,0.0015,1.3
2.186,0.0007,-0.003,0.0,0.003,1.3
2.187,0.0007,-0.0068,0.0015,0.0007,1.3
2.188,-0.0008,-0.0053,0.0052,-0.0008,1.2
2.189,-0.0046,-0.0046,0.0067,-0.0023,1.2
2.19,-0.0053,-0.0053,0.0022,-0.0015,1.2
2.191,-0.0053,-0.0053,0.0022,-0.0015,1.2
2.192,-0.003,-0.0075,-0.0008,-0.0015,1.2
2.193,-0.0008,-0.0091,-0.0015,-0.0008,1.1
2.194,0.0007,-0.0091,-0.003,-0.0008,1.1
2.195,0.0007,-0.0083,-0.0046,0.0,1.1
2.196,-0.0015,-0.006,-0.0023,-0.0008,1.1
2.197,-0.003,-0.0046,-0.0015,-0.0008,1.0
2.198,-0.0008,-0.003,0.0007,0.0007,1.0
2.199,-0.0008,0.0,0.0,-0.0023,1.0
2.2,-0.0008,0.0007,-0.0008,-0.0053,0.9
2.201,0.0,0.0007,-0.0015,-0.0046,0.9
2.202,-0.0008,0.0015,-0.0023,-0.0015,0.9
2.203,-0.0015,0.0015,0.0007,0.0007,0.9
2.204,-0.0015,-0.0008,0.0007,0.0007,0.9
2.205,-0.0008,-0.0008,0.0007,0.0,0.9
2.206,0.0007,-0.0015,0.0015,-0.0015,0.9
2.207,-0.0008,-0.0015,0.0007,-0.0008,0.9
2.208,0.0007,0.0007,0.0015,0.0007,0.9
2.209,0.0,0.0007,0.0045,0.0015,0.9
2.21,-0.0023,0.0015,0.0067,0.0007,0.9
2.211,-0.003,0.003,0.003,-0.0008,0.9
2.212,-0.0038,0.0037,-0.0008,0.0007,0.9
2.213,-0.0038,0.0052,-0.0038,0.0015,0.9
2.214,-0.0046,0.0045,-0.003,-0.0015,0.9
2.215,-0.0046,0.0015,-0.0015,-0.0015,0.9
2.216,-0.0046,0.0037,-0.0008,-0.0015,0.9
2.217,-0.003,0.0052,0.0022,-0.003,0.9
2.218,-0.0015,0.0075,0.0022,-0.003,0.8
2.219,0.0,0.0142,0.0015,-0.0015,0.8
2.22,0.0007,0.0187,-0.003,-0.0015,0.8
2.221,0.0007,0.0172,-0.0083,-0.0015,0.8
2.222,0.0015,0.0165,-0.0083,-0.0015,0.8
2.223,0.0007,0.015,-0.0068,-0.0023,0.8
2.224,-0.0008,0.0135,0.0,-0.0015,0.8
2.225,0.0007,0.0105,0.0015,-0.0008,0.8
2.226,-0.0015,0.0052,0.0007,-0.0008,0.8
2.227,-0.0046,0.0045,-0.0008,-0.0015,0.8
2.228,-0.0015,0.0037,-0.0015,-0.0038,0.8
2.229,0.0045,0.0052,0.0007,-0.003,0.8
2.23,0.0052,0.006,0.0007,-0.0015,0.8
2.231,0.009,0.006,0.003,-0.0015,0.8
2.232,0.0052,0.0067,0.0052,-0.0015,0.8
2.233,-0.0128,0.0045,0.0052,-0.0038,0.8
2.234,-0.0091,0.0082,0.003,-0.003,0.8
2.235,0.003,0.006,0.0007,-0.003,0.8
2.236,-0.0008,0.003,0.0022,-0.0046,0.8
2.237,0.0007,0.0022,0.0022,-0.003,0.8
2.238,-0.0015,0.0,0.0022,-0.0023,0.8
2.239,-0.006,0.0015,0.0,-0.0038,0.8
2.24,-0.0075,0.0,-0.0008,-0.003,0.7
2.241,-0.0023,-0.0068,0.0007,-0.003,0.7
2.242,0.003,-0.0105,0.003,-0.003,0.7
2.243,0.003,-0.012,0.0007,-0.0008,0.8
2.244,0.0007,-0.0128,-0.003,0.0007,0.8
2.245,-0.0038,-0.0098,-0.0023,0.0007,0.8
2.246,-0.0046,-0.0128,-0.0023,0.0007,0.8
2.247,-0.0046,-0.015,-0.003,0.0,0.8
2.248,-0.006,-0.012,-0.003,0.0007,0.8
2.249,-0.0046,-0.0113,-0.0015,0.003,0.8
2.25,-0.006,-0.0098,0.0007,0.0045,0.8
2.251,-0.0075,-0.0083,0.0007,0.003,0.8
2.252,-0.0075,-0.0068,0.0007,0.003,0.8
2.253,-0.006,-0.0038,0.0015,0.0037,0.9
2.254,-0.0038,-0.0015,0.003,0.0022,0.9
2.255,0.0022,-0.003,0.0015,0.003,0.9
2.256,0.0105,-0.0008,0.0,0.0022,0.9
2.257,0.0112,0.0007,-0.0015,0.003,0.9
2.258,0.0037,0.0007,-0.0023,0.003,0.9
2.259,-0.0068,0.0052,-0.0038,0.0015,0.9
2.26,-0.0105,0.006,-0.0053,0.0022,0.9
2.261,-0.0091,0.0075,-0.003,0.0015,0.9
2.262,-0.0113,0.0082,-0.0015,0.0007,0.9
2.263,-0.0091,0.0105,-0.0015,0.0007,0.9
2.264,-0.003,0.0157,-0.0008,-0.0008,0.9
2.265,-0.0008,0.0127,-0.0008,-0.0015,1.0
2.266,0.003,0.0082,0.0,-0.0023,1.0
2.267,-0.0015,0.003,0.0007,-0.0015,1.0
2.268,-0.0068,0.0,0.0015,-0.0008,1.0
2.269,-0.0053,-0.0015,0.0015,-0.0008,1.0
2.27,-0.0038,-0.003,-0.0008,-0.0015,1.0
2.271,-0.0015,-0.0053,-0.0046,-0.0015,1.0
2.272,-0.0008,-0.0075,-0.0046,-0.0015,1.1
2.273,0.0,-0.0113,-0.0015,-0.0038,1.1
2.274,0.0,-0.0181,0.0007,-0.0046,1.1
2.275,0.0007,-0.0225,0.0007,-0.0046,1.1
2.276,0.0015,-0.024,0.0,-0.0038,1.1
2.277,-0.0008,-0.0233,0.0007,-0.0046,1.1
2.278,-0.0023,-0.0203,0.0022,-0.003,1.1
2.279,-0.0015,-0.0158,0.003,-0.0038,1.2
2.28,-0.0023,-0.0128,0.0015,-0.0046,1.2
2.281,-0.0053,-0.0143,0.0007,-0.003,1.2
2.282,-0.0038,-0.0128,-0.0023,-0.0023,1.2
2.283,0.0007,-0.0105,-0.0023,-0.003,1.2
2.284,0.0015,-0.0091,-0.0008,-0.0015,1.3
2.285,0.0007,-0.0075,-0.0015,-0.0008,1.3
2.286,0.0,-0.0068,-0.0008,-0.0008,1.3
2.287,0.003,-0.0046,-0.0008,-0.0008,1.3
2.288,0.0052,-0.0053,-0.0008,-0.0008,1.3
2.289,0.0037,-0.0046,-0.0015,-0.0015,1.3
2.29,0.003,-0.0046,-0.0008,-0.0008,1.4
2.291,0.0007,-0.0008,0.0015,0.0,1.4
2.292,0.0007,0.0015,0.0015,0.0007,1.4
2.293,0.0007,0.0022,0.0037,-0.0008,1.4
2.294,0.0007,0.0045,0.0052,-0.0008,1.4
2.295,0.0,0.003,0.0052,0.0007,1.5
2.296,-0.003,0.003,0.0052,-0.0008,1.5
2.297,-0.003,0.0007,0.003,-0.0015,1.5
2.298,-0.0046,-0.0015,0.0037,-0.0008,1.5
2.299,-0.0053,-0.0015,0.003,-0.0008,1.6
2.3,-0.0038,0.0015,0.003,-0.0015,1.6
2.301,-0.003,0.0037,0.0015,-0.003,1.6
2.302,-0.003,0.0015,-0.0008,-0.0023,1.7
2.303,-0.003,0.0015,-0.0008,-0.0046,1.7
2.304,-0.003,-0.0008,-0.0008,-0.0038,1.7
2.305,-0.003,0.0007,-0.0008,-0.0046,1.8
2.306,-0.0038,0.0007,0.0,-0.0046,1.8
2.307,-0.0038,-0.0015,0.0015,-0.003,1.8
2.308,-0.003,0.0,0.0007,-0.003,1.9
2.309,-0.0015,-0.0008,0.0015,-0.0023,1.9
2.31,-0.0008,-0.0023,0.0022,-0.0015,2.0
2.311,0.0007,-0.003,0.0007,-0.0008,2.0
2.312,0.0,-0.0038,0.0007,-0.0008,2.0
2.313,-0.0008,-0.003,0.0022,0.0,2.1
2.314,0.0,-0.0015,0.0007,-0.0008,2.1
2.315,-0.0023,0.0007,-0.0015,-0.0015,2.2
2.316,-0.003,0.0022,-0.003,-0.0008,2.2
2.317,-0.0008,0.0015,-0.0053,0.0007,2.2
2.318,0.0045,0.0007,-0.0053,0.0015,2.2
2.319,0.0067,-0.0015,-0.0046,0.0007,2.3
2.32,0.0075,-0.003,-0.0046,0.0,2.3
2.321,0.003,-0.003,-0.0038,-0.0008,2.4
2.322,-0.0008,-0.0008,-0.003,-0.0008,2.4
2.323,-0.0015,0.0022,-0.0046,0.0022,2.5
2.324,-0.003,0.0037,-0.0053,0.0052,2.5
2.325,-0.003,0.0052,-0.0068,0.0015,2.6
2.326,-0.003,0.0067,-0.003,0.0015,2.6
2.327,-0.0015,0.0097,0.0007,0.0037,2.7
2.328,-0.0023,0.009,0.0015,0.0015,2.7
2.329,-0.0053,0.0105,0.0022,0.0022,2.8
2.33,-0.003,0.0105,0.0015,0.0015,2.8
2.331,-0.003,0.009,0.0015,0.0015,2.9
2.332,-0.0046,0.0082,0.0007,0.0015,2.9
2.333,-0.0046,0.0052,0.0015,-0.0015,3.0
2.334,-0.006,0.003,0.0037,-0.003,3.0
2.335,-0.0068,0.0015,0.0015,-0.0046,3.1
2.336,-0.0091,0.0007,0.0,-0.0023,3.1
2.337,-0.0098,-0.0015,-0.0008,-0.0008,3.2
2.338,-0.006,0.0,0.0,-0.0023,3.2
2.339,0.0,0.0015,0.0007,-0.0038,3.3
2.34,0.0082,0.0,0.0015,-0.0038,3.3
2.341,0.006,-0.0008,0.003,-0.003,3.4
2.342,-0.0008,-0.0015,0.0022,-0.0023,3.5
2.343,-0.0046,-0.0008,0.0022,-0.0008,3.5
2.344,-0.006,0.0007,0.0015,0.0,3.6
2.345,-0.003,0.0015,0.0015,-0.0008,3.6
2.346,0.0015,0.003,0.0007,-0.0015,3.7
2.347,-0.0015,0.003,0.0007,-0.0023,3.7
2.348,-0.0053,0.0037,-0.0015,-0.0023,3.8
2.349,-0.0008,0.0052,-0.003,-0.0053,3.9
2.35,-0.0008,0.0075,-0.003,-0.0068,3.9
2.351,-0.0015,0.0082,-0.0038,-0.0053,4.0
2.352,-0.0015,0.0052,-0.0053,-0.0046,4.0
2.353,-0.003,0.003,-0.006,-0.0046,4.1
2.354,-0.003,0.0037,-0.006,-0.0023,4.1
2.355,-0.0046,0.0022,-0.0068,0.0015,4.2
2.356,-0.0023,0.0015,-0.0083,0.0007,4.3
2.357,-0.0038,0.0,-0.006,0.0,4.3
2.358,-0.0053,-0.003,-0.0053,-0.0008,4.4
2.359,-0.0053,-0.0046,-0.0038,-0.0008,4.5
2.36,-0.0068,-0.0053,-0.0023,0.0007,4.5
2.361,-0.0046,-0.0068,-0.0008,0.0007,4.6
2.362,-0.0008,-0.0083,0.003,0.0015,4.6
2.363,0.0015,-0.0083,0.006,0.0007,4.7
2.364,0.003,-0.0083,0.0052,0.0015,4.8
2.365,0.0082,-0.0068,0.0045,0.0022,4.9
2.366,0.0157,-0.003,0.0037,0.0015,4.9
2.367,0.018,-0.003,0.003,0.0015,5.0
2.368,0.0165,-0.0023,0.0067,0.003,5.0
2.369,0.0082,-0.003,0.009,0.0,5.1
2.37,-0.0015,-0.0038,0.009,0.0,5.2
2.371,-0.0053,-0.003,0.0045,-0.0015,5.3
2.372,-0.0091,-0.0046,0.0015,-0.0046,5.3
2.373,-0.0083,-0.003,-0.0008,-0.0038,5.4
2.374,-0.0068,-0.0015,-0.0008,-0.0015,5.5
2.375,-0.003,-0.0023,0.0022,-0.0008,5.5
2.376,0.0067,-0.003,0.0037,0.0015,5.6
2.377,0.0022,-0.0023,0.0015,0.0,5.7
2.378,-0.0053,-0.0008,0.0015,-0.0015,5.8
2.379,-0.0075,0.0007,0.0022,-0.0015,5.8
2.38,-0.0053,0.0015,-0.0008,-0.0008,5.9
2.381,-0.0008,0.0015,-0.0015,0.0,6.0
2.382,-0.0015,0.0007,-0.0008,-0.0008,6.1
2.383,-0.0046,0.0007,0.0007,-0.0023,6.2
2.384,-0.0046,-0.0015,0.0045,-0.003,6.3
2.385,-0.006,0.0,0.0045,-0.0023,6.4
2.386,-0.0068,0.0015,0.0015,0.0,6.5
2.387,-0.0083,0.003,-0.0015,0.0,6.6
2.388,-0.0083,0.0022,-0.0008,-0.0015,6.7
2.389,-0.0068,0.003,-0.0023,-0.0008,6.8
2.39,-0.0068,0.006,-0.003,0.0007,6.9
2.391,-0.0068,0.006,0.0007,0.0007,7.0
2.392,-0.006,0.0045,0.003,0.0015,7.1
2.393,-0.006,0.0052,0.0037,0.0007,7.2
2.394,-0.003,0.0037,0.0022,0.0022,7.3
2.395,-0.0023,0.0007,0.0015,0.003,7.4
2.396,0.0015,0.0015,0.0007,0.0007,7.5
2.397,0.003,0.0015,-0.0023,0.0007,7.6
2.398,-0.0008,0.0022,-0.0015,0.0015,7.7
2.399,0.003,0.0022,-0.0038,0.003,7.8
2.4,0.009,0.003,-0.0046,0.0045,7.9
2.401,0.0127,0.0037,0.0007,0.0037,8.1
2.402,0.0082,0.0022,0.0022,0.0015,8.2
2.403,0.0007,0.0007,0.0037,0.0015,8.3
2.404,-0.0038,0.0,0.0007,0.0007,8.5
2.405,-0.0068,0.0,-0.0008,0.0015,8.6
2.406,-0.0015,-0.0015,0.0007,0.0022,8.7
2.407,0.0,-0.0015,0.0015,0.003,8.9
2.408,-0.003,-0.0008,0.0022,0.003,9.0
2.409,-0.0046,-0.0023,0.0015,0.0007,9.1
2.41,-0.0053,-0.0015,0.0022,0.0037,9.3
2.411,-0.0046,-0.0008,0.003,0.0045,9.4
2.412,-0.003,-0.0015,0.0037,0.0007,9.5
2.413,-0.0015,-0.0015,0.0022,0.0015,9.7
2.414,-0.003,-0.003,0.0015,0.0015,9.8
2.415,-0.0053,-0.0053,-0.0008,0.0022,9.9
2.416,-0.006,-0.0053,0.0,0.0015,10.1
2.417,-0.0053,-0.003,0.0007,0.0015,10.2
2.418,-0.003,-0.0015,-0.0008,0.0015,10.3
2.419,-0.0053,0.0,0.0007,0.0007,10.5
2.42,-0.0068,-0.003,0.0015,0.0015,10.6
2.421,-0.0068,-0.0023,0.0015,0.003,10.8
2.422,-0.0038,-0.0008,0.0007,0.0045,11.0
2.423,-0.0008,-0.0046,0.0,0.003,11.2
2.424,-0.0023,-0.0068,-0.0015,0.0022,11.3
2.425,0.0,-0.0075,-0.0023,0.0015,11.5
2.426,-0.0008,-0.0083,-0.0038,0.0,11.7
2.427,-0.0023,-0.0091,-0.0053,0.0022,11.8
2.428,0.0007,-0.0091,-0.0053,0.0022,12.0
2.429,0.0037,-0.0105,-0.006,0.0007,12.2
2.43,0.003,-0.0135,-0.006,-0.0015,12.4
2.431,0.0015,-0.0165,-0.0046,-0.0015,12.6
2.432,-0.0023,-0.0181,-0.0023,-0.003,12.7
2.433,-0.0053,-0.0173,-0.0023,-0.003,12.9
2.434,-0.0038,-0.015,-0.0008,-0.0008,13.1
2.435,-0.0008,-0.0135,0.0007,-0.0015,13.3
2.436,0.0037,-0.0128,0.0007,0.0007,13.4
2.437,0.0052,-0.012,0.0007,0.0015,13.6
2.438,0.0045,-0.0091,0.0015,0.0015,13.8
2.439,0.0037,-0.0068,0.0045,0.0015,13.9
2.44,-0.0015,-0.0068,0.0045,0.0,14.1
2.441,-0.0053,-0.0046,0.0052,0.0007,14.4
2.442,-0.0038,-0.003,0.0067,0.0015,14.6
2.443,-0.003,-0.0008,0.006,-0.0008,14.8
2.444,-0.003,0.0015,0.0045,0.0,15.0
2.445,-0.0015,0.0015,0.003,0.0,15.2
2.446,0.0,0.0052,0.0015,-0.0015,15.4
2.447,0.0007,0.0045,-0.0008,-0.0015,15.7
2.448,0.0007,0.0052,-0.0015,-0.0023,15.9
2.449,0.0007,0.0052,-0.003,-0.0015,16.1
2.45,0.0015,0.0045,-0.0008,-0.003,16.3
2.451,-0.0008,0.0045,0.0,-0.0046,16.5
2.452,-0.003,0.0022,-0.003,-0.0023,16.7
2.453,-0.003,0.0007,-0.0046,-0.003,17.0
2.454,-0.003,0.0,-0.0046,-0.0053,17.2
2.455,-0.003,-0.0008,-0.0053,-0.0046,17.4
2.456,-0.0046,-0.0015,-0.0083,-0.0053,17.6
2.457,-0.0038,-0.003,-0.0091,-0.0046,17.8
2.458,-0.0023,-0.003,-0.0105,-0.0015,18.0
2.459,-0.003,-0.003,-0.0083,-0.0023,18.3
2.46,-0.0023,-0.0023,-0.006,-0.0038,18.5
2.461,-0.0008,-0.003,-0.0068,-0.0053,18.7
2.462,0.0,-0.003,-0.0046,-0.0068,19.0
2.463,0.0,-0.0015,-0.003,-0.0068,19.3
2.464,-0.0015,0.0007,-0.0015,-0.0083,19.5
2.465,-0.003,0.0007,-0.0008,-0.0068,19.8
2.466,-0.003,0.0022,-0.0008,-0.0038,20.0
2.467,-0.0008,0.0045,-0.0015,-0.0015,20.2
2.468,-0.0015,0.0067,-0.0008,-0.0023,20.5
2.469,-0.003,0.009,0.0,-0.0023,20.7
2.47,-0.003,0.0105,-0.0015,-0.0008,21.0
2.471,-0.0053,0.0112,0.0007,0.0007,21.2
2.472,-0.0053,0.0097,0.0,0.0007,21.5
2.473,-0.0046,0.009,0.0007,-0.0008,21.7
2.474,-0.0068,0.0082,0.0007,-0.0008,22.0
2.475,-0.0053,0.0067,0.0015,-0.0023,22.2
2.476,-0.0053,0.0075,-0.0015,-0.003,22.5
2.477,-0.0038,0.0067,-0.0023,-0.0038,22.7
2.478,-0.0023,0.0052,-0.0008,-0.003,22.9
2.479,-0.0015,0.003,0.0007,-0.0015,23.2
2.48,-0.0008,0.0022,0.0015,-0.0015,23.4
2.481,0.0007,0.0007,-0.0008,-0.0015,23.7
2.482,0.0,-0.0015,-0.0046,-0.003,23.9
2.483,-0.0015,-0.0008,-0.0091,-0.003,24.2
2.484,-0.0008,-0.003,-0.0075,-0.0046,24.4
2.485,0.0007,-0.0008,-0.0075,-0.0053,24.7
2.486,0.0015,0.0,-0.0068,-0.0053,24.9
2.487,0.0015,-0.0008,-0.0046,-0.0038,25.2
2.488,-0.0008,-0.0015,-0.0015,-0.0023,25.4
2.489,0.0015,-0.0008,0.0007,-0.003,25.7
2.49,0.0007,-0.0015,0.0022,-0.0023,25.9
2.491,-0.0008,-0.0046,0.0045,-0.003,26.1
2.492,-0.0015,-0.0023,0.0015,-0.0046,26.4
2.493,-0.0008,-0.0038,0.0045,-0.0053,26.7
2.494,-0.0015,-0.0046,0.0052,-0.003,26.9
2.495,-0.003,-0.0015,0.0067,-0.003,27.2
2.496,-0.0015,-0.0008,0.0037,-0.003,27.4
2.497,-0.003,0.0007,0.003,-0.0008,27.6
2.498,-0.003,0.0007,0.0052,0.0007,27.9
2.499,-0.0038,0.0007,0.0022,0.0015,28.2
2.5,-0.0046,0.0007,0.0037,0.003,28.4
2.501,-0.0046,0.003,0.003,0.003,28.6
2.502,-0.0053,0.0045,0.0037,0.0045,28.8
2.503,-0.003,0.0045,0.003,0.0045,29.0
2.504,-0.0015,0.0045,0.0015,0.0045,29.2
2.505,-0.0015,0.003,0.0037,0.0045,29.4
2.506,-0.0008,0.003,0.0022,0.0015,29.6
2.507,-0.0023,0.003,0.003,0.0037,29.8
2.508,-0.0015,0.0045,0.0015,0.0037,30.0
2.509,-0.0015,0.0037,0.0015,0.0015,30.2
2.51,-0.0023,0.0022,0.0045,0.0015,30.5
2.511,-0.0015,0.0045,0.0052,0.0015,30.6
2.512,-0.0046,0.0067,0.0045,0.0022,30.9
2.513,-0.0038,0.0052,0.003,0.0015,31.0
2.514,-0.003,0.003,0.0007,-0.0008,31.3
2.515,-0.003,0.0015,-0.0015,-0.0015,31.5
2.516,-0.0038,-0.0008,-0.003,-0.0038,31.7
2.517,-0.0046,-0.003,-0.003,-0.006,31.9
2.518,-0.0046,-0.0046,-0.003,-0.0075,32.1
2.519,-0.0053,-0.0046,-0.0023,-0.0091,32.3
2.52,-0.0053,-0.0046,-0.0023,-0.0083,32.5
2.521,-0.0046,-0.0053,0.0,-0.0075,32.6
2.522,-0.0046,-0.0068,-0.0008,-0.0075,32.8
2.523,-0.006,-0.0083,-0.0015,-0.0105,32.9
2.524,-0.0053,-0.0091,-0.0015,-0.0091,33.1
2.525,-0.0038,-0.0105,0.0,-0.0083,33.3
2.526,-0.003,-0.012,0.003,-0.0091,33.4
2.527,-0.003,-0.0105,0.0022,-0.0083,33.5
2.528,-0.0023,-0.0091,0.003,-0.0068,33.7
2.529,-0.0008,-0.0083,0.0015,-0.0053,33.8
2.53,0.0007,-0.0068,0.0015,-0.0046,34.0
2.531,0.003,-0.0083,0.0007,-0.0053,34.1
2.532,0.003,-0.0083,0.0007,-0.0068,34.3
2.533,0.0007,-0.006,0.0007,-0.0068,34.5
2.534,-0.0008,-0.0046,0.0015,-0.0083,34.6
2.535,-0.003,-0.0053,0.0015,-0.0068,34.7
2.536,-0.0015,-0.0046,0.0,-0.006,34.9
2.537,-0.003,-0.003,0.0015,-0.0053,35.1
2.538,-0.0015,-0.0053,0.0045,-0.0015,35.2
2.539,-0.0008,-0.0083,0.0067,0.0015,35.4
2.54,-0.0023,-0.0091,0.0082,0.003,35.5
2.541,-0.0008,-0.0068,0.0067,0.003,35.6
2.542,0.0007,-0.0023,0.0075,0.003,35.8
2.543,-0.0008,0.0,0.0052,0.003,36.0
2.544,0.0007,0.0,0.003,0.003,36.1
2.545,-0.0008,0.0007,0.0007,0.003,36.3
2.546,-0.0008,0.0007,-0.0015,0.0015,36.4
2.547,-0.0008,0.003,0.0,0.003,36.5
2.548,0.0007,0.0045,0.0,0.003,36.7
2.549,0.0007,0.0052,0.0,0.0045,36.9
2.55,0.0007,0.0052,-0.0008,0.0067,37.0
2.551,-0.0015,0.003,-0.003,0.0067,37.1
2.552,-0.0015,0.0037,-0.0038,0.0052,37.3
2.553,-0.0015,0.0045,-0.0038,0.0045,37.4
2.554,-0.0023,0.0067,-0.0038,0.0022,37.6
2.555,-0.0008,0.0067,-0.003,0.0015,37.8
2.556,-0.0015,0.0052,-0.0053,-0.0008,37.9
2.557,-0.0015,0.006,-0.0053,-0.003,38.0
2.558,-0.0015,0.0067,-0.003,-0.0053,38.2
2.559,-0.003,0.0052,-0.0046,-0.0068,38.3
2.56,-0.0023,0.0045,-0.0008,-0.0083,38.5
2.561,-0.0023,0.0015,-0.0008,-0.0105,38.6
2.562,-0.0023,0.0007,-0.0015,-0.0091,38.7
2.563,-0.0023,0.0007,-0.0008,-0.0083,38.9
2.564,-0.0046,0.0007,0.0007,-0.0068,39.0
2.565,-0.0046,0.0015,0.0037,-0.0038,39.1
2.566,-0.003,0.0007,0.003,-0.0046,39.3
2.567,-0.0015,0.0007,0.0015,-0.006,39.4
2.568,-0.003,0.0015,0.0007,-0.0046,39.6
2.569,-0.0015,0.0022,0.0,-0.0046,39.7
2.57,-0.0023,0.0037,-0.0015,-0.003,39.9
2.571,-0.0046,0.003,-0.003,-0.0023,40.0
2.572,-0.003,0.003,-0.0008,-0.0046,40.1
2.573,-0.0038,0.0007,-0.0015,-0.0046,40.3
2.574,-0.0046,0.0022,-0.0015,-0.003,40.4
2.575,-0.003,0.0015,-0.0008,-0.0023,40.5
2.576,-0.0008,0.003,-0.0023,-0.0008,40.7
2.577,-0.0008,0.003,-0.003,0.0007,40.8
2.578,0.0007,0.0022,-0.003,0.0015,40.9
2.579,0.0007,0.003,-0.0023,0.0015,41.1
2.58,-0.0008,0.0015,-0.003,0.0015,41.2
2.581,0.0,0.0015,-0.003,0.0007,41.4
2.582,-0.0008,0.0007,-0.003,0.0052,41.4
2.583,-0.0023,-0.0008,-0.0038,0.0067,41.6
2.584,-0.0038,-0.0023,-0.0038,0.009,41.7
2.585,-0.0015,-0.003,-0.0046,0.0105,41.8
2.586,-0.0008,-0.0023,-0.0046,0.0097,41.9
2.587,-0.003,-0.0046,-0.0068,0.009,42.0
2.588,-0.003,-0.0075,-0.0083,0.0082,42.1
2.589,-0.0053,-0.0068,-0.0068,0.0082,42.2
2.59,-0.0053,-0.0046,-0.0068,0.0112,42.3
2.591,-0.0068,-0.0046,-0.0038,0.0142,42.5
2.592,-0.0053,-0.0015,-0.003,0.015,42.6
2.593,-0.0038,0.0,-0.0008,0.0165,42.7
2.594,-0.0015,-0.0015,0.0,0.0142,42.8
2.595,-0.0023,0.0007,-0.0008,0.0127,42.9
2.596,-0.003,0.0007,0.0015,0.012,43.0
2.597,-0.003,-0.0015,0.0015,0.0127,43.1
2.598,-0.0046,-0.003,0.0037,0.012,43.2
2.599,-0.0015,-0.0038,0.0045,0.0082,43.3
2.6,-0.0015,-0.003,0.0037,0.0082,43.5
2.601,-0.0015,-0.003,0.003,0.0067,43.5
2.602,-0.0008,-0.0023,0.003,0.0052,43.6
2.603,-0.0008,-0.0015,0.0015,0.003,43.6
2.604,0.0,-0.0015,0.0015,0.0022,43.7
2.605,-0.0008,-0.0023,0.0045,0.003,43.8
2.606,-0.0008,-0.0023,0.0052,0.003,43.8
2.607,0.0007,-0.0015,0.0052,0.003,43.9
2.608,0.0015,-0.0008,0.0052,0.0015,43.9
2.609,0.0015,0.0007,0.0045,0.003,44.0
2.61,0.0015,0.0037,0.0037,0.0045,44.1
2.611,-0.0008,0.0075,0.0045,0.0045,44.1
2.612,-0.0008,0.0127,0.003,0.0022,44.2
2.613,-0.0008,0.0135,0.0015,0.0015,44.2
2.614,-0.0015,0.0127,0.003,0.0007,44.3
2.615,-0.0008,0.0135,0.0022,0.0007,44.4
2.616,0.0,0.0142,0.0037,0.0,44.4
2.617,0.0007,0.015,0.0037,-0.0008,44.5
2.618,0.0007,0.0127,0.0045,0.0007,44.5
2.619,0.0007,0.009,0.0052,-0.0023,44.6
2.62,0.0,0.0082,0.0045,-0.0015,44.6
2.621,-0.0008,0.006,0.003,-0.0023,44.7
2.622,-0.0008,0.0037,0.003,-0.0023,44.7
2.623,-0.0008,0.0015,0.0045,0.0,44.7
2.624,0.0,0.0007,0.0067,-0.0015,44.7
2.625,-0.0008,-0.0015,0.0045,0.0,44.8
2.626,-0.0008,-0.006,0.003,0.0015,44.8
2.627,-0.0008,-0.0068,0.003,0.0015,44.8
2.628,-0.0008,-0.0068,0.0022,0.0022,44.8
2.629,-0.0015,-0.0053,0.003,0.0015,44.8
2.63,-0.0015,-0.0068,0.0015,0.003,44.9
2.631,-0.0015,-0.0075,0.0,0.003,44.9
2.632,-0.003,-0.0068,0.0,0.0015,44.9
2.633,-0.0015,-0.006,-0.0008,0.0007,45.0
2.634,-0.0023,-0.0053,-0.0015,-0.0008,45.0
2.635,-0.0023,-0.0053,-0.0023,-0.0015,45.0
2.636,-0.0015,-0.0046,-0.0008,-0.003,45.0
2.637,-0.0008,-0.0046,0.0,-0.0015,45.0
2.638,-0.0008,-0.0038,-0.0015,-0.0015,45.0
2.639,-0.0015,-0.003,0.0,-0.0023,45.0
2.64,0.0,-0.003,-0.0015,-0.0015,45.1
2.641,0.0037,-0.003,-0.003,-0.0008,45.1
2.642,0.0082,-0.0015,-0.003,-0.0008,45.1
2.643,0.0112,-0.0015,-0.0038,-0.003,45.1
2.644,0.0105,-0.0023,-0.0053,-0.0038,45.1
2.645,0.0097,-0.0046,-0.0046,-0.003,45.1
2.646,0.0075,-0.0046,-0.0038,-0.0023,45.1
2.647,0.0037,-0.0023,-0.0053,-0.0046,45.1
2.648,0.0015,-0.003,-0.0053,-0.0046,45.1
2.649,0.0015,-0.003,-0.0038,-0.003,45.1
2.65,0.0007,-0.0046,-0.0038,-0.003,45.1
2.651,-0.0008,-0.0083,-0.003,-0.0046,45.1
2.652,-0.0015,-0.0098,-0.0038,-0.0046,45.1
2.653,-0.0015,-0.0105,-0.0015,-0.0038,45.1
2.654,-0.003,-0.0105,0.0007,-0.0046,45.1
2.655,-0.003,-0.0105,0.0007,-0.0046,45.2
2.656,-0.0046,-0.012,-0.0008,-0.0053,45.2
2.657,-0.0046,-0.0128,-0.0015,-0.0053,45.2
2.658,-0.0046,-0.0113,-0.003,-0.006,45.2
2.659,-0.0053,-0.0105,-0.0038,-0.006,45.2
2.66,-0.0046,-0.0091,-0.003,-0.0083,45.2
2.661,-0.0046,-0.006,-0.0038,-0.0091,45.2
2.662,-0.0053,-0.0046,-0.003,-0.0098,45.1
2.663,-0.0053,-0.003,-0.0015,-0.0105,45.1
2.664,-0.0053,-0.003,-0.0008,-0.012,45.0
2.665,-0.006,-0.0015,0.0007,-0.0135,45.0
2.666,-0.0068,-0.003,0.0015,-0.012,45.0
2.667,-0.0068,-0.0038,0.0015,-0.0113,45.0
2.668,-0.0068,-0.003,0.0022,-0.0128,44.9
2.669,-0.0046,-0.0046,0.003,-0.0128,44.9
2.67,-0.0038,-0.003,0.0037,-0.0113,44.8
2.671,-0.0046,-0.0008,0.0045,-0.0113,44.8
2.672,-0.0046,0.003,0.0052,-0.0098,44.7
2.673,-0.0053,0.0045,0.0045,-0.0091,44.7
2.674,-0.0038,0.0052,0.0022,-0.0091,44.6
2.675,-0.003,0.006,0.003,-0.0083,44.6
2.676,-0.0046,0.0067,0.003,-0.0091,44.6
2.677,-0.0046,0.0082,0.0022,-0.0083,44.5
2.678,-0.0038,0.0075,0.0015,-0.006,44.5
2.679,-0.003,0.0075,0.0007,-0.0068,44.5
2.68,-0.0038,0.0075,-0.0008,-0.006,44.4
2.681,-0.0038,0.0067,-0.0015,-0.003,44.3
2.682,-0.0053,0.0052,-0.0015,-0.0015,44.2
2.683,-0.0046,0.003,-0.003,-0.0023,44.1
2.684,-0.0038,0.0045,-0.003,-0.003,44.1
2.685,-0.0023,0.0052,-0.003,-0.0015,44.0
2.686,-0.003,0.0045,-0.0015,-0.0015,43.9
2.687,-0.0038,0.0045,-0.0015,-0.0008,43.8
2.688,-0.003,0.0052,-0.0008,0.0007,43.7
2.689,-0.003,0.0045,-0.0008,0.0015,43.6
2.69,-0.0015,0.0022,-0.0008,0.0015,43.5
2.691,-0.0023,0.0045,-0.0015,0.0007,43.4
2.692,-0.003,0.0052,-0.0008,0.0,43.3
2.693,-0.003,0.003,-0.0008,0.0007,43.2
2.694,-0.003,0.0015,0.0,0.0015,43.1
2.695,-0.0046,0.003,0.0007,0.0007,43.0
2.696,-0.0038,0.0,0.003,0.003,42.9
2.697,-0.0015,-0.0015,0.0037,0.0052,42.8
2.698,-0.0015,-0.0015,0.0045,0.006,42.7
2.699,-0.003,-0.003,0.0045,0.0052,42.7
2.7,-0.0023,-0.0046,0.0045,0.006,42.5
2.701,-0.0008,-0.003,0.003,0.006,42.5
2.702,-0.0015,-0.0023,0.0015,0.0052,42.3
2.703,-0.0008,-0.0015,0.003,0.0045,42.3
2.704,-0.0015,0.0007,0.0,0.0045,42.1
2.705,-0.003,0.0007,-0.0008,0.003,42.0
2.706,-0.0015,0.0015,-0.0015,0.0,41.9
2.707,-0.0038,0.0022,-0.0046,0.0007,41.8
2.708,-0.0023,0.0015,-0.0038,0.0,41.7
2.709,-0.003,0.003,-0.003,-0.0008,41.6
2.71,-0.0038,0.0015,-0.0015,-0.0015,41.5
2.711,-0.0053,0.0045,-0.0015,-0.0023,41.4
2.712,-0.0053,0.0045,-0.0008,-0.0008,41.3
2.713,-0.0038,0.003,0.0,0.0007,41.2
2.714,-0.0038,0.0052,0.0007,0.0015,41.0
2.715,-0.0015,0.003,0.0015,0.0007,40.9
2.716,-0.0015,0.0,-0.0008,-0.0038,40.9
2.717,-0.003,-0.0015,-0.0008,-0.006,40.7
2.718,-0.0015,0.0007,-0.0008,-0.0113,40.6
2.719,-0.0015,0.0,-0.0008,-0.015,40.5
2.72,-0.0015,-0.0083,-0.0008,-0.0143,40.4
2.721,-0.0023,-0.012,0.0007,-0.0143,40.3
2.722,-0.0023,-0.0008,0.0007,-0.0128,40.1
2.723,-0.0008,0.0045,0.0022,-0.0113,40.0
2.724,0.0007,0.006,0.0015,-0.0135,39.9
2.725,0.0,0.0067,-0.0008,-0.0158,39.7
2.726,0.0007,0.0,-0.003,-0.0135,39.6
2.727,-0.0008,-0.0008,-0.0046,-0.0105,39.4
2.728,-0.0008,-0.0015,-0.0053,-0.0068,39.3
2.729,-0.0008,0.0015,-0.0068,-0.003,39.1
2.73,-0.003,0.003,-0.0053,0.0015,39.0
2.731,-0.0008,0.0067,-0.0053,0.0067,38.9
2.732,0.0007,0.0202,-0.0046,0.0135,38.7
2.733,-0.0015,0.0277,-0.003,0.018,38.6
2.734,0.0007,0.0165,-0.0046,0.0112,38.5
2.735,0.0015,0.0015,-0.0008,0.006,38.3
2.736,0.0022,0.0,-0.0008,0.0067,38.2
2.737,0.0015,-0.0015,-0.0008,0.0052,38.0
2.738,0.0007,-0.003,-0.0008,0.0045,37.9
2.739,-0.0008,-0.0053,-0.0008,0.0045,37.8
2.74,-0.003,-0.0068,-0.0008,0.006,37.6
2.741,-0.0023,-0.0105,0.0007,0.0052,37.4
2.742,-0.0015,-0.0143,0.003,0.003,37.3
2.743,-0.003,-0.0248,0.0037,0.0,37.1
2.744,-0.003,-0.0346,0.003,-0.0015,36.9
2.745,-0.0023,-0.0293,0.0015,0.0007,36.7
2.746,-0.003,-0.0248,0.0015,0.0007,36.5
2.747,-0.0023,-0.0165,0.0007,0.0022,36.4
2.748,-0.0023,-0.0083,-0.0008,0.0045,36.2
2.749,-0.003,-0.0038,0.0007,0.0075,36.0
2.75,-0.0038,0.0217,0.0022,0.0142,35.8
2.751,-0.0015,0.0675,0.0015,0.018,35.7
2.752,-0.0008,0.1012,0.0,0.0105,35.5
2.753,-0.0008,0.0585,-0.0015,-0.0008,35.3
2.754,-0.0008,-0.0256,-0.0023,-0.003,35.1
2.755,-0.0008,-0.0383,-0.0008,-0.0023,35.0
2.756,-0.0008,-0.0398,-0.0015,-0.0068,34.8
2.757,-0.0023,-0.0675,-0.0053,-0.0091,34.6
2.758,-0.0015,-0.0458,-0.0053,-0.0023,34.4
2.759,-0.0008,-0.0173,-0.006,0.0052,34.2
2.76,-0.0008,0.0262,-0.0053,0.009,34.0
2.761,-0.0023,0.0847,-0.0046,0.0165,33.8
2.762,-0.0038,0.0547,-0.003,0.0127,33.6
2.763,-0.003,0.0007,-0.0008,0.0052,33.4
2.764,-0.003,-0.012,-0.0008,0.0045,33.2
2.765,-0.003,-0.0278,-0.0008,0.0052,32.9
2.766,-0.003,-0.0293,0.0,0.003,32.7
2.767,-0.003,-0.0083,-0.0008,0.0037,32.5
2.768,-0.003,0.009,0.0007,0.0067,32.3
2.769,-0.0023,0.0195,0.0015,0.0067,32.0
2.77,-0.0015,0.0075,0.0,-0.003,31.8
2.771,-0.0046,-0.0353,-0.0015,-0.0203,31.5
2.772,-0.0038,-0.048,-0.003,-0.0181,31.3
2.773,-0.003,-0.0338,-0.003,-0.012,31.1
2.774,-0.003,-0.0383,-0.0053,-0.0105,30.9
2.775,-0.0015,-0.0383,-0.003,-0.0046,30.6
2.776,-0.0015,-0.0383,-0.0008,-0.0008,30.4
2.777,-0.0008,-0.0285,0.0007,0.0052,30.2
2.778,0.0,-0.0195,0.003,0.0142,30.0
2.779,0.0,-0.021,0.0015,0.018,29.7
2.78,0.0,-0.0233,0.0007,0.0127,29.5
2.781,0.0007,0.0247,0.0015,0.0135,29.2
2.782,-0.0008,0.0915,0.0015,0.015,29.0
2.783,-0.0008,0.057,0.0022,0.0067,28.8
2.784,-0.0015,0.0007,0.0007,-0.0008,28.5
2.785,-0.0015,-0.0203,0.0,-0.0068,28.2
2.786,0.0015,-0.0398,0.0045,-0.0053,27.9
2.787,0.0022,-0.0443,0.0052,-0.0046,27.7
2.788,-0.0015,-0.0511,0.0007,-0.0135,27.4
2.789,-0.003,-0.057,0.0,-0.0218,27.2
2.79,-0.0008,-0.075,-0.0015,-0.027,26.9
2.791,0.0,-0.0908,-0.0008,-0.0225,26.7
2.792,0.0015,-0.0713,0.0,-0.0083,26.4
2.793,0.003,-0.0361,0.0015,0.0082,26.1
2.794,0.003,0.0232,0.0015,0.0202,25.9
2.795,0.0,0.0292,0.0007,0.0067,25.6
2.796,-0.003,-0.0398,0.0015,-0.0083,25.4
2.797,-0.0038,0.0487,0.003,0.0037,25.1
2.798,-0.0023,0.2062,0.0075,0.0097,24.8
2.799,-0.003,0.186,0.0052,0.0082,24.6
2.8,-0.0053,0.0787,0.0015,-0.0068,24.3
2.801,-0.006,-0.0165,0.0007,-0.0128,24.1
2.802,-0.0053,0.0225,0.0045,0.0,23.8
2.803,-0.0046,0.153,0.0045,0.006,23.6
2.804,-0.0046,0.1957,0.0015,0.0052,23.3
2.805,-0.0015,0.1035,0.003,-0.0046,23.0
2.806,0.0007,-0.003,0.0022,-0.0068,22.8
2.807,0.003,-0.0353,-0.0008,-0.0068,22.5
2.808,0.0045,-0.0593,-0.003,-0.0105,22.3
2.809,0.0037,-0.0495,-0.003,-0.012,22.0
2.81,0.0045,-0.0165,-0.0015,-0.0158,21.7
2.811,0.003,-0.0181,0.0,-0.0181,21.5
2.812,0.0007,-0.0698,0.0015,-0.0203,21.2
2.813,-0.0008,-0.0893,0.0,-0.0203,21.0
2.814,-0.0068,-0.0856,-0.0015,-0.0181,20.7
2.815,-0.0158,-0.075,0.0007,-0.0091,20.5
2.816,-0.0165,-0.0346,0.0015,-0.0105,20.2
2.817,-0.0068,-0.003,0.0015,-0.0256,19.9
2.818,0.006,-0.0091,0.003,-0.0263,19.7
2.819,0.0135,0.003,0.003,-0.0165,19.4
2.82,0.0105,0.0367,0.0037,-0.0046,19.1
2.821,0.0082,0.0097,0.003,0.0157,18.9
2.822,0.0052,0.0067,0.0015,0.0135,18.7
2.823,-0.0015,-0.0091,0.0015,0.0127,18.4
2.824,-0.0046,0.0015,0.0,0.0397,18.2
2.825,-0.0038,0.0352,0.0022,0.06,18.0
2.826,-0.0015,0.0075,0.0052,0.0592,17.7
2.827,-0.0008,0.018,0.0052,0.0315,17.5
2.828,-0.003,0.0195,0.003,0.0082,17.2
2.829,-0.0105,0.0052,0.0007,0.0052,17.0
2.83,-0.012,-0.0263,-0.0015,-0.0083,16.7
2.831,-0.0091,-0.048,-0.003,-0.0091,16.5
2.832,-0.0068,-0.0293,-0.003,-0.0046,16.2
2.833,-0.0068,-0.012,-0.0008,-0.003,16.0
2.834,-0.0075,-0.0053,0.0007,0.003,15.7
2.835,-0.0083,-0.0353,0.0015,0.0067,15.5
2.836,-0.0105,-0.0383,0.003,0.0165,15.3
2.837,-0.0105,-0.0375,0.003,0.0112,15.0
2.838,-0.0083,-0.0623,0.0022,-0.0053,14.8
2.839,-0.0068,-0.0488,0.0007,-0.012,14.5
2.84,-0.0053,-0.0383,-0.0008,-0.012,14.2
2.841,-0.0068,-0.0398,-0.0015,-0.012,14.0
2.842,-0.0083,-0.0046,-0.003,-0.0225,13.9
2.843,-0.0091,0.0592,-0.0023,-0.0436,13.6
2.844,-0.0068,0.033,-0.0015,-0.0525,13.5
2.845,-0.0023,-0.0818,-0.0023,-0.0495,13.2
2.846,-0.0008,-0.117,-0.0015,-0.0465,13.0
2.847,0.0015,-0.1223,-0.0008,-0.033,12.9
2.848,-0.0008,-0.1095,0.0007,-0.0113,12.6
2.849,-0.0023,-0.0675,0.0015,0.0,12.5
2.85,-0.0015,0.0405,0.0045,0.0165,12.2
2.851,0.0,0.204,0.0045,0.042,12.0
2.852,0.0007,0.144,0.0015,0.0577,11.8
2.853,-0.0008,0.0795,0.0007,0.0465,11.6
2.854,-0.0015,0.0855,0.003,0.0322,11.4
2.855,-0.0008,0.0195,0.0015,0.0382,11.2
2.856,0.0015,0.0555,-0.0046,0.03,11.0
2.857,0.003,0.1537,-0.0068,0.0202,10.8
2.858,0.003,0.246,-0.0068,0.0232,10.6
2.859,0.003,0.1792,-0.0068,0.0082,10.4
2.86,0.0045,0.0307,-0.0046,-0.0225,10.2
2.861,0.0037,-0.0968,-0.0091,-0.0375,10.0
2.862,-0.0023,-0.1545,-0.0113,-0.0503,9.9
2.863,-0.0075,-0.1523,-0.0105,-0.057,9.7
2.864,-0.0053,-0.1426,-0.0091,-0.0473,9.5
2.865,0.0007,-0.1185,-0.006,-0.045,9.4
2.866,0.0015,-0.0818,-0.0046,-0.0158,9.2
2.867,0.0007,0.054,-0.0015,0.0195,9.0
2.868,0.0,0.1327,-0.0008,0.0345,8.9
2.869,0.0007,0.1732,0.0007,0.054,8.7
2.87,-0.0053,0.15,-0.003,0.0705,8.5
2.871,-0.0083,0.027,-0.0046,0.0652,8.4
2.872,0.003,0.0157,0.0022,0.0345,8.2
2.873,0.0165,0.0765,0.0052,0.0255,8.1
2.874,0.024,0.0705,0.0075,0.033,7.9
2.875,0.0202,-0.0346,0.0067,0.018,7.7
2.876,0.0082,-0.0691,0.0015,-0.0008,7.6
2.877,-0.0046,-0.06,-0.003,-0.0195,7.4
2.878,-0.0143,-0.1095,-0.003,-0.0368,7.2
2.879,-0.024,-0.1185,0.003,-0.0368,7.1
2.88,-0.03,-0.1125,0.0067,-0.0165,6.8
2.881,-0.0285,-0.099,0.0097,-0.0053,6.7
2.882,-0.0293,-0.0803,0.009,-0.0083,6.6
2.883,-0.0293,-0.0593,0.0067,-0.003,6.5
2.884,-0.0195,-0.0113,0.0067,0.0052,6.4
2.885,-0.003,0.0345,0.0052,0.0165,6.3
2.886,0.0037,0.0772,0.003,0.0292,6.1
2.887,0.0022,0.1087,0.0007,0.0217,6.0
2.888,0.0022,0.0765,0.0007,-0.012,5.8
2.889,0.0015,0.0105,0.0037,-0.0368,5.7
2.89,0.0067,-0.0653,0.0045,-0.0443,5.6
2.891,0.0105,-0.0818,0.0045,-0.0503,5.5
2.892,0.0142,-0.0833,0.0037,-0.054,5.3
2.893,0.015,-0.1185,0.0007,-0.0458,5.2
2.894,0.0105,-0.0593,0.003,-0.0195,5.1
2.895,0.0112,0.0075,0.0097,0.0075,4.9
2.896,0.012,0.057,0.0105,0.0255,4.8
2.897,0.0082,0.0277,0.003,0.0345,4.7
2.898,0.0037,-0.0181,-0.0008,0.018,4.6
2.899,-0.0015,0.141,-0.003,0.0142,4.5
2.9,-0.0046,0.2692,-0.0046,0.018,4.3
2.901,-0.0053,0.114,-0.0038,0.003,4.2
2.902,-0.0083,-0.0923,-0.0046,0.0,4.2
2.903,-0.0143,-0.0788,-0.0068,-0.0105,4.1
2.904,-0.0195,-0.1028,-0.0105,-0.0091,4.0
2.905,-0.012,-0.1058,-0.0105,-0.0046,3.9
2.906,-0.0038,-0.0555,-0.0068,-0.0158,3.9
2.907,0.0007,0.0015,0.0037,-0.0053,3.8
2.908,0.0165,0.126,0.009,0.0,3.7
2.909,0.024,0.1455,0.0052,0.009,3.6
2.91,0.0112,0.1185,0.0037,-0.003,3.6
2.911,-0.0015,-0.0195,0.0022,-0.0158,3.5
2.912,-0.0075,-0.063,0.0015,-0.0158,3.4
2.913,-0.0173,-0.063,-0.0038,-0.0413,3.3
2.914,-0.0263,-0.1245,-0.0105,-0.0465,3.2
2.915,-0.0278,-0.066,-0.0113,-0.045,3.1
2.916,-0.021,-0.0383,0.0037,-0.0428,3.1
2.917,-0.0091,0.0225,0.018,-0.0233,3.0
2.918,-0.006,0.0532,0.012,-0.0015,2.9
2.919,0.0067,0.012,0.0,0.0075,2.9
2.92,0.0217,-0.0203,-0.0113,0.0195,2.7
2.921,0.03,-0.0053,-0.0158,0.0585,2.7
2.922,0.0345,0.045,-0.0098,0.069,2.7
2.923,0.0187,0.0705,-0.0105,0.0457,2.6
2.924,0.0097,0.1012,-0.0135,0.0315,2.6
2.925,0.0082,0.0735,-0.0053,0.0217,2.6
2.926,0.0037,0.0592,-0.0008,-0.0015,2.6
2.927,-0.0008,-0.024,0.0007,-0.0308,2.5
2.928,-0.0053,-0.1523,-0.003,-0.0458,2.5
2.929,-0.0105,-0.2041,-0.006,-0.0555,2.4
2.93,-0.0218,-0.2213,-0.0091,-0.0465,2.4
2.931,-0.0346,-0.1515,-0.0113,-0.0293,2.4
2.932,-0.03,-0.1313,-0.0091,-0.015,2.3
2.933,-0.0181,-0.0353,-0.0053,0.027,2.3
2.934,-0.015,0.1215,0.0007,0.0697,2.2
2.935,-0.0105,0.3112,0.0075,0.1035,2.2
2.936,-0.003,0.4897,0.0157,0.1087,2.2
2.937,0.0045,0.3637,0.018,0.0855,2.2
2.938,0.006,0.138,0.012,0.0337,2.1
2.939,0.009,-0.024,0.0082,-0.0233,2.1
2.94,0.0172,-0.0638,0.0052,-0.0308,2.0
2.941,0.0187,-0.0533,0.009,-0.0346,2.0
2.942,0.0217,-0.0645,0.0202,-0.0338,2.0
2.943,0.0105,-0.0383,0.0202,-0.027,2.1
2.944,-0.0181,-0.0585,0.009,-0.0346,2.1
2.945,-0.024,-0.054,-0.0008,-0.033,2.1
2.946,-0.0038,-0.0555,-0.0083,-0.0181,2.2
2.947,0.0232,-0.0488,-0.0105,0.0007,2.2
2.948,0.018,-0.0443,-0.012,-0.0015,2.2
2.949,-0.0008,-0.0825,-0.0046,-0.0091,2.2
2.95,0.0007,-0.1013,0.0,-0.0158,2.3
2.951,0.009,-0.0938,-0.0068,-0.0165,2.3
2.952,0.0277,-0.057,-0.0091,-0.015,2.3
2.953,0.081,-0.057,-0.0091,-0.0105,2.3
2.954,0.114,-0.0548,-0.0053,0.003,2.4
2.955,0.0517,-0.0533,-0.0038,-0.0128,2.4
2.956,-0.0068,-0.0803,-0.0038,-0.0315,2.4
2.957,-0.0338,-0.0938,-0.0046,-0.0413,2.5
2.958,-0.06,-0.075,-0.0068,-0.0315,2.5
2.959,-0.054,-0.0308,-0.0053,-0.0053,2.5
2.96,-0.0668,0.003,-0.0053,0.0082,2.6
2.961,-0.0721,0.0367,-0.0068,0.0405,2.6
2.962,-0.0706,0.0862,-0.0068,0.0652,2.7
2.963,-0.0871,0.1845,-0.0046,0.0652,2.8
2.964,-0.0698,0.2062,-0.0008,0.048,2.9
2.965,-0.0165,0.1102,0.0,0.0315,3.0
2.966,0.0315,0.036,0.0015,0.0022,3.1
2.967,0.0562,-0.1028,0.0075,-0.0346,3.1
2.968,0.0577,-0.09,0.0075,-0.0293,3.2
2.969,0.0405,-0.0158,-0.0083,-0.0375,3.3
2.97,0.0285,-0.0706,-0.0158,-0.03,3.4
2.971,0.0367,-0.0405,-0.0188,-0.0173,3.4
2.972,0.0457,-0.0256,-0.0181,-0.0068,3.5
2.973,0.033,0.0495,-0.0023,0.0097,3.6
2.974,0.0105,0.1125,0.0015,-0.0053,3.6
2.975,-0.0091,0.0705,0.0105,0.0075,3.7
2.976,-0.0195,0.0345,0.018,0.0232,3.8
2.977,-0.0278,0.0165,0.0255,0.027,3.9
2.978,-0.0368,0.0345,0.027,0.0142,4.0
2.979,-0.03,0.0307,0.0202,-0.0091,4.0
2.98,-0.024,-0.0038,0.0202,-0.012,4.1
2.981,-0.0256,-0.012,0.018,-0.0091,4.2
2.982,-0.0285,0.084,0.0112,0.0097,4.2
2.983,-0.033,0.0975,0.0045,0.0202,4.3
2.984,-0.042,-0.0555,0.009,0.0195,4.3
2.985,-0.033,-0.075,0.0172,0.018,4.4
2.986,-0.0053,-0.0368,0.0195,0.012,4.4
2.987,0.0037,-0.021,0.003,0.009,4.5
2.988,0.0142,-0.0046,-0.0091,0.0052,4.5
2.989,0.033,-0.0143,-0.0053,-0.0046,4.5
2.99,0.0315,0.033,-0.0008,-0.021,4.6
2.991,0.003,-0.027,0.0037,-0.039,4.7
2.992,-0.0098,-0.1088,-0.0075,-0.054,4.7
2.993,0.0157,-0.1058,-0.0135,-0.063,4.8
2.994,0.0232,-0.1433,-0.0083,-0.0668,4.8
2.995,0.0465,-0.1515,-0.0075,-0.0728,4.9
2.996,0.087,-0.1268,-0.0105,-0.0683,4.9
2.997,0.0832,-0.1148,-0.0053,-0.0361,4.9
2.998,0.0765,-0.0368,0.0127,0.0052,5.0
2.999,0.0667,0.2062,0.039,0.063,5.0
3.0,0.0375,0.3952,0.0502,0.129,5.1
3.001,-0.0046,0.2797,0.018,0.1485,5.0
3.002,-0.0405,0.0742,-0.0135,0.0877,5.0
3.003,-0.0593,-0.0398,-0.0256,-0.0105,4.9
3.004,-0.0638,-0.0368,-0.024,-0.0278,4.8
3.005,-0.0443,0.036,-0.0083,-0.0128,4.7
3.006,-0.0383,-0.0143,0.003,-0.0436,4.7
3.007,-0.027,-0.0091,0.0157,-0.0473,4.6
3.008,-0.0015,0.0697,0.0195,-0.0256,4.5
3.009,-0.0098,-0.0256,0.0082,-0.012,4.5
3.01,-0.0195,-0.0825,-0.0143,-0.0068,4.4
3.011,-0.03,-0.0871,-0.0278,-0.0135,4.3
3.012,-0.0346,-0.114,-0.0188,-0.0375,4.2
3.013,-0.012,-0.0503,-0.0083,-0.0323,4.1
3.014,-0.0091,-0.0105,-0.0008,-0.003,4.0
3.015,-0.0248,-0.0383,-0.0023,0.015,4.0
3.016,-0.0375,-0.084,-0.0008,0.0232,3.9
3.017,-0.0293,-0.0743,0.0045,0.0045,3.8
3.018,-0.0068,-0.0346,0.0037,-0.0046,3.7
3.019,-0.0008,0.0157,0.0067,0.006,3.7
3.02,-0.0038,0.0877,0.0157,0.018,3.6
3.021,-0.0105,0.042,0.0172,0.0202,3.5
3.022,0.0142,-0.0158,0.0202,0.03,3.5
3.023,0.0817,0.0157,0.0202,0.0285,3.4
3.024,0.105,-0.012,0.0142,-0.0008,3.3
3.025,0.0375,-0.0721,0.0105,-0.0015,3.2
3.026,-0.0105,-0.0368,0.0075,0.009,3.2
3.027,-0.039,-0.0015,0.0037,0.0105,3.1
3.028,-0.0818,-0.0225,0.0022,0.0127,3.1
3.029,-0.0825,0.0045,0.009,0.0277,3.0
3.03,-0.063,0.0502,0.0112,0.0517,2.9
3.031,-0.0465,0.0907,0.012,0.0675,2.8
3.032,-0.066,0.0892,0.015,0.0735,2.8
3.033,-0.0428,0.0442,0.0165,0.039,2.7
3.034,0.0045,0.012,0.0165,0.0045,2.6
3.035,-0.0083,-0.0023,0.0067,0.0105,2.6
3.036,-0.0248,0.0045,-0.0046,0.0097,2.5
3.037,-0.0075,-0.0053,0.0007,0.0067,2.5
3.038,0.0345,-0.003,-0.0023,0.0007,2.4
3.039,0.0442,-0.0083,-0.0225,-0.0091,2.3
3.04,0.0525,-0.0143,-0.03,-0.0053,2.2
3.041,0.093,-0.0105,-0.0315,-0.0053,2.3
3.042,0.0877,-0.0218,-0.027,-0.015,2.4
3.043,0.0517,-0.0181,-0.012,-0.0203,2.6
3.044,0.0397,-0.0128,-0.006,-0.0278,2.7
3.045,0.0187,-0.0083,-0.0135,-0.0315,2.8
3.046,0.0105,-0.0046,-0.0098,-0.0338,2.9
3.047,0.0232,-0.0105,0.0142,-0.048,3.1
3.048,0.0127,-0.0293,0.0307,-0.0578,3.2
3.049,-0.0368,-0.0368,0.018,-0.054,3.3
3.05,-0.099,-0.033,-0.0015,-0.0405,3.4
3.051,-0.1133,-0.0458,-0.0181,-0.0256,3.6
3.052,-0.0511,-0.042,-0.0338,-0.0098,3.6
3.053,0.0232,0.0,-0.0375,0.0067,3.8
3.054,0.0397,0.0577,-0.0353,0.0232,3.9
3.055,0.033,0.0615,-0.0308,0.0315,4.0
3.056,0.0127,0.0345,-0.0308,0.033,4.1
3.057,0.0,0.0825,-0.0278,0.0165,4.3
3.058,-0.003,0.054,-0.0225,-0.0165,4.4
3.059,-0.006,-0.0098,-0.0188,-0.0158,4.5
3.06,-0.0105,-0.0068,-0.0075,-0.0128,4.6
3.061,-0.0188,-0.0818,0.0045,-0.0181,4.8
3.062,-0.0068,-0.1328,0.0082,-0.006,4.9
3.063,0.0015,-0.129,0.012,-0.0068,5.1
3.064,0.0022,-0.075,0.012,-0.0068,5.3
3.065,-0.0091,-0.0158,0.006,0.009,5.4
3.066,-0.0143,0.0757,0.003,0.0285,5.6
3.067,-0.0113,0.2805,0.0015,0.03,5.7
3.068,-0.0053,0.4987,0.003,0.042,5.9
3.069,0.0097,0.3975,0.003,0.0607,6.0
3.07,0.0052,-0.027,-0.0023,0.045,6.2
3.071,0.0007,-0.1028,-0.003,0.018,6.4
3.072,-0.0008,-0.0525,-0.0053,-0.0143,6.5
3.073,-0.0008,-0.0848,-0.0068,-0.0293,6.7
3.074,0.003,-0.0533,-0.0083,-0.0353,6.8
3.075,0.0037,-0.1088,-0.0158,-0.039,7.0
3.076,0.006,-0.0915,-0.0158,-0.033,7.2
3.077,0.0,-0.1006,-0.0181,-0.0346,7.3
3.078,-0.0158,-0.111,-0.0181,-0.0256,7.5
3.079,-0.0225,-0.0833,-0.0188,-0.0053,7.6
3.08,-0.0143,-0.0555,-0.0233,0.0082,7.8
3.081,-0.0083,-0.0113,-0.0181,0.006,7.9
3.082,-0.0046,-0.0083,-0.0173,0.0067,7.9
3.083,0.0082,-0.0091,-0.0218,0.018,8.0
3.084,0.018,0.036,-0.0113,0.0225,8.1
3.085,0.0277,0.0607,-0.0015,0.0045,8.1
3.086,0.0345,-0.0548,0.0067,-0.0248,8.2
3.087,0.0337,-0.1583,0.006,-0.0653,8.3
3.088,0.0262,-0.1883,-0.0091,-0.0923,8.3
3.089,0.0142,-0.1478,-0.0143,-0.09,8.4
3.09,0.0097,-0.0803,-0.0181,-0.093,8.5
3.091,0.0075,-0.0158,-0.0143,-0.084,8.5
3.092,0.0075,0.0877,-0.0091,-0.063,8.6
3.093,-0.0038,0.21,-0.0038,-0.0091,8.7
3.094,-0.0105,0.3262,0.0187,0.0502,8.8
3.095,-0.0105,0.2572,0.0472,0.0645,8.8
3.096,0.0007,0.1185,0.0427,0.0622,8.9
3.097,0.036,0.0487,0.0172,0.0825,9.0
3.098,0.0742,0.0232,0.0157,0.075,9.0
3.099,0.096,0.0052,0.0195,0.03,9.1
3.1,0.0577,-0.0473,0.0157,0.0082,9.2
3.101,-0.0083,-0.027,0.0015,0.0015,9.1
3.102,-0.0398,-0.0113,-0.012,-0.0046,9.1
3.103,-0.0713,-0.0443,-0.0165,-0.024,9.0
3.104,-0.1178,-0.06,-0.0181,-0.0338,8.9
3.105,-0.1426,-0.0548,-0.0135,-0.0353,8.8
3.106,-0.1223,-0.0525,-0.0158,-0.0315,8.7
3.107,-0.0728,-0.0511,-0.0135,-0.0218,8.7
3.108,-0.0158,-0.0533,-0.0023,-0.0218,8.6
3.109,0.0375,-0.054,0.0067,-0.0158,8.5
3.11,0.0435,-0.048,0.0165,-0.0181,8.4
3.111,0.0217,-0.0518,0.0277,-0.0165,8.4
3.112,0.0142,-0.048,0.0262,-0.0105,8.3
3.113,0.012,-0.0503,0.0202,-0.0053,8.2
3.114,0.0195,-0.0458,0.0142,-0.0015,8.1
3.115,0.027,-0.042,0.009,-0.0008,8.1
3.116,0.0405,-0.0405,0.0142,-0.0023,8.0
3.117,0.036,-0.045,0.0217,-0.0053,7.9
3.118,-0.0015,-0.063,0.0322,-0.0068,7.8
3.119,-0.0165,-0.063,0.0367,-0.0075,7.7
3.12,-0.0173,-0.045,0.0285,-0.003,7.6
3.121,-0.012,-0.0203,0.018,0.0045,7.6
3.122,-0.0046,0.0405,0.0157,0.015,7.6
3.123,-0.0053,0.0862,0.0142,0.024,7.5
3.124,-0.0218,0.036,0.003,0.0217,7.5
3.125,-0.0458,0.0067,-0.0083,0.0165,7.4
3.126,-0.0285,0.0052,-0.015,0.0142,7.3
3.127,0.018,-0.0105,-0.021,0.0142,7.3
3.128,0.078,-0.0053,-0.0263,0.0127,7.2
3.129,0.1117,-0.0158,-0.027,0.0112,7.2
3.13,0.063,-0.012,-0.0233,0.0142,7.2
3.131,0.0165,-0.0046,-0.0158,0.0187,7.1
3.132,-0.0233,0.0015,-0.0113,0.0157,7.1
3.133,-0.0833,0.0142,-0.0068,0.0165,7.0
3.134,-0.105,0.0405,0.006,0.0157,7.0
3.135,-0.0998,0.057,0.0165,0.012,6.9
3.136,-0.0863,0.0307,0.0195,0.0067,6.8
3.137,-0.0848,0.0285,0.0135,0.0052,6.8
3.138,-0.0368,0.0292,0.0052,0.0097,6.7
3.139,0.0142,0.024,0.003,0.0097,6.7
3.14,0.0127,0.0195,-0.0008,0.0045,6.6
3.141,0.0202,0.0067,-0.0015,0.0052,6.6
3.142,0.0135,0.009,-0.0015,0.0075,6.6
3.143,0.0127,0.0067,0.0,0.0015,6.6
3.144,0.0157,0.0015,0.0045,0.0,6.6
3.145,0.012,0.0007,0.0015,0.0082,6.5
3.146,0.0112,0.0225,0.0007,0.0202,6.5
3.147,0.0052,0.054,0.0052,0.0165,6.5
3.148,0.0105,0.042,0.0052,0.0127,6.5
3.149,0.0105,0.0157,0.0052,0.0165,6.4
3.15,0.0105,0.0202,0.0067,0.0075,6.4
3.151,0.009,0.0172,0.006,0.0045,6.4
3.152,0.0082,0.0202,0.009,0.0052,6.3
3.153,0.0075,0.0142,0.009,0.0067,6.3
3.154,0.0022,0.003,0.0067,0.012,6.3
3.155,0.003,0.012,0.0045,0.0112,6.3
3.156,0.0,0.0105,0.0052,0.0105,6.3
3.157,-0.0015,0.039,0.0045,0.0097,6.3
3.158,0.0007,0.0577,0.003,0.0165,6.2
3.159,0.0015,0.027,0.0,0.012,6.2
3.16,0.0015,-0.0346,-0.0008,-0.0008,6.1
3.161,0.0045,-0.0578,-0.0015,-0.0075,6.1
3.162,0.0082,-0.0346,-0.0046,-0.0143,6.2
3.163,0.0082,-0.0248,-0.0053,-0.0143,6.2
3.164,0.0082,-0.012,-0.006,-0.012,6.2
3.165,0.0052,0.0067,-0.006,-0.012,6.2
3.166,-0.0038,0.027,-0.0075,-0.0143,6.2
3.167,-0.0053,0.063,-0.0068,-0.0015,6.3
3.168,0.0015,0.0847,-0.0053,0.0157,6.3
3.169,0.0015,0.0465,-0.0068,0.0105,6.3
3.17,-0.0015,0.0052,-0.0091,0.006,6.3
3.171,-0.0046,-0.0113,-0.0105,0.0022,6.3
3.172,-0.0046,-0.0181,-0.0091,-0.0128,6.3
3.173,0.0007,-0.0165,-0.0053,-0.0225,6.3
3.174,0.0007,-0.0105,-0.0046,-0.0181,6.4
3.175,-0.0008,-0.0008,-0.006,-0.0195,6.4
3.176,-0.0046,-0.0128,-0.0053,-0.0256,6.4
3.177,-0.0053,-0.0181,-0.0053,-0.0218,6.4
3.178,-0.0053,-0.0143,-0.0046,-0.0165,6.4
3.179,-0.0053,-0.0181,-0.006,-0.0068,6.5
3.18,-0.0038,-0.0143,-0.006,-0.0068,6.5
3.181,0.0015,-0.0181,-0.003,-0.0113,6.5
3.182,0.0007,-0.0195,-0.0015,-0.0091,6.6
3.183,-0.0046,-0.021,-0.0008,-0.012,6.6
3.184,-0.0023,-0.0195,-0.0046,-0.012,6.7
3.185,-0.0015,-0.0233,-0.003,-0.0128,6.7
3.186,0.0045,-0.0443,0.0007,-0.0173,6.7
3.187,0.0052,-0.0608,0.0022,-0.0195,6.8
3.188,0.0015,-0.0436,0.0045,-0.0195,6.8
3.189,-0.0053,-0.0195,0.0037,-0.0203,6.9
3.19,-0.015,-0.0158,0.0045,-0.0218,7.0
3.191,-0.0091,0.0,0.0037,-0.0203,7.0
3.192,-0.0015,0.0547,0.0037,-0.0143,7.1
3.193,0.003,0.0997,0.003,-0.0083,7.1
3.194,0.0082,0.0457,0.003,-0.0068,7.2
3.195,0.0082,-0.0083,0.0037,-0.0068,7.2
3.196,0.0127,-0.006,0.003,-0.006,7.2
3.197,0.0142,-0.0181,0.003,-0.006,7.3
3.198,0.0127,-0.0143,0.003,-0.0038,7.3
3.199,0.0082,-0.012,0.003,-0.0068,7.4
3.2,0.003,-0.0068,0.0022,-0.0105,7.4
3.201,0.0007,-0.0083,0.003,-0.0083,7.4
3.202,-0.0008,-0.0195,0.0022,-0.0038,7.4
3.203,-0.003,-0.0128,0.0,0.0007,7.4
3.204,0.0007,-0.0113,0.0007,0.0082,7.3
3.205,0.0007,0.0127,0.0,0.018,7.3
3.206,-0.0046,0.0202,-0.0015,0.0292,7.2
3.207,0.003,-0.0068,-0.0015,0.0285,7.2
3.208,0.0142,-0.0143,-0.0015,0.0157,7.2
3.209,0.0052,-0.0091,0.0007,0.0052,7.2
3.21,-0.0203,-0.0143,0.003,0.0045,7.1
3.211,-0.0458,-0.0143,0.0015,0.003,7.1
3.212,-0.0458,-0.0143,0.0015,0.003,7.1
3.213,-0.0256,-0.0143,0.0,0.003,7.0
3.214,-0.0173,-0.0128,0.0022,0.0007,7.0
3.215,-0.0083,-0.012,0.003,0.0007,7.0
3.216,-0.0015,-0.003,0.003,-0.0015,6.9
3.217,0.0,0.0,0.0015,-0.0008,6.9
3.218,0.0015,0.0015,-0.0008,0.0,6.8
3.219,0.0105,0.0022,0.0022,0.0007,6.8
3.22,0.0202,0.0015,0.0037,-0.003,6.7
3.221,0.015,0.0037,0.0052,-0.0038,6.7
3.222,0.0127,0.003,0.003,0.0,6.6
3.223,0.0052,0.0015,0.003,0.0007,6.5
3.224,0.0015,0.0007,0.003,0.0015,6.4
3.225,0.0082,0.0015,-0.0015,0.0015,6.3
3.226,-0.0015,0.0007,-0.003,0.003,6.3
3.227,-0.0091,0.0015,0.0015,0.0037,6.2
3.228,-0.0203,0.003,0.0067,0.0007,6.1
3.229,-0.039,0.0045,0.0022,0.0007,6.0
3.23,-0.015,0.0037,0.0037,0.0045,5.9
3.231,0.0142,0.0045,0.0082,0.0045,5.8
3.232,-0.0068,0.0015,0.0037,0.0022,5.8
3.233,-0.006,0.0,-0.0008,0.0015,5.7
3.234,0.0022,0.0015,-0.0015,0.0037,5.6
3.235,0.0007,-0.0015,-0.0008,0.0045,5.5
3.236,0.0052,-0.0008,-0.0023,0.0045,5.4
3.237,-0.0015,0.0015,-0.0046,0.0067,5.3
3.238,0.003,0.0022,-0.0038,0.0067,5.2
3.239,0.0015,0.0015,-0.0053,0.003,5.1
3.24,0.0022,0.0,-0.0053,0.0045,5.0
3.241,0.0052,0.0015,-0.0008,0.0052,5.0
3.242,0.0022,0.0007,-0.0008,0.0052,4.9
3.243,0.0015,0.0007,-0.0008,0.0045,4.9
3.244,-0.0046,0.0015,0.0022,0.0045,4.8
3.245,-0.0068,0.0015,0.0015,0.0037,4.8
3.246,-0.0046,0.0037,0.0007,0.0037,4.7
3.247,-0.0015,0.0052,0.0015,0.0052,4.6
3.248,-0.0068,0.006,0.003,0.0045,4.6
3.249,-0.0068,0.0045,0.0037,0.0022,4.5
3.25,-0.003,0.0022,0.0015,0.0037,4.5
3.251,0.003,0.0022,0.0007,0.0045,4.4
3.252,0.012,0.003,0.0007,0.0045,4.4
3.253,0.012,0.0015,0.0007,0.0045,4.3
3.254,0.015,0.0015,0.0045,0.0037,4.3
3.255,0.018,0.0,0.0045,0.0052,4.2
3.256,0.0112,-0.003,0.003,0.0045,4.1
3.257,0.0037,-0.0046,0.003,0.003,4.1
3.258,0.0007,-0.0046,0.003,0.0022,4.0
3.259,-0.0046,-0.0053,0.0,0.0015,4.0
3.26,-0.0068,-0.0053,-0.0023,0.0015,3.9
3.261,-0.0053,-0.0053,-0.0015,-0.0008,3.9
3.262,-0.0083,-0.006,-0.0023,-0.0008,3.9
3.263,-0.0083,-0.0083,-0.0015,-0.0023,3.8
3.264,-0.0083,-0.0083,-0.0015,-0.0038,3.8
3.265,-0.0083,-0.0068,-0.0023,-0.0038,3.8
3.266,-0.0068,-0.0068,-0.0015,-0.0053,3.8
3.267,-0.0091,-0.0053,-0.0038,-0.0046,3.8
3.268,-0.0135,-0.0053,-0.0046,-0.0046,3.7
3.269,-0.0128,-0.003,-0.0046,-0.0046,3.7
3.27,-0.0083,-0.003,-0.0053,-0.0068,3.7
3.271,-0.0053,-0.0046,-0.0038,-0.0075,3.6
3.272,-0.0015,-0.003,-0.0023,-0.0068,3.6
3.273,0.0015,-0.0046,-0.0038,-0.0068,3.6
3.274,0.0015,-0.006,-0.0053,-0.0053,3.6
3.275,0.0052,-0.0046,-0.0046,-0.0008,3.6
3.276,0.009,-0.0046,-0.0046,0.0007,3.6
3.277,0.0015,0.0045,-0.0015,0.0007,3.6
3.278,-0.0046,0.0067,-0.0008,-0.0008,3.5
3.279,-0.0023,-0.0068,-0.0046,-0.003,3.5
3.28,-0.0053,-0.0053,-0.0053,-0.0015,3.4
3.281,-0.0053,0.0022,-0.0068,-0.003,3.4
3.282,-0.003,-0.0023,-0.0053,-0.003,3.4
3.283,-0.0046,-0.0015,-0.003,-0.003,3.4
3.284,-0.0053,-0.0023,-0.0015,-0.0038,3.4
3.285,-0.006,-0.0038,0.0,-0.0053,3.3
3.286,-0.0008,-0.003,-0.0008,-0.0068,3.3
3.287,0.0,-0.0023,0.0015,-0.0053,3.3
3.288,-0.003,-0.0008,0.0022,-0.0053,3.3
3.289,-0.0046,-0.0008,0.003,-0.003,3.3
3.29,-0.0038,0.003,0.0007,-0.0023,3.2
3.291,0.0007,0.0015,0.0007,-0.003,3.2
3.292,-0.0023,0.0007,0.0007,-0.003,3.2
3.293,-0.003,0.0007,-0.0008,-0.0008,3.1
3.294,-0.0023,0.0015,0.0007,-0.0008,3.1
3.295,-0.0023,0.0015,0.0007,-0.0008,3.1
3.296,-0.0023,-0.0008,0.0015,0.0007,3.1
3.297,-0.0023,0.0,0.0007,0.0007,3.1
3.298,0.0,-0.0008,0.0007,0.0015,3.1
3.299,0.0015,0.0007,0.0007,0.0045,3.1
3.3,0.0007,0.0,0.0015,0.0052,3.0
3.301,-0.0015,0.0007,0.003,0.0052,3.0
3.302,-0.0015,0.0015,0.0007,0.003,2.9
3.303,-0.0015,0.0015,0.0,0.0007,2.9
3.304,-0.0046,0.0015,0.0007,-0.0008,2.8
3.305,-0.0023,0.0015,0.0,-0.0046,2.8
3.306,-0.0015,0.0037,0.0007,-0.003,2.8
3.307,-0.0046,0.0022,0.0007,-0.0015,2.7
3.308,-0.0015,0.0022,0.0007,-0.0046,2.7
3.309,-0.0023,0.0037,0.0015,-0.0038,2.6
3.31,-0.003,0.0045,-0.0008,-0.006,2.6
3.311,-0.0015,0.003,-0.0008,-0.006,2.6
3.312,-0.0023,0.0015,0.0007,-0.0023,2.5
3.313,0.0007,0.0015,0.0,-0.0008,2.5
3.314,-0.0015,0.0045,0.0007,0.0015,2.4
3.315,-0.0038,0.0052,0.0007,0.003,2.4
3.316,-0.0015,0.0045,0.0007,0.0052,2.4
3.317,-0.003,0.0052,0.0015,0.0037,2.3
3.318,-0.0015,0.0037,-0.0008,0.0015,2.3
3.319,-0.0008,0.0015,-0.0015,0.003,2.2
3.32,-0.0008,0.0007,-0.0015,0.0007,2.2
3.321,-0.0015,0.0015,-0.003,-0.003,2.2
3.322,0.0007,0.003,-0.003,-0.0038,2.1
3.323,0.0007,0.0007,-0.0038,-0.0023,2.0
3.324,-0.0015,0.0007,-0.0015,-0.003,2.0
3.325,0.0007,0.0007,-0.0015,-0.0008,1.9
3.326,0.0015,0.0007,-0.0015,0.0022,1.8
3.327,-0.0008,0.0007,-0.0008,0.0037,1.8
3.328,0.0,0.0007,-0.0008,0.0082,1.8
3.329,0.0015,0.0022,0.0015,0.0135,1.7
3.33,0.0007,0.0,0.0015,0.012,1.6
3.331,-0.003,0.0007,0.0015,0.0067,1.6
3.332,-0.003,0.0,0.0045,0.006,1.5
3.333,-0.0046,-0.0008,0.0037,0.006,1.4
3.334,-0.006,-0.0008,0.0045,0.0022,1.4
3.335,-0.0053,-0.0015,0.0045,0.0022,1.3
3.336,-0.0046,0.0007,0.0022,0.003,1.3
3.337,-0.0046,0.0015,0.0022,0.0022,1.2
3.338,-0.0053,0.0015,0.003,0.0007,1.2
3.339,-0.0038,0.0,0.0037,-0.0008,1.1
3.34,-0.0038,0.0,0.0052,-0.0008,1.0
3.341,-0.003,0.0,0.003,-0.0015,1.0
3.342,-0.0046,0.0,0.003,-0.0038,0.9
3.343,-0.0068,-0.0023,0.003,-0.0038,0.9
3.344,-0.0053,-0.003,0.0015,-0.003,0.8
3.345,-0.0053,-0.0015,0.0015,-0.0053,0.7
3.346,-0.006,-0.0015,0.0007,-0.003,0.7
3.347,-0.0068,0.0015,0.0007,-0.0038,0.6
3.348,-0.0068,0.0007,0.0,-0.003,0.6
3.349,-0.006,0.0007,-0.0008,-0.0015,0.5
3.35,-0.0053,-0.0008,-0.0008,-0.003,0.4
3.351,-0.0053,-0.003,-0.0023,-0.0015,0.4
3.352,-0.0068,-0.0015,0.0,-0.003,0.3
3.353,-0.0075,-0.0015,0.0007,-0.0015,0.3
3.354,-0.0105,-0.0015,0.0015,-0.0008,0.2
3.355,-0.0098,-0.0023,0.0015,-0.0023,0.1
3.356,-0.0098,-0.0015,0.0,-0.0008,0.1
3.357,-0.0091,-0.0023,-0.0008,-0.0008,0.0
3.358,-0.0046,-0.0015,-0.0008,-0.0015,0.0
3.359,-0.0038,-0.0015,-0.0008,-0.0023,-0.1
3.36,-0.012,-0.003,0.0007,-0.0015,-0.2
3.361,-0.0203,-0.003,0.0007,-0.0015,-0.2
3.362,-0.0173,-0.0023,-0.0008,-0.0015,-0.2
3.363,-0.0173,-0.0023,-0.0015,-0.003,-0.3
3.364,-0.021,-0.0015,-0.003,-0.0038,-0.3
3.365,-0.0218,-0.0015,-0.003,-0.0038,-0.4
3.366,-0.0233,-0.0038,-0.003,-0.0046,-0.4
3.367,-0.0218,-0.0015,-0.003,-0.003,-0.4
3.368,-0.0195,-0.0008,-0.0046,-0.003,-0.5
3.369,-0.0135,-0.0008,-0.0046,-0.0023,-0.5
3.37,-0.0128,0.0,-0.0023,-0.0046,-0.5
3.371,-0.0113,-0.0008,-0.0015,-0.0046,-0.6
3.372,-0.0053,-0.0015,-0.0015,-0.0046,-0.6
3.373,-0.0046,-0.0015,-0.0015,-0.0046,-0.7
3.374,-0.0015,-0.0015,-0.0008,-0.003,-0.7
3.375,-0.0008,-0.0015,-0.0008,-0.0053,-0.8
3.376,0.0007,-0.0008,-0.0008,-0.0046,-0.8
3.377,0.003,-0.0008,-0.0008,-0.0038,-0.8
3.378,0.003,-0.0008,0.0022,-0.0053,-0.9
3.379,0.0052,-0.0015,0.003,-0.003,-0.9
3.38,0.009,-0.003,0.0007,-0.0038,-1.0
3.381,0.012,-0.0015,0.0022,-0.0046,-1.0
3.382,0.0127,-0.0008,0.0022,-0.0053,-1.0
3.383,0.0142,-0.003,0.0015,-0.0046,-1.0
3.384,0.0165,-0.0038,0.0022,-0.0053,-1.0
3.385,0.0157,-0.006,0.0022,-0.0053,-1.1
3.386,0.0142,-0.0068,0.0,-0.0046,-1.1
3.387,0.0135,-0.006,0.0,-0.0046,-1.1
3.388,0.0127,-0.0046,-0.0008,-0.0068,-1.2
3.389,0.0105,-0.0046,-0.0023,-0.0075,-1.2
3.39,0.012,-0.0046,-0.003,-0.0068,-1.2
3.391,0.012,-0.003,-0.0023,-0.006,-1.3
3.392,0.0097,-0.0023,-0.0046,-0.0053,-1.3
3.393,0.0067,-0.003,-0.0046,-0.0053,-1.3
3.394,0.0075,-0.0038,-0.0046,-0.003,-1.3
3.395,0.0082,-0.0023,-0.0046,-0.003,-1.4
3.396,0.006,-0.0015,-0.003,-0.0038,-1.4
3.397,0.0075,-0.0015,-0.0053,-0.0015,-1.4
3.398,0.0075,0.0,-0.0023,-0.0038,-1.4
3.399,0.0082,-0.0008,-0.0015,-0.0053,-1.4
3.4,0.0067,0.0007,-0.0008,-0.0038,-1.5
3.401,0.0067,0.0015,0.0007,-0.0015,-1.5
3.402,0.0067,0.0,0.0015,-0.0008,-1.5
3.403,0.0075,0.0015,0.0022,0.0015,-1.5
3.404,0.009,0.003,0.0022,0.0015,-1.6
3.405,0.0082,0.0015,0.0015,0.0015,-1.6
3.406,0.0067,0.0015,0.003,0.0,-1.6
3.407,0.0067,0.0015,0.003,0.0,-1.6
3.408,0.0052,0.0015,0.0022,0.0015,-1.6
3.409,0.0045,0.0015,0.003,0.0007,-1.7
3.41,0.0022,0.0,0.0007,-0.0008,-1.7
3.411,0.0015,-0.0008,-0.0008,-0.0008,-1.7
3.412,0.0037,-0.0015,-0.0008,0.0015,-1.7
3.413,0.0037,0.0007,-0.0015,0.0007,-1.7
3.414,0.0037,0.0007,-0.0008,-0.0008,-1.8
3.415,0.0007,0.0015,-0.0008,-0.0023,-1.8
3.416,-0.0008,0.0015,0.0007,-0.0038,-1.8
3.417,-0.0015,0.0007,0.0022,-0.003,-1.8
3.418,-0.0008,0.0015,0.0015,-0.0038,-1.8
3.419,-0.0008,0.0022,-0.0015,-0.003,-1.8
3.42,0.0,0.0007,-0.0008,-0.0046,-1.9
3.421,-0.0015,-0.0023,0.0,-0.0046,-1.9
3.422,-0.0038,-0.0023,0.0007,-0.003,-1.9
3.423,-0.0038,-0.0023,0.0015,-0.003,-1.9
3.424,-0.0038,-0.0008,0.0022,-0.003,-1.9
3.425,-0.003,0.0015,0.003,-0.0015,-1.9
3.426,-0.0015,0.0022,0.0015,-0.0015,-1.9
3.427,-0.0046,0.0007,0.0015,-0.0023,-1.9
3.428,-0.0053,-0.0015,0.003,-0.0008,-1.9
3.429,-0.0046,0.0022,0.0007,-0.0015,-1.9
3.43,-0.0068,0.0007,0.0015,-0.0015,-1.9
3.431,-0.0068,-0.0008,0.0007,-0.0038,-1.9
3.432,-0.0053,-0.0008,-0.0008,-0.0046,-1.9
3.433,-0.0075,-0.003,0.0015,-0.0015,-1.9
3.434,-0.006,-0.0015,-0.0008,0.0015,-1.9
3.435,-0.0046,-0.0015,-0.0015,0.003,-1.9
3.436,0.0007,-0.0015,-0.0015,0.0007,-1.9
3.437,0.003,-0.0023,-0.0015,0.0015,-2.0
3.438,0.0052,-0.0023,-0.0008,0.0015,-2.0
3.439,0.0112,-0.003,-0.0015,0.0015,-2.0
3.44,0.0075,-0.003,-0.003,0.003,-2.0
3.441,-0.0046,-0.0015,-0.0046,0.0015,-2.0
3.442,-0.0053,-0.0023,-0.0023,0.003,-2.0
3.443,-0.003,-0.0015,0.0015,0.0022,-2.0
3.444,-0.0038,-0.0023,0.0015,-0.0015,-2.0
3.445,-0.0038,-0.0008,0.0007,-0.0015,-2.0
3.446,-0.006,0.0007,-0.0008,-0.0015,-2.0
3.447,-0.0068,0.0007,-0.0008,0.0007,-2.0
3.448,-0.0068,-0.0008,-0.0008,0.0037,-2.0
3.449,-0.0068,-0.0008,-0.0023,0.0052,-2.0
3.45,-0.006,0.0015,-0.0008,0.0067,-2.1
3.451,-0.0075,-0.0008,-0.0008,0.0105,-2.1
3.452,-0.0075,-0.0023,-0.0008,0.0142,-2.1
3.453,-0.0083,-0.003,0.0,0.0142,-2.1
3.454,-0.0075,-0.0053,-0.0008,0.0165,-2.1
3.455,-0.0068,-0.0046,-0.0015,0.0157,-2.1
3.456,-0.0068,-0.0023,-0.003,0.0142,-2.1
3.457,-0.0053,-0.003,-0.003,0.012,-2.1
3.458,-0.003,-0.003,-0.0023,0.0067,-2.1
3.459,-0.0015,-0.0015,-0.0015,0.0022,-2.1
3.46,-0.0015,-0.0015,0.0007,0.0,-2.2
3.461,-0.003,0.0015,0.0007,-0.0015,-2.2
3.462,-0.0023,0.003,0.0015,-0.0023,-2.2
3.463,-0.003,0.0037,0.0037,-0.003,-2.2
3.464,-0.0023,0.0045,0.003,-0.0015,-2.2
3.465,-0.0008,0.003,0.0007,0.0015,-2.2
3.466,-0.0008,0.0007,0.0015,0.0007,-2.2
3.467,0.0,-0.0008,0.0007,-0.0046,-2.2
3.468,0.0,-0.0023,0.0015,-0.006,-2.2
3.469,0.0007,-0.003,0.0015,-0.0075,-2.2
3.47,-0.0008,-0.0015,0.0015,-0.0083,-2.2
3.471,-0.0023,-0.0008,0.0015,-0.0068,-2.2
3.472,-0.003,0.0015,0.0,-0.0083,-2.2
3.473,-0.003,0.0052,0.0015,-0.0098,-2.2
3.474,-0.0038,0.0045,0.003,-0.0075,-2.2
3.475,-0.0046,0.003,0.003,-0.0075,-2.2
3.476,-0.0038,0.0037,0.0037,-0.0083,-2.2
3.477,-0.0046,0.0045,0.0052,-0.0068,-2.2
3.478,-0.0038,0.003,0.003,-0.0053,-2.2
3.479,-0.0038,0.0015,0.0015,-0.0053,-2.2
3.48,-0.0015,0.0015,0.003,-0.0046,-2.2
3.481,-0.0008,0.0015,0.003,-0.0046,-2.2
3.482,0.0,0.003,0.0015,-0.0038,-2.2
3.483,0.0,0.0022,-0.0008,-0.0038,-2.2
3.484,0.0007,0.0022,0.0007,-0.0053,-2.1
3.485,0.0015,0.0015,-0.0008,-0.0046,-2.1
3.486,-0.0008,0.0015,-0.0008,-0.0046,-2.1
3.487,0.0,0.0015,0.003,-0.0038,-2.1
3.488,0.0007,0.0,0.0007,-0.0038,-2.1
3.489,-0.0015,-0.0008,0.0015,-0.0038,-2.1
3.49,0.0,0.0,0.0015,-0.0023,-2.1
3.491,-0.003,0.0015,0.0007,-0.0008,-2.1
3.492,-0.0038,0.0007,0.0007,0.0,-2.1
3.493,-0.0046,-0.0015,0.0,0.0015,-2.1
3.494,-0.0053,-0.0015,-0.0008,-0.0008,-2.1
3.495,-0.0068,-0.0023,-0.0023,-0.0015,-2.1
3.496,-0.0083,-0.003,-0.003,-0.0015,-2.1
3.497,-0.0068,-0.003,-0.0008,-0.0008,-2.0
3.498,-0.0046,-0.0008,0.0007,0.0015,-2.0
3.499,-0.003,-0.0015,-0.0008,0.003,-2.0
3.5,-0.0015,-0.003,-0.0008,0.003,-2.0
3.501,-0.0015,-0.0023,0.0,0.0007,-2.0
3.502,-0.003,-0.0008,0.0007,0.0,-2.0
3.503,-0.003,-0.0023,0.0007,-0.0008,-2.0
3.504,-0.0038,-0.0015,-0.0023,0.0007,-2.0
3.505,-0.003,-0.0015,-0.0015,0.0007,-2.0
3.506,-0.0023,-0.0015,-0.003,-0.0008,-2.0
3.507,-0.0046,-0.0008,-0.0046,0.0,-2.0
3.508,-0.0053,-0.0008,-0.0046,0.0007,-2.0
3.509,-0.0053,-0.0008,-0.003,0.003,-2.0
3.51,-0.0068,-0.003,-0.0023,0.0015,-2.0
3.511,-0.0068,-0.0023,-0.0008,0.003,-2.0
3.512,-0.0083,-0.003,-0.0008,0.0022,-2.0
3.513,-0.0098,-0.003,-0.0008,0.0007,-2.0
3.514,-0.0105,-0.0008,0.0007,0.0007,-2.0
3.515,-0.0128,-0.003,-0.0008,0.0015,-1.9
3.516,-0.0128,-0.0015,0.0015,0.0022,-1.9
3.517,-0.0105,-0.0023,0.0,0.0015,-1.9
3.518,-0.0105,-0.0038,0.0015,0.0007,-1.9
3.519,-0.012,-0.0023,0.0007,0.0007,-1.9
3.52,-0.0098,-0.0038,-0.0008,0.0007,-1.9
3.521,-0.0083,-0.003,0.0015,0.003,-1.9
3.522,-0.0053,-0.0015,0.0,0.0045,-1.9
3.523,-0.0015,-0.0015,-0.0008,0.0007,-1.9
3.524,0.006,-0.0015,-0.0015,0.0007,-1.9
3.525,0.0037,-0.0023,0.0,0.0007,-1.8
3.526,-0.0075,-0.003,0.0007,-0.0008,-1.8
3.527,-0.0068,-0.0015,0.0015,-0.0008,-1.8
3.528,-0.0038,-0.0023,0.0037,-0.0015,-1.8
3.529,-0.003,-0.0015,0.0022,-0.0015,-1.8
3.53,-0.003,-0.003,0.0007,-0.0015,-1.8
3.531,-0.0053,-0.0038,0.0,0.0007,-1.8
3.532,-0.0038,-0.003,-0.0015,0.0022,-1.8
3.533,-0.003,-0.0023,-0.003,0.0022,-1.7
3.534,-0.003,-0.003,-0.0008,0.0015,-1.7
3.535,-0.003,-0.0015,0.0,-0.0008,-1.7
3.536,-0.0046,-0.0015,-0.0008,-0.0008,-1.7
3.537,-0.003,-0.0015,-0.0008,-0.0015,-1.7
3.538,-0.0046,-0.0008,-0.0023,-0.0046,-1.7
3.539,-0.0068,0.0007,-0.003,-0.0038,-1.6
3.54,-0.0068,0.0015,-0.0015,0.0007,-1.6
3.541,-0.0053,0.0015,-0.0015,0.0037,-1.6
3.542,-0.0038,0.003,-0.0008,0.0045,-1.6
3.543,-0.003,0.0037,0.0007,0.0015,-1.6
3.544,-0.003,0.0007,0.0022,0.0,-1.5
3.545,-0.0015,-0.0008,0.003,-0.0015,-1.5
3.546,0.0007,-0.0008,0.003,-0.003,-1.5
3.547,0.0015,-0.0015,0.003,-0.0015,-1.5
3.548,0.0015,-0.0023,0.003,-0.0015,-1.4
3.549,0.0015,-0.0015,0.0022,-0.0008,-1.4
3.55,0.0007,0.0007,0.0007,0.0007,-1.4
3.551,0.0007,0.003,0.0007,0.0007,-1.4
3.552,-0.0008,0.0052,-0.0008,-0.0008,-1.4
3.553,-0.003,0.0052,-0.0015,-0.0023,-1.4
3.554,-0.003,0.0052,-0.0008,-0.003,-1.4
3.555,-0.003,0.0045,-0.003,-0.0046,-1.3
3.556,-0.0038,0.0052,-0.0046,-0.003,-1.3
3.557,-0.003,0.0045,-0.003,-0.003,-1.3
3.558,-0.0015,0.0007,-0.0023,-0.003,-1.3
3.559,-0.0015,0.0,-0.0015,-0.0015,-1.2
3.56,0.0007,-0.0008,-0.0008,-0.0008,-1.2
3.561,0.0,0.0007,-0.0008,-0.0008,-1.2
3.562,0.0007,0.003,0.0015,0.0007,-1.2
3.563,0.0022,0.0015,0.0015,0.0007,-1.1
3.564,0.0022,0.0007,0.0,-0.0008,-1.1
3.565,0.003,0.0,0.0015,-0.0008,-1.1
3.566,0.0045,-0.0023,0.0015,-0.0015,-1.1
3.567,0.006,-0.0015,-0.0008,-0.0015,-1.0
3.568,0.0067,-0.0015,-0.0008,-0.0008,-1.0
3.569,0.0082,-0.003,0.0,-0.0008,-1.0
3.57,0.009,-0.003,0.0007,-0.0015,-0.9
3.571,0.009,-0.0015,0.0007,-0.0008,-0.9
3.572,0.009,-0.0015,0.003,-0.0008,-0.9
3.573,0.006,-0.0023,0.003,0.0,-0.9
3.574,0.006,0.0,0.0007,-0.0008,-0.9
3.575,0.0067,-0.0008,0.0,-0.0015,-0.9
3.576,0.006,-0.0015,-0.0008,-0.0008,-0.8
3.577,0.0045,-0.0008,0.0015,-0.0008,-0.8
3.578,0.003,-0.0008,0.0007,-0.003,-0.8
3.579,0.003,-0.0015,-0.0008,-0.003,-0.8
3.58,0.0045,-0.0015,-0.0008,-0.0023,-0.7
3.581,0.0052,-0.0008,-0.0046,-0.0038,-0.7
3.582,0.0067,-0.0023,-0.0046,-0.003,-0.7
3.583,0.0045,-0.0008,-0.0008,-0.0015,-0.6
3.584,0.0045,0.0,-0.0008,-0.0008,-0.6
3.585,0.0052,0.0007,0.0007,0.0015,-0.5
3.586,0.0045,0.0015,0.0007,0.0022,-0.5
3.587,0.003,0.0,0.0007,0.003,-0.5
3.588,0.0022,0.0,0.0015,0.0022,-0.5
3.589,0.0007,0.0015,0.0,0.0015,-0.4
3.59,-0.0008,0.0007,-0.0008,0.0007,-0.4
3.591,-0.0015,-0.0008,0.0007,-0.0015,-0.4
3.592,-0.0008,-0.0015,0.0015,-0.003,-0.3
3.593,0.0007,0.0007,-0.0008,-0.0015,-0.3
3.594,0.0022,0.003,-0.0008,0.0015,-0.3
3.595,0.003,0.0045,-0.0008,0.0007,-0.2
3.596,-0.0008,0.0,-0.0015,-0.0015,-0.2
3.597,-0.003,-0.0023,-0.0008,-0.0008,-0.1
3.598,-0.003,0.003,-0.0023,-0.0023,-0.1
3.599,-0.0023,0.0127,-0.0023,-0.0023,-0.1
3.6,-0.003,0.0127,-0.0015,-0.0015,0.0
3.601,-0.0015,0.006,-0.0008,-0.003,0.0
3.602,0.0,0.006,-0.0015,-0.0038,0.0
3.603,-0.0015,0.006,0.0007,-0.0023,0.0
3.604,0.0007,0.006,0.0015,-0.0015,0.1
3.605,0.0045,0.003,0.0015,-0.0015,0.1
3.606,0.009,-0.0015,0.0015,-0.0008,0.2
3.607,0.0045,-0.003,0.0007,-0.0015,0.2
3.608,-0.0015,-0.0053,-0.0008,-0.0015,0.2
3.609,-0.0008,-0.0046,0.0015,-0.003,0.3
3.61,-0.003,-0.0046,-0.0008,-0.0015,0.3
3.611,-0.0053,-0.0068,-0.0008,-0.003,0.4
3.612,-0.0046,-0.0068,0.0015,-0.003,0.4
3.613,-0.0075,-0.0075,0.003,-0.003,0.4
3.614,-0.0083,-0.0083,0.0045,-0.003,0.4
3.615,-0.0091,-0.0091,0.0015,-0.0015,0.5
3.616,-0.0075,-0.0068,0.0007,-0.0015,0.5
3.617,-0.0068,-0.0083,0.0015,-0.0015,0.6
3.618,-0.006,-0.0113,0.0007,-0.0015,0.6
3.619,-0.0068,-0.0091,0.0022,0.0007,0.6
3.62,-0.0068,-0.0083,0.0,-0.0008,0.7
3.621,-0.0053,-0.0075,-0.0008,-0.0015,0.7
3.622,-0.0075,-0.0083,-0.0015,0.0,0.8
3.623,-0.0068,-0.0091,-0.0023,0.0015,0.8
3.624,-0.0068,-0.0053,-0.0008,0.0015,0.9
3.625,-0.006,0.003,-0.0008,0.0015,0.9
3.626,-0.0053,0.0007,0.0007,0.0,1.0
3.627,-0.003,-0.003,0.003,-0.0015,1.0
3.628,0.0015,-0.0015,0.0015,-0.0008,1.1
3.629,0.0007,-0.0046,-0.0008,-0.0008,1.1
3.63,-0.0008,-0.0046,-0.0023,-0.0008,1.2
3.631,0.0007,-0.0046,-0.0023,-0.0008,1.2
3.632,-0.0038,-0.0053,-0.0015,-0.0008,1.3
3.633,-0.0128,-0.0053,-0.0015,-0.0015,1.3
3.634,-0.0128,-0.0053,-0.0015,-0.003,1.3
3.635,-0.0105,-0.0053,-0.0008,-0.0023,1.4
3.636,-0.0105,-0.0046,-0.0008,-0.0015,1.5
3.637,-0.0075,-0.0015,0.0007,-0.0008,1.5
3.638,-0.0023,-0.003,-0.0015,-0.0015,1.6
3.639,0.0052,-0.0023,-0.0015,-0.0015,1.6
3.64,0.0142,-0.0023,-0.0023,-0.003,1.7
3.641,0.018,-0.003,-0.0008,-0.003,1.7
3.642,0.0157,0.0,0.0015,-0.0008,1.8
3.643,0.0187,0.0007,0.0007,0.0007,1.8
3.644,0.0142,-0.0015,0.0007,-0.0008,1.9
3.645,0.0015,-0.0023,-0.003,-0.0008,1.9
3.646,-0.003,-0.003,-0.003,-0.0015,2.0
3.647,-0.0053,-0.003,-0.003,-0.003,2.0
3.648,-0.0068,-0.003,-0.0015,-0.0023,2.1
3.649,-0.0091,0.0,-0.0008,-0.0008,2.2
3.65,-0.0075,0.0,-0.003,-0.0008,2.2
3.651,-0.0083,-0.0008,-0.0008,-0.0015,2.2
3.652,-0.012,0.0007,0.0007,-0.0023,2.3
3.653,-0.0083,-0.0008,0.0015,-0.0038,2.4
3.654,-0.0083,-0.0015,0.0007,-0.0015,2.4
3.655,-0.0083,0.0007,-0.0015,-0.0015,2.5
3.656,-0.006,-0.0008,0.0007,-0.003,2.5
3.657,-0.0053,0.0007,0.0015,-0.0023,2.6
3.658,-0.0046,-0.0008,0.0022,-0.0008,2.6
3.659,-0.0038,0.0,0.0045,0.0007,2.7
3.66,0.0,0.0007,0.003,0.0007,2.7
3.661,0.003,-0.0008,0.003,0.0015,2.8
3.662,0.0067,-0.0008,0.0052,0.0007,2.9
3.663,0.0105,-0.0008,0.0045,0.0007,2.9
3.664,0.0105,-0.0015,0.0045,0.0015,3.0
3.665,0.012,-0.0008,0.0045,-0.0008,3.1
3.666,0.0142,-0.0008,0.003,-0.0008,3.1
3.667,0.0172,-0.0015,0.0007,-0.0008,3.2
3.668,0.021,0.0007,-0.0015,0.0007,3.2
3.669,0.024,0.0015,0.0007,0.0022,3.3
3.67,0.0232,0.0015,0.0037,0.0037,3.4
3.671,0.0255,0.0015,0.0052,0.0052,3.4
3.672,0.0307,0.003,0.0082,0.0052,3.5
3.673,0.0255,0.0052,0.0067,0.003,3.6
3.674,0.018,0.0037,0.0037,0.0022,3.6
3.675,0.009,0.0007,0.0007,0.0015,3.7
3.676,0.0045,-0.0008,-0.0008,0.0,3.7
3.677,0.0022,-0.0008,0.0,0.0015,3.8
3.678,0.003,-0.0015,-0.0023,0.0007,3.9
3.679,0.003,-0.0008,-0.003,-0.0015,4.0
3.68,-0.0008,-0.0015,-0.0038,0.0007,4.0
3.681,-0.003,-0.003,-0.003,0.0015,4.1
3.682,-0.003,0.0,-0.003,-0.0008,4.2
3.683,0.0022,0.0007,-0.0046,-0.0008,4.3
3.684,0.0157,-0.0008,-0.0053,-0.0023,4.3
3.685,0.0255,0.0007,-0.0053,-0.003,4.4
3.686,0.024,0.0015,-0.003,-0.0046,4.5
3.687,0.0195,0.0007,-0.0015,-0.0053,4.6
3.688,0.012,0.0007,0.0007,-0.006,4.7
3.689,0.0022,-0.0015,-0.0008,-0.0091,4.8
3.69,-0.0053,-0.0015,-0.0015,-0.0068,4.9
3.691,-0.0098,-0.003,-0.0023,-0.006,4.9
3.692,-0.0053,-0.0038,-0.003,-0.0068,5.0
3.693,-0.003,-0.003,-0.0015,-0.006,5.1
3.694,-0.0023,-0.0015,-0.0008,-0.006,5.2
3.695,-0.0015,-0.0023,-0.0008,-0.0053,5.3
3.696,-0.006,-0.0015,-0.003,-0.0083,5.3
3.697,-0.0135,-0.0015,-0.0015,-0.0075,5.4
3.698,-0.0188,-0.0015,0.0,-0.0068,5.5
3.699,-0.0195,-0.0023,0.0015,-0.0068,5.6
3.7,-0.0218,-0.0015,0.0015,-0.0075,5.7
3.701,-0.0218,0.0,-0.0015,-0.0091,5.8
3.702,-0.0233,0.0007,-0.003,-0.0083,5.8
3.703,-0.0233,0.0015,-0.0023,-0.0068,5.9
3.704,-0.0195,0.0022,-0.0008,-0.0046,6.1
3.705,-0.0181,0.003,0.0007,-0.003,6.2
3.706,-0.0181,0.0022,0.0015,-0.0008,6.3
3.707,-0.0165,0.0045,0.0037,0.0007,6.3
3.708,-0.0158,0.0067,0.0052,0.0007,6.4
3.709,-0.0158,0.0052,0.0052,0.0007,6.5
3.71,-0.0143,0.003,0.006,-0.0015,6.7
3.711,-0.0158,0.0015,0.003,-0.0015,6.7
3.712,-0.015,0.003,0.003,0.0015,6.8
3.713,-0.0143,0.0015,0.003,0.003,6.9
3.714,-0.0135,0.0007,0.0015,0.0022,7.0
3.715,-0.0128,0.0007,0.0007,0.0022,7.1
3.716,-0.0135,-0.0008,0.0007,0.0037,7.2
3.717,-0.0135,0.0007,-0.0008,0.003,7.3
3.718,-0.0128,-0.0008,-0.0015,0.003,7.4
3.719,-0.0105,-0.0023,-0.0015,0.003,7.5
3.72,-0.0113,-0.0046,-0.0015,0.0015,7.6
3.721,-0.0113,-0.003,-0.0008,0.0037,7.7
3.722,-0.012,-0.0015,-0.0015,0.0067,7.9
3.723,-0.0113,-0.0015,0.0,0.0067,8.0
3.724,-0.0083,-0.0015,-0.0023,0.0067,8.2
3.725,-0.0075,-0.003,-0.0023,0.0052,8.3
3.726,-0.0046,-0.0015,-0.0015,0.0067,8.5
3.727,-0.0023,-0.0015,-0.0015,0.0052,8.6
3.728,-0.0008,-0.003,-0.0015,0.003,8.7
3.729,0.0045,-0.0008,0.0,0.0045,8.9
3.73,0.0082,0.0007,0.0007,0.0037,9.0
3.731,0.0052,0.0007,-0.0008,0.0052,9.2
3.732,0.0045,0.0007,-0.0015,0.0045,9.3
3.733,0.0112,0.0007,0.0007,0.0067,9.4
3.734,0.012,0.0015,0.0067,0.0052,9.6
3.735,0.0052,0.0022,0.0052,0.0045,9.7
3.736,-0.0008,0.003,0.0015,0.0045,9.9
3.737,-0.0053,0.0015,0.0022,0.0022,10.0
3.738,-0.0053,0.0007,0.0007,0.0022,10.2
3.739,-0.0038,0.0015,0.0,0.003,10.3
3.74,-0.0023,0.0007,-0.0008,0.0045,10.4
3.741,-0.0008,0.0007,0.0015,0.0045,10.6
3.742,0.0007,0.0007,0.0022,0.0052,10.8
3.743,0.0007,0.0007,0.0007,0.0037,11.0
3.744,0.0007,-0.0008,-0.0008,0.0045,11.2
3.745,0.0052,-0.0008,0.0015,0.0052,11.3
3.746,0.0142,0.0,0.0045,0.0045,11.5
3.747,0.0127,0.0,0.0015,0.0052,11.7
3.748,0.0052,-0.0008,0.0022,0.0052,11.9
3.749,0.0022,-0.0008,0.0007,0.0045,12.1
3.75,0.0007,-0.0008,-0.0015,0.0015,12.2
3.751,-0.0046,-0.0015,-0.0046,0.003,12.4
3.752,-0.0046,-0.0015,-0.0046,0.003,12.6
3.753,-0.0008,-0.0015,0.0,0.0037,12.8
3.754,0.003,-0.0008,0.003,0.006,13.0
3.755,0.0015,0.0007,0.0082,0.003,13.1
3.756,-0.0023,0.0,0.0052,0.0007,13.3
3.757,-0.0053,-0.0015,0.0015,0.0015,13.5
3.758,-0.0068,-0.0008,0.003,0.003,13.7
3.759,-0.0053,-0.0008,0.0007,0.003,13.9
3.76,-0.0083,-0.0023,0.0,0.0037,14.0
3.761,-0.0075,-0.0023,-0.0015,0.0015,14.3
3.762,-0.0083,-0.0023,-0.0038,-0.0008,14.4
3.763,-0.0105,-0.0038,-0.0038,-0.0023,14.7
3.764,-0.0075,-0.003,-0.0053,-0.0038,14.9
3.765,-0.0046,-0.0015,-0.0053,-0.003,15.1
3.766,-0.0015,-0.0023,-0.006,-0.0046,15.3
3.767,-0.003,-0.003,-0.0091,-0.006,15.5
3.768,-0.006,-0.003,-0.0075,-0.0046,15.7
3.769,0.0,-0.0023,-0.0053,-0.0053,16.0
3.77,-0.0008,-0.0015,-0.0046,-0.0068,16.2
3.771,-0.0046,-0.0023,-0.003,-0.0068,16.4
3.772,-0.0068,-0.0015,-0.0053,-0.0068,16.6
3.773,-0.006,-0.0015,-0.0053,-0.006,16.8
3.774,-0.006,-0.0023,-0.0053,-0.0075,17.0
3.775,-0.006,-0.0023,-0.0046,-0.0068,17.2
3.776,-0.0015,-0.0015,-0.0015,-0.0075,17.5
3.777,-0.0015,0.0007,0.0,-0.0083,17.7
3.778,-0.0008,0.0007,-0.0008,-0.0068,17.9
3.779,-0.0008,0.0007,0.0015,-0.0053,18.1
3.78,-0.0038,0.0015,0.0,-0.006,18.3
3.781,-0.0053,0.0007,0.0015,-0.006,18.5
3.782,-0.0053,-0.0008,0.0045,-0.0053,18.8
3.783,-0.0053,-0.0008,0.0045,-0.0046,19.0
3.784,-0.0038,-0.0015,0.0052,-0.003,19.3
3.785,-0.0038,-0.0015,0.0007,-0.0046,19.5
3.786,-0.0046,-0.0008,0.0,-0.0053,19.8
3.787,-0.003,-0.0008,0.0007,-0.003,20.0
3.788,-0.0015,0.0007,0.0007,-0.0008,20.2
3.789,-0.0008,0.0015,0.0015,0.0007,20.5
3.79,0.0,0.0007,0.0007,0.0,20.7
3.791,0.0007,-0.0008,0.0007,0.0007,20.9
3.792,0.0022,-0.0015,0.0015,0.0,21.2
3.793,0.0015,-0.0008,0.0,-0.003,21.4
3.794,0.0,-0.0015,-0.0023,-0.003,21.6
3.795,0.0007,-0.0015,-0.0023,-0.0015,21.9
3.796,0.0007,-0.0015,-0.003,-0.0023,22.1
3.797,0.0022,-0.0008,-0.0023,-0.0008,22.4
3.798,0.0037,0.0007,-0.0023,-0.0015,22.6
3.799,0.0022,0.0007,-0.003,-0.0015,22.9
3.8,0.0015,0.0,-0.0046,-0.0023,23.1
3.801,0.0022,-0.0008,-0.0053,-0.003,23.3
3.802,0.003,-0.0015,-0.0046,-0.003,23.6
3.803,0.0007,-0.0015,-0.0053,-0.006,23.8
3.804,0.0007,-0.0008,-0.0046,-0.0053,24.0
3.805,0.0007,-0.0008,-0.0068,-0.003,24.3
3.806,0.0007,-0.0015,-0.0113,-0.0015,24.5
3.807,0.0015,-0.0008,-0.0091,-0.0008,24.7
3.808,-0.0008,-0.0015,-0.0091,-0.0015,25.0
3.809,-0.0046,-0.0023,-0.0075,0.0,25.2
3.81,-0.0046,-0.0015,-0.003,-0.003,25.5
3.811,-0.0046,-0.0015,-0.0015,-0.003,25.7
3.812,-0.0053,0.0007,0.0007,-0.0015,26.0
3.813,-0.0038,-0.0015,0.0015,-0.0015,26.2
3.814,-0.003,-0.0015,0.003,0.0007,26.4
3.815,-0.0023,0.0007,0.0052,-0.0015,26.7
3.816,-0.003,0.0,0.0075,-0.0038,26.9
3.817,-0.0038,0.0022,0.0082,-0.0015,27.1
3.818,-0.0046,0.0007,0.009,0.0,27.4
3.819,-0.0046,0.0015,0.0105,0.0007,27.6
3.82,-0.0046,0.0022,0.0067,-0.0015,27.9
3.821,-0.0046,0.0015,0.0052,-0.0008,28.1
3.822,-0.003,0.0,0.0067,0.0022,28.3
3.823,-0.0046,-0.0023,0.0067,0.0,28.5
3.824,-0.0053,-0.0008,0.0082,0.0,28.7
3.825,-0.0046,0.0,0.0082,0.0015,28.9
3.826,-0.0046,0.0007,0.009,0.0007,29.1
3.827,-0.0046,0.0007,0.0067,-0.0008,29.2
3.828,-0.003,0.0015,0.0015,0.0,29.5
3.829,-0.003,0.0015,0.003,0.0007,29.7
3.83,-0.0015,0.0007,0.003,0.0007,29.9
3.831,-0.003,0.0015,0.003,0.0015,30.1
3.832,-0.0038,0.0,0.0015,0.0,30.3
3.833,-0.0046,0.0007,0.0007,-0.0038,30.5
3.834,-0.0038,0.0015,0.0007,-0.0053,30.7
3.835,-0.0008,0.0,-0.0023,-0.003,30.9
3.836,-0.0008,-0.0015,-0.0023,-0.0008,31.1
3.837,-0.0015,-0.0008,-0.0015,-0.0008,31.3
3.838,-0.003,-0.0008,-0.0046,-0.0008,31.5
3.839,-0.0015,-0.0015,-0.0098,-0.0015,31.7
3.84,-0.0015,-0.0015,-0.0105,-0.0038,31.9
3.841,-0.0015,-0.003,-0.0091,-0.0015,32.0
3.842,0.0015,-0.0008,-0.0098,-0.003,32.2
3.843,0.0015,-0.0015,-0.0075,-0.003,32.4
3.844,0.0,-0.0023,-0.0046,-0.0038,32.5
3.845,-0.0023,-0.0008,-0.0008,-0.0038,32.6
3.846,-0.003,-0.0008,0.0015,-0.0023,32.8
3.847,-0.0023,-0.0008,0.0007,-0.0008,32.9
3.848,-0.003,-0.0015,0.0007,-0.003,33.1
3.849,-0.003,-0.003,0.0015,-0.0038,33.2
3.85,-0.003,-0.0046,0.0015,-0.0038,33.3
3.851,-0.0038,-0.0053,0.0045,-0.0053,33.5
3.852,-0.006,-0.0053,0.0052,-0.0046,33.6
3.853,-0.0068,-0.006,0.0045,-0.0046,33.8
3.854,-0.0053,-0.0046,0.0045,-0.0053,33.9
3.855,-0.0038,-0.0046,0.003,-0.0046,34.1
3.856,-0.0008,-0.003,0.0052,-0.0068,34.2
3.857,-0.0015,-0.0015,0.0067,-0.0068,34.3
3.858,-0.0015,0.0007,0.0052,-0.0083,34.5
3.859,-0.003,0.0022,0.0037,-0.0083,34.6
3.86,-0.0023,0.0007,0.003,-0.0083,34.8
3.861,-0.0015,-0.0008,0.0037,-0.0091,34.9
3.862,-0.0015,0.0,0.0007,-0.0091,35.1
3.863,-0.003,-0.0008,0.0007,-0.0091,35.2
3.864,-0.003,0.0,0.0022,-0.006,35.3
3.865,-0.0015,-0.0015,0.0015,-0.0038,35.5
3.866,-0.003,-0.0015,0.0015,-0.0008,35.6
3.867,-0.0038,0.0,0.0007,-0.0015,35.7
3.868,-0.0046,0.0007,0.0007,-0.0023,35.9
3.869,-0.0046,0.0007,0.0007,-0.0008,36.0
3.87,-0.0023,0.0015,-0.0008,-0.0008,36.1
3.871,-0.0008,0.003,-0.0008,0.0015,36.2
3.872,0.0,0.003,-0.0038,0.003,36.4
3.873,0.0015,0.0015,-0.003,0.0052,36.5
3.874,0.0015,0.0015,-0.0038,0.0052,36.6
3.875,0.0007,0.0007,-0.0023,0.006,36.8
3.876,0.0,0.0015,0.0007,0.0082,36.9
3.877,0.0,0.0007,0.0015,0.006,37.0
3.878,-0.0008,-0.0008,0.0015,0.0045,37.2
3.879,-0.0008,0.0,0.003,0.003,37.3
3.88,-0.0038,0.0015,0.0037,0.0045,37.4
3.881,-0.0038,0.003,0.003,0.0045,37.6
3.882,-0.003,0.0037,0.0015,0.0045,37.8
3.883,0.0007,0.0045,0.0007,0.0052,37.9
3.884,0.0015,0.0045,-0.0008,0.0037,38.0
3.885,0.0015,0.0037,-0.0008,0.003,38.2
3.886,0.0037,0.0045,0.0,0.003,38.3
3.887,0.003,0.0045,0.0007,0.003,38.5
3.888,0.003,0.0045,0.0015,0.0022,38.6
3.889,0.003,0.0045,0.003,0.0022,38.8
3.89,0.0015,0.0015,0.0052,0.0015,39.0
3.891,0.003,0.0,0.006,0.003,39.1
3.892,0.003,0.0007,0.0045,0.0045,39.2
3.893,0.003,0.0015,0.0007,0.003,39.4
3.894,0.0007,0.0007,0.0,0.003,39.6
3.895,0.0,-0.0008,-0.0015,0.0022,39.7
3.896,-0.0015,-0.0008,-0.0015,0.0015,39.9
3.897,-0.003,0.0,-0.0015,0.0022,40.0
3.898,-0.0023,-0.0008,-0.0046,0.0,40.1
3.899,-0.0015,-0.0015,-0.0046,0.0007,40.3
3.9,-0.0046,-0.0015,-0.003,0.003,40.5
3.901,-0.0053,-0.0023,-0.0008,0.003,40.6
3.902,-0.0053,-0.0023,-0.0008,0.003,40.7
3.903,-0.0068,-0.0015,-0.0015,0.0037,40.8
3.904,-0.0046,-0.0015,-0.0038,0.0037,40.9
3.905,-0.003,-0.0015,-0.0038,0.003,41.1
3.906,-0.0046,-0.0023,-0.0038,0.0037,41.2
3.907,-0.0053,0.0,-0.0038,0.0037,41.3
3.908,-0.0053,0.0007,-0.0046,0.0037,41.4
3.909,-0.0053,0.0015,-0.0038,0.0045,41.5
3.91,-0.0038,0.0015,-0.003,0.0052,41.7
3.911,-0.0038,0.0007,-0.0046,0.0045,41.8
3.912,-0.0053,0.0007,-0.0068,0.0015,41.9
3.913,-0.0053,0.0,-0.0046,0.0022,42.0
3.914,-0.0046,-0.0008,-0.003,0.0022,42.2
3.915,-0.003,-0.0015,-0.0038,0.003,42.3
3.916,-0.0023,-0.0008,-0.003,0.0037,42.4
3.917,-0.0008,0.0,-0.0038,0.0015,42.5
3.918,-0.003,-0.0015,-0.0053,0.0045,42.7
3.919,-0.0046,-0.0008,-0.0053,0.0045,42.7
3.92,-0.003,-0.0008,-0.0046,0.0022,42.9
3.921,-0.003,-0.0008,-0.0046,0.0022,43.0
3.922,-0.0038,-0.0015,-0.0038,0.0007,43.0
3.923,-0.0046,-0.0023,-0.003,0.0007,43.1
3.924,-0.0053,-0.0023,-0.003,0.0015,43.1
3.925,-0.003,-0.0046,-0.0038,0.0015,43.2
3.926,-0.0015,-0.003,-0.0046,0.0045,43.3
3.927,-0.0015,-0.0008,-0.0023,0.0045,43.4
3.928,-0.0015,-0.0015,-0.0015,0.0045,43.5
3.929,-0.0008,-0.003,-0.0008,0.003,43.5
3.93,-0.0008,-0.0046,0.0022,0.003,43.6
3.931,-0.0008,-0.0038,0.0022,0.0007,43.7
3.932,-0.0015,-0.0053,0.003,-0.0008,43.7
3.933,-0.003,-0.0068,0.003,-0.0015,43.8
3.934,-0.0046,-0.006,0.003,-0.0046,43.9
3.935,-0.0053,-0.0068,0.0037,-0.0053,44.0
3.936,-0.0046,-0.0068,0.0015,-0.0075,44.1
3.937,-0.0046,-0.006,0.0,-0.0083,44.1
3.938,-0.0053,-0.0053,-0.0008,-0.0075,44.2
3.939,-0.006,-0.0046,-0.0008,-0.0083,44.2
3.94,-0.0053,-0.003,0.0,-0.0083,44.3
3.941,-0.0046,-0.0023,0.0,-0.0068,44.4
3.942,-0.0023,-0.003,0.0015,-0.006,44.4
3.943,-0.0015,-0.0023,0.0037,-0.0068,44.4
3.944,-0.0008,-0.0015,0.0045,-0.0046,44.5
3.945,-0.0015,-0.0008,0.003,-0.0046,44.5
3.946,-0.0015,0.0,0.0037,-0.0083,44.5
3.947,0.0015,-0.0008,0.0052,-0.0075,44.5
3.948,0.0007,-0.0008,0.0052,-0.0083,44.5
3.949,0.0,0.0007,0.0045,-0.0068,44.6
3.95,0.0015,0.0007,0.0037,-0.0046,44.6
3.951,0.0,0.0015,0.0052,-0.0053,44.6
3.952,0.0007,0.0022,0.0052,-0.0046,44.7
3.953,0.0015,0.0007,0.0037,-0.003,44.7
3.954,0.0015,0.0007,0.0037,-0.003,44.7
3.955,0.0007,-0.0008,0.0052,-0.0023,44.8
3.956,0.003,-0.0023,0.003,-0.003,44.8
3.957,0.0015,-0.0008,0.0007,-0.003,44.8
3.958,0.0022,-0.0008,0.0015,-0.0023,44.9
3.959,0.003,-0.0023,0.0007,-0.0038,44.9
3.96,0.003,-0.003,0.0,-0.0046,44.9
3.961,0.0037,-0.003,0.0,-0.0053,44.9
3.962,0.0045,-0.0046,-0.0023,-0.0046,44.9
3.963,0.0052,-0.0015,-0.003,-0.0015,44.9
3.964,0.0052,-0.0008,-0.0015,-0.0015,44.9
3.965,0.006,-0.0008,0.0,-0.0015,44.9
3.966,0.0052,-0.0008,-0.0008,-0.0015,44.9
3.967,0.0045,0.0007,0.0007,-0.0008,44.9
3.968,0.0045,-0.0008,0.0015,-0.0008,44.9
3.969,0.003,-0.0015,0.0015,-0.0015,44.9
3.97,0.0015,-0.0008,0.0007,-0.0008,44.8
3.971,0.0007,-0.0008,0.0022,0.0007,44.8
3.972,-0.0008,0.0,0.0007,0.0007,44.8
3.973,-0.0008,0.0,0.0,0.0015,44.8
3.974,0.0007,0.0007,-0.0015,-0.0008,44.8
3.975,-0.0023,0.0015,-0.0023,-0.0023,44.8
3.976,-0.003,-0.0008,0.0,-0.0015,44.8
3.977,-0.003,-0.0015,0.0,-0.0015,44.8
3.978,-0.0023,0.0007,-0.0008,-0.003,44.7
3.979,-0.0015,0.0022,-0.0008,-0.0015,44.7
3.98,-0.0015,0.003,-0.0015,-0.003,44.7
3.981,0.0,0.003,-0.003,-0.0046,44.7
3.982,0.0007,0.0007,-0.0038,-0.0038,44.6
3.983,-0.0008,0.0007,-0.006,-0.0046,44.5
3.984,-0.0008,0.0015,-0.003,-0.0046,44.5
3.985,-0.0015,0.0015,-0.0023,-0.006,44.4
3.986,-0.003,0.0007,-0.0023,-0.006,44.4
3.987,-0.0038,-0.0008,-0.0008,-0.0046,44.3
3.988,-0.003,-0.0008,-0.003,-0.0046,44.3
3.989,-0.003,0.0,0.0,-0.0053,44.2
3.99,-0.0046,0.0,0.0007,-0.0053,44.1
3.991,-0.003,0.0007,0.0007,-0.006,44.1
3.992,-0.0015,-0.0008,0.0022,-0.0075,44.0
3.993,-0.0046,-0.0023,0.003,-0.006,44.0
3.994,-0.0046,-0.0015,0.0022,-0.0068,43.9
3.995,-0.0046,-0.0015,0.0,-0.006,43.8
3.996,-0.0053,-0.0038,-0.0008,-0.003,43.8
3.997,-0.0046,-0.0046,-0.0008,-0.003,43.7
3.998,-0.0046,-0.0046,-0.0008,-0.0023,43.7
3.999,-0.003,-0.0015,-0.0008,-0.003,43.6
4.0,-0.0046,-0.0015,-0.0008,-0.003,43.5
4.001,-0.0046,-0.0008,0.0007,-0.0008,43.5
4.002,-0.0053,0.0015,0.003,-0.0015,43.4
4.003,-0.0046,0.0015,0.0,0.0007,43.2
4.004,-0.0046,0.0022,0.0007,-0.0015,43.1
4.005,-0.0068,0.0022,0.003,-0.0023,43.1
4.006,-0.0075,0.0015,0.0007,-0.0015,43.0
4.007,-0.006,0.0015,0.0007,0.0,42.9
4.008,-0.0046,0.0045,0.0,0.003,42.7
4.009,-0.0038,0.0045,-0.0008,0.0037,42.7
4.01,-0.0038,0.0045,0.0007,0.0015,42.6
4.011,-0.0046,0.0045,0.0007,0.0015,42.5
4.012,-0.003,0.0022,0.0015,0.0007,42.4
4.013,-0.003,0.0015,0.0022,-0.0008,42.3
4.014,-0.003,0.0015,0.0015,-0.0008,42.2
4.015,0.0,0.0007,0.003,-0.0015,42.1
4.016,0.0,0.0007,0.0015,-0.0008,42.0
4.017,-0.0008,0.0,-0.0008,-0.0015,41.9
4.018,0.0,0.0,-0.0015,-0.0015,41.8
4.019,-0.0008,0.0007,-0.0008,0.0,41.7
4.02,-0.0015,0.003,0.0015,0.0007,41.5
4.021,0.0,0.0022,-0.0008,0.0015,41.4
4.022,0.0007,-0.0008,-0.003,0.0007,41.4
4.023,0.0,-0.0023,0.0007,0.0015,41.2
4.024,0.0,0.003,0.0007,0.0022,41.1
4.025,-0.0008,0.0,0.0015,0.0015,41.0
4.026,-0.0008,-0.0075,0.0022,-0.0008,40.9
4.027,-0.0008,-0.0158,0.0045,-0.0023,40.7
4.028,-0.0008,-0.0195,0.0045,-0.0008,40.6
4.029,-0.0008,-0.0068,0.0037,0.003,40.5
4.03,-0.0015,0.0015,0.0045,0.0052,40.4
4.031,-0.003,-0.0091,0.0037,0.0082,40.3
4.032,-0.0053,-0.0203,0.0015,0.015,40.1
4.033,-0.0046,0.0052,0.003,0.0217,40.0
4.034,-0.003,0.0517,0.003,0.0217,39.9
4.035,-0.0038,0.0742,0.0037,0.012,39.8
4.036,-0.0053,0.0472,0.0037,0.0037,39.7
4.037,-0.0046,-0.0038,-0.0008,0.0007,39.6
4.038,-0.0038,-0.0143,-0.0015,-0.0068,39.4
4.039,-0.0023,-0.03,0.0,-0.0068,39.3
4.04,-0.0008,-0.0323,0.0007,0.0007,39.1
4.041,0.0,-0.0285,-0.0015,0.0022,39.1
4.042,0.0,-0.0383,-0.0008,0.0015,38.9
4.043,-0.0015,-0.0248,0.0007,0.0045,38.7
4.044,0.0,-0.0323,0.0007,0.009,38.6
4.045,-0.0008,-0.0278,0.0007,0.0097,38.4
4.046,0.0015,0.0517,0.0007,0.009,38.3
4.047,0.003,0.1192,-0.0008,0.009,38.1
4.048,0.0007,0.0502,-0.0023,0.003,38.0
4.049,-0.0008,0.0105,-0.0015,-0.0015,37.8
4.05,-0.0023,0.0097,-0.0015,-0.003,37.7
4.051,-0.0015,-0.0188,-0.0015,-0.0068,37.5
4.052,-0.0015,-0.0068,-0.0015,-0.0023,37.3
4.053,-0.0015,-0.015,0.0,-0.0038,37.2
4.054,-0.0008,-0.0068,0.0015,-0.0046,37.0
4.055,-0.003,-0.0068,-0.0008,-0.0038,36.9
4.056,-0.0015,-0.0091,-0.0008,-0.0053,36.8
4.057,-0.0008,-0.0068,-0.0015,-0.006,36.6
4.058,-0.0015,-0.015,-0.0023,-0.0091,36.4
4.059,-0.0008,-0.0158,-0.0023,-0.0083,36.3
4.06,0.0,-0.0233,-0.0046,-0.0083,36.1
4.061,-0.0008,-0.0135,-0.003,-0.0075,36.0
4.062,-0.0008,-0.0113,-0.003,-0.0068,35.8
4.063,-0.0015,-0.0083,-0.0015,-0.0068,35.6
4.064,-0.0038,-0.012,-0.0023,-0.0046,35.4
4.065,-0.003,-0.0195,-0.0015,-0.0038,35.2
4.066,-0.003,-0.006,-0.0008,-0.003,35.0
4.067,-0.0015,0.0217,-0.0008,-0.003,34.8
4.068,-0.0015,0.024,0.0007,-0.0023,34.6
4.069,-0.003,-0.0046,-0.0015,-0.0068,34.5
4.07,-0.0015,-0.0091,-0.003,-0.0105,34.3
4.071,-0.003,-0.0091,-0.0046,-0.0105,34.1
4.072,-0.0038,-0.0143,-0.003,-0.0098,33.9
4.073,-0.0053,-0.0113,0.0007,-0.003,33.7
4.074,-0.006,-0.0135,0.0007,-0.0008,33.6
4.075,-0.006,-0.0165,-0.0015,-0.0015,33.3
4.076,-0.006,-0.0113,-0.0015,0.0037,33.2
4.077,-0.0046,-0.0015,-0.0015,0.0127,33.0
4.078,-0.0015,-0.0128,-0.0015,0.012,32.8
4.079,-0.0015,-0.0105,-0.0008,0.0007,32.6
4.08,-0.0008,-0.0015,0.0007,-0.0083,32.4
4.081,0.0015,0.0015,0.0007,-0.0113,32.2
4.082,0.0007,0.0315,0.0007,-0.0038,32.0
4.083,-0.0008,0.0255,0.0022,-0.0015,31.8
4.084,0.0,-0.0285,0.0037,-0.0135,31.5
4.085,-0.0008,-0.0346,0.0022,-0.0158,31.3
4.086,-0.0015,-0.015,0.003,-0.0135,31.0
4.087,-0.0008,-0.0548,0.0037,-0.0143,30.8
4.088,-0.0008,-0.0398,0.003,-0.0083,30.6
4.089,-0.0015,0.0442,0.0052,0.0045,30.4
4.09,0.0,0.0802,0.0052,0.0157,30.1
4.091,0.0,0.0975,0.003,0.012,29.9
4.092,0.0007,0.099,0.003,-0.0015,29.7
4.093,0.0007,0.0352,-0.0008,-0.0165,29.5
4.094,-0.003,-0.0368,-0.0015,-0.03,29.2
4.095,-0.003,-0.0645,-0.0008,-0.0256,29.0
4.096,-0.003,-0.0818,-0.0015,-0.015,28.8
4.097,-0.0023,-0.1006,-0.0015,-0.0091,28.5
4.098,-0.003,-0.0998,-0.0015,-0.0091,28.3
4.099,-0.0046,-0.0278,-0.0008,-0.012,28.1
4.1,-0.0023,0.0555,-0.0015,-0.0143,27.8
4.101,-0.0015,-0.0413,-0.0046,-0.0308,27.6
4.102,-0.0023,-0.0915,-0.0015,-0.0346,27.3
4.103,-0.0015,-0.0083,0.0045,-0.0256,27.0
4.104,-0.0008,-0.042,0.0082,-0.0083,26.8
4.105,0.0007,-0.0038,0.0082,0.0135,26.5
4.106,-0.0008,0.1365,0.0045,0.0157,26.3
4.107,0.0007,0.2287,0.003,0.0442,26.0
4.108,-0.0015,0.291,0.0015,0.0727,25.7
4.109,-0.0015,0.3127,0.0022,0.0615,25.5
4.11,0.0007,0.195,-0.0008,0.0352,25.2
4.111,-0.003,0.0142,-0.0053,0.0082,25.0
4.112,-0.0075,-0.0173,-0.006,0.0022,24.7
4.113,-0.012,-0.0256,-0.0046,0.0135,24.4
4.114,-0.0038,-0.0233,-0.0015,0.0172,24.2
4.115,0.0067,-0.0346,-0.0015,0.018,23.9
4.116,0.009,-0.0788,-0.003,0.0217,23.6
4.117,0.012,-0.0968,-0.003,0.0202,23.4
4.118,0.0045,-0.1238,-0.0046,0.006,23.1
4.119,-0.003,-0.1125,-0.0015,-0.0068,22.9
4.12,-0.0068,-0.114,-0.003,-0.0165,22.5
4.121,-0.0098,-0.1245,-0.0046,-0.0181,22.3
4.122,-0.0083,-0.129,-0.003,-0.0143,22.0
4.123,-0.0046,-0.1313,-0.0015,-0.015,21.8
4.124,0.0007,-0.1365,-0.0008,-0.0203,21.5
4.125,-0.0008,-0.1238,-0.0015,-0.0091,21.2
4.126,-0.0053,-0.039,-0.0015,0.0105,21.0
4.127,-0.0068,0.0127,-0.0015,0.0067,20.7
4.128,-0.0068,0.0585,0.0,0.0135,20.4
4.129,-0.0015,0.1185,0.0,0.0195,20.2
4.13,0.0007,0.12,-0.0023,0.0195,19.9
4.131,0.0015,0.123,-0.0008,0.0157,19.6
4.132,0.0015,0.0787,-0.0015,-0.0075,19.3
4.133,0.0015,-0.048,-0.003,-0.0181,19.1
4.134,0.0045,-0.0668,-0.0008,-0.0195,18.8
4.135,0.0007,-0.0495,0.0015,-0.0143,18.5
4.136,0.0015,-0.0533,0.0067,0.0075,18.3
4.137,0.0045,0.0142,0.0067,0.0315,18.0
4.138,0.0015,0.024,0.0015,0.0382,17.7
4.139,-0.0038,0.0622,-0.0023,0.027,17.5
4.14,-0.0083,0.084,-0.0038,0.0217,17.1
4.141,-0.012,0.0217,-0.003,0.0157,17.0
4.142,-0.0135,-0.0278,-0.0015,-0.003,16.7
4.143,-0.012,-0.0053,0.0007,0.003,16.5
4.144,-0.0105,0.06,-0.0015,-0.0008,16.2
4.145,-0.0091,-0.0361,-0.003,-0.0195,16.0
4.146,-0.0046,-0.0383,-0.0015,-0.0181,15.7
4.147,-0.006,0.0382,-0.0008,-0.0105,15.5
4.148,-0.0083,-0.0511,-0.0008,-0.0105,15.3
4.149,-0.0046,-0.09,0.0,-0.0353,15.0
4.15,-0.003,-0.0863,-0.0008,-0.042,14.8
4.151,-0.0046,-0.06,-0.0046,-0.0308,14.5
4.152,-0.003,-0.0593,-0.0046,-0.027,14.3
4.153,-0.0008,-0.0563,-0.0008,-0.0046,14.0
4.154,-0.0008,-0.0038,0.003,0.0082,13.8
4.155,-0.0008,0.1072,0.0052,0.0097,13.5
4.156,-0.0038,0.1822,0.0075,0.0142,13.3
4.157,-0.0053,0.0885,0.0082,0.0315,13.0
4.158,0.0015,0.063,0.0067,0.0277,12.8
4.159,0.0075,0.0105,0.0015,-0.0143,12.6
4.16,0.0105,-0.081,-0.0008,-0.0233,12.3
4.161,0.0112,-0.0893,0.0022,-0.0181,12.1
4.162,0.0067,-0.1013,0.003,-0.0158,11.9
4.163,0.0007,-0.0323,0.003,-0.003,11.7
4.164,0.0,0.0555,0.0045,0.012,11.5
4.165,-0.0046,0.0577,0.0037,0.0255,11.3
4.166,-0.012,0.0255,-0.0023,0.027,11.1
4.167,-0.012,0.0765,-0.0046,0.033,10.9
4.168,-0.012,0.1087,-0.0053,0.0517,10.7
4.169,-0.0105,0.1357,-0.0046,0.075,10.5
4.17,-0.0091,0.096,-0.0015,0.0382,10.3
4.171,-0.0098,-0.0511,-0.0038,-0.0158,10.0
4.172,-0.0053,-0.0728,-0.0046,-0.0158,9.9
4.173,-0.0008,-0.0615,-0.0038,-0.0233,9.6
4.174,0.0045,-0.0691,-0.003,-0.0233,9.4
4.175,0.0075,-0.063,-0.0008,-0.0143,9.2
4.176,0.0075,-0.024,-0.0008,-0.0091,9.0
4.177,0.0037,0.039,0.0,0.0015,8.8
4.178,0.0007,0.0232,-0.0015,0.0037,8.6
4.179,-0.0008,-0.033,-0.0015,-0.0015,8.4
4.18,-0.0053,-0.0765,-0.0015,-0.0233,8.1
4.181,-0.0128,-0.1133,-0.0008,-0.0428,8.0
4.182,-0.0188,-0.1208,0.0015,-0.0368,7.8
4.183,-0.0158,-0.0975,-0.0008,-0.0285,7.6
4.184,-0.0091,-0.0833,-0.0068,-0.0165,7.5
4.185,-0.0015,-0.0368,-0.0083,0.0015,7.3
4.186,0.0075,0.0772,-0.0008,0.0187,7.1
4.187,0.0202,0.1717,0.0105,0.0367,6.9
4.188,0.0292,0.1267,0.0157,0.0322,6.7
4.189,0.0247,0.0562,0.0202,0.012,6.6
4.19,0.0157,0.0495,0.0217,0.0015,6.4
4.191,0.0052,0.0052,0.0195,-0.003,6.3
4.192,-0.0046,-0.0091,0.0142,-0.0075,6.1
4.193,-0.0158,-0.006,0.009,-0.0098,5.9
4.194,-0.0233,0.0262,0.003,-0.0053,5.7
4.195,-0.0203,0.0742,-0.003,-0.0008,5.5
4.196,-0.0181,0.027,-0.0023,0.0127,5.3
4.197,-0.012,0.0015,0.0022,0.015,5.2
4.198,-0.0083,-0.0015,0.0045,-0.0008,5.0
4.199,-0.0128,-0.0263,0.0015,-0.0046,4.8
4.2,-0.012,-0.0233,-0.003,-0.012,4.6
4.201,-0.0113,-0.0398,-0.0068,-0.0203,4.5
4.202,-0.0181,-0.033,-0.0105,-0.0158,4.4
4.203,-0.0128,-0.0188,-0.0128,-0.0173,4.3
4.204,-0.0015,-0.0285,-0.0091,-0.0181,4.2
4.205,-0.0008,-0.0383,0.0045,-0.0188,4.1
4.206,-0.0046,-0.0436,0.0232,-0.0143,4.0
4.207,-0.0181,-0.003,0.021,-0.0083,3.9
4.208,-0.0233,0.0105,0.0015,-0.003,3.8
4.209,-0.012,-0.0195,-0.0038,-0.0053,3.7
4.21,-0.0038,0.0037,-0.0128,-0.0203,3.6
4.211,0.0285,0.0555,-0.0188,-0.0293,3.5
4.212,0.0765,0.087,-0.015,-0.0315,3.4
4.213,0.0592,0.027,-0.012,-0.03,3.2
4.214,0.0195,-0.075,-0.0075,-0.0293,3.1
4.215,-0.0008,-0.1095,-0.0083,-0.0285,3.1
4.216,-0.0346,-0.1305,-0.0068,-0.0195,2.9
4.217,-0.0525,-0.1268,-0.012,-0.0181,2.8
4.218,-0.0721,-0.1643,-0.0105,-0.0128,2.7
4.219,-0.0856,-0.1845,-0.0038,0.0127,2.6
4.22,-0.0818,-0.0765,0.0045,0.0375,2.5
4.221,-0.0915,0.135,0.0127,0.0322,2.5
4.222,-0.0878,0.267,0.0135,0.0307,2.5
4.223,-0.0683,0.1717,0.0142,0.048,2.4
4.224,-0.0458,0.1897,0.012,0.0532,2.4
4.225,-0.0233,0.3495,0.0105,0.0577,2.4
4.226,0.006,0.2872,0.0112,0.057,2.4
4.227,0.03,0.1237,0.0075,0.045,2.3
4.228,0.045,0.0285,0.003,0.0217,2.3
4.229,0.0555,-0.0511,0.0015,0.003,2.3
4.23,0.0607,-0.0713,-0.0046,-0.0128,2.2
4.231,0.0555,-0.0833,-0.0068,-0.0315,2.2
4.232,0.0412,-0.1125,-0.0053,-0.0383,2.2
4.233,0.0322,-0.1298,-0.0008,-0.0413,2.2
4.234,0.0307,-0.117,0.0007,-0.0188,2.2
4.235,0.0367,-0.0788,-0.0023,-0.0165,2.2
4.236,0.042,-0.0615,-0.0046,-0.0383,2.1
4.237,0.0412,-0.0368,-0.0053,-0.0443,2.1
4.238,0.0337,-0.0465,-0.0015,-0.042,2.1
4.239,0.0105,0.0105,-0.0015,-0.0195,2.1
4.24,-0.0008,0.1222,-0.0023,0.0105,2.0
4.241,0.0007,0.1485,-0.0091,0.0457,2.0
4.242,0.0015,0.1185,-0.0233,0.0487,2.1
4.243,0.0052,0.0637,-0.0278,0.0322,2.2
4.244,0.009,0.0307,-0.0173,0.0337,2.2
4.245,0.0135,-0.015,0.0015,0.024,2.3
4.246,0.0127,-0.0346,0.0187,0.0082,2.3
4.247,0.0007,-0.042,0.0157,-0.0135,2.4
4.248,-0.0143,-0.0375,-0.0008,-0.0233,2.5
4.249,-0.0105,-0.0173,0.0082,-0.0256,2.6
4.25,0.0195,-0.0195,0.027,-0.0346,2.6
4.251,0.0345,-0.0188,0.015,-0.0188,2.6
4.252,0.0277,-0.0308,-0.0023,-0.0068,2.7
4.253,0.03,-0.0293,0.0082,-0.0083,2.8
4.254,0.0255,-0.0458,0.0217,-0.012,2.9
4.255,0.012,-0.0623,0.0157,-0.0046,2.9
4.256,0.0247,-0.0653,-0.0068,0.0157,3.0
4.257,0.0607,-0.0495,-0.033,0.033,3.1
4.258,0.075,-0.0038,-0.042,0.03,3.1
4.259,0.0615,0.0015,-0.0338,-0.0068,3.2
4.26,0.027,0.0135,-0.03,-0.027,3.2
4.261,-0.0008,0.0532,-0.0293,-0.0195,3.3
4.262,0.006,0.063,-0.0263,-0.012,3.5
4.263,-0.0068,0.0322,-0.0188,0.0037,3.6
4.264,-0.0436,-0.0015,-0.0083,0.0022,3.6
4.265,-0.0623,-0.0248,-0.003,-0.0143,3.8
4.266,-0.0525,-0.0263,-0.003,-0.0158,3.9
4.267,-0.0143,-0.015,-0.0046,-0.0105,4.0
4.268,0.0082,-0.0143,-0.0023,-0.0053,4.0
4.269,0.0157,0.0075,-0.0015,-0.0038,4.2
4.27,0.024,0.0195,-0.0008,-0.0046,4.3
4.271,0.0337,0.018,0.0007,0.0015,4.4
4.272,0.042,-0.0091,0.0007,0.0127,4.5
4.273,0.033,-0.0518,0.009,0.0127,4.6
4.274,0.0142,-0.0593,0.024,0.006,4.7
4.275,-0.0165,-0.0578,0.0315,-0.0008,4.8
4.276,-0.0525,-0.048,0.0247,-0.0068,4.9
4.277,-0.06,-0.039,0.0135,-0.0091,5.0
4.278,-0.0443,-0.0315,0.0052,-0.0225,5.1
4.279,-0.03,0.0157,0.0067,-0.0338,5.2
4.28,-0.0315,0.0367,0.0052,-0.0218,5.3
4.281,-0.0443,-0.0353,0.0037,-0.0075,5.3
4.282,-0.039,-0.0668,0.0105,-0.0046,5.4
4.283,-0.0195,-0.0721,0.0052,0.0052,5.4
4.284,0.003,-0.0818,-0.0023,0.024,5.5
4.285,0.0292,0.0412,-0.0046,0.0412,5.6
4.286,0.0525,0.2332,-0.0128,0.0577,5.6
4.287,0.1192,0.3262,-0.0068,0.0682,5.7
4.288,0.1417,0.1815,0.0045,0.0307,5.7
4.289,0.0315,0.0135,0.0105,-0.0053,5.8
4.29,-0.042,-0.0353,0.021,-0.0105,5.8
4.291,-0.0698,-0.0728,0.0277,-0.0338,5.8
4.292,-0.1185,-0.0555,0.033,-0.0203,5.9
4.293,-0.1305,-0.0623,0.0412,0.009,5.9
4.294,-0.1148,-0.045,0.0427,0.024,6.0
4.295,-0.063,0.0037,0.0232,0.0195,6.1
4.296,-0.0128,0.0015,0.0045,0.0157,6.1
4.297,0.033,0.0045,-0.0015,0.018,6.2
4.298,0.0727,-0.012,-0.0053,-0.0181,6.2
4.299,0.0742,-0.0285,-0.003,-0.0278,6.3
4.3,0.0637,-0.0518,0.0,-0.0263,6.3
4.301,0.0427,-0.0578,0.003,-0.0368,6.3
4.302,0.0135,-0.033,0.0052,-0.057,6.2
4.303,-0.0353,0.024,0.0045,-0.0638,6.1
4.304,-0.078,0.0802,-0.015,-0.0465,6.1
4.305,-0.078,0.0262,-0.027,-0.0428,6.0
4.306,-0.0735,-0.0158,-0.015,-0.027,5.9
4.307,-0.0683,0.003,-0.006,-0.0008,5.9
4.308,-0.0578,-0.0105,-0.0075,0.0217,5.8
4.309,-0.0188,-0.054,-0.0091,0.0322,5.8
4.31,0.0457,-0.0653,0.0007,0.0307,5.7
4.311,0.0667,-0.057,0.012,0.0165,5.6
4.312,0.054,-0.0713,0.0022,-0.0008,5.5
4.313,0.0382,-0.0825,-0.003,0.0075,5.4
4.314,0.012,-0.1148,0.0015,0.0052,5.4
4.315,-0.0113,-0.1335,-0.0015,-0.0046,5.3
4.316,-0.012,-0.129,0.003,0.0007,5.3
4.317,0.006,-0.114,0.003,-0.006,5.2
4.318,0.0225,-0.0691,0.003,-0.0143,5.1
4.319,0.024,0.06,0.018,-0.0278,5.1
4.32,-0.003,0.1972,0.0292,-0.0353,4.9
4.321,-0.0315,0.1687,0.021,-0.0173,4.9
4.322,-0.0293,0.114,0.0082,0.0105,4.8
4.323,-0.0165,0.0795,0.0045,0.0457,4.6
4.324,-0.0113,0.0277,0.0097,0.0532,4.5
4.325,-0.0083,-0.0143,0.0195,0.0405,4.4
4.326,-0.0173,-0.0188,0.03,0.0472,4.3
4.327,-0.0383,0.0712,0.0345,0.045,4.1
4.328,-0.0511,0.0937,0.0187,0.0517,4.0
4.329,-0.0368,0.105,0.0015,0.075,3.9
4.33,-0.0181,0.12,-0.0128,0.0892,3.8
4.331,-0.0128,0.0292,-0.0248,0.0832,3.7
4.332,-0.006,-0.006,-0.0233,0.0645,3.6
4.333,0.0052,-0.0128,-0.0113,0.0397,3.5
4.334,0.0135,-0.0263,0.0015,0.0052,3.3
4.335,0.024,-0.0188,-0.012,-0.0105,3.2
4.336,0.0352,-0.0218,-0.0278,-0.0083,3.1
4.337,0.045,-0.012,-0.0353,0.0075,3.0
4.338,0.048,-0.0128,-0.0323,0.0067,2.8
4.339,0.0345,-0.0188,-0.0113,-0.0135,2.7
4.34,0.0195,-0.0181,-0.0015,-0.0158,2.6
4.341,0.0255,-0.0218,-0.0008,-0.015,2.6
4.342,0.039,-0.0173,-0.0008,-0.012,2.7
4.343,0.0202,-0.0091,-0.003,-0.0128,2.9
4.344,-0.0128,-0.0075,-0.0068,-0.0105,3.0
4.345,-0.0308,-0.0046,-0.0083,-0.0091,3.1
4.346,-0.0368,-0.003,-0.012,-0.0218,3.1
4.347,-0.0143,-0.0091,-0.0098,-0.0361,3.2
4.348,0.012,-0.0113,-0.0053,-0.0398,3.4
4.349,0.0067,-0.012,-0.006,-0.0285,3.5
4.35,-0.0038,-0.0091,-0.0173,-0.021,3.6
4.351,0.0052,-0.0083,-0.0405,-0.0165,3.6
4.352,-0.0098,-0.0165,-0.0428,-0.0158,3.7
4.353,-0.0361,-0.0256,-0.0315,-0.0105,3.9
4.354,-0.0346,-0.0218,-0.0181,-0.0053,4.0
4.355,-0.0105,-0.0158,-0.006,-0.0105,4.0
4.356,0.0577,-0.0263,0.003,-0.0181,4.1
4.357,0.0682,-0.0525,0.009,-0.0225,4.2
4.358,-0.0113,-0.0488,0.009,-0.0218,4.4
4.359,-0.063,-0.0143,0.0165,-0.015,4.5
4.36,-0.0743,0.0007,0.024,-0.0068,4.5
4.361,-0.0728,0.0292,0.0292,-0.0038,4.8
4.362,-0.0706,0.0427,0.0217,-0.0105,4.9
4.363,-0.0825,0.0922,0.009,-0.0128,5.2
4.364,-0.0975,0.1725,0.0052,-0.003,5.3
4.365,-0.0675,0.0855,0.0022,-0.0038,5.6
4.366,-0.0015,-0.003,0.0,-0.0128,5.8
4.367,0.0247,0.0045,0.0007,-0.012,6.0
4.368,0.0315,-0.0128,-0.0008,-0.003,6.2
4.369,0.0457,0.0,0.0007,0.0007,6.4
4.37,0.0405,0.0022,0.0045,0.0045,6.6
4.371,0.0187,0.0067,-0.0023,0.0052,6.8
4.372,0.0022,-0.0008,-0.0181,0.0022,7.0
4.373,0.012,-0.0218,-0.0256,0.0082,7.2
4.374,0.033,-0.0233,-0.0165,0.0007,7.4
4.375,0.0502,-0.0293,-0.0248,-0.0091,7.6
4.376,0.0525,-0.015,-0.0308,-0.0015,7.8
4.377,0.039,-0.0158,-0.024,0.0105,8.0
4.378,0.0277,-0.0105,-0.0233,0.012,8.2
4.379,0.0292,-0.006,-0.0218,0.0007,8.4
4.38,0.0307,0.012,-0.0225,0.0067,8.6
4.381,0.0255,0.0495,-0.0256,0.0052,8.7
4.382,0.024,0.0487,-0.0308,0.0037,8.9
4.383,0.0217,0.0255,-0.0256,-0.0008,9.0
4.384,0.0307,-0.0203,-0.0233,-0.0218,9.0
4.385,0.0532,-0.0315,-0.027,-0.0278,9.2
4.386,0.0465,-0.0181,-0.0195,-0.0308,9.3
4.387,0.012,-0.0233,-0.0158,-0.0278,9.4
4.388,-0.0105,-0.0158,-0.0158,-0.0233,9.4
4.389,-0.024,-0.0233,-0.0105,-0.0225,9.6
4.39,-0.0375,-0.0248,-0.0038,-0.0181,9.7
4.391,-0.0706,-0.0195,0.0007,-0.0188,9.8
4.392,-0.0938,-0.024,0.0045,-0.021,9.9
4.393,-0.0765,-0.0195,0.0067,-0.0278,10.0
4.394,-0.0503,-0.012,0.0007,-0.0256,10.1
4.395,-0.0495,-0.0053,0.0007,-0.0173,10.2
4.396,-0.033,-0.0075,0.0052,-0.012,10.3
4.397,0.0082,-0.0091,0.0157,-0.0105,10.4
4.398,0.0427,-0.012,0.0315,-0.0098,10.5
4.399,0.057,-0.015,0.036,-0.0091,10.6
4.4,0.0382,-0.012,0.0292,-0.012,10.7
4.401,0.0412,-0.0091,0.021,-0.015,10.7
4.402,0.0555,0.0037,0.0157,-0.0195,10.6
4.403,0.0405,0.0097,0.0232,-0.0188,10.5
4.404,0.0352,-0.0181,0.0345,-0.0158,10.4
4.405,0.0307,-0.027,0.033,-0.012,10.3
4.406,0.006,-0.0091,0.0187,-0.012,10.3
4.407,-0.033,-0.0143,0.0052,-0.0128,10.2
4.408,-0.0353,-0.0135,-0.0053,-0.0091,10.1
4.409,-0.0135,-0.0143,-0.0105,-0.006,10.0
4.41,-0.0098,-0.0158,-0.0091,0.0,9.9
4.411,0.0007,-0.0113,-0.0098,0.0,9.9
4.412,-0.0075,-0.0113,-0.0068,-0.0008,9.8
4.413,-0.0248,-0.0053,-0.0015,-0.0008,9.7
4.414,-0.0361,-0.0023,0.0052,-0.0008,9.6
4.415,-0.0323,0.0097,0.009,0.0015,9.5
4.416,-0.0158,0.0165,0.0082,0.003,9.4
4.417,-0.0203,0.0015,-0.0008,0.0022,9.4
4.418,-0.0195,-0.0053,-0.0053,0.003,9.3
4.419,-0.027,-0.003,-0.0083,0.0037,9.2
4.42,-0.0465,-0.0046,-0.0046,0.0052,9.1
4.421,-0.0308,-0.0046,-0.0008,0.0067,9.0
4.422,0.0202,-0.0023,0.0,0.0082,9.0
4.423,0.0352,0.003,0.003,0.0127,8.9
4.424,0.0217,0.0045,-0.0015,0.0157,8.8
4.425,0.0142,0.0045,-0.0053,0.0157,8.7
4.426,-0.0098,0.0015,-0.0075,0.0157,8.6
4.427,-0.0181,-0.0015,0.0,0.018,8.6
4.428,-0.012,-0.0008,0.0082,0.018,8.5
4.429,-0.0053,-0.0023,0.0105,0.0157,8.4
4.43,0.0007,0.0,0.015,0.015,8.3
4.431,0.0,0.0,0.0135,0.0157,8.3
4.432,0.0037,0.0,0.0142,0.018,8.2
4.433,0.0022,0.0015,0.0165,0.0195,8.1
4.434,-0.0053,0.0022,0.015,0.0195,8.1
4.435,-0.0165,0.0045,0.0127,0.0187,8.0
4.436,-0.0225,0.006,0.0157,0.018,7.9
4.437,-0.0165,0.0075,0.0195,0.018,7.8
4.438,-0.0113,0.0082,0.0187,0.0157,7.7
4.439,-0.0053,0.0105,0.018,0.015,7.6
4.44,0.003,0.0105,0.015,0.0195,7.5
4.441,0.0037,0.0105,0.0097,0.0255,7.5
4.442,0.0037,0.012,0.009,0.0255,7.5
4.443,0.0127,0.012,0.012,0.0172,7.5
4.444,0.0165,0.012,0.0165,0.0127,7.5
4.445,0.009,0.0097,0.0135,0.0097,7.5
4.446,-0.0015,0.009,0.0075,0.0075,7.5
4.447,-0.012,0.0112,0.0067,0.0097,7.5
4.448,-0.0135,0.0112,0.0067,0.0075,7.4
4.449,-0.012,0.009,0.0045,0.0067,7.4
4.45,-0.0135,0.009,0.003,0.0082,7.4
4.451,-0.0091,0.0105,0.003,0.006,7.4
4.452,-0.0053,0.012,0.003,0.0045,7.4
4.453,-0.0091,0.0112,0.0052,0.0022,7.3
4.454,-0.0135,0.0097,0.009,0.003,7.3
4.455,-0.0143,0.009,0.0097,0.0022,7.3
4.456,-0.0083,0.0112,0.0067,0.0045,7.3
4.457,-0.0046,0.0105,0.0015,0.0045,7.3
4.458,-0.0046,0.0067,-0.0015,-0.0015,7.3
4.459,0.0,0.0067,0.0007,-0.0053,7.2
4.46,0.0075,0.0082,0.003,-0.006,7.2
4.461,0.012,0.0075,0.0037,-0.0083,7.2
4.462,0.0105,0.0067,0.0015,-0.006,7.3
4.463,0.0022,0.0067,-0.0015,-0.0008,7.3
4.464,-0.003,0.0052,-0.0075,-0.0008,7.4
4.465,-0.0091,0.0037,-0.0135,-0.003,7.4
4.466,-0.0068,0.003,-0.0143,-0.0046,7.5
4.467,0.0015,0.003,-0.0105,-0.0046,7.5
4.468,-0.0015,0.003,-0.0091,-0.006,7.6
4.469,0.0007,0.0015,-0.0135,-0.0068,7.6
4.47,0.0082,0.0,-0.0165,-0.0083,7.7
4.471,0.0097,-0.0008,-0.0203,-0.006,7.7
4.472,0.0052,-0.0008,-0.0195,-0.0046,7.8
4.473,-0.0053,-0.0015,-0.0181,-0.0068,7.8
4.474,-0.0068,-0.0015,-0.0181,-0.0053,7.9
4.475,-0.0015,-0.003,-0.0188,-0.0046,7.9
4.476,0.0015,-0.0038,-0.0195,-0.0023,8.0
4.477,0.0015,-0.003,-0.0158,-0.0015,8.0
4.478,0.0022,-0.003,-0.015,-0.003,8.1
4.479,0.003,-0.0046,-0.0128,-0.003,8.1
4.48,-0.0023,-0.0083,-0.0091,-0.0068,8.1
4.481,-0.0068,-0.0105,-0.0083,-0.0068,8.2
4.482,-0.0053,-0.0105,-0.0083,-0.0023,8.2
4.483,-0.006,-0.0105,-0.0113,0.0007,8.3
4.484,-0.0053,-0.012,-0.0113,0.0015,8.3
4.485,-0.0068,-0.012,-0.0053,-0.0015,8.4
4.486,-0.0083,-0.0113,-0.003,-0.003,8.4
4.487,-0.0046,-0.0053,-0.003,-0.0046,8.5
4.488,0.0007,0.003,-0.0046,-0.006,8.5
4.489,0.0067,-0.0046,-0.006,-0.0091,8.5
4.49,0.012,-0.0143,-0.0046,-0.012,8.6
4.491,0.0105,-0.0068,-0.0008,-0.012,8.6
4.492,0.0052,-0.0083,0.0015,-0.0135,8.7
4.493,0.0007,-0.0113,0.0007,-0.015,8.7
4.494,-0.0008,-0.0091,0.0015,-0.0143,8.8
4.495,0.003,-0.0113,0.0075,-0.0158,8.8
4.496,0.0082,-0.0068,0.0097,-0.0143,8.9
4.497,0.0142,-0.0068,0.0127,-0.0128,8.9
4.498,0.0165,-0.0053,0.0135,-0.015,9.0
4.499,0.0157,-0.0038,0.0082,-0.015,9.0
4.5,0.0097,-0.0038,0.0075,-0.0135,9.0
4.501,0.003,-0.0015,0.009,-0.012,9.0
4.502,-0.0105,-0.0008,0.0165,-0.0113,9.0
4.503,-0.0278,-0.0023,0.0195,-0.0105,9.0
4.504,-0.0293,-0.0046,0.0142,-0.0091,8.9
4.505,-0.012,-0.0046,0.0165,-0.0083,8.9
4.506,-0.0053,-0.0038,0.0232,-0.0068,8.8
4.507,-0.0023,-0.0015,0.0142,-0.0046,8.8
4.508,0.0067,-0.0015,0.0075,-0.0046,8.7
4.509,0.009,-0.0008,0.0052,-0.0046,8.7
4.51,-0.0008,-0.0015,-0.0008,-0.0046,8.6
4.511,-0.0091,-0.0015,-0.0015,-0.0038,8.5
4.512,-0.0091,0.0007,-0.0023,-0.003,8.5
4.513,-0.0083,-0.0008,-0.0015,-0.0023,8.5
4.514,-0.006,-0.0015,-0.0038,-0.003,8.4
4.515,-0.012,-0.0008,-0.0091,-0.0015,8.4
4.516,-0.0113,-0.0008,-0.0053,0.0007,8.3
4.517,-0.0128,0.0007,0.003,-0.0008,8.3
4.518,-0.0405,-0.0008,0.0112,-0.0015,8.2
4.519,-0.0368,-0.003,0.015,-0.0008,8.2
4.52,-0.003,-0.0015,0.0067,-0.0008,8.1
4.521,-0.0008,-0.0015,-0.003,0.0007,8.1
4.522,0.0105,-0.003,-0.0068,0.0015,8.0
4.523,0.0345,0.0,-0.0105,0.0015,7.9
4.524,0.0502,0.0007,-0.012,-0.0008,7.8
4.525,0.0457,-0.0015,-0.0128,-0.0015,7.7
4.526,0.015,-0.0015,-0.0105,-0.0008,7.6
4.527,0.0015,-0.0015,-0.0143,-0.0008,7.5
4.528,0.0045,-0.0015,-0.012,0.0015,7.4
4.529,0.012,0.0007,-0.0023,0.003,7.3
4.53,0.0225,-0.0008,0.0075,0.003,7.2
4.531,0.0135,-0.0008,0.0112,0.0022,7.2
4.532,-0.0075,0.0007,0.006,0.0022,7.1
4.533,-0.0113,0.0037,0.0052,0.0045,7.0
4.534,-0.0046,0.0045,0.0067,0.0052,6.9
4.535,-0.003,0.0045,0.0142,0.0052,6.8
4.536,-0.0053,0.0045,0.012,0.003,6.7
4.537,-0.0128,0.0045,0.0045,0.0007,6.6
4.538,-0.0091,0.0045,0.003,0.003,6.5
4.539,-0.006,0.0015,-0.0023,0.003,6.4
4.54,-0.0068,0.0015,-0.0038,0.0015,6.3
4.541,-0.0053,0.0007,-0.003,0.003,6.3
4.542,-0.003,0.0,-0.0008,0.0022,6.3
4.543,-0.0008,-0.0008,-0.0008,-0.0008,6.2
4.544,-0.0046,-0.0008,-0.0015,0.0015,6.2
4.545,-0.0068,-0.0008,-0.0015,0.0022,6.1
4.546,-0.0053,-0.0008,-0.003,0.003,6.1
4.547,-0.0046,-0.0015,-0.0023,0.0045,6.0
4.548,-0.0053,-0.0015,-0.0053,0.003,6.0
4.549,-0.0068,-0.0023,-0.0046,0.0045,5.9
4.55,-0.0083,-0.0023,-0.0038,0.0045,5.8
4.551,-0.0068,-0.0015,-0.0046,0.0045,5.8
4.552,-0.0075,-0.0008,-0.0023,0.0067,5.8
4.553,-0.0068,-0.0015,-0.0015,0.0067,5.7
4.554,-0.0053,-0.003,-0.0023,0.0045,5.7
4.555,-0.0075,-0.0008,-0.0046,0.0052,5.6
4.556,-0.0068,-0.0008,-0.0046,0.003,5.6
4.557,-0.0053,-0.0023,-0.003,0.0022,5.5
4.558,-0.0046,-0.0008,-0.0038,0.003,5.5
4.559,-0.0015,0.0007,-0.003,0.0015,5.4
4.56,0.0045,-0.0008,-0.0015,0.0007,5.3
4.561,0.0082,-0.0015,0.003,0.0007,5.3
4.562,0.0037,-0.003,0.0052,0.0,5.3
4.563,0.003,-0.003,0.0045,0.0015,5.3
4.564,-0.0008,-0.0008,0.0052,0.003,5.3
4.565,-0.0113,0.0007,0.0045,0.0022,5.3
4.566,-0.0098,0.0007,0.0015,0.0015,5.3
4.567,-0.0053,-0.0008,0.0015,0.0015,5.3
4.568,-0.0046,-0.0015,0.0007,0.0015,5.3
4.569,-0.0008,-0.0008,0.0015,0.0015,5.3
4.57,0.0015,0.0,0.0022,0.0015,5.3
4.571,-0.0008,-0.0008,-0.0008,-0.0008,5.3
4.572,-0.0038,-0.0008,-0.003,0.0,5.2
4.573,-0.003,-0.0015,-0.0038,0.0,5.2
4.574,-0.003,-0.0015,-0.0046,0.0,5.2
4.575,-0.0046,0.0,-0.0068,0.0007,5.2
4.576,-0.0015,0.0007,-0.0068,-0.0015,5.2
4.577,0.003,-0.0008,-0.0046,-0.003,5.2
4.578,0.0022,0.0007,-0.0008,-0.0046,5.2
4.579,-0.0015,-0.0008,-0.0015,-0.0023,5.1
4.58,-0.0015,-0.0023,-0.0053,0.0015,5.1
4.581,-0.0008,-0.0015,-0.0046,0.0015,5.1
4.582,-0.0008,-0.0015,-0.0015,-0.0008,5.1
4.583,-0.0008,-0.0015,-0.0015,-0.0008,5.1
4.584,0.0007,-0.0015,-0.0015,-0.0015,5.0
4.585,0.0007,-0.0015,-0.0015,-0.0008,5.0
4.586,-0.0008,-0.0008,-0.0015,-0.0015,5.0
4.587,-0.0053,0.0007,-0.0023,-0.0015,5.0
4.588,-0.0046,0.0007,-0.0008,-0.0023,5.0
4.589,-0.003,0.0007,-0.0008,-0.0015,4.9
4.59,-0.0046,0.0007,0.0,-0.0015,4.9
4.591,-0.0053,-0.0008,-0.0008,-0.0008,4.9
4.592,-0.0098,-0.0015,0.0,-0.0008,4.9
4.593,-0.006,0.0007,0.003,-0.0015,4.9
4.594,0.0015,0.0,0.0,-0.0023,4.9
4.595,0.006,-0.0015,-0.0008,-0.0015,4.9
4.596,0.0105,-0.0015,-0.0023,-0.0023,4.9
4.597,0.012,-0.0023,-0.006,0.0,4.8
4.598,0.0127,0.0,-0.0046,0.0022,4.8
4.599,0.006,0.0007,-0.0046,0.003,4.8
4.6,-0.0135,0.0007,-0.0015,0.0015,4.7
4.601,-0.0361,-0.0008,0.0,0.0,4.7
4.602,-0.0436,-0.0008,0.0007,-0.0015,4.7
4.603,-0.0233,0.0015,0.0007,-0.0008,4.7
4.604,-0.0083,0.0045,0.0015,0.0007,4.7
4.605,-0.0068,0.0067,0.0045,0.0015,4.6
4.606,0.0015,0.0067,0.0037,0.0007,4.6
4.607,0.0157,0.0045,-0.0008,-0.0008,4.6
4.608,0.0232,0.0052,-0.0015,-0.0015,4.5
4.609,0.0165,0.0045,0.003,-0.003,4.5
4.61,0.0135,0.003,0.0037,-0.003,4.5
4.611,0.0097,0.0022,0.0045,-0.003,4.5
4.612,0.0,0.0015,0.0045,-0.0046,4.5
4.613,-0.0046,0.0007,0.003,-0.0053,4.4
4.614,-0.0181,0.0007,0.0037,-0.003,4.4
4.615,-0.0308,0.003,0.0022,-0.0015,4.4
4.616,-0.0503,0.0037,-0.003,0.0007,4.3
4.617,-0.0593,0.0052,-0.006,0.0007,4.3
4.618,-0.015,0.0045,0.003,0.0007,4.3
4.619,0.0232,0.0015,0.012,-0.0008,4.3
4.62,0.0105,-0.0008,0.009,-0.003,4.2
4.621,0.0165,-0.0015,0.0037,-0.0015,4.2
4.622,0.0142,0.0,0.0022,-0.0008,4.1
4.623,-0.0008,0.0007,0.0007,-0.0008,4.1
4.624,0.0007,0.0037,-0.0008,0.0007,4.0
4.625,-0.003,0.003,-0.0008,0.0007,4.0
4.626,0.0082,0.0022,-0.003,0.0007,3.9
4.627,0.0217,0.0007,0.0007,0.0,3.9
4.628,0.0247,-0.0046,0.003,0.0007,3.8
4.629,0.0097,-0.003,0.0022,0.0007,3.8
4.63,0.003,-0.0046,-0.0008,0.0007,3.7
4.631,0.009,-0.003,0.0007,0.0,3.6
4.632,0.0075,-0.0015,0.0037,-0.0008,3.6
4.633,0.0082,-0.0015,0.0022,0.0,3.6
4.634,0.0007,-0.0008,0.003,0.0,3.5
4.635,-0.0098,-0.0015,0.0007,0.0,3.5
4.636,-0.0143,-0.0015,-0.0008,-0.0008,3.4
4.637,-0.003,-0.0015,-0.0053,-0.0008,3.3
4.638,0.003,-0.0038,-0.0053,-0.0015,3.3
4.639,0.0007,-0.0046,-0.0023,-0.0015,3.2
4.64,0.0037,-0.003,-0.003,-0.0008,3.1
4.641,-0.0053,-0.0046,-0.0038,0.0007,3.1
4.642,-0.0091,-0.0046,-0.0038,0.0007,3.1
4.643,-0.0105,-0.0046,-0.0008,0.0007,3.0
4.644,-0.0068,-0.003,0.0007,0.0015,3.0
4.645,-0.006,-0.003,0.0015,0.0022,2.9
4.646,-0.0083,-0.003,0.003,0.0015,2.8
4.647,-0.0053,-0.0015,0.0015,-0.0008,2.8
4.648,-0.0068,-0.0023,-0.0008,-0.0008,2.7
4.649,-0.0068,-0.0015,-0.0008,0.0015,2.7
4.65,-0.0046,-0.0015,0.0007,0.0037,2.6
4.651,-0.0046,-0.0023,0.0007,0.006,2.6
4.652,-0.0046,-0.0008,0.0015,0.0075,2.5
4.653,-0.003,-0.0008,0.0,0.0075,2.5
4.654,-0.003,-0.0015,-0.0008,0.0052,2.4
4.655,-0.003,-0.0015,0.0007,0.0045,2.3
4.656,-0.0008,-0.0015,0.0015,0.0045,2.3
4.657,-0.003,-0.0015,0.0007,0.0022,2.2
4.658,-0.0038,0.0007,0.003,0.0015,2.2
4.659,-0.0015,0.0,0.0052,0.0007,2.1
4.66,-0.0023,0.0007,0.006,-0.0015,2.0
4.661,-0.0053,-0.0008,0.0067,-0.003,2.0
4.662,-0.0068,-0.0008,0.0067,-0.0023,2.0
4.663,-0.0053,-0.0015,0.0045,-0.0038,2.0
4.664,-0.0068,-0.0008,0.003,-0.003,1.9
4.665,-0.006,0.0,0.0,-0.0038,1.9
4.666,-0.003,-0.0015,0.0007,-0.0038,1.8
4.667,-0.0008,-0.0008,0.0015,-0.0023,1.8
4.668,0.003,-0.0015,-0.0008,-0.0023,1.8
4.669,0.0037,-0.0015,-0.0008,-0.0008,1.8
4.67,-0.0038,-0.0015,-0.0023,-0.0046,1.7
4.671,-0.0053,-0.0008,-0.0023,-0.0053,1.7
4.672,-0.0038,0.0007,-0.003,-0.0053,1.6
4.673,-0.006,0.0007,-0.0015,-0.003,1.6
4.674,-0.006,0.0007,0.0007,-0.0015,1.6
4.675,-0.0075,-0.0008,0.0015,-0.003,1.5
4.676,-0.0075,-0.0008,0.0015,-0.003,1.5
4.677,-0.0046,-0.0008,0.0015,-0.003,1.4
4.678,-0.0023,0.0007,0.0015,-0.0023,1.4
4.679,-0.0015,0.0007,0.0015,-0.0046,1.4
4.68,-0.003,-0.0015,0.0015,-0.006,1.3
4.681,-0.003,-0.0015,-0.0015,-0.0083,1.3
4.682,-0.003,-0.0008,-0.003,-0.0083,1.3
4.683,0.003,-0.0023,-0.0038,-0.0075,1.3
4.684,0.0037,-0.0038,-0.003,-0.006,1.3
4.685,-0.003,-0.003,-0.0023,-0.003,1.2
4.686,-0.0008,-0.003,-0.003,-0.0023,1.2
4.687,0.0007,-0.0046,-0.0023,-0.0008,1.2
4.688,0.0007,-0.0015,-0.0023,0.0,1.1
4.689,0.0015,0.0007,-0.003,-0.0008,1.1
4.69,0.0022,0.0007,-0.0046,-0.0008,1.1
4.691,0.003,0.0015,-0.0015,-0.0015,1.0
4.692,0.0015,0.0007,0.0,-0.003,1.0
4.693,0.0015,0.0007,-0.0015,-0.0038,1.0
4.694,0.0,0.0015,-0.0015,-0.003,1.0
4.695,-0.0023,0.0007,0.0007,-0.003,0.9
4.696,-0.0015,0.0022,0.0015,-0.0015,0.9
4.697,-0.003,0.0022,0.0,0.0007,0.9
4.698,-0.0053,0.0007,-0.0008,-0.0008,0.9
4.699,-0.0068,0.0022,-0.0015,-0.0008,0.9
4.7,-0.0038,0.0015,-0.0008,0.0007,0.8
4.701,0.0015,0.0015,-0.0015,-0.0015,0.8
4.702,0.0052,0.0007,0.0,-0.0008,0.8
4.703,0.0075,0.0007,0.0,-0.0008,0.7
4.704,0.0135,0.0015,-0.0008,-0.0015,0.7
4.705,0.024,0.0,0.0007,-0.003,0.7
4.706,0.0202,-0.0015,0.0015,-0.003,0.7
4.707,0.0007,0.0,0.0045,-0.003,0.6
4.708,-0.0068,0.0007,0.0022,-0.003,0.6
4.709,-0.003,0.0015,0.0015,-0.0023,0.6
4.71,-0.0053,0.0015,0.0007,-0.0015,0.5
4.711,-0.0046,-0.0015,-0.0015,-0.003,0.5
4.712,-0.006,-0.0008,-0.0015,-0.0023,0.5
4.713,-0.0053,0.0007,-0.003,-0.0008,0.5
4.714,-0.0023,0.0,-0.0015,-0.0008,0.4
4.715,-0.0038,-0.0008,-0.0046,-0.0008,0.4
4.716,-0.0046,-0.0015,-0.0015,-0.0015,0.4
4.717,-0.0046,-0.003,-0.0015,-0.0008,0.4
4.718,-0.0046,-0.003,-0.0015,0.0,0.4
4.719,-0.0046,-0.0046,-0.0015,-0.003,0.4
4.72,-0.003,-0.0053,-0.0015,-0.003,0.3
4.721,-0.0015,-0.0046,-0.0023,-0.003,0.3
4.722,0.0007,-0.0046,-0.003,-0.003,0.3
4.723,0.0015,-0.0023,-0.0008,-0.0038,0.2
4.724,0.0007,-0.0038,0.0,-0.003,0.2
4.725,0.0,-0.003,0.0022,-0.003,0.2
4.726,-0.0015,-0.003,0.0022,-0.0023,0.2
4.727,0.0015,-0.003,0.003,-0.0015,0.2
4.728,0.0045,0.0,0.0037,-0.0015,0.1
4.729,0.0015,0.0007,0.003,-0.0015,0.1
4.73,0.0015,0.0,0.0037,-0.003,0.1
4.731,0.0007,-0.0008,0.0022,-0.003,0.0
4.732,0.0007,-0.0015,0.0,-0.0023,0.0
4.733,0.0007,0.0007,0.0007,-0.0015,0.0
4.734,0.0015,0.0015,0.0022,-0.0015,0.0
4.735,0.0007,0.0,0.0007,-0.0023,0.0
4.736,-0.0008,-0.0015,-0.0015,-0.0023,0.0
4.737,-0.0008,-0.0008,-0.0008,-0.003,0.0
4.738,-0.0008,-0.0015,-0.0015,-0.0046,-0.1
4.739,-0.0015,-0.0023,-0.0008,-0.0053,-0.1
4.74,-0.0046,-0.0023,-0.0023,-0.0046,-0.2
4.741,-0.0046,-0.0023,-0.003,-0.003,-0.2
4.742,-0.003,-0.003,-0.0008,-0.003,-0.2
4.743,-0.003,-0.003,-0.0008,-0.0046,-0.2
4.744,-0.0023,-0.003,0.0015,-0.003,-0.2
4.745,-0.0015,-0.0023,-0.0008,-0.003,-0.2
4.746,-0.0015,-0.0015,-0.0008,-0.0015,-0.2
4.747,-0.0015,-0.003,0.0007,-0.0008,-0.3
4.748,-0.0015,-0.003,0.003,0.0007,-0.3
4.749,-0.0023,-0.0015,0.0015,0.0022,-0.3
4.75,-0.0015,-0.0008,0.0015,0.0015,-0.3
4.751,-0.0015,0.0,0.0037,0.0007,-0.3
4.752,-0.003,0.0015,0.0037,0.0007,-0.4
4.753,-0.0046,0.0007,0.0045,0.0015,-0.4
4.754,-0.0015,-0.0008,0.003,0.0022,-0.4
4.755,-0.0023,0.0,0.0,0.0015,-0.4
4.756,-0.0023,0.0,-0.0008,0.0022,-0.4
4.757,0.0,-0.0008,0.0007,0.0015,-0.5
4.758,-0.0008,-0.003,0.0007,0.0007,-0.5
4.759,-0.0008,-0.0015,-0.0015,0.0015,-0.5
4.76,-0.0008,-0.0008,-0.0038,0.0007,-0.5
4.761,0.0007,0.0007,-0.0046,0.0,-0.5
4.762,0.0045,0.0007,-0.003,-0.0015,-0.5
4.763,0.0022,-0.0015,-0.0023,-0.0015,-0.5
4.764,0.0007,-0.0023,-0.0015,-0.0008,-0.5
4.765,-0.0008,-0.0008,-0.0038,-0.0015,-0.6
4.766,-0.0008,0.003,-0.0038,-0.0015,-0.6
4.767,0.0007,0.0037,-0.0008,-0.0038,-0.6
4.768,-0.0008,0.0022,-0.0008,-0.0046,-0.6
4.769,-0.0015,0.0015,-0.0015,-0.0015,-0.6
4.77,-0.0008,0.0015,-0.003,0.0007,-0.7
4.771,-0.0008,0.0022,-0.0023,0.0,-0.7
4.772,-0.0008,0.0,-0.0008,-0.0008,-0.7
4.773,0.0015,-0.0008,-0.0008,-0.0008,-0.7
4.774,0.0015,0.0007,-0.0015,0.0007,-0.7
4.775,0.0,-0.0015,-0.0008,0.003,-0.7
4.776,-0.003,-0.0023,0.0022,0.003,-0.8
4.777,-0.0046,-0.0015,0.003,0.0037,-0.8
4.778,-0.003,-0.0008,0.0015,0.0022,-0.8
4.779,-0.003,0.0007,0.0015,0.003,-0.8
4.78,-0.0046,0.0007,0.0015,0.0022,-0.9
4.781,-0.0046,0.0007,0.0015,0.0022,-0.9
4.782,-0.0038,-0.0008,0.0015,0.0037,-0.9
4.783,-0.003,-0.0015,0.0007,0.0022,-0.9
4.784,-0.0046,-0.0015,0.0015,0.0015,-0.9
4.785,-0.0046,-0.003,0.0015,0.0007,-0.9
4.786,-0.0046,-0.003,0.0007,0.0015,-0.9
4.787,-0.0068,-0.003,0.0015,0.0022,-0.9
4.788,-0.0053,-0.003,0.0007,-0.0008,-0.9
4.789,-0.0046,-0.003,0.0007,-0.0023,-0.9
4.79,-0.0053,-0.003,0.0007,-0.0046,-0.9
4.791,-0.0046,0.0,0.0007,-0.0015,-0.9
4.792,-0.0053,0.0015,0.0015,-0.0008,-0.9
4.793,-0.0053,0.0022,-0.0015,-0.0038,-0.9
4.794,-0.0046,0.0037,-0.0038,-0.0038,-0.9
4.795,-0.003,0.0052,-0.003,-0.003,-0.9
4.796,-0.003,0.0052,-0.003,-0.0015,-0.9
4.797,-0.0038,0.0045,-0.0015,-0.0008,-0.9
4.798,-0.0046,0.0022,0.0,-0.0008,-0.9
4.799,-0.0038,0.0015,0.0015,0.0,-0.9
4.8,0.0,0.0022,0.0007,0.0007,-0.9
4.801,0.0105,0.0007,0.0015,-0.0015,-0.9
4.802,0.0172,-0.0015,0.003,-0.0015,-0.9
4.803,0.0067,-0.0023,0.0037,-0.0015,-0.9
4.804,-0.0053,-0.0008,0.003,-0.0015,-0.9
4.805,-0.0091,-0.0008,0.003,-0.0008,-0.9
4.806,-0.0128,-0.0008,0.0045,0.0007,-0.9
4.807,-0.012,-0.0015,0.0045,0.0007,-0.9
4.808,-0.0105,-0.0008,0.003,0.0015,-0.9
4.809,-0.0091,0.0,0.003,0.0022,-0.9
4.81,-0.0083,-0.0008,0.0007,0.003,-0.9
4.811,-0.0053,-0.0015,0.0007,0.003,-0.9
4.812,0.0022,-0.0015,-0.0008,0.0022,-0.9
4.813,0.0045,-0.0015,0.0007,0.003,-0.9
4.814,-0.003,-0.0015,0.003,0.003,-0.9
4.815,-0.003,-0.0015,0.0022,0.0007,-0.9
4.816,-0.0008,-0.003,0.003,-0.0015,-0.9
4.817,-0.003,-0.0023,0.003,-0.0023,-0.9
4.818,-0.0008,-0.0015,0.0007,-0.0015,-0.9
4.819,-0.003,0.0,0.0007,-0.0008,-0.9
4.82,-0.0008,0.0037,0.0007,0.0022,-0.9
4.821,-0.0008,0.0045,0.0015,0.0015,-0.9
4.822,-0.0015,0.003,0.0015,0.0022,-0.9
4.823,0.0015,0.003,-0.0015,0.0022,-0.8
4.824,0.0007,0.003,-0.0008,0.0015,-0.8
4.825,0.0015,0.0,-0.0015,0.0007,-0.8
4.826,0.0015,-0.0008,-0.003,0.0007,-0.8
4.827,0.0015,-0.0015,-0.0038,0.0,-0.8
4.828,0.0015,-0.0015,-0.003,-0.0008,-0.8
4.829,0.0015,-0.0008,-0.003,-0.0008,-0.8
4.83,0.0015,-0.0008,-0.0015,-0.0008,-0.8
4.831,0.0022,0.0,-0.0015,0.0007,-0.8
4.832,0.0022,0.0007,-0.0015,0.0007,-0.8
4.833,0.0007,0.0007,-0.0008,-0.0008,-0.7
4.834,0.0007,-0.0008,-0.0015,-0.0008,-0.7
4.835,0.0007,-0.0015,-0.0015,0.0007,-0.7
4.836,0.0007,-0.0015,-0.003,0.0,-0.7
4.837,0.0022,-0.0015,-0.003,0.003,-0.7
4.838,0.0015,-0.0015,-0.0023,0.0037,-0.7
4.839,0.0007,-0.0015,-0.003,0.0,-0.7
4.84,-0.0015,-0.0015,-0.0023,0.0007,-0.7
4.841,-0.0023,-0.0038,-0.0015,-0.0008,-0.7
4.842,-0.0015,-0.003,-0.0046,-0.0015,-0.6
4.843,-0.0023,-0.0008,-0.0068,-0.0015,-0.6
4.844,-0.0046,-0.0008,-0.0068,-0.0008,-0.6
4.845,-0.0023,-0.0008,-0.0053,-0.0015,-0.6
4.846,-0.0008,-0.0008,-0.0015,-0.0015,-0.6
4.847,0.0015,-0.0008,-0.0008,0.0,-0.5
4.848,0.0015,-0.0015,-0.0008,-0.0008,-0.5
4.849,0.0015,-0.0015,0.0,-0.0015,-0.5
4.85,0.0052,-0.0008,0.0015,-0.0015,-0.5
4.851,0.0045,0.0007,0.003,-0.0008,-0.5
4.852,0.0007,-0.0015,0.0022,0.0,-0.5
4.853,-0.0015,-0.0008,0.0007,0.0,-0.5
4.854,-0.0015,0.0007,0.0015,-0.0008,-0.4
4.855,-0.0015,0.0007,0.003,-0.0015,-0.4
4.856,-0.0015,0.0007,0.0052,-0.0015,-0.4
4.857,-0.0008,0.0007,0.0037,-0.0008,-0.4
4.858,0.0,0.0007,0.0022,0.0015,-0.4
4.859,0.0,0.0007,0.0037,0.0007,-0.3
4.86,0.0007,0.003,0.003,-0.0008,-0.3
4.861,0.0007,0.0007,0.0022,0.0015,-0.3
4.862,-0.0008,-0.0008,0.0015,0.0,-0.3
4.863,0.0,-0.0008,-0.0008,-0.0015,-0.3
4.864,-0.0008,-0.003,-0.0023,-0.0023,-0.2
4.865,-0.0008,-0.003,-0.0008,-0.003,-0.2
4.866,-0.0008,-0.0008,-0.0008,-0.0008,-0.2
4.867,-0.0008,0.0007,-0.0015,-0.0008,-0.2
4.868,-0.0008,0.0015,-0.0008,-0.0015,-0.1
4.869,-0.0015,-0.0008,-0.0008,-0.0008,-0.1
4.87,-0.0023,0.0007,-0.0008,-0.0015,-0.1
4.871,-0.0023,0.0007,0.0,-0.0008,-0.1
4.872,-0.003,-0.0015,0.0015,-0.0008,-0.1
4.873,-0.003,-0.0008,0.0007,-0.0023,0.0
4.874,-0.003,-0.0008,0.0015,0.0,0.0
4.875,-0.0046,0.0007,0.0022,0.0007,0.0
4.876,-0.0046,-0.0008,0.0015,-0.0008,0.0
4.877,-0.0046,0.0,0.0007,-0.0008,0.0
4.878,-0.0038,0.0007,0.0015,0.0,0.0
4.879,-0.0046,-0.0008,0.0015,0.0,0.1
4.88,-0.0046,-0.0008,0.0,-0.0008,0.1
4.881,-0.0038,-0.0015,0.0007,-0.0008,0.1
4.882,-0.0068,-0.0015,0.0007,-0.0015,0.1
4.883,-0.0038,0.0007,-0.0023,-0.0015,0.2
4.884,-0.003,0.0007,-0.0015,-0.003,0.2
4.885,-0.0046,-0.0015,-0.0008,-0.0015,0.2
4.886,-0.0023,-0.0015,-0.0008,-0.0008,0.2
4.887,-0.003,0.0007,-0.0015,-0.0015,0.3
4.888,-0.0008,0.0007,-0.003,-0.003,0.3
4.889,-0.0008,0.0015,-0.0046,-0.0023,0.3
4.89,-0.003,-0.0008,-0.0038,-0.0008,0.4
4.891,-0.0053,0.0022,-0.003,-0.0015,0.4
4.892,-0.0068,0.0052,-0.003,-0.003,0.4
4.893,-0.006,0.0,-0.0015,-0.0008,0.4
4.894,-0.0075,-0.0008,-0.0008,-0.0008,0.4
4.895,-0.0053,-0.0008,-0.0008,0.0015,0.4
4.896,-0.0053,-0.0023,0.0007,0.0015,0.5
4.897,-0.0053,0.0007,0.0015,-0.0008,0.5
4.898,-0.0046,-0.0008,-0.0008,-0.0015,0.5
4.899,-0.0068,-0.003,0.0,-0.0015,0.5
4.9,-0.003,-0.0015,0.0015,-0.0015,0.6
4.901,0.003,-0.0015,0.0007,0.0007,0.6
4.902,0.0045,-0.0008,0.0007,0.0007,0.6
4.903,-0.0053,-0.003,0.0007,-0.0008,0.7
4.904,-0.0075,-0.0038,-0.0008,-0.0015,0.7
4.905,-0.003,-0.0015,0.0007,-0.003,0.8
4.906,-0.0023,-0.0015,0.0007,-0.0053,0.8
4.907,-0.0015,0.0,-0.0008,-0.0046,0.8
4.908,-0.0015,0.0,-0.0038,-0.003,0.9
4.909,0.0007,0.0022,-0.0038,-0.0023,0.9
4.91,0.0015,0.003,-0.0015,-0.0023,0.9
4.911,-0.0015,0.0045,-0.0008,-0.0053,0.9
4.912,-0.0015,0.009,-0.0015,-0.0046,0.9
4.913,-0.003,0.0075,-0.0023,-0.0015,1.0
4.914,-0.0008,0.0037,-0.003,-0.0008,1.0
4.915,-0.0008,0.0022,-0.0015,-0.0015,1.1
4.916,-0.0015,0.0022,-0.0015,0.0007,1.1
4.917,-0.003,-0.0008,0.0015,0.0007,1.1
4.918,-0.0046,-0.0008,0.003,-0.0008,1.2
4.919,-0.0046,-0.0023,0.0007,0.0015,1.2
4.92,-0.0046,-0.0038,0.0007,0.0037,1.2
4.921,-0.0046,-0.0038,-0.0008,0.0045,1.3
4.922,-0.0038,-0.003,0.0,0.0015,1.3
4.923,-0.003,-0.0015,-0.0008,0.0007,1.3
4.924,-0.0038,-0.0023,0.0007,0.0007,1.3
4.925,-0.0023,-0.0008,0.0015,-0.0008,1.4
4.926,-0.003,-0.0023,0.0007,-0.0008,1.4
4.927,-0.0046,-0.0046,0.0015,-0.0015,1.4
4.928,-0.003,-0.0053,-0.0008,-0.0008,1.5
4.929,-0.0023,-0.0053,0.0,-0.0015,1.5
4.93,-0.003,-0.0046,-0.0008,-0.0023,1.5
4.931,-0.0023,-0.0053,-0.0008,-0.003,1.6
4.932,-0.0023,-0.0046,0.0,-0.003,1.6
4.933,-0.003,-0.0023,-0.0008,-0.003,1.6
4.934,-0.003,-0.0038,0.0007,-0.0038,1.7
4.935,-0.0023,-0.0038,0.0007,-0.0046,1.7
4.936,-0.0008,-0.0046,0.0015,-0.0046,1.7
4.937,0.0007,-0.0053,0.003,-0.0023,1.8
4.938,0.0,-0.0038,0.0045,-0.003,1.8
4.939,-0.0008,-0.0046,0.0052,-0.0046,1.8
4.94,-0.0046,-0.0023,0.0037,-0.0046,1.8
4.941,-0.0053,-0.0023,0.0007,-0.003,1.9
4.942,-0.0046,-0.003,0.0007,-0.003,1.9
4.943,-0.0038,-0.0023,-0.0008,-0.003,2.0
4.944,-0.0046,-0.0015,-0.0008,-0.003,2.0
4.945,-0.003,-0.0008,-0.0015,-0.0046,2.0
4.946,-0.0038,-0.0008,-0.0008,-0.003,2.1
4.947,-0.006,-0.003,0.0015,-0.0023,2.1
4.948,-0.0068,-0.003,0.0015,-0.0038,2.2
4.949,-0.0053,-0.0015,0.003,-0.003,2.2
4.95,-0.0046,-0.0015,0.0022,-0.003,2.2
4.951,-0.003,-0.0023,0.0022,-0.0038,2.2
4.952,-0.0023,-0.0015,0.0015,-0.003,2.3
4.953,-0.0015,-0.0015,0.0,-0.0023,2.3
4.954,0.0007,-0.0008,0.0,-0.0015,2.4
4.955,0.0045,0.0007,0.0007,-0.0008,2.4
4.956,0.0067,0.0007,0.0015,-0.0015,2.5
4.957,0.0045,-0.0015,0.0015,-0.0008,2.5
4.958,-0.0008,-0.0023,-0.0008,-0.0008,2.5
4.959,-0.0038,-0.003,-0.0015,-0.0008,2.6
4.96,-0.003,-0.0015,-0.0008,0.0007,2.6
4.961,-0.0015,-0.0008,-0.0015,0.003,2.6
4.962,-0.0023,-0.003,-0.0008,0.0075,2.7
4.963,-0.003,0.0,0.0007,0.0045,2.7
4.964,-0.0023,0.003,0.0022,0.0007,2.8
4.965,-0.0015,0.0022,-0.0008,0.0,2.8
4.966,-0.0038,0.0052,-0.003,-0.0023,2.8
4.967,-0.0068,0.0067,-0.003,-0.0015,2.9
4.968,-0.0083,0.006,-0.0015,0.0007,2.9
4.969,-0.0091,0.0052,-0.0015,0.0022,3.0
4.97,-0.0083,0.003,-0.0008,0.0007,3.0
4.971,-0.0091,0.0045,-0.0008,0.003,3.1
4.972,-0.0113,0.0045,-0.0008,0.0015,3.1
4.973,-0.0105,0.0022,0.0022,0.0007,3.1
4.974,-0.0128,0.0022,0.0015,-0.0015,3.2
4.975,-0.0158,0.003,0.0007,-0.0015,3.2
4.976,-0.0128,0.0007,0.0015,-0.0008,3.2
4.977,-0.0098,0.0015,0.0015,0.0022,3.3
4.978,-0.0083,0.003,0.003,0.003,3.3
4.979,-0.0068,0.0015,0.0015,0.0007,3.4
4.98,-0.0075,0.0015,0.0015,0.0015,3.4
4.981,-0.0083,0.0,0.0007,0.0007,3.5
4.982,-0.0083,0.0,0.0015,-0.0015,3.5
4.983,-0.006,-0.0008,0.0015,-0.0038,3.6
4.984,-0.003,-0.0008,0.0007,-0.0038,3.6
4.985,-0.0038,-0.0015,0.0015,-0.003,3.7
4.986,-0.0053,-0.003,0.0045,-0.0015,3.7
4.987,-0.0046,-0.0008,0.0045,-0.0015,3.8
4.988,-0.0046,0.0007,0.0045,-0.0038,3.8
4.989,-0.0046,0.0015,0.0037,-0.0038,3.9
4.99,-0.0068,0.0015,0.003,-0.003,3.9
4.991,-0.0083,0.0007,0.0007,-0.0038,4.0
4.992,-0.0083,0.0,0.0015,-0.0068,4.0
4.993,-0.0068,0.0007,0.0015,-0.0098,4.0
4.994,-0.0053,-0.0023,0.0,-0.0083,4.1
4.995,-0.0053,-0.0038,0.0007,-0.0083,4.2
4.996,-0.0053,-0.0038,-0.0015,-0.0053,4.2
4.997,-0.0046,-0.0053,-0.0038,-0.0008,4.3
4.998,-0.0046,-0.0083,-0.0068,0.0015,4.3
4.999,-0.0038,-0.0083,-0.0053,0.0045,4.4
5.0,-0.0046,-0.0068,-0.0046,0.003,4.4
5.001,-0.0046,-0.0046,-0.003,0.0007,4.5
5.002,-0.003,-0.0046,-0.0015,0.0007,4.5
5.003,-0.003,-0.0068,-0.0008,-0.0015,4.6
5.004,-0.0023,-0.0075,-0.0008,-0.003,4.6
5.005,-0.0023,-0.0053,-0.0015,-0.003,4.7
5.006,-0.0015,-0.0046,0.0,-0.003,4.8
5.007,0.0007,-0.0046,0.0007,-0.003,4.8
5.008,0.0,-0.003,0.0015,-0.003,4.9
5.009,-0.0008,-0.0015,0.0007,-0.003,4.9
5.01,-0.0008,-0.003,0.0015,-0.0038,5.0
5.011,0.0007,-0.003,0.003,-0.003,5.0
5.012,0.0015,-0.0046,0.0007,0.0007,5.1
5.013,0.0022,-0.003,0.0015,0.0022,5.2
5.014,0.0052,-0.0015,0.0007,0.0015,5.2
5.015,0.0052,0.0,-0.0008,0.0015,5.3
5.016,0.0075,0.0015,-0.0008,-0.0008,5.3
5.017,0.009,0.0007,-0.0015,0.0007,5.4
5.018,0.009,0.0007,-0.0015,0.003,5.4
5.019,0.009,0.0,-0.0015,0.003,5.5
5.02,0.009,0.0007,0.0007,-0.0008,5.6
5.021,0.009,0.0015,0.0015,-0.003,5.6
5.022,0.009,0.0007,0.0,-0.0015,5.7
5.023,0.009,0.0007,-0.0015,-0.0015,5.8
5.024,0.0105,-0.0008,-0.0046,-0.0015,5.8
5.025,0.0105,-0.0008,-0.0053,0.0,5.9
5.026,0.012,-0.0015,-0.0053,0.0,6.0
5.027,0.012,-0.0015,-0.0046,0.0007,6.0
5.028,0.0127,-0.0023,-0.0053,0.0007,6.1
5.029,0.0157,-0.0038,-0.0046,0.0007,6.2
5.03,0.0157,-0.0046,-0.003,0.003,6.3
5.031,0.0135,-0.0046,-0.003,0.0007,6.3
5.032,0.0127,-0.0015,-0.0008,-0.0008,6.3
5.033,0.0112,-0.0023,0.0007,0.0007,6.4
5.034,0.009,-0.0008,0.003,-0.0008,6.5
5.035,0.0082,-0.0015,0.0022,0.0007,6.6
5.036,0.0067,-0.0023,0.0007,0.0007,6.6
5.037,0.006,0.0007,0.003,-0.003,6.7
5.038,0.0052,-0.0008,0.003,-0.0008,6.7
5.039,0.003,-0.0008,0.0037,0.0007,6.8
5.04,0.003,0.0007,0.0022,-0.0015,6.9
5.041,0.003,0.0007,0.0022,-0.0015,7.0
5.042,0.003,0.0007,0.0022,-0.0023,7.1
5.043,0.0022,-0.0008,0.0007,-0.0015,7.2
5.044,0.0007,-0.0008,-0.0008,-0.0008,7.3
5.045,0.0007,-0.0008,-0.0008,0.0,7.4
5.046,-0.0015,0.0,0.0007,0.0,7.5
5.047,-0.0023,0.0,0.0022,-0.0008,7.6
5.048,-0.003,-0.0008,0.0,-0.0008,7.7
5.049,-0.0046,-0.0008,-0.0015,-0.0008,7.8
5.05,-0.0053,-0.0015,-0.0008,-0.0008,7.9
5.051,-0.0068,-0.0015,-0.003,-0.0038,8.0
5.052,-0.0053,-0.0023,-0.0023,-0.0038,8.1
5.053,-0.006,-0.003,-0.0015,-0.003,8.2
5.054,-0.0053,-0.003,-0.0023,-0.0015,8.3
5.055,-0.0075,-0.0023,-0.003,-0.0008,8.4
5.056,-0.0083,-0.0015,-0.0015,0.0,8.5
5.057,-0.0053,-0.0023,-0.0008,-0.0008,8.6
5.058,-0.0053,-0.0046,-0.0015,0.0015,8.7
5.059,-0.0053,-0.0046,-0.0008,0.0015,8.8
5.06,-0.0046,-0.0046,-0.0015,0.0,8.9
5.061,-0.0038,-0.0038,-0.0023,0.0007,9.0
5.062,-0.0038,-0.0015,-0.003,-0.0008,9.2
5.063,-0.003,-0.0015,-0.0015,0.0015,9.3
5.064,-0.0038,0.0,0.0007,0.0015,9.4
5.065,-0.003,-0.0008,0.0007,0.0015,9.5
5.066,-0.003,-0.0015,0.0,0.0045,9.7
5.067,-0.0053,-0.0015,0.0,0.003,9.8
5.068,-0.0053,-0.0015,0.0,0.0037,9.9
5.069,-0.0038,-0.0015,0.0015,0.0037,10.0
5.07,-0.0015,-0.0008,0.0037,0.0037,10.2
5.071,0.0,0.0015,0.0045,0.0052,10.3
5.072,-0.0008,0.0015,0.0037,0.0045,10.4
5.073,-0.0015,0.0007,0.0045,0.003,10.5
5.074,-0.0008,0.0007,0.0037,0.0045,10.7
5.075,-0.003,0.0007,0.003,0.0037,10.8
5.076,-0.003,0.0,0.0022,0.0037,10.9
5.077,-0.0046,-0.0015,0.0007,0.0037,11.1
5.078,-0.0038,-0.0015,0.0007,0.003,11.2
5.079,-0.0038,-0.0023,0.0015,0.003,11.3
5.08,-0.0038,-0.0015,0.0022,0.0015,11.4
5.081,-0.0023,-0.0015,0.003,0.0015,11.6
5.082,-0.0008,-0.0015,0.0015,0.0007,11.7
5.083,-0.0008,-0.0015,0.0007,0.0,11.9
5.084,-0.0008,-0.0008,0.0007,0.0007,12.0
5.085,0.0,-0.0008,0.0,0.0015,12.2
5.086,0.0015,-0.0015,0.0015,0.0007,12.3
5.087,0.0015,-0.0015,0.0022,0.0007,12.5
5.088,0.0007,-0.0015,0.0,0.0007,12.6
5.089,-0.0015,-0.0015,0.0,0.0015,12.8
5.09,-0.003,-0.0015,0.0007,0.0022,13.0
5.091,-0.0015,0.0007,0.0015,0.0022,13.1
5.092,-0.0015,0.0007,0.0,0.0007,13.2
5.093,-0.0008,0.0,-0.0008,-0.0008,13.4
5.094,0.0,-0.0008,0.0007,-0.0015,13.5
5.095,-0.0015,-0.0015,-0.0015,-0.0015,13.7
5.096,-0.003,0.0007,-0.0023,-0.0015,13.9
5.097,-0.0023,0.0007,-0.0038,-0.0023,14.0
5.098,-0.0008,-0.0008,-0.0053,-0.0015,14.1
5.099,-0.0008,0.0,-0.0046,-0.0023,14.3
5.1,-0.0008,-0.0015,-0.0046,-0.003,14.4
5.101,0.0007,-0.003,-0.0038,-0.0038,14.6
5.102,0.0007,-0.003,-0.0023,-0.0038,14.8
5.103,0.0,-0.0023,-0.003,-0.003,15.0
5.104,-0.0008,-0.0008,-0.003,-0.003,15.2
5.105,0.0,-0.0008,-0.003,-0.0038,15.3
5.106,0.0007,-0.0008,-0.0008,-0.0053,15.5
5.107,0.003,-0.0008,-0.0008,-0.003,15.7
5.108,0.003,-0.0008,-0.0015,-0.0023,15.9
5.109,0.003,-0.0008,-0.0015,-0.0015,16.1
5.11,0.0045,-0.0023,-0.0023,-0.0008,16.3
5.111,0.0045,-0.0008,-0.0008,0.0,16.5
5.112,0.0052,-0.0015,0.0015,0.0007,16.6
5.113,0.0067,0.0,0.0015,0.0007,16.8
5.114,0.0067,0.0,0.0015,0.0015,17.0
5.115,0.0082,-0.0008,0.003,0.0007,17.2
5.116,0.006,-0.0008,0.003,0.0007,17.4
5.117,0.0015,-0.0015,0.0007,-0.0008,17.5
5.118,-0.0008,-0.0015,0.0,-0.0015,17.7
5.119,-0.0023,-0.0023,-0.0015,-0.0038,17.9
5.12,-0.003,0.0007,-0.0023,-0.003,18.1
5.121,-0.0046,0.0007,-0.0008,-0.0046,18.3
5.122,-0.0053,0.0007,-0.003,-0.0038,18.5
5.123,-0.006,0.0015,-0.0038,-0.003,18.7
5.124,-0.0053,0.0015,-0.0053,-0.003,18.9
5.125,-0.0053,0.0015,-0.0046,-0.0038,19.1
5.126,-0.006,0.0,-0.003,-0.0038,19.3
5.127,-0.0083,-0.0008,-0.003,-0.003,19.5
5.128,-0.0053,0.0007,-0.003,-0.0046,19.7
5.129,-0.0038,0.0,-0.0023,-0.0046,19.9
5.13,-0.0053,0.0,-0.0008,-0.0023,20.2
5.131,-0.0053,0.0015,-0.0015,-0.0023,20.3
5.132,-0.0068,0.0007,0.0007,-0.003,20.6
5.133,-0.0053,0.0015,0.0022,-0.0023,20.7
5.134,-0.0023,0.0022,0.0022,-0.0015,21.0
5.135,-0.0038,0.0015,0.0037,-0.0023,21.1
5.136,-0.0046,0.0015,0.003,-0.0008,21.4
5.137,-0.003,0.0015,0.0015,-0.0015,21.5
5.138,-0.0053,0.0015,0.0015,-0.0023,21.8
5.139,-0.006,-0.0015,0.0,-0.0008,22.0
5.14,-0.0053,-0.0015,-0.0023,-0.0015,22.2
5.141,-0.0046,-0.0008,-0.0015,-0.0008,22.4
5.142,-0.003,-0.0015,-0.0008,-0.0008,22.6
5.143,-0.0008,-0.0008,-0.0023,-0.0015,22.9
5.144,0.0015,0.0007,-0.0023,-0.0023,23.1
5.145,-0.0023,-0.0008,-0.0023,-0.003,23.3
5.146,-0.0015,-0.0008,-0.003,-0.0023,23.5
5.147,0.003,-0.0023,-0.0015,-0.0038,23.7
5.148,0.0052,-0.0015,-0.0008,-0.0008,23.9
5.149,0.0067,-0.0015,-0.0008,-0.0015,24.2
5.15,0.0067,-0.0015,-0.0008,-0.003,24.4
5.151,0.009,-0.0008,-0.0008,-0.003,24.6
5.152,0.0097,0.0,-0.0015,-0.0023,24.8
5.153,0.0097,0.0007,-0.006,-0.0008,25.1
5.154,0.009,0.0015,-0.0083,-0.0008,25.3
5.155,0.0067,0.0007,-0.0038,0.0,25.5
5.156,0.0052,-0.003,-0.0008,0.0007,25.7
5.157,0.0045,-0.003,-0.0008,0.0022,25.9
5.158,0.0045,-0.0008,0.0015,0.0022,26.1
5.159,0.0052,0.0,0.003,0.0015,26.4
5.16,0.003,-0.0008,0.0052,0.0007,26.6
5.161,0.0007,-0.0008,0.0045,0.0007,26.8
5.162,-0.003,-0.0015,0.0052,0.0007,27.0
5.163,-0.0023,-0.0008,0.006,0.0007,27.2
5.164,-0.003,-0.0015,0.0052,-0.0008,27.4
5.165,-0.0046,-0.003,0.0052,-0.0015,27.6
5.166,-0.0038,-0.0008,0.006,-0.0008,27.9
5.167,-0.003,0.0007,0.0075,-0.0008,28.1
5.168,-0.0053,0.0,0.0067,-0.0008,28.3
5.169,-0.0068,-0.0008,0.0067,0.0,28.5
5.17,-0.0068,0.0007,0.0067,0.0007,28.7
5.171,-0.0083,0.0015,0.0052,0.0007,28.9
5.172,-0.0091,0.0015,0.0015,0.0015,29.1
5.173,-0.0083,0.0,0.0015,0.0,29.3
5.174,-0.0091,-0.0015,0.0022,-0.0008,29.5
5.175,-0.0091,-0.003,-0.0008,-0.0008,29.7
5.176,-0.0091,-0.0015,-0.0023,-0.0008,29.9
5.177,-0.0098,0.0007,-0.0023,0.0007,30.1
5.178,-0.0091,-0.0008,0.0007,0.0,30.4
5.179,-0.0091,-0.003,0.0007,-0.0023,30.6
5.18,-0.0098,-0.0015,0.0015,-0.0015,30.8
5.181,-0.0091,-0.0015,0.003,-0.0015,31.0
5.182,-0.0068,-0.003,0.0007,-0.003,31.1
5.183,-0.0053,-0.003,-0.0008,-0.0038,31.3
5.184,-0.0068,-0.0015,-0.0015,-0.0023,31.5
5.185,-0.0068,-0.0008,-0.0015,-0.0023,31.6
5.186,-0.0053,-0.0015,-0.0015,-0.0038,31.8
5.187,-0.006,-0.0015,-0.0008,-0.003,32.0
5.188,-0.0068,-0.0008,-0.003,-0.0038,32.1
5.189,-0.0053,-0.0008,-0.0053,-0.006,32.3
5.19,-0.0053,0.0007,-0.0068,-0.0053,32.5
5.191,-0.006,0.0007,-0.0083,-0.0053,32.7
5.192,-0.006,0.0022,-0.0083,-0.0053,32.8
5.193,-0.0053,0.0022,-0.0053,-0.0046,33.0
5.194,-0.0046,0.0007,-0.0038,-0.0068,33.2
5.195,-0.0038,0.0022,-0.0046,-0.0068,33.3
5.196,-0.0046,0.003,-0.0015,-0.0068,33.5
5.197,-0.0023,0.003,-0.0023,-0.0091,33.7
5.198,-0.003,0.003,-0.0038,-0.0083,33.8
5.199,-0.0053,0.0037,-0.0023,-0.0068,34.0
5.2,-0.0046,0.0052,-0.0015,-0.0053,34.2
5.201,-0.0046,0.0045,-0.0015,-0.0053,34.3
5.202,-0.0046,0.0045,0.0,-0.0046,34.5
5.203,-0.0053,0.0045,0.003,-0.0038,34.6
5.204,-0.0083,0.0037,0.0037,-0.0053,34.7
5.205,-0.0075,0.0015,0.0037,-0.0046,34.9
5.206,-0.0068,0.0015,0.0045,-0.0015,35.1
5.207,-0.006,0.0015,0.0045,-0.0008,35.2
5.208,-0.0053,0.0,0.0015,0.0015,35.3
5.209,-0.003,0.0007,0.0007,0.0007,35.5
5.21,-0.0046,-0.0008,0.0,-0.0008,35.6
5.211,-0.0046,-0.0023,0.0,-0.0008,35.7
5.212,-0.003,-0.0015,0.003,0.0,35.9
5.213,-0.003,-0.0015,0.003,0.0015,36.0
5.214,-0.0015,0.0,0.0037,0.0007,36.1
5.215,-0.0008,0.0007,0.0045,0.0015,36.3
5.216,-0.0008,-0.0008,0.006,0.0015,36.4
5.217,0.0007,0.0007,0.0052,0.0022,36.6
5.218,0.0022,0.003,0.0045,0.0037,36.7
5.219,0.0015,0.0037,0.0052,0.0037,36.9
5.22,0.0045,0.0045,0.0037,0.0045,37.0
5.221,0.0067,0.006,0.0045,0.0045,37.1
5.222,0.0067,0.0052,0.0045,0.003,37.3
5.223,0.0067,0.0045,0.003,0.003,37.4
5.224,0.0075,0.0045,0.003,0.0037,37.6
5.225,0.0075,0.0045,0.0,0.0045,37.8
5.226,0.0082,0.0022,0.0,0.0045,37.9
5.227,0.0082,0.0015,0.0,0.0067,38.0
5.228,0.0052,0.0007,-0.0015,0.006,38.2
5.229,0.0052,0.0007,-0.0015,0.0067,38.3
5.23,0.0075,0.0015,-0.0008,0.0067,38.5
5.231,0.0067,0.0015,-0.0008,0.006,38.6
5.232,0.0052,0.0015,-0.0015,0.0082,38.8
5.233,0.0045,0.0015,-0.0015,0.0082,38.9
5.234,0.0067,0.0007,-0.0038,0.0052,39.1
5.235,0.009,-0.0008,-0.003,0.0037,39.2
5.236,0.009,-0.0046,-0.0023,0.0045,39.4
5.237,0.0052,-0.0046,-0.003,0.003,39.5
5.238,0.0052,-0.003,-0.0015,0.0022,39.6
5.239,0.0052,-0.0023,-0.0008,0.0052,39.8
5.24,0.0037,-0.0015,-0.0008,0.0052,40.0
5.241,0.0045,-0.0015,-0.0008,0.0045,40.1
5.242,0.0045,-0.0008,-0.0008,0.003,40.2
5.243,0.0045,-0.0015,-0.0008,0.003,40.4
5.244,0.0022,-0.003,0.0007,0.0015,40.5
5.245,0.0022,-0.0038,-0.0008,0.0007,40.7
5.246,0.0007,-0.0038,-0.0015,0.0007,40.8
5.247,-0.0015,-0.003,-0.0015,0.0,40.9
5.248,-0.003,-0.0015,-0.0023,0.0007,41.1
5.249,-0.0046,-0.0023,-0.0046,0.0007,41.2
5.25,-0.0053,-0.0015,-0.0068,0.0007,41.4
5.251,-0.006,-0.0023,-0.006,0.0022,41.5
5.252,-0.006,-0.0015,-0.0053,0.0015,41.6
5.253,-0.0068,0.0007,-0.0046,0.0015,41.8
5.254,-0.0068,0.0,-0.0053,0.003,41.9
5.255,-0.0083,-0.0015,-0.0068,0.0007,42.1
5.256,-0.0098,-0.0046,-0.003,0.0,42.2
5.257,-0.0113,-0.0053,-0.0023,0.0007,42.3
5.258,-0.012,-0.0046,-0.0038,-0.0008,42.5
5.259,-0.0113,-0.0046,-0.0015,-0.0015,42.6
5.26,-0.0128,-0.0023,-0.0008,-0.0015,42.7
5.261,-0.0128,-0.0038,-0.0008,-0.003,42.8
5.262,-0.012,-0.0046,0.0,-0.0038,43.0
5.263,-0.0105,-0.003,-0.0008,-0.0046,43.1
5.264,-0.0113,-0.003,0.0007,-0.0053,43.1
5.265,-0.0083,-0.0038,0.0007,-0.006,43.3
5.266,-0.0068,-0.0023,0.0007,-0.0068,43.4
5.267,-0.0068,-0.0008,0.0045,-0.0068,43.5
5.268,-0.0053,-0.0015,0.0045,-0.0046,43.6
5.269,-0.0053,-0.0008,0.003,-0.0046,43.7
5.27,-0.0046,-0.0015,0.0007,-0.003,43.8
5.271,-0.006,-0.0015,-0.0008,-0.003,43.9
5.272,-0.0046,-0.0038,-0.0008,-0.003,44.0
5.273,-0.0038,-0.003,0.0,-0.0015,44.1
5.274,-0.0023,-0.0046,-0.0008,-0.0023,44.2
5.275,-0.0008,-0.003,-0.0008,-0.0038,44.3
5.276,-0.0023,0.0007,-0.0008,-0.003,44.4
5.277,-0.0008,-0.0008,0.0,-0.0015,44.5
5.278,-0.0008,0.0007,-0.0008,-0.0008,44.6
5.279,-0.003,-0.0008,-0.0015,0.0,44.7
5.28,-0.003,0.0,-0.0015,-0.0008,44.8
5.281,-0.0015,0.0015,-0.0015,-0.0023,44.9
5.282,-0.0008,0.0015,0.0,-0.003,44.9
5.283,-0.0015,0.0007,-0.0015,-0.0038,45.0
5.284,-0.0015,0.0015,-0.0023,-0.0046,45.0
5.285,-0.0015,0.0015,0.0007,-0.0046,45.0
5.286,-0.0015,0.003,0.0015,-0.0053,45.1
5.287,-0.0008,0.003,0.0015,-0.0046,45.1
5.288,-0.0008,0.0,0.003,-0.003,45.2
5.289,-0.003,0.0007,0.003,-0.0046,45.2
5.29,-0.0023,0.0007,0.0007,-0.0068,45.3
5.291,-0.0015,0.0,0.0015,-0.0068,45.3
5.292,-0.0023,-0.0008,0.0022,-0.0083,45.4
5.293,-0.0008,-0.0008,0.0015,-0.0068,45.4
5.294,0.0007,-0.0015,0.0007,-0.0075,45.4
5.295,-0.0008,-0.0023,-0.0015,-0.0068,45.5
5.296,-0.0015,-0.0015,-0.003,-0.0046,45.5
5.297,-0.0046,-0.0015,-0.0023,-0.003,45.6
5.298,-0.0038,0.0007,-0.0008,-0.0008,45.6
5.299,-0.003,-0.0008,-0.0008,0.0,45.7
5.3,-0.0015,-0.0023,-0.0008,0.0015,45.7
5.301,-0.0008,-0.0023,0.0015,0.0015,45.7
5.302,-0.003,-0.0015,-0.0015,0.0,45.7
5.303,-0.0053,-0.0008,0.0,0.0,45.7
5.304,-0.0068,-0.0023,-0.0008,-0.0008,45.8
5.305,-0.0053,-0.0038,-0.0008,0.0,45.8
5.306,-0.0046,-0.0038,0.0,-0.0015,45.8
5.307,-0.0046,-0.0046,-0.0008,-0.0008,45.8
5.308,-0.0023,-0.0046,0.0015,0.0,45.8
5.309,-0.0015,-0.0068,-0.0008,-0.0008,45.8
5.31,-0.003,-0.006,-0.0008,0.0,45.8
5.311,-0.0038,-0.0046,-0.0008,0.0022,45.8
5.312,-0.0046,-0.0046,-0.0008,0.0045,45.8
5.313,-0.0053,-0.0038,0.0007,0.0052,45.8
5.314,-0.0038,-0.0038,0.0015,0.0052,45.8
5.315,-0.0038,-0.003,0.003,0.0052,45.8
5.316,-0.003,-0.003,0.0022,0.0045,45.8
5.317,-0.0015,-0.0046,0.0022,0.003,45.9
5.318,-0.0008,-0.003,0.003,0.0045,45.9
5.319,0.0007,-0.0015,0.0015,0.0052,45.9
5.32,0.0007,-0.0008,0.0015,0.0045,45.9
5.321,0.0,-0.0008,0.003,0.003,44.4
5.322,-0.0008,0.0007,0.0015,0.0045,42.8
5.323,0.0007,0.0037,0.0007,0.0052,41.3
5.324,0.0007,0.0015,0.0015,0.006,39.7
5.325,-0.0023,0.003,0.0015,0.0067,38.2
5.326,-0.003,0.0045,0.0015,0.0067,36.6
5.327,-0.0038,0.0045,0.0015,0.0052,35.1
5.328,-0.0015,0.0052,0.003,0.0037,33.5
5.329,-0.0008,0.0037,0.003,0.0015,31.9
5.33,-0.0008,0.0045,0.0015,0.0,30.4
5.331,-0.0015,0.003,0.0045,-0.0008,28.9
5.332,-0.0023,0.0022,0.0052,-0.0008,27.3
5.333,-0.0008,0.003,0.0052,0.0007,25.8
5.334,-0.0023,0.0037,0.0052,0.0015,24.2
5.335,-0.0046,0.0037,0.003,-0.0008,22.7
5.336,-0.0038,0.003,0.0007,-0.003,21.1
5.337,-0.0046,0.0052,-0.0015,-0.003,19.6
5.338,-0.0053,0.0045,0.0007,-0.003,18.0
5.339,-0.0046,0.0015,-0.0008,-0.0046,16.5
5.34,-0.0053,0.0007,-0.0015,-0.006,14.9
5.341,-0.0053,-0.0008,0.0015,-0.006,14.9
5.342,0.0195,0.003,0.0015,-0.003,14.9
5.343,,,,,14.9
5.344,,,,,14.9
5.345,,,,,14.9
5.346,,,,,14.9
5.347,,,,,14.9
5.348,,,,,14.9
5.349,,,,,14.9
5.35,,,,,14.9
5.351,,,,,14.9
5.352,,,,,14.9
5.353,,,,,14.9
5.354,,,,,14.9
5.355,,,,,14.9
5.356,,,,,14.9
5.357,,,,,14.9
5.358,,,,,14.9
5.359,,,,,14.9
5.36,,,,,
